monotonic_s,phase,trajectory_time_s,lateness_s,q1,q2,q3,q4,q5,q6,q7,target1,target2,target3,target4,target5,target6,target7
512674.88542733,START HOLD,0,0,0.03011352712291071,0.025126573586632617,0.03586770428015562,0.03893659876401934,-0.06530102944996088,-0.1950666056305792,1.3389970244907303,0.03011352712291071,0.025510185397115137,0.03586770428015562,0.03893659876401934,-0.0656846412604434,-0.19545021744106172,1.338613412680246
512674.905550206,START HOLD,0,0,0.03011352712291071,0.025893797207599434,0.03625131609063814,0.03932021057450186,-0.0656846412604434,-0.19545021744106172,1.3389970244907303,0.03011352712291071,0.025510185397115137,0.03586770428015562,0.03893659876401934,-0.0656846412604434,-0.19545021744106172,1.338613412680246
512674.927909749,START HOLD,0,0,0.030497138933395007,0.025893797207599434,0.03625131609063814,0.03893659876401934,-0.06530102944996088,-0.19545021744106172,1.338613412680246,0.03011352712291071,0.025510185397115137,0.03586770428015562,0.03893659876401934,-0.0656846412604434,-0.19545021744106172,1.338613412680246
512674.949443501,START HOLD,0,0,0.030497138933395007,0.025893797207599434,0.03625131609063814,0.03932021057450186,-0.06530102944996088,-0.19545021744106172,1.3389970244907303,0.03011352712291071,0.025510185397115137,0.03586770428015562,0.03893659876401934,-0.0656846412604434,-0.19545021744106172,1.338613412680246
512674.970669892,START HOLD,0,0,0.030497138933395007,0.026277409018081954,0.03586770428015562,0.03893659876401934,-0.06530102944996088,-0.19545021744106172,1.338613412680246,0.03011352712291071,0.025510185397115137,0.03586770428015562,0.03893659876401934,-0.0656846412604434,-0.19545021744106172,1.338613412680246
512674.991154784,START HOLD,0,0,0.030497138933395007,0.026277409018081954,0.03586770428015562,0.03932021057450186,-0.06530102944996088,-0.19545021744106172,1.338613412680246,0.03011352712291071,0.025510185397115137,0.03586770428015562,0.03893659876401934,-0.0656846412604434,-0.19545021744106172,1.338613412680246
512675.012630024,START HOLD,0,0,0.030497138933395007,0.026277409018081954,0.03586770428015562,0.03932021057450186,-0.0656846412604434,-0.1950666056305792,1.338613412680246,0.03011352712291071,0.025510185397115137,0.03586770428015562,0.03893659876401934,-0.0656846412604434,-0.19545021744106172,1.338613412680246
512675.033111951,START HOLD,0,0,0.03011352712291071,0.025893797207599434,0.03625131609063814,0.03932021057450186,-0.06530102944996088,-0.19545021744106172,1.338613412680246,0.03011352712291071,0.025510185397115137,0.03586770428015562,0.03893659876401934,-0.0656846412604434,-0.19545021744106172,1.338613412680246
512675.054783439,START HOLD,0,0,0.03011352712291071,0.025893797207599434,0.03625131609063814,0.03932021057450186,-0.06530102944996088,-0.1950666056305792,1.338613412680246,0.03011352712291071,0.025510185397115137,0.03586770428015562,0.03893659876401934,-0.0656846412604434,-0.19545021744106172,1.338613412680246
512675.07819084,START HOLD,0,0,0.030497138933395007,0.025893797207599434,0.03625131609063814,0.03893659876401934,-0.0656846412604434,-0.1950666056305792,1.338613412680246,0.03011352712291071,0.025510185397115137,0.03586770428015562,0.03893659876401934,-0.0656846412604434,-0.19545021744106172,1.338613412680246
512675.099321426,START HOLD,0,0,0.030497138933395007,0.026277409018081954,0.03625131609063814,0.03932021057450186,-0.06530102944996088,-0.1950666056305792,1.3389970244907303,0.03011352712291071,0.025510185397115137,0.03586770428015562,0.03893659876401934,-0.0656846412604434,-0.19545021744106172,1.338613412680246
512675.120459818,START HOLD,0,0,0.030497138933395007,0.025126573586632617,0.03625131609063814,0.03932021057450186,-0.06530102944996088,-0.19545021744106172,1.3389970244907303,0.03011352712291071,0.025510185397115137,0.03586770428015562,0.03893659876401934,-0.0656846412604434,-0.19545021744106172,1.338613412680246
512675.140958296,START HOLD,0,0,0.03011352712291071,0.024742961776150096,0.03625131609063814,0.03932021057450186,-0.06530102944996088,-0.1950666056305792,1.3389970244907303,0.03011352712291071,0.025510185397115137,0.03586770428015562,0.03893659876401934,-0.0656846412604434,-0.19545021744106172,1.338613412680246
512675.1612,START HOLD,0,0,0.030497138933395007,0.024742961776150096,0.03625131609063814,0.03932021057450186,-0.0656846412604434,-0.1950666056305792,1.3389970244907303,0.03011352712291071,0.025510185397115137,0.03586770428015562,0.03893659876401934,-0.0656846412604434,-0.19545021744106172,1.338613412680246
512675.182403577,START HOLD,0,0,0.030497138933395007,0.025126573586632617,0.03586770428015562,0.03893659876401934,-0.06606825307092593,-0.1950666056305792,1.3389970244907303,0.03011352712291071,0.025510185397115137,0.03586770428015562,0.03893659876401934,-0.0656846412604434,-0.19545021744106172,1.338613412680246
512675.203571215,START HOLD,0,0,0.030497138933395007,0.025510185397115137,0.03625131609063814,0.03932021057450186,-0.06606825307092593,-0.19545021744106172,1.338613412680246,0.03011352712291071,0.025510185397115137,0.03586770428015562,0.03893659876401934,-0.0656846412604434,-0.19545021744106172,1.338613412680246
512675.22522575,START HOLD,0,0,0.03011352712291071,0.025893797207599434,0.03586770428015562,0.03932021057450186,-0.0656846412604434,-0.19545021744106172,1.3389970244907303,0.03011352712291071,0.025510185397115137,0.03586770428015562,0.03893659876401934,-0.0656846412604434,-0.19545021744106172,1.338613412680246
512675.245864138,START HOLD,0,0,0.030497138933395007,0.025893797207599434,0.03586770428015562,0.03932021057450186,-0.0656846412604434,-0.19545021744106172,1.3389970244907303,0.03011352712291071,0.025510185397115137,0.03586770428015562,0.03893659876401934,-0.0656846412604434,-0.19545021744106172,1.338613412680246
512675.267486932,START HOLD,0,0,0.030497138933395007,0.025893797207599434,0.03625131609063814,0.03893659876401934,-0.06530102944996088,-0.19545021744106172,1.3389970244907303,0.03011352712291071,0.025510185397115137,0.03586770428015562,0.03893659876401934,-0.0656846412604434,-0.19545021744106172,1.338613412680246
512675.288806522,START HOLD,0,0,0.03011352712291071,0.025893797207599434,0.03625131609063814,0.03932021057450186,-0.06530102944996088,-0.19545021744106172,1.338613412680246,0.03011352712291071,0.025510185397115137,0.03586770428015562,0.03893659876401934,-0.0656846412604434,-0.19545021744106172,1.338613412680246
512675.30949662,START HOLD,0,0,0.03011352712291071,0.025893797207599434,0.03625131609063814,0.03893659876401934,-0.0656846412604434,-0.19545021744106172,1.3389970244907303,0.03011352712291071,0.025510185397115137,0.03586770428015562,0.03893659876401934,-0.0656846412604434,-0.19545021744106172,1.338613412680246
512675.33057213,START HOLD,0,0,0.030497138933395007,0.025893797207599434,0.03586770428015562,0.03893659876401934,-0.0656846412604434,-0.1950666056305792,1.3389970244907303,0.03011352712291071,0.025510185397115137,0.03586770428015562,0.03893659876401934,-0.0656846412604434,-0.19545021744106172,1.338613412680246
512675.352143275,START HOLD,0,0,0.030497138933395007,0.025893797207599434,0.03625131609063814,0.03932021057450186,-0.06530102944996088,-0.19545021744106172,1.3389970244907303,0.03011352712291071,0.025510185397115137,0.03586770428015562,0.03893659876401934,-0.0656846412604434,-0.19545021744106172,1.338613412680246
512675.374527986,START HOLD,0,0,0.030497138933395007,0.025893797207599434,0.03625131609063814,0.03893659876401934,-0.06530102944996088,-0.19545021744106172,1.3389970244907303,0.03011352712291071,0.025510185397115137,0.03586770428015562,0.03893659876401934,-0.0656846412604434,-0.19545021744106172,1.338613412680246
512675.3954239,START HOLD,0,0,0.030497138933395007,0.025510185397115137,0.03625131609063814,0.03893659876401934,-0.06530102944996088,-0.19545021744106172,1.3389970244907303,0.03011352712291071,0.025510185397115137,0.03586770428015562,0.03893659876401934,-0.0656846412604434,-0.19545021744106172,1.338613412680246
512675.415722163,START HOLD,0,0,0.030497138933395007,0.025510185397115137,0.03586770428015562,0.03932021057450186,-0.06530102944996088,-0.19545021744106172,1.3389970244907303,0.03011352712291071,0.025510185397115137,0.03586770428015562,0.03893659876401934,-0.0656846412604434,-0.19545021744106172,1.338613412680246
512675.437868526,START HOLD,0,0,0.030497138933395007,0.025510185397115137,0.03586770428015562,0.03932021057450186,-0.0656846412604434,-0.1950666056305792,1.3389970244907303,0.03011352712291071,0.025510185397115137,0.03586770428015562,0.03893659876401934,-0.0656846412604434,-0.19545021744106172,1.338613412680246
512675.459447456,START HOLD,0,0,0.030497138933395007,0.025510185397115137,0.03625131609063814,0.03932021057450186,-0.06530102944996088,-0.1950666056305792,1.3389970244907303,0.03011352712291071,0.025510185397115137,0.03586770428015562,0.03893659876401934,-0.0656846412604434,-0.19545021744106172,1.338613412680246
512675.485055175,START HOLD,0,0,0.030497138933395007,0.025893797207599434,0.03625131609063814,0.03932021057450186,-0.0656846412604434,-0.1950666056305792,1.3389970244907303,0.03011352712291071,0.025510185397115137,0.03586770428015562,0.03893659876401934,-0.0656846412604434,-0.19545021744106172,1.338613412680246
512675.54749042,PLAYBACK,1.4629913493990898e-06,1.4629913493990898e-06,0.030497138933395007,0.025893797207599434,0.03586770428015562,0.03932021057450186,-0.0656846412604434,-0.19545021744106172,1.338613412680246,0.030113527122910707,0.02551018539711514,0.035867704280155635,0.038936598764019364,-0.06568464126044342,-0.19545021744106175,1.3386134126802463
512675.551113919,PLAYBACK,0.005075766006484628,7.576600182801485e-05,0.030497138933395007,0.025893797207599434,0.03625131609063814,0.03932021057450186,-0.0656846412604434,-0.19545021744106172,1.3389970244907303,0.030113125282359855,0.0255101915811424,0.03586770216947736,0.03893727683667445,-0.06568459737829563,-0.19545021878777544,1.3386131851252956
512675.560159671,PLAYBACK,0.010187660984229296,0.0001876609749160707,0.030497138933395007,0.025893797207599434,0.03586770428015562,0.03932021057450186,-0.06530102944996088,-0.1950666056305792,1.338613412680246,0.030110382798337873,0.02551023376280539,0.03586768777247716,0.03894190531615871,-0.06568429809044116,-0.19545022796665018,1.3386116309641816
512675.564166107,PLAYBACK,0.015060556004755199,6.0555990785360336e-05,0.030497138933395007,0.025893797207599434,0.03586770428015562,0.03932021057450186,-0.0656846412604434,-0.1950666056305792,1.338613412680246,0.030103684645688095,0.02551033672115451,0.03586765263202933,0.03895321190311664,-0.06568356767768618,-0.19545025035071947,1.3386078319336463
512675.573245754,PLAYBACK,0.023611443990375847,0.003611443971749395,0.030497138933395007,0.025893797207599434,0.03625131609063814,0.03932021057450186,-0.0656846412604434,-0.1950666056305792,1.338613412680246,0.030077673579335835,0.02551073614352098,0.03586751630744327,0.03899713214204252,-0.06568073467933033,-0.19545033706572984,1.3385930594412898
512675.582120987,PLAYBACK,0.03001960599794984,1.96059700101614e-05,0.030497138933395007,0.025893797207599434,0.03625131609063814,0.03893659876401934,-0.0656846412604434,-0.1950666056305792,1.338613412680246,0.030042927513949543,0.025511269111970863,0.03586733440471909,0.039055821025136446,-0.06567695536812453,-0.19545045259205052,1.3385732970766466
512675.591435215,PLAYBACK,0.04005677701206878,5.6777033023536205e-05,0.030497138933395007,0.025893797207599434,0.03586770428015562,0.03932021057450186,-0.06530102944996088,-0.1950666056305792,1.3389970244907303,0.029956834830049614,0.02551258779061126,0.03586688434338443,0.03920130101385636,-0.06566760742344446,-0.19545073784315872,1.3385242370935655
512675.596382654,PLAYBACK,0.05006315803620964,6.315804785117507e-05,0.030497138933395007,0.025893797207599434,0.03586770428015562,0.03932021057450186,-0.0656846412604434,-0.19545021744106172,1.338613412680246,0.02982806689235519,0.025514556395737437,0.03586621247324079,0.0394190170944667,-0.06565365791632347,-0.19545116252923206,1.338450674668878
512675.604455852,PLAYBACK,0.055689112981781363,0.0006891129887662828,0.03011352712291071,0.025893797207599434,0.03625131609063814,0.03932021057450186,-0.06530102944996088,-0.19545021744106172,1.338613412680246,0.02973579123162466,0.025515964834310484,0.035865731788891506,0.03957510841159009,-0.06564368120813038,-0.19545146566663257,1.338397847490068
512675.60849411,PLAYBACK,0.06006415898445994,6.415898678824306e-05,0.030497138933395007,0.025893797207599434,0.03586770428015562,0.03932021057450186,-0.0656846412604434,-0.1950666056305792,1.3389970244907303,0.029654004895063084,0.02551721174340845,0.0358653062357325,0.03971350334158142,-0.06563485087678793,-0.1954517335954875,1.3383509550550292
512675.617564679,PLAYBACK,0.06793430703692138,0.0029343070345930755,0.03011352712291071,0.025510185397115137,0.03586770428015562,0.03932021057450186,-0.06530102944996088,-0.19545021744106172,1.3389970244907303,0.029484936684177968,0.02551978538396719,0.03586442789473516,0.03999972325540589,-0.06561663098317197,-0.19545228537521853,1.3382538241010484
512675.626499908,PLAYBACK,0.07696236402262002,0.00196236401097849,0.030497138933395007,0.025893797207599434,0.03625131609063814,0.03932021057450186,-0.06530102944996088,-0.19545021744106172,1.3389970244907303,0.02925713936977274,0.025523245061082323,0.03586324717770136,0.040385630039343756,-0.06559215064044059,-0.1954530246435737,1.3381225605015374
512675.635510351,PLAYBACK,0.08577994600636885,0.0007799459854140878,0.03011352712291071,0.025510185397115137,0.03586770428015562,0.03932021057450186,-0.06530102944996088,-0.1950666056305792,1.3389970244907303,0.029001517563612404,0.025527116883336653,0.03586192581899546,0.04081901804987077,-0.06556476997770634,-0.195453848732772,1.3379747497654166
512675.640187259,PLAYBACK,0.09024012601003051,0.00024012598441913724,0.030497138933395007,0.025510185397115137,0.03586770428015562,0.03932021057450186,-0.06530102944996088,-0.1950666056305792,1.3389970244907303,0.02886049420704657,0.025529248278803204,0.035861198431163824,0.041058265797345145,-0.06554970433963915,-0.1954543009389888,1.3378929761431047
512675.649084905,PLAYBACK,0.09902566601522267,0.004025666043162346,0.030497138933395007,0.025510185397115137,0.03586770428015562,0.03932021057450186,-0.06530102944996088,-0.19545021744106172,1.338613412680246,0.028561330276685913,0.025533758903015995,0.0358596590869175,0.04156615918536321,-0.06551783795800845,-0.1954552545412418,1.3377189687405284
512675.657708212,PLAYBACK,0.10973868001019582,0.004738680028822273,0.03011352712291071,0.025893797207599434,0.03586770428015562,0.03893659876401934,-0.06530102944996088,-0.19545021744106172,1.3389970244907303,0.028161509869453726,0.02553976398456225,0.03585760974267944,0.04224570177902698,-0.06547544925339115,-0.19545651684929505,1.3374852757056714
512675.667377796,PLAYBACK,0.1150698370183818,6.983702769502997e-05,0.030497138933395007,0.025510185397115137,0.03586770428015562,0.03932021057450186,-0.0656846412604434,-0.19545021744106172,1.338613412680246,0.027949578785067982,0.02554293621748661,0.035856527163139175,0.042606261428942326,-0.06545307379957425,-0.195457180274615,1.3373608700145876
512675.675997266,PLAYBACK,0.12511097599053755,0.00011097599053755403,0.03011352712291071,0.025510185397115137,0.03586770428015562,0.03932021057450186,-0.0656846412604434,-0.19545021744106172,1.338613412680246,0.027529271322918023,0.02554920503395056,0.03585438781802347,0.043322071626682564,-0.06540889112182338,-0.19545848426335247,1.3371130441701018
512675.681145462,PLAYBACK,0.13501397799700499,1.3977987691760063e-05,0.03011352712291071,0.025510185397115137,0.03625131609063814,0.03932021057450186,-0.06530102944996088,-0.19545021744106172,1.338613412680246,0.027089726484356844,0.025555728894100127,0.03585216141598169,0.04407169271755556,-0.06536296017676325,-0.1954598312837783,1.336852312702815
512675.689641465,PLAYBACK,0.14015109202591702,0.0001510920119471848,0.03011352712291071,0.025893797207599434,0.03625131609063814,0.03932021057450186,-0.0656846412604434,-0.19545021744106172,1.338613412680246,0.026852361734443726,0.025559238609807345,0.035850963638000194,0.04447694398997438,-0.0653382708376185,-0.19546055175496999,1.3367108589516423
512675.69393849,PLAYBACK,0.14514363801572472,0.00014363799709826708,0.03011352712291071,0.025510185397115137,0.03586770428015562,0.03932021057450186,-0.06530102944996088,-0.19545021744106172,1.338613412680246,0.026615566029549568,0.025562730881953613,0.03584977179826403,0.04488152026921985,-0.0653137182291349,-0.19546126579324372,1.3365693026000944
512675.702669846,PLAYBACK,0.1529433790128678,0.002943378989584744,0.03011352712291071,0.025510185397115137,0.03586770428015562,0.03970382238498438,-0.06530102944996088,-0.1950666056305792,1.338613412680246,0.026233265822209476,0.025568350816488537,0.035847853791903826,0.045535296316580924,-0.06527423532004682,-0.19546240909225712,1.336339872229408
512675.714830797,PLAYBACK,0.16258809401188046,0.002588094037491828,0.03011352712291071,0.025510185397115137,0.03586770428015562,0.03932021057450186,-0.0656846412604434,-0.1950666056305792,1.3382298008697635,0.025738535771252093,0.025575592261305492,0.035845382294032876,0.046382364157564755,-0.065223409027457,-0.19546387238573323,1.3360414447135445
512675.716557362,PLAYBACK,0.17017742001917213,0.00017742003547027707,0.03011352712291071,0.025510185397115137,0.03586770428015562,0.03932021057450186,-0.0656846412604434,-0.19545021744106172,1.3382298008697635,0.025330787956532895,0.02558153628546186,0.03584335350898675,0.0470812963593067,-0.06518172677684898,-0.1954650658335012,1.3357943052083983
512675.725055108,PLAYBACK,0.17753702402114868,0.002537024032790214,0.03011352712291071,0.025510185397115137,0.03625131609063814,0.03970382238498438,-0.0656846412604434,-0.19545021744106172,1.3382298008697635,0.02491858214135699,0.025587525010390175,0.03584130936535406,0.04778853328525996,-0.06513976260234125,-0.19546626183472438,1.3355434778266233
512675.731388246,PLAYBACK,0.18012491799890995,0.00012491800589486957,0.03011352712291071,0.025510185397115137,0.03586770428015562,0.03970382238498438,-0.0656846412604434,-0.19545021744106172,1.3382298008697635,0.024769486073621946,0.025589686442488893,0.035840571572072544,0.04804449669693085,-0.06512462434310316,-0.19546669200078418,1.3354525244059898
512675.737854519,PLAYBACK,0.19005912099964917,5.9120997320860624e-05,0.03011352712291071,0.025510185397115137,0.03586770428015562,0.040087434195468674,-0.0656846412604434,-0.19545021744106172,1.3382298008697635,0.0241759706988248,0.025598267339131137,0.03583764237447856,0.049064183137773845,-0.06506456147924286,-0.1954683924072732,1.3350893350304907
512675.742444609,PLAYBACK,0.19506862899288535,6.862898590043187e-05,0.03011352712291071,0.025893797207599434,0.03625131609063814,0.040087434195468674,-0.0656846412604434,-0.19545021744106172,1.337846189059281,0.023863420959375426,0.025602771818075066,0.035836104609063085,0.04960162336186345,-0.06503305411410548,-0.1954692805005244,1.3348973855839088
512675.751623748,PLAYBACK,0.20540691999485716,0.00540691998321563,0.02972991531242819,0.025893797207599434,0.03586770428015562,0.040471046005951195,-0.0656846412604434,-0.19545021744106172,1.337846189059281,0.023189103376301864,0.02561245780825269,0.03583279768770587,0.050762187488353705,-0.06496535395653073,-0.19547117993924684,1.334481699618373
512675.760438484,PLAYBACK,0.21045849903021008,0.00045849900925531983,0.02972991531242819,0.025510185397115137,0.03625131609063814,0.040854657816433715,-0.0656846412604434,-0.1950666056305792,1.3374625772487985,0.02284492552186851,0.025617384835910077,0.03583111539332684,0.05135509620826618,-0.06493094266360425,-0.19547214081096054,1.3342687194225331
512675.764630708,PLAYBACK,0.21520695398794487,0.00020695396233350039,0.02934630350194567,0.025893797207599434,0.03625131609063814,0.040854657816433715,-0.0656846412604434,-0.1950666056305792,1.3374625772487985,0.02251245863238331,0.02562213348861303,0.03582949390732785,0.051928179477971674,-0.06489779390371749,-0.19547306348546828,1.3340624687252745
512675.772984357,PLAYBACK,0.22457963501801714,0.00457963504595682,0.02934630350194567,0.025510185397115137,0.03625131609063814,0.04200549324788305,-0.0656846412604434,-0.1950666056305792,1.3374625772487985,0.02183045633761092,0.0256318415981157,0.03582617864534668,0.05310483951149482,-0.06483007631289303,-0.1954749392975188,1.3336377890315216
512675.782219944,PLAYBACK,0.23229337198426947,0.0022933720028959215,0.02934630350194567,0.025893797207599434,0.03586770428015562,0.04200549324788305,-0.0656846412604434,-0.1950666056305792,1.3370789654383142,0.02124311949980701,0.02564016668402824,0.03582333532963407,0.054119325568924716,-0.06477206129310281,-0.1954765365669078,1.33327034846675
512675.786576024,PLAYBACK,0.24005737499101087,5.7375000324100256e-05,0.02896269169146315,0.025510185397115137,0.03625131609063814,0.04277271686884809,-0.0656846412604434,-0.19545021744106172,1.3370789654383142,0.020627707138049574,0.02564885478782417,0.035820367665836295,0.05518343907916736,-0.06471157123062068,-0.19547819232515418,1.3328836637931016
512675.795757026,PLAYBACK,0.2458853489952162,0.0008853489998728037,0.02896269169146315,0.025893797207599434,0.03586770428015562,0.04315632867933239,-0.0656846412604434,-0.19545021744106172,1.3366953536278317,0.020149401177609775,0.025655582976161172,0.03581806919636354,0.056011269271920794,-0.06466476503015135,-0.1954794667858771,1.332581960053436
512675.80532822,PLAYBACK,0.2550603399868123,6.033998215571046e-05,0.02896269169146315,0.025893797207599434,0.03586770428015562,0.04392355230029743,-0.0656846412604434,-0.19545021744106172,1.3366953536278317,0.019367186636635423,0.025666541348696417,0.035814325088938795,0.05736654190394422,-0.064588600927844,-0.19548152817698417,1.3320864092124398
512675.809151212,PLAYBACK,0.26006640103878453,6.640102947130799e-05,0.028579079880978853,0.025893797207599434,0.03586770428015562,0.04430716411077995,-0.0656846412604434,-0.19545021744106172,1.3366953536278317,0.018924947760000768,0.025672712766696144,0.03581221621946508,0.05813354892703381,-0.06454574553173238,-0.1954826813576326,1.3318050868861169
512675.817963354,PLAYBACK,0.2681793959927745,0.0031793959788046777,0.028579079880978853,0.025510185397115137,0.03625131609063814,0.04430716411077995,-0.06530102944996088,-0.19545021744106172,1.3363117418173491,0.01818447535348465,0.025683007900511555,0.03580869770070277,0.059419036037804074,-0.06447431432149998,-0.19548459284341563,1.3313322260303868
512675.827352577,PLAYBACK,0.2783855029847473,0.0033855029614642262,0.028195468070496332,0.025893797207599434,0.03586770428015562,0.04545799954222929,-0.06530102944996088,-0.19545021744106172,1.3359281300068666,0.01721027484151488,0.025696481238967738,0.03580409196435779,0.061112589806895136,-0.06438094410275988,-0.19548707145489852,1.3307066978778967
512675.83668959,PLAYBACK,0.2850620209937915,6.20210194028914e-05,0.027811856260013812,0.025893797207599434,0.03586770428015562,0.04584161135271181,-0.06530102944996088,-0.19545021744106172,1.3359281300068666,0.01654675658801797,0.02570561192366628,0.03580097003091948,0.062267531801086615,-0.06431774086637206,-0.19548873638638067,1.330278470378279
512675.845203958,PLAYBACK,0.29506587801733986,6.587803363800049e-05,0.027811856260013812,0.025510185397115137,0.03586770428015562,0.046608834973678626,-0.06530102944996088,-0.19545021744106172,1.3355445181963823,0.015513105308364493,0.025719762650340126,0.03579613048626807,0.0640691029696802,-0.06421990454393267,-0.1954912929969225,1.329607871981398
512675.849059734,PLAYBACK,0.30006012599915266,6.012601079419255e-05,0.02742824444953129,0.025510185397115137,0.03625131609063814,0.046992446784161146,-0.06530102944996088,-0.1950666056305792,1.3355445181963823,0.014979150023271944,0.025727037746971243,0.03579364182148076,0.06500086318111092,-0.06416966056813202,-0.195492596124753,1.3292598073172992
512675.85849741,PLAYBACK,0.30506644799606875,6.644800305366516e-05,0.02742824444953129,0.025510185397115137,0.03586770428015562,0.048526894026093004,-0.06530102944996088,-0.1950666056305792,1.3351609063858998,0.014431790924037652,0.02573447104731695,0.0357910986102248,0.06595679846244044,-0.06411836278648911,-0.1954939196604095,1.3289018462978326
512675.862509898,PLAYBACK,0.31507272901944816,7.272901711985469e-05,0.026661020828564475,0.025893797207599434,0.03586770428015562,0.04967772945754234,-0.06530102944996088,-0.1950666056305792,1.3351609063858998,0.013301012041346915,0.025749749642121584,0.035785869807148436,0.06793414353489585,-0.06401304755206906,-0.1954966148333965,1.3281586585112
512675.87134305,PLAYBACK,0.3214936860022135,0.0014936859952285886,0.025893797207599434,0.025510185397115137,0.03625131609063814,0.05044495307850738,-0.06530102944996088,-0.1950666056305792,1.3343936827649348,0.01254928741881965,0.025759849098933398,0.035782412361341095,0.06925049798510254,-0.06394352369167115,-0.19549837766104722,1.327661877239304
512675.880443306,PLAYBACK,0.33208891202230006,0.0020889120060019195,0.025510185397115137,0.025510185397115137,0.03586770428015562,0.05274662394140606,-0.06530102944996088,-0.1950666056305792,1.3343936827649348,0.011263640438519946,0.02577701618425196,0.03577653324397556,0.0715051952673506,-0.06382551541471244,-0.1955013396347805,1.326807262644203
512675.884943995,PLAYBACK,0.3350741409813054,7.414096035063267e-05,0.025126573586632617,0.025510185397115137,0.03586770428015562,0.05274662394140606,-0.06530102944996088,-0.1950666056305792,1.3340100709544505,0.010891150891635185,0.02578196518211768,0.03577483786366156,0.07215924104576463,-0.063791535223285,-0.19550218539742809,1.3265584862412356
512675.893972353,PLAYBACK,0.34379047801485285,0.003790477989241481,0.024359349965667576,0.025510185397115137,0.03586770428015562,0.054664682993820435,-0.06491741763947659,-0.19545021744106172,1.333626459143968,0.00977753203258975,0.025796694760580097,0.03576979048319028,0.07411673693380222,-0.06369050711424941,-0.19550468086591952,1.325811609659049
512675.902722645,PLAYBACK,0.3527482299832627,0.002748230006545782,0.02359212634470076,0.025510185397115137,0.03625131609063814,0.05619913023575229,-0.06491741763947659,-0.19545021744106172,1.3332428473334854,0.008592402342673632,0.02581226133755509,0.03576445378840854,0.07620340893276364,-0.06358391300005076,-0.19550728234079207,1.3250116579665074
512675.911819265,PLAYBACK,0.3600983360083774,9.833602234721184e-05,0.02320851453421824,0.025510185397115137,0.03625131609063814,0.05773357747768415,-0.06530102944996088,-0.19545021744106172,1.3324756237125204,0.007588927056121992,0.025825354306076846,0.03575996300912076,0.07797303276930795,-0.06349439837944111,-0.1955094415219208,1.3243302142895876
512675.917290371,PLAYBACK,0.3700596810085699,5.9681013226509094e-05,0.022441290913253198,0.025893797207599434,0.03625131609063814,0.05926802471961601,-0.06491741763947659,-0.19545021744106172,1.332092011902036,0.006183940912161576,0.02584355119990702,0.03575371820733091,0.08045501174543279,-0.06337020683939797,-0.19551239777089816,1.3233698030092678
512675.925209904,PLAYBACK,0.3754434100119397,0.0004434100119397044,0.0220576791027689,0.025510185397115137,0.03625131609063814,0.06003524834058105,-0.06491741763947659,-0.19545021744106172,1.3317084000915536,0.005402904886279335,0.02585359885423172,0.03575026825513046,0.08183691493265474,-0.06330174320863487,-0.19551400748565148,1.3228327299805966
512675.929752903,PLAYBACK,0.38005854800576344,5.854800110682845e-05,0.02167406729228638,0.025510185397115137,0.03586770428015562,0.06156969558251291,-0.06491741763947659,-0.19545021744106172,1.331324788281071,0.004721196143994212,0.025862328919380718,0.03574726961401816,0.08304433982929901,-0.06324232224675098,-0.19551539283700584,1.3223621039228401
512675.938774508,PLAYBACK,0.389963144029025,0.004963144019711763,0.020523231860837043,0.025510185397115137,0.03586770428015562,0.06348775463492728,-0.06491741763947659,-0.19545021744106172,1.3309411764705885,0.0032200771681991586,0.025881421458242574,0.035740707888477934,0.08570723801768136,-0.06311258286919466,-0.19551837880512876,1.321319692445655
512675.94758149,PLAYBACK,0.3976506789913401,0.0026506789727136493,0.019756008239872003,0.025510185397115137,0.03586770428015562,0.0642549782558941,-0.06491741763947659,-0.19545021744106172,1.3301739528496217,0.002019001863645285,0.025896567613617857,0.035735498588518044,0.08784199824349971,-0.06300987308178364,-0.19552070393863355,1.3204795949709525
512675.956325841,PLAYBACK,0.40505924803437665,5.924800643697381e-05,0.018605172808422665,0.025510185397115137,0.03586770428015562,0.06617303730830848,-0.06491741763947659,-0.19545021744106172,1.3297903410391392,0.0008316511613525056,0.0259114264621916,0.03573038454844671,0.08995597625613204,-0.0629092991058121,-0.19552294648900434,1.319643806549157
512675.961298368,PLAYBACK,0.41505635099019855,5.635101115331054e-05,0.017070725566490808,0.025510185397115137,0.03586770428015562,0.06847470817120538,-0.06491741763947659,-0.19545021744106172,1.3290231174181724,-0.0008171529742584218,0.02593187065576636,0.03572334200648348,0.09289751141834234,-0.06277123194603541,-0.19552596796746322,1.3184744455395552
512675.969855138,PLAYBACK,0.42025590501725674,0.0002559050335548818,0.016303501945525767,0.025510185397115137,0.03586770428015562,0.06962554360265472,-0.06491741763947659,-0.19545021744106172,1.3286395056076898,-0.0016959069612329377,0.025942676181113428,0.035719616684012925,0.09446809687018236,-0.062698408061081,-0.19552753416940225,1.3178470463009189
512675.974044947,PLAYBACK,0.4250729930354282,7.299304706975818e-05,0.01553627832455895,0.025510185397115137,0.03586770428015562,0.07192721446555339,-0.06453380582899407,-0.19545021744106172,1.3282558937972073,-0.0025229836073778125,0.02595278842855428,0.0357161283378543,0.09594813974605683,-0.06263035269567815,-0.19552898012865774,1.3172538829441056
512675.987190725,PLAYBACK,0.43332100799307227,0.0033210080000571907,0.014001831082627092,0.025510185397115137,0.03586770428015562,0.07307804989700095,-0.06453380582899407,-0.19545021744106172,1.3274886701762405,-0.003968101475078011,0.025970321726326035,0.03571007507763458,0.09853841462471538,-0.06251257940974085,-0.19553144085034407,1.316211256041959
512675.991652498,PLAYBACK,0.44506074802484363,6.0748017858713865e-05,0.012467383840695234,0.025893797207599434,0.03586770428015562,0.07653055619134719,-0.06453380582899407,-0.19545021744106172,1.326337834744793,-0.006088062576953488,0.025995728109582835,0.035701291722803216,0.10234816706858427,-0.06234244751132462,-0.19553489841840171,1.3146673398739646
512676.000611823,PLAYBACK,0.4514840290066786,0.0014840289950370789,0.010165712977798336,0.025510185397115137,0.03586770428015562,0.07806500343327905,-0.06415019401851155,-0.19545021744106172,1.3255706111238261,-0.007279303447762672,0.026009838355073908,0.03569640697557115,0.10449412475248067,-0.06224823875258238,-0.1955367612178653,1.3137922124658319
512676.014793135,PLAYBACK,0.46840520802652463,0.008405208005569875,0.008247653925383958,0.025510185397115137,0.03586770428015562,0.08113389791714276,-0.06415019401851155,-0.19545021744106172,1.3240361638818943,-0.010523197318005594,0.026047646618919177,0.03568329221030766,0.11035703774751941,-0.06199684798204516,-0.19554153837898708,1.3113811626572585
512676.017503034,PLAYBACK,0.47142910200636834,0.0014291020343080163,0.00709681849393462,0.025893797207599434,0.03586770428015562,0.08190112153810958,-0.06415019401851155,-0.19545021744106172,1.3240361638818943,-0.011118986884394952,0.026054491438188023,0.035680913471319506,0.11143693831165181,-0.06195150562764174,-0.19554236833167407,1.3109338440672391
512676.02106259,PLAYBACK,0.4750644830055535,6.448302883654833e-05,0.006329594872967803,0.025510185397115137,0.03586770428015562,0.08190112153810958,-0.06415019401851155,-0.19545021744106172,1.3232689402609292,-0.011841689552742453,0.026062752446713782,0.035678040612019464,0.11274817631199069,-0.06189685415133535,-0.19554335512886112,1.3103893491377299
512676.02934415,PLAYBACK,0.48006923199864104,6.92320172674954e-05,0.005562371252002762,0.025893797207599434,0.03586770428015562,0.08305195696955714,-0.06415019401851155,-0.19545021744106172,1.3225017166399624,-0.012848082845887902,0.026074179249319814,0.035674063130607864,0.11457651828458258,-0.061821392118583465,-0.19554469266869545,1.3096276477316335
512676.03293755,PLAYBACK,0.4851559189846739,0.0001559189986437559,0.004795147631037722,0.025893797207599434,0.03586770428015562,0.08535362783245581,-0.06415019401851155,-0.19545021744106172,1.32211810482948,-0.013884520729371802,0.026085852720434958,0.035669995155316436,0.11646237022111632,-0.06174446491752324,-0.19554602531222257,1.3088389578876731
512676.041967522,PLAYBACK,0.4922371170250699,0.002237117034383118,0.002877088578621567,0.025510185397115137,0.03586770428015562,0.08612085145342085,-0.06415019401851155,-0.19545021744106172,1.320583657587548,-0.015350027166694416,0.026102193441627376,0.03566429236687413,0.11913405019578217,-0.06163706886436571,-0.19554783139087323,1.3077163434340346
512676.051017641,PLAYBACK,0.5000648520071991,6.48520071990788e-05,0.0009590295262071891,0.025510185397115137,0.03586770428015562,0.08842252231631953,-0.06376658220802903,-0.19545021744106172,1.3194328221560987,-0.01700057650890822,0.0261203623619018,0.03565793920706785,0.12215032777904966,-0.06151806874417205,-0.1955497546560834,1.3064414669268944
512676.060156102,PLAYBACK,0.5100680380128324,6.803800351917744e-05,-0.0013426413366897094,0.025510185397115137,0.03586770428015562,0.09110780498970072,-0.06376658220802903,-0.19545021744106172,1.3182819867246511,-0.019156143493792317,0.026143708881831408,0.03564975460117111,0.12610124046011295,-0.061365829260388596,-0.19555208724430417,1.3047595184547347
512676.065215796,PLAYBACK,0.5150626969989389,6.26969849690795e-05,-0.002877088578621567,0.025893797207599434,0.03586770428015562,0.0926422522316308,-0.06376658220802903,-0.19545021744106172,1.3175147631036843,-0.020251717359023206,0.02615540642308958,0.03564564408243697,0.12811447597880174,-0.061289850913051544,-0.19555319405411972,1.3038971878916341
512676.068988622,PLAYBACK,0.520059089991264,5.9089972637593746e-05,-0.0036443121995883843,0.025510185397115137,0.03586770428015562,0.09494392309452948,-0.06376658220802903,-0.19545021744106172,1.3171311512932018,-0.021360418613310797,0.026167126831729285,0.03564151848892712,0.13015542809584776,-0.06121393468204519,-0.19555425949582653,1.3030193361684785
512676.077875488,PLAYBACK,0.5283049510326236,0.0033049510093405843,-0.005562371252002762,0.025510185397115137,0.03586770428015562,0.09647837033646134,-0.06376658220802903,-0.19545021744106172,1.3159803158617525,-0.023217833537910557,0.02618649388409002,0.035634684610928224,0.13358284888847444,-0.06108897314673222,-0.19555591997045974,1.3015368388888722
512676.087115794,PLAYBACK,0.537336495006457,0.002336495032068342,-0.00709681849393462,0.025510185397115137,0.03586770428015562,0.09839642938887572,-0.06376658220802903,-0.19545021744106172,1.3144458686198206,-0.025291317669577068,0.02620770981510973,0.03562717212287872,0.1374212906466657,-0.06095281667264278,-0.19555758699630651,1.2998641460659233
512676.096051885,PLAYBACK,0.5466174900066108,0.0016174900229088962,-0.009014877546348998,0.025510185397115137,0.03586770428015562,0.10146532387273943,-0.06376658220802903,-0.19545021744106172,1.313295033188373,-0.027464039900873698,0.02622947355259273,0.035619433632061576,0.14145764489733928,-0.060814003979382095,-0.1955591191264686,1.2980909754324867
512676.105091595,PLAYBACK,0.5550514230271801,5.142303416505456e-05,-0.010549324788280856,0.025510185397115137,0.03586770428015562,0.10223254749370447,-0.06376658220802903,-0.19545021744106172,1.3117605859464412,-0.02947476712698727,0.0262491783572513,0.03561239560491534,0.1452062546461601,-0.060689135746878314,-0.1955603380000653,1.296431064018781
512676.109650895,PLAYBACK,0.5600563720217906,5.63720241189003e-05,-0.011316548409247673,0.025893797207599434,0.03586770428015562,0.10338338292515381,-0.06376658220802903,-0.19545021744106172,1.3109933623254744,-0.030684096198869793,0.026260823558701595,0.0356082205183666,0.14746702611717638,-0.0606157299874242,-0.19556097762170868,1.2954238269897704
512676.113503185,PLAYBACK,0.5650572539889254,5.725398659706116e-05,-0.012083772030212714,0.025510185397115137,0.03586770428015562,0.10568505378805249,-0.06338297039754473,-0.19545021744106172,1.3102261387045093,-0.03190426799723154,0.026272413723934296,0.03560405246452201,0.149752861370872,-0.060542975807374354,-0.1955615510060304,1.2944006996943052
512676.122640262,PLAYBACK,0.5728852199972607,0.0028852199902758002,-0.013618219272144572,0.025893797207599434,0.03586770428015562,0.10721950102998434,-0.06338297039754473,-0.19545021744106172,1.30907530327306,-0.033837641760361595,0.02629044516052335,0.03559754043449995,0.1533847797216019,-0.06043042981036664,-0.19556230984966558,1.2927652702009476
512676.131387759,PLAYBACK,0.5817103059962392,0.0017103059799410403,-0.01515266651407643,0.025893797207599434,0.03586770428015562,0.11067200732433058,-0.06299935858706221,-0.19545021744106172,1.3079244678416106,-0.03605097150876215,0.026310575826536946,0.035590225869520105,0.1575578878864016,-0.06030577650641908,-0.19556295021430609,1.290871234702487
512676.14049568,PLAYBACK,0.5907294870121405,0.0007294869865290821,-0.017070725566490808,0.025510185397115137,0.03586770428015562,0.11412451361867681,-0.06261574677657969,-0.19545021744106172,1.3067736324101613,-0.03834906879892747,0.026330885632190364,0.03558279168083279,0.1619084075968982,-0.0601811827748845,-0.19556335316383197,1.2888796393269153
512676.144738742,PLAYBACK,0.5959431080264039,0.000943108054343611,-0.017837949187457625,0.025510185397115137,0.03586770428015562,0.11565896086060867,-0.06299935858706221,-0.19545021744106172,1.3063900205996788,-0.0396937986077033,0.026342484328515676,0.03557851815862114,0.16446255744875818,-0.06011060384904524,-0.19556346354949908,1.2877022696508416
512676.153587885,PLAYBACK,0.6000662590377033,6.625906098634005e-05,-0.018605172808422665,0.025510185397115137,0.03586770428015562,0.11719340810254053,-0.06299935858706221,-0.19545021744106172,1.3056227969787138,-0.04076557250559209,0.026351575180669915,0.035575152866944425,0.16650278400860635,-0.060055599742651775,-0.19556348456189332,1.2867574773065986
512676.162390158,PLAYBACK,0.6102116479887627,0.00021164800273254514,-0.020523231860837043,0.025510185397115137,0.03586770428015562,0.12064591439688677,-0.06261574677657969,-0.19545021744106172,1.304855573357747,-0.04343338732071051,0.026373601828116638,0.035566934298460494,0.1715988870183057,-0.05992357075525359,-0.19556327626658151,1.2843807834579382
512676.166856049,PLAYBACK,0.6200612480170093,6.124802166596055e-05,-0.02359212634470076,0.025510185397115137,0.03586770428015562,0.124098420691233,-0.06261574677657969,-0.19545021744106172,1.30255390249485,-0.04606401074533567,0.026394461901381318,0.035559052936463886,0.17664901368827626,-0.05980033817754304,-0.19556270241761498,1.2820018965852962
512676.176111784,PLAYBACK,0.6263822710025124,0.0013822710025124252,-0.024742961776150096,0.025510185397115137,0.03586770428015562,0.12831815060654606,-0.06261574677657969,-0.19545021744106172,1.3021702906843675,-0.04777266782052796,0.026407542951509648,0.03555405302524989,0.17994276258337732,-0.05972407163392623,-0.19556213128610284,1.280437701728186
512676.184498647,PLAYBACK,0.6350888389861211,8.883897680789232e-05,-0.026661020828564475,0.025510185397115137,0.03586770428015562,0.1298525978484779,-0.06223213496609717,-0.19545021744106172,1.3006358434424357,-0.05015155774924111,0.026425127513156194,0.03554724900316608,0.18454657338004726,-0.05962293586142133,-0.1955610731452291,1.278234659732909
512676.188680972,PLAYBACK,0.6400707340217195,7.07340077497065e-05,-0.028195468070496332,0.025893797207599434,0.03586770428015562,0.1344559395742735,-0.06223213496609717,-0.19545021744106172,1.2998686198214688,-0.05152565484528919,0.0264349459615318,0.03554340242354721,0.18721552904471583,-0.05956723447548457,-0.19556032137219528,1.2769486075760625
512676.197866252,PLAYBACK,0.6478773889830336,0.002877388964407146,-0.03011352712291071,0.025893797207599434,0.03586770428015562,0.13637399862668786,-0.06223213496609717,-0.19545021744106172,1.298334172579537,-0.05369721656452795,0.026449947259101835,0.035537448434802985,0.19144808805858965,-0.05948332688099938,-0.19555892181028006,1.2748958073475678
512676.206760742,PLAYBACK,0.6585842400090769,0.003584239981137216,-0.032031586175326865,0.025893797207599434,0.03586770428015562,0.142128175783931,-0.06223213496609717,-0.19545021744106172,1.2971833371480876,-0.056710739776945025,0.026469697768684172,0.03552943954712906,0.19735184399677624,-0.05937538904563274,-0.19555654724704616,1.2720053643743072
512676.215784601,PLAYBACK,0.6661585480323993,0.0011585480533540249,-0.03394964522774124,0.025893797207599434,0.03586770428015562,0.145580682078279,-0.06184852315561287,-0.19545021744106172,1.2956488899061558,-0.05886628448700641,0.02648304736920219,0.03552389125760019,0.20159653337387087,-0.05930435428732801,-0.1955545383190856,1.2699078454657369
512676.224819001,PLAYBACK,0.6750646900036372,6.469001527875662e-05,-0.03586770428015562,0.025893797207599434,0.03586770428015562,0.1478823529411759,-0.06184852315561287,-0.19545021744106172,1.2941144426642257,-0.06142518242259207,0.02649803409634366,0.03551749896656539,0.2066594057140752,-0.05922682931055304,-0.19555181554329168,1.2673850958424695
512676.229100086,PLAYBACK,0.6800561730051413,5.6173012126237154e-05,-0.03663492790112066,0.025893797207599434,0.03586770428015562,0.14941680018310777,-0.06184852315561287,-0.19545021744106172,1.2929636072327764,-0.06287061379058065,0.02650607950558714,0.0355139807104717,0.20953082014914662,-0.05918634514041773,-0.19555011494338484,1.265944306426646
512676.238260729,PLAYBACK,0.6850568039808422,5.680398317053914e-05,-0.03740215152208748,0.025893797207599434,0.03586770428015562,0.15363653009842082,-0.06184852315561287,-0.19545021744106172,1.2921963836118096,-0.0643267048262609,0.026513873200659125,0.03551050348102023,0.21243192427793656,-0.059148003014111855,-0.19554828294939341,1.264481341893365
512676.247476528,PLAYBACK,0.6950329380342737,3.2938027288764715e-05,-0.03970382238498438,0.025893797207599434,0.03586770428015562,0.15747264820324958,-0.06146491134513035,-0.19545021744106172,1.2898947127489127,-0.06725514458219159,0.02652858849110502,0.035503711354684844,0.21829258031161164,-0.05907838867924395,-0.1955442373126426,1.2615039192370645
512676.256758254,PLAYBACK,0.7050666020368226,6.66020205244422e-05,-0.04200549324788305,0.025893797207599434,0.03586770428015562,0.16169237811856263,-0.06146491134513035,-0.19545021744106172,1.2872094300755315,-0.07023150744973307,0.026542209125634767,0.0354970781979531,0.22428507038699852,-0.059018025094950244,-0.195539632195356,1.2584296474509822
512676.261077212,PLAYBACK,0.7150607299990952,6.072997348383069e-05,-0.04392355230029743,0.025893797207599434,0.0354840924696731,0.1659121080338739,-0.06146491134513035,-0.19545021744106172,1.285291371023117,-0.07322615671976346,0.026554529046269048,0.03549067092507213,0.23035116259014204,-0.05896799589926932,-0.19553450006390954,1.2552876906594113
512676.269840069,PLAYBACK,0.7200753079960123,7.530802395194769e-05,-0.04507438773174677,0.025893797207599434,0.0354840924696731,0.16783016708629006,-0.06108129953464783,-0.19545021744106172,1.2841405355916677,-0.07473954016102688,0.026560219499952298,0.0354875314015018,0.23343081546252212,-0.058946832331219265,-0.19553171784066983,1.2536813583375501
512676.274039807,PLAYBACK,0.7250618109828793,6.181100616231561e-05,-0.04584161135271181,0.025893797207599434,0.03586770428015562,0.17243350881208386,-0.06108129953464783,-0.19545021744106172,1.2829897001602202,-0.0762511479656564,0.026565540832257487,0.03548445947720992,0.23651629583477193,-0.0589284687818104,-0.19552881366651595,1.2520645997732136
512676.283143049,PLAYBACK,0.7333441330119967,0.0033441330306231976,-0.04775967040512619,0.025510185397115137,0.0354840924696731,0.17396795605401572,-0.06108129953464783,-0.19545021744106172,1.281071641107804,-0.07877485715664845,0.02657361181025407,0.03547946811554983,0.24168866913355208,-0.05890400997788836,-0.19552368931506017,1.2493381726623174
512676.291907609,PLAYBACK,0.7425936770159751,0.0025936770252883434,-0.049294117647058044,0.025893797207599434,0.03586770428015562,0.18087296864270996,-0.06108129953464783,-0.19545021744106172,1.2783863584344246,-0.08160713347370246,0.026581449419210406,0.035474060565453186,0.2475246131358879,-0.0588858109411359,-0.19551753506462813,1.2462385354044188
512676.30094238,PLAYBACK,0.7510609040036798,0.0010609040036797523,-0.0512121766994742,0.025510185397115137,0.03586770428015562,0.18317463950560686,-0.06069768772416531,-0.19545021744106172,1.276084687571526,-0.08420419591648381,0.026587495815339472,0.03546926935422181,0.25290462392192725,-0.05887770910756376,-0.1955115266508379,1.2433600943540328
512676.309714735,PLAYBACK,0.760092799027916,9.279901860281825e-05,-0.05313023575188858,0.025893797207599434,0.03586770428015562,0.18816159304188496,-0.06069768772416531,-0.19545021744106172,1.2733994048981465,-0.0869679556875776,0.026592730158461853,0.035464329700873154,0.25865975572313776,-0.05887805592159454,-0.19550476167537853,1.240259966462255
512676.314129497,PLAYBACK,0.7657239240361378,0.0007239240221679211,-0.05428107118333614,0.025893797207599434,0.03586770428015562,0.19353215838864735,-0.06069768772416531,-0.19545021744106172,1.2722485694666972,-0.08868309656994935,0.02659535759320848,0.03546133818685847,0.2622464996892712,-0.05888287918269386,-0.19550037800688308,1.2383175474538621
512676.318125674,PLAYBACK,0.7700586229912005,5.8622972574085e-05,-0.055048294804302955,0.025893797207599434,0.03586770428015562,0.19621744106202677,-0.06069768772416531,-0.19545021744106172,1.2710977340352478,-0.0899977459873415,0.026597051051841014,0.03545907950415911,0.2650034869228146,-0.058888940259370484,-0.19549692511847547,1.2368193816694422
512676.327405366,PLAYBACK,0.7777290050289594,0.0027290050056762993,-0.05773357747768415,0.025893797207599434,0.03586770428015562,0.19890272373540974,-0.06069768772416531,-0.19545021744106172,1.2684124513618666,-0.09231049454392005,0.026599360009623915,0.035455169575333054,0.26986966701636983,-0.05890451819297327,-0.19549066254172776,1.23416485039295
512676.335899595,PLAYBACK,0.7861685190000571,0.0011685190256685019,-0.06003524834058105,0.025510185397115137,0.03586770428015562,0.20388967727168783,-0.060314075913681015,-0.19545021744106172,1.2661107804989697,-0.09483428417822168,0.026600915878685127,0.03545097942489969,0.2752026696579057,-0.05892853549825109,-0.19548356826647872,1.2312417927880093
512676.348148075,PLAYBACK,0.7955185269820504,0.0005185269983485341,-0.062336919203479724,0.025510185397115137,0.03586770428015562,0.21232913710231216,-0.060314075913681015,-0.19545021744106172,1.2634254978255886,-0.09760568056776706,0.02660148881221638,0.035446444047523534,0.2810852613716248,-0.05896309913383133,-0.19547548780294544,1.2280024587338525
512676.354178189,PLAYBACK,0.8050583099829964,5.830998998135328e-05,-0.06502220187685914,0.025893797207599434,0.0354840924696731,0.21769970244907277,-0.060314075913681015,-0.19545021744106172,1.2607402151522091,-0.10040905046848383,0.026600894271796405,0.03544189339268913,0.28706244774285894,-0.05900643457414695,-0.19546703412174948,1.224697078483122
512676.358059945,PLAYBACK,0.810207998030819,0.00020799803314730525,-0.06617303730830848,0.025893797207599434,0.03586770428015562,0.22038498512245397,-0.060314075913681015,-0.1950666056305792,1.2599729915312423,-0.10191325336669546,0.02660010453496534,0.03543945384207648,0.29028013940699104,-0.05903300762088388,-0.19546239368687554,1.2229127326782587
512676.366971267,PLAYBACK,0.8151563680148683,0.0001563680125400424,-0.06694026092927352,0.025510185397115137,0.03586770428015562,0.22268665598535264,-0.060314075913681015,-0.19545021744106172,1.2584385442893105,-0.10335327858967286,0.026599050661682277,0.03543711225340422,0.2933670911867198,-0.059060527383322126,-0.1954578896037608,1.2211981079922922
512676.371095069,PLAYBACK,0.8250598110025749,5.981099093332887e-05,-0.07039276722362153,0.025510185397115137,0.03586770428015562,0.22767360952163074,-0.060314075913681015,-0.1950666056305792,1.2549860379949642,-0.10622140986689355,0.026596118876290622,0.035432406662025656,0.2995334215841926,-0.05912109277919222,-0.19544876038799858,1.2177664350119286
512676.380886337,PLAYBACK,0.8313832500134595,0.0013832499971613288,-0.0715436026550691,0.025510185397115137,0.03586770428015562,0.23304417486839135,-0.059930464103198494,-0.1950666056305792,1.2538352025635149,-0.10804453063450926,0.026593708143132413,0.03542936807356203,0.3034646097707715,-0.05916332248279696,-0.19544286432898295,1.2155752089420948
512676.390434346,PLAYBACK,0.840107892989181,0.00010789296356961131,-0.07384527351796777,0.025510185397115137,0.03586770428015562,0.23764751659418692,-0.059930464103198494,-0.19545021744106172,1.2511499198901355,-0.11055171121999112,0.026589748086442107,0.03542509965635343,0.3088841206624374,-0.05922571730223501,-0.19543466388597702,1.2125518144292373
512676.394305161,PLAYBACK,0.8455716359894723,0.0005716360174119473,-0.07499610894941533,0.025510185397115137,0.03586770428015562,0.24071641107805064,-0.060314075913681015,-0.19545021744106172,1.2499990844586861,-0.11211807831720459,0.026586922125397126,0.035422365239815116,0.3122770531160974,-0.0592670160431809,-0.19542949971899404,1.2106583813897491
512676.403930068,PLAYBACK,0.852991315012332,0.0029913150356151164,-0.077297779812314,0.025893797207599434,0.03586770428015562,0.24301808194094754,-0.060314075913681015,-0.1950666056305792,1.2476974135957875,-0.11424206943892252,0.02658269642158351,0.0354185539311027,0.31688556312042027,-0.0593255537763863,-0.1954224645659124,1.208087062064075
512676.411481752,PLAYBACK,0.8617041060351767,0.0017041060491465032,-0.0795994506752109,0.025893797207599434,0.03586770428015562,0.24800503547722563,-0.059930464103198494,-0.1950666056305792,1.245012130922408,-0.11673390846828224,0.026577223464447228,0.03541389978474344,0.32230196469362044,-0.05939746085053128,-0.19541419001862306,1.205067515417669
512676.42033878,PLAYBACK,0.8704132490092888,0.0004132490139454603,-0.0822847333485921,0.025510185397115137,0.03586770428015562,0.2529919890135055,-0.059546852292715974,-0.19545021744106172,1.2423268482490268,-0.11922505505302693,0.026571280139508605,0.03540900983867341,0.3277253964164387,-0.05947218295256746,-0.19540592902011547,1.2020491384323413
512676.424588073,PLAYBACK,0.8750589360133745,5.8936013374477625e-05,-0.08381918059052396,0.025893797207599434,0.03586770428015562,0.2552936598764024,-0.059930464103198494,-0.19545021744106172,1.2411760128175775,-0.12055510316586719,0.026567946835611887,0.035406287063759596,0.3306237669519949,-0.059512987157505935,-0.19540153545166575,1.2004390215122194
512676.429036681,PLAYBACK,0.8800645270384848,6.452703382819891e-05,-0.084586404211489,0.025893797207599434,0.03586770428015562,0.2602806134126805,-0.059930464103198494,-0.19545021744106172,1.24002517738613,-0.12198982909439732,0.02656424911614922,0.03540325271120041,0.33375189315994014,-0.0595575415158138,-0.19539681750136903,1.198704144109948
512676.437592609,PLAYBACK,0.8880305190104991,0.003030519001185894,-0.08688807507438767,0.025893797207599434,0.03586770428015562,0.2633495078965442,-0.059546852292715974,-0.19545021744106172,1.2369562829022662,-0.12427804298913513,0.026558182288598093,0.03539818365194256,0.33874337986730885,-0.05962939129438322,-0.19538935540333305,1.195943185519689
512676.446748042,PLAYBACK,0.896881474996917,0.0018814749782904983,-0.08957335774776887,0.025893797207599434,0.03586770428015562,0.2683364614328223,-0.059546852292715974,-0.19545021744106172,1.23350377660792,-0.12683025133335427,0.026551263769252865,0.035392159211076205,0.3443125165167219,-0.05970999885216115,-0.1953811519648897,1.192875464374638
512676.455514556,PLAYBACK,0.9060883070342243,0.0010883070062845945,-0.09225864042114829,0.025893797207599434,0.03586770428015562,0.2737070267795847,-0.059546852292715974,-0.19545021744106172,1.230051270313572,-0.12949957042073348,0.026543989266754907,0.03538538951575367,0.35013673467500767,-0.05979389458399718,-0.195372744406432,1.189684387911562
512676.459934338,PLAYBACK,0.9102402630378492,0.00024026306346058846,-0.09379308766308014,0.025893797207599434,0.03586770428015562,0.2763923094529641,-0.059546852292715974,-0.19545021744106172,1.2285168230716401,-0.1307091927730765,0.02654071944968957,0.03538214942622726,0.352775177990067,-0.059831499733268394,-0.19536900257484746,1.1882453345762731
512676.469041237,PLAYBACK,0.9150599860004149,5.9986021369695663e-05,-0.09494392309452948,0.025893797207599434,0.03586770428015562,0.27946120393682783,-0.059546852292715974,-0.1950666056305792,1.22698237582971,-0.13211857450395204,0.02653695693007953,0.0353782294014022,0.35584824657357594,-0.05987481187563609,-0.19536470244768736,1.1865748525466981
512676.472952971,PLAYBACK,0.9250582720269449,5.82720385864377e-05,-0.09762920576791068,0.025893797207599434,0.03586770428015562,0.28751705195696964,-0.05916324048223345,-0.19545021744106172,1.2239134813458463,-0.13506243671429816,0.02652935986839658,0.035369505319797455,0.3622618998644868,-0.05996288548297969,-0.19535594734953662,1.1831096157235732
512676.482230509,PLAYBACK,0.9325251930276863,0.002525193034671247,-0.10069810025177439,0.025893797207599434,0.03586770428015562,0.29020233463035083,-0.059546852292715974,-0.19545021744106172,1.2208445868619826,-0.13728106481583247,0.026523972784672986,0.03536241729418147,0.367089405173025,-0.06002644666069547,-0.19534957003095776,1.1805218412918668
512676.491204773,PLAYBACK,0.9410917509812862,0.0010917509789578617,-0.10299977111467129,0.025893797207599434,0.03586770428015562,0.29557289997711145,-0.059546852292715974,-0.19545021744106172,1.2181593041886014,-0.1398503667493966,0.02651822998020765,0.03535361649711229,0.37267180012643497,-0.06009620225511361,-0.19534244038360624,1.1775531784753084
512676.500168817,PLAYBACK,0.9503933460218832,0.0003933460102416575,-0.10530144197756819,0.025893797207599434,0.03586770428015562,0.30324513618677074,-0.059546852292715974,-0.1950666056305792,1.2147067978942552,-0.1426721324184267,0.026512696155698824,0.03534317082773488,0.37879111094352075,-0.06016708705349267,-0.19533494148512032,1.1743301642193795
512676.504234577,PLAYBACK,0.9550618369830772,6.183696677908301e-05,-0.10645227740901753,0.025893797207599434,0.03586770428015562,0.30324513618677074,-0.059546852292715974,-0.19545021744106172,1.2131723506523233,-0.14410188088050244,0.026510258118596818,0.035337550338377925,0.3818865980595842,-0.06020038801173052,-0.19533127743087575,1.1727127657355414
512676.513854886,PLAYBACK,0.9630590790184215,0.003059078997466713,-0.10913756008239872,0.025893797207599434,0.03586770428015562,0.30861570153353135,-0.059546852292715974,-0.19545021744106172,1.2101034561684596,-0.1465730847228169,0.02650671241743433,0.03532729212146901,0.3872283447991587,-0.06025331432967442,-0.195325160677784,1.1699428974425232
512676.522380936,PLAYBACK,0.9728159600053914,0.0028159600333310664,-0.11182284275577814,0.025893797207599434,0.03586770428015562,0.3159043259327081,-0.059546852292715974,-0.19545021744106172,1.2074181734950784,-0.1496261256884662,0.026503658578276273,0.035313626982085164,0.3938122920120307,-0.060309777799130763,-0.19531797801700446,1.1665667601098466
512676.531438831,PLAYBACK,0.9820966540137306,0.002096654032357037,-0.11450812542915934,0.025510185397115137,0.03586770428015562,0.32165850308995303,-0.059546852292715974,-0.1950666056305792,1.2043492790112147,-0.15256679697092854,0.02650230203246737,0.035299379928785825,0.40013747949964096,-0.06035386365787026,-0.19531143772909082,1.1633633878002967
512676.54075317,PLAYBACK,0.9900573960039765,5.739601328969002e-05,-0.11719340810254053,0.025893797207599434,0.0354840924696731,0.32472739757381497,-0.059546852292715974,-0.19545021744106172,1.2020476081483178,-0.1551131828330483,0.02650254108013512,0.035286146668842014,0.4056017516990952,-0.06038315763423108,-0.19530605698891992,1.1606278307096458
512676.549704419,PLAYBACK,1.0000422160374,4.221603740006685e-05,-0.12026230258640425,0.025893797207599434,0.03586770428015562,0.3304815747310599,-0.059546852292715974,-0.19545021744106172,1.1993623254749366,-0.15832984782772136,0.026504930379978916,0.0352681942559118,0.41248812769949406,-0.06040749743700927,-0.19529960323582377,1.1572220442174344
512676.554213143,PLAYBACK,1.0050598389934748,5.9838988818228245e-05,-0.1217967498283361,0.025893797207599434,0.03586770428015562,0.3362357518883048,-0.059546852292715974,-0.19545021744106172,1.198211490043489,-0.1599529871684071,0.026507096704543327,0.03525859576684842,0.4159565694131288,-0.06041412079424393,-0.19529647831631317,1.155524012599793
512676.562697804,PLAYBACK,1.0100923720165156,9.237200720235705e-05,-0.12294758525978366,0.025893797207599434,0.03586770428015562,0.3389210345616842,-0.059546852292715974,-0.19545021744106172,1.1966770428015572,-0.16158410050623728,0.02650996807559655,0.035248576330841525,0.41943803116273987,-0.06041679314792425,-0.19529341767097116,1.1538310602904704
512676.56685454,PLAYBACK,1.0200689260382205,6.89260195940733e-05,-0.12563286793316486,0.025893797207599434,0.0354840924696731,0.34505882352941164,-0.059546852292715974,-0.19545021744106172,1.1924573128862441,-0.1648243978927285,0.026517873750602612,0.03522753390000813,0.42634342961501315,-0.06040981539305748,-0.19528754313512425,1.1505061317070027
512676.576146896,PLAYBACK,1.0260173919959925,0.0010173919727094471,-0.12870176241702858,0.025893797207599434,0.0354840924696731,0.34774410620279284,-0.059546852292715974,-0.19545021744106172,1.1905392538338297,-0.16675957043032025,0.026524084133982502,0.03521422713745597,0.430461621457416,-0.06039757916366238,-0.1952841427633454,1.148543357544432
512676.585017891,PLAYBACK,1.0353739720303565,0.0003739720559678972,-0.13138704509040977,0.025893797207599434,0.03586770428015562,0.35349828336003597,-0.059546852292715974,-0.19545021744106172,1.187470359349966,-0.16980687812204548,0.02653629325539282,0.03519211940916208,0.4369396324096379,-0.060365616405096245,-0.19527890767403178,1.1454846210156167
512676.588925256,PLAYBACK,1.0400570720084943,5.707202944904566e-05,-0.13292149233234163,0.025893797207599434,0.0354840924696731,0.35618356603341716,-0.05916324048223345,-0.19545021744106172,1.1859359121080342,-0.17133323320662572,0.026543590313128553,0.035180503709643755,0.4401820236240491,-0.06034361413344427,-0.1952763232834654,1.1439661545171151
512676.598370547,PLAYBACK,1.0483852709876373,0.003385271003935486,-0.13522316319523853,0.025893797207599434,0.03586770428015562,0.3623213550011446,-0.059546852292715974,-0.1950666056305792,1.182483405813688,-0.1740487067279904,0.026558645190326333,0.03515892172413074,0.44594817584023455,-0.0602943141381002,-0.1952717547123121,1.141284924918675
512676.607410798,PLAYBACK,1.0550726010114886,7.260101847350597e-05,-0.13637399862668786,0.025893797207599434,0.03586770428015562,0.3680755321583895,-0.059546852292715974,-0.1950666056305792,1.180948958571756,-0.17622947172773668,0.02657276194458702,0.03514072062844439,0.45057827431823155,-0.06024510069803196,-0.19526808468926157,1.1391484088570336
512676.611655243,PLAYBACK,1.0650642039836384,6.420398131012917e-05,-0.14059372854199914,0.025893797207599434,0.03586770428015562,0.37421332112611516,-0.059546852292715974,-0.1950666056305792,1.175962005035478,-0.17948673116567251,0.026597439863648025,0.03511205210631319,0.4574961818515776,-0.06015522375667987,-0.19526254022017592,1.1359805510677188
512676.621030879,PLAYBACK,1.0705814399989322,0.0005814399919472635,-0.14174456397344848,0.025893797207599434,0.03586770428015562,0.37689860379949636,-0.059546852292715974,-0.1950666056305792,1.1744275577935461,-0.18128405797957728,0.026613010563532047,0.03509545265066562,0.461316176631527,-0.06009705748092599,-0.1952594201789426,1.1342423480731934
512676.629929918,PLAYBACK,1.0803203060058877,0.00032030598958954215,-0.14442984664682967,0.025510185397115137,0.03586770428015562,0.385721675440605,-0.059546852292715974,-0.1950666056305792,1.1713586633096824,-0.1844528304114637,0.026644079185994242,0.03506479327219751,0.46805914129142506,-0.059979323979319765,-0.1952537574558905,1.1311902785040633
512676.638611198,PLAYBACK,1.0874009929830208,0.002400992962066084,-0.14711512932021087,0.025893797207599434,0.03586770428015562,0.3887905699244687,-0.059546852292715974,-0.1950666056305792,1.1682897688258187,-0.18675247138253104,0.026669692532623628,0.03504139746835177,0.47296165780802013,-0.059881520768451754,-0.1952494780150058,1.1289819563460646
512676.642981335,PLAYBACK,1.0951126349973492,0.00011263502528890967,-0.14864957656214273,0.025893797207599434,0.03586770428015562,0.39454474708171183,-0.059546852292715974,-0.1950666056305792,1.1667553215838868,-0.18925170829477225,0.026700650559039935,0.03501484237462967,0.47830104452001465,-0.05976320492647187,-0.19524462280563085,1.1265846500553507
512676.652381649,PLAYBACK,1.1022457529907115,0.0022457530139945447,-0.15133485923552215,0.025893797207599434,0.03586770428015562,0.39723002975509303,-0.059546852292715974,-0.1950666056305792,1.1640700389105056,-0.19155742782641294,0.026732270422097512,0.03498926862373501,0.48323988079840924,-0.05964275220715944,-0.19523992025119874,1.1243723403582653
512676.660961032,PLAYBACK,1.11253616202157,0.0025361620355397463,-0.15363653009842082,0.025893797207599434,0.03586770428015562,0.4060531013961999,-0.059546852292715974,-0.1950666056305792,1.161001144426642,-0.19487136881080944,0.026783224613060198,0.034950637738734,0.4903647764533842,-0.05945026870626395,-0.1952327210618734,1.1211854145968663
512676.669940747,PLAYBACK,1.12006318802014,6.31880247965455e-05,-0.15670542458228454,0.025893797207599434,0.03586770428015562,0.4091219958800636,-0.059546852292715974,-0.19545021744106172,1.1583158617532625,-0.19728454370635712,0.026824709517498553,0.03492106145269541,0.49557636057599147,-0.05929546225094663,-0.19522710572207763,1.1188546727245512
512676.674037076,PLAYBACK,1.125065523025114,6.552302511408925e-05,-0.15862348363469891,0.025893797207599434,0.03586770428015562,0.4121908903639273,-0.059546852292715974,-0.19545021744106172,1.1567814145113307,-0.19888254485342965,0.026854347058733716,0.034900780374469274,0.49903989319885106,-0.05918604022681509,-0.1952231955817836,1.1173045610170902
512676.678143124,PLAYBACK,1.1300673160003498,6.731599569320679e-05,-0.16015793087663077,0.025893797207599434,0.03586770428015562,0.41832867933165474,-0.059546852292715974,-0.1950666056305792,1.1556305790798813,-0.2004753593115621,0.02688569431773353,0.034879996924787805,0.5025030506889728,-0.059071421240942446,-0.1952191354400997,1.1157529110394349
512676.687194566,PLAYBACK,1.1404292930383235,0.005429293029010296,-0.1632268253604945,0.025893797207599434,0.03586770428015562,0.42446646829938217,-0.059546852292715974,-0.1950666056305792,1.1514108491645683,-0.20375763704556132,0.026956324473073837,0.03483531454348563,0.5096775055778516,-0.05881747233190981,-0.1952102205185264,1.1125301174262894
512676.696301205,PLAYBACK,1.1465787360211834,0.0015787360025569797,-0.1659121080338739,0.025893797207599434,0.03586770428015562,0.4275353627832459,-0.059546852292715974,-0.1950666056305792,1.1502600137331207,-0.20569338620488442,0.027002037370722293,0.034807745174151916,0.5139352677062563,-0.05865630683918512,-0.19520459511923025,1.110610316517648
512676.705360232,PLAYBACK,1.1550685670226812,6.856699474155903e-05,-0.16821377889677258,0.025893797207599434,0.03586770428015562,0.4336731517509733,-0.05916324048223345,-0.1950666056305792,1.1475747310597395,-0.2083495782079612,0.02707004459704591,0.034768373158148576,0.5198134564760218,-0.058421123879677336,-0.19519640621715742,1.1079484815839569
512676.709124262,PLAYBACK,1.1604081399855204,0.00040814001113176346,-0.16898100251773762,0.025893797207599434,0.03586770428015562,0.439810940718699,-0.05916324048223345,-0.1950666056305792,1.1464238956282902,-0.21000985444152964,0.027115850180666524,0.03474282085557031,0.523510456196392,-0.05826574234546378,-0.19519100215159102,1.1062664311266848
512676.718056134,PLAYBACK,1.1664767080219463,0.0014767080429010093,-0.17013183794918696,0.025893797207599434,0.03586770428015562,0.4428798352025627,-0.05916324048223345,-0.19545021744106172,1.1433550011444265,-0.21188658088915124,0.02717087374458929,0.03471302827238433,0.5277121779669128,-0.058082218943806135,-0.19518462289197025,1.1043462919437157
512676.722287273,PLAYBACK,1.1750594479963183,5.9448007959872484e-05,-0.17281712062256815,0.025893797207599434,0.03586770428015562,0.4486340123598076,-0.05916324048223345,-0.1950666056305792,1.1418205539024946,-0.21452129603347456,0.027254307161489154,0.034669505374158534,0.5336546054191893,-0.057810225679543775,-0.1951751771611568,1.101613613230127
512676.731545423,PLAYBACK,1.1803977289819159,0.0003977289889007807,-0.17396795605401572,0.025893797207599434,0.03586770428015562,0.4513192950331888,-0.05916324048223345,-0.1950666056305792,1.1383680476081484,-0.21614796489046229,0.027309659888233317,0.034641601215068936,0.5373506360082629,-0.057633796053434286,-0.19516906012665575,1.0999029647449083
512676.740352435,PLAYBACK,1.1908348200377077,0.00083482003537938,-0.17780407415884625,0.025893797207599434,0.03586770428015562,0.45745708400091445,-0.05916324048223345,-0.1950666056305792,1.1352991531242846,-0.21930032552477807,0.02742594581952118,0.034585156496531204,0.5445768048675058,-0.05727305409297649,-0.19515660042276212,1.0965319587868287
512676.744717432,PLAYBACK,1.1950589150073938,5.891500040888786e-05,-0.1793385214007781,0.025893797207599434,0.03586770428015562,0.46014236667429564,-0.05877962867174916,-0.1950666056305792,1.1337647058823528,-0.22056527241692675,0.027476171246729547,0.034561588436982454,0.5475013366288248,-0.05712120494734026,-0.1951513850830508,1.0951571566630116
512676.74873026,PLAYBACK,1.2000642549828626,6.425497122108936e-05,-0.18087296864270996,0.025893797207599434,0.03586770428015562,0.4662801556420231,-0.05916324048223345,-0.1950666056305792,1.132230258640421,-0.22205584322925911,0.027538143212945856,0.03453311093098728,0.5509667246149178,-0.05693697905470809,-0.19514509052498696,1.093519939953941
512676.758350498,PLAYBACK,1.208689958031755,0.0036899580154567957,-0.18355825131608938,0.025893797207599434,0.03586770428015562,0.472034332799268,-0.05877962867174916,-0.1950666056305792,1.1291613641565572,-0.22460293775727683,0.027651430668747833,0.03448260804237175,0.556938510261551,-0.05660875374014659,-0.19513399113224872,1.0906772634659312
512676.767513015,PLAYBACK,1.2176818160223775,0.0026818159967660904,-0.18624353398947058,0.025893797207599434,0.0354840924696731,0.4751032272831317,-0.05877962867174916,-0.1950666056305792,1.1260924696726935,-0.2272284413389382,0.027778688867588875,0.03442799065469787,0.5631634599467974,-0.05625243763124262,-0.19512215984439554,1.087684752749638
512676.776597661,PLAYBACK,1.2267618530313484,0.0017618530546315014,-0.18892881666285177,0.025893797207599434,0.0354840924696731,0.4823918516823067,-0.058396016861266636,-0.1950666056305792,1.1230235751888298,-0.22984816007953185,0.02791719976052538,0.03437073897075754,0.5694483164059372,-0.05587841952496401,-0.19511005382251567,1.0846327951525327
512676.785823149,PLAYBACK,1.2350611570291221,6.11570430919528e-05,-0.19276493476768053,0.025893797207599434,0.0354840924696731,0.4885296406500341,-0.058396016861266636,-0.1950666056305792,1.1203382925154504,-0.2322139076676684,0.02805302143017407,0.03431652442620706,0.5751896964802375,-0.05552458685307625,-0.1950989604631197,1.0818180219715863
512676.794878509,PLAYBACK,1.2452192709897645,0.00021927099442109466,-0.19621744106202677,0.025893797207599434,0.03586770428015562,0.497352712291141,-0.058012405050784116,-0.1950666056305792,1.1180366216525517,-0.23506970259709223,0.028231733780066385,0.03424769344997928,0.58220650421293,-0.05507693477436266,-0.19508551756062756,1.078344140969922
512676.798929511,PLAYBACK,1.2500663760001771,6.63760001771152e-05,-0.19775188830395862,0.025893797207599434,0.03586770428015562,0.497352712291141,-0.058012405050784116,-0.1950666056305792,1.1165021744106198,-0.23641577455750684,0.028321964460481224,0.0342138950679536,0.5855473021038827,-0.054858108666632,-0.19507921701504624,1.0766775492692082
512676.803052922,PLAYBACK,1.2550708040362224,7.080403156578541e-05,-0.19890272373540796,0.025893797207599434,0.0354840924696731,0.5038741130693527,-0.058012405050784116,-0.1950666056305792,1.114967727168688,-0.23779352831982814,0.028418531918409186,0.03417836017031023,0.5889892598236868,-0.0546289302300873,-0.19507282646765414,1.0749523087050712
512676.811815969,PLAYBACK,1.263048478984274,0.0030484789749607444,-0.20120439459830486,0.025893797207599434,0.0354840924696731,0.5103955138475627,-0.057628793240301596,-0.19545021744106172,1.1130496681162736,-0.23996351376630046,0.02857971169926823,0.03412038253708999,0.5944570405119375,-0.054257311815456885,-0.19506294880695174,1.0721953386014496
512676.820984948,PLAYBACK,1.2710970300249755,0.0010970300063490868,-0.20350606546120353,0.025893797207599434,0.0354840924696731,0.5130807965209421,-0.057628793240301596,-0.1950666056305792,1.1103643854428942,-0.24211927703051772,0.028751483544401196,0.03406023435855204,0.5999457960839124,-0.05387528067366313,-0.19505346598266532,1.0694089606341752
512676.829933162,PLAYBACK,1.2802416720078327,0.00024167197989299893,-0.2054241245136179,0.025893797207599434,0.0354840924696731,0.519602197299152,-0.0572451814298173,-0.1950666056305792,1.1072954909590305,-0.24452852150586715,0.028958117545071556,0.033989836568460066,0.6061468744714555,-0.05343334419248917,-0.19504341082142362,1.066240440362894
512676.834489597,PLAYBACK,1.2850769340293482,7.69340549595654e-05,-0.20695857175554977,0.025893797207599434,0.0354840924696731,0.5222874799725332,-0.0572451814298173,-0.1950666056305792,1.1057610437170986,-0.2457860209768762,0.029072461824968823,0.03395169691481814,0.6094113507831094,-0.05319648818573628,-0.19503844873238138,1.0645645752612822
512676.843436719,PLAYBACK,1.2949535259976983,0.004953526018653065,-0.20964385442893096,0.025893797207599434,0.035100480659188804,0.5314941634241244,-0.05686156961933478,-0.1950666056305792,1.1030757610437174,-0.2483222115378939,0.029317401456436853,0.033871716020939205,0.6160523783587012,-0.05270616806837171,-0.19502917387339885,1.0611409567934602
512676.85244574,PLAYBACK,1.3026807580026798,0.002680758014321327,-0.21232913710231038,0.025893797207599434,0.0354840924696731,0.5341794460975038,-0.05686156961933478,-0.1950666056305792,1.0996232547493712,-0.2502790439048029,0.02952013868219159,0.03380708295797269,0.6212271435011205,-0.052316657979950096,-0.195022805084966,1.0584621232734737
512676.861196223,PLAYBACK,1.3118487549945712,0.0018487549968995154,-0.21463080796520906,0.025893797207599434,0.035100480659188804,0.5403172350652312,-0.05647795780885226,-0.1950666056305792,1.0965543602655075,-0.2525737209499329,0.02977399554298671,0.033727877512083504,0.6273492314010705,-0.05184802542464658,-0.19501636468392214,1.0552835677306132
512676.874359755,PLAYBACK,1.320317646022886,0.0003176460159011185,-0.21769970244907277,0.026277409018081954,0.035100480659188804,0.5464550240329586,-0.05609434599836974,-0.1950666056305792,1.0934854657816437,-0.2546714149994651,0.03002202250930039,0.03365209470584086,0.6329938117136837,-0.05140901571528909,-0.19501158105343686,1.0523471594490363
512676.879897029,PLAYBACK,1.3301600610138848,0.00016006099758669734,-0.2207685969329365,0.026277409018081954,0.034716868848706284,0.5556617074845498,-0.05532712237740292,-0.1950666056305792,1.09041657129778,-0.25708829050157556,0.03032758824868514,0.03356058772426675,0.6395495408757889,-0.05089158369264053,-0.19500753600167875,1.048934214963807
512676.884162254,PLAYBACK,1.3350616309908219,6.163096986711025e-05,-0.22230304417486835,0.026277409018081954,0.034716868848706284,0.5587306019684135,-0.05532712237740292,-0.1950666056305792,1.0888821240558482,-0.2582854165290911,0.030487071275315632,0.03351353558391222,0.6428156230957897,-0.050631044276028,-0.19500616209383534,1.0472344270097294
512676.893339348,PLAYBACK,1.3400552390376106,5.5239011999219656e-05,-0.2238374914168002,0.026277409018081954,0.034716868848706284,0.5621831082627597,-0.0549435105669204,-0.1950666056305792,1.0873476768139163,-0.2595017550805591,0.030654778774186094,0.03346452018868224,0.6461457468914878,-0.05036367826492503,-0.19500521783718083,1.0455026347677332
512676.902217907,PLAYBACK,1.35006169101689,6.169104017317295e-05,-0.22690638590066214,0.026277409018081954,0.034716868848706284,0.5679372854200047,-0.05417628694595536,-0.1946829938200949,1.08389517051957,-0.26193289946174264,0.031007496222450096,0.03336279441866056,0.6528328029863533,-0.04982208995188808,-0.19500475573286474,1.0420321695245784
512676.906018067,PLAYBACK,1.3600581740029156,5.817401688545942e-05,-0.2311261158159752,0.026277409018081954,0.034716868848706284,0.5744586861982146,-0.05417628694595536,-0.1950666056305792,1.0792918287937745,-0.264359533454236,0.03138341481384318,0.03325609098764203,0.6595410516093967,-0.049273411512436485,-0.1950062627581068,1.0385654179299149
512676.915197575,PLAYBACK,1.3658068149816245,0.0008068149909377098,-0.23227695124742453,0.026277409018081954,0.034716868848706284,0.5775275806820783,-0.05379267513547106,-0.1950666056305792,1.0777573815518426,-0.2657566997039115,0.03161088161984735,0.0331922371669338,0.6634147371207683,-0.04895458255391349,-0.19500804129476446,1.0365727741703767
512676.919813055,PLAYBACK,1.3700601260061376,6.012601079419255e-05,-0.23342778667887387,0.026277409018081954,0.034716868848706284,0.580596475165942,-0.05379267513547106,-0.1950666056305792,1.0762229343099108,-0.2667919369517433,0.031784679400200994,0.03314375842669967,0.6662887566429178,-0.048717263669660005,-0.19500978894943796,1.0350996796491596
512676.928656767,PLAYBACK,1.3784488620003685,0.0034488620003685355,-0.23572945754177077,0.026277409018081954,0.03433325703822376,0.5863506523231852,-0.05340906332498854,-0.1950666056305792,1.0739212634470139,-0.2688379735563098,0.032141412035052684,0.03304497003738957,0.6719746640762755,-0.048246245143345474,-0.19501430468119466,1.032200896633499
512676.937544003,PLAYBACK,1.3879704200080596,0.0029704199987463653,-0.23764751659418515,0.026277409018081954,0.034716868848706284,0.5947901121538113,-0.05302545151450602,-0.1950666056305792,1.0708523689631502,-0.27116533722665087,0.03256862802106443,0.03292769465857571,0.6784438706554681,-0.04770874007816226,-0.19502109406583049,1.0289322688207432
512676.946281812,PLAYBACK,1.3950679500121623,6.794999353587627e-05,-0.23841474021515197,0.026661020828564475,0.034716868848706284,0.597859006637675,-0.0526418397040235,-0.1946829938200949,1.0685506981002515,-0.27290028577408243,0.032901895511074176,0.03283680573692607,0.683261152209337,-0.047308063408420316,-0.19502722269586661,1.0265220901848247
512676.95583468,PLAYBACK,1.405389619001653,0.0003896189737133682,-0.2418672465094982,0.026661020828564475,0.03433325703822376,0.6036131837949199,-0.052258227893539205,-0.1950666056305792,1.065865415426872,-0.27541688663959607,0.03340751996539944,0.03269961179575985,0.6902303147860058,-0.046728913147483724,-0.19503754690991992,1.0230767342378233
512676.961200284,PLAYBACK,1.41506454203045,6.454205140471458e-05,-0.24378530556191258,0.027044632639046995,0.03433325703822376,0.6116690318150617,-0.051491004272574165,-0.1946829938200949,1.0627965209430084,-0.27776457392345183,0.03390243860946297,0.03256582723658492,0.6967006431459221,-0.04619302346933037,-0.19504844141995192,1.019927596640116
512676.968833004,PLAYBACK,1.4200641409843229,6.41410006210208e-05,-0.24493614099336192,0.027044632639046995,0.03433325703822376,0.6147379262989254,-0.051491004272574165,-0.1950666056305792,1.0612620737010765,-0.27897340380900515,0.03416579657262452,0.03249473608999886,0.7000166365621292,-0.04591950803191644,-0.1950544130888543,1.018334121492399
512676.973298544,PLAYBACK,1.42506602400681,6.602401845157146e-05,-0.24608697642480948,0.027044632639046995,0.03433325703822376,0.6174232089723048,-0.05072378065160735,-0.1950666056305792,1.0597276264591446,-0.28018035326700935,0.034434378814505597,0.032422251468923226,0.7033148669390127,-0.04564845702535499,-0.19506055066129793,1.0167639002770947
512676.981570445,PLAYBACK,1.4318312940304168,0.0018312940374016762,-0.24838864728770815,0.027044632639046995,0.03433325703822376,0.6204921034561686,-0.05072378065160735,-0.1946829938200949,1.0562751201647984,-0.2818100829992838,0.03480574747163084,0.03232198402565547,0.7077457965678325,-0.04528621994344248,-0.19506901051903727,1.0146787956316712
512676.990990999,PLAYBACK,1.4407477360218763,0.0007477360195480287,-0.25069031815060505,0.02742824444953129,0.03433325703822376,0.626629892423896,-0.05034016884112483,-0.1950666056305792,1.0528226138704522,-0.2839561045802037,0.03530947260247563,0.032185752127212156,0.7135352817241741,-0.04481691534027073,-0.19508020637299958,1.0119990971888528
512677.000078982,PLAYBACK,1.4502520310343243,0.000252031022682786,-0.2529919890135037,0.027811856260013812,0.03394964522774124,0.6354529640650046,-0.049572945220159786,-0.1950666056305792,1.0493701075761042,-0.2862457620786229,0.03586441912548828,0.032035144482612694,0.7196478376177441,-0.04432741625145583,-0.19509181989755006,1.009228586063922
512677.004287607,PLAYBACK,1.456088892009575,0.0010888919932767749,-0.2545264362554356,0.027811856260013812,0.03394964522774124,0.6389054703593509,-0.04880572159919297,-0.1950666056305792,1.0482192721446566,-0.2876552274419947,0.03621452088879753,0.03193974740581806,0.7233739488899606,-0.04403257326887031,-0.19509859028138665,1.0075710623253664
512677.013092304,PLAYBACK,1.46337366203079,0.0033736620098352432,-0.2575953307392993,0.027811856260013812,0.03394964522774124,0.6415907530327303,-0.04880572159919297,-0.1946829938200949,1.0451503776607929,-0.28942002457966703,0.03666147190041287,0.0318174370573376,0.7279968011497605,-0.04367102357797168,-0.19510644553276826,1.0055492550974443
512677.022182892,PLAYBACK,1.472274104016833,0.0022741040447726846,-0.2595133897917137,0.027811856260013812,0.03394964522774124,0.6477285420004577,-0.04842210978871045,-0.1950666056305792,1.0416978713664466,-0.2915878741547483,0.03722274049159454,0.03166288405845043,0.733606291276244,-0.043239373640129315,-0.1951148254213111,1.0031496863876233
512677.031030883,PLAYBACK,1.480065529991407,6.553001003339887e-05,-0.2618150606546106,0.028195468070496332,0.03394964522774124,0.6542499427786677,-0.04727127435726111,-0.1950666056305792,1.0390125886930655,-0.293499038404073,0.037727895701081024,0.03152275323581786,0.7384846220586683,-0.042870993974143394,-0.19512073189312368,1.0011128847849702
512677.036070429,PLAYBACK,1.4900628440082073,6.284401752054691e-05,-0.26373311970702673,0.028195468070496332,0.03394964522774124,0.6603877317463951,-0.04688766254677859,-0.1950666056305792,1.0355600823987192,-0.2959739743502639,0.03839512549849705,0.03133600602619169,0.7447039164072179,-0.0424118520314131,-0.1951258301395675,0.9985866298604678
512677.044232989,PLAYBACK,1.4950626729987562,6.267300341278315e-05,-0.2648839551384743,0.028579079880978853,0.03356603341725872,0.6630730144197763,-0.04650405073629607,-0.1950666056305792,1.0347928587777524,-0.2972228125010072,0.0387369054001486,0.031239564483514254,0.7477986695987313,-0.04218812826918109,-0.19512713689002004,0.9973599715798321
512677.048318027,PLAYBACK,1.500055800017435,5.5800017435103655e-05,-0.26603479056992363,0.028579079880978853,0.03356603341725872,0.6692108033875037,-0.04650405073629607,-0.1950666056305792,1.0332584115358205,-0.2984782140764608,0.03908363624108133,0.031141156461180458,0.7508796125548741,-0.04196874093885488,-0.1951274958034858,0.996159422319463
512677.057314343,PLAYBACK,1.508214723027777,0.003214723023120314,-0.267952849622338,0.028579079880978853,0.03356603341725872,0.6749649805447469,-0.04535321530484673,-0.1950666056305792,1.0305731288624411,-0.30054894566802615,0.03966188650859074,0.03097571466224216,0.7558945587687863,-0.04161914098343364,-0.19512580763971887,0.9942503033518348
512677.065993539,PLAYBACK,1.5165379529935308,0.0015379529795609415,-0.2698709086747524,0.02896269169146315,0.03356603341725872,0.6803355458915092,-0.04496960349436421,-0.1946829938200949,1.02788784618906,-0.3026885843852241,0.040266779437514263,0.030800811034329603,0.7609876680903658,-0.04127415402009861,-0.19512080369666313,0.9923700080694382
512677.075282409,PLAYBACK,1.525242628005799,0.00024262798251584172,-0.27178896772716854,0.02934630350194567,0.033182421606774426,0.683404440375373,-0.044202379873397396,-0.1946829938200949,1.025586175326163,-0.30495870150308,0.040915661886660404,0.030611023251073045,0.7662919123826007,-0.04092629322608849,-0.19511153537755765,0.9904762327087603
512677.079406521,PLAYBACK,1.5300569800310768,5.6980003137141466e-05,-0.2729398031586161,0.02934630350194567,0.033182421606774426,0.6860897230487524,-0.043818768062914876,-0.1946829938200949,1.0244353398947137,-0.3062296091390089,0.04128170325953649,0.030502949569812116,0.769216645562306,-0.040739700437381954,-0.19510444532512744,0.9894607543438091
512677.088282756,PLAYBACK,1.5385497570387088,0.003549757064320147,-0.2748578622110305,0.02972991531242819,0.033182421606774426,0.6918439002059973,-0.043435156252432355,-0.1950666056305792,1.0217500572213325,-0.3085001358070706,0.0419398635227983,0.030306755864995667,0.7743619617291179,-0.04042080135223166,-0.1950881813783792,0.9877248409515635
512677.098070026,PLAYBACK,1.54507662699325,7.662700954824686e-05,-0.2756250858319973,0.02972991531242819,0.032798809796291906,0.6975980773632422,-0.043051544441949835,-0.1950666056305792,1.0194483863584356,-0.3102713128057962,0.042456460074166154,0.030151054002680602,0.7783050705474492,-0.04018474962747271,-0.1950721453540284,0.9864388623354574
512677.102326303,PLAYBACK,1.555077297030948,7.729703793302178e-05,-0.2783103685053785,0.030497138933395007,0.032415197985809385,0.7033522545204853,-0.04266793263146554,-0.1950666056305792,1.017146715495537,-0.3130323363912179,0.04326613550896364,0.029903960803835478,0.7843300049482136,-0.03983851298235366,-0.1950410035930611,0.9845495851991105
512677.111397073,PLAYBACK,1.5630272389971651,0.00302723899949342,-0.27946120393682605,0.030880750743877527,0.032031586175326865,0.7091064316777302,-0.04228432082098302,-0.1950666056305792,1.0163794918745719,-0.31527025751377125,0.043925334059852134,0.0297000123501147,0.7891064465335252,-0.03957675612245533,-0.19501004756766913,0.9831178066343486
512677.120148778,PLAYBACK,1.5704488920164295,0.0004488920094445348,-0.2813792629892422,0.03126436255436005,0.032031586175326865,0.7117917143511097,-0.0419007090105005,-0.1950666056305792,1.0136942092011907,-0.3173956903538854,0.044553028072534584,0.029503485839489665,0.7935561024376155,-0.0393432443031238,-0.19497574569780718,0.9818372315167612
512677.124015535,PLAYBACK,1.5750592320109718,5.923199933022261e-05,-0.28291371023117406,0.03126436255436005,0.03164797436484257,0.7144769970244909,-0.0419007090105005,-0.1950666056305792,1.0125433737697414,-0.31873424650375737,0.044948858606830115,0.02937838766573075,0.7963159736977456,-0.039203473295009,-0.19495163644739202,0.9810690092025061
512677.133287142,PLAYBACK,1.5831854920252226,0.0031854920089244843,-0.28483176928358844,0.032031586175326865,0.03164797436484257,0.7202311741817358,-0.04151709720001798,-0.1950666056305792,1.0102417029068445,-0.3211286441092528,0.045657382795213176,0.029152217786373932,0.8011729741545423,-0.03896696070532926,-0.1949035848934531,0.9797658462439709
512677.141937231,PLAYBACK,1.5926765410113148,0.0026765409857034683,-0.2867498283360028,0.032031586175326865,0.03126436255436005,0.7286706340123601,-0.04113348538953368,-0.1950666056305792,1.0075564202334633,-0.3239832061711998,0.046501922819138355,0.028878879803763136,0.806833547888729,-0.03870654200302859,-0.1948378982590032,0.9783261468037803
512677.151119356,PLAYBACK,1.6015210750047117,0.0015210750279948115,-0.2890514991988997,0.032798809796291906,0.030880750743877527,0.7321231403067063,-0.04074987357905116,-0.1950666056305792,1.0048711375600838,-0.32670064126536635,0.04730470191057438,0.028615309991441743,0.8120960558829479,-0.038478993919111935,-0.19476673830744984,0.9770644593363552
512677.160217839,PLAYBACK,1.6100625559920445,6.255600601434708e-05,-0.2917367818722809,0.033182421606774426,0.030880750743877527,0.7378773174639512,-0.04036626176856864,-0.1950666056305792,1.0025694666971852,-0.32937756380785405,0.04809345603957974,0.02835283064695611,0.8171650214355436,-0.038272794912381954,-0.19468830756084682,0.975919313606751
512677.164598325,PLAYBACK,1.6156376129947603,0.0006376130040735006,-0.29288761730373025,0.033182421606774426,0.030497138933395007,0.7436314946211944,-0.04036626176856864,-0.1950666056305792,1.0018022430762201,-0.3311522466470142,0.04861484490482107,0.028177437002455816,0.8204650915778368,-0.03814520173079172,-0.19463171791759246,0.9752107775585638
512677.173472256,PLAYBACK,1.6200965500320308,9.655003668740392e-05,-0.2940384527351778,0.03356603341725872,0.030497138933395007,0.7467003891050581,-0.03998264995808612,-0.1950666056305792,1.0002677958342883,-0.3325868104104927,0.049035249675288585,0.028034933682913845,0.8230987050649134,-0.03804702008330797,-0.1945832846589095,0.9746662295499433
512677.181889347,PLAYBACK,1.6300743669853546,7.436698069795966e-05,-0.29595651178759397,0.03394964522774124,0.030497138933395007,0.752454566262303,-0.03959903814760182,-0.1950666056305792,0.9983497367818721,-0.3358432858926952,0.04998548013636268,0.02770933769538966,0.8289686920675019,-0.037839306317574074,-0.1944643886142447,0.9735190043498837
512677.186028318,PLAYBACK,1.6400568630197085,5.68630057387054e-05,-0.2997926298924227,0.034716868848706284,0.03011352712291071,0.7582087434195461,-0.0392154263371193,-0.1950666056305792,0.9952808422980102,-0.3391592458586595,0.0509463010017703,0.027375285763305175,0.8347991760729148,-0.03764711646270238,-0.19433052034170079,0.9724697295009067
512677.195229699,PLAYBACK,1.6457698260201141,0.0007698260014876723,-0.30094346532387206,0.035100480659188804,0.03011352712291071,0.7608940260929273,-0.0392154263371193,-0.1946829938200949,0.9945136186770434,-0.3410793281926206,0.051499122103336716,0.027180941272663805,0.8381113909999097,-0.037543602225604114,-0.19424709486350572,0.9719132779571477
512677.199658589,PLAYBACK,1.6500570430071093,5.704298382624984e-05,-0.3017106889448371,0.0354840924696731,0.02972991531242819,0.7635793087663085,-0.0392154263371193,-0.1950666056305792,0.9937463950560783,-0.34252932548632514,0.051914735628023824,0.02703382462799601,0.8405830766604528,-0.03746876937110127,-0.19418122217357645,0.9715165404550802
512677.208855622,PLAYBACK,1.6590345230069943,0.0040345229790546,-0.3040123598077358,0.03586770428015562,0.02934630350194567,0.7685662623025866,-0.03883181452663678,-0.1950666056305792,0.9922119478141465,-0.34558653967747893,0.0527854128969729,0.026722890734055066,0.8457147661817969,-0.03731920977178221,-0.19403424298675973,0.9707427087048339
512677.217941872,PLAYBACK,1.670556602999568,0.0055566030205227435,-0.3063140306706327,0.03625131609063814,0.02896269169146315,0.7758548867017616,-0.03883181452663678,-0.1946829938200949,0.9895266651407653,-0.3495411921923226,0.05389950070429132,0.02631981362218589,0.8522024064456187,-0.037139139953152114,-0.1938278635920311,0.9698588614131444
512677.226814359,PLAYBACK,1.6771101750200614,0.0021101750317029655,-0.30899931334401387,0.03701853971160496,0.02896269169146315,0.7789237811856253,-0.03883181452663678,-0.1946829938200949,0.9883758297093159,-0.3518010628558116,0.054529527945727505,0.026089382872863335,0.8558388785359249,-0.03704129522602073,-0.19370171577192466,0.969408409484463
512677.236067651,PLAYBACK,1.6862182560143992,0.001218256016727537,-0.31130098420691077,0.03778576333257,0.028579079880978853,0.7842943465323877,-0.038064590905669965,-0.1946829938200949,0.9868413824673841,-0.3549498485271113,0.05539885519726053,0.025768610883800416,0.8608260864491963,-0.036909019767451416,-0.19351601516534528,0.9688416045251124
512677.245305752,PLAYBACK,1.698469331022352,0.003469331015367061,-0.3151371023117413,0.038552986953536816,0.028195468070496332,0.791966582742047,-0.037680979095187445,-0.1942993820096124,0.9849233234149697,-0.35919386828098604,0.0565540006980507,0.025337571598129452,0.867412580075164,-0.0367343734829714,-0.19324747791924002,0.9681801762894944
512677.249194783,PLAYBACK,1.7000607660156675,6.076600402593613e-05,-0.3151371023117413,0.038552986953536816,0.027811856260013812,0.791966582742047,-0.037680979095187445,-0.1942993820096124,0.9849233234149697,-0.3597455965264753,0.056702718905175115,0.025281697243781674,0.8682581736426417,-0.03671171582578088,-0.19321103287812438,0.9681022095451923
512677.253364894,PLAYBACK,1.7050599940121174,5.999399581924081e-05,-0.31667154955367316,0.03893659876401934,0.027811856260013812,0.7973371480888076,-0.037680979095187445,-0.1942993820096124,0.9841560997940046,-0.3614791292403362,0.05716775312097564,0.025106442796246416,0.8708999743135917,-0.03664028202668615,-0.19309422903448253,0.9678685136884275
512677.26292727,PLAYBACK,1.7116066029993817,0.001606602978426963,-0.318205996795605,0.03932021057450186,0.027811856260013812,0.8004060425726713,-0.037297367284704924,-0.1942993820096124,0.9833888761730378,-0.36374979514812816,0.057771640351166775,0.024877677828329375,0.8743271705395312,-0.03654566504113593,-0.19293597751614003,0.967587169976917
512677.267501971,PLAYBACK,1.7201120340032503,0.00011203403118997812,-0.3224257267109163,0.03970382238498438,0.02742824444953129,0.8053929961089494,-0.037297367284704924,-0.1942993820096124,0.9826216525520728,-0.3667003106450047,0.058547216734926064,0.024582006051724177,0.8787278115193516,-0.03641969361338892,-0.1927214577156239,0.9672607704016934
512677.276450926,PLAYBACK,1.7258016919950023,0.0008016920182853937,-0.32396017395284815,0.040471046005951195,0.02742824444953129,0.8080782787823306,-0.036913755474222404,-0.1946829938200949,0.9822380407415885,-0.3686741164899929,0.05906014910573139,0.02438536833268506,0.8816406922450587,-0.036332716503351445,-0.19257235537883233,0.9670654103359819
512677.285106236,PLAYBACK,1.735166437982116,0.00016643799608573318,-0.32702906843671187,0.040854657816433715,0.026661020828564475,0.816517738612955,-0.036913755474222404,-0.1942993820096124,0.9810872053101392,-0.37192278690407415,0.05989378694185557,0.024064048814992287,0.8863850805862271,-0.036183296041395925,-0.19231720613510042,0.9667807547403032
512677.288557092,PLAYBACK,1.7400572270271368,5.722703645005822e-05,-0.3285635156786437,0.041238269626916235,0.026277409018081954,0.8195866330968187,-0.036913755474222404,-0.1942993820096124,0.9807035934996566,-0.3736193551811254,0.06032378873951662,0.023897519039671904,0.8888398058258541,-0.036101534042469574,-0.19217915014336343,0.966649045760077
512677.297905777,PLAYBACK,1.7479056220036,0.002905622008256614,-0.33163241016250744,0.04238910505836557,0.025893797207599434,0.8218883039597156,-0.036530143663739884,-0.1942993820096124,0.9795527580682073,-0.3763417733205424,0.06100594689368073,0.023632317220259973,0.8927485304445407,-0.035964004642657484,-0.19195073821597747,0.9664600415976741
512677.306488527,PLAYBACK,1.756814079999458,0.001814079994801432,-0.33431769283588864,0.04315632867933239,0.025126573586632617,0.827258869306478,-0.036530143663739884,-0.1942993820096124,0.9787855344472405,-0.3794317296542085,0.06176823846769345,0.02333461047086381,0.8971434806602268,-0.03579705779214368,-0.19168124419534022,0.9662761619651731
512677.315407594,PLAYBACK,1.7660336960107088,0.0010336959967389703,-0.33700297550926805,0.04430716411077995,0.024742961776150096,0.834547493705653,-0.03614653185325559,-0.19391577019912987,0.9787855344472405,-0.382629435752688,0.06254340984001612,0.023030584629817934,0.901650124204846,-0.035610300718837584,-0.19139091665337782,0.96611670215458
512677.319700412,PLAYBACK,1.770223084022291,0.00022308400366455317,-0.3385374227511999,0.04469077592126247,0.024742961776150096,0.834547493705653,-0.03614653185325559,-0.19391577019912987,0.978401922636758,-0.38408241789104575,0.06289094293436354,0.022893911035130398,0.9036852602379893,-0.03552021945538919,-0.1912551639068864,0.9660536533338366
512677.329307394,PLAYBACK,1.77794546703808,0.002945467014797032,-0.34007186999313177,0.04507438773174677,0.024359349965667576,0.8391508354314485,-0.03614653185325559,-0.19391577019912987,0.9772510872053086,-0.38676065145138544,0.06352372956432534,0.02264455392668353,0.9074179804009977,-0.03534483395779705,-0.19099867738686158,0.9659514261772926
512677.333236872,PLAYBACK,1.7854437890346162,0.0004437890602275729,-0.34275715266651297,0.04622522316319433,0.023975738155185056,0.8437541771572441,-0.036530143663739884,-0.19353215838864735,0.9768674753948261,-0.3893610930263576,0.06412830753792192,0.022405808148593255,0.9110215261058292,-0.03516206805459439,-0.19074189973589495,0.9658679787507416
512677.342042972,PLAYBACK,1.7923508909880184,0.0023508910089731216,-0.3458260471503767,0.047376058594643666,0.02359212634470076,0.846055848020141,-0.03614653185325559,-0.19353215838864735,0.9761002517738611,-0.39175643578578323,0.06467650017857922,0.022189007842598935,0.9143250035189231,-0.03498197717257965,-0.19049865148630343,0.9658034178838425
512677.350947261,PLAYBACK,1.8011899850098416,0.001189985021483153,-0.3485113298237579,0.048910505836575524,0.02320851453421824,0.8506591897459366,-0.03614653185325559,-0.19314854657816305,0.9757166399633785,-0.39482171247960823,0.06536565453911167,0.021916190457230537,0.9185334534475623,-0.03473385068706653,-0.19017801091246414,0.9657359321053446
512677.361067161,PLAYBACK,1.8112117960117757,0.0012117960141040385,-0.3519638361181041,0.05006134126802486,0.02320851453421824,0.8575642023346308,-0.03614653185325559,-0.19314854657816305,0.9745658045319292,-0.39829706888815847,0.06612996010612902,0.02161353471481707,0.9232839540536945,-0.034426699199330446,-0.1898018401408848,0.9656769723933342
512677.369729785,PLAYBACK,1.8200658080168068,6.580800982192159e-05,-0.35541634241245035,0.05159578850995672,0.02320851453421824,0.8598658731975277,-0.03614653185325559,-0.19276493476768053,0.9741821927214467,-0.4013674162245142,0.06678989285961313,0.02135240394694446,0.9274667737727839,-0.03413079645092878,-0.18945842479162048,0.9656376819367264
512677.373677789,PLAYBACK,1.825219633989036,0.00021963397739455104,-0.3573344014648647,0.05236301213092176,0.02282490272373572,0.8648528267338058,-0.035762920042773066,-0.19276493476768053,0.9741821927214467,-0.4031546225540811,0.06716734065342357,0.021203240933729606,0.9298971107472487,-0.03394732701436772,-0.18925377935483764,0.9656193618300678
512677.382678323,PLAYBACK,1.8300641340319999,6.413401570171118e-05,-0.35848523689631406,0.05274662394140606,0.02282490272373572,0.867538109407187,-0.035762920042773066,-0.19276493476768053,0.9737985809109624,-0.4048345598218058,0.06751760723316995,0.021065005558918434,0.9321794731888199,-0.03376701358775798,-0.18905825515754668,0.965604697516862
512677.387267782,PLAYBACK,1.8400578619912267,5.7861965615302324e-05,-0.3619377431906603,0.05428107118333614,0.02282490272373572,0.8721414511329826,-0.035762920042773066,-0.192381322957198,0.9734149691004799,-0.40830010545077794,0.06822620410606786,0.020786113983417103,0.9368841094270413,-0.03336997114492146,-0.18864531908503565,0.9655807155042283
512677.396034647,PLAYBACK,1.8464810820296407,0.0014810820575803518,-0.36539024948500654,0.05619913023575229,0.022441290913253198,0.8744431219958795,-0.035762920042773066,-0.192381322957198,0.9726477454795148,-0.4105275050514065,0.068671632076035,0.02061149604142505,0.9399074112621357,-0.03309619583418608,-0.18837317396988015,0.9655686194329279
512677.405139462,PLAYBACK,1.8553597219870426,0.00035972200566902757,-0.36807553215838773,0.057349965667199854,0.022441290913253198,0.8786628519111925,-0.035379308232290546,-0.1919977111467155,0.9726477454795148,-0.4136063937433768,0.0692743547333577,0.020376354234960484,0.9440890415876659,-0.03269269359141418,-0.18798845088854402,0.9655544895009562
512677.409236052,PLAYBACK,1.8600627399864607,6.274000043049455e-05,-0.3696099794003196,0.05811718928816667,0.022441290913253198,0.8832661936369881,-0.035379308232290546,-0.1919977111467155,0.9722641336690305,-0.4152372910845801,0.06958748955047153,0.020254822615061962,0.9463064766560384,-0.03246676809793045,-0.18778070670400981,0.9655476193499783
512677.417959623,PLAYBACK,1.8686082180356607,0.00360821804497391,-0.3726788738841833,0.05965163653009853,0.022441290913253198,0.8851842526894025,-0.034995696421808026,-0.1916140993362312,0.971880521858548,-0.4182006820888243,0.07014557051996875,0.020039538849496052,0.9503422535716947,-0.032033890431926636,-0.1873963572946951,0.9655350852876112
512677.427005224,PLAYBACK,1.878663212992251,0.0036632129922509193,-0.3753641565575627,0.060802471961547866,0.02282490272373572,0.8917056534676124,-0.03461208461132373,-0.1916140993362312,0.971113298237583,-0.4216875697531603,0.07078423001271342,0.01979569263408075,0.955106032021259,-0.031486346557672934,-0.18693304155512008,0.9655183547685309
512677.436107224,PLAYBACK,1.8850402450188994,4.024500958621502e-05,-0.37843305104142644,0.061186083772030386,0.02282490272373572,0.8936237125200268,-0.03461208461132373,-0.19123048752574867,0.9707296864270987,-0.42389902017124526,0.0711792100725386,0.01964652753840966,0.9581382328794963,-0.0311169766817534,-0.18663319239979928,0.9655055418077628
512677.441129236,PLAYBACK,1.8950581490062177,5.814898759126663e-05,-0.38150194552529015,0.06310414282444476,0.02282490272373572,0.8978434424353399,-0.03422847280084121,-0.19123048752574867,0.9703460746166161,-0.4273730769733823,0.07178401107589948,0.01942108700003687,0.96292290919442,-0.030500998831515493,-0.1861531195982072,0.9654802498199693
512677.449023399,PLAYBACK,1.9000570260104723,5.7025987189263105e-05,-0.383036392767222,0.0638713664454098,0.02282490272373572,0.9001451132982368,-0.03384486099035869,-0.19084687571526615,0.9699624628061336,-0.42910661305972714,0.072078691194468,0.019312757522899716,0.9653217037945329,-0.030176948670318823,-0.1859096047458369,0.9654646718809563
512677.453435938,PLAYBACK,1.9050562850316055,5.6285003665834665e-05,-0.3849544518196364,0.0642549782558941,0.022441290913253198,0.9047484550240323,-0.03384486099035869,-0.19123048752574867,0.9695788509956511,-0.4308402802984266,0.07236870783839675,0.019207252527226663,0.9677291500240447,-0.029841570149379697,-0.18566354982993838,0.9654467709198608
512677.46252895,PLAYBACK,1.9127240719972178,0.002724072022829205,-0.3880233463035001,0.06502220187685914,0.02282490272373572,0.907050125886931,-0.03346124917987617,-0.19084687571526615,0.9688116273746843,-0.4334993460037664,0.07280453668577062,0.0190510320607086,0.9714397774287362,-0.029304914167425162,-0.18528147863152333,0.9654142328877372
512677.471955365,PLAYBACK,1.922208969015628,0.0022089690319262445,-0.39147585259784634,0.06578942549782596,0.02282490272373572,0.913571526665141,-0.03269402555890935,-0.19046326390478363,0.9684280155642018,-0.43678853621885116,0.07332887456433079,0.01886736342493618,0.9760636348924794,-0.028603279611733777,-0.18480155354133138,0.9653643423415976
512677.481508544,PLAYBACK,1.9302487529930659,0.00024875300005078316,-0.39492835889219613,0.06617303730830848,0.022441290913253198,0.9158731975280379,-0.03231041374842683,-0.19007965209429933,0.9680444037537193,-0.4395765596286893,0.07376088409450376,0.018720141754747822,0.9800158599653378,-0.0279753995068267,-0.18438898914304797,0.9653126612075953
512677.486222182,PLAYBACK,1.9400648989831097,6.489898078143597e-05,-0.39799725337605985,0.066556649118791,0.02282490272373572,0.920860151064316,-0.03231041374842683,-0.19007965209429933,0.9684280155642018,-0.4429805358198584,0.07427345605150967,0.0185511305966664,0.9848869798208509,-0.027167170673453908,-0.183878966203743,0.9652365759504465
512677.494464586,PLAYBACK,1.9450925820274279,9.258202044293284e-05,-0.3995317006179917,0.06694026092927352,0.022441290913253198,0.9231618219272146,-0.03231041374842683,-0.1896960402838168,0.9680444037537193,-0.44472397272553504,0.07452989654772377,0.01846920477736561,0.9874030631431966,-0.026735404694959827,-0.18361539389182438,0.9651916464502883
512677.498610271,PLAYBACK,1.9500685450038873,6.854499224573374e-05,-0.40106614785992356,0.06732387273975782,0.022441290913253198,0.9277651636530102,-0.03192680193794431,-0.1896960402838168,0.9680444037537193,-0.44644945088617743,0.07477979998023149,0.01839125046804517,0.9899083879288796,-0.02629618700927792,-0.1833531787614729,0.9651429709742613
512677.507518718,PLAYBACK,1.9581406119978055,0.0031406119815073907,-0.4041350423437873,0.06732387273975782,0.022441290913253198,0.9300668345159071,-0.031543190127460013,-0.1893124284733343,0.967660791943235,-0.4492484800661823,0.07517730393251464,0.018271470206127943,0.9940065114623929,-0.02555853890524237,-0.1829253819046371,0.9650546848955386
512677.516930835,PLAYBACK,1.9669381849817,0.0019381849560886621,-0.40682032501716847,0.06770748455024034,0.022441290913253198,0.9339029526207359,-0.030775966506494973,-0.18892881666285177,0.9665099565117874,-0.45229896500378486,0.07560009457653352,0.018150419003030344,0.9985241535919867,-0.024719296094536113,-0.18245650901661933,0.9649446571285977
512677.525493336,PLAYBACK,1.9762341690366156,0.0012341690598987043,-0.4098892195010322,0.06809109636072286,0.022441290913253198,0.9381226825360489,-0.030392354696012452,-0.18854520485236748,0.9665099565117874,-0.45552206298258524,0.07603604674308671,0.01803336201385575,1.0033602572177853,-0.023792853518224962,-0.1819592602837256,0.9648119150800827
512677.529881277,PLAYBACK,1.9801174270105548,0.00011742702918127179,-0.41104005493247975,0.06809109636072286,0.022441290913253198,0.9404243533989458,-0.030008742885528156,-0.18854520485236748,0.9661263447013049,-0.45686836494995553,0.07621517150902327,0.01798778280937151,1.0054006244532132,-0.023393913974209382,-0.18175130991171448,0.9647512544787238
512677.538995901,PLAYBACK,1.989177456998732,0.00417745701270178,-0.41410894941634346,0.06809109636072286,0.022441290913253198,0.9442604715037763,-0.029625131075045635,-0.18816159304188496,0.9661263447013049,-0.4600090343916909,0.07662699839081724,0.01788907451677221,1.0102097043983664,-0.022436241974879628,-0.18126640733624438,0.9645973834916066
512677.547691197,PLAYBACK,1.9979496609885246,0.002949660993181169,-0.4171778439002072,0.06809109636072286,0.0220576791027689,0.9488638132295719,-0.029241519264563115,-0.18777798123140244,0.9653591210803381,-0.4630490319011702,0.07701869583713701,0.017803697996596594,1.0149339582261245,-0.021473860640852244,-0.18079838905538573,0.9644314682723315
512677.558128559,PLAYBACK,2.0057432210305706,0.0007432210259139538,-0.4202467383840709,0.06847470817120538,0.02167406729228638,0.9534671549553675,-0.028857907454080595,-0.1870107576104374,0.9653591210803381,-0.4657485534472564,0.07736201015473246,0.017736255184248612,1.0191897723494907,-0.020590795156873988,-0.18038498406628933,0.9642696981731096
512677.561262635,PLAYBACK,2.0150459880242124,4.598801024258137e-05,-0.42369924467841713,0.06847470817120538,0.02129045548180386,0.9580704966811613,-0.028474295643596298,-0.1866271457999531,0.9653591210803381,-0.46896809042803733,0.07776756461360157,0.01766606829408157,1.0243443282729603,-0.019503695488913158,-0.17989607179934167,0.9640585262813278
512677.570077632,PLAYBACK,2.0204589529894292,0.00045895297080278397,-0.425233691920349,0.06847470817120538,0.02129045548180386,0.9599885557335774,-0.028090683833113778,-0.1866271457999531,0.9653591210803381,-0.470839434759185,0.07800213538519808,0.017630360517003833,1.0273817067329374,-0.018855409187534648,-0.17961460461531611,0.9639264773287187
512677.577074568,PLAYBACK,2.025064913032111,6.491300882771611e-05,-0.4263845273517983,0.06847470817120538,0.02090684367132134,0.9622902265964743,-0.028090683833113778,-0.1866271457999531,0.9653591210803381,-0.47243027351165523,0.0782012994677957,0.017602923383894617,1.0299885829780657,-0.01829511231215258,-0.17937722748362778,0.9638087575126609
512677.582901741,PLAYBACK,2.0350628389860503,6.283901166170835e-05,-0.42983703364614456,0.06885831998168968,0.020523231860837043,0.9695788509956511,-0.026939848401666217,-0.18624353398947058,0.9649755092698555,-0.4758773960957514,0.07863357807532241,0.017552573715253435,1.0357183404840118,-0.017053169646200118,-0.17886997009874336,0.963536199369783
512677.587239505,PLAYBACK,2.0400582590373233,5.8259058278054e-05,-0.4313714808880764,0.06885831998168968,0.020523231860837043,0.9714969100480655,-0.026939848401666217,-0.18547631036850554,0.9649755092698555,-0.47759601559400167,0.07885026135471637,0.01753206527330526,1.0386178230837766,-0.016420337924085402,-0.17862127122532961,0.9633912646604
512677.596284665,PLAYBACK,2.046369894989766,0.0013698950060643256,-0.43444037537194014,0.06885831998168968,0.020139620050354523,0.9737985809109624,-0.02655623659118192,-0.18509269855802124,0.9649755092698555,-0.47976330172843173,0.07912549149796703,0.017510489274181116,1.0423162570977438,-0.015610027715382635,-0.17831223114229383,0.9631998053724664
512677.605693817,PLAYBACK,2.0554689000127837,0.0004689000197686255,-0.43712565804532133,0.0692419317921722,0.019372396429389482,0.9787855344472405,-0.02578901297021688,-0.18470908674753872,0.9649755092698555,-0.482878492054599,0.07952672183684481,0.017487693908205097,1.047716803543154,-0.014422698232718155,-0.1778781169253788,0.9629074520155694
512677.61481851,PLAYBACK,2.0651572379865684,0.00015723798424005508,-0.44019455252918327,0.0692419317921722,0.019372396429389482,0.9856905470359365,-0.02540540115973436,-0.18394186312657368,0.964591897459373,-0.4861820685383389,0.07996243392484546,0.017473820212112308,1.0535564839340938,-0.013136742168296125,-0.17743255395290516,0.962575044678668
512677.619219196,PLAYBACK,2.070061053032987,6.105302600190043e-05,-0.4413453879606326,0.0692419317921722,0.018988784618905186,0.9879922178988334,-0.02425456572828502,-0.18394186312657368,0.964591897459373,-0.48784851320082323,0.08018738038843266,0.017470724481834163,1.0565474092216316,-0.012478491453304676,-0.17721423922197413,0.9623985317005587
512677.62802734,PLAYBACK,2.078094274038449,0.0030942740268073976,-0.44479789425497884,0.0692419317921722,0.018988784618905186,0.9902938887617303,-0.02425456572828502,-0.18355825131608938,0.9638246738384062,-0.4905697331201803,0.08056384780496037,0.017471109638366532,1.0614980486970447,-0.01139113398911406,-0.17686792746891425,0.9620974259783304
512677.637276964,PLAYBACK,2.0882711139856838,0.003271113964729011,-0.44748317692836004,0.0692419317921722,0.018605172808422665,0.9971989013504245,-0.023103730296835684,-0.18317463950560686,0.9638246738384062,-0.49400114517872606,0.08105799507359486,0.01748084323093724,1.067860749886932,-0.010000459403852092,-0.17645081212582925,0.9616947243211205
512677.645893288,PLAYBACK,2.095067713991739,6.771401967853308e-05,-0.45055207141222375,0.06962554360265472,0.018605172808422665,0.999884184023804,-0.022720118486353164,-0.18279102769512434,0.9634410620279237,-0.4962827512999684,0.08140084949648937,0.017492755179484697,1.0721667360865907,-0.00906545067696782,-0.17618655651440474,0.9614125606604604
512677.655330103,PLAYBACK,2.1051408940111287,0.0001408940297551453,-0.45362096589608747,0.06962554360265472,0.018605172808422665,1.0052547493705664,-0.021952894865386346,-0.18240741588464182,0.9634410620279237,-0.4996496023997032,0.08193143813618016,0.017517807100860015,1.0786320339520525,-0.0076734614571478356,-0.17581718148677922,0.9609748157337402
512677.659417786,PLAYBACK,2.1103966670343652,0.0003966670483350754,-0.45553902494850185,0.07000915541313724,0.018221560997940145,1.010625314717327,-0.021185671244421306,-0.18202380407415752,0.9630574502174412,-0.501399470806347,0.0822203446377636,0.017534156130831993,1.082044864835707,-0.006945334783148277,-0.17563540760111923,0.9607370761134035
512677.663255236,PLAYBACK,2.1150719210272655,7.192103657871485e-05,-0.4570734721904337,0.07000915541313724,0.018221560997940145,1.0129269855802256,-0.020802059433938785,-0.181640192263675,0.9630574502174412,-0.5029522351201686,0.08248505618258317,0.01755046704283609,1.0851034156134207,-0.00629712669908143,-0.17548019366903342,0.9605201546503911
512677.672392354,PLAYBACK,2.12226539500989,0.0022653950145468116,-0.4601423666742974,0.07000915541313724,0.018221560997940145,1.015612268253605,-0.02003483581297197,-0.18125658045319248,0.9626738384069569,-0.505334461333717,0.08290775174891958,0.017578620078901916,1.0898507158724253,-0.005299712764928264,-0.1752535177247938,0.9601762714413816
512677.681088222,PLAYBACK,2.1314964329940267,0.0014964329893700778,-0.46321126115816114,0.07039276722362153,0.017837949187457625,1.0205992217898832,-0.019267612192006928,-0.18048935683222567,0.9626738384069569,-0.5083791405577145,0.08348015467111145,0.01761974329366705,1.0960141389327074,-0.004021646872698407,-0.17498458159628566,0.9597167313597359
512677.690421597,PLAYBACK,2.141884340031538,0.00188434001756832,-0.46628015564202485,0.07077637903410405,0.017837949187457625,1.0282714579995424,-0.01811677676055759,-0.18010574502174315,0.9626738384069569,-0.5117871686752218,0.08416876899277044,0.017671967915929485,1.103038508289597,-0.0025897820896234273,-0.1747119237442377,0.9591746926531387
512677.694523407,PLAYBACK,2.1451670420356095,0.00016704201698303223,-0.46819821469443923,0.07077637903410405,0.017837949187457625,1.0282714579995424,-0.01811677676055759,-0.18010574502174315,0.9622902265964743,-0.5128594276850089,0.08439685848364514,0.01768962889738317,1.1052753525233547,-0.0021395552019079517,-0.174632420180507,0.9589978932847417
512677.703329487,PLAYBACK,2.1534839799860492,0.0034839799627661705,-0.4708834973678204,0.07115999084458657,0.017837949187457625,1.0336420233463048,-0.016965941329108253,-0.17972213321126063,0.9619066147859918,-0.5155636604623139,0.08499839781081243,0.01773652925722376,1.1109719934070263,-0.0010057495189278213,-0.17444532839201715,0.9585381999464873
512677.71260456,PLAYBACK,2.1600693429936655,6.934301927685738e-05,-0.472034332799268,0.0715436026550691,0.018221560997940145,1.038628976882583,-0.016198717708143212,-0.1793385214007781,0.9615230029755093,-0.517690110477462,0.08549952561776357,0.017775569618773194,1.115505539767862,-0.00011671051990333895,-0.17431167251131227,0.9581623847382374
512677.716857541,PLAYBACK,2.17007311998168,7.311999797821045e-05,-0.47625406271458104,0.07192721446555339,0.018221560997940145,1.0439995422293435,-0.015431494087176395,-0.1793385214007781,0.9607557793545425,-0.5208912617279654,0.08630434597612074,0.01783744603067602,1.1224158070041292,0.0012156636256964901,-0.1741325623430486,0.9575717319758312
512677.726176478,PLAYBACK,2.1760021789814346,0.001002178993076086,-0.4777885099565129,0.07231082627603591,0.018221560997940145,1.0463012130922404,-0.015047882276693875,-0.1789549095902938,0.9607557793545425,-0.522770804819735,0.08680699785543305,0.017875273402722932,1.126518551226366,0.001993772592558402,-0.174039542800389,0.9572104071740889
512677.734955306,PLAYBACK,2.1850580800091848,5.808001151308417e-05,-0.4804737926298941,0.07307804989700095,0.018221560997940145,1.0520553902494854,-0.013897046845244537,-0.1785712977798113,0.96037216754406,-0.5256161814986391,0.08761317840662167,0.017934275520235944,1.1327891986367131,0.0031646393470545985,-0.17391531692135792,0.9566420238087754
512677.73908023,PLAYBACK,2.190080703003332,8.070300100371242e-05,-0.48239185168230847,0.07307804989700095,0.018221560997940145,1.0570423437857634,-0.013129823224279497,-0.1785712977798113,0.96037216754406,-0.5271816868636859,0.08808110012195214,0.017967481239631527,1.1362679715092188,0.003804763623506088,-0.173855229405027,0.9563179297416978
512677.74775124,PLAYBACK,2.1991807490121573,0.004180749005172402,-0.4854607461661722,0.07384527351796777,0.018221560997940145,1.0627965209430084,-0.011978987792830159,-0.17818768596932877,0.9596049439230931,-0.5299971642431133,0.08896841288795354,0.018028229397498107,1.1425713657409364,0.004947905225377655,-0.17376127734220784,0.9557139463810154
512677.756597457,PLAYBACK,2.20705333101796,0.002053331001661718,-0.4881460288395516,0.07461249713893281,0.018221560997940145,1.0654818036163878,-0.010828152361380822,-0.17818768596932877,0.9596049439230931,-0.532413403186761,0.08977890249853081,0.01808114072628421,1.1480246860380212,0.005919988682765126,-0.1736943890013525,0.9551732046081014
512677.765601548,PLAYBACK,2.2156777110067196,0.0006777109811082482,-0.4915985351338996,0.07576333257038215,0.018221560997940145,1.0716195925841152,-0.00967731692993326,-0.17780407415884625,0.9588377203021281,-0.5350425738436237,0.09071462676973761,0.018139208037859518,1.1539988181255685,0.006967650429504724,-0.17363504007286815,0.9545604048419862
512677.774369856,PLAYBACK,2.225069569016341,6.956903962418437e-05,-0.49428381780727904,0.07653055619134719,0.018221560997940145,1.0804426642252238,-0.008910093308966444,-0.17742046234836373,0.9588377203021281,-0.5378880334403661,0.09179313076500407,0.018202274533106688,1.1605046091458764,0.008089023074982462,-0.17358529142294202,0.9538675418586247
512677.778690938,PLAYBACK,2.2300370860029943,3.708602162078023e-05,-0.4962018768596952,0.077297779812314,0.018221560997940145,1.08389517051957,-0.008526481498483923,-0.17703685053787943,0.9588377203021281,-0.5393868829205595,0.09238962733978558,0.018235464841134016,1.163945644454001,0.008674319563776761,-0.17356462531899,0.9534898430944965
512677.782937266,PLAYBACK,2.2350678960210644,6.789603503420949e-05,-0.49773632410162527,0.07768139162279653,0.018221560997940145,1.0865804531929513,-0.0069920342565520655,-0.17703685053787943,0.9584541084916456,-0.5409012378724641,0.09301267005840771,0.018268910371699233,1.167430530045135,0.009261824982365571,-0.17354730744467484,0.9530991340140778
512677.791712787,PLAYBACK,2.2421883789938875,0.00218837900320068,-0.5004216067750065,0.07883222705424586,0.018221560997940145,1.0892657358663307,-0.006608422446069545,-0.17703685053787943,0.9584541084916456,-0.5430395668140103,0.09392795921058773,0.018315893328966607,1.172362961683019,0.010084762811551233,-0.17352845083237284,0.9525316149901655
512677.800815939,PLAYBACK,2.2529683909961022,0.0029683909961022437,-0.5031068894483877,0.0795994506752109,0.018221560997940145,1.0977051956969568,-0.005073975204137687,-0.1766532387273969,0.9580704966811613,-0.5462689208920409,0.09539080211222255,0.018386061705929154,1.1798304035281957,0.0113128042465516,-0.17351086686373754,0.9516388195152151
512677.809965861,PLAYBACK,2.260147336986847,0.0001473369775339961,-0.5057921721217689,0.08113389791714276,0.018221560997940145,1.1007740901808205,-0.00430675158317087,-0.1762696269169144,0.9573032730601962,-0.5484165560693135,0.09641835970915488,0.01843204733059948,1.184803318780637,0.012119735012229843,-0.17350529577168874,0.9510209488230459
512677.813999099,PLAYBACK,2.265064647013787,6.464699981734157e-05,-0.5073266193636989,0.08190112153810958,0.018221560997940145,1.1034593728542,-0.0035395279622058295,-0.1762696269169144,0.9569196612497137,-0.5498872017877133,0.09714757771232813,0.01846316998673678,1.1882095070676773,0.012667884345473623,-0.1735038212230487,0.9505866324483921
512677.823384946,PLAYBACK,2.2732784160180017,0.0032784159993752837,-0.5100119020370801,0.08305195696955714,0.018221560997940145,1.1088299382009623,-0.0020050807202739718,-0.17588601510643187,0.9561524376287469,-0.5523444076668932,0.09841280271320753,0.018514436581830405,1.193898644206536,0.013575946857262254,-0.17350482963612113,0.9498405529709142
512677.832366323,PLAYBACK,2.2800644760136493,6.44759857095778e-05,-0.511546349279012,0.08381918059052396,0.018221560997940145,1.1145841153582055,-0.0008542452888246344,-0.17588601510643187,0.9561524376287469,-0.5543761787869028,0.09950350580459723,0.018556086116339934,1.198597570623958,0.014319664254657843,-0.17350823651736566,0.9492043735412461
512677.84153399,PLAYBACK,2.2900614599930122,6.14600139670074e-05,-0.5153824673838425,0.08535362783245581,0.017837949187457625,1.1207219043259329,0.0006802019531072234,-0.17588601510643187,0.9550016021972993,-0.5573730438064937,0.10118621098341857,0.018616236531072743,1.2055132802229658,0.015405524857453173,-0.17351607906258715,0.9482343688526828
512677.85113465,PLAYBACK,2.30017028801376,0.00017028802540153265,-0.5184513618677045,0.08727168688487019,0.018221560997940145,1.1264760814831778,0.0018310373845547845,-0.17550240329594757,0.9542343785763325,-0.5604063618568783,0.10297910706436329,0.018675548126453473,1.2124863886938613,0.016492136894045436,-0.17352564299028955,0.9472147392789585
512677.859823765,PLAYBACK,2.3100962250027806,9.622500510886312e-05,-0.5211366445410857,0.08918974593728457,0.017837949187457625,1.1356827649347672,0.002981872816004122,-0.17550240329594757,0.95385076676585,-0.5633823923183003,0.10482538583976889,0.018732264766376572,1.219293192597032,0.017547403010102002,-0.17353478342318454,0.9461783868647827
512677.863718946,PLAYBACK,2.3150633919867687,6.33919844403863e-05,-0.5226710917830175,0.09034058136873391,0.018221560997940145,1.1391352712291152,0.003749096436970939,-0.17550240329594757,0.9534671549553675,-0.5648685694526803,0.10577944482944641,0.01876008298989471,1.2226771207417961,0.01807084913338315,-0.17353873834927858,0.9456479355846199
512677.868273428,PLAYBACK,2.3200621390133165,6.2139006331563e-05,-0.5242055390249494,0.09110780498970072,0.017837949187457625,1.1418205539024946,0.0048999318684185,-0.17511879148546505,0.9530835431448832,-0.5663610262522231,0.10675880649234995,0.01878771337930346,1.2260639071469575,0.018594418538265038,-0.17354204937232848,0.9451068688877455
512677.876895544,PLAYBACK,2.327627599996049,0.002627599984407425,-0.5272744335088131,0.0926422522316308,0.018221560997940145,1.1452730601968408,0.005667155489385317,-0.17511879148546505,0.9526999313344007,-0.5686125113965317,0.10827611879878463,0.018828889399368484,1.2311495902925638,0.01938081032349546,-0.17354541499961054,0.9442753124327568
512677.885918511,PLAYBACK,2.338523634010926,0.003523633989971131,-0.5299597161821943,0.09417669947356266,0.018221560997940145,1.1540961318379495,0.007201602731317175,-0.17473517967498253,0.9515490959029513,-0.57183802178484,0.11053182644057932,0.018887071271640847,1.2383813880284813,0.020501696753673346,-0.17354590884947604,0.9430537601773745
512677.895267898,PLAYBACK,2.3452628640225157,0.0002628640504553914,-0.5326449988555737,0.095327534905012,0.018221560997940145,1.1575486381322957,0.007968826352282216,-0.17473517967498253,0.9511654840924688,-0.5738227277390826,0.11196661543749743,0.018922593635114466,1.2427970049453871,0.021189080529578887,-0.17354320845578725,0.9422857616496979
512677.899549744,PLAYBACK,2.35006428102497,6.42810482531786e-05,-0.533795834287023,0.09609475852597882,0.018221560997940145,1.1606175326161594,0.008352438162766512,-0.17473517967498253,0.9511654840924688,-0.575232096062541,0.11300658286464679,0.018947785000756598,1.2459158483416735,0.02167658092497796,-0.17353975182560988,0.941733462005675
512677.908293895,PLAYBACK,2.362140930024907,0.007140930043533444,-0.5380155642023361,0.09762920576791068,0.018221560997940145,1.1698242160677506,0.01027049721518089,-0.17473517967498253,0.9500146486610195,-0.5787606292433811,0.11568473622369137,0.019011160596530192,1.253660368796112,0.022896673255469912,-0.17352511271672613,0.940328209141214
512677.917289199,PLAYBACK,2.367651542997919,0.0026515430072322488,-0.5387827878233011,0.09839642938887572,0.018605172808422665,1.17250949874113,0.01065410902566341,-0.17473517967498253,0.949631036850537,-0.580363239006968,0.11693508960612131,0.01904030520272862,1.2571465889228235,0.023451481374123864,-0.17351553700067254,0.9396806847955883
512677.926515208,PLAYBACK,2.375061784987338,6.178498733788729e-05,-0.5414680704966823,0.09916365300984253,0.018605172808422665,1.1790308995193417,0.011804944457112748,-0.17473517967498253,0.9484802014190876,-0.5825111677109661,0.11864281122328843,0.01907998362248874,1.2617875250559625,0.024196705639679537,-0.17349979449013886,0.9388053154996637
512677.935168103,PLAYBACK,2.3850666630314663,6.666302215307951e-05,-0.5437697413595792,0.10069810025177439,0.018605172808422665,1.1844014648661023,0.01295577988856031,-0.1743515678645,0.9477129777981226,-0.5853984125704681,0.12099349495180496,0.019134922794048072,1.26796781672595,0.025203093891178457,-0.1734734440121237,0.9376178853982177
512677.939311663,PLAYBACK,2.3900662119849585,6.621197098866105e-05,-0.5453041886015111,0.10146532387273943,0.018605172808422665,1.1870867475394835,0.013723003509527126,-0.1743515678645,0.9473293659876401,-0.5868357375411938,0.12218623697633775,0.01916318198230626,1.2710193144184778,0.025706829226257725,-0.17345817176116876,0.9370233875030765
512677.943593199,PLAYBACK,2.3950006859959103,6.859772838652134e-07,-0.5464550240329604,0.10184893568322195,0.018605172808422665,1.1928409246967266,0.014106615320009647,-0.1743515678645,0.9473293659876401,-0.5882507686553363,0.12337447124766988,0.019191733685169507,1.274007007678434,0.026204974410321505,-0.17344179567459472,0.936436659252113
512677.952411302,PLAYBACK,2.4028324490063824,0.0028324489830993116,-0.5487566948958573,0.10299977111467129,0.018605172808422665,1.1962934309910729,0.015257450751458984,-0.1743515678645,0.9465621423666732,-0.5904892381480628,0.12528133283226042,0.019238655185941343,1.2786998110364114,0.026998341442626476,-0.1734133149289608,0.9355069412989026
512677.961844239,PLAYBACK,2.4143874630099162,0.004387463035527617,-0.551058365758756,0.10376699473563633,0.018605172808422665,1.2043492790112147,0.01640828618290832,-0.1743515678645,0.9454113069352257,-0.5937748462669697,0.12813678891628758,0.019312324949641628,1.2855135472873656,0.028177329587800358,-0.17336633618325434,0.9341431863182666
512677.971168087,PLAYBACK,2.4211130770272575,0.001113077043555677,-0.5537436484321372,0.10530144197756819,0.018605172808422665,1.2078017853055627,0.017175509803873362,-0.1743515678645,0.9450276951247414,-0.595677504446454,0.12981888737225727,0.01935817224582321,1.289419105184605,0.02886955894998101,-0.17333669707686714,0.9333565461509854
512677.980207546,PLAYBACK,2.430059887992684,5.9887999668717384e-05,-0.5564289311055166,0.10645227740901753,0.018221560997940145,1.2143231860837727,0.0183263452353227,-0.17396795605401572,0.9438768596932938,-0.5981968232128481,0.13207565022458392,0.019423221037920307,1.2945456508075295,0.029798844440812353,-0.17329523418546877,0.9323216236341093
512677.984391103,PLAYBACK,2.4350563100306317,5.6310032960027456e-05,-0.5579633783474485,0.10721950102998434,0.018605172808422665,1.2173920805676364,0.0183263452353227,-0.1743515678645,0.9434932478828095,-0.5995976588294187,0.1333439862173403,0.019461836296104727,1.2973744055724554,0.030322603488072742,-0.17327131125137252,0.9317506766306801
512677.992935599,PLAYBACK,2.4437814140110277,0.0037814140086993575,-0.5606486610208297,0.1083703364614319,0.018221560997940145,1.223529869535362,0.01909356885628774,-0.1743515678645,0.943109636072327,-0.6020327956225149,0.1355697455521447,0.019533741221522787,1.3022553985294556,0.031246577867337144,-0.17322871254760555,0.9307681647859171
512678.002229749,PLAYBACK,2.4500586839858443,5.868397420272231e-05,-0.561799496452279,0.10913756008239872,0.018221560997940145,1.229284046692607,0.020244404287737078,-0.17396795605401572,0.943109636072327,-0.6037755291955386,0.1371775617203515,0.019589386343147743,1.3057207967820206,0.031919448652962076,-0.17319778550179746,0.9300744313642986
512678.010934304,PLAYBACK,2.4600778000312857,7.780001033097506e-05,-0.5660192263675903,0.1110556191348131,0.017837949187457625,1.2350382238498518,0.020628016098219598,-0.17396795605401572,0.9419588006408777,-0.6065398962478377,0.13975037536366705,0.019685891063504622,1.3111717649261239,0.03300911747264592,-0.17314878300939388,0.9289936520637544
512678.01595324,PLAYBACK,2.4700556169846095,5.561701254919171e-05,-0.5687045090409715,0.11335728999771,0.018221560997940145,1.240792401007095,0.021395239719186415,-0.1735843442435332,0.9415751888303951,-0.6092700814456719,0.14231439424450149,0.01979263077170822,1.3165023586453055,0.03411552107690743,-0.17310156655625497,0.9279544037726867
512678.024248376,PLAYBACK,2.4750644830055535,6.448302883654833e-05,-0.5698553444724208,0.11450812542915934,0.017837949187457625,1.2434776836804762,0.021778851529668936,-0.1735843442435332,0.9408079652094301,-0.6106313572408588,0.14359990246981225,0.019850681112503377,1.3191414917892168,0.03467962917579343,-0.17307888560376827,0.9274483040101652
512678.028583465,PLAYBACK,2.480054985033348,5.49850519746542e-05,-0.5710061799038684,0.11527534905012615,0.017837949187457625,1.2488482490272368,0.022162463340151456,-0.1735843442435332,0.9404243533989458,-0.6119810627543959,0.14487834823673634,0.01991174852702388,1.321746473261423,0.035247810005038564,-0.173057199642778,0.9269552860089785
512678.038069995,PLAYBACK,2.4879979920224287,0.0029979920363985,-0.573307850766767,0.11719340810254053,0.017837949187457625,1.2511499198901355,0.022929686961118273,-0.17320073243305067,0.9396571297779808,-0.614114914051923,0.1469059116989841,0.0200160973135195,1.3258422493324538,0.036165422139978476,-0.17302499880122948,0.9261952165039037
512678.046845206,PLAYBACK,2.4964856990263797,0.0014856990310363472,-0.575609521629664,0.11911146715495491,0.017837949187457625,1.256520485236896,0.024080522392565834,-0.17320073243305067,0.938889906157014,-0.6163741344621703,0.14905868978971926,0.020138159664848013,1.3301505280926027,0.037164969996824254,-0.1729944483838288,0.9254188025952991
512678.055668559,PLAYBACK,2.5059635229990818,0.0009635229944251478,-0.5779111924925626,0.12141313801785181,0.017837949187457625,1.2638091096360728,0.02484774601353265,-0.17320073243305067,0.9381226825360489,-0.618868975288023,0.15143965586157856,0.020288659192083874,1.3348779351718665,0.03830565514484399,-0.17296610167321222,0.9245986965861123
512678.064974862,PLAYBACK,2.5150113080162555,1.1308002285659313e-05,-0.5802128633554595,0.12333119707026796,0.017837949187457625,1.2691796749828335,0.025614969634497692,-0.17320073243305067,0.9373554589150839,-0.621220508803526,0.15368362822002554,0.020447708389415554,1.3393087390545295,0.039419926554605564,-0.17294578436822203,0.9238648375791347
512678.069078426,PLAYBACK,2.521135372982826,0.0011353729641996324,-0.5817473105973914,0.12486564431219982,0.017837949187457625,1.2718649576562147,0.02676580506594703,-0.17320073243305067,0.9369718471045996,-0.622794036497225,0.1551831329742231,0.020564621023456044,1.3422622735082015,0.04018867677444997,-0.1729362907148502,0.9233965278979708
512678.078224761,PLAYBACK,2.5250675459974445,6.75459741614759e-05,-0.5832817578393232,0.12601647974364738,0.018221560997940145,1.2749338521400784,0.02676580506594703,-0.17320073243305067,0.9369718471045996,-0.6237961559321403,0.15613661085510536,0.020643877655864153,1.3441393447553704,0.04068860063406873,-0.17293217057460644,0.9231082472844382
512678.087206429,PLAYBACK,2.535069920006208,6.992003181949258e-05,-0.5855834287022201,0.12831815060654606,0.017837949187457625,1.280304417486839,0.027916640497396367,-0.17320073243305067,0.935821011673152,-0.6263143182540866,0.15852501636746624,0.020861184380168443,1.3488459542911886,0.04198287329604109,-0.17292921326386776,0.9224195290212255
512678.091084859,PLAYBACK,2.5450185909867287,1.859100302681327e-05,-0.5901867704280157,0.13061982146944295,0.017837949187457625,1.2856749828335996,0.028300252307878887,-0.17281712062256815,0.9350537880521852,-0.6287713511011657,0.16084104725266302,0.02110128394571127,1.353430436540157,0.043302628263128175,-0.17293782962743323,0.9217986522076681
512678.100602429,PLAYBACK,2.550868838035967,0.0008688380476087332,-0.5917212176699476,0.13292149233234163,0.018221560997940145,1.2883602655069808,0.028683864118361407,-0.17281712062256815,0.9350537880521852,-0.6301921973138904,0.16217185549355,0.021254438351852787,1.3560813955457678,0.044093760242001644,-0.17294863710765615,0.9214632982982247
512678.109863004,PLAYBACK,2.5600605200161226,6.0520018450915813e-05,-0.5940228885328462,0.134839551384756,0.018221560997940145,1.2964161135271226,0.029451087739328224,-0.17281712062256815,0.9350537880521852,-0.6323860427516736,0.164211580806722,0.021514135124840735,1.360179873930814,0.04535894286091131,-0.17297458855659104,0.9209798540367503
512678.11395791,PLAYBACK,2.5650601590168662,6.015901453793049e-05,-0.5955573357747781,0.13599038681620534,0.018221560997940145,1.2991013962005038,0.030218311360293265,-0.17281712062256815,0.9346701762417027,-0.633558529830829,0.16529302064401355,0.021665654509137513,1.3623754029595978,0.046058277970721886,-0.1729934131913969,0.9207384239406186
512678.122733882,PLAYBACK,2.5738195690209977,0.0038195690140128136,-0.5982426184481575,0.1375248340581372,0.018221560997940145,1.304088349736782,0.030985534981260082,-0.17281712062256815,0.9342865644312202,-0.6355755475327582,0.16713704900201792,0.021949477379805307,1.366165957396433,0.047301955936543225,-0.1730345000295376,0.9203498814490736
512678.131862824,PLAYBACK,2.581987650017254,0.0019876500009559095,-0.6005442893110562,0.13905928130006906,0.018221560997940145,1.3063900205996788,0.03251998222319194,-0.17281712062256815,0.9335193408102533,-0.6374120372064369,0.16879565186459944,0.022236225756773895,1.3696385195919354,0.048482218088566384,-0.1730821215061974,0.9200240183544831
512678.140968231,PLAYBACK,2.5945980970282108,0.004598097002599388,-0.604380407415885,0.142128175783931,0.018221560997940145,1.3129114213778887,0.0340544294651238,-0.17281712062256815,0.9319848935683215,-0.640159981408796,0.1712352580138999,0.022723447921491103,1.3748899329003161,0.050341883076796885,-0.17317302782679855,0.9195801987442409
512678.14931721,PLAYBACK,2.6000662890146486,6.628903793171048e-05,-0.6051476310368518,0.14289539940489782,0.018605172808422665,1.31559670405127,0.03482165308608884,-0.17281712062256815,0.931601281757839,-0.641317845309412,0.1722461118091258,0.02295243472770664,1.377129084320704,0.051162020423628544,-0.17321883596218524,0.9194061979237564
512678.153544602,PLAYBACK,2.6056744499946944,0.000674450013320893,-0.6062984664682993,0.14404623483634715,0.018221560997940145,1.319816433966583,0.035972488517538176,-0.17281712062256815,0.9312176699473564,-0.6424838815887841,0.17325276388340854,0.023198948180277686,1.3794039562602045,0.05201159573639297,-0.17326969548076235,0.9192368228197598
512678.162539696,PLAYBACK,2.6100614889874123,6.14890013821423e-05,-0.6074493018997487,0.1448134584573122,0.018605172808422665,1.3217344930189974,0.036356100328020696,-0.17281712062256815,0.9312176699473564,-0.6433807800920239,0.17401882361908286,0.02340026862218572,1.3811693977952555,0.052682066952347215,-0.17331214130717232,0.9191094675455341
512678.166821743,PLAYBACK,2.6200627210200764,6.272102473303676e-05,-0.609367360952163,0.14673151750972657,0.018605172808422665,1.3255706111238261,0.037506935759470034,-0.17281712062256815,0.9300668345159071,-0.6453750898529546,0.17569444333580336,0.023888103955741445,1.3851528837116471,0.054229510459624534,-0.17341725022887866,0.918830220981413
512678.175828068,PLAYBACK,2.6293910160311498,0.004391016031149775,-0.6124362554360268,0.14864957656214273,0.018221560997940145,1.3297903410391392,0.03865777119091937,-0.17281712062256815,0.9289159990844578,-0.6471715305762378,0.17716801630800103,0.024380780594204215,1.3888241594803445,0.0556959371208326,-0.17352506577838162,0.9185744425668751
512678.185432746,PLAYBACK,2.635602428985294,0.0006024289759807289,-0.6135870908674761,0.1505676356145571,0.018221560997940145,1.333626459143968,0.03942499481188441,-0.17281712062256815,0.9285323872739752,-0.6483331946213702,0.17810112486711935,0.024729769796467665,1.3912492153876312,0.05668423562221494,-0.1736016373597638,0.9184009863733574
512678.189446897,PLAYBACK,2.640055374999065,5.5374985095113516e-05,-0.6147379262989254,0.15171847104600467,0.018605172808422665,1.3359281300068666,0.03980860662236693,-0.17281712062256815,0.9285323872739752,-0.6491487649349279,0.17874630056334867,0.024990502372356695,1.3929795652544623,0.057398295396980006,-0.17365868175699695,0.9182728033305082
512678.198350545,PLAYBACK,2.6485363289830275,0.0035363289644010365,-0.6170395971618223,0.15440375371938586,0.018221560997940145,1.337846189059281,0.04134305386429879,-0.17281712062256815,0.9269979400320434,-0.6506615882208555,0.17991995197836874,0.02551182162865786,1.3962589943528014,0.05877024452401724,-0.17377178770585697,0.9180145761068685
512678.207435172,PLAYBACK,2.655396782036405,0.0003967820084653795,-0.6181904325932717,0.1555545891508352,0.018221560997940145,1.342065918974594,0.04249388929574813,-0.17243350881208386,0.9266143282215609,-0.6518456205892726,0.18081622346421675,0.0259574465516896,1.3988984513870162,0.05989043194638257,-0.17386700184956397,0.9177868696899387
512678.211052428,PLAYBACK,2.6650615659891628,6.156601011753082e-05,-0.6216429388876179,0.1578562600137321,0.018221560997940145,1.3462856488899053,0.044028336537679985,-0.17243350881208386,0.9262307164110783,-0.653451300777366,0.18199788013466284,0.026621333193956594,1.402599206196645,0.06148152350258777,-0.17400558177729644,0.9174273582082899
512678.220375885,PLAYBACK,2.67104481899878,0.0010448190150782466,-0.6227937743190672,0.16015793087663077,0.018605172808422665,1.348587319752804,0.044795560158645026,-0.17243350881208386,0.925847104600594,-0.6544075376614733,0.1826818390416597,0.02705303866141175,1.4048804134151829,0.06247233732468324,-0.17409328121405096,0.9171768580255043
512678.224382892,PLAYBACK,2.6754329500254244,0.0004329500370658934,-0.6239446097505148,0.16130876630807833,0.018605172808422665,1.350888990615701,0.04517917196912932,-0.17243350881208386,0.9254634927901115,-0.6550898897219857,0.18316034320899188,0.027379370018974954,1.4065485264516397,0.06320090428445718,-0.17415820499479132,0.9169774085749286
512678.233921533,PLAYBACK,2.6875038479920477,0.007503847999032587,-0.6273971160448628,0.16437766079194205,0.018988784618905186,1.3574103913939108,0.04748084283202622,-0.17281712062256815,0.9246962691691465,-0.6568814110380083,0.184376352022326,0.028316853816626852,1.411113075828663,0.0652082641035665,-0.17433778924540258,0.9163506169778766
512678.242054306,PLAYBACK,2.692382353998255,0.002382353995926678,-0.6289315632867947,0.16514488441290887,0.019756008239872003,1.3593284504463252,0.04824806645299304,-0.17243350881208386,0.9243126573586622,-0.6575689231967043,0.18482658686715078,0.028710991390106397,1.4129463019135942,0.06601876943134422,-0.17441012628530428,0.9160615085850451
512678.251582527,PLAYBACK,2.701583054033108,0.0015830540214665234,-0.630849622339209,0.16706294346532324,0.020139620050354523,1.3650826276035701,0.049782513694924896,-0.17243350881208386,0.9239290455481797,-0.6588069934866311,0.18561277847506932,0.029475180624528773,1.416382046317166,0.06754213301501934,-0.17454495944846662,0.9154551507218348
512678.260182269,PLAYBACK,2.7100606210296974,6.062100874260068e-05,-0.633151293202106,0.1685973907072551,0.020523231860837043,1.3670006866559845,0.051316960936856754,-0.17281712062256815,0.9235454337376972,-0.6598795376330953,0.18626681746869933,0.030200060222076275,1.4195190874809183,0.06893616589928453,-0.1746662622861241,0.9148222104172476
512678.264538619,PLAYBACK,2.7150564420153387,5.644198972731829e-05,-0.6339185168230728,0.16936461432822014,0.02090684367132134,1.3685351338979164,0.05208418455782357,-0.17281712062256815,0.9231618219272146,-0.6604810867689238,0.1866220298528232,0.030634987172806733,1.4213534469269684,0.06975203070264858,-0.1747359988246213,0.9144147988235889
512678.268359818,PLAYBACK,2.7200602290104143,6.022903835400939e-05,-0.6346857404440378,0.16974822613870444,0.02129045548180386,1.3719876401922626,0.05285140817878861,-0.17281712062256815,0.9227782101167303,-0.6610612309355044,0.1869563436525942,0.031075447880212874,1.4231794748887863,0.07056442529492671,-0.174804333236956,0.9139807846951951
512678.277610815,PLAYBACK,2.7276164420181885,0.0026164420414716005,-0.6366037994964522,0.1712826733806363,0.02167406729228638,1.373905699244677,0.05400224361023795,-0.17281712062256815,0.9216273746852828,-0.661895795030171,0.18742246303574783,0.03174820610759121,1.4259149790273118,0.07178155227834232,-0.17490435120030698,0.9132758907853924
512678.287433313,PLAYBACK,2.7413913020282052,0.006391302042175084,-0.6389054703593509,0.17281712062256815,0.022441290913253198,1.3785090409704743,0.05630391447313485,-0.17281712062256815,0.9200929274433509,-0.6632945189351878,0.18816215243686032,0.03299186695098737,1.4308339473956022,0.07397001087361747,-0.1750759103528597,0.9118380053432634
512678.295618667,PLAYBACK,2.745059175998904,5.917600356042385e-05,-0.6400563057908002,0.17281712062256815,0.022441290913253198,1.3804271000228887,0.057071138094101664,-0.17281712062256815,0.9197093156328666,-0.6636416992332049,0.18833723680691813,0.033325659105577894,1.4321296134079022,0.07454650621659764,-0.17511913525241532,0.911422124193583
512678.301052533,PLAYBACK,2.7550553180044517,5.531799979507923e-05,-0.6412071412222478,0.17396795605401572,0.02282490272373572,1.383879606317235,0.05898919714651604,-0.17320073243305067,0.9189420920119016,-0.6645377255039114,0.1887724889883613,0.03423892590146409,1.4356334582695534,0.07610628892370948,-0.17523162529085448,0.910219146084267
512678.308981103,PLAYBACK,2.7600718390312977,7.183902198448777e-05,-0.6419743648432146,0.17396795605401572,0.02282490272373572,1.387332112611583,0.05937280895699856,-0.17281712062256815,0.9185584802014191,-0.6649612067604097,0.18896952088191296,0.034698616978023906,1.4373782585717088,0.07688381643463704,-0.1752851749965513,0.9095774313694519
512678.313610128,PLAYBACK,2.765055578027386,5.557801341637969e-05,-0.6423579766536971,0.1743515678645,0.02282490272373572,1.3892501716639973,0.06129086800941294,-0.17320073243305067,0.9181748683909365,-0.6653656215458302,0.1891522526164471,0.03515586310906688,1.4391038101978497,0.07765361743830217,-0.17533649067227616,0.9089149894307584
512678.322571527,PLAYBACK,2.7728648179909214,0.0028648179722949862,-0.643892423895629,0.17511879148546505,0.02320851453421824,1.3907846189059292,0.06167447981989724,-0.17320073243305067,0.9170240329594872,-0.6659684206235853,0.1894143981338771,0.03587296834815648,1.441794126227663,0.07885616985418764,-0.1754132166503492,0.9078273746529065
512678.331598963,PLAYBACK,2.7814084920100868,0.0014084919821470976,-0.6454268711375608,0.17550240329594757,0.02359212634470076,1.3950043488212405,0.0632089270618291,-0.17320073243305067,0.9166404211490047,-0.6665875223441435,0.18967030682600805,0.036657713493485185,1.4447223154418047,0.08016951639087531,-0.17549219279079842,0.9065685716097573
512678.340270314,PLAYBACK,2.7900758950272575,7.589504821226001e-05,-0.6465777065690101,0.17588601510643187,0.02359212634470076,1.3984568551155885,0.06474337430376095,-0.17320073243305067,0.9158731975280379,-0.6671757362049968,0.18990025961685936,0.037453340361280105,1.4476814273610636,0.08150308047220581,-0.1755672651262802,0.9052184084428028
512678.344940598,PLAYBACK,2.7950695430045016,6.954302079975605e-05,-0.6469613183794927,0.17588601510643187,0.023975738155185056,1.4003749141680029,0.06512698611424347,-0.17320073243305067,0.9158731975280379,-0.6674976193426417,0.19002039321825523,0.037911271669953596,1.4493828773267625,0.08227343873474531,-0.17560831692626924,0.9044072044290855
512678.34903845,PLAYBACK,2.8000801730086096,8.01730202510953e-05,-0.648112153810942,0.1762696269169144,0.023975738155185056,1.403827420462349,0.065510597924726,-0.17320073243305067,0.9154895857175553,-0.6678087842321407,0.1901325390418776,0.038370285364813794,1.4510886828233012,0.08304882601281034,-0.17564795877451267,0.9035688096657234
512678.357803411,PLAYBACK,2.8083470740239136,0.0033470740308985114,-0.6492629892423896,0.17703685053787943,0.024359349965667576,1.4057454795147635,0.06666143335617533,-0.17320073243305067,0.9147223620965885,-0.6682976438187941,0.1903005034893812,0.03912628381429509,1.4539020893385879,0.08433531487356732,-0.17571011313832177,0.9021321359837363
512678.366777715,PLAYBACK,2.817056688014418,0.0020566880120895803,-0.6504138246738389,0.17742046234836373,0.024742961776150096,1.4088143739986272,0.06742865697714037,-0.17320073243305067,0.9139551384756235,-0.6687816341442564,0.19045643217704186,0.03992055649859962,1.4568681740142726,0.08570345123219172,-0.1757714473680132,0.9005466154605891
512678.375974297,PLAYBACK,2.8256412820192054,0.0006412820075638592,-0.6515646601052882,0.17818768596932877,0.025126573586632617,1.412650492103456,0.06896310421907223,-0.17320073243305067,0.9128043030441741,-0.6692295852812465,0.19059106049675326,0.040700691534254596,1.4597972565838364,0.08706823491905827,-0.1758279961632026,0.8989116765986825
512678.384963009,PLAYBACK,2.835075411014259,7.541099330410361e-05,-0.6527154955367358,0.1789549095902938,0.025510185397115137,1.4157193865873197,0.06973032784003905,-0.17320073243305067,0.9112698558022423,-0.6696907677848921,0.19071937886029988,0.04155426094456023,1.4630264535700692,0.08859077969887463,-0.1758859719417614,0.8970322884400921
512678.388654849,PLAYBACK,2.840853600006085,0.0008535999804735184,-0.6534827191577026,0.1793385214007781,0.025510185397115137,1.4191718928816677,0.07088116327148661,-0.1735843442435332,0.9108862439917598,-0.6699580636734244,0.19078873089994763,0.04207480194261514,1.4650111970276247,0.08953686484242736,-0.17591945980805015,0.8958384490880766
512678.396098926,PLAYBACK,2.8450631269952282,6.312702316790819e-05,-0.6542499427786677,0.17972213321126063,0.025893797207599434,1.4203227283131152,0.07164838689245343,-0.17320073243305067,0.9105026321812772,-0.6701458638785838,0.1908351628513199,0.04245282818956035,1.4664610324910403,0.09023329199934371,-0.17594294095121293,0.894948252655866
512678.402484705,PLAYBACK,2.8551496629952453,0.00014966301387175918,-0.6557843900205995,0.18048935683222567,0.026277409018081954,1.4237752346074615,0.07279922232390276,-0.1735843442435332,0.9089681849393454,-0.670573135581884,0.19093345030573539,0.04335406938331512,1.4699503838148535,0.09192909480107814,-0.17599624144808337,0.8927450227274552
512678.410988552,PLAYBACK,2.860086811997462,8.681201143190265e-05,-0.6573188372625314,0.18125658045319248,0.027044632639046995,1.4253096818493933,0.07318283413438528,-0.17320073243305067,0.9085845731288629,-0.67077106768467,0.19097538004200676,0.04379263989883775,1.4716671693755916,0.09277427100689019,-0.17602089171095675,0.8916304514980747
512678.419666305,PLAYBACK,2.8704775940277614,0.0004775940324179828,-0.6584696726939807,0.18202380407415752,0.027811856260013812,1.4306802471961557,0.07433366956583462,-0.1735843442435332,0.907050125886931,-0.6711648157051182,0.19105164778456898,0.04470949105818975,1.4753017262150094,0.09458882761752423,-0.17606991535545297,0.8892070612043537
512678.427445718,PLAYBACK,2.875060810998548,6.081099854782224e-05,-0.65962050812543,0.18240741588464182,0.028579079880978853,1.4322146944380876,0.07510089318679966,-0.1735843442435332,0.9062829022659642,-0.6713290438803692,0.1910805319015838,0.045111015762036244,1.476914876803821,0.09540573772561264,-0.17609038558445791,0.888104661224525
512678.433919025,PLAYBACK,2.885059177002404,5.917699309065938e-05,-0.6611549553673619,0.18317463950560686,0.02934630350194567,1.4356672007324338,0.07701895223921404,-0.1735843442435332,0.9051320668345149,-0.671668188139374,0.1911344450589584,0.04598020805423205,1.480457250034558,0.09722592607558139,-0.17613279148834157,0.885628584768909
512678.437977271,PLAYBACK,2.89006349502597,6.349501200020313e-05,-0.6615385671778444,0.18355825131608938,0.02972991531242819,1.4368180361638831,0.07740256404969834,-0.1735843442435332,0.9043648432135498,-0.6718284416785364,0.19115712424129522,0.04641152827569873,1.4822430184897495,0.09815775780672945,-0.17615293588564646,0.8843526039002078
512678.44671008,PLAYBACK,2.9001872219960205,0.005187221977394074,-0.6634566262302588,0.18470908674753872,0.03011352712291071,1.4402705424582294,0.07893701129162842,-0.17396795605401572,0.9024467841611354,-0.6721341329676804,0.19119515641885113,0.047275831555202534,1.485883670261618,0.10008839976632518,-0.17619168351683523,0.8816964445367889
512678.456332422,PLAYBACK,2.9062380460090935,0.0012380459811538458,-0.6638402380407413,0.18547631036850554,0.030880750743877527,1.441421377889677,0.07970423491259523,-0.17396795605401572,0.9016795605401686,-0.6723054498240655,0.1912133450422912,0.04778677813484416,1.4880786302546058,0.10127310393065043,-0.17621366534797747,0.8800610381874665
512678.464946011,PLAYBACK,2.915250473015476,0.0002504730364307761,-0.6646074616617081,0.18624353398947058,0.03164797436484257,1.4460247196154725,0.08200590577549213,-0.17396795605401572,0.8989942778667892,-0.6725454837297509,0.1912348695067173,0.04853939247454186,1.4913760013595194,0.10308313304010916,-0.17624493835207233,0.8775587830004363
512678.469396052,PLAYBACK,2.920059806026984,5.980604328215122e-05,-0.6649910734721907,0.1866271457999531,0.032415197985809385,1.4460247196154725,0.08200590577549213,-0.17396795605401572,0.8989942778667892,-0.6726664036912914,0.19124389813889536,0.04893665671366436,1.4931499963803043,0.10407235027736761,-0.17626096889984139,0.87619099939859
512678.478122127,PLAYBACK,2.9250542750232853,5.427503492683172e-05,-0.6649910734721907,0.18739436942091992,0.032798809796291906,1.4490936140993362,0.08354035301742399,-0.17396795605401572,0.8982270542458224,-0.6727868554156414,0.19125164280364396,0.04934583763502811,1.495003336023274,0.10511755890104806,-0.1762771727584471,0.8747466565518366
512678.482748488,PLAYBACK,2.935073511034716,7.351103704422712e-05,-0.6657582970931575,0.18816159304188496,0.03356603341725872,1.4521625085832,0.08507480025935585,-0.17396795605401572,0.896308995193408,-0.6730132281532282,0.19126271634323816,0.05015573551317853,1.4987564889634626,0.10727159793710653,-0.17630843899905307,0.8717760423672991
512678.491116614,PLAYBACK,2.9420167240314186,0.0020167240290902555,-0.6665255207141225,0.18854520485236748,0.034716868848706284,1.4536969558251318,0.08622563569080519,-0.17396795605401572,0.8947745479514762,-0.6731585356973527,0.19126735115535537,0.05070786532476765,1.5013857939565198,0.10881094074991715,-0.17632923433360181,0.869660673147632
512678.500211821,PLAYBACK,2.95259325299412,0.002593252982478589,-0.666909132524605,0.1893124284733343,0.0354840924696731,1.4579166857404449,0.08852730655370208,-0.17396795605401572,0.8928564888990618,-0.6733623544583831,0.1912704809524362,0.05153326616283246,1.5054360922752206,0.11123178983777149,-0.17635970928683747,0.8663512740378438
512678.50426123,PLAYBACK,2.9550631800084375,6.317999213933945e-05,-0.6665255207141225,0.1893124284733343,0.03586770428015562,1.4579166857404449,0.08852730655370208,-0.17396795605401572,0.8928564888990618,-0.6734069781888823,0.19127063081937856,0.05172309665881892,1.5063896197009257,0.11181051253448511,-0.17636663458232377,0.8655637948560991
512678.514144013,PLAYBACK,2.9636004220228642,0.0036004220019094646,-0.666909132524605,0.1896960402838168,0.03625131609063814,1.4606019684138243,0.09044536560611824,-0.17396795605401572,0.8913220416571299,-0.6735527501450025,0.19126976358758951,0.05236992886885992,1.509706276343457,0.11384970087152191,-0.17639005492473317,0.8628017464803375
512678.522209126,PLAYBACK,2.9728628910379484,0.002862891065888107,-0.666909132524605,0.19007965209429933,0.03778576333257,1.4659725337605867,0.09236342465853262,-0.1743515678645,0.8897875944151981,-0.6736963475761139,0.1912668783083908,0.0530538157111951,1.5133365767203277,0.11612835044812678,-0.17641459905985782,0.8597408871133769
512678.53110021,PLAYBACK,2.9800609539961442,6.0954014770686626e-05,-0.666909132524605,0.19046326390478363,0.03816937514305252,1.4675069810025185,0.094281483710947,-0.1743515678645,0.8878695353627837,-0.6737977460453711,0.19126364911585092,0.05357090627054703,1.516175049347211,0.11794370588592275,-0.17643306510667636,0.8573232573469189
512678.540564017,PLAYBACK,2.9900653720251285,6.537203444167972e-05,-0.666909132524605,0.19084687571526615,0.03893659876401934,1.4709594872968648,0.09581593095287885,-0.1743515678645,0.8863350881208518,-0.6739243540109644,0.19125831054656536,0.05426641691735317,1.5201347338976545,0.12052487202665621,-0.17645783590612318,0.853919657274577
512678.544655426,PLAYBACK,2.995132962008938,0.0001329620135948062,-0.666909132524605,0.19123048752574867,0.040087434195468674,1.4724939345387966,0.09696676638432819,-0.17473517967498253,0.8851842526894025,-0.6739823558002014,0.1912554270797733,0.05460770540386037,1.5221429938796125,0.12185531356245825,-0.1764699754282143,0.8521814518065701
512678.548829786,PLAYBACK,3.0000660929945298,6.609299452975392e-05,-0.666909132524605,0.19123048752574867,0.040471046005951195,1.4759464408331429,0.09811760181577575,-0.17473517967498253,0.8840334172579531,-0.6740350194462144,0.1912526077147513,0.05493252691121405,1.5240976789906175,0.12316379209718904,-0.17648152262581124,0.8504829455569765
512678.558039583,PLAYBACK,3.0106556370155886,0.005655637010931969,-0.666909132524605,0.1916140993362312,0.041238269626916235,1.479398947127489,0.10118649629963947,-0.17473517967498253,0.881348134584572,-0.6741360577965737,0.1912468205894031,0.05560464823434489,1.5282883327193897,0.12601297296507666,-0.17650539020754763,0.8468230373993135
512678.567079714,PLAYBACK,3.0173884549876675,0.0023884549736976624,-0.6665255207141225,0.1916140993362312,0.04238910505836557,1.4828514534218353,0.10195371992060628,-0.17473517967498253,0.8801972991531244,-0.674192319635043,0.1912435311735888,0.05601417161168592,1.5309474380848374,0.12785104141826276,-0.17651990196727996,0.8444904881904228
512678.576760699,PLAYBACK,3.026558434998151,0.0015584349748678505,-0.666909132524605,0.1916140993362312,0.04353994048981491,1.4847695124742515,0.10387177897302066,-0.1743515678645,0.8771284046692607,-0.6742598132619959,0.19123978789230406,0.05655022018361754,1.5345628988225883,0.1303862718045857,-0.17653882770019647,0.841310549637979
512678.585367625,PLAYBACK,3.035693248035386,0.0006932480609975755,-0.666909132524605,0.1919977111467155,0.04430716411077995,1.4889892423895628,0.10578983802543504,-0.17473517967498253,0.874059510185397,-0.6743174739316189,0.19123711973359156,0.05706030628027865,1.5381603121054361,0.1329483714287323,-0.17655671156970482,0.8381413918110485
512678.589648209,PLAYBACK,3.0400606500334106,6.06500543653965e-05,-0.666909132524605,0.1919977111467155,0.04430716411077995,1.4905236896314946,0.10655706164640186,-0.17473517967498253,0.8729086747539476,-0.6743419399711128,0.19123627528197665,0.05729611682115567,1.5398801044425647,0.13418654851155273,-0.17656491778421254,0.8366260115291874
512678.598373203,PLAYBACK,3.0450674520106986,6.745202699676156e-05,-0.666909132524605,0.1919977111467155,0.04507438773174677,1.4939761959258409,0.10809150888833371,-0.17473517967498253,0.8713742275120158,-0.6743676877157663,0.1912356813838569,0.057560281777132384,1.5418525592129726,0.13561683922700116,-0.17657404976663166,0.8348887028359453
512678.602886565,PLAYBACK,3.0550631940132007,6.319402018561959e-05,-0.666909132524605,0.1919977111467155,0.04622522316319433,1.4974287022201889,0.11039317975123061,-0.17511879148546505,0.8686889448386363,-0.6744122704036398,0.1912357769867652,0.058068792336375644,1.5457968307766923,0.13850823403346696,-0.17659139425519438,0.8314201170057552
512678.611646026,PLAYBACK,3.0638781510060653,0.0038781510083936155,-0.666909132524605,0.192381322957198,0.047376058594643666,1.5004975967040508,0.11269485061412929,-0.17473517967498253,0.8660036621652552,-0.6744447186068105,0.19123737382488748,0.05849747055883821,1.5492873178026099,0.14109972418041786,-0.17660570185359192,0.8283610679684043
512678.620898014,PLAYBACK,3.0708542260108516,0.0008542260038666427,-0.666909132524605,0.1919977111467155,0.048526894026093004,1.5020320439459827,0.11346207423509433,-0.17511879148546505,0.863318379491874,-0.6744662887899044,0.19123969681133782,0.058824369414483435,1.5520614973606606,0.14317980577944414,-0.1766163656806983,0.8259399876947876
512678.629943616,PLAYBACK,3.0800604469841346,6.044696783646941e-05,-0.666909132524605,0.192381322957198,0.04967772945754234,1.5058681620508132,0.11538013328750871,-0.17511879148546505,0.8602494850080102,-0.6744897528309659,0.1912442470404918,0.059240051672355985,1.555743667562923,0.14596653733466433,-0.17662955127471136,0.822744645840764
512678.633858315,PLAYBACK,3.085068882035557,6.888201460242271e-05,-0.666909132524605,0.192381322957198,0.05006134126802486,1.507402609292745,0.11653096871895804,-0.17511879148546505,0.8587150377660784,-0.6745003410113323,0.1912474469188863,0.05945906884288265,1.5577590845165075,0.14750345217809024,-0.1766363063367554,0.8210061774983627
512678.642841787,PLAYBACK,3.093237083987333,0.0032370839617215097,-0.666909132524605,0.192381322957198,0.0508285648889899,1.5108551155870913,0.11844902777137242,-0.17511879148546505,0.856029755092699,-0.6745146438059391,0.19125377535547428,0.05980608523551201,1.5610678565811675,0.1500430384116943,-0.17664670905678384,0.8181709280654718
512678.652494798,PLAYBACK,3.1022487200098112,0.002248720033094287,-0.6672927443350893,0.192381322957198,0.05197940032043924,1.513924010070955,0.1203670868237868,-0.17511879148546505,0.8537280842298003,-0.674526603903984,0.1912623594552975,0.06017508677594945,1.5647542201127025,0.15289432917946477,-0.17665734740793748,0.8150436876168177
512678.661478269,PLAYBACK,3.110074151016306,7.41510302759707e-05,-0.666909132524605,0.192381322957198,0.05274662394140606,1.5173765163653012,0.12266875768668548,-0.17511879148546505,0.8514264133669034,-0.6745341542341369,0.19127116645828668,0.06048439759453079,1.5679893865010823,0.15541359142313674,-0.17666593723703228,0.8123304540144699
512678.666433222,PLAYBACK,3.1200761839863844,7.618399104103446e-05,-0.666909132524605,0.1919977111467155,0.05389745937285362,1.5227470817120619,0.12497042854958237,-0.17550240329594757,0.8487411306935222,-0.6745405582939384,0.19128420215237887,0.0608654168020762,1.5721725780242475,0.1586915647843168,-0.1766761844532728,0.8088710320514279
512678.674388433,PLAYBACK,3.1250666260020807,6.662600208073854e-05,-0.6672927443350893,0.192381322957198,0.05428107118333614,1.524665140764478,0.1261212639810317,-0.17550240329594757,0.8468230716411078,-0.674542601410582,0.1912914188464867,0.061049670583389774,1.5742792843319537,0.16035005462083074,-0.17668106333372846,0.807151675896824
512678.678728622,PLAYBACK,3.13010510901222,0.00010510900756344199,-0.6672927443350893,0.192381322957198,0.054664682993820435,1.5265831998168924,0.12727209941248105,-0.17550240329594757,0.845288624399176,-0.6745440113891118,0.19129915659600916,0.061231788258384864,1.5764181727094446,0.1620384983377457,-0.17668588856554424,0.8054228651235641
512678.687675564,PLAYBACK,3.1380965600255877,0.003096560016274452,-0.666909132524605,0.192381322957198,0.055048294804302955,1.5281176470588242,0.12995738208586047,-0.17550240329594757,0.8426033417257948,-0.6745451365688274,0.1913122858383187,0.06151260722898538,1.5798312648897894,0.16474129731722534,-0.17669347260709656,0.8027013013681764
512678.696842008,PLAYBACK,3.1470772770117037,0.0020772769930772483,-0.6672927443350893,0.192381322957198,0.055815518425267996,1.531953765163653,0.13264266475924166,-0.17588601510643187,0.8399180590524153,-0.6745451914750169,0.19132813275221963,0.0618164808690445,1.5836886352521915,0.167806538267657,-0.17670220620360694,0.7996840167239903
512678.706367343,PLAYBACK,3.1562478190171532,0.001247818989213556,-0.6672927443350893,0.192381322957198,0.055815518425267996,1.5354062714579992,0.13532794743262286,-0.17588601510643187,0.8372327763790341,-0.6745444512078286,0.19134526810482766,0.06211425488549174,1.5876404303246454,0.17095617687141051,-0.17671186947748524,0.796661560717484
512678.7147359,PLAYBACK,3.165054590033833,5.459005478769541e-05,-0.6672927443350893,0.1919977111467155,0.05619913023575229,1.5392423895628298,0.13839684191648657,-0.17588601510643187,0.834547493705653,-0.6745434596396384,0.19136238138920708,0.06238890639805146,1.5914394694967349,0.17399103110635886,-0.17672249842754276,0.7938251745545656
512678.718954615,PLAYBACK,3.1714125250000507,0.001412525016348809,-0.6672927443350893,0.1919977111467155,0.05658274204623481,1.542694895857176,0.141082124589866,-0.17588601510643187,0.8333966582742036,-0.6745428055734144,0.1913750001146974,0.06258080929913398,1.5941818461941344,0.17618513936663419,-0.17673142391946747,0.7918215931770526
512678.72829795,PLAYBACK,3.1782197750289924,0.0032197750406339765,-0.6672927443350893,0.192381322957198,0.05658274204623481,1.5446129549095904,0.14261657183179785,-0.17588601510643187,0.8303277637903417,-0.6745423297041545,0.1913886449090185,0.06278087197258905,1.5971166975271582,0.17853583006791826,-0.17674257337282726,0.789719298082132
512678.736772591,PLAYBACK,3.185067733982578,6.77339849062264e-05,-0.6676763561455719,0.192381322957198,0.05658274204623481,1.5484490730144191,0.14491824269469653,-0.17588601510643187,0.827258869306478,-0.674542215781251,0.19140240952390827,0.0629770334430118,1.6000673439665989,0.18090156194326729,-0.17675592606309187,0.7876501457801116
512678.741240797,PLAYBACK,3.195075789000839,7.578899385407567e-05,-0.6676763561455719,0.1919977111467155,0.05696635385671733,1.5519015793087672,0.14798713717856024,-0.17588601510643187,0.82380636301213,-0.6745429170459528,0.19142238600730715,0.06325566093066112,1.6043760157505187,0.18436029228456724,-0.1767804673265009,0.784709621120807
512678.750042899,PLAYBACK,3.2004713700152934,0.0004713700036518276,-0.6676763561455719,0.192381322957198,0.05696635385671733,1.5538196383611815,0.1491379726100078,-0.1762696269169144,0.8218883039597156,-0.6745437865630486,0.19143299400377006,0.063402406864428,1.6066968054285495,0.18622553508330825,-0.1767967931556405,0.783165597795826
512678.75485665,PLAYBACK,3.2050682440167293,6.82440004311502e-05,-0.6676763561455719,0.192381322957198,0.05696635385671733,1.555737697413596,0.15067241985193966,-0.1762696269169144,0.8203538567177837,-0.6745448151723398,0.19144189798780406,0.06352574430064975,1.608672564995156,0.1878149443432081,-0.17681275359576618,0.7818729318539005
512678.763582746,PLAYBACK,3.2139143110252917,0.003914311004336923,-0.6680599679560544,0.192381322957198,0.057349965667199854,1.5588065918974596,0.15297409071483833,-0.1762696269169144,0.81728496223392,-0.6745475386055407,0.19145858326936244,0.06375924743042236,1.6124696106679521,0.19087415644915778,-0.17684968844605328,0.7794440879593142
512678.772153342,PLAYBACK,3.2240762120345607,0.004076212062500417,-0.6680599679560544,0.1919977111467155,0.05773357747768415,1.5645607690547045,0.1571938206301496,-0.1762696269169144,0.8142160677500563,-0.6745517913837891,0.19147682278496855,0.06402222491754872,1.616820008509152,0.19438911342137824,-0.17690421512075027,0.7767481424216854
512678.78186142,PLAYBACK,3.234412970021367,0.0044129700399935246,-0.6680599679560544,0.1919977111467155,0.05773357747768415,1.5687804989700158,0.15949549149304829,-0.17588601510643187,0.8096127260242625,-0.6745571086382087,0.1914941112400959,0.06428520284417055,1.621227145104487,0.19796491964983695,-0.17697584470387276,0.7741063946434498
512678.790732865,PLAYBACK,3.240058873023372,5.887303268536925e-05,-0.6684435797665369,0.192381322957198,0.05773357747768415,1.5706985580224302,0.16141355054546266,-0.1762696269169144,0.8080782787823306,-0.6745602961228226,0.19150293207631672,0.06442735612956126,1.623624145037335,0.1999180608836727,-0.17702299740127417,0.7727048028415193
512678.799569775,PLAYBACK,3.2500513379927725,5.1337992772459984e-05,-0.6684435797665369,0.192381322957198,0.05811718928816667,1.5741510643167782,0.16409883321884386,-0.1762696269169144,0.8053929961089494,-0.6745661129303926,0.19151734448950034,0.06467709964206964,1.6278442508852722,0.20337485394658442,-0.17712235766934986,0.7702922594216003
512678.803435239,PLAYBACK,3.2550730200018734,7.301999721676111e-05,-0.6688271915770212,0.1919977111467155,0.05811718928816667,1.577987182421607,0.16678411589222328,-0.1762696269169144,0.8046257724879826,-0.674568977989029,0.1915239697646531,0.06480198349275243,1.6299524261141909,0.20511206015344122,-0.17718072799037524,0.7691110813770786
512678.807754558,PLAYBACK,3.26005914300913,5.9142999816685915e-05,-0.6688271915770212,0.1919977111467155,0.05811718928816667,1.5799052414740213,0.16831856313415514,-0.1762696269169144,0.803474937056535,-0.6745716829638555,0.19153011875894238,0.06492573783028138,1.632036068023343,0.20683698507769946,-0.17724474591847414,0.7679577783162781
512678.816588812,PLAYBACK,3.2680902099818923,0.0030902099679224193,-0.6688271915770212,0.192381322957198,0.05850080109864919,1.5837413595788519,0.17100384580753633,-0.1762696269169144,0.8011732661936364,-0.6745755392422346,0.19153909390019555,0.06512486502990084,1.6353696300130545,0.2096153855897739,-0.17736141724068336,0.7661386092184777
512678.825760647,PLAYBACK,3.2772869120235555,0.002286912000272423,-0.6692108033875037,0.192381322957198,0.05888441290913171,1.5868102540627138,0.17368912848091753,-0.1762696269169144,0.7988715953307395,-0.6745787882406996,0.19154792661676642,0.06535316560010872,1.639148403704977,0.21279729665489816,-0.17751707324075494,0.7641087523447032
512678.834679223,PLAYBACK,3.285069710982498,6.971100810915232e-05,-0.6692108033875037,0.1919977111467155,0.05926802471961601,1.5891119249256125,0.17522357572284938,-0.1762696269169144,0.7961863126573583,-0.6745801687162076,0.19155417947504275,0.06554713799469696,1.642309883023827,0.2154903408221865,-0.17766846447198373,0.7624305752119386
512678.838886957,PLAYBACK,3.290064100001473,6.410002242773771e-05,-0.6692108033875037,0.192381322957198,0.05926802471961601,1.5925644312199587,0.17675802296478124,-0.1762696269169144,0.7954190890363932,-0.6745802243868468,0.19155760260166846,0.06567222026479623,1.6443194378883244,0.21721872525651617,-0.17777558410698718,0.7613706283889711
512678.847872954,PLAYBACK,3.297957442002371,0.0029574420186690986,-0.6692108033875037,0.192381322957198,0.05926802471961601,1.5940988784618906,0.17982691744864496,-0.1766532387273969,0.792733806363012,-0.6745787397602236,0.19156208479776032,0.06587123058914403,1.6474623919234475,0.21995071496474752,-0.17796136348919817,0.759719228087205
512678.85686956,PLAYBACK,3.307110971014481,0.002110971021465957,-0.6692108033875037,0.1919977111467155,0.06003524834058105,1.5983186083772036,0.1832794237429912,-0.1762696269169144,0.7904321355001152,-0.6745742154607391,0.19156589525444817,0.06610465305085002,1.651052911881109,0.2231195255526365,-0.17820284841203232,0.7578353346313014
512678.865879503,PLAYBACK,3.3150735570234247,7.355702109634876e-05,-0.6695944151979862,0.1919977111467155,0.06041886015106357,1.6021547264820324,0.1863483182268549,-0.1766532387273969,0.787746852826734,-0.6745674704777651,0.19156804870713295,0.06631063877303739,1.654125793748465,0.22587665803932058,-0.17843620437634977,0.7562186249914484
512678.87107545,PLAYBACK,3.325017408002168,1.7407990526407957e-05,-0.6695944151979862,0.1919977111467155,0.06041886015106357,1.6059908445868611,0.18941721271071862,-0.1766532387273969,0.7850615701533528,-0.6745549203201571,0.19156931352996648,0.06657264882660668,1.6578935657486575,0.22932058089904056,-0.1787584593684366,0.7542216351123538
512678.878811339,PLAYBACK,3.3308211659896187,0.0008211659733206034,-0.6695944151979862,0.1919977111467155,0.060802471961547866,1.6098269626916917,0.19286971900506486,-0.1766532387273969,0.7842943465323877,-0.6745452991079215,0.19156936978121086,0.06672846670516576,1.6600554518123503,0.23133094365156,-0.1789624038053249,0.7530645450483043
512678.882759563,PLAYBACK,3.3350611919886433,6.119196768850088e-05,-0.6695944151979862,0.192381322957198,0.061186083772030386,1.6113614099336235,0.19402055443651242,-0.1766532387273969,0.7827598992904559,-0.6745371404706698,0.19156911448360955,0.06684383452828509,1.661617059234247,0.23279972327755521,-0.17911875112350473,0.7522221513623975
512678.891897141,PLAYBACK,3.342966868018266,0.002966867992654443,-0.6695944151979862,0.192381322957198,0.061186083772030386,1.6148139162279698,0.19555500167844428,-0.17703685053787943,0.7808418402380415,-0.6745192823656301,0.1915680167598396,0.06706278618055289,1.664487811334072,0.2355382542390348,-0.17942666889866057,0.7506563246409703
512678.900921692,PLAYBACK,3.351501744997222,0.0015017450205050409,-0.6695944151979862,0.192381322957198,0.06156969558251291,1.6178828107118335,0.198623896162308,-0.17703685053787943,0.7785401693751428,-0.6744960074132917,0.1915660056235626,0.06730546009768286,1.6675260476795108,0.2384940229603204,-0.17978260774614135,0.7489704531662393
512678.909978315,PLAYBACK,3.360343875014223,0.000343875028192997,-0.6695944151979862,0.192381322957198,0.06195330739299543,1.6217189288166622,0.202076402456656,-0.17703685053787943,0.7758548867017616,-0.6744674060083793,0.19156313254960752,0.06756470325894905,1.6706053927104658,0.24155411489268167,-0.1801762559519412,0.7472263657824655
512678.913954923,PLAYBACK,3.365058855037205,5.885504651814699e-05,-0.6695944151979862,0.1919977111467155,0.06195330739299543,1.6217189288166622,0.20322723788810357,-0.17742046234836373,0.7743204394598315,-0.6744502686538564,0.19156131506185284,0.0677065514935737,1.6722185045652949,0.24318434471979264,-0.18039612177923936,0.7462967810282147
512678.92297725,PLAYBACK,3.3731751270242967,0.003175127028953284,-0.6692108033875037,0.1919977111467155,0.06195330739299543,1.6255550469214928,0.20629613237196728,-0.17742046234836373,0.7720187685969329,-0.6744177038999856,0.19155779134182996,0.06795718081223259,1.674947350473566,0.2459866879488461,-0.18079003285349232,0.7446969095268228
512678.93259864,PLAYBACK,3.3839546969975345,0.003954696992877871,-0.6695944151979862,0.192381322957198,0.062336919203479724,1.6309256122682534,0.21013225047679782,-0.17780407415884625,0.769717097734036,-0.6743685611270162,0.19155248830439944,0.06830393627614227,1.678476237030448,0.24969728057834606,-0.18134142409404097,0.7425729878047174
512678.941444737,PLAYBACK,3.3917558420216665,0.0017558420076966286,-0.6695944151979862,0.1919977111467155,0.062336919203479724,1.6324600595101852,0.21166669771872967,-0.17818768596932877,0.7677990386816198,-0.6743289491689544,0.19154832686148054,0.06856580975151061,1.6809609995482493,0.25237118087678423,-0.1817587552985118,0.7410377321950523
512678.950590942,PLAYBACK,3.4000602260348387,6.022601155564189e-05,-0.6695944151979862,0.192381322957198,0.062336919203479724,1.6359125658045315,0.2151192040130759,-0.1785712977798113,0.7654973678187229,-0.6742832384534889,0.1915437073641949,0.06885566495213384,1.6835414355842813,0.25520358210244276,-0.18221806261319634,0.7394069360490799
512678.954736726,PLAYBACK,3.4051936420146376,0.00019364198669791222,-0.6695944151979862,0.1919977111467155,0.062336919203479724,1.6378306248569459,0.21627003944452347,-0.1785712977798113,0.7643465323872736,-0.6742532484670477,0.19154079715350084,0.06904097853373029,1.6851029691254038,0.25694579220133873,-0.18250897222035004,0.7384016006749002
512678.963693066,PLAYBACK,3.410107206029352,0.00010720605496317148,-0.6695944151979862,0.1919977111467155,0.06272053101396224,1.6416667429617764,0.21780448668645533,-0.1785712977798113,0.7635793087663085,-0.6742233665727932,0.1915379983766123,0.06922300903611386,1.6865734844194382,0.2586062899384834,-0.18279192982095305,0.7374419595039724
512678.967441485,PLAYBACK,3.4200609760009684,6.097601726651192e-05,-0.6695944151979862,0.192381322957198,0.062336919203479724,1.6451192492561226,0.2224078284122509,-0.1789549095902938,0.7616612497138942,-0.6741595327211933,0.1915323705667571,0.06960656743140804,1.689479844901094,0.26194586949449267,-0.18337702553043617,0.7355082514472108
512678.976859714,PLAYBACK,3.4267444880097173,0.0017444880213588476,-0.6699780270084688,0.192381322957198,0.06272053101396224,1.6466536964980545,0.22394227565418276,-0.1789549095902938,0.759743190661478,-0.6741143838128371,0.19152868661801092,0.06987592424225612,1.6913767331936849,0.26416768544730307,-0.18377750863744324,0.7342196720067556
512678.985708406,PLAYBACK,3.4370513479807414,0.002051347983069718,-0.6699780270084688,0.1919977111467155,0.06310414282444476,1.6508734264133675,0.2281620055694958,-0.1793385214007781,0.7582087434195461,-0.6740415487117138,0.1915232735747405,0.07031124982554518,1.6942159933228136,0.2675569875362185,-0.18440453036270307,0.7322522988454294
512678.996154775,PLAYBACK,3.4450639500282705,6.395002128556371e-05,-0.6695944151979862,0.192381322957198,0.06310414282444476,1.6543259327077138,0.22969645281142767,-0.1793385214007781,0.7570579079880986,-0.6739825488441205,0.1915193771496116,0.07066739735594296,1.696351238079213,0.2701571940470195,-0.1848979033640377,0.7307429544295556
512679.003132263,PLAYBACK,3.4551085350103676,0.00010853499406948686,-0.6695944151979862,0.192381322957198,0.06310414282444476,1.6573948271915775,0.23429979453722324,-0.17972213321126063,0.7551398489356842,-0.6739060911162498,0.19151499213493237,0.071137115570649,1.6989391462931844,0.2733689326317405,-0.18552099517795329,0.7288807429989631
512679.007932308,PLAYBACK,3.4600776250008494,7.762497989460826e-05,-0.6695944151979862,0.192381322957198,0.06348775463492728,1.6593128862439919,0.23621785358963762,-0.18010574502174315,0.7547562371251999,-0.6738673879870987,0.1915130641140292,0.07137947956451582,1.7001829131543715,0.27493641738202285,-0.18583024541828652,0.7279735100784924
512679.016653464,PLAYBACK,3.466867621988058,0.0018676219624467194,-0.6695944151979862,0.1919977111467155,0.06348775463492728,1.6608473334859237,0.23775230083156948,-0.18010574502174315,0.7528381780727855,-0.673813708755974,0.19151072185990786,0.0717217629293528,1.7018434795737,0.2770537421452094,-0.18625301779555156,0.7267505482745966
512679.025953706,PLAYBACK,3.475733376981225,0.0007333770045079291,-0.6695944151979862,0.1919977111467155,0.0638713664454098,1.6639162279697874,0.2408211953154332,-0.18048935683222567,0.7513037308308537,-0.6737424775275893,0.1915082239717785,0.07218862667247296,1.7039440769554315,0.27977294108319634,-0.18680398452107816,0.7251855920498289
512679.036900488,PLAYBACK,3.4850616530166008,6.165303057059646e-05,-0.6699780270084688,0.1919977111467155,0.0642549782558941,1.6669851224536512,0.2438900897992969,-0.18125658045319248,0.7493856717784393,-0.6736664752765347,0.19150635309388445,0.07270511304621871,1.7060718419374772,0.2825745844970722,-0.18738042380276873,0.7235820003070996
512679.043901111,PLAYBACK,3.4950630250386894,6.30250433459878e-05,-0.6699780270084688,0.192381322957198,0.06463859006637662,1.67082124055848,0.24849343152509248,-0.181640192263675,0.74823483634699,-0.6735842048638582,0.19150529445508288,0.07328870588912378,1.7082597340338646,0.2855059973544127,-0.18799232233430055,0.7219166007067241
512679.048216082,PLAYBACK,3.500193506013602,0.00019350601360201836,-0.6695944151979862,0.1919977111467155,0.06502220187685914,1.6727392996108943,0.24964426695654005,-0.18202380407415752,0.7474676127260249,-0.6735418238091138,0.1915051586338873,0.07360040731670549,1.7093447958099548,0.2869791660755575,-0.188302966321601,0.7210855265899043
512679.052486196,PLAYBACK,3.505056271038484,5.627103382721543e-05,-0.6699780270084688,0.1919977111467155,0.06540581368734166,1.6742737468528262,0.25117871419847193,-0.18240741588464182,0.7455495536736105,-0.6735016080008522,0.1915052974193492,0.07390373572600183,1.7103500581795605,0.28835561920321695,-0.1885949967371089,0.7203131157912559
512679.062610224,PLAYBACK,3.5118377020116895,0.001837702002376318,-0.6699780270084688,0.192381322957198,0.06540581368734166,1.6754245822842755,0.25232954962992127,-0.18240741588464182,0.7443987182421612,-0.6734455317112217,0.19150594154889566,0.07433980531491922,1.7117145579218886,0.2902420716722071,-0.18899787829500506,0.7192617283513862
512679.070338839,PLAYBACK,3.521309674018994,0.0013096740003675222,-0.6699780270084688,0.192381322957198,0.06617303730830848,1.6796443121995885,0.255398444113785,-0.18279102769512434,0.7424806591897468,-0.6733674055639686,0.19150775584135799,0.07497493514268763,1.7135482876288237,0.2928106275288916,-0.18955103227422937,0.717845526394385
512679.0747426,PLAYBACK,3.525056040030904,5.604000762104988e-05,-0.6699780270084688,0.192381322957198,0.06617303730830848,1.6796443121995885,0.25616566773475,-0.18317463950560686,0.7413298237582975,-0.6733366196602838,0.19150877790527124,0.0752347080766833,1.7142506412818228,0.2938047316355527,-0.18976644954066296,0.7173027718976676
512679.083926678,PLAYBACK,3.5336810009903274,0.0036810009623877704,-0.6699780270084688,0.192381322957198,0.06694026092927352,1.6819459830624854,0.25961817402909804,-0.18355825131608938,0.7394117647058831,-0.6732660950551034,0.19151180952098212,0.07585168941224175,1.7158189764174816,0.29604548748025006,-0.19025453760870034,0.7160917942068878
512679.092370781,PLAYBACK,3.5427937310305424,0.0027937310514971614,-0.6699780270084688,0.192381322957198,0.06770748455024034,1.6842476539253823,0.26191984489199494,-0.18394186312657368,0.737493705653467,-0.6731922443612117,0.19151607219743594,0.07653300741837782,1.7174036113033455,0.2983394438960159,-0.19075758153787944,0.7148720940881974
512679.101381856,PLAYBACK,3.5500597950303927,5.979504203423858e-05,-0.6699780270084688,0.192381322957198,0.06809109636072286,1.686549324788281,0.26498873937585865,-0.18470908674753872,0.7355756466010526,-0.6731339380187572,0.19152027732172003,0.07709867376870212,1.7186150281345867,0.300113829525467,-0.19114882666314137,0.7139444877626147
512679.110660846,PLAYBACK,3.5601037589949556,0.00010375899728387594,-0.6699780270084688,0.192381322957198,0.06847470817120538,1.688850995651178,0.26767402204923985,-0.18470908674753872,0.7340411993591207,-0.6730542883981468,0.19152730755042446,0.07791465436874753,1.7202154898262338,0.3024862013833899,-0.19167457993012652,0.7127289119482603
512679.11604225,PLAYBACK,3.5700614870293066,6.148702232167125e-05,-0.6699780270084688,0.1919977111467155,0.0692419317921722,1.6911526665140766,0.2707429165331018,-0.18547631036850554,0.7317395284962238,-0.6729764832105444,0.191535719612309,0.07876443913620969,1.721719840702302,0.3047460174907506,-0.1921779649404484,0.7116009392046101
512679.123809139,PLAYBACK,3.5752794059808366,0.0002794059691950679,-0.6699780270084688,0.1919977111467155,0.06962554360265472,1.693070725566491,0.2718937519645511,-0.18585992217898806,0.730972304875257,-0.6729361865807552,0.19154071920552765,0.07922671613324617,1.7224763298744838,0.3058936021803786,-0.1924344845341553,0.7110407246813939
512679.128558606,PLAYBACK,3.580125009000767,0.00012500898446887732,-0.6699780270084688,0.192381322957198,0.06962554360265472,1.6942215609979403,0.2745790346379323,-0.18585992217898806,0.7298214694438094,-0.6728990563151452,0.1915457358335536,0.07966688722973495,1.7231597233191436,0.3069368558276317,-0.19266817693608124,0.7105395175994393
512679.137399062,PLAYBACK,3.5874123130342923,0.0024123130133375525,-0.6699780270084688,0.192381322957198,0.07000915541313724,1.6953723964293879,0.2761134818798642,-0.1866271457999531,0.7282870222018776,-0.6728437328673664,0.19155397387502307,0.08034932290828868,1.7241535422397265,0.30846526215472353,-0.1930113698409429,0.7098202580781474
512679.14640134,PLAYBACK,3.59750154503854,0.0025015450664795935,-0.6703616388189513,0.192381322957198,0.07039276722362153,1.6984412909132516,0.28033321179517545,-0.18739436942091992,0.7267525749599457,-0.6727681092057985,0.19156679781444794,0.08133680606792473,1.7254639912585357,0.31050138212627953,-0.19347007356942852,0.7088927107050094
512679.155095435,PLAYBACK,3.605508506007027,0.0005085060256533325,-0.6703616388189513,0.192381322957198,0.07115999084458657,1.6992085145342184,0.2814840472266248,-0.18777798123140244,0.7252181277180139,-0.6727088186794907,0.1915781917499791,0.08215793163505584,1.7264514900043546,0.3120516022345415,-0.19382050805814718,0.7082127323006048
512679.159833499,PLAYBACK,3.610068358015269,6.835802923887968e-05,-0.6703616388189513,0.192381322957198,0.07115999084458657,1.700359349965666,0.28301849446855665,-0.18777798123140244,0.724450904097047,-0.6726753036063371,0.19158517860132795,0.08264121342813516,1.7269936385803004,0.3129085744348543,-0.19401471179502788,0.7078475523752421
512679.168570296,PLAYBACK,3.6186446850188076,0.0036446850281208754,-0.6707452506294356,0.192381322957198,0.0715436026550691,1.7026610208285646,0.2853201653314553,-0.18854520485236748,0.7233000686655995,-0.6726126726315165,0.19159933304496837,0.08358270021077403,1.7279744871101008,0.3144696787561567,-0.19436948264068254,0.7072037414730735
512679.177797717,PLAYBACK,3.625066353008151,6.635300815105438e-05,-0.6707452506294356,0.1919977111467155,0.07192721446555339,1.7041954680704965,0.2876218361943522,-0.18892881666285177,0.7221492332341501,-0.6725660420229496,0.19161082645727875,0.08431691278149067,1.728676348782991,0.3155952118289841,-0.19462620238613856,0.7067581546065063
512679.182287865,PLAYBACK,3.6350618940196,6.189401028677821e-05,-0.6707452506294356,0.1919977111467155,0.07269443808651843,1.7061135271229109,0.2899235070572491,-0.18892881666285177,0.7206147859922183,-0.6724937059994689,0.1916303083218562,0.0855129915382379,1.7297145217985697,0.3172728939695165,-0.1950107103346961,0.7061259698953846
512679.191439891,PLAYBACK,3.6414923880365677,0.0014923880225978792,-0.6707452506294356,0.1919977111467155,0.07307804989700095,1.7068807507438777,0.29069073067821594,-0.18892881666285177,0.7202311741817358,-0.6724471887724082,0.19164390844662993,0.08631886692049588,1.7303480122619408,0.3183039494773262,-0.19524842743705273,0.7057582770817343
512679.200129126,PLAYBACK,3.651601258025039,0.001601258001755923,-0.6707452506294356,0.192381322957198,0.07422888532845029,1.7091824216067746,0.29375962516207965,-0.1893124284733343,0.7186967269398039,-0.6723738033030859,0.19166705662381686,0.08764732642891353,1.731290095998545,0.3198469431272728,-0.19560692041460384,0.7052409667425319
512679.204597021,PLAYBACK,3.6550872109946795,8.721096673980355e-05,-0.6707452506294356,0.1919977111467155,0.07461249713893281,1.7091824216067746,0.29375962516207965,-0.1893124284733343,0.7183131151293196,-0.6723483550153025,0.19167555732951486,0.08812374039693745,1.7315998008122495,0.320356519011776,-0.1957262401550252,0.7050795229632563
512679.213044821,PLAYBACK,3.6633174419985153,0.003317442024126649,-0.6707452506294356,0.1919977111467155,0.07499610894941533,1.7107168688487064,0.29606129602497655,-0.19007965209429933,0.717162279697872,-0.6722878185497548,0.19169671759889212,0.08928756316375358,1.7323001770587079,0.3215125065593817,-0.19599918261094174,0.7047321433208161
512679.222412462,PLAYBACK,3.6723815090372227,0.0023815090535208583,-0.6707452506294356,0.1919977111467155,0.07653055619134719,1.7122513160906383,0.2979793550773927,-0.19046326390478363,0.7163950560769052,-0.672220133801548,0.19172184365781267,0.09063518432756634,1.7330212089397794,0.3227064930934577,-0.19628546508403788,0.7044031409787012
512679.231211208,PLAYBACK,3.680055678996723,5.5679003708064556e-05,-0.6707452506294356,0.1919977111467155,0.077297779812314,1.7137857633325702,0.2995138023193228,-0.19084687571526615,0.7152442206454577,-0.6721617029576595,0.19174464949799955,0.09183214059060203,1.733590146003682,0.3236497025549953,-0.19651604734644518,0.7041667874811381
512679.239750064,PLAYBACK,3.6900655269855633,6.552698323503137e-05,-0.6707452506294356,0.192381322957198,0.07883222705424586,1.7149365987640195,0.30143186137173894,-0.19123048752574867,0.7144769970244909,-0.6720834684432024,0.19177654394738672,0.09347243848405282,1.734274506700825,0.3247821362561759,-0.19680046640325147,0.7039132176344435
512679.24414104,PLAYBACK,3.695065876992885,6.587698590010405e-05,-0.6707452506294356,0.1919977111467155,0.07921583886472838,1.7157038223849845,0.302199084992704,-0.1916140993362312,0.7140933852140083,-0.6720433492909879,0.19179339033830115,0.09432560867699039,1.734591761753999,0.32530469424792385,-0.1969356158949554,0.7038081325144849
512679.253399281,PLAYBACK,3.7001254420029,0.0001254419912584126,-0.6707452506294356,0.1919977111467155,0.0799830624856952,1.7168546578164339,0.30373353223463584,-0.1916140993362312,0.7137097734035258,-0.6720019356372019,0.19181105261703588,0.09521170872784171,1.7348960613244064,0.3258032453782755,-0.1970676900956187,0.7037152445906026
512679.257332807,PLAYBACK,3.7100666080368683,6.660801591351628e-05,-0.6707452506294356,0.1919977111467155,0.08113389791714276,1.7180054932478832,0.3052679794765677,-0.1919977111467155,0.7133261615930415,-0.6719178005911111,0.191847538898664,0.09701879413749841,1.7354452170953147,0.32669199126415016,-0.19731367392683974,0.7035678983855692
512679.266526273,PLAYBACK,3.716495879983995,0.001495879958383739,-0.6707452506294356,0.192381322957198,0.08190112153810958,1.7187727168688482,0.30641881490801703,-0.192381322957198,0.7125589379720765,-0.6718611420008714,0.1918723699866681,0.09823317368133917,1.7357664041830807,0.327201295978459,-0.19746345002231977,0.7034937389216456
512679.275547026,PLAYBACK,3.7257649520179257,0.000764952041208744,-0.6711288624399181,0.192381322957198,0.08381918059052396,1.7199235523002976,0.3083368739604314,-0.19276493476768053,0.7117917143511097,-0.6717758232434151,0.19190982647126714,0.10004510005239924,1.7361838191426198,0.3278437809245174,-0.19766711366715817,0.7034090058463099
512679.279382493,PLAYBACK,3.730141200008802,0.0001412000274285674,-0.6711288624399181,0.1919977111467155,0.084586404211489,1.72030716411078,0.30910409758139645,-0.19314854657816305,0.7114081025406271,-0.6717338658875113,0.19192817437650825,0.10092494582736947,1.7363627891125426,0.3281093972897404,-0.19775849784755956,0.7033755707818246
512679.288915854,PLAYBACK,3.739231979008764,0.004231979022733867,-0.6711288624399181,0.1919977111467155,0.08612085145342085,1.7214579995422294,0.3106385448233283,-0.19314854657816305,0.7110244907301446,-0.6716428139048815,0.19196761181590086,0.10280088602332123,1.7366992897630407,0.32858441698459084,-0.19793928463649152,0.7033132078485764
512679.301164123,PLAYBACK,3.7453627859940752,0.0003627859987318516,-0.6711288624399181,0.1919977111467155,0.08650446326390515,1.722608834973677,0.31255660387574447,-0.19353215838864735,0.7106408789196621,-0.6715781179682844,0.19199519740579543,0.10410170161116979,1.7369007723625878,0.32884708856616407,-0.19805486384727714,0.7032721169201939
512679.306924718,PLAYBACK,3.760063499037642,6.349902832880616e-05,-0.6711288624399181,0.1919977111467155,0.08842252231631953,1.7245268940260932,0.31485827473864136,-0.19391577019912987,0.7098736552986953,-0.6714104562384136,0.19206453517634572,0.10733327904426368,1.7373086031559222,0.32929398349027494,-0.1983142091174936,0.7031535711471673
512679.311046245,PLAYBACK,3.765100399032235,0.00010039901826530695,-0.6715124742504006,0.1919977111467155,0.08918974593728457,1.7249105058365757,0.3160091101700907,-0.1942993820096124,0.7094900434882128,-0.6713484294432726,0.1920893284313213,0.1084758930040442,1.7374264284931453,0.3293900350003828,-0.1983981649855353,0.7030998011971195
512679.320024086,PLAYBACK,3.770219828991685,0.00021982897305861115,-0.6715124742504006,0.1919977111467155,0.08995696955825139,1.7256777294575407,0.3163927219805732,-0.1942993820096124,0.7094900434882128,-0.6712827253145053,0.19211507676742615,0.10965521499524268,1.7375360626568392,0.32945918287468284,-0.19848135908929615,0.7030349146922691
512679.324692287,PLAYBACK,3.7750660729943775,6.607297109439969e-05,-0.6715124742504006,0.1919977111467155,0.09149141680018325,1.726061341268025,0.31715994560154004,-0.1946829938200949,0.7094900434882128,-0.6712179051066094,0.19213996875571354,0.11078802457124379,1.7376312114781782,0.32949904410843145,-0.19855834999182614,0.7029621206119602
512679.333753178,PLAYBACK,3.7838789059896953,0.003878905961755663,-0.6715124742504006,0.1919977111467155,0.0930258640421151,1.72682856488899,0.3183107810329876,-0.1950666056305792,0.7091064316777302,-0.671093028059895,0.19218656023494474,0.1128880174328118,1.7377851078011013,0.3295105795213292,-0.19869457297728813,0.7027957392643621
512679.34235819,PLAYBACK,3.792603529000189,0.0026035290211439133,-0.6715124742504006,0.1919977111467155,0.09456031128404696,1.7275957885099569,0.31946161646443694,-0.19545021744106172,0.7091064316777302,-0.6709598127710854,0.1922344469404615,0.11501633718076121,1.7379167094238224,0.32944912573647617,-0.19882535168042703,0.702579665985843
512679.351498334,PLAYBACK,3.8000808490323834,8.08490440249443e-05,-0.6718960860608831,0.1919977111467155,0.095327534905012,1.7279794003204394,0.3206124518958863,-0.19545021744106172,0.708722819867246,-0.6708374759783453,0.19227697547819378,0.11687804862082618,1.7380160960938167,0.32934308434872944,-0.19893459511782707,0.7023472740409853
512679.360666331,PLAYBACK,3.8106370299938135,0.0006370299961417913,-0.6715124742504006,0.1919977111467155,0.09762920576791068,1.7287466239414044,0.32176328732733384,-0.19545021744106172,0.7079555962462809,-0.6706510583358193,0.1923395695958843,0.11956299504009615,1.7381400807215805,0.3291172294490072,-0.19908439746176262,0.7019357231412048
512679.366306433,PLAYBACK,3.8200677229906432,6.772298365831375e-05,-0.6715124742504006,0.1919977111467155,0.09916365300984253,1.7298974593728538,0.32253051094830065,-0.19583382925154424,0.7079555962462809,-0.6704701408486966,0.19239830989056034,0.12201523479454057,1.7382390296856138,0.3288482534632886,-0.19921319784151367,0.7014779644542458
512679.373938472,PLAYBACK,3.8252169199986383,0.0002169199869967997,-0.6718960860608831,0.1919977111467155,0.09993087663080757,1.7302810711833363,0.3232977345692657,-0.19583382925154424,0.7079555962462809,-0.6703653616124057,0.19243163804413582,0.12337466629174167,1.7382897667666228,0.3286776930751253,-0.19928105557940626,0.7011901198816586
512679.37781118,PLAYBACK,3.83005809399765,5.8093981351703405e-05,-0.6718960860608831,0.1919977111467155,0.10069810025177439,1.7306646829938188,0.3240649581902325,-0.19621744106202677,0.7075719844357984,-0.6702628565893336,0.19246386079700997,0.12466564121047827,1.7383359727595675,0.32850361551691554,-0.19934293060546426,0.7008943841573746
512679.386595729,PLAYBACK,3.8372269910178147,0.0022269909968599677,-0.6722796978713674,0.1919977111467155,0.10184893568322195,1.7306646829938188,0.3240649581902325,-0.19621744106202677,0.7075719844357984,-0.6701037507291234,0.19251330305514877,0.12659983797666213,1.7384025949516444,0.3282238524038867,-0.1994304707518239,0.7004110946221734
512679.395628235,PLAYBACK,3.8462608589907177,0.0012608590186573565,-0.6722796978713674,0.1919977111467155,0.10338338292515381,1.7314319066147856,0.32521579362168185,-0.19660105287251106,0.7071883726253159,-0.6698903701424709,0.19257888893227093,0.1290749511390425,1.7384850434806471,0.3278389792301002,-0.19953219593544225,0.6997244144361865
512679.405793994,PLAYBACK,3.855329846031964,0.0003298460505902767,-0.6722796978713674,0.1919977111467155,0.10491783016708567,1.7321991302357507,0.32559940543216437,-0.19698466468299358,0.7068047608148316,-0.669661047895392,0.192648949390854,0.13160186466950022,1.7385678381851528,0.3274230286836465,-0.19962208764531988,0.6989484298585474
512679.41447356,PLAYBACK,3.865056257985998,5.6257995311170816e-05,-0.6722796978713674,0.1919977111467155,0.10645227740901753,1.7329663538567175,0.3263666290531294,-0.19698466468299358,0.7068047608148316,-0.669397352548281,0.1927295529184779,0.13435931001994186,1.7386582058626292,0.32695195167146657,-0.19970118808862894,0.6980220469048836
512679.418486899,PLAYBACK,3.87008436198812,8.436199277639389e-05,-0.6722796978713674,0.1919977111467155,0.10760311284046686,1.7333499656672,0.3263666290531294,-0.19698466468299358,0.706421149004349,-0.6692534683583957,0.19277373825795813,0.13580422159680786,1.7387059064923895,0.32670097064053444,-0.1997336230821283,0.6975063387605209
512679.427758847,PLAYBACK,3.877621348015964,0.0026213480159640312,-0.6722796978713674,0.1919977111467155,0.1083703364614319,1.7333499656672,0.3263666290531294,-0.1973682764934761,0.7060375371938665,-0.669027647354358,0.19284357594478055,0.13799511900241157,1.7387788556231352,0.3263183204897304,-0.19976959948769862,0.6966887111407127
512679.436964226,PLAYBACK,3.8870211410103366,0.002021141001023352,-0.6722796978713674,0.1919977111467155,0.1110556191348131,1.7337335774776825,0.3267502408636137,-0.1973682764934761,0.705653925383384,-0.6687280850685348,0.1929374268386297,0.14076936896701983,1.738872186719968,0.3258351518990836,-0.19979002096681417,0.6955993992997502
512679.445914113,PLAYBACK,3.895652184030041,0.0006521840114146471,-0.6722796978713674,0.1919977111467155,0.11335728999771,1.7345008010986493,0.3267502408636137,-0.1973682764934761,0.7048867017624172,-0.6684344283746435,0.19303101444505957,0.14335640045293271,1.7389596412362152,0.32539090717548286,-0.1997812575725621,0.6945389491662696
512679.454642082,PLAYBACK,3.9050950800301507,9.50800022110343e-05,-0.6722796978713674,0.1919977111467155,0.11565896086060867,1.7348844129091319,0.3267502408636137,-0.1973682764934761,0.7045030899519347,-0.6680914273485182,0.19314247193364026,0.14622684249120566,1.7390559990527559,0.3249096706703794,-0.1997376438292544,0.6933243265855374
512679.458896526,PLAYBACK,3.910056926019024,5.692604463547468e-05,-0.6722796978713674,0.1916140993362312,0.11680979629205801,1.7352680247196144,0.3267502408636137,-0.1973682764934761,0.7037358663309679,-0.6679016124224155,0.19320513942428233,0.14774991647513955,1.7391062843700105,0.32466037682841487,-0.19969941234782682,0.692668164769763
512679.467584929,PLAYBACK,3.9151191160199232,0.00011911604087799788,-0.6722796978713674,0.1916140993362312,0.11796063172350557,1.7356516365300987,0.3267502408636137,-0.1973682764934761,0.7037358663309679,-0.6677008549336583,0.19327214478776766,0.1493126403298561,1.7391568752308517,0.3244092655988407,-0.19964913705272253,0.6919892659772062
512679.472361979,PLAYBACK,3.925064790993929,6.479100557044148e-05,-0.6722796978713674,0.1919977111467155,0.12026230258640425,1.7360352483405812,0.3267502408636137,-0.1973682764934761,0.7029686427100028,-0.6672845807430858,0.19341318978432825,0.1524026587362094,1.7392525665221903,0.3239263525244866,-0.19951710154236943,0.6906381349736007
512679.481020034,PLAYBACK,3.9310984809999354,0.0010984810069203377,-0.6722796978713674,0.1916140993362312,0.12141313801785181,1.7360352483405812,0.3267502408636137,-0.19775188830395862,0.702201419089036,-0.6670172450875894,0.19350499126127937,0.15428502271354735,1.739307061736502,0.3236399403177083,-0.1994163000432537,0.6898145636166899
512679.490238027,PLAYBACK,3.9402117829886265,0.00021178298629820347,-0.6722796978713674,0.1919977111467155,0.12486564431219982,1.7364188601510637,0.3267502408636137,-0.19775188830395862,0.701434195468071,-0.6665909788668182,0.1936526423647501,0.15712970204388946,1.7393823332517304,0.3232143437988973,-0.19923785571876862,0.6885767688509852
512679.494370376,PLAYBACK,3.9450560929835774,5.6092976592481136e-05,-0.6722796978713674,0.1916140993362312,0.12640009155413168,1.7368024719615462,0.3267502408636137,-0.19775188830395862,0.7010505836575884,-0.6663528068750119,0.19373546733005004,0.15863862608888427,1.7394182235575306,0.32298969894774376,-0.19913245709724767,0.6879257089602769
512679.503163161,PLAYBACK,3.953188666026108,0.0031886660144664347,-0.6722796978713674,0.1919977111467155,0.12831815060654606,1.7371860837720305,0.3267502408636137,-0.19813550011444114,0.6998997482261391,-0.6659337925382496,0.1938810167221831,0.16115989563427688,1.7394711071279967,0.32261040054316403,-0.19894451540394167,0.6868486994296266
512679.512612449,PLAYBACK,3.9621487020049244,0.0021487019839696586,-0.6718960860608831,0.1919977111467155,0.13100343327992547,1.737569695582513,0.3267502408636137,-0.19813550011444114,0.6991325246051723,-0.6654426070946207,0.1940501973399132,0.16391098259391804,1.7395177856921398,0.32218059760455786,-0.19873148121421502,0.6856898576153605
512679.521568047,PLAYBACK,3.972055841994006,0.002055842021945864,-0.6718960860608831,0.1919977111467155,0.13368871595330667,1.7379533073929956,0.3263666290531294,-0.19813550011444114,0.6979816891737247,-0.6648608042887909,0.19424680155112528,0.16690744161462143,1.7395546593348232,0.3216753328691493,-0.19850602881785,0.6844446202660425
512679.530820707,PLAYBACK,3.980057694017887,5.769403651356697e-05,-0.6718960860608831,0.1919977111467155,0.134839551384756,1.7379533073929956,0.3263666290531294,-0.19813550011444114,0.6968308537422754,-0.664359321322306,0.19441178437764547,0.1692844318450157,1.7395732363671614,0.32123149946038215,-0.19834587347687868,0.6834649166584176
512679.539800251,PLAYBACK,3.9902516760048456,0.00025167601415887475,-0.6718960860608831,0.1919977111467155,0.13905928130006906,1.7379533073929956,0.3263666290531294,-0.19813550011444114,0.695680018310826,-0.6636774942214528,0.19462827042588585,0.17224740498476948,1.7395831687499537,0.3206029886968694,-0.19818916389178792,0.6822447752177198
512679.543997044,PLAYBACK,3.995102178014349,0.00010217801900580525,-0.6718960860608831,0.1919977111467155,0.14059372854199914,1.7379533073929956,0.3263666290531294,-0.19813550011444114,0.6952964065003435,-0.6633357036999639,0.19473317822662242,0.1736291107147235,1.7395828808058507,0.32027419165700693,-0.19813886459279423,0.6816726773145759
512679.548192865,PLAYBACK,4.000096567033324,9.656703332439065e-05,-0.6715124742504006,0.1919977111467155,0.14136095216296596,1.738336919203478,0.3259830172426469,-0.19813550011444114,0.6945291828793785,-0.6629719383739198,0.19484213104011083,0.17503160859110423,1.739579484112582,0.3199131269858911,-0.1981063633289157,0.6810876583465018
512679.557229819,PLAYBACK,4.007495206024032,0.0024952060193754733,-0.6715124742504006,0.1919977111467155,0.1425117875944153,1.738336919203478,0.3259830172426469,-0.19813550011444114,0.6929947356374466,-0.6624109887872445,0.19500472329483845,0.17706996286592147,1.739569166863525,0.3193330661375066,-0.19809817591877377,0.6802258178505403
512679.566148246,PLAYBACK,4.016368274984416,0.001368274970445782,-0.6715124742504006,0.1919977111467155,0.14596429388876153,1.738336919203478,0.3259830172426469,-0.19813550011444114,0.6918439002059973,-0.6617038925763021,0.19520057339967942,0.179450196955272,1.7395494705449874,0.3185616676214281,-0.19815744708141048,0.6791945811353961
512679.575203225,PLAYBACK,4.0253078319947235,0.00030783197144046426,-0.6711288624399181,0.1919977111467155,0.14864957656214273,1.738336919203478,0.3259830172426469,-0.19813550011444114,0.6903094529640654,-0.6609546064664342,0.19539762424346674,0.18177531062017,1.739522843222843,0.3176973809793612,-0.19829895655399152,0.6781518781960619
512679.579219941,PLAYBACK,4.0300613369909115,6.133696297183633e-05,-0.6711288624399181,0.1919977111467155,0.1498004119935903,1.738336919203478,0.32559940543216437,-0.19813550011444114,0.6899258411535829,-0.6605415711822296,0.19550191361496916,0.18298161910629052,1.7395063587550796,0.31720167246290887,-0.19840883800420753,0.6775937841272265
512679.588291212,PLAYBACK,4.038659988029394,0.0036599880550056696,-0.6707452506294356,0.1919977111467155,0.15133485923552215,1.738336919203478,0.32559940543216437,-0.19775188830395862,0.688391393911651,-0.6597694987547407,0.1956891776495513,0.18511138387353146,1.7394731329285178,0.3162414722077786,-0.19866942030269186,0.6765744807382593
512679.597564972,PLAYBACK,4.045011150010396,1.1150026693940163e-05,-0.6707452506294356,0.1919977111467155,0.15402014190890334,1.738336919203478,0.32483218181119755,-0.19775188830395862,0.6880077821011685,-0.6591791473436648,0.19582607132048124,0.186642368143621,1.7394462117231333,0.315480436737373,-0.19891280571307596,0.6758113050849803
512679.606228537,PLAYBACK,4.055069832014851,6.983202183619142e-05,-0.6707452506294356,0.1919977111467155,0.15632181277180024,1.738336919203478,0.32444857000071503,-0.19813550011444114,0.6860897230487524,-0.6582100518511234,0.1960400246596712,0.18899789549562226,1.7394002227287966,0.3141873182122012,-0.19938514449803782,0.6745801623434625
512679.611170175,PLAYBACK,4.065059671993367,5.967199103906751e-05,-0.6703616388189513,0.192381322957198,0.15900709544518143,1.738336919203478,0.32444857000071503,-0.19813550011444114,0.6849388876173048,-0.6572063600294259,0.1962489001045985,0.1912603383870616,1.7393512003180784,0.3127996437387738,-0.19995650845093674,0.6733246620623478
512679.620358631,PLAYBACK,4.070064570987597,6.457098061218858e-05,-0.6703616388189513,0.192381322957198,0.16015793087663077,1.738336919203478,0.32444857000071503,-0.19813550011444114,0.6845552758068205,-0.6566878296105584,0.1963522273552751,0.1923678757310797,1.7393255530185827,0.31206674113102856,-0.20027978977323913,0.6726814608967671
512679.629044279,PLAYBACK,4.07616657303879,0.0011665730271488428,-0.6703616388189513,0.192381322957198,0.16245960173952767,1.738336919203478,0.32368134637975,-0.19813550011444114,0.684171663996338,-0.6560410626384203,0.19647709373505215,0.193697154220097,1.7392933660151464,0.31113984999357985,-0.20070637220598012,0.6718830059922248
512679.633168703,PLAYBACK,4.085014083015267,1.4082994312047958e-05,-0.6699780270084688,0.192381322957198,0.16514488441290887,1.7387205310139606,0.3229141227587832,-0.19813550011444114,0.6830208285648887,-0.6550737016886455,0.19665619467260234,0.19558802015315624,1.739244920234292,0.3097319021598575,-0.2013863965111681,0.670694815500701
512679.64225375,PLAYBACK,4.092667892982718,0.0026678929571062326,-0.6695944151979862,0.192381322957198,0.16667933165484072,1.738336919203478,0.3229141227587832,-0.19813550011444114,0.6822536049439236,-0.6542069911618134,0.19680956114836223,0.19719380833458158,1.7392012341935106,0.30845367109611477,-0.2020315714917116,0.6696349570813767
512679.651637252,PLAYBACK,4.101490245026071,0.001490245049353689,-0.6692108033875037,0.192381322957198,0.17013183794918696,1.7387205310139606,0.32253051094830065,-0.19851911192492544,0.6811027695124743,-0.6531710490628028,0.19698495501138769,0.19901630673165163,1.739148605485395,0.30691180511340527,-0.20283856860357136,0.6683727862889532
512679.660631124,PLAYBACK,4.110553218983114,0.0005532189970836043,-0.6688271915770212,0.192381322957198,0.17243350881208386,1.738336919203478,0.32176328732733384,-0.19851911192492544,0.679951934081025,-0.6520624281956904,0.19716408143299372,0.20086295189587972,1.7390916207375398,0.3052522590266401,-0.2037360046128422,0.6670269263104636
512679.66915525,PLAYBACK,4.120063795999158,6.379600381478667e-05,-0.6684435797665369,0.192381322957198,0.17473517967498253,1.7387205310139606,0.3209960637063688,-0.19851911192492544,0.6791847104600599,-0.6508465313249634,0.19735148450832005,0.20277911493702375,1.7390280602284063,0.3034291875670856,-0.20475001960240427,0.6655562818448986
512679.676485328,PLAYBACK,4.12505831499584,5.831499584019184e-05,-0.6680599679560544,0.192381322957198,0.17550240329594757,1.7387205310139606,0.3206124518958863,-0.19890272373540796,0.6788010986495774,-0.6501849766967183,0.19744986156441585,0.20377827455975803,1.738992897070333,0.3024387506911997,-0.2053113673664139,0.664758526704037
512679.682747859,PLAYBACK,4.1350560610299,5.606102058663964e-05,-0.6676763561455719,0.192381322957198,0.17780407415884625,1.7387205310139606,0.31946161646443694,-0.19890272373540796,0.677650263218128,-0.6488100109309382,0.19764709994280924,0.20576636426903575,1.7389182234364664,0.300389210591611,-0.20649282686310091,0.6631061305825678
512679.686755798,PLAYBACK,4.140073754009791,7.375399582087994e-05,-0.6676763561455719,0.192381322957198,0.1785712977798113,1.739104142824445,0.3186943928434701,-0.19928633554589048,0.676883039597163,-0.6480933099105367,0.1977463953047864,0.2067588321992591,1.7388783237591872,0.2993278375390764,-0.20711393487707835,0.6622479840697765
512679.695936389,PLAYBACK,4.1463866520207375,0.0013866520021110773,-0.6672927443350893,0.192381322957198,0.1793385214007781,1.739104142824445,0.3179271692225051,-0.199669947356373,0.6764994277866787,-0.647165351956446,0.19787174578407865,0.20800269571722946,1.7388255364518783,0.29796271460736506,-0.20792101988563463,0.6611402825203714
512679.704902848,PLAYBACK,4.155068963998929,6.896397098898888e-05,-0.666909132524605,0.192381322957198,0.18240741588464182,1.739104142824445,0.31715994560154004,-0.199669947356373,0.6753485923552311,-0.6458401887669215,0.19804511323936208,0.20970418434893867,1.7387477091631602,0.29603423584084626,-0.2090754119186169,0.6595654031155828
512679.709086255,PLAYBACK,4.160099642991554,9.964301716536283e-05,-0.6665255207141225,0.192381322957198,0.18355825131608938,1.739104142824445,0.3163927219805732,-0.2000535591668573,0.6749649805447469,-0.6450461807663375,0.19814616708946386,0.2106844185818166,1.7386995674870453,0.29489206591522366,-0.2097663219068736,0.6586258675006645
512679.717748648,PLAYBACK,4.168057679024059,0.0030576790450140834,-0.6657582970931575,0.192381322957198,0.18470908674753872,1.739104142824445,0.31485827473864136,-0.20043717097733982,0.6738141451132993,-0.6437512196909945,0.19830703948183076,0.2122245126795139,1.7386184045232846,0.2930528469384098,-0.21088936219346271,0.657100407563415
512679.726616717,PLAYBACK,4.177358262008056,0.0023582620196975768,-0.6649910734721907,0.1919977111467155,0.18777798123140244,1.7394877546349274,0.3133238274967095,-0.20082078278782234,0.6730469214923325,-0.642179467847392,0.19849676391509705,0.2140031721887057,1.7385151170099689,0.29086250188883156,-0.21224296899865325,0.6552606206864173
512679.736582211,PLAYBACK,4.186198627983686,0.0011986279860138893,-0.6642238498512256,0.192381322957198,0.19007965209429933,1.739104142824445,0.31178938025477765,-0.20120439459830486,0.6718960860608831,-0.6406317608427552,0.19867894163075775,0.21566529981720936,1.7384078537964567,0.288752939272082,-0.21356319316079356,0.6534617756175565
512679.741097296,PLAYBACK,4.195055956020951,5.595601396635175e-05,-0.6634566262302588,0.192381322957198,0.19084687571526615,1.739104142824445,0.3102549330128458,-0.20158800640878916,0.6707452506294356,-0.6390354862126683,0.19886341733612672,0.21729415019127798,1.738291002455911,0.2866273462737899,-0.21491075127393042,0.651619746764936
512679.749826388,PLAYBACK,4.200495211989619,0.0004952119779773057,-0.6630730144197763,0.192381322957198,0.19314854657816305,1.739104142824445,0.30948770939188075,-0.20197161821927168,0.6703616388189513,-0.6380363269584686,0.19897776510959161,0.21827249922176056,1.7382144574554812,0.2853226533732514,-0.21574729421766223,0.6504734644052189
512679.754500831,PLAYBACK,4.205070774012711,7.077399641275406e-05,-0.6626894026092938,0.192381322957198,0.19391577019912987,1.739104142824445,0.3083368739604314,-0.2023552300297542,0.6695944151979862,-0.637186725485356,0.1990746507857429,0.2190807895266595,1.7381472183462987,0.28422853514393465,-0.21645492493304375,0.6495026796238368
512679.763534399,PLAYBACK,4.213694853999186,0.0036948539782315493,-0.661922178988327,0.192381322957198,0.19621744106202677,1.739104142824445,0.3071860385289821,-0.203122453650721,0.6684435797665369,-0.6355681481251524,0.1992592371002489,0.22056372752792291,1.738013429471262,0.2821814518606267,-0.2177958099947972,0.6476626508277504
512679.772210819,PLAYBACK,4.220083438034635,8.343806257471442e-05,-0.6615385671778444,0.19276493476768053,0.19698466468299536,1.739104142824445,0.3048843676660852,-0.20427328908216857,0.6680599679560544,-0.6343595003417141,0.19939793332939632,0.2216250318532798,1.7379084657478419,0.2806827228164696,-0.2187936731236507,0.6462960154388447
512679.77647399,PLAYBACK,4.230061243986711,6.124400533735752e-05,-0.6607713435568776,0.19276493476768053,0.19890272373540974,1.7394877546349274,0.3033499204241533,-0.2054241245136179,0.6657582970931575,-0.6324661542188424,0.199618713889407,0.223213864469295,1.7377349398944442,0.2783801222420349,-0.22035925390720937,0.6441658485701606
512679.785658328,PLAYBACK,4.237581488036085,0.002581488050054759,-0.6603877317463951,0.19276493476768053,0.20082078278782411,1.739104142824445,0.30143186137173894,-0.20619134813458473,0.6653746852826732,-0.631042853383515,0.19978925465300243,0.22435301444429492,1.7375968773055617,0.27667895550527327,-0.2215466747187851,0.6425710170569275
512679.79475631,PLAYBACK,4.245324160030577,0.00032416003523394465,-0.65962050812543,0.19276493476768053,0.20235523002975597,1.7394877546349274,0.3002810259402896,-0.20657495994506725,0.6638402380407413,-0.6295886932861334,0.19996940079234807,0.22547157918345165,1.7374487957669833,0.27495932740720674,-0.22277954073924672,0.6409448271975364
512679.798961118,PLAYBACK,4.250057756027672,5.7756027672439814e-05,-0.6592368963149475,0.19314854657816305,0.2035060654612053,1.7394877546349274,0.2995138023193228,-0.2073421835660323,0.6634566262302588,-0.6287084583495262,0.20008216806351983,0.22612786421336697,1.7373556036598248,0.2739235557824817,-0.2235405233830371,0.6399608017084083
512679.808139215,PLAYBACK,4.258349856012501,0.0033498560078442097,-0.6584696726939807,0.19314854657816305,0.20504051270313717,1.7394877546349274,0.2975957432669084,-0.2081094071869991,0.6623057907988095,-0.627188605264085,0.2002851784881099,0.22722674985666927,1.737188185993758,0.27213574461887075,-0.22489160782852266,0.6382596190392354
512679.816917521,PLAYBACK,4.267041526036337,0.0020415260223671794,-0.6580860608834982,0.19314854657816305,0.20657495994506903,1.7394877546349274,0.29567768421449403,-0.20926024261844667,0.6607713435568776,-0.625634169710491,0.20050629267178707,0.22830938481743723,1.7370081479365227,0.2702943286510139,-0.22633979595787335,0.6365125691805122
512679.825616685,PLAYBACK,4.276119981019292,0.0011199809960089624,-0.6573188372625314,0.19353215838864735,0.2077257953765166,1.7394877546349274,0.29375962516207965,-0.21002746623941349,0.6588532845044632,-0.6240632515836876,0.20074723984041346,0.22936569429373047,1.7368167581753071,0.26840053883025883,-0.22789689479263245,0.6347333723441126
512679.834765135,PLAYBACK,4.285118361003697,0.00011836102930828929,-0.6565516136415663,0.19353215838864735,0.20926024261844844,1.7394877546349274,0.2918415661096653,-0.21117830167086282,0.6573188372625314,-0.6225689104294971,0.20099675015832583,0.23033973187150525,1.7366254551870792,0.26654659287937255,-0.2294938295425651,0.6330211913637815
512679.838937049,PLAYBACK,4.290529402031098,0.000529402052052319,-0.6561680018310838,0.19353215838864735,0.21002746623941526,1.7394877546349274,0.29069073067821594,-0.21194552529182786,0.6565516136415663,-0.6217037678345215,0.20115203508039073,0.23089175228826972,1.7365103843173713,0.26544006608399173,-0.2304828007972764,0.6320179919777736
512679.84774887,PLAYBACK,4.295070016989484,7.001700578257442e-05,-0.6557843900205995,0.19353215838864735,0.2107946898603803,1.739104142824445,0.28877267162580156,-0.21232913710231038,0.6557843900205995,-0.6209984598660371,0.2012853835379008,0.23133616436288448,1.736414131037215,0.26451512747842126,-0.23133037956899272,0.631192099055019
512679.857428503,PLAYBACK,4.305058524012566,5.85240195505321e-05,-0.6550171663996345,0.19391577019912987,0.21232913710231216,1.7394877546349274,0.2876218361943522,-0.21424719615472654,0.6527154955367358,-0.619516431308882,0.20158834078454022,0.23225619249433785,1.736204384225666,0.262488177547467,-0.23325417341865173,0.6294278358375439
512679.861366457,PLAYBACK,4.315066448994912,6.644899258390069e-05,-0.6538663309681851,0.19353215838864735,0.2134799725337615,1.739104142824445,0.2853201653314553,-0.2153980315861741,0.6511810482948039,-0.6181306276053516,0.2019046445527114,0.23310385577285,1.735998458506669,0.26046227887809004,-0.23526564308887551,0.6277336190668449
512679.870230739,PLAYBACK,4.320815431012306,0.0008154310053214431,-0.6527154955367358,0.19391577019912987,0.21501441977569336,1.739104142824445,0.2845529417104885,-0.21616525520714092,0.6504138246738389,-0.6173800296779505,0.2020917969771243,0.23355987971161812,1.7358826644570544,0.25929843656880713,-0.2364593389532815,0.6267935372500328
512679.874635182,PLAYBACK,4.325067130033858,6.713002221658826e-05,-0.6519482719157708,0.19391577019912987,0.2157816433966584,1.739104142824445,0.28378571808952346,-0.21693247882810596,0.6492629892423896,-0.6168461824866418,0.20223263019273685,0.2338836206015205,1.7357983697979649,0.2584369468692061,-0.23735992436005177,0.6261136242022449
512679.883677887,PLAYBACK,4.33425121800974,0.004251217993441969,-0.6507974364843214,0.19391577019912987,0.21693247882810773,1.7387205310139606,0.2818676590371073,-0.2180833142595553,0.6477285420004577,-0.6157538523424068,0.20254346567407566,0.23454646050894562,1.7356205367739497,0.2565721570482875,-0.23935590164810483,0.6246884045517881
512679.89245415,PLAYBACK,4.3437183710047975,0.0037183709791861475,-0.6496466010528739,0.19391577019912987,0.2184669260700396,1.7387205310139606,0.27994959998469293,-0.22000137331196967,0.6454268711375608,-0.6147126123080224,0.20287262862796598,0.23518207183724416,1.735443756812619,0.2546420503451608,-0.24148347499704037,0.6232792439680279
512679.901276571,PLAYBACK,4.350061898003332,6.189802661538124e-05,-0.648879377431907,0.19391577019912987,0.2188505378805221,1.7387205310139606,0.2784151527427611,-0.22153582055390153,0.6435088120851464,-0.6140613009650514,0.20309768669563102,0.2355835420090504,1.7353292113848664,0.2533433130331328,-0.24294698975530815,0.6223675907248577
512679.909996696,PLAYBACK,4.360057048033923,5.704804789274931e-05,-0.6469613183794927,0.19391577019912987,0.2207685969329365,1.7387205310139606,0.2768807055008292,-0.2234538796063159,0.6419743648432146,-0.6131072637746132,0.20345878547827145,0.23618034752654532,1.7351553002776878,0.2512873663837172,-0.2453106380461041,0.6209816524520338
512679.914018451,PLAYBACK,4.365056817012373,5.681702168658376e-05,-0.6461940947585258,0.1942993820096124,0.2215358205539033,1.7387205310139606,0.2761134818798642,-0.22422110322728273,0.6408235294117652,-0.6126618949105952,0.20364204203590514,0.23646380333877126,1.7350713788185805,0.25025466084326037,-0.24651753686996564,0.6203107062603249
512679.918583944,PLAYBACK,4.37006167601794,6.167602259665728e-05,-0.6454268711375608,0.19391577019912987,0.22191943236438583,1.7387205310139606,0.27534625825889736,-0.22537193865873206,0.6396726939803159,-0.6122365635819389,0.2038269957218506,0.2367382156916985,1.7349894518878661,0.24921837517846882,-0.24774061554373786,0.6196535417836606
512679.927378512,PLAYBACK,4.377858282008674,0.0028582820086739957,-0.643892423895629,0.1942993820096124,0.22268665598535264,1.7387205310139606,0.273428199206483,-0.22652277409017962,0.6377546349279015,-0.6116134951668195,0.20411763359162316,0.23714820820810464,1.7348660177015476,0.24760012029756015,-0.24967261959331988,0.6186580610880252
512679.93721684,PLAYBACK,4.3867609379813075,0.0017609379719942808,-0.6423579766536971,0.1942993820096124,0.22460471503776702,1.7387205310139606,0.2718937519645511,-0.228440833142594,0.6358365758754871,-0.6109586095539103,0.20445222312693523,0.23759200184578091,1.7347314023771316,0.24574948916872566,-0.2519117059989441,0.6175628033844263
512679.945625384,PLAYBACK,4.396723124023993,0.0017231240053661168,-0.6404399176012827,0.1942993820096124,0.22575555046921636,1.7387205310139606,0.2695920811016542,-0.23035889219501016,0.6346857404440378,-0.6102939442059602,0.2048282315842755,0.23805987819399438,1.734588905642322,0.2436816429046094,-0.25444644840612685,0.6163893226675201
512679.955871688,PLAYBACK,4.405097652983386,9.76529554463923e-05,-0.638138246738384,0.1942993820096124,0.22690638590066392,1.738336919203478,0.2684412456702049,-0.23189333943694201,0.6327676813916234,-0.6097881752690516,0.20514388855466636,0.23843100487094324,1.7344758762116104,0.24195282403015622,-0.256588908227161,0.6154457581244187
512679.964163377,PLAYBACK,4.415146065992303,0.00014606601325795054,-0.6362201876859697,0.1942993820096124,0.22805722133211326,1.738336919203478,0.2657559629968237,-0.23457862211032143,0.6316168459601741,-0.6092416672918345,0.20551978138983007,0.2388507890045176,1.7343484914863536,0.23990008671227328,-0.25915682311964033,0.6143660755378596
512679.968028231,PLAYBACK,4.420056572998874,5.65730151720345e-05,-0.6350693522545203,0.1942993820096124,0.2288244449530783,1.738336919203478,0.26498873937585865,-0.23457862211032143,0.630849622339209,-0.6089973360895095,0.20570157210525689,0.23904613453898768,1.734289514803547,0.23890902838411235,-0.26040497383719224,0.6138595222902642
512679.972105644,PLAYBACK,4.425062884984072,6.288499571383e-05,-0.6339185168230728,0.1946829938200949,0.2292080567635626,1.738336919203478,0.2638379039444093,-0.2364966811627358,0.6293151750972772,-0.6087628609591504,0.2058851980307148,0.23923884916056826,1.7342315880558252,0.23790878744583296,-0.26166972557141654,0.6133574208093998
512679.981181543,PLAYBACK,4.431653909035958,0.001653909042943269,-0.6320004577706566,0.1946829938200949,0.22997528038452764,1.7379533073929956,0.2630706803234443,-0.23726390478370263,0.6285479514763104,-0.6084756744531398,0.2061238142935533,0.23948287699438683,1.7341586763212504,0.23660993189213572,-0.26331907508184776,0.6127184763894531
512679.990606725,PLAYBACK,4.440446212014649,0.0004462120123207569,-0.6296987869077597,0.1950666056305792,0.23112611581597697,1.7379533073929956,0.2611526212710281,-0.239181963836117,0.6277807278553453,-0.6081283438264017,0.2064356076660955,0.2397917893982188,1.7340672183318115,0.23491379065949491,-0.2654838487440266,0.6119050296661225
512679.999214884,PLAYBACK,4.450666024989914,0.0006660249782726169,-0.6277807278553453,0.1950666056305792,0.2322769512474263,1.7379533073929956,0.2580837267871662,-0.24110002288853138,0.626629892423896,-0.6077717417919183,0.20678723194323473,0.24012802441561798,1.7339689348320237,0.2330016427391486,-0.2679376685418458,0.6110144378158828
512680.003589089,PLAYBACK,4.455063453991897,6.345397559925914e-05,-0.626629892423896,0.19545021744106172,0.23266056305790883,1.7379533073929956,0.2580837267871662,-0.2418672465094982,0.625862668802931,-0.607632592450728,0.20693462392236334,0.24026548466365405,1.7339291827638925,0.23220015833108132,-0.2689700311761605,0.6106489575807719
512680.012492877,PLAYBACK,4.460066269035451,6.626901449635625e-05,-0.625862668802931,0.19545021744106172,0.23266056305790883,1.7379533073929956,0.25616566773475,-0.24378530556191258,0.625862668802931,-0.6074839619446425,0.20709929739495542,0.24041680591006234,1.733885734752764,0.2313046461628237,-0.27012599374390717,0.6102457848530436
512680.01671056,PLAYBACK,4.470064644992817,6.464502075687051e-05,-0.6243282215609991,0.19583382925154424,0.23304417486839135,1.7379533073929956,0.2538639968718531,-0.24531975280384444,0.6243282215609991,-0.607215412375991,0.2074184889273197,0.24070378364141254,1.7338042990901499,0.2295684849996459,-0.27237408012319586,0.609479001053008
512680.025971837,PLAYBACK,4.476246721984353,0.0012467220076359808,-0.6231773861295498,0.19621744106202677,0.23381139848935817,1.7379533073929956,0.2527131614404038,-0.24647058823529377,0.6239446097505148,-0.607066733479856,0.2076090857162241,0.24087143460811072,1.7337573465663925,0.22853143840951995,-0.2737210005819339,0.6090298823298163
512680.034768418,PLAYBACK,4.485301110020373,0.0003011100343428552,-0.6224101625085829,0.19698466468299536,0.2341950102998407,1.7379533073929956,0.2507951023879894,-0.24800503547722563,0.6235609979400323,-0.6068704306734349,0.20787879764350137,0.24110429827304594,1.7336929426162462,0.22706333691368769,-0.2756326016472957,0.6084048427524191
512680.038944511,PLAYBACK,4.490063071018085,6.307102739810944e-05,-0.6216429388876179,0.19698466468299536,0.2345786221103232,1.738336919203478,0.25002787876702437,-0.24877225909819067,0.6231773861295498,-0.6067765536576796,0.20801614133624424,0.241221019115026,1.7336610323237003,0.22631543761102782,-0.27660848198422283,0.6080910784464204
512680.047828581,PLAYBACK,4.498274696001317,0.003274696005973965,-0.6212593270771354,0.1977518883039604,0.2345786221103232,1.738336919203478,0.24772620790412567,-0.25069031815060505,0.6224101625085829,-0.6066284134835607,0.20824572950213766,0.24141349624623604,1.7336089775218282,0.22506469970401272,-0.2782433841680046,0.6075730851852749
512680.057008882,PLAYBACK,4.507901626988314,0.0029016269836574793,-0.6204921034561686,0.19813550011444292,0.23496223392080573,1.738336919203478,0.24504092523074447,-0.2522247653925369,0.6216429388876179,-0.6064747810488164,0.20850334634747444,0.241625757254805,1.7335524242451628,0.22366040400112716,-0.2800830965256746,0.6070011445204927
512680.065649253,PLAYBACK,4.516093233018182,0.0010932330042123795,-0.6204921034561686,0.19851911192492544,0.23496223392080573,1.738336919203478,0.24427370160977943,-0.25414282444495306,0.6208757152666529,-0.6063592249938935,0.20871292950913703,0.24179571323713803,1.7335078153553805,0.2225172051032974,-0.2815837555289549,0.6065427759370239
512680.075276434,PLAYBACK,4.525141881022137,0.00014188099885359406,-0.620108491645686,0.19890272373540974,0.23496223392080573,1.7379533073929956,0.24273925436784757,-0.25567727168688315,0.620108491645686,-0.606245970495252,0.20893438451284277,0.2419727851346379,1.73346200124569,0.2213084730334376,-0.2831731968574038,0.6060649219459191
512680.079225089,PLAYBACK,4.5300566460355185,5.664600757881999e-05,-0.620108491645686,0.19928633554589226,0.23534584573129003,1.7379533073929956,0.24197203074688076,-0.2568281071183325,0.6197248798352035,-0.6061901944190101,0.209050329545462,0.24206450877094884,1.7334385431819894,0.2206752944985,-0.28400688473346797,0.6058173066724475
512680.08849374,PLAYBACK,4.535104748036247,0.00010474806185811758,-0.620108491645686,0.19928633554589226,0.23572945754177255,1.7379533073929956,0.24043758350495067,-0.2575953307392993,0.619341268024721,-0.606136770819053,0.2091662965809663,0.24215559714413243,1.7334154368727248,0.22004175721621716,-0.28484176039236675,0.6055713660351972
512680.092776458,PLAYBACK,4.545059280004352,5.928002065047622e-05,-0.6197248798352035,0.19966994735637478,0.23572945754177255,1.7379533073929956,0.23890313626301882,-0.2598970016021962,0.6185740444037542,-0.6060419479687429,0.20938588933946597,0.24232635087592094,1.7333726425809683,0.21884142718211863,-0.2864254498988827,0.6051102657429889
512680.101940497,PLAYBACK,4.554784820997156,0.004784821008797735,-0.6197248798352035,0.2000535591668573,0.23611306935225507,1.7379533073929956,0.23736868902108696,-0.2625822842755774,0.6170395971618223,-0.6059614289269951,0.20958912604552546,0.24248244088152987,1.7333341369311244,0.21772967684770508,-0.28789439774329634,0.6046887586243456
512680.110753049,PLAYBACK,4.5606620000326075,0.0006620000349357724,-0.6197248798352035,0.2000535591668573,0.2364966811627376,1.7379533073929956,0.23698507721060266,-0.26334950789654243,0.6170395971618223,-0.6059179722046801,0.2097067169472299,0.24257192564500954,1.7333123364477467,0.21708604795917052,-0.2887457241547715,0.6044471412098948
512680.11957003,PLAYBACK,4.570091230038088,9.123003110289574e-05,-0.6197248798352035,0.2000535591668573,0.2364966811627376,1.737569695582513,0.2354506299686708,-0.2656511787594411,0.6162723735408573,-0.6058556082796607,0.20988746171251213,0.24270831645340082,1.7332795083294703,0.2160961791317795,-0.29005627951728696,0.6040789537625523
512680.123498537,PLAYBACK,4.575060761009809,6.076099816709757e-05,-0.620108491645686,0.2000535591668573,0.2364966811627376,1.737569695582513,0.23468340634770576,-0.26641840238040615,0.615888761730373,-0.6058260855143518,0.20997891546437403,0.24277680553105033,1.7332632111119308,0.21559505009683022,-0.2907203280174587,0.6038941187733026
512680.132745546,PLAYBACK,4.582611343008466,0.00261134299216792,-0.6197248798352035,0.2004371709773416,0.2368802929732201,1.7371860837720305,0.23353257091625643,-0.26833646143282053,0.615121538109408,-0.60578524943111,0.21011299315859303,0.24287659427026034,1.7332396966566757,0.21486001829440296,-0.29169499843092533,0.603624893137052
512680.14156452,PLAYBACK,4.5919126470107585,0.0019126469851471484,-0.620108491645686,0.20082078278782411,0.2368802929732201,1.7371860837720305,0.2323817354848071,-0.2702545204852367,0.6139707026779586,-0.6057410025875379,0.21027027805809823,0.24299273652369952,1.7332126796492169,0.21399723454786335,-0.2928400702932918,0.6033116876710947
512680.150672121,PLAYBACK,4.600876270036679,0.0008762700599618256,-0.6197248798352035,0.20120439459830664,0.2372639047837044,1.7368024719615462,0.23123090005335953,-0.27217257953765106,0.6128198672465093,-0.6057039977398933,0.2104138320791625,0.24309790050371305,1.7331885472714648,0.21320926773769167,-0.2938867579224029,0.6030282406648908
512680.160049401,PLAYBACK,4.610054787015542,5.478702951222658e-05,-0.6197248798352035,0.20120439459830664,0.2372639047837044,1.7368024719615462,0.2300800646219102,-0.27409063859006544,0.6120526436255442,-0.6056711671571536,0.21055289666165178,0.24319903502643062,1.7331656407754656,0.21244547908897288,-0.29490213220450023,0.6027558106675867
512680.163978829,PLAYBACK,4.615072521031834,7.252104114741087e-05,-0.6197248798352035,0.20158800640878916,0.23764751659418692,1.7368024719615462,0.22931284100094515,-0.2748578622110305,0.6116690318150617,-0.6056551697893545,0.21062562541494362,0.2432516419524052,1.7331538446431,0.21204584331626075,-0.29543371344492386,0.6026141689456149
512680.172819846,PLAYBACK,4.6230867260019295,0.0030867260065861046,-0.6197248798352035,0.20158800640878916,0.2372639047837044,1.7368024719615462,0.2281620055694958,-0.27639230945296234,0.6109018081940949,-0.605632216318711,0.21073713359275245,0.2433319209442418,1.7331360059519256,0.21143286315555054,-0.29624948717795785,0.6023981219259309
512680.182239267,PLAYBACK,4.630138437030837,0.00013843702618032694,-0.6197248798352035,0.20158800640878916,0.23764751659418692,1.7368024719615462,0.22701117013804648,-0.2783103685053785,0.6101345845731299,-0.6056144542095844,0.21083073077737122,0.24339894783728389,1.733121269685369,0.2109180906251527,-0.29693494926117053,0.6022178449835209
512680.186845839,PLAYBACK,4.640065115003381,6.511498941108584e-05,-0.6197248798352035,0.20197161821927345,0.23764751659418692,1.7368024719615462,0.22586033470659714,-0.27984481574731035,0.609367360952163,-0.6055929654718089,0.21095581394560278,0.24348799760130138,1.7331019321079366,0.21022975650688805,-0.2978520893763938,0.6019785141411664
512680.196144247,PLAYBACK,4.646036856982391,0.0010368569637648761,-0.6197248798352035,0.20197161821927345,0.23764751659418692,1.7368024719615462,0.22547672289611462,-0.28022842755779287,0.609367360952163,-0.6055818649918858,0.21102757339991202,0.24353880310950518,1.733091033412026,0.20983464084587858,-0.2983788472070559,0.6018420777270923
512680.204838021,PLAYBACK,4.657458755013067,0.002458754985127598,-0.6197248798352035,0.20197161821927345,0.23803112840466945,1.7364188601510637,0.22432588746466528,-0.28253009842068977,0.6078329137102312,-0.6055641266518418,0.21115815298397636,0.24363069892353773,1.733071594408789,0.2091151900752681,-0.2993385959215457,0.6015955379339095
512680.209605042,PLAYBACK,4.660059613990597,5.961401620879769e-05,-0.6197248798352035,0.20235523002975597,0.23803112840466945,1.7364188601510637,0.22432588746466528,-0.28253009842068977,0.6078329137102312,-0.6055606883691254,0.21118673278201258,0.2436507133533903,1.733067410997823,0.2089576386150682,-0.29954887580770007,0.6015418898616649
512680.217758996,PLAYBACK,4.668565656000283,0.0035656560212373734,-0.6197248798352035,0.20197161821927345,0.23841474021515197,1.7368024719615462,0.22317505203321772,-0.2840645456626216,0.6070656900892661,-0.6055508868666007,0.2112773546429913,0.24371393443475142,1.733054323089659,0.20845784967223865,-0.30021618994878974,0.6013725518560111
512680.227212513,PLAYBACK,4.677333843021188,0.0023338430328294635,-0.6197248798352035,0.20235523002975597,0.23841474021515197,1.7368024719615462,0.22202421660176838,-0.28483176928358844,0.6062984664682993,-0.6055429348321476,0.2113662692732497,0.2437756030608097,1.733041750107917,0.20796713863076105,-0.30087177015548494,0.6012075687049974
512680.236018803,PLAYBACK,4.685504628985655,0.0005046289879828691,-0.619341268024721,0.20235523002975597,0.23879835202563626,1.7364188601510637,0.22087338117031904,-0.285982604715036,0.6059148546578168,-0.6055372899562702,0.21144491803354842,0.24382985344444297,1.7330308532864738,0.20753279628333024,-0.3014523614352364,0.6010626041855089
512680.241204921,PLAYBACK,4.695061375037767,6.137503078207374e-05,-0.619341268024721,0.20235523002975597,0.23879835202563626,1.7364188601510637,0.220106157549354,-0.2867498283360028,0.6051476310368518,-0.6055325753094668,0.21153138615676292,0.24388918063218423,1.7330191147352028,0.20705495657845827,-0.3020914342041836,0.6009042670959918
512680.249135615,PLAYBACK,4.700061524985358,6.152497371658683e-05,-0.6189576562142367,0.20235523002975597,0.23918196383611878,1.7360352483405812,0.21972254573887148,-0.28751705195696786,0.6047640192263675,-0.6055308150990092,0.21157405656411551,0.24391833813253727,1.7330134139141742,0.20681903051516162,-0.30240709378188646,0.6008265251613246
512680.253450195,PLAYBACK,4.705060492036864,6.0492020566016436e-05,-0.6189576562142367,0.20235523002975597,0.23918196383611878,1.7360352483405812,0.21857171030742215,-0.28790066376745216,0.604380407415885,-0.6055294778076858,0.21161481325264592,0.24394611592534352,1.7330080246849089,0.20659361113485203,-0.302708772481574,0.6007525092056679
512680.262233541,PLAYBACK,4.713989389012568,0.003989388991612941,-0.6189576562142367,0.2027388418402385,0.23918196383611878,1.7360352483405812,0.21780448668645533,-0.2890514991988997,0.6039967956054024,-0.6055279896712034,0.21168251421637027,0.24399210497154544,1.732999191981688,0.20621900689457354,-0.3032102675436384,0.6006300710189802
512680.270835939,PLAYBACK,4.721375914989039,0.0013759150169789791,-0.6185740444037542,0.2027388418402385,0.2395655756466013,1.7360352483405812,0.2174208748759728,-0.28981872281986654,0.6036131837949199,-0.6055274695934663,0.21173318720220138,0.24402640409866516,1.7329926776392663,0.20593849135005432,-0.30358593345380025,0.6005388406125606
512680.279976633,PLAYBACK,4.730086180032231,8.618005085736513e-05,-0.6181904325932717,0.2027388418402385,0.2395655756466013,1.7356516365300987,0.21665365125500777,-0.2905859464408316,0.6028459601739531,-0.6055274710470716,0.21178623521503165,0.24406219863263365,1.7329859470905713,0.20564470649583966,-0.3039794886035192,0.6004437130710554
512680.284344986,PLAYBACK,4.735063205996994,6.320601096376777e-05,-0.6178068207827891,0.2027388418402385,0.23994918745708382,1.7356516365300987,0.21627003944452347,-0.2909695582513159,0.6024623483634706,-0.6055276886289849,0.21181311489816732,0.24408029158686861,1.7329825721337802,0.2054957955464576,-0.30417901715332646,0.6003956618336469
512680.293333728,PLAYBACK,4.743566412013024,0.0035664120223373175,-0.6174232089723048,0.203122453650721,0.23994918745708382,1.7356516365300987,0.21550281582355843,-0.2917367818722809,0.602078736552988,-0.6055282917067648,0.21185304243842754,0.2441071103116445,1.7329776047212273,0.20527453718983515,-0.3044755455397914,0.6003244795912454
512680.302833294,PLAYBACK,4.750065198983066,6.519898306578398e-05,-0.6174232089723048,0.203122453650721,0.24033279926756812,1.7352680247196144,0.2143519803921091,-0.29250400549324773,0.602078736552988,-0.6055288581398014,0.2118783736605414,0.24412408775423283,1.7329744833649823,0.20513412226655584,-0.30466376761887065,0.6002794467053356
512680.311844008,PLAYBACK,4.76009823102504,9.823101572692394e-05,-0.6166559853513398,0.203122453650721,0.24033279926756812,1.7352680247196144,0.21396836858162657,-0.29288761730373025,0.6016951247425055,-0.6055297469722282,0.2119087228994513,0.24414438613886352,1.7329707781654138,0.2049658431868728,-0.3048893854073428,0.6002256383557261
512680.316455389,PLAYBACK,4.770066639990546,6.663997191935778e-05,-0.615888761730373,0.2035060654612053,0.24071641107805064,1.7348844129091319,0.21281753315017723,-0.2936548409246953,0.6013115129320212,-0.6055304885976119,0.21192886598204144,0.24415782809280667,1.7329683439116037,0.20485411939784468,-0.3050392094641902,0.6001900300607624
512680.325020284,PLAYBACK,4.775551684026141,0.0005516840028576553,-0.6155051499198905,0.2035060654612053,0.24110002288853316,1.7348844129091319,0.21243392133969471,-0.2940384527351778,0.6013115129320212,-0.6055307937862991,0.21193609868054214,0.2441626469284208,1.7329674762525644,0.2048139940241473,-0.30509302660985305,0.6001772711820496
512680.329359812,PLAYBACK,4.780058834003285,5.8833975344896317e-05,-0.615121538109408,0.2035060654612053,0.24110002288853316,1.7348844129091319,0.2120503095292122,-0.2944220645456621,0.6009279011215387,-0.6055309818047884,0.21194025037023662,0.24416541048750282,1.7329669803156096,0.20479095834972724,-0.3051239252970985,0.6001699562276729
512680.338232881,PLAYBACK,4.788750805018935,0.0037508050445467234,-0.6143543144884411,0.20388967727168783,0.24110002288853316,1.7348844129091319,0.21089947409776286,-0.29480567635614463,0.6009279011215387,-0.6055311897995305,0.2119445212889365,0.24416825054658628,1.7329664725390703,0.20476725765875417,-0.30515571901535754,0.6001624412515996
512680.347641502,PLAYBACK,4.797768963035196,0.002768963051494211,-0.6132034790569936,0.20427328908217035,0.24148363469901568,1.7345008010986493,0.21051586228728034,-0.29518928816662715,0.6001606775005737,-0.605531242381564,0.21194551697880773,0.24416891185632425,1.7329663548350094,0.20476173127631042,-0.3051631333229213,0.6001606920859432
512680.356426912,PLAYBACK,4.8,0.0013952270383015275,-0.6124362554360268,0.20427328908217035,0.24148363469901568,1.7345008010986493,0.20974863866631352,-0.29595651178759397,0.6001606775005737,-0.6055312428473343,0.21194552529182964,0.24416891737239688,1.7329663538567175,0.20476168513003543,-0.30516319523918334,0.6001606775005737
512680.356942445,ENDPOINT SOFT HOLD,0,0,-0.6116690318150617,0.20427328908217035,0.24148363469901568,1.7345008010986493,0.209365026855831,-0.2963401235980765,0.5997770656900894,-0.6055312428473343,0.21194552529182964,0.24416891737239688,1.7329663538567175,0.20476168513003543,-0.30516319523918334,0.6001606775005737
512680.377414372,ENDPOINT SOFT HOLD,0,0,-0.6097509727626473,0.20465690089265287,0.24148363469901568,1.7341171892881668,0.20821419142438166,-0.2974909590295258,0.5993934538796069,-0.6055312428473343,0.21194552529182964,0.24416891737239688,1.7329663538567175,0.20476168513003543,-0.30516319523918334,0.6001606775005737
512680.402314278,ENDPOINT SOFT HOLD,0,0,-0.6070656900892661,0.2054241245136197,0.24186724650949998,1.7337335774776825,0.2066797441824498,-0.2990254062714577,0.5993934538796069,-0.6055312428473343,0.21194552529182964,0.24416891737239688,1.7329663538567175,0.20476168513003543,-0.30516319523918334,0.6001606775005737
512680.422341088,ENDPOINT SOFT HOLD,0,0,-0.6055312428473343,0.2058077363241022,0.24186724650949998,1.7337335774776825,0.2066797441824498,-0.2994090180819402,0.5990098420691243,-0.6055312428473343,0.21194552529182964,0.24416891737239688,1.7329663538567175,0.20476168513003543,-0.30516319523918334,0.6001606775005737
512680.442969407,ENDPOINT SOFT HOLD,0,0,-0.6032295719844356,0.20657495994506903,0.24186724650949998,1.7337335774776825,0.20552890875100224,-0.30094346532387206,0.5990098420691243,-0.6055312428473343,0.21194552529182964,0.24416891737239688,1.7329663538567175,0.20476168513003543,-0.30516319523918334,0.6001606775005737
512680.463487023,ENDPOINT SOFT HOLD,0,0,-0.6016951247425055,0.20695857175555155,0.2422508583199825,1.7341171892881668,0.20514529694051795,-0.3017106889448371,0.5990098420691243,-0.6055312428473343,0.21194552529182964,0.24416891737239688,1.7329663538567175,0.20476168513003543,-0.30516319523918334,0.6001606775005737
512680.484221245,ENDPOINT SOFT HOLD,0,0,-0.6013115129320212,0.2077257953765166,0.24263447013046502,1.7341171892881668,0.20514529694051795,-0.3024779125658039,0.5990098420691243,-0.6055312428473343,0.21194552529182964,0.24416891737239688,1.7329663538567175,0.20476168513003543,-0.30516319523918334,0.6001606775005737
512680.505798411,ENDPOINT SOFT HOLD,0,0,-0.6009279011215387,0.2081094071869991,0.24263447013046502,1.7341171892881668,0.20476168513003543,-0.30286152437628644,0.5990098420691243,-0.6055312428473343,0.21194552529182964,0.24416891737239688,1.7329663538567175,0.20476168513003543,-0.30516319523918334,0.6001606775005737
512680.527742144,ENDPOINT SOFT HOLD,0,0,-0.6009279011215387,0.2084930189974834,0.24301808194094754,1.7337335774776825,0.20476168513003543,-0.30324513618676896,0.5990098420691243,-0.6055312428473343,0.21194552529182964,0.24416891737239688,1.7329663538567175,0.20476168513003543,-0.30516319523918334,0.6001606775005737
512680.549867265,ENDPOINT SOFT HOLD,0,0,-0.6009279011215387,0.20887663080796592,0.24301808194094754,1.7337335774776825,0.2043780733195529,-0.3040123598077358,0.5986262302586418,-0.6055312428473343,0.21194552529182964,0.24416891737239688,1.7329663538567175,0.20476168513003543,-0.30516319523918334,0.6001606775005737
512680.573397904,ENDPOINT SOFT HOLD,0,0,-0.6009279011215387,0.20964385442893096,0.24301808194094754,1.7337335774776825,0.20476168513003543,-0.3043959716182183,0.5986262302586418,-0.6055312428473343,0.21194552529182964,0.24416891737239688,1.7329663538567175,0.20476168513003543,-0.30516319523918334,0.6001606775005737
512680.59461171,ENDPOINT SOFT HOLD,0,0,-0.6009279011215387,0.21002746623941526,0.24301808194094754,1.7333499656672,0.20476168513003543,-0.3043959716182183,0.5986262302586418,-0.6055312428473343,0.21194552529182964,0.24416891737239688,1.7329663538567175,0.20476168513003543,-0.30516319523918334,0.6001606775005737
512680.616409121,ENDPOINT SOFT HOLD,0,0,-0.6009279011215387,0.2107946898603803,0.24301808194094754,1.7333499656672,0.2043780733195529,-0.3043959716182183,0.5990098420691243,-0.6055312428473343,0.21194552529182964,0.24416891737239688,1.7329663538567175,0.20476168513003543,-0.30516319523918334,0.6001606775005737
512680.638061802,ENDPOINT SOFT HOLD,0,0,-0.6013115129320212,0.21117830167086282,0.24301808194094754,1.7333499656672,0.2043780733195529,-0.3047795834287008,0.5990098420691243,-0.6055312428473343,0.21194552529182964,0.24416891737239688,1.7329663538567175,0.20476168513003543,-0.30516319523918334,0.6001606775005737
512680.659121652,ENDPOINT SOFT HOLD,0,0,-0.6009279011215387,0.21194552529182964,0.24301808194094754,1.7329663538567175,0.2043780733195529,-0.3047795834287008,0.5990098420691243,-0.6055312428473343,0.21194552529182964,0.24416891737239688,1.7329663538567175,0.20476168513003543,-0.30516319523918334,0.6001606775005737
512680.681981519,ENDPOINT SOFT HOLD,0,0,-0.6009279011215387,0.21271274891279468,0.24301808194094754,1.7329663538567175,0.2043780733195529,-0.30516319523918334,0.5990098420691243,-0.6055312428473343,0.21194552529182964,0.24416891737239688,1.7329663538567175,0.20476168513003543,-0.30516319523918334,0.6001606775005737
512680.702602053,ENDPOINT SOFT HOLD,0,0,-0.6013115129320212,0.2134799725337615,0.24301808194094754,1.7329663538567175,0.2043780733195529,-0.30516319523918334,0.5990098420691243,-0.6055312428473343,0.21194552529182964,0.24416891737239688,1.7329663538567175,0.20476168513003543,-0.30516319523918334,0.6001606775005737
512680.724276236,ENDPOINT SOFT HOLD,0,0,-0.6009279011215387,0.21386358434424402,0.24301808194094754,1.732582742046235,0.2043780733195529,-0.30516319523918334,0.5990098420691243,-0.6055312428473343,0.21194552529182964,0.24416891737239688,1.7329663538567175,0.20476168513003543,-0.30516319523918334,0.6001606775005737
512680.745169815,ENDPOINT SOFT HOLD,0,0,-0.6013115129320212,0.21386358434424402,0.24301808194094754,1.732582742046235,0.20399446150907038,-0.30516319523918334,0.5990098420691243,-0.6055312428473343,0.21194552529182964,0.24416891737239688,1.7329663538567175,0.20476168513003543,-0.30516319523918334,0.6001606775005737
512680.765839905,ENDPOINT SOFT HOLD,0,0,-0.6013115129320212,0.21386358434424402,0.24301808194094754,1.732582742046235,0.2043780733195529,-0.30554680704966763,0.5990098420691243,-0.6055312428473343,0.21194552529182964,0.24416891737239688,1.7329663538567175,0.20476168513003543,-0.30516319523918334,0.6001606775005737
512680.787848813,ENDPOINT SOFT HOLD,0,0,-0.6013115129320212,0.21424719615472654,0.24301808194094754,1.732582742046235,0.2043780733195529,-0.30554680704966763,0.5993934538796069,-0.6055312428473343,0.21194552529182964,0.24416891737239688,1.7329663538567175,0.20476168513003543,-0.30516319523918334,0.6001606775005737
512680.809065475,ENDPOINT SOFT HOLD,0,0,-0.6013115129320212,0.21424719615472654,0.24301808194094754,1.732582742046235,0.2043780733195529,-0.30554680704966763,0.5990098420691243,-0.6055312428473343,0.21194552529182964,0.24416891737239688,1.7329663538567175,0.20476168513003543,-0.30516319523918334,0.6001606775005737
512680.836759161,ENDPOINT SOFT HOLD,0,0,-0.6013115129320212,0.21424719615472654,0.24301808194094754,1.732582742046235,0.2043780733195529,-0.30554680704966763,0.5990098420691243,-0.6055312428473343,0.21194552529182964,0.24416891737239688,1.7329663538567175,0.20476168513003543,-0.30516319523918334,0.6001606775005737
512680.858896797,ENDPOINT SOFT HOLD,0,0,-0.6013115129320212,0.21424719615472654,0.24301808194094754,1.732582742046235,0.2043780733195529,-0.30593041886015016,0.5993934538796069,-0.6055312428473343,0.21194552529182964,0.24416891737239688,1.7329663538567175,0.20476168513003543,-0.30516319523918334,0.6001606775005737
512680.879858968,ENDPOINT SOFT HOLD,0,0,-0.6013115129320212,0.21463080796521083,0.24301808194094754,1.732582742046235,0.2043780733195529,-0.30593041886015016,0.5990098420691243,-0.6055312428473343,0.21194552529182964,0.24416891737239688,1.7329663538567175,0.20476168513003543,-0.30516319523918334,0.6001606775005737
512680.900369049,ENDPOINT SOFT HOLD,0,0,-0.6013115129320212,0.21463080796521083,0.24340169375143184,1.732582742046235,0.2043780733195529,-0.30593041886015016,0.5993934538796069,-0.6055312428473343,0.21194552529182964,0.24416891737239688,1.7329663538567175,0.20476168513003543,-0.30516319523918334,0.6001606775005737
512680.920844815,ENDPOINT SOFT HOLD,0,0,-0.6013115129320212,0.21424719615472654,0.24301808194094754,1.732582742046235,0.2043780733195529,-0.30593041886015016,0.5993934538796069,-0.6055312428473343,0.21194552529182964,0.24416891737239688,1.7329663538567175,0.20476168513003543,-0.30516319523918334,0.6001606775005737
512680.941546895,ENDPOINT SOFT HOLD,0,0,-0.6013115129320212,0.21463080796521083,0.24301808194094754,1.732582742046235,0.2043780733195529,-0.30593041886015016,0.5993934538796069,-0.6055312428473343,0.21194552529182964,0.24416891737239688,1.7329663538567175,0.20476168513003543,-0.30516319523918334,0.6001606775005737
512680.963722985,ENDPOINT SOFT HOLD,0,0,-0.6016951247425055,0.21463080796521083,0.24301808194094754,1.732582742046235,0.2043780733195529,-0.30593041886015016,0.5990098420691243,-0.6055312428473343,0.21194552529182964,0.24416891737239688,1.7329663538567175,0.20476168513003543,-0.30516319523918334,0.6001606775005737
512680.983750497,ENDPOINT SOFT HOLD,0,0,-0.6016951247425055,0.21424719615472654,0.24340169375143184,1.732582742046235,0.2043780733195529,-0.30593041886015016,0.5993934538796069,-0.6055312428473343,0.21194552529182964,0.24416891737239688,1.7329663538567175,0.20476168513003543,-0.30516319523918334,0.6001606775005737
512681.006095742,ENDPOINT SOFT HOLD,0,0,-0.6016951247425055,0.21424719615472654,0.24340169375143184,1.732582742046235,0.2043780733195529,-0.30593041886015016,0.5993934538796069,-0.6055312428473343,0.21194552529182964,0.24416891737239688,1.7329663538567175,0.20476168513003543,-0.30516319523918334,0.6001606775005737
512681.026360902,ENDPOINT SOFT HOLD,0,0,-0.6016951247425055,0.21463080796521083,0.24301808194094754,1.732582742046235,0.2043780733195529,-0.30593041886015016,0.5993934538796069,-0.6055312428473343,0.21194552529182964,0.24416891737239688,1.7329663538567175,0.20476168513003543,-0.30516319523918334,0.6001606775005737
512681.047651276,ENDPOINT SOFT HOLD,0,0,-0.6016951247425055,0.21463080796521083,0.24340169375143184,1.732582742046235,0.2043780733195529,-0.30593041886015016,0.5993934538796069,-0.6055312428473343,0.21194552529182964,0.24416891737239688,1.7329663538567175,0.20476168513003543,-0.30516319523918334,0.6001606775005737
512681.069381256,ENDPOINT SOFT HOLD,0,0,-0.6016951247425055,0.21463080796521083,0.24340169375143184,1.732582742046235,0.2043780733195529,-0.30593041886015016,0.5993934538796069,-0.6055312428473343,0.21194552529182964,0.24416891737239688,1.7329663538567175,0.20476168513003543,-0.30516319523918334,0.6001606775005737
512681.09315331,ENDPOINT SOFT HOLD,0,0,-0.6016951247425055,0.21463080796521083,0.24301808194094754,1.732582742046235,0.2043780733195529,-0.30593041886015016,0.5993934538796069,-0.6055312428473343,0.21194552529182964,0.24416891737239688,1.7329663538567175,0.20476168513003543,-0.30516319523918334,0.6001606775005737
512681.115228024,ENDPOINT SOFT HOLD,0,0,-0.6016951247425055,0.21424719615472654,0.24301808194094754,1.732582742046235,0.2043780733195529,-0.30593041886015016,0.5993934538796069,-0.6055312428473343,0.21194552529182964,0.24416891737239688,1.7329663538567175,0.20476168513003543,-0.30516319523918334,0.6001606775005737
512681.137067846,ENDPOINT SOFT HOLD,0,0,-0.6016951247425055,0.21463080796521083,0.24340169375143184,1.732582742046235,0.2043780733195529,-0.30593041886015016,0.5993934538796069,-0.6055312428473343,0.21194552529182964,0.24416891737239688,1.7329663538567175,0.20476168513003543,-0.30516319523918334,0.6001606775005737
512681.158122817,ENDPOINT SOFT HOLD,0,0,-0.6016951247425055,0.21424719615472654,0.24340169375143184,1.732582742046235,0.2043780733195529,-0.30593041886015016,0.5993934538796069,-0.6055312428473343,0.21194552529182964,0.24416891737239688,1.7329663538567175,0.20476168513003543,-0.30516319523918334,0.6001606775005737
512681.178520702,ENDPOINT SOFT HOLD,0,0,-0.602078736552988,0.21424719615472654,0.24340169375143184,1.732582742046235,0.20476168513003543,-0.30554680704966763,0.5993934538796069,-0.6055312428473343,0.21194552529182964,0.24416891737239688,1.7329663538567175,0.20476168513003543,-0.30516319523918334,0.6001606775005737
512681.200729835,ENDPOINT SOFT HOLD,0,0,-0.602078736552988,0.21424719615472654,0.24378530556191436,1.732582742046235,0.2043780733195529,-0.30554680704966763,0.5993934538796069,-0.6055312428473343,0.21194552529182964,0.24416891737239688,1.7329663538567175,0.20476168513003543,-0.30516319523918334,0.6001606775005737
512681.221691576,ENDPOINT SOFT HOLD,0,0,-0.602078736552988,0.21424719615472654,0.24378530556191436,1.732582742046235,0.2043780733195529,-0.30554680704966763,0.5993934538796069,-0.6055312428473343,0.21194552529182964,0.24416891737239688,1.7329663538567175,0.20476168513003543,-0.30516319523918334,0.6001606775005737
512681.243642632,ENDPOINT SOFT HOLD,0,0,-0.602078736552988,0.21424719615472654,0.24378530556191436,1.732582742046235,0.2043780733195529,-0.30554680704966763,0.5997770656900894,-0.6055312428473343,0.21194552529182964,0.24416891737239688,1.7329663538567175,0.20476168513003543,-0.30516319523918334,0.6001606775005737
512681.263861543,ENDPOINT SOFT HOLD,0,0,-0.602078736552988,0.21424719615472654,0.24378530556191436,1.732582742046235,0.2043780733195529,-0.30554680704966763,0.5993934538796069,-0.6055312428473343,0.21194552529182964,0.24416891737239688,1.7329663538567175,0.20476168513003543,-0.30516319523918334,0.6001606775005737
512681.284618148,ENDPOINT SOFT HOLD,0,0,-0.602078736552988,0.21424719615472654,0.24378530556191436,1.732582742046235,0.2043780733195529,-0.30554680704966763,0.5997770656900894,-0.6055312428473343,0.21194552529182964,0.24416891737239688,1.7329663538567175,0.20476168513003543,-0.30516319523918334,0.6001606775005737
512681.3065094,ENDPOINT SOFT HOLD,0,0,-0.6024623483634706,0.21424719615472654,0.24378530556191436,1.732582742046235,0.2043780733195529,-0.30554680704966763,0.5993934538796069,-0.6055312428473343,0.21194552529182964,0.24416891737239688,1.7329663538567175,0.20476168513003543,-0.30516319523918334,0.6001606775005737
512681.327546827,ENDPOINT SOFT HOLD,0,0,-0.6024623483634706,0.21424719615472654,0.24378530556191436,1.732582742046235,0.2043780733195529,-0.30554680704966763,0.5997770656900894,-0.6055312428473343,0.21194552529182964,0.24416891737239688,1.7329663538567175,0.20476168513003543,-0.30516319523918334,0.6001606775005737
512681.347644022,ENDPOINT SOFT HOLD,0,0,-0.6024623483634706,0.21424719615472654,0.24378530556191436,1.732582742046235,0.2043780733195529,-0.30554680704966763,0.5997770656900894,-0.6055312428473343,0.21194552529182964,0.24416891737239688,1.7329663538567175,0.20476168513003543,-0.30516319523918334,0.6001606775005737
512681.370019085,ENDPOINT SOFT HOLD,0,0,-0.6024623483634706,0.21424719615472654,0.24378530556191436,1.732582742046235,0.2043780733195529,-0.30554680704966763,0.5997770656900894,-0.6055312428473343,0.21194552529182964,0.24416891737239688,1.7329663538567175,0.20476168513003543,-0.30516319523918334,0.6001606775005737
512681.392112125,ENDPOINT SOFT HOLD,0,0,-0.6024623483634706,0.21424719615472654,0.24378530556191436,1.732582742046235,0.2043780733195529,-0.30554680704966763,0.5997770656900894,-0.6055312428473343,0.21194552529182964,0.24416891737239688,1.7329663538567175,0.20476168513003543,-0.30516319523918334,0.6001606775005737
512681.413318267,ENDPOINT SOFT HOLD,0,0,-0.6024623483634706,0.21424719615472654,0.24378530556191436,1.732582742046235,0.20476168513003543,-0.30516319523918334,0.5997770656900894,-0.6055312428473343,0.21194552529182964,0.24416891737239688,1.7329663538567175,0.20476168513003543,-0.30516319523918334,0.6001606775005737
512681.43513788,ENDPOINT SOFT HOLD,0,0,-0.6024623483634706,0.21424719615472654,0.24378530556191436,1.732582742046235,0.2043780733195529,-0.30554680704966763,0.5997770656900894,-0.6055312428473343,0.21194552529182964,0.24416891737239688,1.7329663538567175,0.20476168513003543,-0.30516319523918334,0.6001606775005737
512681.457477935,ENDPOINT SOFT HOLD,0,0,-0.6024623483634706,0.21424719615472654,0.24378530556191436,1.7329663538567175,0.2043780733195529,-0.30554680704966763,0.5997770656900894,-0.6055312428473343,0.21194552529182964,0.24416891737239688,1.7329663538567175,0.20476168513003543,-0.30516319523918334,0.6001606775005737
512681.478800602,ENDPOINT SOFT HOLD,0,0,-0.6024623483634706,0.21386358434424402,0.24416891737239688,1.732582742046235,0.20476168513003543,-0.30554680704966763,0.5997770656900894,-0.6055312428473343,0.21194552529182964,0.24416891737239688,1.7329663538567175,0.20476168513003543,-0.30516319523918334,0.6001606775005737
512681.500349994,ENDPOINT SOFT HOLD,0,0,-0.6024623483634706,0.21424719615472654,0.24378530556191436,1.7329663538567175,0.2043780733195529,-0.30516319523918334,0.5997770656900894,-0.6055312428473343,0.21194552529182964,0.24416891737239688,1.7329663538567175,0.20476168513003543,-0.30516319523918334,0.6001606775005737
512681.520632868,ENDPOINT SOFT HOLD,0,0,-0.6024623483634706,0.21386358434424402,0.24378530556191436,1.732582742046235,0.20476168513003543,-0.30516319523918334,0.5997770656900894,-0.6055312428473343,0.21194552529182964,0.24416891737239688,1.7329663538567175,0.20476168513003543,-0.30516319523918334,0.6001606775005737
512681.541472464,ENDPOINT SOFT HOLD,0,0,-0.6028459601739531,0.21424719615472654,0.24416891737239688,1.732582742046235,0.20476168513003543,-0.30516319523918334,0.5997770656900894,-0.6055312428473343,0.21194552529182964,0.24416891737239688,1.7329663538567175,0.20476168513003543,-0.30516319523918334,0.6001606775005737
512681.561565341,ENDPOINT SOFT HOLD,0,0,-0.6028459601739531,0.21424719615472654,0.24378530556191436,1.732582742046235,0.20476168513003543,-0.30516319523918334,0.5997770656900894,-0.6055312428473343,0.21194552529182964,0.24416891737239688,1.7329663538567175,0.20476168513003543,-0.30516319523918334,0.6001606775005737
512681.583909555,ENDPOINT SOFT HOLD,0,0,-0.6028459601739531,0.21424719615472654,0.24416891737239688,1.732582742046235,0.20476168513003543,-0.30516319523918334,0.5997770656900894,-0.6055312428473343,0.21194552529182964,0.24416891737239688,1.7329663538567175,0.20476168513003543,-0.30516319523918334,0.6001606775005737
512681.605784384,ENDPOINT SOFT HOLD,0,0,-0.6028459601739531,0.21424719615472654,0.24378530556191436,1.732582742046235,0.2043780733195529,-0.30516319523918334,0.5997770656900894,-0.6055312428473343,0.21194552529182964,0.24416891737239688,1.7329663538567175,0.20476168513003543,-0.30516319523918334,0.6001606775005737
512681.62702409,ENDPOINT SOFT HOLD,0,0,-0.6032295719844356,0.21386358434424402,0.24416891737239688,1.732582742046235,0.2043780733195529,-0.30516319523918334,0.6001606775005737,-0.6055312428473343,0.21194552529182964,0.24416891737239688,1.7329663538567175,0.20476168513003543,-0.30516319523918334,0.6001606775005737
512681.647785285,ENDPOINT SOFT HOLD,0,0,-0.6028459601739531,0.21424719615472654,0.24378530556191436,1.732582742046235,0.2043780733195529,-0.30516319523918334,0.6001606775005737,-0.6055312428473343,0.21194552529182964,0.24416891737239688,1.7329663538567175,0.20476168513003543,-0.30516319523918334,0.6001606775005737
512681.66931999,ENDPOINT SOFT HOLD,0,0,-0.6032295719844356,0.21424719615472654,0.24416891737239688,1.732582742046235,0.20476168513003543,-0.30516319523918334,0.6001606775005737,-0.6055312428473343,0.21194552529182964,0.24416891737239688,1.7329663538567175,0.20476168513003543,-0.30516319523918334,0.6001606775005737
512681.689625467,ENDPOINT SOFT HOLD,0,0,-0.6032295719844356,0.21386358434424402,0.24416891737239688,1.732582742046235,0.20476168513003543,-0.30516319523918334,0.6001606775005737,-0.6055312428473343,0.21194552529182964,0.24416891737239688,1.7329663538567175,0.20476168513003543,-0.30516319523918334,0.6001606775005737
512681.709882571,ENDPOINT SOFT HOLD,0,0,-0.6032295719844356,0.21424719615472654,0.24416891737239688,1.7329663538567175,0.20476168513003543,-0.30516319523918334,0.6001606775005737,-0.6055312428473343,0.21194552529182964,0.24416891737239688,1.7329663538567175,0.20476168513003543,-0.30516319523918334,0.6001606775005737
512681.731889545,ENDPOINT SOFT HOLD,0,0,-0.6032295719844356,0.21386358434424402,0.24416891737239688,1.7329663538567175,0.20476168513003543,-0.30516319523918334,0.6001606775005737,-0.6055312428473343,0.21194552529182964,0.24416891737239688,1.7329663538567175,0.20476168513003543,-0.30516319523918334,0.6001606775005737
512681.753221068,ENDPOINT SOFT HOLD,0,0,-0.6032295719844356,0.21386358434424402,0.24416891737239688,1.7329663538567175,0.20476168513003543,-0.30516319523918334,0.6005442893110562,-0.6055312428473343,0.21194552529182964,0.24416891737239688,1.7329663538567175,0.20476168513003543,-0.30516319523918334,0.6001606775005737
512681.773796475,ENDPOINT SOFT HOLD,0,0,-0.6032295719844356,0.21386358434424402,0.24416891737239688,1.7329663538567175,0.20476168513003543,-0.30516319523918334,0.6001606775005737,-0.6055312428473343,0.21194552529182964,0.24416891737239688,1.7329663538567175,0.20476168513003543,-0.30516319523918334,0.6001606775005737
512682.335619149,ENDPOINT HOLD,0,0,-0.6055312428473343,0.21194552529182964,0.2445525291828794,1.7329663538567175,0.20514529694051795,-0.3047795834287008,0.6005442893110562,-0.6055312428473343,0.21194552529182964,0.24416891737239688,1.7329663538567175,0.20476168513003543,-0.30516319523918334,0.6001606775005737
512682.357418524,ENDPOINT HOLD,0,0,-0.6055312428473343,0.21232913710231216,0.2445525291828794,1.7333499656672,0.20476168513003543,-0.3047795834287008,0.6005442893110562,-0.6055312428473343,0.21194552529182964,0.24416891737239688,1.7329663538567175,0.20476168513003543,-0.30516319523918334,0.6001606775005737
512682.378520224,ENDPOINT HOLD,0,0,-0.6051476310368518,0.21232913710231216,0.2445525291828794,1.7329663538567175,0.20476168513003543,-0.3047795834287008,0.6005442893110562,-0.6055312428473343,0.21194552529182964,0.24416891737239688,1.7329663538567175,0.20476168513003543,-0.30516319523918334,0.6001606775005737
512682.400874948,ENDPOINT HOLD,0,0,-0.6051476310368518,0.21232913710231216,0.2445525291828794,1.7333499656672,0.20476168513003543,-0.3047795834287008,0.6005442893110562,-0.6055312428473343,0.21194552529182964,0.24416891737239688,1.7329663538567175,0.20476168513003543,-0.30516319523918334,0.6001606775005737
512682.420988435,ENDPOINT HOLD,0,0,-0.6051476310368518,0.21232913710231216,0.2445525291828794,1.7333499656672,0.20514529694051795,-0.3047795834287008,0.6005442893110562,-0.6055312428473343,0.21194552529182964,0.24416891737239688,1.7329663538567175,0.20476168513003543,-0.30516319523918334,0.6001606775005737
512682.442054417,ENDPOINT HOLD,0,0,-0.6051476310368518,0.21232913710231216,0.2445525291828794,1.7333499656672,0.20514529694051795,-0.3047795834287008,0.6005442893110562,-0.6055312428473343,0.21194552529182964,0.24416891737239688,1.7329663538567175,0.20476168513003543,-0.30516319523918334,0.6001606775005737
512682.464826435,ENDPOINT HOLD,0,0,-0.6055312428473343,0.21232913710231216,0.2445525291828794,1.7329663538567175,0.20476168513003543,-0.3047795834287008,0.6005442893110562,-0.6055312428473343,0.21194552529182964,0.24416891737239688,1.7329663538567175,0.20476168513003543,-0.30516319523918334,0.6001606775005737
512682.486142638,ENDPOINT HOLD,0,0,-0.6055312428473343,0.21232913710231216,0.2445525291828794,1.7333499656672,0.20476168513003543,-0.3047795834287008,0.6005442893110562,-0.6055312428473343,0.21194552529182964,0.24416891737239688,1.7329663538567175,0.20476168513003543,-0.30516319523918334,0.6001606775005737
512682.507716819,ENDPOINT HOLD,0,0,-0.6055312428473343,0.21194552529182964,0.2445525291828794,1.7333499656672,0.20514529694051795,-0.3047795834287008,0.6005442893110562,-0.6055312428473343,0.21194552529182964,0.24416891737239688,1.7329663538567175,0.20476168513003543,-0.30516319523918334,0.6001606775005737
512682.529612919,ENDPOINT HOLD,0,0,-0.6055312428473343,0.21194552529182964,0.2445525291828794,1.7329663538567175,0.20514529694051795,-0.3047795834287008,0.6001606775005737,-0.6055312428473343,0.21194552529182964,0.24416891737239688,1.7329663538567175,0.20476168513003543,-0.30516319523918334,0.6001606775005737
512682.550974811,ENDPOINT HOLD,0,0,-0.6055312428473343,0.21194552529182964,0.2445525291828794,1.7329663538567175,0.20476168513003543,-0.3047795834287008,0.6001606775005737,-0.6055312428473343,0.21194552529182964,0.24416891737239688,1.7329663538567175,0.20476168513003543,-0.30516319523918334,0.6001606775005737
512682.571856127,ENDPOINT HOLD,0,0,-0.6055312428473343,0.21232913710231216,0.2445525291828794,1.7333499656672,0.20514529694051795,-0.3047795834287008,0.6005442893110562,-0.6055312428473343,0.21194552529182964,0.24416891737239688,1.7329663538567175,0.20476168513003543,-0.30516319523918334,0.6001606775005737
512682.592360246,ENDPOINT HOLD,0,0,-0.6055312428473343,0.21194552529182964,0.2445525291828794,1.7329663538567175,0.20476168513003543,-0.3047795834287008,0.6005442893110562,-0.6055312428473343,0.21194552529182964,0.24416891737239688,1.7329663538567175,0.20476168513003543,-0.30516319523918334,0.6001606775005737
512682.613661782,ENDPOINT HOLD,0,0,-0.6055312428473343,0.21194552529182964,0.2445525291828794,1.7329663538567175,0.20476168513003543,-0.3047795834287008,0.6005442893110562,-0.6055312428473343,0.21194552529182964,0.24416891737239688,1.7329663538567175,0.20476168513003543,-0.30516319523918334,0.6001606775005737
512682.634266014,ENDPOINT HOLD,0,0,-0.6051476310368518,0.21194552529182964,0.2445525291828794,1.7333499656672,0.20476168513003543,-0.3047795834287008,0.6005442893110562,-0.6055312428473343,0.21194552529182964,0.24416891737239688,1.7329663538567175,0.20476168513003543,-0.30516319523918334,0.6001606775005737
512682.655292881,ENDPOINT HOLD,0,0,-0.6055312428473343,0.21194552529182964,0.2445525291828794,1.7333499656672,0.20514529694051795,-0.3047795834287008,0.6005442893110562,-0.6055312428473343,0.21194552529182964,0.24416891737239688,1.7329663538567175,0.20476168513003543,-0.30516319523918334,0.6001606775005737
512682.67531902,ENDPOINT HOLD,0,0,-0.6051476310368518,0.21194552529182964,0.2445525291828794,1.7329663538567175,0.20514529694051795,-0.3047795834287008,0.6005442893110562,-0.6055312428473343,0.21194552529182964,0.24416891737239688,1.7329663538567175,0.20476168513003543,-0.30516319523918334,0.6001606775005737
512682.696864906,ENDPOINT HOLD,0,0,-0.6055312428473343,0.21194552529182964,0.24416891737239688,1.7329663538567175,0.20476168513003543,-0.3047795834287008,0.6005442893110562,-0.6055312428473343,0.21194552529182964,0.24416891737239688,1.7329663538567175,0.20476168513003543,-0.30516319523918334,0.6001606775005737
512682.718779001,ENDPOINT HOLD,0,0,-0.6055312428473343,0.21232913710231216,0.24416891737239688,1.7333499656672,0.20476168513003543,-0.3047795834287008,0.6005442893110562,-0.6055312428473343,0.21194552529182964,0.24416891737239688,1.7329663538567175,0.20476168513003543,-0.30516319523918334,0.6001606775005737
512682.740106476,ENDPOINT HOLD,0,0,-0.6051476310368518,0.21232913710231216,0.24416891737239688,1.7329663538567175,0.20514529694051795,-0.3047795834287008,0.6005442893110562,-0.6055312428473343,0.21194552529182964,0.24416891737239688,1.7329663538567175,0.20476168513003543,-0.30516319523918334,0.6001606775005737
512682.761011748,ENDPOINT HOLD,0,0,-0.6055312428473343,0.21194552529182964,0.24416891737239688,1.7333499656672,0.20514529694051795,-0.3047795834287008,0.6005442893110562,-0.6055312428473343,0.21194552529182964,0.24416891737239688,1.7329663538567175,0.20476168513003543,-0.30516319523918334,0.6001606775005737
512682.781176374,ENDPOINT HOLD,0,0,-0.6051476310368518,0.21194552529182964,0.2445525291828794,1.7333499656672,0.20514529694051795,-0.3047795834287008,0.6005442893110562,-0.6055312428473343,0.21194552529182964,0.24416891737239688,1.7329663538567175,0.20476168513003543,-0.30516319523918334,0.6001606775005737
512682.802567312,ENDPOINT HOLD,0,0,-0.6051476310368518,0.21232913710231216,0.2445525291828794,1.7333499656672,0.20514529694051795,-0.3047795834287008,0.6005442893110562,-0.6055312428473343,0.21194552529182964,0.24416891737239688,1.7329663538567175,0.20476168513003543,-0.30516319523918334,0.6001606775005737
512682.823617323,ENDPOINT HOLD,0,0,-0.6051476310368518,0.21232913710231216,0.2445525291828794,1.7333499656672,0.20514529694051795,-0.30516319523918334,0.6005442893110562,-0.6055312428473343,0.21194552529182964,0.24416891737239688,1.7329663538567175,0.20476168513003543,-0.30516319523918334,0.6001606775005737
512682.844152202,ENDPOINT HOLD,0,0,-0.6055312428473343,0.21194552529182964,0.24416891737239688,1.7329663538567175,0.20514529694051795,-0.3047795834287008,0.6005442893110562,-0.6055312428473343,0.21194552529182964,0.24416891737239688,1.7329663538567175,0.20476168513003543,-0.30516319523918334,0.6001606775005737
512682.864615713,ENDPOINT HOLD,0,0,-0.6055312428473343,0.21194552529182964,0.2445525291828794,1.7329663538567175,0.20514529694051795,-0.30516319523918334,0.6005442893110562,-0.6055312428473343,0.21194552529182964,0.24416891737239688,1.7329663538567175,0.20476168513003543,-0.30516319523918334,0.6001606775005737
512682.886174724,ENDPOINT HOLD,0,0,-0.6055312428473343,0.21194552529182964,0.2445525291828794,1.7333499656672,0.20514529694051795,-0.30516319523918334,0.6005442893110562,-0.6055312428473343,0.21194552529182964,0.24416891737239688,1.7329663538567175,0.20476168513003543,-0.30516319523918334,0.6001606775005737
512682.908533506,ENDPOINT HOLD,0,0,-0.6051476310368518,0.21194552529182964,0.2445525291828794,1.7329663538567175,0.20514529694051795,-0.3047795834287008,0.6005442893110562,-0.6055312428473343,0.21194552529182964,0.24416891737239688,1.7329663538567175,0.20476168513003543,-0.30516319523918334,0.6001606775005737
512682.929411165,ENDPOINT HOLD,0,0,-0.6051476310368518,0.21194552529182964,0.2445525291828794,1.7329663538567175,0.20514529694051795,-0.3047795834287008,0.6005442893110562,-0.6055312428473343,0.21194552529182964,0.24416891737239688,1.7329663538567175,0.20476168513003543,-0.30516319523918334,0.6001606775005737
