monotonic_s,phase,trajectory_time_s,lateness_s,q1,q2,q3,q4,q5,q6,q7,target1,target2,target3,target4,target5,target6,target7
770914.73887028,START HOLD,0,0,0.020523231860837043,0.010549324788280856,-0.2809956511787579,0.07269443808651843,-0.4724179446097523,0.0715436026550691,-0.0692419317921722,0.020523231860837043,0.010549324788280856,-0.2809956511787579,0.07269443808651843,-0.4728015564202348,0.07039276722362153,-0.0692419317921722
770914.760330702,START HOLD,0,0,0.02090684367132134,0.010932936598763376,-0.2806120393682754,0.07269443808651843,-0.4724179446097523,0.07115999084458657,-0.06885831998168968,0.020523231860837043,0.010549324788280856,-0.2809956511787579,0.07269443808651843,-0.4728015564202348,0.07039276722362153,-0.0692419317921722
770914.780545969,START HOLD,0,0,0.02090684367132134,0.010932936598763376,-0.2806120393682754,0.07269443808651843,-0.4724179446097523,0.07115999084458657,-0.0692419317921722,0.020523231860837043,0.010549324788280856,-0.2809956511787579,0.07269443808651843,-0.4728015564202348,0.07039276722362153,-0.0692419317921722
770914.801743187,START HOLD,0,0,0.02090684367132134,0.010549324788280856,-0.2806120393682754,0.07269443808651843,-0.4728015564202348,0.07115999084458657,-0.06885831998168968,0.020523231860837043,0.010549324788280856,-0.2809956511787579,0.07269443808651843,-0.4728015564202348,0.07039276722362153,-0.0692419317921722
770914.822589913,START HOLD,0,0,0.02090684367132134,0.010549324788280856,-0.2806120393682754,0.07269443808651843,-0.4724179446097523,0.07115999084458657,-0.0692419317921722,0.020523231860837043,0.010549324788280856,-0.2809956511787579,0.07269443808651843,-0.4728015564202348,0.07039276722362153,-0.0692419317921722
770914.844635747,START HOLD,0,0,0.02090684367132134,0.010549324788280856,-0.2806120393682754,0.07307804989700095,-0.4724179446097523,0.07115999084458657,-0.0692419317921722,0.020523231860837043,0.010549324788280856,-0.2809956511787579,0.07269443808651843,-0.4728015564202348,0.07039276722362153,-0.0692419317921722
770914.866421703,START HOLD,0,0,0.02090684367132134,0.010932936598763376,-0.2806120393682754,0.07307804989700095,-0.4724179446097523,0.07115999084458657,-0.06885831998168968,0.020523231860837043,0.010549324788280856,-0.2809956511787579,0.07269443808651843,-0.4728015564202348,0.07039276722362153,-0.0692419317921722
770914.889609123,START HOLD,0,0,0.02090684367132134,0.010932936598763376,-0.2806120393682754,0.07307804989700095,-0.4728015564202348,0.07115999084458657,-0.0692419317921722,0.020523231860837043,0.010549324788280856,-0.2809956511787579,0.07269443808651843,-0.4728015564202348,0.07039276722362153,-0.0692419317921722
770914.91163575,START HOLD,0,0,0.020523231860837043,0.010549324788280856,-0.2806120393682754,0.07307804989700095,-0.4728015564202348,0.07115999084458657,-0.06885831998168968,0.020523231860837043,0.010549324788280856,-0.2809956511787579,0.07269443808651843,-0.4728015564202348,0.07039276722362153,-0.0692419317921722
770914.933600809,START HOLD,0,0,0.020523231860837043,0.010549324788280856,-0.2809956511787579,0.07269443808651843,-0.4728015564202348,0.07115999084458657,-0.06885831998168968,0.020523231860837043,0.010549324788280856,-0.2809956511787579,0.07269443808651843,-0.4728015564202348,0.07039276722362153,-0.0692419317921722
770914.956911927,START HOLD,0,0,0.020523231860837043,0.010932936598763376,-0.2809956511787579,0.07307804989700095,-0.4728015564202348,0.07077637903410405,-0.06885831998168968,0.020523231860837043,0.010549324788280856,-0.2809956511787579,0.07269443808651843,-0.4728015564202348,0.07039276722362153,-0.0692419317921722
770914.978923073,START HOLD,0,0,0.020523231860837043,0.010549324788280856,-0.2806120393682754,0.07307804989700095,-0.4724179446097523,0.07077637903410405,-0.06885831998168968,0.020523231860837043,0.010549324788280856,-0.2809956511787579,0.07269443808651843,-0.4728015564202348,0.07039276722362153,-0.0692419317921722
770914.998968365,START HOLD,0,0,0.020523231860837043,0.010549324788280856,-0.2806120393682754,0.07307804989700095,-0.4724179446097523,0.07077637903410405,-0.0692419317921722,0.020523231860837043,0.010549324788280856,-0.2809956511787579,0.07269443808651843,-0.4728015564202348,0.07039276722362153,-0.0692419317921722
770915.020590667,START HOLD,0,0,0.020523231860837043,0.010932936598763376,-0.2806120393682754,0.07307804989700095,-0.4724179446097523,0.07077637903410405,-0.0692419317921722,0.020523231860837043,0.010549324788280856,-0.2809956511787579,0.07269443808651843,-0.4728015564202348,0.07039276722362153,-0.0692419317921722
770915.042252946,START HOLD,0,0,0.020523231860837043,0.010549324788280856,-0.2809956511787579,0.07307804989700095,-0.4724179446097523,0.07077637903410405,-0.06885831998168968,0.020523231860837043,0.010549324788280856,-0.2809956511787579,0.07269443808651843,-0.4728015564202348,0.07039276722362153,-0.0692419317921722
770915.062337672,START HOLD,0,0,0.020523231860837043,0.010549324788280856,-0.2809956511787579,0.07307804989700095,-0.4724179446097523,0.07077637903410405,-0.0692419317921722,0.020523231860837043,0.010549324788280856,-0.2809956511787579,0.07269443808651843,-0.4728015564202348,0.07039276722362153,-0.0692419317921722
770915.083182706,START HOLD,0,0,0.02090684367132134,0.010549324788280856,-0.2806120393682754,0.07307804989700095,-0.4724179446097523,0.07077637903410405,-0.0692419317921722,0.020523231860837043,0.010549324788280856,-0.2809956511787579,0.07269443808651843,-0.4728015564202348,0.07039276722362153,-0.0692419317921722
770915.103667018,START HOLD,0,0,0.02090684367132134,0.010549324788280856,-0.2806120393682754,0.07269443808651843,-0.4724179446097523,0.07077637903410405,-0.0692419317921722,0.020523231860837043,0.010549324788280856,-0.2809956511787579,0.07269443808651843,-0.4728015564202348,0.07039276722362153,-0.0692419317921722
770915.125111169,START HOLD,0,0,0.02090684367132134,0.010549324788280856,-0.2806120393682754,0.07269443808651843,-0.4724179446097523,0.07077637903410405,-0.06885831998168968,0.020523231860837043,0.010549324788280856,-0.2809956511787579,0.07269443808651843,-0.4728015564202348,0.07039276722362153,-0.0692419317921722
770915.146222422,START HOLD,0,0,0.02090684367132134,0.010549324788280856,-0.2809956511787579,0.07269443808651843,-0.4728015564202348,0.07115999084458657,-0.06885831998168968,0.020523231860837043,0.010549324788280856,-0.2809956511787579,0.07269443808651843,-0.4728015564202348,0.07039276722362153,-0.0692419317921722
770915.168050368,START HOLD,0,0,0.02090684367132134,0.010549324788280856,-0.2806120393682754,0.07269443808651843,-0.4728015564202348,0.07077637903410405,-0.0692419317921722,0.020523231860837043,0.010549324788280856,-0.2809956511787579,0.07269443808651843,-0.4728015564202348,0.07039276722362153,-0.0692419317921722
770915.18928128,START HOLD,0,0,0.020523231860837043,0.010932936598763376,-0.2806120393682754,0.07307804989700095,-0.4724179446097523,0.07077637903410405,-0.06885831998168968,0.020523231860837043,0.010549324788280856,-0.2809956511787579,0.07269443808651843,-0.4728015564202348,0.07039276722362153,-0.0692419317921722
770915.21090745,START HOLD,0,0,0.020523231860837043,0.010932936598763376,-0.2806120393682754,0.07307804989700095,-0.4724179446097523,0.07077637903410405,-0.0692419317921722,0.020523231860837043,0.010549324788280856,-0.2809956511787579,0.07269443808651843,-0.4728015564202348,0.07039276722362153,-0.0692419317921722
770915.233225425,START HOLD,0,0,0.020523231860837043,0.010932936598763376,-0.2806120393682754,0.07307804989700095,-0.4724179446097523,0.07077637903410405,-0.06885831998168968,0.020523231860837043,0.010549324788280856,-0.2809956511787579,0.07269443808651843,-0.4728015564202348,0.07039276722362153,-0.0692419317921722
770915.261101708,START HOLD,0,0,0.020523231860837043,0.010549324788280856,-0.2806120393682754,0.07307804989700095,-0.4724179446097523,0.07077637903410405,-0.0692419317921722,0.020523231860837043,0.010549324788280856,-0.2809956511787579,0.07269443808651843,-0.4728015564202348,0.07039276722362153,-0.0692419317921722
770915.282415289,START HOLD,0,0,0.020523231860837043,0.010932936598763376,-0.2806120393682754,0.07307804989700095,-0.4724179446097523,0.07077637903410405,-0.0692419317921722,0.020523231860837043,0.010549324788280856,-0.2809956511787579,0.07269443808651843,-0.4728015564202348,0.07039276722362153,-0.0692419317921722
770915.304594578,START HOLD,0,0,0.020523231860837043,0.010932936598763376,-0.2806120393682754,0.07307804989700095,-0.4728015564202348,0.07077637903410405,-0.0692419317921722,0.020523231860837043,0.010549324788280856,-0.2809956511787579,0.07269443808651843,-0.4728015564202348,0.07039276722362153,-0.0692419317921722
770915.326478101,START HOLD,0,0,0.020523231860837043,0.010932936598763376,-0.2806120393682754,0.07307804989700095,-0.4728015564202348,0.07077637903410405,-0.06885831998168968,0.020523231860837043,0.010549324788280856,-0.2809956511787579,0.07269443808651843,-0.4728015564202348,0.07039276722362153,-0.0692419317921722
770915.401426922,PLAYBACK,1.101987436413765e-06,1.101987436413765e-06,0.02129045548180386,0.010932936598763376,-0.2806120393682754,0.07269443808651843,-0.4724179446097523,0.07077637903410405,-0.0692419317921722,0.02052323186083704,0.010549324788280856,-0.2809956511787579,0.07269443808651843,-0.4728015564202347,0.07039276722362157,-0.0692419317921722
770915.407139866,PLAYBACK,0.0050639009568840265,6.390095222741365e-05,0.02129045548180386,0.010549324788280856,-0.2806120393682754,0.07269443808651843,-0.4728015564202348,0.07077637903410405,-0.06885831998168968,0.020523227071809636,0.010549307298840493,-0.28099565157112416,0.0726944451222706,-0.47280155664022294,0.07039276797109285,-0.06924225759400988
770915.412339016,PLAYBACK,0.010069911018945277,6.991100963205099e-05,0.02129045548180386,0.010932936598763376,-0.2806120393682754,0.07269443808651843,-0.4724179446097523,0.07077637903410405,-0.06885831998168968,0.02052319517903692,0.010549190850545986,-0.2809956541812932,0.0726944919552426,-0.4728015580996671,0.07039277285592158,-0.06924442779655725
770915.423207647,PLAYBACK,0.018167273025028408,0.003167273011058569,0.02129045548180386,0.010549324788280856,-0.2806120393682754,0.07269443808651843,-0.4724179446097523,0.07077637903410405,-0.0692419317921722,0.020523025531545978,0.010548571634803884,-0.28099566804065873,0.07269474087956353,-0.4728015658135495,0.07039279801738242,-0.06925597628827977
770915.432898362,PLAYBACK,0.028302500024437904,0.00330250000115484,0.02129045548180386,0.010549324788280856,-0.2806120393682754,0.07269443808651843,-0.4724179446097523,0.07077637903410405,-0.0692419317921722,0.020522493256279556,0.010546629777790497,-0.2809957114109507,0.07269552099876483,-0.47280158979097403,0.0703928732110376,-0.06929223081469887
770915.443512546,PLAYBACK,0.03923697699792683,0.004236976965330541,0.02129045548180386,0.010549324788280856,-0.2806120393682754,0.07307804989700095,-0.4724179446097523,0.07077637903410405,-0.0692419317921722,0.020521378586981595,0.010542565759538514,-0.28099580193268975,0.0726971523305548,-0.4728016394073614,0.07039302074984667,-0.06936820874898075
770915.454171676,PLAYBACK,0.04998350399546325,0.004983503953553736,0.02129045548180386,0.010549324788280856,-0.2806120393682754,0.07307804989700095,-0.4728015564202348,0.07077637903410405,-0.0692419317921722,0.020519624054537965,0.010536173447632786,-0.2809959438693179,0.07269971583164475,-0.4728017164286668,0.07039323505544137,-0.06948790129455504
770915.464298496,PLAYBACK,0.06276223494205624,0.007762234890833497,0.02090684367132134,0.010549324788280856,-0.2806120393682754,0.07307804989700095,-0.4724179446097523,0.07077637903410405,-0.0692419317921722,0.020516590304738264,0.010525130511983847,-0.28099618810834764,0.07270413913497707,-0.47280184728967706,0.07039356707135731,-0.06969507833688698
770915.474447168,PLAYBACK,0.0704936160473153,0.0004936160985380411,0.02129045548180386,0.010549324788280856,-0.2809956511787579,0.07307804989700095,-0.4724179446097523,0.07077637903410405,-0.0692419317921722,0.020514232151281994,0.010516554130651144,-0.2809963770846831,0.072707570592326,-0.4728019473055923,0.07039379681972728,-0.06985627947307634
770915.485589774,PLAYBACK,0.08116772398352623,0.0011677240254357457,0.02090684367132134,0.010932936598763376,-0.2809956511787579,0.07307804989700095,-0.4724179446097523,0.07077637903410405,-0.0692419317921722,0.020510324910657435,0.010502356561389778,-0.2809966887000088,0.07271324449089586,-0.47280211010084044,0.07039412891292915,-0.07012365305115388
770915.496196954,PLAYBACK,0.09138558898121119,0.0013855890138074756,0.02090684367132134,0.010549324788280856,-0.2806120393682754,0.07269443808651843,-0.4728015564202348,0.07077637903410405,-0.0692419317921722,0.020505892416629822,0.010486268403098815,-0.28099704008182985,0.07271966457118924,-0.4728022906575353,0.07039443712424065,-0.07042736534036213
770915.507574641,PLAYBACK,0.10376455402001739,0.00376455404330045,0.02090684367132134,0.010549324788280856,-0.2809956511787579,0.07269443808651843,-0.4724179446097523,0.07077637903410405,-0.0692419317921722,0.020499661939210358,0.010463685451237445,-0.280997530328385,0.07272866027168584,-0.47280253735835986,0.07039475248016698,-0.07085496084544406
770915.517558066,PLAYBACK,0.11469760804902762,0.00469760806299746,0.02090684367132134,0.010549324788280856,-0.2809956511787579,0.07269443808651843,-0.4724179446097523,0.07077637903410405,-0.0692419317921722,0.020493433932052812,0.010441147503808548,-0.2809980161454568,0.07273761939769521,-0.47280277579979824,0.07039493221092219,-0.07128318301979847
770915.52871009,PLAYBACK,0.12427846295759082,0.004278462962247431,0.02090684367132134,0.010549324788280856,-0.2806120393682754,0.07307804989700095,-0.4724179446097523,0.07077637903410405,-0.0692419317921722,0.020487468162062133,0.010419592687351794,-0.2809984775047545,0.07274617010855876,-0.47280299651867097,0.07039497689368295,-0.07169413063118325
770915.539286041,PLAYBACK,0.13006862497422844,6.862496957182884e-05,0.02090684367132134,0.010932936598763376,-0.2806120393682754,0.07307804989700095,-0.4724179446097523,0.07077637903410405,-0.0692419317921722,0.02048365198986485,0.010405822374594677,-0.2809987705405506,0.07275162356441804,-0.4728031337167379,0.07039493928485223,-0.0719574006015143
770915.550807122,PLAYBACK,0.14797172194812447,0.002971721929498017,0.02090684367132134,0.010549324788280856,-0.2806120393682754,0.07307804989700095,-0.4724179446097523,0.07077637903410405,-0.06962554360265472,0.020470957357744693,0.010360118006186142,-0.2809997333126865,0.07276967106558531,-0.4728035672124581,0.0703944346509821,-0.07283547276531875
770915.561833385,PLAYBACK,0.15819242200814188,0.003192421980202198,0.020523231860837043,0.010932936598763376,-0.2809956511787579,0.07307804989700095,-0.4724179446097523,0.07077637903410405,-0.06962554360265472,0.02046316689558063,0.010332150760142543,-0.28100031476639137,0.07278067345800812,-0.4728038154634368,0.07039383054173816,-0.07337613283773459
770915.5711484,PLAYBACK,0.16901197901461273,0.004011978977359831,0.020523231860837043,0.010549324788280856,-0.2806120393682754,0.07307804989700095,-0.4724179446097523,0.07077637903410405,-0.06962554360265472,0.020454528662980757,0.010301213200384317,-0.2810009510258517,0.07279280726041204,-0.4728040747897705,0.07039289696313356,-0.07397727036518761
770915.58293492,PLAYBACK,0.17876317002810538,0.0037631699815392494,0.020523231860837043,0.010932936598763376,-0.2809956511787579,0.07307804989700095,-0.4728015564202348,0.07077637903410405,-0.06962554360265472,0.02044640665088501,0.01027219425129655,-0.28100154121157517,0.0728041533423052,-0.4728043035640108,0.0703917703264122,-0.07454405766951426
770915.593418814,PLAYBACK,0.18937943794298917,0.004379437887109816,0.020523231860837043,0.010549324788280856,-0.2806120393682754,0.07307804989700095,-0.4724179446097523,0.07077637903410405,-0.07000915541313724,0.020437191728506547,0.010239350250687883,-0.2810022016512136,0.072816954963963,-0.4728045461236559,0.07039021143374574,-0.07518892129891795
770915.604464074,PLAYBACK,0.19961882394272834,0.004618823993951082,0.02090684367132134,0.010932936598763376,-0.2806120393682754,0.07346166170748347,-0.4724179446097523,0.07077637903410405,-0.07039276722362153,0.02042791374952412,0.010206363684822549,-0.2810028572216314,0.07282977127084231,-0.4728047730831589,0.07038835729924339,-0.07584007156789631
770915.614199765,PLAYBACK,0.21051657001953572,0.0005165700567886233,0.02090684367132134,0.010932936598763376,-0.2809956511787579,0.07346166170748347,-0.4724179446097523,0.07077637903410405,-0.07077637903410405,0.020417583699566335,0.010169728635692387,-0.2810035766835044,0.07284395980792281,-0.47280500678148274,0.07038598021794158,-0.07656717091317965
770915.625740493,PLAYBACK,0.22337308002170175,0.0033730800496414304,0.020523231860837043,0.010549324788280856,-0.2806120393682754,0.07346166170748347,-0.4728015564202348,0.07077637903410405,-0.07115999084458657,0.020404737892327093,0.010124299236719987,-0.28100445696909887,0.072861492204974,-0.4728052715547482,0.0703825997420325,-0.0774743000786941
770915.636915412,PLAYBACK,0.2324908870505169,0.002490887069143355,0.02090684367132134,0.010932936598763376,-0.2806120393682754,0.07307804989700095,-0.4724179446097523,0.07077637903410405,-0.07115999084458657,0.02039516196659491,0.010090521837956749,-0.28100510332502027,0.07287448542416156,-0.4728054514594587,0.07037979331602208,-0.07815257204525537
770915.64833072,PLAYBACK,0.24335741403046995,0.0033574140397831798,0.02090684367132134,0.010932936598763376,-0.2806120393682754,0.07307804989700095,-0.4724179446097523,0.07077637903410405,-0.07192721446555339,0.020383215979839782,0.010048487406514343,-0.2810058981997684,0.0728906058272637,-0.4728056558116601,0.07037596367862085,-0.07900113236956581
770915.658938782,PLAYBACK,0.25482833897694945,0.004828338976949453,0.02090684367132134,0.010932936598763376,-0.2806120393682754,0.07307804989700095,-0.4724179446097523,0.07077637903410405,-0.07231082627603591,0.020369955656012816,0.010001962367652327,-0.2810067656715,0.07290838492755637,-0.47280585684211557,0.07037129098666783,-0.07994621694621647
770915.669913256,PLAYBACK,0.2654592649778351,0.005459264968521893,0.02090684367132134,0.010932936598763376,-0.2806120393682754,0.07307804989700095,-0.4728015564202348,0.07077637903410405,-0.07269443808651843,0.020357059360717595,0.009956852720323966,-0.281007594095401,0.07292555818748524,-0.4728060261205778,0.07036631846574669,-0.08086862883694446
770915.680573348,PLAYBACK,0.2779250460444018,0.00292504602111876,0.02090684367132134,0.010932936598763376,-0.2806120393682754,0.07307804989700095,-0.4724179446097523,0.07077637903410405,-0.07346166170748347,0.020341185544787085,0.009901520993376657,-0.2810085926146494,0.07294653287156756,-0.4728061983486236,0.07035960907464629,-0.08200859958417661
770915.692427577,PLAYBACK,0.2886300040408969,0.0036300040083006024,0.02090684367132134,0.010932936598763376,-0.2806120393682754,0.07307804989700095,-0.4728015564202348,0.07077637903410405,-0.07384527351796777,0.020326900221628707,0.009851914050925552,-0.28100947070990956,0.07296525033512215,-0.47280631869408407,0.07035300741844379,-0.08303898341598469
770915.702495134,PLAYBACK,0.29806933703366667,0.0030693369917571545,0.02090684367132134,0.010932936598763376,-0.2806120393682754,0.07307804989700095,-0.4728015564202348,0.07077637903410405,-0.07422888532845029,0.020313795422712777,0.009806566998803888,-0.28101025881665953,0.07298228659034559,-0.47280639997143487,0.07034647839712876,-0.08398807528673231
770915.712329564,PLAYBACK,0.310212739976123,0.005212739924900234,0.02129045548180386,0.010932936598763376,-0.2806120393682754,0.07307804989700095,-0.4724179446097523,0.07077637903410405,-0.07537972075989963,0.02029622145978843,0.009746001098120563,-0.28101128914469925,0.0730049281253561,-0.47280646515590835,0.07033701287405725,-0.08526679055847326
770915.723800319,PLAYBACK,0.3196862089680508,0.004686209023930132,0.02090684367132134,0.010932936598763376,-0.2806120393682754,0.07307804989700095,-0.4728015564202348,0.07077637903410405,-0.07576333257038215,0.020281941197547924,0.009696998073171892,-0.2810121036742493,0.07302315142207685,-0.47280648118089236,0.07032872418558547,-0.08631100449014119
770915.734729666,PLAYBACK,0.3321715670172125,0.007171567063778639,0.02090684367132134,0.010932936598763376,-0.2806120393682754,0.07307804989700095,-0.4724179446097523,0.07077637903410405,-0.07691416800183148,0.0202623435575524,0.009630065402240416,-0.2810131877600618,0.07304790075056887,-0.4728064491269819,0.07031647793382528,-0.08775181840173059
770915.744191532,PLAYBACK,0.3406447599409148,0.0006447599735110998,0.02090684367132134,0.010549324788280856,-0.2806120393682754,0.07307804989700095,-0.4724179446097523,0.07077637903410405,-0.07691416800183148,0.02024853591503817,0.00958313447104164,-0.281013927574834,0.07306515370725138,-0.47280638868848723,0.0703072411698695,-0.08877255580334807
770915.749244893,PLAYBACK,0.3451575950020924,0.0001575950300320983,0.02129045548180386,0.010549324788280856,-0.2806120393682754,0.07307804989700095,-0.4724179446097523,0.07077637903410405,-0.07768139162279653,0.02024101421893206,0.009557650188469047,-0.2810143220447265,0.07307448662495426,-0.4728063424500679,0.07030199588626723,-0.08933061900237553
770915.759895376,PLAYBACK,0.356557043036446,0.0015570430550724268,0.02090684367132134,0.010549324788280856,-0.2806120393682754,0.07307804989700095,-0.4724179446097523,0.07077637903410405,-0.07844861524376334,0.020221497120675374,0.009491800424278444,-0.28101531674277536,0.07309848196411431,-0.47280617807016834,0.0702876750590796,-0.09078555905053685
770915.771142823,PLAYBACK,0.3669422180391848,0.0019422180484980345,0.02090684367132134,0.010932936598763376,-0.2806120393682754,0.07307804989700095,-0.4724179446097523,0.07077637903410405,-0.0795994506752109,0.020203076072465773,0.009430028519141065,-0.2810162161434306,0.07312082743136251,-0.4728059631607981,0.07027320489621096,-0.09216832845421771
770915.781468745,PLAYBACK,0.37754873698577285,0.002548736985772848,0.02090684367132134,0.010932936598763376,-0.2806120393682754,0.07307804989700095,-0.4728015564202348,0.07077637903410405,-0.08075028610666024,0.020183639362201463,0.009365270634627505,-0.2810171219083751,0.07314407396892231,-0.47280567220612485,0.07025691650593473,-0.09363796145602361
770915.792588026,PLAYBACK,0.39035291597247124,0.0053529159631580114,0.02090684367132134,0.010549324788280856,-0.2806120393682754,0.07307804989700095,-0.4724179446097523,0.07077637903410405,-0.08151750972762706,0.020159349964610027,0.009284984780498547,-0.28101818857274985,0.07317262555243255,-0.47280521398725134,0.07023506441133011,-0.0954908421751209
770915.806209191,PLAYBACK,0.4006059990497306,0.0056059990311041474,0.02090684367132134,0.010549324788280856,-0.2806120393682754,0.07346166170748347,-0.4724179446097523,0.07077637903410405,-0.08266834515907462,0.02013926338943573,0.00921916022510305,-0.2810190132223716,0.07319579823593932,-0.47280475389467147,0.07021571619472705,-0.09703777960041216
770915.816233314,PLAYBACK,0.4120388509472832,0.0020388509146869183,0.02090684367132134,0.010932936598763376,-0.28022842755779287,0.07307804989700095,-0.4728015564202348,0.07039276722362153,-0.08381918059052396,0.02011621921555143,0.009144321267299013,-0.2810198916819643,0.0732218676107435,-0.47280413336439164,0.07019206957062636,-0.0988301187561778
770915.828321441,PLAYBACK,0.4240622939541936,0.004062293912284076,0.02090684367132134,0.010549324788280856,-0.28022842755779287,0.07307804989700095,-0.4724179446097523,0.07039276722362153,-0.0849700160219733,0.02009128023198087,0.009064203685749242,-0.28102075614157795,0.07324942454366408,-0.4728033474994461,0.07016470404570334,-0.10079282380059561
770915.83916255,PLAYBACK,0.43553157604765147,0.005531575996428728,0.020523231860837043,0.010549324788280856,-0.28022842755779287,0.07307804989700095,-0.4728015564202348,0.07077637903410405,-0.08612085145342085,0.020066854908108216,0.00898668878005087,-0.2810215102171537,0.0732757111013144,-0.4728024599124261,0.07013608839337866,-0.1027404165907601
770915.850227718,PLAYBACK,0.4474423739593476,0.00744237401522696,0.020523231860837043,0.010549324788280856,-0.2806120393682754,0.07307804989700095,-0.4728015564202348,0.07077637903410405,-0.08727168688487019,0.020040878838878083,0.008905376529332544,-0.2810222046142076,0.07330285208488824,-0.4728013854033844,0.07010367044458439,-0.10484190615140863
770915.861244864,PLAYBACK,0.45722356194164604,0.0022235619835555553,0.02090684367132134,0.010549324788280856,-0.28022842755779287,0.07307804989700095,-0.4724179446097523,0.07039276722362153,-0.08803891050583701,0.02001912136424841,0.008838237373937997,-0.28102269514400696,0.07332489723528206,-0.47280038059330254,0.07007494539542955,-0.10662848007023693
770915.872137781,PLAYBACK,0.46874477295204997,0.0037447729846462607,0.02090684367132134,0.010932936598763376,-0.28022842755779287,0.07307804989700095,-0.4724179446097523,0.07039276722362153,-0.08995696955825139,0.019993054201459186,0.008759065370991151,-0.2810231658358378,0.07335042796674483,-0.47279905063560773,0.07003867252466146,-0.1088039220683946
770915.881604347,PLAYBACK,0.47815248603001237,0.0031524860532954335,0.020523231860837043,0.010549324788280856,-0.2806120393682754,0.07307804989700095,-0.4724179446097523,0.07039276722362153,-0.09072419317921643,0.019971462475115075,0.008694621321522085,-0.2810234527529669,0.07337080243262656,-0.4727978458285531,0.07000713884729355,-0.1106376860220761
770915.893373373,PLAYBACK,0.48910451703704894,0.0041045170510187745,0.02090684367132134,0.010549324788280856,-0.2806120393682754,0.07307804989700095,-0.4724179446097523,0.07039276722362153,-0.09225864042114829,0.01994604123133525,0.00862018799290178,-0.281023662586113,0.07339383341079182,-0.47279631034494357,0.06996837178567873,-0.11283775275788226
770915.903763738,PLAYBACK,0.5020606269827113,0.007060626987367868,0.02090684367132134,0.010549324788280856,-0.2806120393682754,0.07307804989700095,-0.4728015564202348,0.07039276722362153,-0.09494392309452948,0.01991567630667083,0.008533527162408452,-0.28102371823309674,0.0734198913953737,-0.4727943182965187,0.06991993702668228,-0.11553103939645377
770915.914025276,PLAYBACK,0.5098953560227528,0.004895356018096209,0.020523231860837043,0.010549324788280856,-0.2806120393682754,0.07307804989700095,-0.4724179446097523,0.07077637903410405,-0.09571114671549452,0.019897220449767286,0.008482166909601924,-0.28102364086984527,0.07343490562860178,-0.47279302963902536,0.06988950287099495,-0.11720702324043016
770915.926031577,PLAYBACK,0.5211897130357102,0.006189713021740317,0.02090684367132134,0.010549324788280856,-0.2806120393682754,0.07346166170748347,-0.4728015564202348,0.07039276722362153,-0.0980128175783932,0.019870582228389253,0.008409962317262239,-0.28102337012415346,0.07345540423898261,-0.47279107800372266,0.0698444974618844,-0.11968474026996084
770915.936458291,PLAYBACK,0.5331591729773208,0.0031591729493811727,0.02090684367132134,0.010932936598763376,-0.2806120393682754,0.07346166170748347,-0.4724179446097523,0.07039276722362153,-0.09954726482032505,0.019842439793721117,0.008336397522558688,-0.28102286550149946,0.07347546005530974,-0.47278892018513285,0.06979597730956898,-0.12238754511334565
770915.947842881,PLAYBACK,0.5447714689653367,0.004771468928083777,0.020523231860837043,0.010549324788280856,-0.2806120393682754,0.07346166170748347,-0.4724179446097523,0.07039276722362153,-0.10146532387273943,0.01981538286259609,0.008268594782314401,-0.2810221522069875,0.07349308599415437,-0.47278678492887116,0.06974896017816258,-0.1250812052362114
770915.959105267,PLAYBACK,0.5572839489905164,0.007283948943950236,0.020523231860837043,0.010932936598763376,-0.2806120393682754,0.07307804989700095,-0.4724179446097523,0.07039276722362153,-0.10338338292515381,0.019786695793780635,0.00820019079224796,-0.28102113317475685,0.0735098860133277,-0.4727845055935461,0.0696995394774804,-0.12805565484370832
770915.969883264,PLAYBACK,0.5669373630080372,0.006937362952157855,0.020523231860837043,0.010549324788280856,-0.2806120393682754,0.07307804989700095,-0.4724179446097523,0.07039276722362153,-0.10530144197756819,0.0197650283670202,0.008151139544542548,-0.28102017270654484,0.0735212205220284,-0.4727828157037764,0.069663163422134,-0.13039570235857084
770915.982324588,PLAYBACK,0.5760945150395855,0.0010945150861516595,0.02090684367132134,0.010549324788280856,-0.2806120393682754,0.07346166170748347,-0.4724179446097523,0.07039276722362153,-0.106068665598535,0.019744944878972923,0.00810785539148002,-0.28101912828987763,0.07353064650404083,-0.4727813123929042,0.0696307444382642,-0.13264693646247674
770915.990635149,PLAYBACK,0.586682999972254,0.0016830000095069408,0.020523231860837043,0.010549324788280856,-0.2806120393682754,0.07307804989700095,-0.4724179446097523,0.07000915541313724,-0.1083703364614319,0.01972239052836115,0.008061925763915845,-0.2810177718575347,0.0735399663802947,-0.47277974839682174,0.06959653645006623,-0.13528235193835125
770916.000895655,PLAYBACK,0.5968202200019732,0.001820220029912889,0.02090684367132134,0.010549324788280856,-0.2806120393682754,0.07307804989700095,-0.4724179446097523,0.07039276722362153,-0.11067200732433058,0.019701551778402764,0.008022162769402028,-0.2810163415295755,0.07354737986839553,-0.4727784803678556,0.06956776310964978,-0.1378320393541307
770916.011194495,PLAYBACK,0.605086816009134,8.681602776050568e-05,0.02090684367132134,0.010549324788280856,-0.2806120393682754,0.07307804989700095,-0.4724179446097523,0.07039276722362153,-0.11259006637674496,0.019685148506946436,0.007992750774175725,-0.28101509472203146,0.07355241725345772,-0.4727776484598467,0.06954757289499744,-0.13992675787058703
770916.017155354,PLAYBACK,0.6150572169572115,5.721696652472019e-05,0.02090684367132134,0.010549324788280856,-0.2806120393682754,0.07307804989700095,-0.4724179446097523,0.07039276722362153,-0.11489173723964186,0.019666102912089613,0.00796074392805241,-0.28101351437339467,0.07355741688680026,-0.47277692464684334,0.069527462481384,-0.14246809028316898
770916.02826108,PLAYBACK,0.6240564270410687,0.004056427045725286,0.02090684367132134,0.010549324788280856,-0.2806120393682754,0.07307804989700095,-0.4724179446097523,0.07039276722362153,-0.1160425726710912,0.01964962087476282,0.00793491692676666,-0.2810120346764078,0.07356105433974844,-0.4727765630467914,0.06951345614594567,-0.14477320812115546
770916.038509914,PLAYBACK,0.6350658079609275,0.0050658079562708735,0.02090684367132134,0.010549324788280856,-0.2806120393682754,0.07307804989700095,-0.4724179446097523,0.07039276722362153,-0.11987869077592173,0.019630374099226695,0.007906914509513384,-0.2810101824474486,0.073564583173905,-0.4727765301197147,0.06950169580132307,-0.14760503429149913
770916.049692126,PLAYBACK,0.6462044860236347,0.0062044860096648335,0.02090684367132134,0.010549324788280856,-0.2806120393682754,0.07307804989700095,-0.4728015564202348,0.07039276722362153,-0.12256397344930114,0.019611913490470468,0.007882116239988638,-0.28100829175871955,0.07356737100065104,-0.47277698218069175,0.06949558456106258,-0.1504810606815698
770916.060495422,PLAYBACK,0.6566820279695094,0.001682027941569686,0.02090684367132134,0.010549324788280856,-0.2806120393682754,0.07307804989700095,-0.4728015564202348,0.07039276722362153,-0.12486564431219982,0.01959545205542379,0.007861516267845642,-0.2810065253968629,0.07356950917900879,-0.4727778671800757,0.06949467881960515,-0.15319493625412126
770916.071338614,PLAYBACK,0.6689994749613106,0.003999474924057722,0.02090684367132134,0.010165712977798336,-0.2806120393682754,0.07307804989700095,-0.4724179446097523,0.07000915541313724,-0.12716731517509672,0.019577177769505502,0.00783998727869535,-0.28100449577533043,0.07357170280556768,-0.472779479937576,0.06949869087509361,-0.1563947062709539
770916.081161823,PLAYBACK,0.6780241939704865,0.003024193923920393,0.02090684367132134,0.010165712977798336,-0.2806120393682754,0.07307804989700095,-0.4724179446097523,0.07039276722362153,-0.12831815060654606,0.019564499249070746,0.00782561658021259,-0.2810030588473084,0.07357325090291848,-0.47278104648322,0.06950433958777189,-0.1587449085299076
770916.092607399,PLAYBACK,0.6891812370158732,0.004181236959993839,0.02090684367132134,0.010165712977798336,-0.2806120393682754,0.07307804989700095,-0.4724179446097523,0.07039276722362153,-0.1317706569008923,0.019549623124827206,0.0078089859155338,-0.28100135903053197,0.07357525838640315,-0.4727834139476202,0.06951338197342802,-0.1616566287448984
770916.105289675,PLAYBACK,0.7007615419570357,0.005761542008258402,0.02090684367132134,0.010165712977798336,-0.28022842755779287,0.07307804989700095,-0.4724179446097523,0.07039276722362153,-0.1340723277637892,0.01953508334554277,0.007792515514159537,-0.2809997007878275,0.07357760043183148,-0.4727863427731736,0.06952372530708065,-0.16468553511007591
770916.122329168,PLAYBACK,0.7125935889780521,0.0025935890153050423,0.020523231860837043,0.010165712977798336,-0.2806120393682754,0.07346166170748347,-0.4724179446097523,0.07039276722362153,-0.13675761043717038,0.019521146087719002,0.007775961484446286,-0.2809981323236935,0.0735803927501745,-0.47278978475389005,0.06953346920632637,-0.16778678725208754
770916.12808282,PLAYBACK,0.7279510790249333,0.002951079048216343,0.020523231860837043,0.010165712977798336,-0.2806120393682754,0.07307804989700095,-0.4728015564202348,0.07000915541313724,-0.13944289311055158,0.01950441130033369,0.007754065924406916,-0.28099630187976826,0.0735847529450613,-0.4727948356987879,0.06954150176493674,-0.171820976289671
770916.130977034,PLAYBACK,0.730084817041643,8.481706026941538e-05,0.020523231860837043,0.010165712977798336,-0.2806120393682754,0.07307804989700095,-0.4724179446097523,0.07000915541313724,-0.14097734035248344,0.019502206553447855,0.0077509383871721535,-0.2809960665507998,0.07358542928060412,-0.4727955825638294,0.0695419644282174,-0.1723822152321493
770916.141820568,PLAYBACK,0.738582746940665,0.0035827469546347857,0.020523231860837043,0.010165712977798336,-0.2806120393682754,0.07346166170748347,-0.4724179446097523,0.07000915541313724,-0.1425117875944153,0.01949371813067284,0.00773818375024047,-0.2809951759013966,0.07358829612793205,-0.47279865008445254,0.06954168671202392,-0.17461909728472308
770916.153145383,PLAYBACK,0.7450690029654652,6.90029701218009e-05,0.020523231860837043,0.010165712977798336,-0.2806120393682754,0.07346166170748347,-0.4724179446097523,0.07000915541313724,-0.14442984664682967,0.019487556002573014,0.007728068784681772,-0.28099454625785314,0.07359066840336084,-0.4728010796627134,0.06953880155922773,-0.17632816107881555
770916.164947763,PLAYBACK,0.7550995589699596,9.955896530300379e-05,0.020523231860837043,0.010165712977798336,-0.2806120393682754,0.07346166170748347,-0.4724179446097523,0.07000915541313724,-0.1474987411306934,0.019478576707753558,0.007711646188560238,-0.28099365757743267,0.07359463828468453,-0.4728049573403931,0.0695287903354639,-0.17897382425385092
770916.175488817,PLAYBACK,0.771835449966602,0.001835449947975576,0.020523231860837043,0.010165712977798336,-0.2806120393682754,0.07346166170748347,-0.4728015564202348,0.07000915541313724,-0.15133485923552215,0.019465139892891316,0.0076817093493774516,-0.2809924001834626,0.07360200154841104,-0.4728116455108318,0.06949344416428259,-0.18339473048008081
770916.185932834,PLAYBACK,0.7836179819423705,0.0036179819144308567,0.020523231860837043,0.010165712977798336,-0.28022842755779287,0.07346166170748347,-0.4728015564202348,0.07000915541313724,-0.15402014190890334,0.019456911230815006,0.007658398530333986,-0.2809916781489715,0.07360765299651516,-0.47281642578247096,0.06945135775783652,-0.18651157734444884
770916.196862322,PLAYBACK,0.7934372329618782,0.0034372329246252775,0.020523231860837043,0.010165712977798336,-0.2806120393682754,0.07346166170748347,-0.4724179446097523,0.07000915541313724,-0.15670542458228454,0.01945089173495072,0.007637370487056854,-0.2809911748733434,0.07361259204116713,-0.47282039851714625,0.0694033687736307,-0.18911151155344438
770916.207517976,PLAYBACK,0.8041550349444151,0.004155034897848964,0.020523231860837043,0.010165712977798336,-0.28022842755779287,0.07346166170748347,-0.4724179446097523,0.07000915541313724,-0.16015793087663077,0.01944525870467474,0.0076125984608816834,-0.2809907231700132,0.07361815623106634,-0.47282467601376504,0.06933574953209554,-0.19195160465772682
770916.219383316,PLAYBACK,0.8150843019830063,0.005084301927126944,0.020523231860837043,0.010165712977798336,-0.2806120393682754,0.07346166170748347,-0.4728015564202348,0.07000915541313724,-0.1632268253604945,0.019440606884734552,0.007585219513380986,-0.2809903624397562,0.07362394378899081,-0.4728289270576385,0.06924845156154659,-0.19484985592994153
770916.229789041,PLAYBACK,0.8265147199854255,0.001514720031991601,0.020523231860837043,0.010165712977798336,-0.2806120393682754,0.07346166170748347,-0.4728015564202348,0.07000915541313724,-0.1659121080338739,0.01943703513228301,0.007554111129923342,-0.280990087138553,0.07363003292635126,-0.4728332013178096,0.06913504031730439,-0.19788298551269
770916.240007256,PLAYBACK,0.8384815650060773,0.0034815650433301926,0.020523231860837043,0.010165712977798336,-0.2806120393682754,0.07346166170748347,-0.4728015564202348,0.07000915541313724,-0.16898100251773762,0.019434863246633082,0.007518613939313989,-0.28098990376030525,0.07363634528908079,-0.4728374315567631,0.06898938600094409,-0.20106029786609847
770916.250786846,PLAYBACK,0.8468589739641175,0.0018589739920571446,0.020523231860837043,0.010165712977798336,-0.2806120393682754,0.07307804989700095,-0.4724179446097523,0.06962554360265472,-0.17051544975966948,0.019434394409687236,0.007491851407585956,-0.2809898353163531,0.073640666928747,-0.47284021354822686,0.06886945302469581,-0.2032855230795242
770916.261786168,PLAYBACK,0.8585829739458859,0.003582973964512348,0.02090684367132134,0.010165712977798336,-0.2806120393682754,0.07346166170748347,-0.4724179446097523,0.06962554360265472,-0.1743515678645,0.019435348094017174,0.007451558661916732,-0.2809898169921798,0.0736464955142224,-0.4728438180749615,0.06867445550901784,-0.20640073714338042
770916.272459305,PLAYBACK,0.8685469819465652,0.0035469819558784366,0.020523231860837043,0.009782101167315815,-0.2806120393682754,0.07346166170748347,-0.4724179446097523,0.06962554360265472,-0.17550240329594757,0.019437786678150912,0.007414529934267167,-0.2809898678363592,0.0736511732674635,-0.47284658308820654,0.06848174427726711,-0.20904906528781636
770916.284195788,PLAYBACK,0.8802479170262814,0.005247917026281357,0.020523231860837043,0.009782101167315815,-0.2806120393682754,0.07346166170748347,-0.4724179446097523,0.06962554360265472,-0.1789549095902938,0.019442784245499157,0.007367520763114011,-0.2809899995143909,0.07365624347712979,-0.47284943813217584,0.06822090571938061,-0.21215969533148882
770916.295042868,PLAYBACK,0.8931283419951797,0.008128341985866427,0.020523231860837043,0.009782101167315815,-0.28022842755779287,0.07346166170748347,-0.4724179446097523,0.0692419317921722,-0.18202380407415752,0.019451282519717353,0.007310995652072176,-0.2809902267848472,0.07366116471443003,-0.47285203978650564,0.06788665965485144,-0.21558435734618764
770916.305386423,PLAYBACK,0.9015655349940062,0.0015655349707230926,0.02090684367132134,0.009782101167315815,-0.2806120393682754,0.07346166170748347,-0.4728015564202348,0.0692419317921722,-0.18470908674753872,0.019458755581650077,0.00727103095006463,-0.2809904183517663,0.07366393983024598,-0.47285340975081697,0.06763864518512883,-0.2178276293763359
770916.316583724,PLAYBACK,0.9137212119530886,0.003721211920492351,0.020523231860837043,0.009782101167315815,-0.2806120393682754,0.07307804989700095,-0.4728015564202348,0.0692419317921722,-0.18777798123140244,0.019472501194191277,0.007209014911877135,-0.2809907480435615,0.07366720671950375,-0.4728548824569237,0.06723741334192371,-0.2210586718244181
770916.327020458,PLAYBACK,0.9230329409474507,0.0030329409055411816,0.02090684367132134,0.009782101167315815,-0.2806120393682754,0.07346166170748347,-0.4724179446097523,0.06885831998168968,-0.1893124284733343,0.019485668670304657,0.007157698360808597,-0.2809910393427562,0.0736690466480841,-0.47285558652277726,0.06689242659497799,-0.22353184782154834
770916.337992057,PLAYBACK,0.9338281110394746,0.003828110988251865,0.02090684367132134,0.009782101167315815,-0.2806120393682754,0.07307804989700095,-0.4724179446097523,0.06885831998168968,-0.192381322957198,0.0195041289907877,0.007093746928272727,-0.28099141411889217,0.07367036632070975,-0.47285591682217454,0.06644859460746655,-0.2263945108757418
770916.349227541,PLAYBACK,0.946336554014124,0.006336554070003331,0.02090684367132134,0.009398489356831519,-0.2806120393682754,0.07346166170748347,-0.4724179446097523,0.06847470817120538,-0.19621744106202677,0.019530293403123317,0.007013218602856867,-0.2809918910144328,0.07367067583809636,-0.472855618402648,0.0658714110409686,-0.22970024666873862
770916.360941321,PLAYBACK,0.9567576380213723,0.0017576380632817745,0.02090684367132134,0.009782101167315815,-0.2806120393682754,0.07346166170748347,-0.4728015564202348,0.06770748455024034,-0.19890272373540796,0.01955643293321275,0.006940504898346309,-0.28099231685965853,0.07366982992059286,-0.47285479439629097,0.06533589459857286,-0.2324389719590627
770916.371654545,PLAYBACK,0.9678151319967583,0.0028151320293545723,0.020523231860837043,0.009398489356831519,-0.2806120393682754,0.07346166170748347,-0.4724179446097523,0.06694026092927352,-0.20158800640878916,0.019588918530731855,0.006857436548934728,-0.2809927902729249,0.07366774008417816,-0.47285334123447004,0.06471074398471977,-0.23532190006572806
770916.383184523,PLAYBACK,0.9792200300144032,0.004220030037686229,0.02090684367132134,0.009398489356831519,-0.2806120393682754,0.07307804989700095,-0.4724179446097523,0.066556649118791,-0.2050405127031354,0.019627997165503425,0.006765077788173799,-0.28099329449307386,0.07366421433200572,-0.4728512239522682,0.06400242319935776,-0.23826133152736464
770916.393839976,PLAYBACK,0.9902249929727986,0.005224992986768484,0.020523231860837043,0.009398489356831519,-0.2806120393682754,0.07307804989700095,-0.4728015564202348,0.06617303730830848,-0.20849301899748163,0.01967150044084427,0.006669257772459818,-0.2809937892400751,0.07365942877561481,-0.4728486049448172,0.06325625285716972,-0.2410557453121726
770916.405449176,PLAYBACK,1.0024557240540162,0.007455724058672786,0.020523231860837043,0.009398489356831519,-0.2806120393682754,0.07307804989700095,-0.4724179446097523,0.06540581368734166,-0.21079468986037853,0.019727032677499246,0.006554731962461113,-0.28099434048609634,0.07365246363382183,-0.47284507036901785,0.06235341756680122,-0.24410317130403128
770916.415892954,PLAYBACK,1.012533109053038,0.002533109043724835,0.020523231860837043,0.009398489356831519,-0.2806120393682754,0.07346166170748347,-0.4724179446097523,0.06502220187685914,-0.21424719615472654,0.01977885748591787,0.006453761228299629,-0.2809947902189221,0.07364539975388852,-0.47284170623252436,0.06155054764981963,-0.2465618142828124
770916.42784476,PLAYBACK,1.0232696869643405,0.0032696869457140565,0.020523231860837043,0.009014877546348998,-0.2806120393682754,0.07346166170748347,-0.4724179446097523,0.0638713664454098,-0.21693247882810596,0.019840500085106832,0.006339332700585476,-0.28099526015485665,0.07363654917835066,-0.4728377234613524,0.06063576257345825,-0.24912478295303211
770916.437750807,PLAYBACK,1.0346298300428316,0.0046298300148919225,0.020523231860837043,0.009014877546348998,-0.2806120393682754,0.07346166170748347,-0.4724179446097523,0.06310414282444476,-0.21961776150148715,0.019913397301676242,0.006210201559610234,-0.28099574264163,0.07362570246729362,-0.47283312633491187,0.05960022534289508,-0.25176973396129787
770916.449501337,PLAYBACK,1.0451239929534495,0.005123992916196585,0.020523231860837043,0.009014877546348998,-0.2806120393682754,0.07346166170748347,-0.4724179446097523,0.062336919203479724,-0.221152208743419,0.019988194548091358,0.006083176381734973,-0.2809961715465053,0.07361434503382965,-0.4728285972996336,0.058580921742411425,-0.2541499242824548
770916.460608185,PLAYBACK,1.057869269978255,0.002869269927032292,0.020523231860837043,0.009014877546348998,-0.2806120393682754,0.07346166170748347,-0.4728015564202348,0.06156969558251291,-0.22460471503776525,0.020089311966002693,0.005918337590617025,-0.2809966671533924,0.07359886136516336,-0.4728228350562474,0.057260639250977234,-0.25695746460323604
770916.471299436,PLAYBACK,1.0677612200379372,0.002761220093816519,0.020523231860837043,0.008631265735866478,-0.2806120393682754,0.07346166170748347,-0.4724179446097523,0.06041886015106357,-0.22728999771114644,0.020176045878183436,0.005781971276972148,-0.2809970306648874,0.07358560329873366,-0.4728182457833617,0.05617272246804387,-0.2590728066640654
770916.482937752,PLAYBACK,1.0787628160323948,0.0037628160789608955,0.020523231860837043,0.008631265735866478,-0.2806120393682754,0.07346166170748347,-0.4728015564202348,0.05926802471961601,-0.22997528038452586,0.02028149977870605,0.00562117494306145,-0.28099741167769493,0.07356963194723538,-0.47281311086975597,0.05489693988865331,-0.2613595805283627
770916.493469488,PLAYBACK,1.0898718469543383,0.0048718469915911555,0.020523231860837043,0.008247653925383958,-0.2806120393682754,0.07346166170748347,-0.4724179446097523,0.05811718928816667,-0.23266056305790705,0.020398120415853378,0.0054485557740701785,-0.28099777041101165,0.07355225184413297,-0.47280798761196946,0.0535375301592009,-0.2635979362566971
770916.50430686,PLAYBACK,1.1008250609738752,0.005825061001814902,0.020523231860837043,0.008247653925383958,-0.28022842755779287,0.07307804989700095,-0.4724179446097523,0.05696635385671733,-0.23572945754177077,0.020523612946543285,0.0052677722269269525,-0.28099809780300294,0.07353394949438669,-0.47280309595064884,0.05212649835919139,-0.26573499989356203
770916.513655559,PLAYBACK,1.112462725955993,0.0024627259699627757,0.020523231860837043,0.008247653925383958,-0.28022842755779287,0.07346166170748347,-0.4724179446097523,0.055815518425267996,-0.23841474021515197,0.020668960780613463,0.005063632267093458,-0.28099841666258574,0.07351331723746234,-0.472798183637598,0.05054985878338261,-0.26792933295482824
770916.51871931,PLAYBACK,1.1150935860350728,9.358604438602924e-05,0.020523231860837043,0.008247653925383958,-0.2806120393682754,0.07346166170748347,-0.4724179446097523,0.055815518425267996,-0.23841474021515197,0.020703594822857056,0.005015704882552669,-0.28099848460280963,0.0735084931195506,-0.4727971257376958,0.050182343571648864,-0.26841448822595604
770916.528439622,PLAYBACK,1.1246575280092657,0.004657528013922274,0.020523231860837043,0.007864042114899661,-0.28022842755779287,0.07346166170748347,-0.4724179446097523,0.05428107118333614,-0.24071641107804886,0.02083519163862929,0.004835786368758232,-0.2809987188013403,0.07349048866704642,-0.47279347805539373,0.0488117959896689,-0.27014428025847886
770916.538814708,PLAYBACK,1.1300665499875322,6.654998287558556e-05,0.020523231860837043,0.007864042114899661,-0.2806120393682754,0.07346166170748347,-0.4724179446097523,0.05389745937285362,-0.2418672465094982,0.020913657562274274,0.004729999398084629,-0.28099884246213913,0.07347999713254731,-0.4727915701638994,0.048012682734287056,-0.2710990706045395
770916.543988218,PLAYBACK,1.140061337966472,6.133795250207186e-05,0.020523231860837043,0.007864042114899661,-0.2806120393682754,0.07346166170748347,-0.4724179446097523,0.05313023575188858,-0.2441689173723951,0.02106655447170145,0.004526647911344348,-0.28099905456699864,0.07346006726801461,-0.4727883860722479,0.04649052106922994,-0.2728187172282209
770916.554759884,PLAYBACK,1.150454637943767,0.00545463792514056,0.020523231860837043,0.0074804303044171405,-0.2806120393682754,0.07346166170748347,-0.4728015564202348,0.05236301213092176,-0.24647058823529377,0.02123674624540057,0.0043040481109581155,-0.28099925318147917,0.07343865816262854,-0.47278560883022974,0.04484507089110807,-0.2745457617053482
770916.566037288,PLAYBACK,1.1621318189427257,0.0021318189101293683,0.02090684367132134,0.00709681849393462,-0.2806120393682754,0.07346166170748347,-0.4724179446097523,0.05159578850995672,-0.25030670634012253,0.02144204260840434,0.004039964083013145,-0.28099945081200844,0.07341386963254981,-0.4727832305606867,0.042920482393734936,-0.27641229192831335
770916.577397722,PLAYBACK,1.1725748439785093,0.002574843936599791,0.020523231860837043,0.00709681849393462,-0.2806120393682754,0.07346166170748347,-0.4724179446097523,0.05044495307850738,-0.2529919890135037,0.021638666951266424,0.0037908666909825727,-0.2809996059737754,0.07339113212065447,-0.47278184828244135,0.04113158861049164,-0.2780160303141467
770916.587306935,PLAYBACK,1.183083356008865,0.0030833559576421976,0.02090684367132134,0.00709681849393462,-0.2806120393682754,0.07346166170748347,-0.4724179446097523,0.04967772945754234,-0.25414282444495306,0.02184931483087252,0.0035275247866737294,-0.2809997429673365,0.0733677954354235,-0.4727812378328393,0.039267251987502076,-0.27956820580585
770916.59815631,PLAYBACK,1.194016300025396,0.0040163000812754035,0.02090684367132134,0.0067132066834521,-0.2806120393682754,0.07307804989700095,-0.4728015564202348,0.048526894026093004,-0.25644449530784996,0.022082470507444312,0.00323966876064817,-0.28099986677658034,0.07334311804861543,-0.47278150131854785,0.03725956671292855,-0.28111849624290625
770916.608714716,PLAYBACK,1.2000614809803665,6.148102693259716e-05,0.02090684367132134,0.0067132066834521,-0.2806120393682754,0.07346166170748347,-0.4728015564202348,0.04775967040512619,-0.25836255436026434,0.022217661188522527,0.0030742868317677062,-0.28099992771794075,0.07332933145061954,-0.4727820638416668,0.036119778644980706,-0.281947867441686
770916.619370219,PLAYBACK,1.2100599650293589,5.9965066611766815e-05,0.020523231860837043,0.0067132066834521,-0.2806120393682754,0.07346166170748347,-0.4728015564202348,0.046992446784161146,-0.2595133897917137,0.02245127756055941,0.0027908194209283147,-0.28100001787166456,0.07330635658482788,-0.47278367828059414,0.03418840942346461,-0.2832768464466946
770916.630533545,PLAYBACK,1.2276476679835469,0.0026476680068299174,0.020523231860837043,0.006329594872967803,-0.2806120393682754,0.07307804989700095,-0.4724179446097523,0.04507438773174677,-0.26334950789654243,0.022893314634678027,0.002261333745445503,-0.28100014870335444,0.07326560092390405,-0.47278869441030996,0.03065188056032621,-0.28548821440018674
770916.641328675,PLAYBACK,1.2381063239881769,0.003106324002146721,0.02090684367132134,0.005945983062485283,-0.2806120393682754,0.07307804989700095,-0.4724179446097523,0.04392355230029743,-0.2652675669489568,0.023175518081710998,0.0019272597690875612,-0.2810002129038233,0.07324127733542748,-0.47279305554396744,0.02846506928398836,-0.28672897973420447
770916.652949377,PLAYBACK,1.2496759679634124,0.004675967968069017,0.02090684367132134,0.005945983062485283,-0.2806120393682754,0.07346166170748347,-0.4724179446097523,0.04277271686884809,-0.26680201419088867,0.023504984132665083,0.0015405103551921415,-0.28100027511263903,0.07321439740864621,-0.47279912243066935,0.02597349315295303,-0.2880390354132887
770916.66363607,PLAYBACK,1.2597639539744705,0.004763953969813883,0.02090684367132134,0.005178759441520242,-0.2806120393682754,0.07307804989700095,-0.4724179446097523,0.04162188143740053,-0.267952849622338,0.023807388617812102,0.0011882292986096176,-0.2810003239652169,0.07319105370575808,-0.4728055000306944,0.023739198939300793,-0.2891290966524646
770916.674828081,PLAYBACK,1.2721499720355496,0.007149972021579742,0.02090684367132134,0.005178759441520242,-0.2806120393682754,0.07307804989700095,-0.4724179446097523,0.040471046005951195,-0.2702545204852367,0.02419832794390119,0.0007361284714769181,-0.28100038007922107,0.07316260623513234,-0.4728147346019017,0.020917954571298934,-0.29040267573303724
770916.686201259,PLAYBACK,1.282515930943191,0.0025159309152513742,0.02090684367132134,0.004795147631037722,-0.2806120393682754,0.07307804989700095,-0.4724179446097523,0.03970382238498438,-0.27217257953765106,0.02454237066505135,0.0003409611986754842,-0.28100042626661303,0.07313905797688497,-0.47282365610691884,0.018491906924498928,-0.2914149056881003
770916.697322714,PLAYBACK,1.2937584479805082,0.0037584479432553053,0.02129045548180386,0.004411535820553425,-0.2806120393682754,0.07307804989700095,-0.4724179446097523,0.038552986953536816,-0.27409063859006544,0.024932948321486213,-0.00010498860039124901,-0.2810004782621849,0.07311387338252791,-0.4728345489948807,0.01579600688622464,-0.2924585752253619
770916.707125534,PLAYBACK,1.3031276169931516,0.0031276169465854764,0.02090684367132134,0.004411535820553425,-0.2806120393682754,0.07346166170748347,-0.4728015564202348,0.03701853971160496,-0.2748578622110305,0.02527219282473485,-0.0004902942706317317,-0.2810005250652253,0.07309323502619842,-0.4728445718441423,0.013500465383515911,-0.2932858648770719
770916.716902814,PLAYBACK,1.3133670330280438,0.003367032972164452,0.02129045548180386,0.004411535820553425,-0.2806120393682754,0.07307804989700095,-0.4724179446097523,0.03586770428015562,-0.27639230945296234,0.025656899715711293,-0.0009252088953215204,-0.28100058182469734,0.0730711177693118,-0.4728564687162831,0.010944824918829496,-0.2941462322582372
770916.727925792,PLAYBACK,1.3200629400089383,6.294006016105413e-05,0.02129045548180386,0.004027924010070905,-0.2806120393682754,0.07307804989700095,-0.4724179446097523,0.035100480659188804,-0.2779267566948942,0.025916075774283977,-0.0012171132745294544,-0.2810006230440205,0.0730569392590099,-0.472864754088161,0.009249613366095344,-0.29468426649121066
770916.739503652,PLAYBACK,1.3309664890402928,0.0009664890822023153,0.02129045548180386,0.0036443121995883843,-0.2806120393682754,0.07307804989700095,-0.4728015564202348,0.033182421606774426,-0.27907759212634353,0.026350289422555673,-0.0017043794284216656,-0.28100069869667044,0.07303439973155385,-0.47287903859076713,0.006453966520891926,-0.29551900077922216
770916.750770065,PLAYBACK,1.3470544490264729,0.0020544490544125438,0.02129045548180386,0.003260700389105864,-0.2806120393682754,0.07307804989700095,-0.4724179446097523,0.030497138933395007,-0.2813792629892422,0.027016130847047896,-0.0024477559564740326,-0.28100083360405903,0.07300255351464134,-0.47290169556681255,0.0022662006207392876,-0.29665795942932865
770916.762400886,PLAYBACK,1.35808813595213,0.0030881359707564116,0.02129045548180386,0.003260700389105864,-0.2809956511787579,0.07307804989700095,-0.4728015564202348,0.02896269169146315,-0.28253009842068977,0.02748811646906122,-0.002972267000527888,-0.2810009449221457,0.0729817922539433,-0.47291813532602794,-0.0006360997732754018,-0.297376669054663
770916.773301108,PLAYBACK,1.3690198579570279,0.004019857966341078,0.02167406729228638,0.002877088578621567,-0.2806120393682754,0.07307804989700095,-0.4724179446097523,0.027044632639046995,-0.2836809338521391,0.027966498310684956,-0.003502086666141583,-0.2810010721965229,0.07296214768117767,-0.4729349860894174,-0.003526491701686748,-0.2980405429498222
770916.7842848,PLAYBACK,1.3815029530087486,0.006502953008748591,0.02129045548180386,0.002877088578621567,-0.2806120393682754,0.07307804989700095,-0.4724179446097523,0.025510185397115137,-0.28521538109407096,0.028524472415033864,-0.004118027359983495,-0.2810012400167984,0.07294086989341483,-0.4729547396801085,-0.006837484709276129,-0.2987428632664073
770916.793959925,PLAYBACK,1.3906231740256771,0.0006231740117073059,0.02167406729228638,0.002493476768139047,-0.2806120393682754,0.07307804989700095,-0.4728015564202348,0.02359212634470076,-0.285982604715036,0.028939352255068745,-0.004574741196459923,-0.2810013788159279,0.07292610383906424,-0.47296941091185346,-0.009260142656829598,-0.2992205475799505
770916.798850403,PLAYBACK,1.3950585710117593,5.857099313288927e-05,0.02167406729228638,0.002493476768139047,-0.2806120393682754,0.07307804989700095,-0.4728015564202348,0.02282490272373572,-0.2867498283360028,0.029143202714972463,-0.004798784272628865,-0.28100145149172645,0.07291915817998183,-0.47297659427311645,-0.010438905603506998,-0.29944260599187156
770916.809080211,PLAYBACK,1.4058405270334333,0.005840527010150254,0.0220576791027689,0.0021098649576565265,-0.2806120393682754,0.07307804989700095,-0.4728015564202348,0.020139620050354523,-0.28790066376745216,0.029644211871920668,-0.005348485739643929,-0.28100164284187246,0.07290290542766409,-0.4729941282605967,-0.013305049143990512,-0.2999558814560987
770916.819851205,PLAYBACK,1.4165458850329742,0.0065458850003778934,0.0220576791027689,0.0017262531471740061,-0.2806120393682754,0.07307804989700095,-0.4728015564202348,0.016687113756008287,-0.2890514991988997,0.030149104721028618,-0.005901213025073984,-0.28100185422454643,0.07288763249761786,-0.4730115526160653,-0.016151110683782402,-0.30043044380873285
770916.831151463,PLAYBACK,1.4275727999629453,0.0025727999163791537,0.022441290913253198,0.0017262531471740061,-0.2806120393682754,0.07307804989700095,-0.4728015564202348,0.013618219272144572,-0.2905859464408316,0.030676705531432015,-0.006477609185740798,-0.2810020952554623,0.07287277095850858,-0.47302940738695254,-0.019082495423249777,-0.30088537204900867
770916.843398495,PLAYBACK,1.4405750680016354,0.005575067945756018,0.02282490272373572,0.0013426413366897094,-0.2806120393682754,0.07307804989700095,-0.4724179446097523,0.010165712977798336,-0.2917367818722809,0.03130844921684028,-0.007166352097182894,-0.28100241119535213,0.0728563372066004,-0.4730501938028404,-0.022538588801424307,-0.30138102281779194
770916.855087398,PLAYBACK,1.450733658974059,0.005733659025281668,0.02282490272373572,0.0009590295262071891,-0.2806120393682754,0.07307804989700095,-0.4724179446097523,0.0074804303044171405,-0.29288761730373025,0.031809161820313916,-0.007711254705085395,-0.28100268290262,0.07284428548386478,-0.47306612856399183,-0.02523848341616706,-0.3017398855790385
770916.866542643,PLAYBACK,1.461664931033738,0.0016649310709908605,0.02320851453421824,0.0005754177157246687,-0.2806120393682754,0.07307804989700095,-0.4724179446097523,0.004795147631037722,-0.2936548409246953,0.03235485764692963,-0.008304224524892379,-0.2810030005626934,0.07283205735477347,-0.47308287683221706,-0.028143445330482696,-0.30210029995203497
770916.877175382,PLAYBACK,1.4730779549572617,0.003077954985201359,0.02320851453421824,0.0005754177157246687,-0.2809956511787579,0.07307804989700095,-0.4728015564202348,0.0021098649576565265,-0.29480567635614463,0.032932148946516894,-0.008930627739515046,-0.281003361146595,0.07282007662938927,-0.47309982100367226,-0.03117615285948323,-0.30245011407496947
770916.887547572,PLAYBACK,1.4829798439750448,0.0029798439936712384,0.023975738155185056,-0.00019180590524214836,-0.2809956511787579,0.07307804989700095,-0.4728015564202348,-0.00019180590524214836,-0.29480567635614463,0.03343918896242801,-0.009480123437589999,-0.2810036987002929,0.07281030700027866,-0.4731139921481522,-0.033807120086145635,-0.30273319940272186
770916.898905581,PLAYBACK,1.4959421360399574,0.00594213604927063,0.023975738155185056,-0.00019180590524214836,-0.2809956511787579,0.07307804989700095,-0.4728015564202348,-0.002493476768139047,-0.2963401235980765,0.03411154725295206,-0.010207917166948986,-0.28100417643605324,0.07279835766110475,-0.47313168291871527,-0.037251016143173894,-0.3030771813178756
770916.909541497,PLAYBACK,1.5062672860221937,0.00626728602219373,0.024359349965667576,-0.0005754177157246687,-0.2809956511787579,0.07307804989700095,-0.4724179446097523,-0.004027924010070905,-0.29710734721904153,0.034654045429200586,-0.010794515147505552,-0.28100458697329156,0.07278949218466306,-0.47314498797831606,-0.039994103355897814,-0.3033310980638312
770916.920642633,PLAYBACK,1.5168795259669423,0.0018795259529724717,0.024742961776150096,-0.0009590295262071891,-0.2809956511787579,0.07307804989700095,-0.4728015564202348,-0.005562371252002762,-0.2974909590295258,0.03521798913860573,-0.011403786843639787,-0.2810050375090711,0.07278095737056363,-0.4731578552927918,-0.042813339960110545,-0.30357482273131187
770916.932258767,PLAYBACK,1.5277602409478277,0.0027602409245446324,0.025510185397115137,-0.0013426413366897094,-0.2806120393682754,0.07307804989700095,-0.4724179446097523,-0.007864042114899661,-0.29787457084000835,0.03580286172642267,-0.01203519149251493,-0.2810055303956455,0.07277278918215689,-0.47317012101481914,-0.04570379088839075,-0.30380775026239787
770916.942367542,PLAYBACK,1.538606378948316,0.003606378915719688,0.026277409018081954,-0.0017262531471740061,-0.2806120393682754,0.07307804989700095,-0.4728015564202348,-0.009398489356831519,-0.29787457084000835,0.03639256175496967,-0.01267139123451459,-0.28100605381390364,0.07276520921917527,-0.47318133740109286,-0.04858496453826093,-0.30402398485870513
770916.954341651,PLAYBACK,1.5514549430226907,0.0064549429807811975,0.026661020828564475,-0.0021098649576565265,-0.2809956511787579,0.07307804989700095,-0.4728015564202348,-0.011700160219730193,-0.2986417944609734,0.03709974416621169,-0.013433889406589248,-0.281006716621179,0.07275692315175292,-0.4731932181354807,-0.051997965475011496,-0.3042609966616554
770916.964586658,PLAYBACK,1.5608712920220569,0.0008712919661775231,0.027044632639046995,-0.002493476768139047,-0.2806120393682754,0.07346166170748347,-0.4724179446097523,-0.013618219272144572,-0.2994090180819402,0.03762393750999444,-0.013998837129827909,-0.28100723269122435,0.07275130682646107,-0.4732008925301256,-0.05449920132134713,-0.3044224148125808
770916.974270569,PLAYBACK,1.5711110590491444,0.0011110591003671288,0.027811856260013812,-0.002877088578621567,-0.2806120393682754,0.07307804989700095,-0.4728015564202348,-0.01553627832455895,-0.2997926298924227,0.038199647925333924,-0.014619126634302577,-0.2810078238459537,0.07274561809048719,-0.4732081886085727,-0.0572191149508841,-0.3045869550274146
770916.98510245,PLAYBACK,1.581046201987192,0.0010462020291015506,0.028195468070496332,-0.002877088578621567,-0.2806120393682754,0.07346166170748347,-0.4728015564202348,-0.017837949187457625,-0.30017624170290524,0.038763888273962085,-0.015226931078771763,-0.281008428045882,0.07274049851955046,-0.4732141721227787,-0.05985807702843489,-0.30473633178547127
770916.996541484,PLAYBACK,1.5935129739809781,0.0035129740135744214,0.028579079880978853,-0.0036443121995883843,-0.2809956511787579,0.07346166170748347,-0.4724179446097523,-0.020139620050354523,-0.30055985351338954,0.03947979821693707,-0.01599802186169522,-0.2810092301596458,0.07273460614064386,-0.4732200797220689,-0.06316944709247985,-0.3049104484994979
770917.00775185,PLAYBACK,1.6052911380538717,0.005291138077154756,0.02972991531242819,-0.0036443121995883843,-0.2809956511787579,0.07346166170748347,-0.4724179446097523,-0.02320851453421824,-0.30094346532387206,0.040164254752161496,-0.016735231334880772,-0.2810100343339945,0.07272955638216975,-0.4732239488303825,-0.066297880205277,-0.30506231598283057
770917.018605272,PLAYBACK,1.6152799939736724,0.005279993987642229,0.03011352712291071,-0.004411535820553425,-0.2806120393682754,0.07346166170748347,-0.4724179446097523,-0.025893797207599434,-0.3013270771343546,0.04075091265208184,-0.017367174413949686,-0.2810107527770138,0.07272564782391032,-0.4732258718833295,-0.06895103209003585,-0.305182207293424
770917.028181969,PLAYBACK,1.6247380540007725,0.004738054005429149,0.030880750743877527,-0.004795147631037722,-0.2806120393682754,0.07307804989700095,-0.4728015564202348,-0.02896269169146315,-0.3013270771343546,0.0413116484038307,-0.017971311517067802,-0.281011464781244,0.07272224856391345,-0.4732265040073062,-0.07146318808670342,-0.3052887148807766
770917.039793273,PLAYBACK,1.630063015036285,6.301503162831068e-05,0.03126436255436005,-0.005178759441520242,-0.2806120393682754,0.07346166170748347,-0.4728015564202348,-0.030880750743877527,-0.3017106889448371,0.0416296038739069,-0.018313947426027828,-0.28101187955182577,0.07272045890404924,-0.47322633836036754,-0.07287754822609262,-0.3053458467775507
770917.051344081,PLAYBACK,1.6469960829708725,0.00199608295224607,0.032031586175326865,-0.005945983062485283,-0.2809956511787579,0.07307804989700095,-0.4728015564202348,-0.03586770428015562,-0.3017106889448371,0.04265155554953518,-0.019415694476099896,-0.2810132671572668,0.07271533274671467,-0.47322324150013795,-0.07737512441040006,-0.3055149432604176
770917.061053842,PLAYBACK,1.6600060269702226,0.005006026942282915,0.03356603341725872,-0.006329594872967803,-0.2806120393682754,0.07307804989700095,-0.4724179446097523,-0.03970382238498438,-0.3024779125658039,0.04344806273972545,-0.02027503724267927,-0.28101440675373385,0.0727119448706752,-0.4732181286444488,-0.08083068448514373,-0.305632932237787
770917.071985845,PLAYBACK,1.6683903590310365,0.003390358993783593,0.03394964522774124,-0.0067132066834521,-0.2806120393682754,0.07307804989700095,-0.4724179446097523,-0.04200549324788305,-0.3024779125658039,0.04396664199570696,-0.020834905429521055,-0.2810151763304348,0.0727099988194861,-0.47321354003529426,-0.08305764417781039,-0.3057039872619155
770917.082932706,PLAYBACK,1.6786612450378016,0.003661244991235435,0.034716868848706284,-0.0074804303044171405,-0.2806120393682754,0.07307804989700095,-0.4728015564202348,-0.04469077592126247,-0.3024779125658039,0.044607582164607126,-0.021527359399473114,-0.2810161578623758,0.07270785432279064,-0.4732065101807745,-0.08578569871437233,-0.30578613287563366
770917.093628797,PLAYBACK,1.6906149849528447,0.005614984896965325,0.0354840924696731,-0.008247653925383958,-0.2806120393682754,0.07307804989700095,-0.4728015564202348,-0.046992446784161146,-0.30324513618676896,0.045361484085978586,-0.022342634658697104,-0.28101735575729164,0.07270567200064278,-0.4731963441461141,-0.08896075187012242,-0.3058754913662832
770917.106140926,PLAYBACK,1.6950818819459528,8.18819971755147e-05,0.03586770428015562,-0.008631265735866478,-0.2806120393682754,0.07307804989700095,-0.4728015564202348,-0.048526894026093004,-0.30324513618676896,0.04564541723167419,-0.022649925156332542,-0.2810178191654179,0.07270493870034865,-0.47319199100183296,-0.09014721713444332,-0.3059072844954432
770917.116470104,PLAYBACK,1.7138550060335547,0.003855006070807576,0.03740215152208748,-0.009398489356831519,-0.2806120393682754,0.07307804989700095,-0.4728015564202348,-0.05159578850995672,-0.3036287479972515,0.04685204726562341,-0.023957502485554387,-0.2810198642556584,0.07270231207104436,-0.4731703607416242,-0.09513363865790199,-0.30603233568014254
770917.126977393,PLAYBACK,1.7240832810057327,0.004083281033672392,0.03816937514305252,-0.009782101167315815,-0.2806120393682754,0.07307804989700095,-0.4728015564202348,-0.0535138475623711,-0.3040123598077358,0.04751865267127157,-0.024681184775788047,-0.2810210473205524,0.07270116911541778,-0.47315629199999587,-0.09785045175702478,-0.30609522367193
770917.138342486,PLAYBACK,1.7348919269861653,0.004891927004791796,0.038552986953536816,-0.010165712977798336,-0.2806120393682754,0.07307804989700095,-0.4728015564202348,-0.055431906614785476,-0.3040123598077358,0.04823024688011303,-0.025454868774398138,-0.28102235271803494,0.07270016299330104,-0.4731396681512493,-0.10072144987031022,-0.30615816432169196
770917.150360479,PLAYBACK,1.7458678040420637,0.005867804051376879,0.03932021057450186,-0.011316548409247673,-0.2806120393682754,0.07307804989700095,-0.4728015564202348,-0.057349965667199854,-0.3040123598077358,0.04896049565673266,-0.026250201912713343,-0.28102373858124363,0.0726993374828699,-0.47312094371943736,-0.10363690148312328,-0.30621878525668145
770917.161510239,PLAYBACK,1.7568995680194348,0.0018995680147781968,0.040087434195468674,-0.012083772030212714,-0.2806120393682754,0.07307804989700095,-0.4728015564202348,-0.05965163653009853,-0.3040123598077358,0.04970234929144472,-0.02705972563744934,-0.28102519515247726,0.0726986906708522,-0.473100265719873,-0.10656723620188081,-0.306276770874465
770917.172481997,PLAYBACK,1.7698639139998704,0.004863913985900581,0.041238269626916235,-0.012850995651179531,-0.2806120393682754,0.07307804989700095,-0.4728015564202348,-0.062336919203479724,-0.3043959716182183,0.050584451350511324,-0.028024521990202503,-0.2810269920349906,0.07269814304128944,-0.47307361799464503,-0.11001097178056077,-0.30634166045223155
770917.183729354,PLAYBACK,1.7798473490402102,0.004847349016927183,0.041238269626916235,-0.013618219272144572,-0.2806120393682754,0.07307804989700095,-0.4728015564202348,-0.0642549782558941,-0.3043959716182183,0.051271446561476995,-0.028777750268609757,-0.2810284412001164,0.07269786243836909,-0.4730514052090488,-0.11266292906028982,-0.3063895842166922
770917.193457972,PLAYBACK,1.789414376951754,0.004414376919157803,0.04238910505836557,-0.014385442893111389,-0.2806120393682754,0.07307804989700095,-0.4728015564202348,-0.066556649118791,-0.3043959716182183,0.05193620345721095,-0.029508247479795573,-0.281029885634699,0.07269769694738241,-0.4730287762773433,-0.11520431404110887,-0.3064340976462659
770917.204135757,PLAYBACK,1.7950873549561948,8.735491428524256e-05,0.04277271686884809,-0.01515266651407643,-0.2806120393682754,0.07307804989700095,-0.4728015564202348,-0.06770748455024034,-0.3043959716182183,0.05233339542744863,-0.02994554249345604,-0.28103076876516003,0.07269764245670361,-0.4730147550020278,-0.1167113037789993,-0.30645992822231594
770917.209409701,PLAYBACK,1.805324687040411,0.0003246869891881943,0.04353994048981491,-0.01591989013504147,-0.2809956511787579,0.07307804989700095,-0.4728015564202348,-0.07077637903410405,-0.3047795834287008,0.05305591795954135,-0.030742692187831332,-0.28103241434297255,0.07269761856628892,-0.4729883575157076,-0.1194308251189115,-0.3065056356902796
770917.221202562,PLAYBACK,1.8174552459968254,0.0024552460527047515,0.04430716411077995,-0.017070725566490808,-0.2806120393682754,0.07269443808651843,-0.4728015564202348,-0.07422888532845029,-0.3047795834287008,0.05392182227183733,-0.03170107607098601,-0.28103445409999556,0.07269770030839168,-0.47295534523788424,-0.12265335060036389,-0.30655855785133734
770917.233370012,PLAYBACK,1.830071844975464,0.005071845022030175,0.04507438773174677,-0.018605172808422665,-0.2806120393682754,0.07269443808651843,-0.4724179446097523,-0.07883222705424586,-0.3047795834287008,0.05483391286388042,-0.03271446587537554,-0.28103668419116273,0.07269789243427184,-0.4729191751202584,-0.12600508726339033,-0.3066125334869218
770917.243947656,PLAYBACK,1.8391133060213178,0.004113306058570743,0.04545799954222929,-0.018988784618905186,-0.2806120393682754,0.07307804989700095,-0.4728015564202348,-0.08190112153810958,-0.3047795834287008,0.05549491846894303,-0.03345157377684503,-0.28103835385122855,0.07269808585076173,-0.47289222083017773,-0.1284071137772626,-0.30665073969660794
770917.25468761,PLAYBACK,1.851026118034497,0.006026118062436581,0.04622522316319433,-0.020139620050354523,-0.2806120393682754,0.07269443808651843,-0.4724179446097523,-0.0849700160219733,-0.3047795834287008,0.05637546175845984,-0.034437279190528004,-0.2810406495375361,0.0726983978430606,-0.47285556936367895,-0.13157205636834057,-0.30670068900896336
770917.264749837,PLAYBACK,1.8607005119556561,0.0007005119696259499,0.046992446784161146,-0.02129045548180386,-0.2806120393682754,0.07307804989700095,-0.4724179446097523,-0.08803891050583701,-0.3047795834287008,0.0570987748266873,-0.03525043868294884,-0.2810425978000557,0.07269868890521607,-0.4728250172537339,-0.1341423888340138,-0.30674106495067005
770917.275556439,PLAYBACK,1.8721964339492843,0.0021964339539408684,0.046992446784161146,-0.022441290913253198,-0.2806120393682754,0.07269443808651843,-0.4724179446097523,-0.09072419317921643,-0.30516319523918334,0.0579680936918644,-0.036232185059488456,-0.2810450158440635,0.07269906654854544,-0.4727880366937649,-0.13719677925776846,-0.3067889667431062
770917.287331687,PLAYBACK,1.8843359800521284,0.004335980047471821,0.04775967040512619,-0.023975738155185056,-0.2806120393682754,0.07307804989700095,-0.4728015564202348,-0.0930258640421151,-0.30516319523918334,0.05889795210833168,-0.03728807954306017,-0.28104769725058365,0.07269948910772282,-0.47274852487493707,-0.14042231678001366,-0.3068395887470552
770917.298468432,PLAYBACK,1.8943861540174112,0.004386154003441334,0.048526894026093004,-0.024742961776150096,-0.2806120393682754,0.07307804989700095,-0.4728015564202348,-0.09494392309452948,-0.30516319523918334,0.05967723907120419,-0.038177944524240955,-0.28105002223015063,0.07269984717607578,-0.47271576049020947,-0.14309281990018816,-0.30688159700543366
770917.310130223,PLAYBACK,1.9058897210052237,0.005889720981940627,0.048910505836575524,-0.025893797207599434,-0.2806120393682754,0.07307804989700095,-0.4724179446097523,-0.09724559395742638,-0.30516319523918334,0.06058003738978246,-0.039214918476971554,-0.28105280701803315,0.07270025538434953,-0.47267859076957297,-0.14614966672570784,-0.3069298293386783
770917.319402857,PLAYBACK,1.915963719948195,0.000963719910942018,0.049294117647058044,-0.027044632639046995,-0.2806120393682754,0.07307804989700095,-0.4728015564202348,-0.09954726482032505,-0.30516319523918334,0.06138037680137518,-0.04014004025318624,-0.28105536010758464,0.07270060299498207,-0.4726467011174541,-0.1488267832276559,-0.3069721993076705
770917.330235148,PLAYBACK,1.92624496598728,0.0012449659407138824,0.05006134126802486,-0.028579079880978853,-0.2806120393682754,0.07307804989700095,-0.4728015564202348,-0.10184893568322195,-0.30554680704966763,0.06220681025400679,-0.04110148568997025,-0.2810580821541093,0.07270094050037637,-0.4726151981235682,-0.15155913596753345,-0.30701553793677455
770917.341312119,PLAYBACK,1.9381924340268597,0.003192433970980346,0.05044495307850738,-0.03011352712291071,-0.2806120393682754,0.07307804989700095,-0.4724179446097523,-0.10415060654612063,-0.30554680704966763,0.06317975192591442,-0.04224197234394751,-0.28106140194719775,0.0727013013904043,-0.47258050889917635,-0.15473453622777558,-0.3070659419789941
770917.352226718,PLAYBACK,1.9492677820380777,0.004267782089300454,0.0512121766994742,-0.030880750743877527,-0.2806120393682754,0.07307804989700095,-0.4724179446097523,-0.106068665598535,-0.30554680704966763,0.06409411681374592,-0.04332289657684294,-0.2810646392934411,0.07270159711288217,-0.47255086572249927,-0.15767839621648752,-0.3071125813532849
770917.364304766,PLAYBACK,1.9601741950027645,0.005174195044673979,0.05159578850995672,-0.032415197985809385,-0.2806120393682754,0.07307804989700095,-0.4724179446097523,-0.1083703364614319,-0.30554680704966763,0.06500661653438242,-0.04441106933575474,-0.2810679875612923,0.07270184398975231,-0.4725247710001041,-0.16057762359568367,-0.30715826199036766
770917.374221414,PLAYBACK,1.9704338300507516,0.0004338300786912441,0.05236301213092176,-0.03356603341725872,-0.2806120393682754,0.07307804989700095,-0.4724179446097523,-0.11028839551384806,-0.30554680704966763,0.06587629785517791,-0.045457598659273735,-0.28107129186747243,0.07270202982564157,-0.4725037472221608,-0.16330519906793406,-0.3072008224746544
770917.385069997,PLAYBACK,1.980697131017223,0.000697131035849452,0.05313023575188858,-0.035100480659188804,-0.2806120393682754,0.07307804989700095,-0.4728015564202348,-0.11297367818722748,-0.30593041886015016,0.06675760127000838,-0.04652814682626575,-0.281074757028442,0.07270216529530878,-0.47248690517149255,-0.16603405834828683,-0.30724277986461984
770917.394927802,PLAYBACK,1.9935527190100402,0.0035527190193533897,0.05428107118333614,-0.03625131609063814,-0.2809956511787579,0.07307804989700095,-0.4724179446097523,-0.11719340810254053,-0.30593041886015016,0.06787803558733768,-0.04790485448306952,-0.28107933874459534,0.07270225648340384,-0.4724730422429927,-0.16945267130516656,-0.3072940614098356
770917.40640042,PLAYBACK,2.001883078017272,0.0018830780172720551,0.054664682993820435,-0.03701853971160496,-0.2806120393682754,0.07307804989700095,-0.4724179446097523,-0.11949507896543743,-0.30593041886015016,0.06861423176399377,-0.04881967242740302,-0.28108246081414573,0.07270226530438652,-0.4724691943957596,-0.1716682571070055,-0.3073262699959082
770917.419173018,PLAYBACK,2.012106201960705,0.002106201951391995,0.055431906614785476,-0.038552986953536816,-0.2806120393682754,0.07307804989700095,-0.4724179446097523,-0.12294758525978366,-0.30593041886015016,0.06952901340110011,-0.049968523263315086,-0.2810864684343738,0.07270221870695351,-0.47247101745158054,-0.17438766699973188,-0.30736436605535467
770917.422676821,PLAYBACK,2.020376806962304,0.0003768069436773658,0.05619913023575229,-0.03893659876401934,-0.2806120393682754,0.07307804989700095,-0.4724179446097523,-0.12563286793316486,-0.3063140306706327,0.07027848852128214,-0.05092039489532491,-0.28108986144288184,0.07270213274061935,-0.47247857101314744,-0.1765880575352842,-0.30739376922064426
770917.434799334,PLAYBACK,2.0310727870091796,0.006072786985896528,0.05696635385671733,-0.040087434195468674,-0.2806120393682754,0.07346166170748347,-0.4724179446097523,-0.1290853742275111,-0.3063140306706327,0.07126065251787456,-0.052183268912547535,-0.28109446319033204,0.07270195528483596,-0.4724977055324875,-0.17943420366423599,-0.30742948553851246
770917.4461768,PLAYBACK,2.042880567954853,0.002880567917600274,0.05888441290913171,-0.040854657816433715,-0.2806120393682754,0.07346166170748347,-0.4724179446097523,-0.1321542687113748,-0.3063140306706327,0.07236238204947047,-0.05362230580225643,-0.2810998438422246,0.07270167042543565,-0.4725331533317973,-0.18257668610666075,-0.3074652134304816
770917.463074151,PLAYBACK,2.055509440950118,0.0055094409035518765,0.05965163653009853,-0.04200549324788305,-0.2806120393682754,0.07307804989700095,-0.4728015564202348,-0.13560677500572105,-0.3063140306706327,0.07356163821778686,-0.05521799182841451,-0.28110597710067625,0.0727012612205176,-0.472590841940882,-0.18593753684273967,-0.30749810685914997
770917.467451226,PLAYBACK,2.065072681987658,7.268204353749752e-05,0.06003524834058105,-0.04200549324788305,-0.2806120393682754,0.07307804989700095,-0.4728015564202348,-0.1375248340581372,-0.3063140306706327,0.07448432929552497,-0.05646820477236376,-0.28111090201200173,0.07270088000506744,-0.4726505287287949,-0.1884812117843625,-0.30751858992555386
770917.478173367,PLAYBACK,2.0745685630245134,0.004568563075736165,0.061186083772030386,-0.04238910505836557,-0.2806120393682754,0.07307804989700095,-0.4728015564202348,-0.13944289311055158,-0.3063140306706327,0.07541269950659006,-0.05774745689928833,-0.2811160470040655,0.07270044239525891,-0.4727256024558295,-0.1910038447958514,-0.3075344792084537
770917.488496413,PLAYBACK,2.0801775079453364,0.00017750798724591732,0.06156969558251291,-0.04277271686884809,-0.2806120393682754,0.07307804989700095,-0.4724179446097523,-0.1398265049210341,-0.3063140306706327,0.07596650418997643,-0.058521412496865065,-0.28111921036152554,0.07270015740899961,-0.47277820885546823,-0.19249125750520107,-0.3075415190553484
770917.493314383,PLAYBACK,2.0900626949733123,6.269500590860844e-05,0.062336919203479724,-0.04315632867933239,-0.2806120393682754,0.07307804989700095,-0.4728015564202348,-0.1425117875944153,-0.3066976424811152,0.0769515139025957,-0.05991930979935035,-0.2811250178122103,0.07269961038408625,-0.47288754749886663,-0.19510483727841735,-0.30754919092678823
770917.503254475,PLAYBACK,2.0993474220158532,0.004347422043792903,0.06348775463492728,-0.04353994048981491,-0.2806120393682754,0.07307804989700095,-0.4728015564202348,-0.14366262302586286,-0.3066976424811152,0.07788567866982644,-0.06127194028205541,-0.28113074847402086,0.0726990494900264,-0.47301160029836053,-0.19754596525952212,-0.30755033211817323
770917.514976672,PLAYBACK,2.1050918370019644,9.183702059090137e-05,0.0642549782558941,-0.04353994048981491,-0.2806120393682754,0.07307804989700095,-0.4724179446097523,-0.14519707026779471,-0.3063140306706327,0.07846710144680999,-0.06212792123422172,-0.2811344294394821,0.07269868259880895,-0.473099727380854,-0.19904701258413343,-0.30754783816421477
770917.526679201,PLAYBACK,2.1217586459824815,0.0017586459871381521,0.06540581368734166,-0.04430716411077995,-0.2806120393682754,0.07307804989700095,-0.4724179446097523,-0.14903318837262525,-0.3066976424811152,0.08016308100296213,-0.06469209624849374,-0.2811456947592371,0.07269755232556656,-0.4734103183534528,-0.20334619567241494,-0.3075255784875141
770917.536924618,PLAYBACK,2.1329897219548,0.0029897219501435757,0.066556649118791,-0.04469077592126247,-0.2806120393682754,0.07307804989700095,-0.4728015564202348,-0.15171847104600467,-0.3066976424811152,0.08130800023673133,-0.06648525561328085,-0.28115377061540053,0.07269675589442155,-0.4736707504882891,-0.20618273533966888,-0.3074972754552684
770917.547605119,PLAYBACK,2.1438419920159504,0.003841992001980543,0.06770748455024034,-0.04507438773174677,-0.2806120393682754,0.07307804989700095,-0.4724179446097523,-0.15440375371938586,-0.3066976424811152,0.0824113670046278,-0.06826603639283671,-0.28116193661859307,0.07269597848857558,-0.4739660440163174,-0.2088673101643596,-0.30745956062813296
770917.557724384,PLAYBACK,2.153914847993292,0.00391484797000885,0.06885831998168968,-0.04622522316319433,-0.2806120393682754,0.07307804989700095,-0.4724179446097523,-0.15708903639276706,-0.3063140306706327,0.08343013103041029,-0.06996048599881927,-0.2811698285529707,0.07269526312483464,-0.47428190090290445,-0.2113043731977593,-0.30741572613209056
770917.568688789,PLAYBACK,2.1653739309404045,0.005373930907808244,0.07000915541313724,-0.046608834973678626,-0.2806120393682754,0.07307804989700095,-0.4728015564202348,-0.15977431906614648,-0.3066976424811152,0.08458008237071385,-0.07193651322793447,-0.2811791639671108,0.07269446992786568,-0.474694202377963,-0.21400875898657923,-0.3073564375837665
770917.580161858,PLAYBACK,2.1700590159744024,5.9015932492911816e-05,0.07039276722362153,-0.047376058594643666,-0.2806120393682754,0.07307804989700095,-0.4724179446097523,-0.16130876630807833,-0.3066976424811152,0.08504687255044335,-0.07275924482099698,-0.2811830877489296,0.0726941545440271,-0.47488002949639607,-0.21509293118825693,-0.30732968381348
770917.590992327,PLAYBACK,2.1864274030085653,0.0014274029526859522,0.07192721446555339,-0.048910505836575524,-0.2806120393682754,0.07307804989700095,-0.4728015564202348,-0.16706294346532324,-0.3066976424811152,0.08665904726295635,-0.0757008379290548,-0.28119726168547365,0.07269310112393627,-0.4756134271271261,-0.21878035475482327,-0.3072280834991486
770917.601654122,PLAYBACK,2.19810433301609,0.0031043330673128366,0.07307804989700095,-0.05006134126802486,-0.2806120393682754,0.07307804989700095,-0.4728015564202348,-0.17051544975966948,-0.3066976424811152,0.08778811863334458,-0.07786181843460038,-0.28120778285453935,0.07269239437333164,-0.4762214081818639,-0.2213141706537574,-0.30715248355427743
770917.614323813,PLAYBACK,2.209052757010795,0.004052757052704692,0.07461249713893281,-0.05159578850995672,-0.2806120393682754,0.07307804989700095,-0.4728015564202348,-0.1743515678645,-0.3066976424811152,0.08882761895171822,-0.07993257869628893,-0.28121791514251104,0.07269175570678185,-0.47685915376687343,-0.22361603562673557,-0.3070847970295292
770917.632029082,PLAYBACK,2.225335701019503,0.0053357010474428535,0.07653055619134719,-0.05428107118333614,-0.2806120393682754,0.07307804989700095,-0.4728015564202348,-0.1789549095902938,-0.3066976424811152,0.09033293492755916,-0.08308300194727664,-0.2812333525223874,0.07269081058308315,-0.47793254701006177,-0.22690695105965852,-0.3070030823767172
770917.636895735,PLAYBACK,2.235099254990928,9.925500489771366e-05,0.07768139162279653,-0.055048294804302955,-0.2806120393682754,0.07269443808651843,-0.4728015564202348,-0.181640192263675,-0.3066976424811152,0.09120843761549169,-0.08500507146647715,-0.2812427416217139,0.07269021603479749,-0.47864807695170664,-0.2288045327868898,-0.3069736704737198
770917.648186915,PLAYBACK,2.2444270639680326,0.004427063977345824,0.07806500343327905,-0.057349965667199854,-0.2806120393682754,0.07307804989700095,-0.4731851682307173,-0.18355825131608938,-0.3066976424811152,0.09202323527438343,-0.0868576393740465,-0.28125174038178696,0.0726896026803158,-0.47938077819796354,-0.2305648669200502,-0.30696590198332707
770917.658698352,PLAYBACK,2.2546326159499586,0.004632615949958563,0.07921583886472838,-0.05926802471961601,-0.2806120393682754,0.07307804989700095,-0.4731851682307173,-0.18547631036850554,-0.3066976424811152,0.09288804978055375,-0.08889479313608889,-0.2812615496375779,0.07268885335556506,-0.4802347478677563,-0.23243268117781934,-0.30698671657428334
770917.669918958,PLAYBACK,2.265923014958389,0.005923014949075878,0.0799830624856952,-0.061186083772030386,-0.2806120393682754,0.07307804989700095,-0.47356878004119984,-0.18739436942091992,-0.3066976424811152,0.09380943838409452,-0.09114927229438154,-0.2812722634907583,0.07268789223001283,-0.4812380437964387,-0.23442942655581728,-0.307053834747285
770917.681019533,PLAYBACK,2.278453118982725,0.003453118959441781,0.08113389791714276,-0.06310414282444476,-0.2806120393682754,0.07307804989700095,-0.47395239185168414,-0.18892881666285177,-0.3066976424811152,0.09478526504099748,-0.09363514902653994,-0.2812838553717033,0.07268661448517044,-0.48241427442228196,-0.2365621159614327,-0.30719320970054026
770917.691857125,PLAYBACK,2.2879740180214867,0.0029740179888904095,0.08151750972762706,-0.06578942549782596,-0.2806120393682754,0.07269443808651843,-0.47433600366216666,-0.19123048752574867,-0.3066976424811152,0.09549235929967187,-0.09550097490752966,-0.2812923708670226,0.07268546530430577,-0.4833447142668251,-0.23812625769467158,-0.30735110671083027
770917.702885192,PLAYBACK,2.2990483640460297,0.004048364004120231,0.08266834515907462,-0.06809109636072286,-0.2806120393682754,0.07269443808651843,-0.4747196154726492,-0.19314854657816305,-0.3066976424811152,0.09627686675113464,-0.09763481537943225,-0.2813018824370511,0.0726839090973155,-0.48445828405913416,-0.23988761512951723,-0.30759662135010846
770917.713422549,PLAYBACK,2.3092695239465684,0.004269523895345628,0.08305195696955714,-0.07039276722362153,-0.2806120393682754,0.07307804989700095,-0.475486839093616,-0.1950666056305792,-0.3070812542915995,0.09696511753806847,-0.09956128294964195,-0.2813102348799557,0.07268224691344863,-0.48550861302952436,-0.24146155079725334,-0.30788560813720245
770917.725566182,PLAYBACK,2.320950852939859,0.005950852995738387,0.08420279240100648,-0.07269443808651843,-0.2806120393682754,0.07307804989700095,-0.47625406271458104,-0.19698466468299358,-0.3070812542915995,0.0977111819727187,-0.10170497076597139,-0.2813192371637784,0.07268006926841468,-0.4867272568055528,-0.24320488194602624,-0.3082918112996934
770917.736588127,PLAYBACK,2.3336764209670946,0.003676421009004116,0.08573723964293833,-0.07499610894941533,-0.2809956511787579,0.07307804989700095,-0.47702128633554786,-0.199669947356373,-0.3070812542915995,0.09847797239873861,-0.10396439160138107,-0.28132835904421066,0.07267735317573461,-0.48806845628075196,-0.24504429394716837,-0.30882803077671583
770917.747572881,PLAYBACK,2.343642774038017,0.0036427740706130862,0.08612085145342085,-0.077297779812314,-0.2806120393682754,0.07307804989700095,-0.4777885099565129,-0.20197161821927168,-0.3070812542915995,0.09904790675990066,-0.10567718042416598,-0.2813350023392999,0.07267497644925261,-0.48912408734822155,-0.24644704158681519,-0.309316438011224
770917.757756651,PLAYBACK,2.354580117040314,0.004580117063596845,0.08688807507438767,-0.0799830624856952,-0.2806120393682754,0.07307804989700095,-0.47855573357747794,-0.2054241245136179,-0.3070812542915995,0.09964556529058632,-0.10750000789075848,-0.28134179723373565,0.07267212049439675,-0.4902846649942659,-0.24795374386639413,-0.3099213268792351
770917.768899968,PLAYBACK,2.3650377209996805,0.005037721013650298,0.08765529869535271,-0.0822847333485921,-0.2809956511787579,0.07307804989700095,-0.47932295719844475,-0.20887663080796415,-0.3070812542915995,0.10019270731496306,-0.10918895370921528,-0.28134782598326635,0.07266915395096603,-0.49139455744025684,-0.24936710044178087,-0.3105666148758652
770917.779916523,PLAYBACK,2.3753875279799104,0.0053875279845669866,0.08842252231631953,-0.08420279240100648,-0.2806120393682754,0.07269443808651843,-0.4800901808194098,-0.21156191348134534,-0.307464866102082,0.1007135644971387,-0.11081090795477959,-0.2813533624424753,0.07266599877013832,-0.49249221683910377,-0.2507438532926078,-0.3112691432035751
770917.789836747,PLAYBACK,2.3876600289950147,0.0026600289857015014,0.08957335774776887,-0.08650446326390515,-0.2806120393682754,0.07307804989700095,-0.48124101625085913,-0.2153980315861741,-0.30784847791256453,0.10130801700029833,-0.11267385373040205,-0.28135940296792483,0.07266198679047985,-0.49379224259544,-0.25235286529691303,-0.31218388416404436
770917.801439966,PLAYBACK,2.397412311984226,0.002412311965599656,0.09034058136873391,-0.08880613412680205,-0.2806120393682754,0.07307804989700095,-0.48200823987182595,-0.2180833142595553,-0.30823208972304705,0.1017648663953195,-0.11411039082136323,-0.28136382064827153,0.07265859921533813,-0.4948241372085884,-0.2536164023543219,-0.3129735564032571
770917.812182115,PLAYBACK,2.40782424795907,0.0028242479311302304,0.09149141680018325,-0.09110780498970072,-0.2806120393682754,0.07307804989700095,-0.4831590753032735,-0.221152208743419,-0.30784847791256453,0.10223955130999869,-0.11560394739587694,-0.2813681859976542,0.07265479802337402,-0.495925017565058,-0.25495316666291573,-0.3138776619675169
770917.822168966,PLAYBACK,2.4178938689874485,0.0028938689501956105,0.09187502861066577,-0.09340947585259762,-0.2809956511787579,0.07307804989700095,-0.48392629892424033,-0.2234538796063159,-0.30861570153353135,0.10268752351067961,-0.11701130017863469,-0.2813720829758729,0.07265095087541432,-0.4969893864688226,-0.25623571568622316,-0.31481174084949703
770917.832701344,PLAYBACK,2.428493804996833,0.0034938049502670765,0.0926422522316308,-0.095327534905012,-0.2809956511787579,0.07307804989700095,-0.48507713435568967,-0.22575555046921458,-0.30861570153353135,0.10314897564982704,-0.11845572617104165,-0.28137586114622937,0.07264673139150955,-0.49811012136572735,-0.2575763347208001,-0.31585822977815114
770917.843930395,PLAYBACK,2.440190832945518,0.005190832889638841,0.09379308766308014,-0.09762920576791068,-0.2806120393682754,0.07307804989700095,-0.4858443579766547,-0.22767360952162896,-0.30899931334401387,0.10364800128412799,-0.12000821781217565,-0.2813796693874594,0.07264188846495269,-0.4993481205701621,-0.2590456480096559,-0.3170881034066263
770917.855439544,PLAYBACK,2.452769170049578,0.007769170100800693,0.09494392309452948,-0.10069810025177439,-0.2806120393682754,0.07307804989700095,-0.48699519340810404,-0.22997528038452586,-0.3097665369649789,0.10417475294494431,-0.12163217784920492,-0.2813833713077576,0.07263648189339686,-0.5006820708248823,-0.2606148119565418,-0.31849838233541083
770917.866056373,PLAYBACK,2.4618437939789146,0.0018437940161675215,0.095327534905012,-0.10146532387273943,-0.2806120393682754,0.07307804989700095,-0.4889132524605184,-0.23150972762645772,-0.3101501487754632,0.10454953826343785,-0.12277614288953688,-0.28138580594122,0.07263246586135477,-0.5016469095800206,-0.26174015631207054,-0.31957222931080853
770917.876247266,PLAYBACK,2.4725672779604793,0.0025672779884189367,0.09609475852597882,-0.10338338292515381,-0.2806120393682754,0.07307804989700095,-0.49006408789196776,-0.23304417486838958,-0.31091737239642825,0.10498779385241795,-0.12409963098145811,-0.281388444519995,0.0726276085532241,-0.502790492538778,-0.2630627063162802,-0.320902101416
770917.887319807,PLAYBACK,2.4827638110145926,0.002763811033219099,0.09647837033646134,-0.10530144197756819,-0.2806120393682754,0.07307804989700095,-0.4912149233234153,-0.23457862211032143,-0.31130098420691077,0.10540071730168558,-0.12533087634463666,-0.2813907285022936,0.07262289021280453,-0.5038820359823445,-0.2643127583355006,-0.32222780476489077
770917.898260026,PLAYBACK,2.4958294510142878,0.0058294510236009955,0.09762920576791068,-0.10683588921950005,-0.2806120393682754,0.07307804989700095,-0.49198214694438214,-0.2364966811627358,-0.3124518196383601,0.10592564740256344,-0.1268716161891975,-0.2813933569065562,0.07261672218382012,-0.505287754091602,-0.2659032527012627,-0.324013705006787
770917.909649846,PLAYBACK,2.5058919780422,0.005891978042200208,0.0980128175783932,-0.10798672465094938,-0.2809956511787579,0.07269443808651843,-0.4931329823758315,-0.23841474021515197,-0.31321904325932515,0.10632754064480504,-0.12803112889978843,-0.2813951685697773,0.07261189348993642,-0.5063765709288702,-0.26711890120120324,-0.3254558747531774
770917.921210432,PLAYBACK,2.5172468409873545,0.0022468409733846784,0.09878004119935824,-0.10952117189288124,-0.2806120393682754,0.07307804989700095,-0.49466742961776333,-0.24033279926756634,-0.3143698786907745,0.10677934828132238,-0.1293124052103754,-0.2813970068489981,0.07260637903342444,-0.5076125577781126,-0.26848015932504316,-0.32715303657573686
770917.932699863,PLAYBACK,2.529075291007757,0.0040752909844741225,0.09954726482032505,-0.11067200732433058,-0.2806120393682754,0.07307804989700095,-0.4958182650492109,-0.24225085831998072,-0.3155207141222238,0.10724884348135381,-0.13061761500863658,-0.2813987060057578,0.07260057826334453,-0.5089092624778494,-0.2698852981622704,-0.32899968318955153
770917.943792834,PLAYBACK,2.5398683779640123,0.004868377931416035,0.09993087663080757,-0.11182284275577814,-0.2806120393682754,0.07307804989700095,-0.49696910048066023,-0.2441689173723951,-0.31628793774318886,0.10767683369520165,-0.1317832110296264,-0.2814000786123159,0.07259525111839575,-0.5101014213702725,-0.271154926250636,-0.3307547842388139
770917.954539031,PLAYBACK,2.5521016330458224,0.007101633003912866,0.10069810025177439,-0.11297367818722748,-0.2806120393682754,0.07307804989700095,-0.49811993591210957,-0.2468542000457763,-0.3174387731746382,0.10816211444028764,-0.13307602532305968,-0.28140144530172434,0.0725891926440615,-0.5114639014273383,-0.27257820963346385,-0.3328249733595764
770917.965652711,PLAYBACK,2.562298177042976,0.0022981769870966673,0.10108171206225691,-0.11412451361867681,-0.2806120393682754,0.07307804989700095,-0.49927077134355713,-0.2495394827191575,-0.31897322041657006,0.10856720137543494,-0.13413127429239666,-0.2814024427951706,0.07258414071314681,-0.5126093604216823,-0.2737506690844016,-0.33461620055927593
770917.97762665,PLAYBACK,2.572533585014753,0.0025335850659757853,0.10146532387273943,-0.11527534905012615,-0.2806120393682754,0.07269443808651843,-0.5004216067750065,-0.2526083772030212,-0.3193568322270526,0.10897474671309967,-0.13517066927499016,-0.2814033247366401,0.07257908055231112,-0.5137687645810877,-0.2749139300711085,-0.33647435218742766
770917.987221,PLAYBACK,2.583450629026629,0.0034506290685385466,0.10223254749370447,-0.1160425726710912,-0.2806120393682754,0.07269443808651843,-0.5015724422064558,-0.25606088349736744,-0.32089127946898444,0.10941078982750023,-0.1362578534000664,-0.2814041439268862,0.07257370923616532,-0.5150165800758965,-0.2761384953455261,-0.3385226263259694
770917.998279926,PLAYBACK,2.5943963680183515,0.004396368050947785,0.10261615930418877,-0.11719340810254053,-0.2806120393682754,0.07269443808651843,-0.5027232776379051,-0.25912977798123116,-0.3224257267109163,0.10984971622191979,-0.13732618769590876,-0.28140484984711966,0.07256836496012949,-0.5162799270723564,-0.27734837877460755,-0.34064508712859953
770918.00895675,PLAYBACK,2.6000616210512817,6.162107456475496e-05,0.10299977111467129,-0.11757701991302305,-0.2806120393682754,0.07269443808651843,-0.5034905012588702,-0.260664225223163,-0.32357656214236563,0.1100776783128302,-0.13787075160080262,-0.2814051732224924,0.07256561989832655,-0.5169388364926676,-0.2779671573315456,-0.3417706830356378
770918.021271892,PLAYBACK,2.610197067959234,0.00019706797320395708,0.10338338292515381,-0.11872785534447239,-0.2806120393682754,0.07269443808651843,-0.5046413366903195,-0.2629658960860599,-0.32472739757381497,0.11048700051574484,-0.1388309828951697,-0.28140568570257324,0.07256075250799686,-0.5181265684845134,-0.27906090302097686,-0.34383049152014467
770918.030928412,PLAYBACK,2.6276578679680824,0.002657867968082428,0.10376699473563633,-0.12026230258640425,-0.2806120393682754,0.07307804989700095,-0.5065593957427339,-0.26641840238040615,-0.3277962920576787,0.11119712263939266,-0.14044383239252756,-0.28140638914847993,0.07255252811201236,-0.5202007764247045,-0.28090279525398093,-0.3475175709387678
770918.042429945,PLAYBACK,2.6384191940305755,0.0034191940212622285,0.10376699473563633,-0.1217967498283361,-0.2806120393682754,0.07307804989700095,-0.5077102311741832,-0.26833646143282053,-0.3285635156786437,0.11163821186119417,-0.14141228471504513,-0.2814067230090824,0.07254758208396322,-0.5214976678251362,-0.2820095488153771,-0.3498772052377905
770918.052576243,PLAYBACK,2.6492515549762174,0.004251554957590997,0.10415060654612063,-0.12294758525978366,-0.2806120393682754,0.07269443808651843,-0.5088610666056308,-0.2698709086747524,-0.3300979629205756,0.11208502703190502,-0.14236774855865827,-0.2814069922660023,0.07254271486869679,-0.522817954132901,-0.28310032235722904,-0.3523193575315113
770918.063380701,PLAYBACK,2.661297432030551,0.006297432002611458,0.10415060654612063,-0.124098420691233,-0.2806120393682754,0.07307804989700095,-0.5100119020370801,-0.27178896772716854,-0.3327832455939568,0.11258527369065054,-0.14340755281118295,-0.28140722252139005,0.0725374514183642,-0.5243039469131877,-0.2842843309994344,-0.3551132485479653
770918.073566374,PLAYBACK,2.6650724939536303,7.24939163774252e-05,0.10453421835660315,-0.12486564431219982,-0.2806120393682754,0.07307804989700095,-0.5103955138475627,-0.27178896772716854,-0.3327832455939568,0.11274276492677639,-0.14372848420281883,-0.28140728126101927,0.07253583738195486,-0.5247734957166864,-0.28464881861269914,-0.35600552450804673
770918.083673106,PLAYBACK,2.6750798450084403,7.984496187418699e-05,0.10491783016708567,-0.12601647974364738,-0.2809956511787579,0.07307804989700095,-0.5111627374685295,-0.2737070267795829,-0.33470130464637116,0.11316181449614093,-0.14456769668628722,-0.2814074093476067,0.07253164824880784,-0.5260269049661722,-0.2855991075375565,-0.35840846937522713
770918.088462992,PLAYBACK,2.685060314950533,6.0314894653856754e-05,0.10491783016708567,-0.12755092698557924,-0.2809956511787579,0.07269443808651843,-0.5123135728999788,-0.27447425040054796,-0.33661936369878553,0.11358170978219087,-0.1453875337296901,-0.2814075014305344,0.07252761077977361,-0.5272888120530146,-0.28652258794161234,-0.36085726163571386
770918.100014751,PLAYBACK,2.6957564660115167,0.005756466067396104,0.10491783016708567,-0.12831815060654606,-0.2809956511787579,0.07269443808651843,-0.5138480201419107,-0.2756250858319973,-0.3385374227511999,0.11403327461416272,-0.14624624660788207,-0.28140756650696463,0.07252345618339695,-0.5286526997905129,-0.2874833800843603,-0.3635352232161148
770918.111462392,PLAYBACK,2.7074307299917564,0.0024307300336658955,0.10530144197756819,-0.1298525978484779,-0.2809956511787579,0.07307804989700095,-0.5149988555733582,-0.27715953307392915,-0.34160631723506363,0.11452683286866461,-0.14715834695303104,-0.2814076048810854,0.07251914710485308,-0.5301517071909759,-0.28849502888236916,-0.3665134467053178
770918.122699219,PLAYBACK,2.7200775280361995,0.0050775280687958,0.10568505378805249,-0.13100343327992547,-0.2809956511787579,0.07269443808651843,-0.5161496910048076,-0.2783103685053785,-0.3439079880979623,0.11506049748370333,-0.14811442722420187,-0.281407616459614,0.07251477164356161,-0.5317825968421637,-0.2895436408971516,-0.36979219300417093
770918.134193619,PLAYBACK,2.730107211973518,0.0051072119968011975,0.106068665598535,-0.13253788052185733,-0.2809956511787579,0.07307804989700095,-0.5176841382467394,-0.27984481574731035,-0.3462096589608592,0.11548155799835276,-0.1488473775076792,-0.2814076091519834,0.0725115348775276,-0.5330770367680474,-0.29033794061812,-0.3724209767400286
770918.145633434,PLAYBACK,2.741728284978308,0.006728284992277622,0.106068665598535,-0.13368871595330667,-0.2809956511787579,0.07269443808651843,-0.5188349736781888,-0.2817628747997247,-0.3485113298237579,0.1159656183652791,-0.14966744160613732,-0.2814075880685146,0.07250805594253525,-0.5345738647351604,-0.29121532585871823,-0.37548774306201704
770918.156098312,PLAYBACK,2.7524717960041016,0.002471796004101634,0.10645227740901753,-0.134839551384756,-0.2809956511787579,0.07269443808651843,-0.5199858091096363,-0.28291371023117406,-0.3511966124971373,0.11640853552500355,-0.15039734500506927,-0.28140756090651864,0.07250510548112235,-0.5359519780270834,-0.2919849658746238,-0.37833500232022416
770918.167554659,PLAYBACK,2.7627643740270287,0.002764374017715454,0.10683588921950005,-0.13599038681620534,-0.2809956511787579,0.07307804989700095,-0.5211366445410857,-0.2840645456626216,-0.35234744792858663,0.11682819063007453,-0.15107146902834,-0.28140753130617546,0.07250252003816,-0.5372655516331513,-0.29268531770690454,-0.38106852209506054
770918.178128857,PLAYBACK,2.774533760966733,0.0045337609481066465,0.10721950102998434,-0.1371412222476529,-0.2809956511787579,0.07307804989700095,-0.5226710917830175,-0.28521538109407096,-0.3561835660334154,0.11730217231465333,-0.15181313167870422,-0.2814074964171093,0.0724998509911245,-0.5387587760504589,-0.293443076586373,-0.38419738649697055
770918.189397414,PLAYBACK,2.785662550944835,0.00566255091689527,0.10760311284046686,-0.13829205767910224,-0.2809956511787579,0.07307804989700095,-0.5238219272144669,-0.2863662165255203,-0.35810162508583154,0.11774454106057929,-0.1524870899220374,-0.28140746497209485,0.072497605143348,-0.5401620443325921,-0.2941190260610441,-0.3871570074373645
770918.201679593,PLAYBACK,2.7986566639738157,0.0036566639319062233,0.1083703364614319,-0.13905928130006906,-0.2809956511787579,0.07307804989700095,-0.5249727626459162,-0.2882842755779347,-0.36040329594872844,0.11825403863608834,-0.1532423086770174,-0.28140743280114566,0.07249531793689132,-0.5417904090792637,-0.29486091497910866,-0.3906128033661455
770918.213681455,PLAYBACK,2.809255328029394,0.004255327978171408,0.1087539482719162,-0.1398265049210341,-0.2809956511787579,0.07307804989700095,-0.5265072098878463,-0.289435111009384,-0.36308857862210964,0.11866417150551539,-0.1538344877651012,-0.28140741173513095,0.07249371421940952,-0.5431111567472701,-0.29543023724420175,-0.393431278747845
770918.224944242,PLAYBACK,2.8215249329805374,0.006524933036416769,0.10913756008239872,-0.14059372854199914,-0.2809956511787579,0.07269443808651843,-0.5280416571297781,-0.2913531700617984,-0.36577386129548906,0.11913305010614685,-0.15449491374320784,-0.2814073944815661,0.0724921454025637,-0.5446325696599107,-0.2960513520691903,-0.39669372627064275
770918.243704942,PLAYBACK,2.836148587986827,0.0061485880287364125,0.10990478370336376,-0.14136095216296596,-0.2809956511787579,0.07307804989700095,-0.5291924925612275,-0.2936548409246953,-0.36922636758983707,0.11968384565828834,-0.15524901010345313,-0.28140738526630454,0.07249067062987996,-0.5464363717102076,-0.2967414620982057,-0.40058158779051767
770918.248045427,PLAYBACK,2.845060831052251,6.083108019083738e-05,0.11028839551384806,-0.14136095216296596,-0.2809956511787579,0.07307804989700095,-0.5307269398031593,-0.29557289997710967,-0.3719116502632165,0.12001533980434945,-0.15569197322102307,-0.2814073861620724,0.07248997866118742,-0.5475311173612728,-0.2971367375148297,-0.4029507520572399
770918.257613106,PLAYBACK,2.8542630199808627,0.004263020004145801,0.1110556191348131,-0.142128175783931,-0.2809956511787579,0.07269443808651843,-0.5314941634241261,-0.2974909590295258,-0.3730624856946658,0.12035435838411983,-0.15613681714463146,-0.2814073924612073,0.07248942594426515,-0.5486581892129582,-0.297525756202055,-0.4053968093624498
770918.267772729,PLAYBACK,2.8657674189889804,0.0057674190029501915,0.11182284275577814,-0.1425117875944153,-0.2809956511787579,0.07269443808651843,-0.533795834287023,-0.2994090180819402,-0.3768986037994946,0.12077360016266692,-0.15667584580352373,-0.28140740813155835,0.07248896304496638,-0.5500629295417225,-0.29798599133168907,-0.40845458250304195
770918.279545453,PLAYBACK,2.874969227006659,0.004969227011315525,0.11220645456626244,-0.14289539940489782,-0.2809956511787579,0.07269443808651843,-0.5349466697184724,-0.30094346532387206,-0.3780494392309439,0.1211053009306709,-0.15709390817325256,-0.28140742690800696,0.07248877293292898,-0.5511833680305425,-0.2983341574367884,-0.41090017037738086
770918.290784032,PLAYBACK,2.888042132020928,0.00304213201161474,0.11335728999771,-0.14289539940489782,-0.2809956511787579,0.07231082627603591,-0.5364811169604042,-0.30324513618676896,-0.38226916914625697,0.12157105220314578,-0.15766881673863087,-0.28140746299762137,0.07248877450855333,-0.552770826297763,-0.2987998158656322,-0.41437434626469927
770918.302394304,PLAYBACK,2.8981078149518,0.0031078149331733584,0.11335728999771,-0.14366262302586286,-0.2806120393682754,0.07231082627603591,-0.5380155642023361,-0.3043959716182183,-0.3853380636301207,0.1219253011688113,-0.15809694064852262,-0.28140749812556,0.07248899046325465,-0.5539899760568792,-0.2991362805690283,-0.41704916399463515
770918.313959731,PLAYBACK,2.9100776959676296,0.005077695939689875,0.11412451361867681,-0.14366262302586286,-0.2806120393682754,0.07231082627603591,-0.539550011444268,-0.30554680704966763,-0.3880233463035001,0.12234164555187188,-0.15859037380219468,-0.2814075478810476,0.07248948762265794,-0.5554365797295892,-0.2995126784620775,-0.420229815238543
770918.323300866,PLAYBACK,2.9197570390533656,0.004757039016112685,0.11489173723964186,-0.14404623483634715,-0.2809956511787579,0.07231082627603591,-0.5410844586861998,-0.3066976424811152,-0.3899414053559145,0.12267441451405015,-0.15897744496163915,-0.2814075941593083,0.07249007875353722,-0.5566040808500217,-0.29979907944509676,-0.4228016904506667
770918.334312351,PLAYBACK,2.925060127978213,6.01279316470027e-05,0.11527534905012615,-0.14442984664682967,-0.2809956511787579,0.07231082627603591,-0.5410844586861998,-0.3070812542915995,-0.39147585259784634,0.12285524946595486,-0.1591851430019553,-0.2814076216959211,0.07249047377814927,-0.5572429357166727,-0.29994944815185925,-0.42421071533283833
770918.346186528,PLAYBACK,2.943000747007318,0.0030007470631971955,0.11680979629205801,-0.1448134584573122,-0.2809956511787579,0.07231082627603591,-0.5441533531700635,-0.30899931334401387,-0.3968464179446105,0.12345922157767339,-0.15986580520805035,-0.2814077255087332,0.07249218050906424,-0.5594004888194929,-0.3004254536039033,-0.42897729612078833
770918.356974024,PLAYBACK,2.953419527038932,0.0034195270854979753,0.11680979629205801,-0.14519707026779471,-0.2809956511787579,0.07231082627603591,-0.5453041886015111,-0.3101501487754632,-0.3995317006179917,0.12380441087293526,-0.1602461471369112,-0.2814077927144213,0.0724934320545411,-0.5606511077564006,-0.3006798559085902,-0.43174528201095586
770918.369018929,PLAYBACK,2.9643002910306677,0.004300291067920625,0.11757701991302305,-0.14596429388876153,-0.2809956511787579,0.07231082627603591,-0.5468386358434429,-0.31053376058594573,-0.4018333714808886,0.12416050513744667,-0.1606321778302509,-0.28140786770393483,0.07249494169566052,-0.5619555774615828,-0.30092925083265093,-0.4346359029574335
770918.37991377,PLAYBACK,2.9757589630316943,0.00575896305963397,0.11796063172350557,-0.14634790569924405,-0.2809956511787579,0.07231082627603591,-0.5483730830853748,-0.31130098420691077,-0.4045186541542698,0.12453060232725396,-0.16102683335469528,-0.28140795136880675,0.07249675400235876,-0.5633277610665945,-0.30117477068149223,-0.43767994987870523
770918.389693556,PLAYBACK,2.985699516022578,0.0006995160365477204,0.11872785534447239,-0.14711512932021087,-0.2806120393682754,0.07231082627603591,-0.5495239185168241,-0.31168459601739507,-0.40605310139620165,0.12484753836864958,-0.16135969001195224,-0.2814080273231965,0.07249851016780874,-0.5645169949170866,-0.3013742173465425,-0.4403206228238971
770918.399769559,PLAYBACK,2.9982101629721,0.003210162976756692,0.11949507896543743,-0.1478823529411759,-0.2809956511787579,0.07231082627603591,-0.551058365758756,-0.31168459601739507,-0.4102728313115147,0.12524088860959348,-0.1617665117528684,-0.28140812661286796,0.07250096220964551,-0.5660123674440962,-0.30160825209663433,-0.4436439362601
770918.410380035,PLAYBACK,3.0066059669479728,0.0016059669433161616,0.11949507896543743,-0.14826596475165843,-0.2809956511787579,0.07231082627603591,-0.5522092011902053,-0.3120682078278776,-0.4129581139848941,0.1255013584046904,-0.16203221899760645,-0.28140819511232246,0.0725027583606634,-0.5670151663282442,-0.3017551968649597,-0.4458741319910727
770918.420747697,PLAYBACK,3.0176436220062897,0.0026436219923198223,0.12026230258640425,-0.14903318837262525,-0.2809956511787579,0.07231082627603591,-0.5533600366216529,-0.3124518196383601,-0.4156433966582753,0.12583943531627595,-0.1623729022536955,-0.2814082868717834,0.07250530319915516,-0.5683327245262184,-0.3019366236567383,-0.44880602519376217
770918.431641266,PLAYBACK,3.0280901649966836,0.003090164973400533,0.12064591439688677,-0.1498004119935903,-0.2809956511787579,0.07231082627603591,-0.5548944838635848,-0.3124518196383601,-0.41679423208972466,0.12615477608539108,-0.16268658364652566,-0.28140837492671406,0.07250790333927944,-0.569579000817316,-0.3020966028682288,-0.45158084155020034
770918.442991209,PLAYBACK,3.039031474967487,0.004031474934890866,0.12102952620736929,-0.1505676356145571,-0.2809956511787579,0.07231082627603591,-0.5560453192950341,-0.3128354314488426,-0.41947951476310585,0.12648013001196146,-0.16300628573690296,-0.2814084677517003,0.07251082603215696,-0.5708836522946732,-0.3022525487422716,-0.4544870180683777
770918.453879127,PLAYBACK,3.051474131993018,0.006474131951108575,0.1217967498283361,-0.15133485923552215,-0.2809956511787579,0.07231082627603591,-0.557579766536966,-0.3128354314488426,-0.42408285648889965,0.12684387614779385,-0.1633592305418723,-0.28140857318871476,0.07251439739534957,-0.5723666319622558,-0.30241623399422185,-0.4577919052763072
770918.464879521,PLAYBACK,3.060708782984875,0.005708782933652401,0.12218036163881862,-0.15248569466697148,-0.2809956511787579,0.07231082627603591,-0.558346990157931,-0.3128354314488426,-0.4256173037308315,0.1271094434236768,-0.16361409232959345,-0.28140865077139815,0.07251721823478234,-0.573466854102811,-0.30252881661612496,-0.4602446708470658
770918.475999474,PLAYBACK,3.0724472199799493,0.002447220031172037,0.12256397344930114,-0.15325291828793652,-0.2809956511787579,0.07269443808651843,-0.5598814373998628,-0.31321904325932515,-0.4306042572671096,0.12744147761881172,-0.16392960805587584,-0.2814087478226319,0.07252101324955734,-0.5748649442745936,-0.30266158099500134,-0.4633624015268799
770918.486632975,PLAYBACK,3.0833719689399004,0.003371968981809914,0.12294758525978366,-0.15402014190890334,-0.2809956511787579,0.07231082627603591,-0.5610322728313122,-0.31321904325932515,-0.4336731517509733,0.1277447952153473,-0.16421500038654477,-0.2814088358544712,0.07252475583207127,-0.576165739822199,-0.3027753001886506,-0.46626396723280045
770918.498216145,PLAYBACK,3.09392105799634,0.003921058028936386,0.12333119707026796,-0.15517097734035268,-0.2813792629892422,0.07231082627603591,-0.561799496452279,-0.31321904325932515,-0.4352075989929052,0.1280323321859131,-0.16448324681886833,-0.2814089180772522,0.0725285626012655,-0.5774214988048341,-0.3028766190551365,-0.4690657166487077
770918.514980601,PLAYBACK,3.1092131739715114,0.009213173994794488,0.124098420691233,-0.15632181277180024,-0.2809956511787579,0.07269443808651843,-0.5633339436942109,-0.31321904325932515,-0.43942732890821823,0.12843953635479846,-0.16485970480400808,-0.28140903109164667,0.07253441791635828,-0.5792413853412461,-0.30300963922787666,-0.4731271038039596
770918.525990122,PLAYBACK,3.1200653340201825,6.533402483910322e-05,0.12448203250171552,-0.15747264820324958,-0.2809956511787579,0.07269443808651843,-0.5644847791256584,-0.31321904325932515,-0.44249622339208194,0.12872139520475806,-0.16511822626403164,-0.2814091059113278,0.07253881559284699,-0.5805325580590335,-0.3030947520214762,-0.476009248382334
770918.537333964,PLAYBACK,3.1300825839862227,8.258398156613111e-05,0.12448203250171552,-0.1582398718242164,-0.2809956511787579,0.07231082627603591,-0.5660192263675903,-0.31321904325932515,-0.44556511787594566,0.12897616019636027,-0.16535067707446732,-0.2814091703250076,0.07254305396993896,-0.5817241596036924,-0.30316693648223975,-0.4786696215666621
770918.542871392,PLAYBACK,3.1400635050376877,6.350502371788025e-05,0.12486564431219982,-0.15862348363469891,-0.2809956511787579,0.07231082627603591,-0.5671700617990396,-0.31321904325932515,-0.44786678873884256,0.12922469380228485,-0.16557652139175927,-0.2814092295124368,0.07254744831305081,-0.5829112070433541,-0.30323312993831014,-0.48132031531732816
770918.553865253,PLAYBACK,3.1494908350287005,0.004490835010074079,0.12486564431219982,-0.15939070725566395,-0.2809956511787579,0.07269443808651843,-0.5687045090409715,-0.31321904325932515,-0.4494012359807744,0.12945444583698476,-0.1657846703478119,-0.28140928036127993,0.07255175636921543,-0.584032186018517,-0.3032907066577853,-0.48382396070715356
770918.564577084,PLAYBACK,3.163161935051903,0.008161935023963451,0.12563286793316486,-0.1605415426871133,-0.2809956511787579,0.07269443808651843,-0.5698553444724208,-0.31321904325932515,-0.45323735408560495,0.129778729593647,-0.16607780640294723,-0.28140934445693044,0.07255827626752125,-0.5856573365746096,-0.3033662400736348,-0.4874545906315729
770918.575270019,PLAYBACK,3.1711918780347332,0.00119187799282372,0.12563286793316486,-0.1609251544975958,-0.2809956511787579,0.07269443808651843,-0.5713897917143527,-0.31321904325932515,-0.4547718013275368,0.12996414908385415,-0.16624527877528295,-0.2814093763141649,0.07256225668432965,-0.5866116155145934,-0.3034064993150369,-0.48958707499687976
770918.586359954,PLAYBACK,3.182672161026858,0.0026721609756350517,0.12601647974364738,-0.16169237811856263,-0.2809956511787579,0.07269443808651843,-0.5725406271458002,-0.31321904325932515,-0.4593751430533306,0.1302225332664603,-0.16647879363220336,-0.2814094137874904,0.07256814196331852,-0.5879755121639646,-0.3034591570585652,-0.4926358226166596
770918.596893864,PLAYBACK,3.1933355189394206,0.0033355189952999353,0.12640009155413168,-0.16207598992904515,-0.2809956511787579,0.07269443808651843,-0.5740750743877321,-0.31321904325932515,-0.4620604257267118,0.1304552475217484,-0.16668957036739301,-0.28140943949549235,0.07257381417889723,-0.5892418383730876,-0.30350324905792964,-0.4954675916969247
770918.60565065,PLAYBACK,3.202970125945285,0.0029701259918510914,0.1267837033646142,-0.16245960173952767,-0.2809956511787579,0.07269443808651843,-0.5744586861982146,-0.31321904325932515,-0.46359487296864366,0.130659284136779,-0.16687503815846746,-0.2814094546881344,0.07257911011971592,-0.5903854914508612,-0.3035393869425095,-0.4980261383487581
770918.616754431,PLAYBACK,3.2151857879944146,0.005185788031667471,0.12716731517509672,-0.1632268253604945,-0.2809956511787579,0.07231082627603591,-0.5763767452506308,-0.31321904325932515,-0.4674309910734742,0.13090919834075865,-0.16710352643823326,-0.28140946231191694,0.07258605893391055,-0.5918347097503421,-0.30358054167624793,-0.5012700695774592
770918.62748096,PLAYBACK,3.224454795010388,0.004454795038327575,0.12716731517509672,-0.163610437170977,-0.2809956511787579,0.07231082627603591,-0.5775275806820783,-0.31321904325932515,-0.47049988555733613,0.13109206342298113,-0.167272007999652,-0.28140945895235125,0.07259150679253525,-0.5929336392676661,-0.3036085513642585,-0.5037314764656691
770918.639817564,PLAYBACK,3.234841131954454,0.004841131973080337,0.12755092698557924,-0.16399404898145953,-0.2809956511787579,0.07231082627603591,-0.5786784161135277,-0.31321904325932515,-0.47356878004119984,0.1312898040882041,-0.16745586484496422,-0.2814094453503108,0.07259779157043286,-0.5941641898841966,-0.3036369003933411,-0.5064895687322387
770918.651200961,PLAYBACK,3.247280022013001,0.002280022017657757,0.12793453879606353,-0.16437766079194205,-0.2809956511787579,0.07231082627603591,-0.5802128633554595,-0.31321904325932515,-0.47702128633554786,0.13151631247906392,-0.1676692954735587,-0.28140941475925724,0.07260556974215439,-0.595636549914734,-0.3036669746585647,-0.5097926851883472
770918.663231859,PLAYBACK,3.258834816981107,0.0038348169764503837,0.12831815060654606,-0.16437766079194205,-0.2809956511787579,0.07231082627603591,-0.5817473105973914,-0.31321904325932515,-0.4800901808194098,0.13171628182331555,-0.16786105364228918,-0.28140937175943276,0.07261304131352737,-0.5970026998752931,-0.3036914691787377,-0.5128610042949051
770918.674522379,PLAYBACK,3.2724149429704994,0.007414942956529558,0.12870176241702858,-0.16514488441290887,-0.2809956511787579,0.07231082627603591,-0.5832817578393232,-0.31321904325932515,-0.4835426871137578,0.1319379233290201,-0.16807853700694672,-0.2814093024784811,0.07262212659465749,-0.5986060575460991,-0.3037164548706659,-0.5164671090932043
770918.685990068,PLAYBACK,3.2824851049808785,0.0024851049529388547,0.1290853742275111,-0.16514488441290887,-0.2809956511787579,0.07231082627603591,-0.5848162050812551,-0.31321904325932515,-0.4866115815976215,0.13209258482627784,-0.16823437727380078,-0.2814092375363038,0.0726290763794929,-0.5997932005689853,-0.30373259808670694,-0.5191411489327278
770918.696904918,PLAYBACK,3.292673442978412,0.00267344294115901,0.1290853742275111,-0.16552849622339139,-0.2809956511787579,0.07269443808651843,-0.586350652323187,-0.31321904325932515,-0.4877624170290691,0.13224034832764334,-0.16838739259076554,-0.2814091596870152,0.07263629245851239,-0.600992499912062,-0.3037470752159165,-0.5218465546813974
770918.706869897,PLAYBACK,3.303399680997245,0.003399680950678885,0.1294689860379954,-0.16552849622339139,-0.2809956511787579,0.07269443808651843,-0.5878850995651188,-0.31321904325932515,-0.49198214694438214,0.1323861197188096,-0.168543476370753,-0.28140906416288536,0.07264409062209824,-0.6022529638690104,-0.3037604982245118,-0.5246947802922071
770918.718138725,PLAYBACK,3.314860126003623,0.004860125947743654,0.1298525978484779,-0.16552849622339139,-0.2809956511787579,0.07269443808651843,-0.5894195468070507,-0.31321904325932515,-0.49466742961776333,0.1325303711680909,-0.16870461682551033,-0.2814089463165477,0.07265265079765207,-0.6035969845202049,-0.30377300105657534,-0.5277379527785037
770918.729795847,PLAYBACK,3.326693605980836,0.006693606032058597,0.1298525978484779,-0.16552849622339139,-0.2809956511787579,0.07231082627603591,-0.5905703822385,-0.31321904325932515,-0.49735271229114275,0.13266638209106793,-0.16886495438811444,-0.2814088070848719,0.07266173723675032,-0.6049814635392788,-0.3037841556771718,-0.5308801687160664
770918.741553161,PLAYBACK,3.33786082000006,0.0028608200373128057,0.13023620965896043,-0.16552849622339139,-0.2809956511787579,0.07231082627603591,-0.5921048294804319,-0.3128354314488426,-0.5004216067750065,0.1327822185774816,-0.1690106725216675,-0.28140865895145906,0.07267054289963563,-0.6062845894287779,-0.3037932581315246,-0.5338454597919771
770918.75273907,PLAYBACK,3.348840013029985,0.003840013057924807,0.13023620965896043,-0.1659121080338739,-0.2809956511787579,0.07231082627603591,-0.5936392767223619,-0.3128354314488426,-0.5034905012588702,0.13288380679972783,-0.16914867945446785,-0.2814084971267557,0.07267941874840743,-0.607562223346732,-0.3038010440328924,-0.5367608209369302
770918.763794159,PLAYBACK,3.3605502359569073,0.005550235975533724,0.13100343327992547,-0.16552849622339139,-0.2809956511787579,0.07231082627603591,-0.5951737239642938,-0.3128354314488426,-0.5065593957427339,0.13297821210038366,-0.16929016365457,-0.28140830650052323,0.07268912405918909,-0.6089206683661742,-0.30380826513317194,-0.5398702956921458
770918.775449637,PLAYBACK,3.371193496044725,0.006193496054038405,0.13138704509040977,-0.1659121080338739,-0.2809956511787579,0.07231082627603591,-0.5963245593957431,-0.31321904325932515,-0.5080938429846658,0.13305106155655974,-0.1694136676711288,-0.28140811682487904,0.07269815827962622,-0.6101511812453617,-0.30381401290548865,-0.5426964574967285
770918.786396028,PLAYBACK,3.3836505099898204,0.003650509985163808,0.13138704509040977,-0.16552849622339139,-0.2809956511787579,0.07231082627603591,-0.5974753948271925,-0.31321904325932515,-0.5123135728999788,0.13312004575875763,-0.1695520899188659,-0.28140787465006906,0.07270898927328766,-0.6115859043752196,-0.3038199349823387,-0.5460042435668389
770918.797670166,PLAYBACK,3.3939592180540785,0.003959218040108681,0.1317706569008923,-0.16552849622339139,-0.2809956511787579,0.07231082627603591,-0.5990098420691243,-0.3128354314488426,-0.5149988555733582,0.13316335887617706,-0.16966165908114908,-0.28140765756111236,0.07271816147987473,-0.6127683557023489,-0.30382431001750637,-0.5487415879208052
770918.808351498,PLAYBACK,3.4042164080310613,0.004216408007778227,0.1317706569008923,-0.1659121080338739,-0.2809956511787579,0.07231082627603591,-0.6001606775005737,-0.3128354314488426,-0.5169169146257726,0.13319361625952902,-0.16976621527459557,-0.2814074263870676,0.07272747503249866,-0.613940206106245,-0.30382829787374693,-0.5514652660448262
770918.81930896,PLAYBACK,3.4147654270054772,0.0047654269728809595,0.1321542687113748,-0.16552849622339139,-0.2809956511787579,0.07231082627603591,-0.6013115129320212,-0.3128354314488426,-0.5199858091096363,0.13321090969023744,-0.16986910880942468,-0.2814071726988778,0.0727372474038536,-0.6151401741805776,-0.303832115454649,-0.5542664544344869
770918.829808684,PLAYBACK,3.425888565951027,0.0008885659044608474,0.1321542687113748,-0.1659121080338739,-0.2809956511787579,0.07231082627603591,-0.6024623483634706,-0.3128354314488426,-0.5230547035935,0.13321341624003818,-0.16997251560133808,-0.28140688755158066,0.07274776327956445,-0.6163993185765868,-0.3038359283163511,-0.5572201200650306
770918.84137392,PLAYBACK,3.439125554054044,0.004125553998164833,0.13253788052185733,-0.1659121080338739,-0.2809956511787579,0.07231082627603591,-0.6032295719844356,-0.3128354314488426,-0.5268908216983306,0.13319453392518554,-0.17008877493455263,-0.2814065244229025,0.07276055856273622,-0.6178889602952522,-0.3038403119028027,-0.5607351443555727
770918.852417156,PLAYBACK,3.44894002599176,0.003940026042982936,0.13292149233234163,-0.1659121080338739,-0.2809956511787579,0.07231082627603591,-0.604380407415885,-0.3128354314488426,-0.5299597161821943,0.13316460310049716,-0.17017020485770473,-0.2814062383945065,0.07277024093830746,-0.6189868626559764,-0.30384353381081036,-0.5633413699570351
770918.863464499,PLAYBACK,3.459987389971502,0.004987390013411641,0.13292149233234163,-0.1662957198443582,-0.2809956511787579,0.07269443808651843,-0.6055312428473343,-0.3128354314488426,-0.533028610666058,0.13311406074799476,-0.17025700258047902,-0.28140589926187076,0.07278133664510784,-0.6202155502544486,-0.30384720263559006,-0.5662750320347167
770918.874429235,PLAYBACK,3.4705399359809235,0.005539936013519764,0.13292149233234163,-0.1662957198443582,-0.2809956511787579,0.07231082627603591,-0.6066820782787836,-0.3128354314488426,-0.5357138933394374,0.13304852592201807,-0.17033509981498732,-0.2814055582962667,0.07279212813090553,-0.621381754481166,-0.3038508046018991,-0.5690773428047102
770918.884267643,PLAYBACK,3.481174348969944,0.001174348988570273,0.13292149233234163,-0.1662957198443582,-0.2809956511787579,0.07231082627603591,-0.6082165255207155,-0.3128354314488426,-0.5364811169604042,0.1329648042076719,-0.1704090383381828,-0.28140519784462303,0.07280319148107194,-0.622549237768959,-0.30385457897601936,-0.5719014499315
770918.895136344,PLAYBACK,3.4928788309916854,0.0028788310009986162,0.13292149233234163,-0.1662957198443582,-0.2809956511787579,0.07231082627603591,-0.6089837491416805,-0.3124518196383601,-0.5407008468757155,0.13285137871210326,-0.17048487635370208,-0.28140478159536436,0.07281558320322958,-0.6238247006005995,-0.30385894743226466,-0.5750098023382086
770918.906063057,PLAYBACK,3.502568823983893,0.0025688239838927984,0.13330510414282415,-0.16667933165484072,-0.2806120393682754,0.07231082627603591,-0.6101345845731299,-0.3124518196383601,-0.5433861295490967,0.13273998992358288,-0.1705432580371937,-0.28140442154060136,0.07282600999332213,-0.6248727384316425,-0.30386276231050746,-0.5775832351627886
770918.916601255,PLAYBACK,3.5133204710436985,0.003320471034385264,0.13330510414282415,-0.16667933165484072,-0.2809956511787579,0.07231082627603591,-0.6112854200045792,-0.3128354314488426,-0.5464550240329604,0.13259718183403432,-0.1706033541817149,-0.2814040057260168,0.07283775386052631,-0.6260268295861546,-0.30386722750637907,-0.5804386985699833
770918.928893303,PLAYBACK,3.5242686950368807,0.0042686950182542205,0.13330510414282415,-0.16667933165484072,-0.2809956511787579,0.07231082627603591,-0.6128198672465093,-0.3124518196383601,-0.5479894712748923,0.13243024608296558,-0.17065947182539373,-0.2814035647737748,0.07284989751325865,-0.6271921266475852,-0.3038720404342825,-0.5833464672494231
770918.940936173,PLAYBACK,3.536325662978925,0.006325662950985134,0.13330510414282415,-0.16667933165484072,-0.2806120393682754,0.07231082627603591,-0.6135870908674761,-0.3124518196383601,-0.5525928130006879,0.13222030729384476,-0.17071532184162602,-0.28140305885164657,0.07286348181934969,-0.6284633720377223,-0.3038776597037766,-0.5865488389568079
770918.952150647,PLAYBACK,3.5494912039721385,0.004491203930228949,0.13330510414282415,-0.16706294346532324,-0.2809956511787579,0.07231082627603591,-0.6155051499198905,-0.3124518196383601,-0.5556617074845516,0.1319585105699927,-0.1707691499298909,-0.2814024823483842,0.07287856013645722,-0.6298364202939877,-0.3038841738577382,-0.5900458263221089
770918.963029047,PLAYBACK,3.559322788962163,0.0043227889109402895,0.13330510414282415,-0.16706294346532324,-0.2809956511787579,0.07231082627603591,-0.6162723735408573,-0.3124518196383601,-0.5591142137788978,0.13173993589245395,-0.17080445004383094,-0.28140203565264865,0.07288998155100847,-0.6308510902580222,-0.30388928463597253,-0.5926573936099249
770918.97421696,PLAYBACK,3.570183004019782,0.005183004075661302,0.13330510414282415,-0.16706294346532324,-0.2809956511787579,0.07269443808651843,-0.6178068207827891,-0.3124518196383601,-0.5621831082627615,0.13147464530569858,-0.17083855156402256,-0.2814015263651008,0.07290275269866878,-0.6319609346400548,-0.30389515574768605,-0.5955423458717986
770918.984915345,PLAYBACK,3.581624091952108,0.0016240919940173626,0.13330510414282415,-0.16706294346532324,-0.2809956511787579,0.07269443808651843,-0.6189576562142367,-0.3124518196383601,-0.5652520027466252,0.1311670515050092,-0.1708688937505457,-0.2814009721142698,0.0729163759568814,-0.6331172874194739,-0.30390156806400614,-0.5985817928081191
770918.99629735,PLAYBACK,3.592990746954456,0.002990746987052262,0.13330510414282415,-0.16744655527580576,-0.2809956511787579,0.07269443808651843,-0.620108491645686,-0.3120682078278776,-0.5687045090409715,0.13083173294285821,-0.17089333266081458,-0.281400403796041,0.0729300745628945,-0.6342526830234112,-0.30390813048722226,-0.6016016809481715
770919.007908594,PLAYBACK,3.6057022489840165,0.005702249007299542,0.13330510414282415,-0.16744655527580576,-0.2809956511787579,0.07269443808651843,-0.6212593270771354,-0.3120682078278776,-0.5713897917143527,0.13042011679258764,-0.17091388275082073,-0.28139974783717375,0.07294557693613034,-0.6355061335760095,-0.30391563714259057,-0.6049791534386422
770919.018662386,PLAYBACK,3.614293267019093,0.004293267033062875,0.13330510414282415,-0.16744655527580576,-0.2809956511787579,0.07269443808651843,-0.6227937743190672,-0.3120682078278776,-0.5729242389562845,0.13011913848110673,-0.17092369153729392,-0.2813992925930076,0.07295615725756219,-0.6363433385235742,-0.3039207737058911,-0.6072619954363658
770919.029153564,PLAYBACK,3.6257605550345033,0.005760555039159954,0.13292149233234163,-0.16783016708629006,-0.2806120393682754,0.07269443808651843,-0.6239446097505148,-0.3120682078278776,-0.5775275806820783,0.12968755933954138,-0.17093162205929643,-0.2813986703411718,0.0729704007790517,-0.63744814547156,-0.30392765721867204,-0.6103093995583116
770919.040289928,PLAYBACK,3.6360968670342118,0.006096867029555142,0.13292149233234163,-0.16783016708629006,-0.2809956511787579,0.07231082627603591,-0.6250954451819641,-0.3124518196383601,-0.5790620279240102,0.12926816331449667,-0.17093367919939653,-0.28139809554039374,0.0729833494321106,-0.6384314101978605,-0.3039338369001248,-0.6130565395877816
770919.050144637,PLAYBACK,3.646922516054474,0.0019225160358473659,0.13330510414282415,-0.16783016708629006,-0.2809956511787579,0.07269443808651843,-0.626629892423896,-0.3120682078278776,-0.5817473105973914,0.12879669171619915,-0.17093061994120926,-0.2813974798192038,0.0729970127314217,-0.639448340178781,-0.3039402239511493,-0.6159340620078589
770919.062507531,PLAYBACK,3.6596258119679987,0.004625811940059066,0.13292149233234163,-0.16783016708629006,-0.2806120393682754,0.07269443808651843,-0.6273971160448628,-0.31168459601739507,-0.5855834287022201,0.12819946109747185,-0.17092017208560853,-0.28139674005732435,0.07301316353610536,-0.6406248107358531,-0.3039475229765903,-0.6193111526532407
770919.07186129,PLAYBACK,3.6686302319867536,0.0036302319495007396,0.13292149233234163,-0.16783016708629006,-0.2809956511787579,0.07231082627603591,-0.6285479514763104,-0.3120682078278776,-0.5882687113756013,0.1277460490065478,-0.1709082441178833,-0.28139620484119615,0.07302467841081527,-0.6414477594259713,-0.3039525139969794,-0.6217052671724457
770919.082727316,PLAYBACK,3.679621779010631,0.004621778964065015,0.13292149233234163,-0.16783016708629006,-0.2806120393682754,0.07269443808651843,-0.6300823987182422,-0.3120682078278776,-0.591337605859465,0.12715714651315146,-0.17088855282946994,-0.28139553981644233,0.07303879697666311,-0.6424401318553422,-0.30395833778498615,-0.6246281537411095
770919.093384272,PLAYBACK,3.689246766967699,0.004246766911819577,0.13292149233234163,-0.16783016708629006,-0.2809956511787579,0.07231082627603591,-0.6312332341496916,-0.3120682078278776,-0.5928720531013969,0.12660805017701895,-0.17086663553912718,-0.28139494735577564,0.07305120553899114,-0.6432983066817837,-0.3039631419207244,-0.6271880656913298
770919.104385477,PLAYBACK,3.6950634910026565,6.349105387926102e-05,0.13292149233234163,-0.16821377889677258,-0.2809956511787579,0.07269443808651843,-0.6320004577706566,-0.31168459601739507,-0.5951737239642938,0.12626047254243702,-0.1708512558899851,-0.28139458491933805,0.07305872015951406,-0.6438121354429635,-0.3039658894918978,-0.6287353149962004
770919.114538467,PLAYBACK,3.71211012697313,0.002110127010382712,0.13292149233234163,-0.16783016708629006,-0.2809956511787579,0.07269443808651843,-0.633151293202106,-0.31168459601739507,-0.5993934538796069,0.1251699821746659,-0.17079681144330047,-0.281393504785165,0.07308078229852709,-0.6452978505398038,-0.3039731448393815,-0.6332706069132045
770919.124488008,PLAYBACK,3.7209425079636276,0.0009425079915672541,0.13292149233234163,-0.16821377889677258,-0.2806120393682754,0.07269443808651843,-0.6343021286335553,-0.31168459601739507,-0.6016951247425055,0.12456060584128933,-0.17076303399906792,-0.2813929352820117,0.07309221842913936,-0.646056312512167,-0.303976365035053,-0.635620905781255
770919.135766324,PLAYBACK,3.7313151590060443,0.00131515902467072,0.13253788052185733,-0.16821377889677258,-0.2809956511787579,0.07269443808651843,-0.6354529640650046,-0.31168459601739507,-0.6032295719844356,0.12380394810304049,-0.1707184356154905,-0.2813922586641989,0.07310563249610356,-0.6469376802013228,-0.3039796025336378,-0.6383811232690295
770919.1463919,PLAYBACK,3.7428886799607426,0.0028886799700558186,0.13253788052185733,-0.16821377889677258,-0.2809956511787579,0.07269443808651843,-0.6366037994964522,-0.31168459601739507,-0.6074493018997487,0.12290474204768177,-0.170662300645293,-0.28139149483370945,0.07312055111905819,-0.6479096896991234,-0.3039824362103656,-0.6414600443568841
770919.15793358,PLAYBACK,3.7540711329784244,0.00407113297842443,0.13253788052185733,-0.16821377889677258,-0.2806120393682754,0.07269443808651843,-0.6377546349279015,-0.31168459601739507,-0.6109018081940949,0.12197806486423393,-0.17060159399191852,-0.2813907494042102,0.07313488026731008,-0.6488378831835199,-0.30398429900914486,-0.6444320633119874
770919.169388886,PLAYBACK,3.7678715309593827,0.007871530950069427,0.1321542687113748,-0.16821377889677258,-0.2809956511787579,0.07269443808651843,-0.6389054703593509,-0.31168459601739507,-0.6139707026779586,0.1207523828663285,-0.1705178382829648,-0.28138982247342303,0.07315237681198061,-0.6499687223417854,-0.30398526607417453,-0.6480903679159958
770919.181423621,PLAYBACK,3.7774025700055063,0.0024025699822232127,0.1321542687113748,-0.16821377889677258,-0.2809956511787579,0.07269443808651843,-0.6400563057908002,-0.31130098420691077,-0.6170395971618223,0.11985133829219677,-0.17045430606363446,-0.28138918028279486,0.07316428447773403,-0.6507400181802222,-0.30398498649287375,-0.6506053663233239
770919.191830878,PLAYBACK,3.7886334150098264,0.0036334149772301316,0.1321542687113748,-0.16821377889677258,-0.2809956511787579,0.07231082627603591,-0.6412071412222478,-0.31130098420691077,-0.6204921034561686,0.11873161353880761,-0.17037357411068974,-0.2813884247438322,0.07317806121332732,-0.65163804679162,-0.3039835761352786,-0.6535489200816101
770919.20335738,PLAYBACK,3.7993368599563837,0.004336859914474189,0.1317706569008923,-0.16821377889677258,-0.2809956511787579,0.07269443808651843,-0.6423579766536971,-0.31130098420691077,-0.6231773861295498,0.11760625638984816,-0.17029089119969343,-0.2813877093968834,0.07319086299393063,-0.6524822096376849,-0.30398107355532306,-0.6563254558388251
770919.214361371,PLAYBACK,3.8107188140274957,0.005718813976272941,0.13138704509040977,-0.16821377889677258,-0.2806120393682754,0.07269443808651843,-0.6431252002746621,-0.31091737239642825,-0.625862668802931,0.11634817020760496,-0.17019707685590607,-0.28138695797221414,0.07320404201946297,-0.6533665464468512,-0.3039771074552204,-0.6592368598443472
770919.226040685,PLAYBACK,3.822859321953729,0.0028593220049515367,0.13138704509040977,-0.16821377889677258,-0.2809956511787579,0.07269443808651843,-0.6442760357061115,-0.31091737239642825,-0.6289315632867947,0.11493801325116389,-0.17009065876058677,-0.2813861717838342,0.07321751488162233,-0.6542942146076369,-0.30397133972727514,-0.6622844318213688
770919.236312463,PLAYBACK,3.832434596028179,0.002434596070088446,0.13061982146944295,-0.16821377889677258,-0.2809956511787579,0.07269443808651843,-0.6454268711375608,-0.31091737239642825,-0.6312332341496916,0.11377709741010714,-0.1700023297290489,-0.2813855658968837,0.07322765928378679,-0.6550147263110282,-0.303965645365578,-0.6646395267888259
770919.246535187,PLAYBACK,3.8437051370274276,0.0037051370600238442,0.13023620965896043,-0.16821377889677258,-0.2809956511787579,0.07231082627603591,-0.6461940947585258,-0.31091737239642825,-0.6343021286335553,0.11235620691468509,-0.16989360345615034,-0.28138487167096204,0.07323900302904901,-0.6558511379183466,-0.30395763095798334,-0.667351530321974
770919.257382697,PLAYBACK,3.8543025689432397,0.004302568966522813,0.1298525978484779,-0.16821377889677258,-0.2809956511787579,0.07231082627603591,-0.6469613183794927,-0.31091737239642825,-0.637371023117419,0.11096646885847052,-0.1697868098039801,-0.2813842398600954,0.07324904050972156,-0.6566275317347643,-0.3039487922352049,-0.6698391649898803
770919.268050494,PLAYBACK,3.86445624998305,0.004456249997019768,0.1290853742275111,-0.16821377889677258,-0.2809956511787579,0.07231082627603591,-0.648112153810942,-0.31091737239642825,-0.6385218585488683,0.10958558080848639,-0.16968040446823376,-0.28138365535981685,0.07325805479895608,-0.6573639820833488,-0.30393913595760985,-0.6721641424657276
770919.279901257,PLAYBACK,3.876575496979058,0.006575496983714402,0.12831815060654606,-0.16821377889677258,-0.2809956511787579,0.07269443808651843,-0.648879377431907,-0.31091737239642825,-0.6427415884641796,0.10787291606959853,-0.16954817217881704,-0.2813829865228447,0.07326800622396633,-0.6582360888400035,-0.3039260916393668,-0.6748630093741975
770919.290674776,PLAYBACK,3.8863092940300703,0.0013092940207570791,0.12793453879606353,-0.16821377889677258,-0.2809956511787579,0.07269443808651843,-0.6492629892423896,-0.31091737239642825,-0.6454268711375608,0.10644529744039136,-0.1694377938444474,-0.2813824735377972,0.0732753375032814,-0.6589332544476649,-0.30391442569674326,-0.6769700901009423
770919.302316759,PLAYBACK,3.8978735679993406,0.0028735679807141423,0.12716731517509672,-0.16821377889677258,-0.2809956511787579,0.07269443808651843,-0.6500302128633564,-0.31091737239642825,-0.648112153810942,0.10468716826198328,-0.16930169817160431,-0.28138189387009144,0.07328325359328602,-0.6597604206587696,-0.3038992067682714,-0.6794028754110448
770919.313036505,PLAYBACK,3.909759529051371,0.0047595290234312415,0.12601647974364738,-0.16821377889677258,-0.2809956511787579,0.07231082627603591,-0.6507974364843214,-0.31053376058594573,-0.6511810482948039,0.10280780873096607,-0.16915598685868505,-0.2813813337573709,0.07329046180423299,-0.6606123945113971,-0.30388205891626474,-0.6818231010133483
770919.324051486,PLAYBACK,3.920162318041548,0.00516231800429523,0.12486564431219982,-0.16821377889677258,-0.2809956511787579,0.07231082627603591,-0.6515646601052882,-0.31091737239642825,-0.6538663309681851,0.10110100017744261,-0.16902336379139157,-0.2813808748989073,0.07329597515849952,-0.6613620972391547,-0.3038658391359911,-0.6838742102358174
770919.334046925,PLAYBACK,3.931588207022287,0.006588206975720823,0.12371480888075048,-0.16821377889677258,-0.2809956511787579,0.07231082627603591,-0.6523318837262533,-0.31053376058594573,-0.6569352254520489,0.09915785170050553,-0.16887188372258766,-0.281380406444013,0.07330115317996555,-0.6621925081850805,-0.3038467826172269,-0.6860544248159671
770919.344802279,PLAYBACK,3.940855629974976,0.0058556299190968275,0.12256397344930114,-0.16821377889677258,-0.2809956511787579,0.07231082627603591,-0.6530991073472201,-0.31053376058594573,-0.6584696726939807,0.09752797013719121,-0.16874425932243786,-0.2813800550542588,0.07330466571582638,-0.6628731737415143,-0.30383043026197987,-0.6877666502885216
770919.355765442,PLAYBACK,3.951682621962391,0.0016826220089569688,0.12102952620736929,-0.16821377889677258,-0.2809956511787579,0.07231082627603591,-0.6538663309681851,-0.31053376058594573,-0.6611549553673619,0.09556163647244233,-0.16858935520837073,-0.2813796783053714,0.07330798015202644,-0.6636783446007869,-0.30381039753691863,-0.6897031192354497
770919.366714918,PLAYBACK,3.962511386955157,0.0025113869924098253,0.11987869077592173,-0.16821377889677258,-0.2809956511787579,0.07231082627603591,-0.6542499427786677,-0.31053376058594573,-0.6646074616617081,0.09352707608969418,-0.16842766215440877,-0.2813793392016497,0.07331044165351729,-0.6644961538311746,-0.3037894784936455,-0.6915710368081176
770919.377435245,PLAYBACK,3.9734424370108172,0.003442437038756907,0.11796063172350557,-0.16821377889677258,-0.2809956511787579,0.07231082627603591,-0.6550171663996345,-0.31053376058594573,-0.666909132524605,0.09140379129422661,-0.16825693297012334,-0.28137903631018646,0.07331206747302513,-0.6653360096583493,-0.30376762145419856,-0.6933871879369443
770919.38921906,PLAYBACK,3.9872585349949077,0.007258535013534129,0.11565896086060867,-0.16821377889677258,-0.2809956511787579,0.07231082627603591,-0.6557843900205995,-0.3101501487754632,-0.6688271915770212,0.08861973346571479,-0.1680291236319661,-0.2813787114705053,0.07331291811673699,-0.6664202345397756,-0.30373922741203335,-0.6955846600975413
770919.39954444,PLAYBACK,3.9900015400489792,1.5400582924485207e-06,0.11565896086060867,-0.16821377889677258,-0.2809956511787579,0.07231082627603591,-0.6565516136415663,-0.3101501487754632,-0.6699780270084688,0.08805365207942738,-0.16798215297147479,-0.28137865477103086,0.07331293195293889,-0.6666386918656549,-0.303733522763806,-0.6960082074744419
770919.410524074,PLAYBACK,4.006050124997273,0.0010501249926164746,0.11297367818722748,-0.16821377889677258,-0.2809956511787579,0.07231082627603591,-0.6573188372625314,-0.3101501487754632,-0.6722796978713674,0.08465326086142758,-0.16769443329936692,-0.2813783749977098,0.0733120397227701,-0.6679392203098246,-0.3037000080568995,-0.6984051568568918
770919.42077418,PLAYBACK,4.016884200042114,0.0018842000281438231,0.11067200732433058,-0.16821377889677258,-0.2809956511787579,0.07231082627603591,-0.6580860608834982,-0.3101501487754632,-0.6741977569237818,0.08227271211235382,-0.16748637075242587,-0.2813782360455307,0.07331056293962078,-0.6688395921545718,-0.30367754949009307,-0.6999490551469268
770919.431907488,PLAYBACK,4.028474783990532,0.0034747839672490954,0.1087539482719162,-0.16821377889677258,-0.2809956511787579,0.07231082627603591,-0.6588532845044632,-0.3101501487754632,-0.6772666514076455,0.07965073359556023,-0.16724963847498056,-0.2813781311096122,0.07330829687519905,-0.6698234874629679,-0.3036540478425238,-0.7015405183194884
770919.443865016,PLAYBACK,4.0410035259556025,0.0060035259230062366,0.10530144197756819,-0.1685973907072551,-0.2809956511787579,0.07231082627603591,-0.65962050812543,-0.3101501487754632,-0.6795683222705424,0.07673034914466066,-0.1669751154444444,-0.28137806691979095,0.07330517449126094,-0.6709113197238037,-0.30362968524308337,-0.7031987095538341
770919.454304154,PLAYBACK,4.051437985966913,0.006437985925003886,0.10415060654612063,-0.16821377889677258,-0.2809956511787579,0.07269443808651843,-0.6607713435568776,-0.3101501487754632,-0.6822536049439236,0.07423154197578902,-0.16672981776843188,-0.28137805072189925,0.07330215726572371,-0.6718364088165794,-0.3036105768843739,-0.7045377413883354
770919.466299103,PLAYBACK,4.061864729970694,0.0018647299148142338,0.10223254749370447,-0.16821377889677258,-0.2809956511787579,0.07231082627603591,-0.6615385671778444,-0.3101501487754632,-0.684171663996338,0.0716767824489309,-0.1664678067139357,-0.2813780662860132,0.0732988838630156,-0.6727775194837118,-0.3035928778487923,-0.7058447887293395
770919.475551629,PLAYBACK,4.072012751013972,0.0020127510651946068,0.09954726482032505,-0.16821377889677258,-0.2809956511787579,0.07231082627603591,-0.6626894026092938,-0.3101501487754632,-0.6849388876173048,0.0691385956634722,-0.1661949731599163,-0.2813781095623674,0.07329557241887395,-0.6737084089048704,-0.30357727777236504,-0.7070940087494348
770919.487082769,PLAYBACK,4.083113195956685,0.003113195998594165,0.09762920576791068,-0.16821377889677258,-0.2809956511787579,0.07231082627603591,-0.6634566262302588,-0.3101501487754632,-0.6868569466697192,0.06630999854462015,-0.16587457923241553,-0.28137818535569176,0.0732919662857313,-0.6747416041826703,-0.3035623628657563,-0.7084430095250286
770919.497264815,PLAYBACK,4.0939641339937225,0.0039641340263187885,0.09571114671549452,-0.16821377889677258,-0.2806120393682754,0.07231082627603591,-0.6646074616617081,-0.3097665369649789,-0.6895422293430986,0.06350054723129171,-0.1655374612290496,-0.28137828414215255,0.07328863320151867,-0.6757640841946096,-0.30355023066688575,-0.7097530943820989
770919.509253863,PLAYBACK,4.104291587951593,0.004291587974876165,0.0930258640421151,-0.16821377889677258,-0.2809956511787579,0.07231082627603591,-0.6653746852826732,-0.3097665369649789,-0.6910766765850305,0.06079471551405668,-0.165193129684118,-0.28137839658061525,0.073285807607458,-0.6767460425008159,-0.30354112086498314,-0.7110008810054493
770919.519725424,PLAYBACK,4.1159130920423195,0.0009130920516327024,0.09072419317921643,-0.16821377889677258,-0.2806120393682754,0.07231082627603591,-0.6665255207141225,-0.3097665369649789,-0.6929947356374466,0.05772361820338663,-0.16477658671839054,-0.28137853906512034,0.07328323640071437,-0.6778582426280595,-0.3035338231653286,-0.7124171047553155
770919.529538603,PLAYBACK,4.1264979699626565,0.001497969962656498,0.08842252231631953,-0.16821377889677258,-0.2806120393682754,0.07231082627603591,-0.6672927443350893,-0.3093829251544964,-0.6937619592584117,0.05491189884037878,-0.1643689105839109,-0.2813786782818238,0.07328163677127746,-0.678875571699593,-0.30352987231394507,-0.7137287185753574
770919.541028013,PLAYBACK,4.136480262968689,0.0014802629593759775,0.08612085145342085,-0.16821377889677258,-0.2809956511787579,0.07231082627603591,-0.6684435797665369,-0.3097665369649789,-0.695680018310826,0.05225511461522143,-0.16395845128713224,-0.2813788132643898,0.07328092431549448,-0.6798374109693042,-0.3035283542025122,-0.714993957107715
770919.55122106,PLAYBACK,4.149105650023557,0.004105650004930794,0.08381918059052396,-0.16783016708629006,-0.2809956511787579,0.07231082627603591,-0.6695944151979862,-0.3093829251544964,-0.6983653009842072,0.04889792673061705,-0.16340146362936317,-0.28137898279745394,0.0732813214939755,-0.6810562835133308,-0.3035290801191142,-0.7166464435490312
770919.562045146,PLAYBACK,4.158054964034818,0.0030549640068784356,0.08151750972762706,-0.16783016708629006,-0.2806120393682754,0.07231082627603591,-0.6707452506294356,-0.30899931334401387,-0.6991325246051723,0.046526987214173275,-0.1629801579382645,-0.28137909833527597,0.07328258741053024,-0.6819216635342458,-0.30353096701904686,-0.7178605318626667
770919.573961345,PLAYBACK,4.170120458002202,0.00512045796494931,0.07883222705424586,-0.16783016708629006,-0.2806120393682754,0.07231082627603591,-0.6718960860608831,-0.30899931334401387,-0.701434195468071,0.043352179250960694,-0.16237664989134926,-0.2813792431855735,0.0732857020001143,-0.6830904710181489,-0.30353449361066304,-0.7195616700206247
770919.584493872,PLAYBACK,4.179902508039959,0.004902507993392646,0.07653055619134719,-0.16783016708629006,-0.2809956511787579,0.07231082627603591,-0.67266330968185,-0.30861570153353135,-0.702201419089036,0.04080505263785872,-0.16185742757008845,-0.2813793482759877,0.07328946910819455,-0.6840405157803319,-0.3035373526465319,-0.7209991058844059
770919.594472528,PLAYBACK,4.190092789940536,9.278999641537666e-05,0.07422888532845029,-0.16783016708629006,-0.2806120393682754,0.07231082627603591,-0.6738141451132993,-0.30861570153353135,-0.7037358663309679,0.03818577610311971,-0.16128854947969162,-0.28137944360459566,0.0732945938264888,-0.6850338177819643,-0.30353932562087405,-0.7225537119260316
770919.606013798,PLAYBACK,4.203697051969357,0.0036970520159229636,0.07039276722362153,-0.16783016708629006,-0.2809956511787579,0.07231082627603591,-0.6749649805447469,-0.30861570153353135,-0.7060375371938665,0.034756400851878984,-0.16048619032772152,-0.28137954587331243,0.07330330542755051,-0.6863692263114798,-0.3035383921920227,-0.7247192575617881
770919.616498013,PLAYBACK,4.213078374043107,0.0030783740803599358,0.0692419317921722,-0.16744655527580576,-0.2809956511787579,0.07231082627603591,-0.6761158159761962,-0.30861570153353135,-0.7075719844357984,0.032443538996746436,-0.15990565120183542,-0.2813795989995698,0.0733104958112729,-0.68729964455331,-0.30353394252444815,-0.726270434569288
770919.627035901,PLAYBACK,4.223116012988612,0.003116013016551733,0.066556649118791,-0.16744655527580576,-0.2806120393682754,0.07231082627603591,-0.676883039597163,-0.30861570153353135,-0.7083392080567634,0.030020491598252673,-0.15926114033301306,-0.28137964017098926,0.07331917592252819,-0.6883075935179918,-0.3035243730382745,-0.7279795537746174
770919.638239604,PLAYBACK,4.233859415049665,0.0038594150682911277,0.0638713664454098,-0.16744655527580576,-0.2809956511787579,0.07231082627603591,-0.6780338750286106,-0.30861570153353135,-0.7106408789196621,0.02748925185863204,-0.15854585136986007,-0.28137966698233596,0.07332948971714609,-0.6894053649599523,-0.3035071382672733,-0.7298619326019604
770919.649275415,PLAYBACK,4.2457027829950675,0.005702783004380763,0.06156969558251291,-0.16744655527580576,-0.2809956511787579,0.07231082627603591,-0.6791847104600599,-0.30823208972304705,-0.712175326161594,0.02477555121631558,-0.15772841627686549,-0.28137967738039793,0.07334192973122489,-0.6906448980102073,-0.3034778017336085,-0.7319957303445944
770919.660425396,PLAYBACK,4.258907370036468,0.003907370031811297,0.05773357747768415,-0.16706294346532324,-0.2809956511787579,0.07231082627603591,-0.6807191577019918,-0.30784847791256453,-0.7137097734035258,0.02184606828476069,-0.1567833956070052,-0.28137966802170533,0.07335689289949886,-0.6920725422669068,-0.30342964126745253,-0.7344402737361344
770919.670194962,PLAYBACK,4.266834515961818,0.0018345159478485584,0.05658274204623481,-0.16706294346532324,-0.2809956511787579,0.07269443808651843,-0.6818699931334411,-0.30784847791256453,-0.7144769970244909,0.020136253751525196,-0.1562000391745516,-0.28137965328823783,0.07336631635667656,-0.6929570013827356,-0.30339166627313546,-0.7359375265682283
770919.680543647,PLAYBACK,4.277546055964194,0.002546055940911174,0.05428107118333614,-0.16667933165484072,-0.2809956511787579,0.07269443808651843,-0.6826372167544061,-0.30784847791256453,-0.7160114442664227,0.017884056966250807,-0.15539389672469867,-0.28137962441127895,0.07337943995616869,-0.6941894029371651,-0.3033281590149132,-0.7379919684291293
770919.692554927,PLAYBACK,4.2883725869469345,0.0033725869143381715,0.05159578850995672,-0.16667933165484072,-0.2809956511787579,0.07231082627603591,-0.6837880521858555,-0.30784847791256453,-0.7183131151293196,0.01567552236799637,-0.1545596299582426,-0.28137958690806114,0.07339301154993481,-0.6954830687315492,-0.303248278522634,-0.7401004540227863
770919.702601734,PLAYBACK,4.299141737981699,0.004141737939789891,0.049294117647058044,-0.1659121080338739,-0.2809956511787579,0.07231082627603591,-0.6849388876173048,-0.307464866102082,-0.7190803387502864,0.013546214877259079,-0.15371202711527177,-0.2813795437157189,0.07340665443788835,-0.6968220229929586,-0.30315166682524064,-0.7422247264000189
770919.714183151,PLAYBACK,4.311219946015626,0.0062199459644034505,0.04622522316319433,-0.1659121080338739,-0.2806120393682754,0.07231082627603591,-0.6860897230487524,-0.307464866102082,-0.7217656214236676,0.011238055200043888,-0.15274253002487453,-0.28137949123910116,0.07342192643355361,-0.6983897369026597,-0.3030212393091543,-0.7446333207261225
770919.725459693,PLAYBACK,4.321518094046041,0.006518094101920724,0.04353994048981491,-0.16552849622339139,-0.2806120393682754,0.07231082627603591,-0.6872405584802017,-0.307464866102082,-0.7240672922865645,0.009336773705944419,-0.1519020957864932,-0.28137944546302185,0.0734347644094012,-0.6997838608005748,-0.30289033689611994,-0.7467042508178385
770919.736958452,PLAYBACK,4.332905850023963,0.002905850065872073,0.041238269626916235,-0.16476127260242635,-0.2806120393682754,0.07231082627603591,-0.688391393911651,-0.3070812542915995,-0.7256017395284964,0.007305766352958323,-0.1509601519914629,-0.2813793961056643,0.07344859969631905,-0.7013883140190171,-0.3027232857094981,-0.7490085273244079
770919.746676309,PLAYBACK,4.3428951370297,0.0028951370622962713,0.038552986953536816,-0.16437766079194205,-0.2809956511787579,0.07231082627603591,-0.6895422293430986,-0.307464866102082,-0.7267525749599457,0.005585938493556762,-0.15012487982679426,-0.2813793556202688,0.07346029982706283,-0.7028499220366253,-0.30255667978496426,-0.7510392347470172
770919.758592948,PLAYBACK,4.354777180007659,0.004777180030941963,0.03625131609063814,-0.16399404898145953,-0.2809956511787579,0.07231082627603591,-0.690693064774548,-0.3070812542915995,-0.7294378576333251,0.003615409059516994,-0.14912286043202125,-0.2813793127490222,0.07347354331913297,-0.7046526788544651,-0.302333328993791,-0.7534634167045964
770919.769122129,PLAYBACK,4.366443278035149,0.006443278049118817,0.03433325703822376,-0.1632268253604945,-0.2809956511787579,0.07231082627603591,-0.6914602883955148,-0.3070812542915995,-0.7321231403067063,0.001760173643614495,-0.14813277971813066,-0.28137927779441513,0.07348570233475153,-0.706486867329359,-0.30208692781691865,-0.7558510213201035
770919.780793328,PLAYBACK,4.376757747959346,0.006757747964002192,0.032031586175326865,-0.16245960173952767,-0.2809956511787579,0.07231082627603591,-0.6926111238269623,-0.3070812542915995,-0.7340411993591207,0.00018550879819483344,-0.1472545012693954,-0.28137925366126715,0.07349566566032989,-0.7081569167354195,-0.30184655955547723,-0.757967846300392
770919.791102297,PLAYBACK,4.38771112204995,0.0027111220406368375,0.02934630350194567,-0.16207598992904515,-0.2809956511787579,0.07231082627603591,-0.6937619592584117,-0.3066976424811152,-0.7363428702220194,-0.0014192200015919092,-0.14632110810996057,-0.28137923541308196,0.07350536861060895,-0.7099738996161115,-0.3015683183504107,-0.7602226541505854
770919.802480534,PLAYBACK,4.398194205015898,0.0031942049972712994,0.027044632639046995,-0.16130876630807833,-0.2809956511787579,0.07231082627603591,-0.694912794689861,-0.3066976424811152,-0.7371100938429844,-0.0028899088371484635,-0.1454292215970519,-0.28137922505527246,0.07351376411614269,-0.7117476849954107,-0.30128025032194694,-0.7623890200928541
770919.811972388,PLAYBACK,4.4088921890361235,0.0038921890081837773,0.024359349965667576,-0.1605415426871133,-0.2809956511787579,0.07231082627603591,-0.6964472419317929,-0.3063140306706327,-0.7394117647058831,-0.004325021087957869,-0.14452265740940115,-0.28137922129174747,0.07352140662823148,-0.7135845182648874,-0.30096496160139863,-0.7646107056145705
770919.823179938,PLAYBACK,4.420653640991077,0.005653640953823924,0.022441290913253198,-0.16015793087663077,-0.2809956511787579,0.07192721446555339,-0.6979816891737247,-0.30593041886015016,-0.7424806591897468,-0.005826148286857719,-0.143532777129919,-0.2813792243134141,0.07352871895922138,-0.7156238616326465,-0.3005945046029396,-0.7670693491635561
770919.833459491,PLAYBACK,4.429953958024271,0.004953957977704704,0.020523231860837043,-0.15939070725566395,-0.2809956511787579,0.07231082627603591,-0.6995161364156566,-0.30593041886015016,-0.7436314946211944,-0.006956325002543086,-0.14275695851249193,-0.2813792312704645,0.07353369760218743,-0.7172426182537573,-0.30028479434862176,-0.769027901832355
770919.845023565,PLAYBACK,4.441336433053948,0.006336432998068631,0.018605172808422665,-0.15862348363469891,-0.2809956511787579,0.07231082627603591,-0.7006669718471041,-0.30554680704966763,-0.7470840009155406,-0.008271281615415484,-0.1418181068007944,-0.2813792441954442,0.07353884534252494,-0.7192200841354398,-0.29988687329933644,-0.7714449532267086
770919.855389633,PLAYBACK,4.45222731702961,0.002227317076176405,0.016687113756008287,-0.15747264820324958,-0.2809956511787579,0.07231082627603591,-0.702201419089036,-0.30516319523918334,-0.7493856717784393,-0.0094593118203852,-0.14093312391376422,-0.28137925991724777,0.07354282992440987,-0.7210969836243167,-0.29948814295008075,-0.7737804397948964
770919.867165703,PLAYBACK,4.463064729003236,0.0030647290404886007,0.014769054703593909,-0.15708903639276706,-0.2809956511787579,0.07231082627603591,-0.7037358663309679,-0.3047795834287008,-0.7505365072098886,-0.010573844190196047,-0.14006772498569853,-0.2813792775629507,0.07354592725826375,-0.7229385578025873,-0.2990754927378155,-0.7761282245798637
770919.87722818,PLAYBACK,4.474147781031206,0.004147781059145927,0.012850995651179531,-0.15593820096131772,-0.2809956511787579,0.07231082627603591,-0.7052703135728997,-0.3043959716182183,-0.753221789883268,-0.011644653160360119,-0.1392005855894374,-0.2813792964037697,0.07354825673780249,-0.7247839672414788,-0.2986387725194766,-0.7785548075025808
770919.887886518,PLAYBACK,4.484759739949368,0.004759739967994392,0.010932936598763376,-0.15517097734035268,-0.2809956511787579,0.07231082627603591,-0.7068047608148316,-0.3043959716182183,-0.7555234607461667,-0.012605851116780014,-0.13838892980839265,-0.2813793140708631,0.07354975418164224,-0.7265058358764199,-0.29820816196496236,-0.780903212038487
770919.899582054,PLAYBACK,4.495438026962802,0.00543802697211504,0.009014877546348998,-0.15440375371938586,-0.2809956511787579,0.07192721446555339,-0.7083392080567634,-0.3036287479972515,-0.7574415197985811,-0.013511585826986656,-0.13759179718221198,-0.2813793304786192,0.07355060191083605,-0.7281864122227455,-0.2977638492184742,-0.78329172069104
770919.911062337,PLAYBACK,4.507330009015277,0.002330009010620415,0.0074804303044171405,-0.15325291828793652,-0.2809956511787579,0.07231082627603591,-0.7102572671091778,-0.30286152437628644,-0.7593595788509955,-0.014450570116531279,-0.13672801593913814,-0.28137934608496745,0.0735508484008152,-0.7299895648215053,-0.29725725420899934,-0.7859831142192858
770919.922648112,PLAYBACK,4.519031155039556,0.004031155025586486,0.005945983062485283,-0.15210208285648896,-0.2809956511787579,0.07231082627603591,-0.7117917143511097,-0.30286152437628644,-0.7620448615243767,-0.015306415213814725,-0.13590294678496995,-0.28137935777296175,0.07355045762561245,-0.7316881953320867,-0.29674753289319156,-0.7886657770268457
770919.933756212,PLAYBACK,4.530932995956391,0.005932995933108032,0.004411535820553425,-0.15133485923552215,-0.2809956511787579,0.07231082627603591,-0.7137097734035258,-0.3024779125658039,-0.763962920576791,-0.016111808227207005,-0.13508868354875972,-0.28137936515449646,0.07354950000332032,-0.7333355951748329,-0.29621806487733043,-0.7914324229237616
770919.94431469,PLAYBACK,4.540495014050975,0.005495014018379152,0.003260700389105864,-0.1501840238040728,-0.2809956511787579,0.07231082627603591,-0.7156278324559402,-0.3020943007553214,-0.7651137560082404,-0.016714133474923534,-0.13445228061497994,-0.28137936738820907,0.07354837491976958,-0.734599049407741,-0.2957846971168987,-0.7936850735148304
770919.954684846,PLAYBACK,4.551179802976549,0.001179802929982543,0.0021098649576565265,-0.14864957656214273,-0.2809956511787579,0.07231082627603591,-0.717162279697872,-0.3017106889448371,-0.7674154268711373,-0.017342823258316736,-0.13375935032139655,-0.28137936568956456,0.07354679317349967,-0.7359467753323992,-0.29529188869511896,-0.7962358270567832
770919.965385485,PLAYBACK,4.561431422014721,0.0014314219588413835,0.0009590295262071891,-0.1478823529411759,-0.2809956511787579,0.07269443808651843,-0.7190803387502864,-0.3013270771343546,-0.769717097734036,-0.017904444011815495,-0.13311208638274724,-0.28137935971588257,0.07354499732927865,-0.7371759038806429,-0.2948103466488946,-0.7987180202515044
770919.976196696,PLAYBACK,4.572332656010985,0.002332656062208116,-0.00019180590524214836,-0.14673151750972657,-0.2809956511787579,0.07269443808651843,-0.7206147859922183,-0.30094346532387206,-0.7720187685969329,-0.018459451770713967,-0.13244226057096692,-0.2813793485976912,0.07354283440268683,-0.738413970503641,-0.29428863593723326,-0.8013958747850176
770919.98618443,PLAYBACK,4.584043439943343,0.004043439985252917,-0.0013426413366897094,-0.145580682078279,-0.2809956511787579,0.07231082627603591,-0.7225328450446327,-0.30017624170290524,-0.7754712748912791,-0.019009830844843024,-0.13174357184949653,-0.2813793311961495,0.07354027045451807,-0.7396646685616134,-0.2937167633967743,-0.8043165035610161
770919.997322337,PLAYBACK,4.593835829989985,0.0038358300225809216,-0.0021098649576565265,-0.14442984664682967,-0.2809956511787579,0.07269443808651843,-0.724450904097047,-0.2997926298924227,-0.7777729457541778,-0.01943543686413228,-0.13117586261087802,-0.2813793124224133,0.07353797261545432,-0.7406474199579124,-0.2932292877183272,-0.8067923577603925
770920.008318894,PLAYBACK,4.604554192977957,0.004554193001240492,-0.003260700389105864,-0.14289539940489782,-0.2809956511787579,0.07269443808651843,-0.7256017395284964,-0.2994090180819402,-0.7804582284275572,-0.019866893325223862,-0.1305717997660771,-0.281379287699397,0.07353533336561148,-0.7416574287858471,-0.2926858949906473,-0.8095349244700536
770920.01864754,PLAYBACK,4.614963394938968,0.004963394952937961,-0.004027924010070905,-0.14174456397344848,-0.2809956511787579,0.07269443808651843,-0.7275197985809108,-0.29825818265049087,-0.7816090638590065,-0.02025307135430843,-0.13000267863033138,-0.281379259847666,0.07353267918020168,-0.7425730355327799,-0.292148307533964,-0.8122274182745053
770920.030319771,PLAYBACK,4.625454162014648,0.005454162019304931,-0.004411535820553425,-0.14059372854199914,-0.2809956511787579,0.07231082627603591,-0.7286706340123601,-0.29787457084000835,-0.7842943465323877,-0.020611112518465015,-0.12944679011795032,-0.28137922839028917,0.07352994498298651,-0.7434315627385478,-0.29159667347023627,-0.8149654401546225
770920.04136969,PLAYBACK,4.63802564505022,0.0030256450409069657,-0.005178759441520242,-0.13905928130006906,-0.2809956511787579,0.07231082627603591,-0.7305886930647745,-0.29710734721904153,-0.7881304646372165,-0.021001192039951922,-0.1288042994103506,-0.28137918696445474,0.07352663055509955,-0.7443772762762404,-0.2909226222258723,-0.8182717976508669
770920.052635332,PLAYBACK,4.64915030694101,0.0041503069223836064,-0.005945983062485283,-0.13790844586861972,-0.2809956511787579,0.07231082627603591,-0.7321231403067063,-0.29595651178759397,-0.7911993591210802,-0.02131308751130971,-0.12825733051671315,-0.28137914769210715,0.07352369645773682,-0.7451410658591338,-0.29031421405041924,-0.8212141625933654
770920.063343245,PLAYBACK,4.660487095010467,0.005487094982527196,-0.0067132066834521,-0.13637399862668786,-0.2809956511787579,0.07231082627603591,-0.7332739757381557,-0.29518928816662715,-0.7938846417944614,-0.02160097356304648,-0.1277206122024687,-0.2813791059511257,0.07352073385625561,-0.7458519463349452,-0.28968237932350704,-0.8242229396198412
770920.074184764,PLAYBACK,4.670388813945465,0.005388813908211887,-0.0074804303044171405,-0.13522316319523853,-0.2809956511787579,0.07231082627603591,-0.734424811169605,-0.29480567635614463,-0.7954190890363932,-0.021829389503684966,-0.127268594343171,-0.28137906868913914,0.07351818726870585,-0.7464199122376614,-0.2891203332527098,-0.8268559355701669
770920.085792482,PLAYBACK,4.681875920039602,0.006875919993035495,-0.008247653925383958,-0.1344559395742735,-0.2809956511787579,0.07231082627603591,-0.73519203479057,-0.2940384527351778,-0.799255207141222,-0.022069483291620392,-0.12676321486263223,-0.28137902522840086,0.07351529883673893,-0.7470205855353117,-0.28845563798902063,-0.8299135549893548
770920.097136243,PLAYBACK,4.693880097009242,0.0038800970651209354,-0.009014877546348998,-0.13330510414282415,-0.2809956511787579,0.07192721446555339,-0.7363428702220194,-0.29288761730373025,-0.8019404898146032,-0.02229408768911254,-0.1262560851846731,-0.2813789803379586,0.07351237343130848,-0.7475858348335442,-0.2877453418586548,-0.833110163858512
770920.108375835,PLAYBACK,4.704557321965694,0.004557322012260556,-0.009398489356831519,-0.1321542687113748,-0.2809956511787579,0.07231082627603591,-0.7371100938429844,-0.2917367818722809,-0.8042421606775001,-0.022473169124983726,-0.12582226023891724,-0.2813789415267522,0.07350986413445769,-0.7480387756669274,-0.2870988899846631,-0.8359535292030854
770920.119043862,PLAYBACK,4.7152629509801045,0.005262951017357409,-0.010165712977798336,-0.13138704509040977,-0.2809956511787579,0.07231082627603591,-0.7382609292744338,-0.2909695582513159,-0.8065438315403988,-0.022634781308166096,-0.12540285105642224,-0.2813789042534855,0.07350744596256785,-0.7484492281933206,-0.2864355979621881,-0.8388041148890413
770920.129698894,PLAYBACK,4.7256527750287205,0.005652775056660175,-0.010549324788280856,-0.13061982146944295,-0.2813792629892422,0.07192721446555339,-0.7390281528953988,-0.2890514991988997,-0.8080782787823306,-0.02277579610292691,-0.12501008411543446,-0.2813788701619866,0.07350520095943264,-0.7488086852358063,-0.28577616607459155,-0.8415701427072733
770920.139919514,PLAYBACK,4.7372676560189575,0.0022676560329273343,-0.011316548409247673,-0.13023620965896043,-0.2809956511787579,0.07231082627603591,-0.7397953765163656,-0.28790066376745216,-0.8119143968871594,-0.022916462324167483,-0.12458693954606755,-0.28137883506897593,0.07350281900851488,-0.7491685120105719,-0.28501910973199324,-0.8446617599960172
770920.151811616,PLAYBACK,4.749557018978521,0.004557018983177841,-0.011700160219730193,-0.1294689860379954,-0.2809956511787579,0.07192721446555339,-0.740946211947815,-0.2867498283360028,-0.8145996795605406,-0.023047412559520985,-0.12415676824266512,-0.2813788020927687,0.07350045578172391,-0.7495047078208327,-0.284193288858677,-0.847932358372399
770920.162307033,PLAYBACK,4.758284889045171,0.0032848890405148268,-0.012467383840695234,-0.1294689860379954,-0.2809956511787579,0.07192721446555339,-0.74171343556878,-0.2863662165255203,-0.81728496223392,-0.023130130358087284,-0.12386180935990831,-0.28137878166159486,0.07349888132445638,-0.7497177733541213,-0.28359009315198097,-0.8502548508338977
770920.173953644,PLAYBACK,4.770149728981778,0.005149728967808187,-0.012850995651179531,-0.1294689860379954,-0.2809956511787579,0.07192721446555339,-0.7424806591897468,-0.28521538109407096,-0.8203538567177837,-0.02322996957820258,-0.12347440150691714,-0.28137875837957727,0.07349688705662265,-0.7499758445109417,-0.2827461543612521,-0.8534118182664697
770920.185517257,PLAYBACK,4.781284159049392,0.006284159026108682,-0.013618219272144572,-0.1290853742275111,-0.2809956511787579,0.07192721446555339,-0.7432478828107119,-0.28444815747310415,-0.8234227512016474,-0.023311458506878026,-0.1231246313138609,-0.2813787417410881,0.07349517643648597,-0.75018747482242,-0.28192727879528484,-0.8563742441284387
770920.19718552,PLAYBACK,4.793413094943389,0.0034130949061363935,-0.014001831082627092,-0.1290853742275111,-0.2809956511787579,0.07192721446555339,-0.7436314946211944,-0.2836809338521391,-0.8264916456855111,-0.023387919995999405,-0.12275835694812344,-0.281378729949744,0.07349349990237701,-0.750387284910525,-0.2810033365810667,-0.859601159185262
770920.207850802,PLAYBACK,4.805097969947383,0.005097969900816679,-0.014385442893111389,-0.1290853742275111,-0.2809956511787579,0.07192721446555339,-0.7443987182421612,-0.28291371023117406,-0.8299441519798574,-0.023450480779903055,-0.12241964423000583,-0.2813787253961776,0.073492078751957,-0.7505522270456167,-0.28007935644318105,-0.862709922915182
770920.21881175,PLAYBACK,4.81410334201064,0.004103341954760253,-0.01515266651407643,-0.1290853742275111,-0.2809956511787579,0.07192721446555339,-0.7447823300526437,-0.28214648661020725,-0.8310949874113067,-0.023491869081318957,-0.12216787563754301,-0.2813787267832384,0.07349111973785781,-0.7506625516640398,-0.2793430025064309,-0.8651058577382891
770920.229321554,PLAYBACK,4.826421629986726,0.006421630037948489,-0.01515266651407643,-0.1290853742275111,-0.2809956511787579,0.07192721446555339,-0.7451659418631262,-0.2809956511787579,-0.8356983291371023,-0.02353966552803929,-0.12183631959118625,-0.2813787360426134,0.07349000943797317,-0.7507920464139238,-0.27829919008186577,-0.8683833697202384
770920.240385118,PLAYBACK,4.835485944990069,0.00048594502732157707,-0.01591989013504147,-0.1290853742275111,-0.2809956511787579,0.07231082627603591,-0.745933165484093,-0.28022842755779287,-0.8372327763790341,-0.023568846799153272,-0.1216016843947011,-0.28137874858453976,0.07348934788901867,-0.7508730196604476,-0.27750242189742186,-0.8707952676953629
770920.25146791,PLAYBACK,4.846657356014475,0.0016573560424149036,-0.016303501945525767,-0.1290853742275111,-0.2809956511787579,0.07231082627603591,-0.7463167772945756,-0.27946120393682605,-0.8418361181048297,-0.02359843956690963,-0.12132326735982193,-0.28137877107044995,0.07348872282170431,-0.7509579322056278,-0.27648472158504095,-0.8737680923801299
770920.269476189,PLAYBACK,4.864640817977488,0.009640817996114492,-0.017070725566490808,-0.1290853742275111,-0.2809956511787579,0.07192721446555339,-0.7467003891050581,-0.2779267566948942,-0.8464394598306253,-0.02363287822133994,-0.12089979843417202,-0.28137882441818846,0.07348818417576979,-0.7510649113227679,-0.2747570291406504,-0.8785544067502549
770920.280178582,PLAYBACK,4.875075106974691,7.510697469115257e-05,-0.017070725566490808,-0.12870176241702858,-0.2813792629892422,0.07231082627603591,-0.7467003891050581,-0.27715953307392915,-0.8475902952620729,-0.023646276932676805,-0.12066799763818128,-0.28137886549907754,0.07348815271035647,-0.751112942351836,-0.2736998949791908,-0.8813319677989137
770920.292349448,PLAYBACK,4.885078329942189,7.832993287593126e-05,-0.017070725566490808,-0.12870176241702858,-0.2809956511787579,0.07231082627603591,-0.7470840009155406,-0.27639230945296234,-0.850275577935454,-0.023655147646621907,-0.12045534951808388,-0.2813789120910111,0.07348832838470891,-0.7511511293602734,-0.27264577801358786,-0.8839950840837528
770920.296596204,PLAYBACK,4.8950617460068315,6.174598820507526e-05,-0.017454337376973328,-0.12870176241702858,-0.2809956511787579,0.07231082627603591,-0.7474676127260249,-0.2756250858319973,-0.8529608606088352,-0.023660541602329624,-0.12025249594207309,-0.2813789657394875,0.07348871466642852,-0.751182959754246,-0.2715516735275034,-0.8866531244745539
770920.308833386,PLAYBACK,4.904138855054043,0.004138855030760169,-0.017837949187457625,-0.12870176241702858,-0.2809956511787579,0.07231082627603591,-0.7478512245365074,-0.2752414740215148,-0.8544953078507671,-0.023662784903869468,-0.12007623204071964,-0.28137902075634164,0.0734892576252816,-0.7512075962268774,-0.2705183700235234,-0.8890698454291907
770920.319187532,PLAYBACK,4.917415017960593,0.007415017927996814,-0.017837949187457625,-0.12870176241702858,-0.2813792629892422,0.07231082627603591,-0.74823483634699,-0.27447425040054796,-0.8587150377660784,-0.023662130693805884,-0.11983259243391946,-0.28137911185673165,0.07349039840254838,-0.7512384040071428,-0.2689370643744303,-0.8926037748475829
770920.331345974,PLAYBACK,4.926358893048018,0.006358893006108701,-0.017837949187457625,-0.12870176241702858,-0.2809956511787579,0.07231082627603591,-0.74823483634699,-0.2737070267795829,-0.8602494850080102,-0.023659452789844968,-0.11967806884544376,-0.2813791801883673,0.07349141098448814,-0.7512570398917409,-0.26782242044421173,-0.8949831901134664
770920.341750957,PLAYBACK,4.938294767984189,0.0032947679283097386,-0.018221560997940145,-0.12831815060654606,-0.2809956511787579,0.07231082627603591,-0.7486184481574725,-0.2729398031586161,-0.8648528267338058,-0.023653604760651894,-0.11948412245644985,-0.28137927966991444,0.07349308491319295,-0.7512811024571402,-0.26626986244442125,-0.8981552065241959
770920.351929567,PLAYBACK,4.948517001001164,0.0035170010523870587,-0.018221560997940145,-0.12831815060654606,-0.2813792629892422,0.07231082627603591,-0.7490020599679568,-0.27217257953765106,-0.8667708857862202,-0.023646955688573397,-0.11932937831124214,-0.2813793718152966,0.07349482515022061,-0.7513024520618254,-0.2648788452694081,-0.9008667102623209
770920.364257564,PLAYBACK,4.958442045026459,0.0034420450683683157,-0.018221560997940145,-0.12831815060654606,-0.2809956511787579,0.07231082627603591,-0.7490020599679568,-0.27140535591668424,-0.8694561684596014,-0.023639426559579776,-0.11918935103455805,-0.281379466656757,0.07349679707477985,-0.7513251147113547,-0.26347242543183164,-0.9034925616913067
770920.373888344,PLAYBACK,4.9709339659893885,0.0009339660173282027,-0.018221560997940145,-0.12793453879606353,-0.2813792629892422,0.07231082627603591,-0.7493856717784393,-0.2706381322957192,-0.8736758983749144,-0.023628957608845102,-0.11902766532789393,-0.2813795921180449,0.07349968919605163,-0.7513580456645345,-0.2616223231063074,-0.9067841462683293
770920.378801967,PLAYBACK,4.975058216950856,5.821697413921356e-05,-0.018221560997940145,-0.12793453879606353,-0.2809956511787579,0.07231082627603591,-0.7493856717784393,-0.2702545204852367,-0.8736758983749144,-0.023625355477695464,-0.11897788601857417,-0.28137963468759514,0.07350074705980075,-0.7513703116953446,-0.2609916952285875,-0.9078667967766747
770920.388837342,PLAYBACK,4.985144770005718,0.005144770024344325,-0.018605172808422665,-0.12755092698557924,-0.2809956511787579,0.07231082627603591,-0.7497692835889218,-0.2698709086747524,-0.8767447928587782,-0.023616434207001588,-0.11886372968157544,-0.28137974036732777,0.07350355450060654,-0.7514038347884419,-0.25940761680887686,-0.9105044077234465
770920.399763554,PLAYBACK,4.996015524957329,0.0060155249666422606,-0.018221560997940145,-0.12755092698557924,-0.2809956511787579,0.07231082627603591,-0.7501528953994043,-0.2687200732433048,-0.8798136873426419,-0.023606910227400465,-0.11875278177861485,-0.28137985535977555,0.07350693620911437,-0.7514463837284853,-0.2576337058759091,-0.9133285973501234
770920.411454701,PLAYBACK,5.007389534963295,0.002389534958638251,-0.018221560997940145,-0.12716731517509672,-0.2809956511787579,0.07231082627603591,-0.7501528953994043,-0.26833646143282053,-0.8836498054474706,-0.02359739846004079,-0.1186500663405601,-0.2813799747108304,0.07351087667060385,-0.7514990656496784,-0.25570343181018507,-0.9162601882084308
770920.425114619,PLAYBACK,5.0188822619384155,0.003882261924445629,-0.018605172808422665,-0.12716731517509672,-0.2809956511787579,0.07231082627603591,-0.7501528953994043,-0.26718562600137297,-0.8867186999313343,-0.023588593928789568,-0.11855999489182781,-0.281380091744133,0.07351528140575707,-0.7515617103981059,-0.25367586693387334,-0.9191958341262059
770920.433205058,PLAYBACK,5.030544694047421,0.0005446940194815397,-0.018605172808422665,-0.1267837033646142,-0.2809956511787579,0.07231082627603591,-0.7505365072098886,-0.26603479056992363,-0.8901712062256806,-0.023580787701803396,-0.118482388775572,-0.2813802039926292,0.07352018958355895,-0.7516357253807973,-0.2515391703196598,-0.9221460354601673
770920.438363641,PLAYBACK,5.035070242942311,7.024290971457958e-05,-0.018221560997940145,-0.12640009155413168,-0.2809956511787579,0.07231082627603591,-0.7509201190203711,-0.2656511787594411,-0.8901712062256806,-0.02357811937653747,-0.11845593065269916,-0.2813802451432656,0.07352221352156606,-0.7516674087127942,-0.2506885803669093,-0.923282873819831
770920.448376182,PLAYBACK,5.04627679195255,0.006276791915297508,-0.018605172808422665,-0.12601647974364738,-0.2809956511787579,0.07231082627603591,-0.7509201190203711,-0.26450034332799177,-0.8936237125200268,-0.023572485597077492,-0.11839896255476515,-0.2813803397040795,0.07352751270934624,-0.7517532072400573,-0.24853072555238748,-0.9260788202207851
770920.460122164,PLAYBACK,5.0500672130146995,6.721296813338995e-05,-0.018605172808422665,-0.12601647974364738,-0.2809956511787579,0.07231082627603591,-0.7509201190203711,-0.26411673151750925,-0.8936237125200268,-0.023570913642736346,-0.11838238572918287,-0.2813803689649193,0.07352939759079855,-0.751784626196092,-0.24778426729995104,-0.927018378705686
770920.469287773,PLAYBACK,5.068790612043813,0.0037906120996922255,-0.018605172808422665,-0.12524925612268234,-0.2809956511787579,0.07231082627603591,-0.7509201190203711,-0.2618150606546106,-0.8986106660563049,-0.023565802300171728,-0.11831952213274725,-0.2813804888179752,0.07353939037176803,-0.7519577652659708,-0.24397418558149678,-0.9316158592516265
770920.479941974,PLAYBACK,5.0765738929621875,0.0015738930087536573,-0.018605172808422665,-0.12524925612268234,-0.2809956511787579,0.07231082627603591,-0.7509201190203711,-0.26104783703364554,-0.9012959487296861,-0.023565022223594818,-0.11830224000258725,-0.2813805246486172,0.07354387525421054,-0.7520384644531418,-0.24233035379451892,-0.9335068593878202
770920.490772301,PLAYBACK,5.085790129029192,0.0007901290664449334,-0.018988784618905186,-0.12486564431219982,-0.2813792629892422,0.07231082627603591,-0.7509201190203711,-0.2602806134126787,-0.9024467841611354,-0.02356513361870223,-0.11828805192502342,-0.2813805548310114,0.07354943345534,-0.752140499442866,-0.24033844939740467,-0.9357320520698569
770920.495860569,PLAYBACK,5.095062421984039,6.242201197892427e-05,-0.018605172808422665,-0.12448203250171552,-0.2813792629892422,0.07231082627603591,-0.7513037308308537,-0.25912977798123116,-0.9055156786449992,-0.02356636561320364,-0.11828025899127503,-0.28138057061204813,0.07355529242871099,-0.7522500377937553,-0.238284840189939,-0.9379568244115489
770920.505886877,PLAYBACK,5.102091828011908,0.0020918280351907015,-0.018988784618905186,-0.124098420691233,-0.2813792629892422,0.07231082627603591,-0.7513037308308537,-0.25836255436026434,-0.907050125886931,-0.023568029098149885,-0.11827842174562042,-0.28138057213092327,0.07355990944798185,-0.7523375058518749,-0.23669494604166608,-0.9396350342838061
770920.515741856,PLAYBACK,5.112984895939007,0.00298489595297724,-0.018988784618905186,-0.124098420691233,-0.2813792629892422,0.07192721446555339,-0.7516873426413362,-0.257211718928815,-0.9108862439917598,-0.023571794519836393,-0.11828201398656904,-0.28138055561088116,0.07356735557615265,-0.752480191959267,-0.23417525190469562,-0.942223018649593
770920.528419002,PLAYBACK,5.124422246939503,0.004422246944159269,-0.019372396429389482,-0.12333119707026796,-0.2813792629892422,0.07231082627603591,-0.7516873426413362,-0.25567727168688315,-0.913571526665141,-0.023577194221204183,-0.11829347982688776,-0.28138051240027684,0.07357554157774697,-0.7526386551837453,-0.23145750331247983,-0.9449258892903337
770920.539314325,PLAYBACK,5.1351558699971065,0.00515586999244988,-0.019372396429389482,-0.12333119707026796,-0.2813792629892422,0.07231082627603591,-0.7516873426413362,-0.25414282444495306,-0.9162568093385204,-0.02358346518341042,-0.1183106093629142,-0.28138044700170417,0.07358354737239758,-0.7527945307665438,-0.22884185562982562,-0.9474504547254516
770920.550449256,PLAYBACK,5.146438834955916,0.0014388349372893572,-0.019372396429389482,-0.12294758525978366,-0.2813792629892422,0.07231082627603591,-0.7516873426413362,-0.2526083772030212,-0.9189420920119016,-0.023591125636391902,-0.1183343724600996,-0.28138035226593805,0.07359227135336373,-0.7529646857404659,-0.2260286339200616,-0.9500916134530657
770920.560929543,PLAYBACK,5.156985479989089,0.0019854799611493945,-0.019372396429389482,-0.12256397344930114,-0.2813792629892422,0.07231082627603591,-0.7520709544518205,-0.25030670634012253,-0.9204765392538334,-0.02359907701566126,-0.11836106831317501,-0.28138024041600185,0.07360067523351006,-0.7531282890063162,-0.22334630952064458,-0.9525466785197492
770920.572412401,PLAYBACK,5.168982792994939,0.003982792957685888,-0.019756008239872003,-0.12218036163881862,-0.2813792629892422,0.07231082627603591,-0.7520709544518205,-0.24800503547722563,-0.9246962691691465,-0.02360877793948356,-0.11839561227867856,-0.28138008800802466,0.07361046993540542,-0.753317921797347,-0.22024407925223016,-0.9553184024431847
770920.583864711,PLAYBACK,5.180224839947186,0.005224839900620282,-0.020139620050354523,-0.1217967498283361,-0.2813792629892422,0.07231082627603591,-0.7520709544518205,-0.24531975280384444,-0.9281487754634927,-0.023618224028343984,-0.11843094712943963,-0.28137992424676184,0.07361981004014853,-0.7534971415225571,-0.21730049417418223,-0.95788924668
770920.593929582,PLAYBACK,5.19277385994792,0.007773859892040491,-0.020523231860837043,-0.12141313801785181,-0.2813792629892422,0.07231082627603591,-0.7520709544518205,-0.24225085831998072,-0.9308340581368721,-0.023628848145716076,-0.11847254027410022,-0.28137972296763614,0.07363034075379149,-0.7536967469870425,-0.21398790651103566,-0.9607218665359548
770920.60475985,PLAYBACK,5.195062104030512,6.210408173501492e-05,-0.020523231860837043,-0.12141313801785181,-0.2813792629892422,0.07231082627603591,-0.7520709544518205,-0.24148363469901568,-0.9308340581368721,-0.0236307695567494,-0.11848027478531274,-0.28137968469132,0.07363226666744555,-0.7537329303182687,-0.21338191363637715,-0.9612337244692056
770920.616091599,PLAYBACK,5.212099472992122,0.0020994730293750763,-0.02090684367132134,-0.12102952620736929,-0.2813792629892422,0.07231082627603591,-0.752454566262303,-0.2368802929732201,-0.9354373998626677,-0.02364467179824155,-0.11853836247599392,-0.2813793913864365,0.07364659919512954,-0.7539987187564109,-0.20886017494183953,-0.9649971747820678
770920.626844408,PLAYBACK,5.223025414044969,0.003025414072908461,-0.02090684367132134,-0.12102952620736929,-0.2813792629892422,0.07231082627603591,-0.7528381780727855,-0.2341950102998389,-0.9381226825360489,-0.023653036911907187,-0.1185753871404599,-0.28137920214482376,0.07365573954047665,-0.754164789281139,-0.2059563681609991,-0.9673662641025458
770920.638254216,PLAYBACK,5.234392881044187,0.004392881062813103,-0.02129045548180386,-0.12064591439688677,-0.2813792629892422,0.07231082627603591,-0.7528381780727855,-0.23150972762645772,-0.9400407415884633,-0.023661139611535806,-0.11861312576708438,-0.2813790117503428,0.07366516770292798,-0.7543331460752726,-0.20293473164451045,-0.9697953889597501
770920.649489129,PLAYBACK,5.248064561979845,0.008064561989158392,-0.02129045548180386,-0.12064591439688677,-0.2813792629892422,0.07231082627603591,-0.7528381780727855,-0.2288244449530783,-0.9427260242618445,-0.02366995581880734,-0.11865692061231876,-0.2813788011062299,0.07367635730848975,-0.7545290307884621,-0.19930110362896922,-0.9726708077810601
770920.661957255,PLAYBACK,5.257370449020527,0.0023704490158706903,-0.02167406729228638,-0.12026230258640425,-0.2809956511787579,0.07231082627603591,-0.753221789883268,-0.22728999771114644,-0.9454113069352257,-0.023675329877688743,-0.11868549323660732,-0.2813786749603851,0.07368385922256286,-0.7546579948705905,-0.19682828401427724,-0.9746003923972908
770920.672298215,PLAYBACK,5.268227307940833,0.003227307926863432,-0.02167406729228638,-0.12026230258640425,-0.2813792629892422,0.07231082627603591,-0.7536054016937523,-0.22537193865873206,-0.9480965896086051,-0.023680930015444152,-0.11871738151319376,-0.2813785512250912,0.07369247467769179,-0.7548038234897446,-0.19394378923684072,-0.9768241901103041
770920.681956007,PLAYBACK,5.279171223985031,0.004171223961748183,-0.02167406729228638,-0.11987869077592173,-0.2813792629892422,0.07231082627603591,-0.7536054016937523,-0.2230702677958334,-0.949631036850537,-0.023685832919049698,-0.11874782138752776,-0.2813784577216101,0.07370099185305452,-0.7549456909340244,-0.191036583496279,-0.9790365642227561
770920.693810597,PLAYBACK,5.289752093958668,0.004752093926072121,-0.02167406729228638,-0.11987869077592173,-0.2813792629892422,0.07231082627603591,-0.7536054016937523,-0.221152208743419,-0.9523163195239182,-0.02368986439733501,-0.11877553898471155,-0.2813784025872965,0.07370904968147252,-0.7550779265174732,-0.18822613481339157,-0.9811479510547595
770920.704262219,PLAYBACK,5.301279898034409,0.006279897992499173,-0.0220576791027689,-0.11949507896543743,-0.2813792629892422,0.07269443808651843,-0.7536054016937523,-0.21961776150148715,-0.9557688258182644,-0.023693475070287035,-0.11880376497710246,-0.28137838792903275,0.07371761273168546,-0.7552165109318468,-0.18516443125454563,-0.9834175449683528
770920.715295817,PLAYBACK,5.311164184007794,0.0011641839519143105,-0.0220576791027689,-0.11911146715495491,-0.2813792629892422,0.07269443808651843,-0.7539890135042349,-0.2180833142595553,-0.9569196612497137,-0.0236959389458481,-0.11882631231723888,-0.28137841757071175,0.07372476227239569,-0.7553308432864689,-0.1825393948486653,-0.9853379787651427
770920.726438082,PLAYBACK,5.322446436970495,0.002446437021717429,-0.022441290913253198,-0.11872785534447239,-0.2813792629892422,0.07231082627603591,-0.7543726253147174,-0.21654886701762344,-0.9607557793545425,-0.023698065098324103,-0.1188501900832781,-0.2813785038561741,0.0737326915181196,-0.755456385930321,-0.17954321209715107,-0.9875009715476621
770920.738571336,PLAYBACK,5.334699701052159,0.004699701094068587,-0.0220576791027689,-0.11834424353398987,-0.2813792629892422,0.07231082627603591,-0.7543726253147174,-0.21463080796520906,-0.9626738384069569,-0.023699586257203434,-0.11887391825255834,-0.2813786663510502,0.07374100804361082,-0.7555869244380009,-0.1762892457476722,-0.9898146893109746
770920.748609096,PLAYBACK,5.3450559709453955,0.005055970977991819,-0.0220576791027689,-0.11834424353398987,-0.2813792629892422,0.07231082627603591,-0.7543726253147174,-0.21271274891279468,-0.9653591210803381,-0.023700270222536665,-0.11889223513575006,-0.28137886358005115,0.07374778594718427,-0.7556927161941907,-0.17353906829601626,-0.9917410923005171
770920.758852219,PLAYBACK,5.356119144940749,0.006119144964031875,-0.022441290913253198,-0.11796063172350557,-0.2813792629892422,0.07231082627603591,-0.7543726253147174,-0.210411078049896,-0.9680444037537193,-0.023700433771396908,-0.11891011250088737,-0.28137913847878426,0.07375476230904407,-0.7558013436427155,-0.17060115629974618,-0.9937691426114855
770920.771146732,PLAYBACK,5.366329435026273,0.00632943504024297,-0.022441290913253198,-0.11757701991302305,-0.2813792629892422,0.07231082627603591,-0.7543726253147174,-0.20849301899748163,-0.9703460746166161,-0.02370010297839673,-0.11892513307033445,-0.28137945372991874,0.07376095119575693,-0.7558977731855575,-0.16788969782266933,-0.9956131541736318
770920.781335491,PLAYBACK,5.377404271042906,0.002404271042905748,-0.022441290913253198,-0.11757701991302305,-0.2813792629892422,0.07231082627603591,-0.7547562371251999,-0.20580773632410043,-0.9726477454795148,-0.023699265031107555,-0.11893990809606168,-0.28137986501272805,0.07376738611395936,-0.7559984524890618,-0.16494858603694101,-0.9975828917180173
770920.791579124,PLAYBACK,5.387998947990127,0.002998947980813682,-0.022441290913253198,-0.11719340810254053,-0.2813792629892422,0.07269443808651843,-0.7547562371251999,-0.203122453650721,-0.9741821927214467,-0.02369803934580385,-0.11895265523301082,-0.2813803280096037,0.07377326566694542,-0.7560911914595869,-0.1621349085641934,-0.9994372869799577
770920.803826287,PLAYBACK,5.398462392971851,0.00346239295322448,-0.02282490272373572,-0.11719340810254053,-0.2813792629892422,0.07269443808651843,-0.7547562371251999,-0.20043717097733982,-0.9761002517738611,-0.023696463115317108,-0.11896400520703515,-0.2813808535628803,0.07377880277718583,-0.7561795904636343,-0.15935599185766186,-1.001239697537496
770920.814836509,PLAYBACK,5.411258536973037,0.006258536945097148,-0.02282490272373572,-0.11680979629205801,-0.2813792629892422,0.07231082627603591,-0.7551398489356842,-0.19621744106202677,-0.9791691462577248,-0.02369409957596684,-0.11897634728644046,-0.28138159012424185,0.07378520545708625,-0.7562837398202296,-0.15595741063488222,-1.003404409880595
770920.825267312,PLAYBACK,5.421151860035025,0.0011518599931150675,-0.02282490272373572,-0.11680979629205801,-0.2813792629892422,0.07269443808651843,-0.7551398489356842,-0.19314854657816305,-0.9818544289311042,-0.023691985468445385,-0.11898483143873091,-0.2813822311231723,0.07378987509368083,-0.756361545885794,-0.15332968892712667,-1.0050480552390069
770920.836803061,PLAYBACK,5.432652371004224,0.002652370953001082,-0.02282490272373572,-0.11680979629205801,-0.2813792629892422,0.07269443808651843,-0.7551398489356842,-0.1893124284733343,-0.9837724879835203,-0.023689259650222456,-0.11899364993030402,-0.28138305502095157,0.07379499422897746,-0.7564493217139127,-0.1502749590597605,-1.0069256859208544
770920.847238112,PLAYBACK,5.444158814963885,0.004158815019764006,-0.02320851453421824,-0.11680979629205801,-0.2813792629892422,0.07269443808651843,-0.7555234607461667,-0.18585992217898806,-0.9853069352254522,-0.023686289457847603,-0.11900146885414825,-0.2813839639773135,0.07379978299064732,-0.7565345928728119,-0.14721850924122185,-1.0087686759250485
770920.857413415,PLAYBACK,5.454167788964696,0.004167789011262357,-0.02282490272373572,-0.11680979629205801,-0.2813792629892422,0.07269443808651843,-0.7555234607461667,-0.18317463950560686,-0.9860741588464172,-0.023683543696760113,-0.1190075490855596,-0.281384823019279,0.073803678111368,-0.7566069578703519,-0.1445597127579521,-1.010342852689983
770920.868107572,PLAYBACK,5.46542410296388,0.0054241030011326075,-0.02320851453421824,-0.11680979629205801,-0.2813792629892422,0.07269443808651843,-0.7555234607461667,-0.18087296864270996,-0.989143053330281,-0.023680312526788778,-0.1190136884865497,-0.2813858641937244,0.07380775948351113,-0.7566866247522944,-0.1415694392242299,-1.012081091892188
770920.879238075,PLAYBACK,5.475879983976483,0.005879984004423022,-0.02320851453421824,-0.11680979629205801,-0.2813792629892422,0.07269443808651843,-0.7555234607461667,-0.1789549095902938,-0.9906775005722128,-0.023677207058432626,-0.11901882040376008,-0.2813869013185311,0.07381126896071888,-0.7567592692438021,-0.13879167883689814,-1.0136654085416863
770920.889709886,PLAYBACK,5.485895009944215,0.0008950099581852555,-0.02320851453421824,-0.11680979629205801,-0.2813792629892422,0.07269443808651843,-0.7559070725566492,-0.17703685053787943,-0.9918283360036622,-0.02367416523376092,-0.11902330009448757,-0.2813879565110274,0.07381437858671282,-0.7568278694559981,-0.1361309276469283,-1.0151557350928728
770920.899942238,PLAYBACK,5.49657015001867,0.0015701500233262777,-0.02320851453421824,-0.11680979629205801,-0.2813792629892422,0.07269443808651843,-0.7559070725566492,-0.17511879148546505,-0.9937463950560765,-0.023670876375284654,-0.11902768618438773,-0.28138914601139225,0.07381742508826145,-0.7569001923121956,-0.13329468357724453,-1.016715265766966
770920.909930794,PLAYBACK,5.5059618019731715,0.0009618019685149193,-0.02320851453421824,-0.11680979629205801,-0.2813792629892422,0.07307804989700095,-0.7559070725566492,-0.17320073243305067,-0.9960480659189734,-0.023667962767327518,-0.1190312764872061,-0.28139024599788526,0.07381987972826487,-0.7569633505656499,-0.13079934870098883,-1.0180627961199171
770920.927163798,PLAYBACK,5.52104220201727,0.00604220200330019,-0.02320851453421824,-0.11680979629205801,-0.2813792629892422,0.07307804989700095,-0.7559070725566492,-0.17013183794918696,-0.9983497367818721,-0.0236632846229466,-0.11903665227286771,-0.28139211237795836,0.07382338789105483,-0.7570643325821054,-0.12679234853171,-1.0201793481547121
770920.931334457,PLAYBACK,5.530326728941873,0.0003267289139330387,-0.02320851453421824,-0.11642618448157371,-0.2813792629892422,0.07307804989700095,-0.7562906843671318,-0.16821377889677258,-1.0002677958342865,-0.023660425147262257,-0.1190397984490646,-0.2813933196874261,0.0738252877483434,-0.7571265248201245,-0.12432526026262053,-1.0214540304496462
770920.942299563,PLAYBACK,5.538854526006617,0.003854525974020362,-0.02320851453421824,-0.11680979629205801,-0.2813792629892422,0.07307804989700095,-0.7562906843671318,-0.16706294346532324,-1.0010350194552515,-0.02365782420421604,-0.11904262410579326,-0.28139446541819135,0.07382686222191288,-0.7571838494277133,-0.12205918651089655,-1.022606136949603
770920.951825473,PLAYBACK,5.548217452014796,0.00321745197288692,-0.02320851453421824,-0.11680979629205801,-0.2813792629892422,0.07269443808651843,-0.7566742961776143,-0.16476127260242635,-1.0025694666971834,-0.023655005457777108,-0.11904569426167205,-0.2813957616562748,0.07382840685643444,-0.7572471809993615,-0.11957113312027429,-1.0238508712290457
770920.962328794,PLAYBACK,5.559447997016832,0.004447996965609491,-0.02359212634470076,-0.11680979629205801,-0.2813792629892422,0.07307804989700095,-0.7566742961776143,-0.16245960173952767,-1.0052547493705646,-0.023651686251392166,-0.11904938513750928,-0.2813973656600612,0.0738300118950103,-0.7573239424233669,-0.11658671669711296,-1.0253166617738163
770920.973822934,PLAYBACK,5.572017516940832,0.0070175169967114925,-0.02359212634470076,-0.11680979629205801,-0.2813792629892422,0.07307804989700095,-0.7566742961776143,-0.15977431906614648,-1.007172808422979,-0.023648064000396873,-0.11905359866623032,-0.28139921873458923,0.07383149782921761,-0.7574112640418996,-0.11324640816877019,-1.0269230372021545
770920.983698212,PLAYBACK,5.580036328989081,0.0050363290356472135,-0.02320851453421824,-0.11680979629205801,-0.2813792629892422,0.07307804989700095,-0.7566742961776143,-0.15670542458228454,-1.0083236438544283,-0.023645809552561445,-0.11905636755744779,-0.2814004295696156,0.07383227994963174,-0.7574679501110624,-0.11111540645184302,-1.0279295651038527
770920.994300553,PLAYBACK,5.585119395982474,0.00011939601972699165,-0.02320851453421824,-0.11680979629205801,-0.2813792629892422,0.07307804989700095,-0.7566742961776143,-0.15632181277180024,-1.0094744792858776,-0.023644404523251603,-0.11905816608985997,-0.28140120755795656,0.07383271067538162,-0.7575043440214219,-0.10976457131422052,-1.0285604268458641
770921.00563122,PLAYBACK,5.602561431005597,0.002561431028880179,-0.02359212634470076,-0.11680979629205801,-0.2813792629892422,0.07307804989700095,-0.7566742961776143,-0.15095124742503963,-1.0125433737697414,-0.02363973131988256,-0.11906466343134432,-0.28140393064085106,0.07383381820287246,-0.7576324178693221,-0.10512928306110242,-1.0306843485873192
770921.017505117,PLAYBACK,5.613233434967697,0.0032334349816665053,-0.02359212634470076,-0.11680979629205801,-0.2813792629892422,0.07307804989700095,-0.7570579079880986,-0.14711512932021087,-1.0144614328221557,-0.023636987977931886,-0.11906894223094808,-0.28140563060061735,0.07383422422510623,-0.7577136168884988,-0.10229314311545108,-1.0319539793011334
770921.028053034,PLAYBACK,5.625031306990422,0.005031306995078921,-0.02359212634470076,-0.11680979629205801,-0.2813792629892422,0.07307804989700095,-0.7570579079880986,-0.14366262302586286,-1.0156122682536033,-0.023634058561505262,-0.11907399468920131,-0.28140753203806457,0.07383444529959042,-0.7578063219608975,-0.09915779458032396,-1.0333325244079863
770921.039255735,PLAYBACK,5.635402295039967,0.00540229503531009,-0.02359212634470076,-0.11680979629205801,-0.2813792629892422,0.07307804989700095,-0.7574415197985811,-0.14059372854199914,-1.0175303273060194,-0.02363157202999457,-0.11907875174481514,-0.2814092169512148,0.07383445094888351,-0.7578906836657333,-0.09640164876894655,-1.0345236616856277
770921.050197025,PLAYBACK,5.6461939989821985,0.001193998963572085,-0.02359212634470076,-0.11680979629205801,-0.2813792629892422,0.07307804989700095,-0.7574415197985811,-0.1375248340581372,-1.0190647745479513,-0.02362907029161074,-0.11908404962058201,-0.2814109776400663,0.07383427834015215,-0.7579816456577865,-0.0935336972508449,-1.0357436245967186
770921.060456109,PLAYBACK,5.656397034996189,0.0013970349682494998,-0.02359212634470076,-0.11680979629205801,-0.2813792629892422,0.07307804989700095,-0.7574415197985811,-0.13522316319523853,-1.0205992217898832,-0.02362678221215236,-0.11908941407462025,-0.2814126437848793,0.07383395580412859,-0.7580709302656985,-0.09082218850814597,-1.0368797132142713
770921.072167194,PLAYBACK,5.668025010963902,0.0030250109266489744,-0.02359212634470076,-0.11680979629205801,-0.2813792629892422,0.07307804989700095,-0.7574415197985811,-0.13330510414282415,-1.022133669031815,-0.023624260942015817,-0.1190959839698042,-0.28141453743916167,0.07383340944184423,-0.758176965780911,-0.08773199347354516,-1.0381551395565731
770921.083353103,PLAYBACK,5.681097603985108,0.006097603938542306,-0.02359212634470076,-0.11680979629205801,-0.2813792629892422,0.07307804989700095,-0.7578251316090636,-0.13023620965896043,-1.0236681162737469,-0.023621527630297696,-0.11910399660272251,-0.28141664995538207,0.07383258161949842,-0.7583021763199491,-0.08425787549868763,-1.039566120966127
770921.094205554,PLAYBACK,5.690851300023496,0.0058512999676167965,-0.02359212634470076,-0.11680979629205801,-0.2813792629892422,0.07269443808651843,-0.7578251316090636,-0.12870176241702858,-1.0248189517051944,-0.02361955105695061,-0.11911043781744257,-0.2814182079165591,0.07383182622645058,-0.7584001338719731,-0.08166576146608694,-1.0406042663055173
770921.104957521,PLAYBACK,5.701095163938589,0.0010951639851555228,-0.02359212634470076,-0.11680979629205801,-0.2813792629892422,0.07307804989700095,-0.7578251316090636,-0.1267837033646142,-1.0255861753261613,-0.023617525846306286,-0.1191176556275684,-0.2814198210606048,0.07383091466159279,-0.7585075587315868,-0.0789433630079092,-1.041682204743106
770921.116050292,PLAYBACK,5.711754775024019,0.0017547750612720847,-0.02359212634470076,-0.11680979629205801,-0.2813792629892422,0.07307804989700095,-0.7578251316090636,-0.12486564431219982,-1.0267370107576088,-0.023615465531830963,-0.11912568630146439,-0.28142146788624,0.0738298462469605,-0.7586246835286945,-0.07611044652605918,-1.0427915347353367
770921.12515803,PLAYBACK,5.721648638951592,0.0016486389795318246,-0.02359212634470076,-0.11680979629205801,-0.2813792629892422,0.07307804989700095,-0.7578251316090636,-0.12294758525978366,-1.0282714579995407,-0.023613588045054177,-0.11913363987671018,-0.281422961067055,0.07382875333138018,-0.7587386539075671,-0.07348100141492572,-1.0438109431870766
770921.13719016,PLAYBACK,5.7338646709686145,0.00386467098724097,-0.02359212634470076,-0.11680979629205801,-0.2813792629892422,0.07307804989700095,-0.7582087434195461,-0.12064591439688677,-1.0298059052414725,-0.023611303459565827,-0.11914416051994656,-0.28142474842075477,0.07382728113732555,-0.758886942246675,-0.07023435440443677,-1.0450575517426814
770921.147883135,PLAYBACK,5.743843227974139,0.0038432279834523797,-0.02359212634470076,-0.11680979629205801,-0.2813792629892422,0.07307804989700095,-0.7578251316090636,-0.11834424353398987,-1.0309567406729219,-0.023609453701102668,-0.11915335852640654,-0.28142615438878155,0.07382598756383724,-0.7590147769320175,-0.06758233676554014,-1.0460672059432092
770921.157894654,PLAYBACK,5.755096185021102,0.0050961850211024284,-0.02359212634470076,-0.11680979629205801,-0.2813792629892422,0.07307804989700095,-0.7582087434195461,-0.11527534905012615,-1.0324911879148537,-0.023607371765727497,-0.1191644180704498,-0.2814276723365323,0.07382444175167567,-0.7591667768874676,-0.06459168700975305,-1.0471979577806854
770921.168454504,PLAYBACK,5.7644643320236355,0.004464332014322281,-0.02359212634470076,-0.11642618448157371,-0.2813792629892422,0.07307804989700095,-0.7582087434195461,-0.11297367818722748,-1.0328747997253362,-0.023605630971379594,-0.11917420707677152,-0.2814288740985194,0.07382309306189738,-0.759300132476789,-0.062102201680389345,-1.0481340523321274
770921.180209423,PLAYBACK,5.776017424999736,0.006017424981109798,-0.02359212634470076,-0.11680979629205801,-0.2813792629892422,0.07307804989700095,-0.7582087434195461,-0.10990478370336376,-1.0347928587777506,-0.02360345946563335,-0.11918704243656104,-0.28143026842935326,0.07382136437185867,-0.7594737761359253,-0.05903299685761747,-1.0492832661668947
770921.191557423,PLAYBACK,5.789537835982628,0.0045378359500318766,-0.023975738155185056,-0.11680979629205801,-0.2813792629892422,0.07307804989700095,-0.7582087434195461,-0.10491783016708567,-1.0359436942092,-0.02360085943349234,-0.11920318490586981,-0.28143176060725267,0.07381926872511153,-0.7596908840887198,-0.05544438811911018,-1.050622689570064
770921.202239878,PLAYBACK,5.798209929023869,0.00320992898195982,-0.023975738155185056,-0.11680979629205801,-0.2813792629892422,0.07307804989700095,-0.7582087434195461,-0.10223254749370447,-1.0367109178301668,-0.023599144616798375,-0.11921420063455371,-0.2814326285671314,0.0738178950310717,-0.7598385762299006,-0.053146460779484504,-1.051479455218806
770921.212438265,PLAYBACK,5.808689484954812,0.003689484903588891,-0.02359212634470076,-0.11680979629205801,-0.2813792629892422,0.07307804989700095,-0.7582087434195461,-0.09916365300984253,-1.0382453650720986,-0.023597009338774448,-0.11922822161550366,-0.2814335738539862,0.07381621732467233,-0.7600263510268315,-0.050376907819026505,-1.0525127196398536
770921.22301666,PLAYBACK,5.819024343974888,0.004024344030767679,-0.023975738155185056,-0.11680979629205801,-0.2813792629892422,0.07269443808651843,-0.7582087434195461,-0.09609475852597882,-1.0390125886930637,-0.023594822995100333,-0.11924281884596279,-0.28143438445435787,0.07381455782108091,-0.7602218963876667,-0.0476580924465162,-1.053529409633545
770921.233803124,PLAYBACK,5.829435648978688,0.0044356490252539515,-0.023975738155185056,-0.11680979629205801,-0.2813792629892422,0.07269443808651843,-0.7585923552300304,-0.09340947585259762,-1.040163424124513,-0.023592526714115897,-0.11925829626715277,-0.28143506773904164,0.07381289716026823,-0.7604295948826463,-0.0449380524712585,-1.0545507541239958
770921.244193179,PLAYBACK,5.842364827985875,0.0073648280231282115,-0.02359212634470076,-0.11680979629205801,-0.2813792629892422,0.07269443808651843,-0.7585923552300304,-0.08995696955825139,-1.0416978713664449,-0.02358952664868477,-0.11927857585987599,-0.281435714365888,0.07381087590791743,-0.7607027246483034,-0.041597778270599954,-1.0558137007105937
770921.256128133,PLAYBACK,5.852004835032858,0.002004835056141019,-0.02359212634470076,-0.11680979629205801,-0.2813792629892422,0.07269443808651843,-0.758975967040513,-0.08803891050583701,-1.0428487067978942,-0.023587171914987184,-0.11929443538415516,-0.28143604140312883,0.07380941646483577,-0.7609173783266631,-0.03914263545886156,-1.0567503176969737
770921.267052772,PLAYBACK,5.8634728050092235,0.0034728050231933594,-0.023975738155185056,-0.11680979629205801,-0.2813792629892422,0.07307804989700095,-0.758975967040513,-0.08612085145342085,-1.0439995422293418,-0.023584228629831026,-0.1193140891938071,-0.2814362493785071,0.0738077528816374,-0.761184953209363,-0.03627018275964365,-1.0578577672652685
770921.277535253,PLAYBACK,5.874436437967233,0.004436437971889973,-0.02359212634470076,-0.11719340810254053,-0.2813792629892422,0.07307804989700095,-0.7593595788509955,-0.08305195696955714,-1.045150377660791,-0.023581261304408074,-0.11933364345079428,-0.28143625863868005,0.07380625312287337,-0.7614531341712735,-0.03358017665488324,-1.0589089207792002
770921.288270719,PLAYBACK,5.884275297052227,0.004275297047570348,-0.02359212634470076,-0.11680979629205801,-0.2813792629892422,0.07307804989700095,-0.7593595788509955,-0.08151750972762706,-1.0459176012817561,-0.023578463829758575,-0.11935180191112979,-0.2814361064250726,0.07380499495627184,-0.7617041016890038,-0.03121741007582688,-1.0598457306053983
770921.299378659,PLAYBACK,5.896678288001567,0.006678287987597287,-0.02359212634470076,-0.11680979629205801,-0.2813792629892422,0.07307804989700095,-0.759743190661478,-0.07921583886472838,-1.0478356603341723,-0.02357474764991118,-0.11937548623448577,-0.2814356968917666,0.07380354126414441,-0.7620344476457143,-0.028312282688468013,-1.0610182534432424
770921.310205801,PLAYBACK,5.906720335013233,0.001720334985293448,-0.02359212634470076,-0.11680979629205801,-0.2813792629892422,0.07269443808651843,-0.759743190661478,-0.07691416800183148,-1.0486028839551373,-0.023571578302551615,-0.11939529337179425,-0.28143518807612566,0.07380248161355034,-0.762313473512887,-0.02602227409722946,-1.0619613251335343
770921.32160559,PLAYBACK,5.917615256970748,0.0026152569334954023,-0.02359212634470076,-0.11680979629205801,-0.2813792629892422,0.07269443808651843,-0.759743190661478,-0.07499610894941533,-1.0497537193865867,-0.023567972481137168,-0.1194174089006891,-0.28143445865818745,0.0738014584950032,-0.7626281188865026,-0.023601919632543152,-1.0629790795060898
770921.332049187,PLAYBACK,5.928557679988444,0.0035576799418777227,-0.02359212634470076,-0.11680979629205801,-0.2813792629892422,0.07307804989700095,-0.7601268024719623,-0.07269443808651843,-1.0501373311970692,-0.02356417195891228,-0.1194402681893517,-0.2814335433673559,0.07380056976653557,-0.7629569008096141,-0.021238854927804165,-1.0639966793206792
770921.343457292,PLAYBACK,5.939584244042635,0.0045842439867556095,-0.023975738155185056,-0.11680979629205801,-0.2813792629892422,0.07307804989700095,-0.7601268024719623,-0.06962554360265472,-1.0520553902494836,-0.023560158045630317,-0.11946395326941478,-0.28143244011205776,0.07379982031018396,-0.7633014816480892,-0.018926697840388466,-1.0650186487572484
770921.353378027,PLAYBACK,5.950365056982264,0.005365057033486664,-0.023975738155185056,-0.11680979629205801,-0.2813792629892422,0.07307804989700095,-0.7605104142824448,-0.06694026092927352,-1.0528226138704504,-0.02355605341138755,-0.11948773703313442,-0.2814311909128614,0.07379923347635764,-0.7636516129584772,-0.01673320749767185,-1.0660156684493658
770921.364322473,PLAYBACK,5.955070320982486,7.032102439552546e-05,-0.023975738155185056,-0.11680979629205801,-0.2813792629892422,0.07307804989700095,-0.7605104142824448,-0.06540581368734166,-1.053206225680933,-0.023554206003679776,-0.11949831077253988,-0.28143059430840045,0.07379902341142956,-0.7638086212384868,-0.01579667032845005,-1.0664504374357053
770921.374748908,PLAYBACK,5.971257471013814,0.0012574710417538881,-0.023975738155185056,-0.11719340810254053,-0.2813792629892422,0.07307804989700095,-0.7608940260929273,-0.06041886015106357,-1.0558915083543141,-0.02354759186069497,-0.1195355807013338,-0.2814283125911011,0.07379851796153271,-0.7643687838352144,-0.012671270049749873,-1.0679459991298192
770921.386337278,PLAYBACK,5.982610831037164,0.002610831055790186,-0.023975738155185056,-0.11680979629205801,-0.2813792629892422,0.07307804989700095,-0.7612776379034099,-0.05696635385671733,-1.0570423437857617,-0.023542716109961122,-0.11956254511211183,-0.28142651008567837,0.0737983665136391,-0.764780735414591,-0.010568277978729702,-1.0689963294835496
770921.397990933,PLAYBACK,5.993975362041965,0.003975362051278353,-0.023975738155185056,-0.11680979629205801,-0.2813792629892422,0.07307804989700095,-0.7612776379034099,-0.0535138475623711,-1.058193179217211,-0.02353764394284417,-0.11959021466745404,-0.281424549774868,0.07379838383820195,-0.7652094255028639,-0.008536656399896578,-1.070050307979513
770921.409225786,PLAYBACK,6.006071223993786,0.006071223993785679,-0.023975738155185056,-0.11680979629205801,-0.2813792629892422,0.07307804989700095,-0.7616612497138942,-0.05006134126802486,-1.0593440146486603,-0.023532040100133055,-0.11962040980715964,-0.28142230379419286,0.07379858811329784,-0.7656842893357378,-0.0064548683925665755,-1.0711764404172637
770921.419799432,PLAYBACK,6.016701809945516,0.0017018099315464497,-0.023975738155185056,-0.11719340810254053,-0.2813792629892422,0.07346166170748347,-0.7620448615243767,-0.04775967040512619,-1.0608784618905922,-0.023526945903994043,-0.11964758132667482,-0.2814202050257113,0.07379892524532188,-0.7661180282727252,-0.004693730959991836,-1.0721710627027166
770921.430221899,PLAYBACK,6.0278522910084575,0.002852290985174477,-0.023975738155185056,-0.11680979629205801,-0.2813792629892422,0.07346166170748347,-0.7624284733348592,-0.04507438773174677,-1.0620292973220415,-0.023521439102934444,-0.11967671985873725,-0.28141789000420664,0.07379943596738407,-0.7665900953632889,-0.002915153983966588,-1.0732205073988899
770921.441594596,PLAYBACK,6.03757756203413,0.0025775620015338063,-0.023975738155185056,-0.11680979629205801,-0.2813792629892422,0.07346166170748347,-0.7624284733348592,-0.04315632867933239,-1.062412909132524,-0.023516505427174653,-0.11970266852927397,-0.2814157859241562,0.07380001117863537,-0.7670166698993331,-0.0014212235348129364,-1.0741419774444145
770921.453235476,PLAYBACK,6.048878440982662,0.0038784409407526255,-0.02359212634470076,-0.11680979629205801,-0.2813792629892422,0.07307804989700095,-0.7628120851453417,-0.040854657816433715,-1.0643309681849384,-0.023510627409587433,-0.11973344853113496,-0.2814132544350826,0.07380082899114138,-0.7675304347158808,0.0002477693551727277,-1.0752211765323314
770921.462385525,PLAYBACK,6.060836139018647,0.005836138967424631,-0.023975738155185056,-0.11719340810254053,-0.2813792629892422,0.07307804989700095,-0.763195696955826,-0.038552986953536816,-1.0650981918059035,-0.023504248723041396,-0.11976675426602489,-0.28141049126925755,0.07380186550304034,-0.7680961561502516,0.0019354737341449517,-1.0763745110918754
770921.475197259,PLAYBACK,6.065066684037447,6.668409332633018e-05,-0.023975738155185056,-0.11680979629205801,-0.2813792629892422,0.07307804989700095,-0.7635793087663085,-0.03778576333257,-1.0650981918059035,-0.023501955236672176,-0.11977871952599085,-0.2814094965284943,0.07380227346681181,-0.7683019532913806,0.0025133027666396136,-1.076785687926994
770921.486069688,PLAYBACK,6.082302822964266,0.0023028230061754584,-0.023975738155185056,-0.11719340810254053,-0.2813792629892422,0.07307804989700095,-0.7643465323872736,-0.035100480659188804,-1.0666326390478353,-0.023492430022594823,-0.11982845422430756,-0.281405377137849,0.0738041515028773,-0.7691724446753233,0.004763374921290007,-1.0784800898997629
770921.49682387,PLAYBACK,6.093984763021581,0.003984763054177165,-0.023975738155185056,-0.11719340810254053,-0.2813792629892422,0.07307804989700095,-0.7647301441977579,-0.032798809796291906,-1.0677834744792847,-0.023485826362591007,-0.11986306337803385,-0.2814025499423327,0.07380561412335045,-0.7697931844596777,0.006193179181346997,-1.0796481310701516
770921.508590071,PLAYBACK,6.103661259985529,0.0036612600088119507,-0.023975738155185056,-0.11719340810254053,-0.2813792629892422,0.07307804989700095,-0.7651137560082404,-0.030880750743877527,-1.0677834744792847,-0.023480279448846404,-0.11989228146049319,-0.2814002061827938,0.07380693575736931,-0.770327362406554,0.007319100104425356,-1.080629270986435
770921.518894351,PLAYBACK,6.116764602949843,0.006764602963812649,-0.023975738155185056,-0.11719340810254053,-0.2813792629892422,0.07307804989700095,-0.7654973678187229,-0.028195468070496332,-1.069701533531699,-0.023472676495948835,-0.11993263536318668,-0.2813970574698059,0.07380887540627479,-0.7710812963822414,0.008758947026117195,-1.081979709647723
770921.52985563,PLAYBACK,6.1200713879661635,7.138797082006931e-05,-0.023975738155185056,-0.11719340810254053,-0.2813792629892422,0.07346166170748347,-0.7658809796292054,-0.027811856260013812,-1.069701533531699,-0.023470744030536672,-0.11994296082660719,-0.28139627151692426,0.07380939076893024,-0.7712773700296917,0.009106809641767556,-1.0823247862427514
770921.540072112,PLAYBACK,6.13707894901745,0.0020789490081369877,-0.023975738155185056,-0.11719340810254053,-0.2813792629892422,0.07307804989700095,-0.7666482032501722,-0.02320851453421824,-1.0720032043945977,-0.023460743007976747,-0.11999694343683402,-0.28139232047031226,0.07381219315520059,-0.7723249711792574,0.010796320112643152,-1.084129362009991
770921.550098089,PLAYBACK,6.146604849025607,0.0016048490069806576,-0.023975738155185056,-0.11719340810254053,-0.2813792629892422,0.07307804989700095,-0.7674154268711373,-0.02090684367132134,-1.0723868162050803,-0.02345511444277226,-0.12002779150921276,-0.2813901995666619,0.07381386418880274,-0.7729418271657809,0.011668900607668495,-1.0851634931923033
770921.560421816,PLAYBACK,6.156448296038434,0.0014482960104942322,-0.023975738155185056,-0.11719340810254053,-0.2813792629892422,0.07346166170748347,-0.7681826504921041,-0.017837949187457625,-1.0731540398260453,-0.023449295866911794,-0.12006008963405594,-0.2813881019552357,0.07381565754065404,-0.773603286041479,0.012514004153926072,-1.0862511334176361
770921.571321327,PLAYBACK,6.169794964022003,0.004794963984750211,-0.023975738155185056,-0.11719340810254053,-0.2813792629892422,0.07346166170748347,-0.7685662623025866,-0.014001831082627092,-1.0746884870679771,-0.023441430627587564,-0.12010447238854675,-0.2813854478387851,0.07381818070191873,-0.774540998911957,0.013566285709481636,-1.0877584419278568
770921.583471994,PLAYBACK,6.179031690000556,0.004031689953990281,-0.023975738155185056,-0.11719340810254053,-0.2813792629892422,0.07346166170748347,-0.7693334859235517,-0.010549324788280856,-1.075455710688944,-0.023436022918011244,-0.12013549485963286,-0.28138376435577306,0.07381997621495826,-0.7752185243392647,0.014230099821387093,-1.0888243476709656
770921.593837982,PLAYBACK,6.189942360972054,0.004942360916174948,-0.023975738155185056,-0.11719340810254053,-0.2813792629892422,0.07346166170748347,-0.769717097734036,-0.007864042114899661,-1.0766065461203933,-0.023429693732671338,-0.12017232574631116,-0.2813819643568816,0.07382213398362723,-0.776049764234649,0.014944727578889384,-1.0901077458110169
770921.605041866,PLAYBACK,6.201271584955975,0.006271585007198155,-0.023975738155185056,-0.11719340810254053,-0.2813792629892422,0.07346166170748347,-0.770484321355001,-0.005178759441520242,-1.0773737697413583,-0.02342321108319414,-0.1202105846014042,-0.28138033883467983,0.07382439837286202,-0.7769487138212847,0.015605481516147802,-1.0914678383396048
770921.615529167,PLAYBACK,6.212020626990125,0.0020206270273774862,-0.023975738155185056,-0.11719340810254053,-0.2813792629892422,0.07346166170748347,-0.7712515449759678,-0.002877088578621567,-1.0781409933623252,-0.023417165187693198,-0.12024664818121805,-0.2813790501373138,0.0738265489025601,-0.7778351019822126,0.016154506941848612,-1.0927828140842828
770921.626784659,PLAYBACK,6.2237211120082065,0.0037211120361462235,-0.023975738155185056,-0.11719340810254053,-0.2813792629892422,0.07346166170748347,-0.7716351567864503,-0.0009590295262071891,-1.079675440604257,-0.023410719698930705,-0.12028529089065401,-0.28137794980751335,0.07382886663936143,-0.7788358173093448,0.016665132935145485,-1.094238588887487
770921.637364527,PLAYBACK,6.233290744945407,0.0032907449640333652,-0.023975738155185056,-0.11719340810254053,-0.2813792629892422,0.07346166170748347,-0.7724023804074154,0.0005754177157246687,-1.0808262760357046,-0.023405562503424147,-0.12031611468938652,-0.28137729410010887,0.07383072435879265,-0.7796805337829749,0.017015600051963845,-1.0954451940803271
770921.648297782,PLAYBACK,6.243484482984059,0.0034844829933717847,-0.02359212634470076,-0.11719340810254053,-0.2813792629892422,0.07307804989700095,-0.7731696040283822,0.0021098649576565265,-1.0815934996566714,-0.023400184511275325,-0.12034783563373586,-0.28137683934181495,0.07383264562027934,-0.7806041680217845,0.017323740642034586,-1.0967425104645956
770921.658509024,PLAYBACK,6.253509919042699,0.003509919042699039,-0.023975738155185056,-0.11719340810254053,-0.2813792629892422,0.07346166170748347,-0.7739368276493472,0.003260700389105864,-1.0831279468986033,-0.0233950052386787,-0.12037756070832635,-0.2813766308091885,0.07383445825268442,-0.7815339754899143,0.01756359948844486,-1.0980261976663
770921.669011935,PLAYBACK,6.265974428039044,0.005974428029730916,-0.023975738155185056,-0.11719340810254053,-0.2813792629892422,0.07346166170748347,-0.774704051270314,0.005178759441520242,-1.0846623941405351,-0.02338869207763786,-0.12041192437892044,-0.28137667723041043,0.07383657852666264,-0.7827152165462508,0.017780048917889722,-1.0996255968793893
770921.679688037,PLAYBACK,6.277602734044194,0.00760273402556777,-0.02359212634470076,-0.11719340810254053,-0.2813792629892422,0.07346166170748347,-0.7754712748912791,0.006329594872967803,-1.086196841382467,-0.02338288061853978,-0.12044080921216428,-0.2813769838827166,0.07383839851050682,-0.7838376491752899,0.017908375862544134,-1.1011128448133634
770921.69154395,PLAYBACK,6.287201593047939,0.002201593015342951,-0.023975738155185056,-0.11719340810254053,-0.2809956511787579,0.07346166170748347,-0.7762384985122459,0.0074804303044171405,-1.0873476768139145,-0.02337808901971143,-0.12046194520202433,-0.2813773868704818,0.07383977145852275,-0.7847759051006845,0.017968078990630593,-1.1023309507725758
770921.701763207,PLAYBACK,6.297415400040336,0.0024153999984264374,-0.023975738155185056,-0.11719340810254053,-0.2813792629892422,0.07346166170748347,-0.777005722133211,0.009014877546348998,-1.0881149004348813,-0.02337293180319101,-0.12048141163305304,-0.2813779164209931,0.07384109426208578,-0.785783632412525,0.01799365186814909,-1.1036120928614268
770921.712276398,PLAYBACK,6.3092058970360085,0.004205896984785795,-0.02359212634470076,-0.11719340810254053,-0.2809956511787579,0.07346166170748347,-0.7781565575646603,0.010549324788280856,-1.0900329594872957,-0.02336680155172957,-0.12049965257383344,-0.28137858728001164,0.0738424368422908,-0.7869572251219367,0.017985783737245062,-1.105064918863847
770921.723391942,PLAYBACK,6.318989810999483,0.003989811055362225,-0.023975738155185056,-0.11719340810254053,-0.2813792629892422,0.07346166170748347,-0.7789237811856253,0.011700160219730193,-1.0908001831082625,-0.02336147565378454,-0.1205111445211497,-0.2813791339402307,0.0738433985595998,-0.7879393242304724,0.01795839705032058,-1.1062437896544353
770921.733578857,PLAYBACK,6.331281297956593,0.006281298003159463,-0.023975738155185056,-0.11757701991302305,-0.2813792629892422,0.07346166170748347,-0.7796910048065921,0.012850995651179531,-1.0923346303501926,-0.02335433542942812,-0.120520795515679,-0.2813797326639564,0.07384441261469778,-0.7891856758618604,0.017910132104143814,-1.1076827904172308
770921.743942481,PLAYBACK,6.3350742439506575,7.42439879104495e-05,-0.023975738155185056,-0.11719340810254053,-0.2813792629892422,0.07346166170748347,-0.7800746166170747,0.013234607461662051,-1.0923346303501926,-0.023352005560382527,-0.12052271433393921,-0.2813798864791006,0.07384468280749505,-0.7895737866790427,0.017894253528912735,-1.1081159522911979
770921.748254312,PLAYBACK,6.3450554149458185,5.541497375816107e-05,-0.023975738155185056,-0.11757701991302305,-0.2813792629892422,0.07346166170748347,-0.7804582284275572,0.014001831082627092,-1.0938690775921245,-0.02334553075415033,-0.12052550777551087,-0.28138020231326283,0.07384530073211916,-0.790605376064633,0.017854734340960677,-1.1092274966351652
770921.759715088,PLAYBACK,6.355860564974137,0.005860564997419715,-0.023975738155185056,-0.11757701991302305,-0.2813792629892422,0.07346166170748347,-0.7816090638590065,0.01591989013504147,-1.0950199130235738,-0.02333787166328685,-0.12052522706965284,-0.2813803827954214,0.07384582292882602,-0.7917434823890204,0.017821667709342053,-1.1103777785708027
770921.769856466,PLAYBACK,6.366309272008948,0.0013092720182612538,-0.023975738155185056,-0.11757701991302305,-0.2813792629892422,0.07384527351796777,-0.7823762874799733,0.017070725566490808,-1.0969379720759882,-0.02332971988136232,-0.12052241954598948,-0.28138039843606755,0.07384618673492481,-0.7928708222035029,0.017805212846617464,-1.111428406132005
770921.77913979,PLAYBACK,6.375178202986717,0.00017820298671722412,-0.02359212634470076,-0.11757701991302305,-0.2813792629892422,0.07384527351796777,-0.7827598992904559,0.018221560997940145,-1.097705195696955,-0.023322160117869258,-0.12051886837527608,-0.2813803112928429,0.0738463843661189,-0.7938514770726476,0.01780575973013425,-1.112265322258941
770921.783914837,PLAYBACK,6.380163331981748,0.00016333197709172964,-0.023975738155185056,-0.11757701991302305,-0.2813792629892422,0.07384527351796777,-0.7831435111009384,0.018221560997940145,-1.0980888075074375,-0.023317635052183053,-0.1205167235310218,-0.2813802354678734,0.07384644765026725,-0.7944127208667393,0.01781213062583492,-1.112711353401225
770921.795479883,PLAYBACK,6.392662949045189,0.007662949035875499,-0.023975738155185056,-0.11757701991302305,-0.2813792629892422,0.07384527351796777,-0.7842943465323877,0.020139620050354523,-1.100006866559852,-0.02330536392769209,-0.12051209000896794,-0.28138002383755667,0.07384643420943356,-0.7958508657314295,0.01784598061738482,-1.11374658676658
770921.806546414,PLAYBACK,6.402363482047804,0.0023634820245206356,-0.023975738155185056,-0.11757701991302305,-0.2813792629892422,0.07384527351796777,-0.7850615701533528,0.02129045548180386,-1.1015413138017838,-0.02329487708939066,-0.1205104134709288,-0.28137991071797325,0.07384622016441156,-0.7969939885825673,0.01788681253894932,-1.114465624280613
770921.8167131,PLAYBACK,6.412939953966998,0.0029399539344012737,-0.023975738155185056,-0.11796063172350557,-0.2813792629892422,0.07384527351796777,-0.7862124055848021,0.02282490272373572,-1.1023085374227506,-0.02328241251934103,-0.12051168457337146,-0.28137992453165384,0.07384572503626358,-0.798259958212759,0.017940512620317466,-1.1151688065360805
770921.827324288,PLAYBACK,6.423536804039031,0.0035368039971217513,-0.023975738155185056,-0.11757701991302305,-0.2813792629892422,0.07384527351796777,-0.7869796292057671,0.023975738155185056,-1.1034593728541982,-0.023268750480782398,-0.12051701196788019,-0.2813801566351534,0.0738448775888046,-0.7995391875015273,0.01799782769195322,-1.115798591057704
770921.838983384,PLAYBACK,6.435067072976381,0.005067072925157845,-0.023975738155185056,-0.11796063172350557,-0.2809956511787579,0.07384527351796777,-0.787746852826734,0.025510185397115137,-1.1053774319066143,-0.02325238397157933,-0.1205279377326357,-0.2813807247419458,0.07384344399853182,-0.8009309762084992,0.018057536970976514,-1.116415964919437
770921.849373088,PLAYBACK,6.447715644026175,0.007715644082054496,-0.023975738155185056,-0.11757701991302305,-0.2809956511787579,0.07384527351796777,-0.7888976882581833,0.027044632639046995,-1.1065282673380619,-0.023232320314215568,-0.120546109907061,-0.2813817709210198,0.07384109523615792,-0.8024434625674192,0.01811424680953506,-1.1170376983027268
770921.859925844,PLAYBACK,6.455721421050839,0.000721421092748642,-0.023975738155185056,-0.11757701991302305,-0.2813792629892422,0.07384527351796777,-0.7896649118791483,0.027811856260013812,-1.1069118791485462,-0.02321827571937458,-0.12056074806773154,-0.2813826672750931,0.07383909820196448,-0.803387104893469,0.018144026647659822,-1.117414992412795
770921.871169714,PLAYBACK,6.467279472970404,0.002279473003000021,-0.023975738155185056,-0.11796063172350557,-0.2813792629892422,0.07384527351796777,-0.7908157473105977,0.028579079880978853,-1.108446326390478,-0.02319581417507884,-0.12058572541579587,-0.2813842762866145,0.07383537854368975,-0.8047238087048151,0.018178175640640764,-1.1179565194383991
770921.8852927,PLAYBACK,6.478359109023586,0.00335910904686898,-0.023975738155185056,-0.11796063172350557,-0.2813792629892422,0.07384527351796777,-0.791966582742047,0.02934630350194567,-1.109213550011443,-0.02317143593581262,-0.12061345484863752,-0.2813861598216155,0.07383072361484716,-0.805970085388022,0.018201329091081263,-1.118491261752629
770921.893670329,PLAYBACK,6.490407780976966,0.0004077809862792492,-0.023975738155185056,-0.11757701991302305,-0.2809956511787579,0.07422888532845029,-0.792733806363012,0.03011352712291071,-1.1103643854428924,-0.023141204419037904,-0.12064725686826112,-0.2813885766694974,0.07382424112428834,-0.8072778552737053,0.01821661108437291,-1.1191120883913452
770921.898678794,PLAYBACK,6.495059201959521,5.920196417719126e-05,-0.023975738155185056,-0.11796063172350557,-0.2813792629892422,0.07384527351796777,-0.792733806363012,0.03011352712291071,-1.1103643854428924,-0.02312837889129604,-0.12066119412050222,-0.281389609061949,0.07382129795334118,-0.8077673260601854,0.01821999884515568,-1.1193670436520862
770921.909610376,PLAYBACK,6.508485472993925,0.008485472993925214,-0.023975738155185056,-0.11796063172350557,-0.2809956511787579,0.07384527351796777,-0.7946518654154264,0.030497138933395007,-1.11151522087434,-0.023087433334052245,-0.12070368737082275,-0.28139287952010456,0.07381129876279467,-0.8091229855548637,0.01822301673466073,-1.120162815448456
770921.920655786,PLAYBACK,6.515969239990227,0.0009692399762570858,-0.02359212634470076,-0.11796063172350557,-0.2813792629892422,0.07384527351796777,-0.7958027008468758,0.030880750743877527,-1.1118988326848243,-0.02306196899822788,-0.12072849918668799,-0.2813948729726421,0.07380470555810832,-0.8098357711316304,0.01822103969768481,-1.120650039426022
770921.930704036,PLAYBACK,6.527839038986713,0.00283903896342963,-0.023975738155185056,-0.11796063172350557,-0.2813792629892422,0.07422888532845029,-0.7969535362783251,0.030880750743877527,-1.1126660563057893,-0.02301764153413932,-0.12076880953285395,-0.281398243356958,0.073792706800503,-0.8108916220402618,0.018213965375325002,-1.121492989013959
770921.941912167,PLAYBACK,6.5379312329459935,0.0029312329133972526,-0.023975738155185056,-0.11796063172350557,-0.2813792629892422,0.07384527351796777,-0.7981043717097727,0.030880750743877527,-1.1134332799267561,-0.02297626821159586,-0.12080338942457526,-0.2814012663432303,0.07378104147919524,-0.811708563783998,0.018205415427268303,-1.12227860411952
770921.954075759,PLAYBACK,6.550048495992087,0.005048495950177312,-0.02359212634470076,-0.11796063172350557,-0.2813792629892422,0.07384527351796777,-0.799255207141222,0.030880750743877527,-1.1145841153582037,-0.022922547596781716,-0.12084448131832597,-0.2814050182283968,0.07376539566326823,-0.812584104871251,0.018193736836488675,-1.123300756366364
770921.964798952,PLAYBACK,6.562543662963435,0.007543662912212312,-0.023975738155185056,-0.11796063172350557,-0.2813792629892422,0.07384527351796777,-0.8004060425726713,0.030880750743877527,-1.114967727168688,-0.02286333958156417,-0.12088561519368589,-0.2814089439191932,0.0737476774734851,-0.8133668577315097,0.018181727577954165,-1.124431488058091
770921.977049611,PLAYBACK,6.571926999022253,0.0019269990734755993,-0.02359212634470076,-0.11796063172350557,-0.2809956511787579,0.07384527351796777,-0.8015568780041207,0.030880750743877527,-1.1161185626001355,-0.022816960428663834,-0.12091532919811215,-0.2814118790900628,0.0737335502727607,-0.8138796141049387,0.018173581736731434,-1.1253200915661596
770921.987636082,PLAYBACK,6.583505730959587,0.003505731001496315,-0.023975738155185056,-0.11796063172350557,-0.2813792629892422,0.07384527351796777,-0.8030913252460525,0.030880750743877527,-1.1168857862211024,-0.022758172132770677,-0.12095040435006656,-0.2814154378244869,0.07371542682023145,-0.8144343211885011,0.018165234034442018,-1.1264490350888685
770921.998991295,PLAYBACK,6.595560875022784,0.005560875055380166,-0.023975738155185056,-0.11796063172350557,-0.2813792629892422,0.07422888532845029,-0.8042421606775001,0.030880750743877527,-1.1172693980315849,-0.022695780484527254,-0.12098508547134709,-0.2814190329532415,0.07369602415422442,-0.8149367887557667,0.01815892130247424,-1.1276484763334567
770922.010627818,PLAYBACK,6.607544673024677,0.0075446730479598045,-0.023975738155185056,-0.11796063172350557,-0.2809956511787579,0.07384527351796777,-0.8053929961089494,0.030497138933395007,-1.1176530098420674,-0.022633032404556705,-0.12101798122494725,-0.28142247672919507,0.07367643107875516,-0.8153811535078286,0.018155095834808645,-1.1288535321206212
770922.029045731,PLAYBACK,6.622235125978477,0.007235125987790525,-0.02359212634470076,-0.11796063172350557,-0.2809956511787579,0.07384527351796777,-0.8069274433508813,0.030497138933395007,-1.1184202334630342,-0.02255552619386978,-0.12105681613135465,-0.28142651468431645,0.07365225342741985,-0.8158831262509909,0.018153440950509726,-1.1303357738843391
770922.033871526,PLAYBACK,6.630075725959614,7.572595495730639e-05,-0.02359212634470076,-0.11796063172350557,-0.2809956511787579,0.07422888532845029,-0.8073110551613638,0.030497138933395007,-1.1195710688944835,-0.02251398180166617,-0.12107716990643798,-0.28142858741785065,0.07363935668236994,-0.8161441996634168,0.01815376094305536,-1.1311254677045663
770922.044712755,PLAYBACK,6.640582063002512,0.005582062993198633,-0.02359212634470076,-0.11796063172350557,-0.2809956511787579,0.07422888532845029,-0.8076946669718463,0.030880750743877527,-1.1195710688944835,-0.022458168897947172,-0.1211043444013157,-0.28143127456762884,0.07362215358951454,-0.8164984213703923,0.018155343973516393,-1.132178926745316
770922.055398045,PLAYBACK,6.652176545001566,0.0021765449782833457,-0.023975738155185056,-0.11796063172350557,-0.2813792629892422,0.07422888532845029,-0.8092291142137782,0.030497138933395007,-1.120721904325931,-0.022396439021889175,-0.12113456758535295,-0.28143411620701536,0.07360336079096766,-0.816908442285632,0.01815844529629308,-1.133331189056768
770922.066886784,PLAYBACK,6.662456379039213,0.0024563790066167712,-0.023975738155185056,-0.11796063172350557,-0.2809956511787579,0.07422888532845029,-0.809996337834745,0.030497138933395007,-1.121489127946898,-0.022341670855187273,-0.12116192579504971,-0.28143651912575546,0.07358696880837162,-0.8173010942195955,0.018162198187315886,-1.1343389327689235
770922.082929347,PLAYBACK,6.677993844030425,0.007993843988515437,-0.02359212634470076,-0.11834424353398987,-0.2809956511787579,0.07384527351796777,-0.8111471732661943,0.030497138933395007,-1.1230235751888298,-0.02225914760500833,-0.12120505999961276,-0.2814399134292696,0.07356296337617085,-0.8179725441857548,0.018169188459159397,-1.1358230419430722
770922.087552474,PLAYBACK,6.685092583997175,9.258394129574299e-05,-0.023975738155185056,-0.11834424353398987,-0.2813792629892422,0.07422888532845029,-0.8111471732661943,0.030497138933395007,-1.1237907988097948,-0.022221719514664194,-0.12122576490281124,-0.2814413542787238,0.07355243342912383,-0.8183196131373945,0.01817271077002938,-1.136478923669027
770922.099286433,PLAYBACK,6.694383732974529,0.004383733030408621,-0.02359212634470076,-0.11834424353398987,-0.2813792629892422,0.07422888532845029,-0.8119143968871594,0.030497138933395007,-1.1245580224307616,-0.022173189359108107,-0.12125405371939588,-0.2814431200206495,0.07353919863953699,-0.8188192729391371,0.01817743267733865,-1.13730959597021
770922.109260962,PLAYBACK,6.705803651013412,0.0008036510553210974,-0.02359212634470076,-0.11834424353398987,-0.2809956511787579,0.07384527351796777,-0.8122980086976419,0.030497138933395007,-1.1260924696726935,-0.02211454619639696,-0.12129093975617164,-0.2814450812588417,0.07352396302714378,-0.8195104836752626,0.01818313905928305,-1.1382782070514672
770922.119353747,PLAYBACK,6.715840216958895,0.0008402169914916158,-0.02359212634470076,-0.11834424353398987,-0.2809956511787579,0.07422888532845029,-0.8134488441290912,0.030497138933395007,-1.126476081483176,-0.02206422469809276,-0.12132546996558202,-0.2814465930185625,0.0735116818842747,-0.8201905881957136,0.018187810908205218,-1.1390732203136495
770922.130095205,PLAYBACK,6.727231219992973,0.0022312200162559748,-0.02359212634470076,-0.11834424353398987,-0.2813792629892422,0.07384527351796777,-0.8138324559395738,0.030497138933395007,-1.1280105287251079,-0.022008823904418877,-0.12136716268920761,-0.28144804619308095,0.07349917148060424,-0.8210419038702133,0.01819245944611792,-1.1399033086516852
770922.141679647,PLAYBACK,6.737909576972015,0.0029095769859850407,-0.02359212634470076,-0.11872785534447239,-0.2813792629892422,0.07384527351796777,-0.8145996795605406,0.03011352712291071,-1.1291613641565572,-0.02195876364400654,-0.12140869043228152,-0.28144913922021103,0.07348893530079742,-0.8219096228706263,0.018195993372068925,-1.1406065644360488
770922.153890089,PLAYBACK,6.751039769966155,0.0060397699708119035,-0.02359212634470076,-0.11872785534447239,-0.2813792629892422,0.07384527351796777,-0.8153669031815056,0.03011352712291071,-1.1303121995880048,-0.021899784082246024,-0.12146299596857199,-0.28145011445731166,0.07347839302320015,-0.8230550568297723,0.018199074554330053,-1.1413700428099625
770922.162480386,PLAYBACK,6.759625458042137,0.004625458037480712,-0.02359212634470076,-0.11872785534447239,-0.2813792629892422,0.07384527351796777,-0.8157505149919881,0.03011352712291071,-1.1306958113984873,-0.021862634756959376,-0.1215004565978324,-0.281450533012335,0.07347269244877536,-0.8238425880624992,0.01820030815501361,-1.1418114365384027
770922.173591111,PLAYBACK,6.765139300958253,0.00013930094428360462,-0.02359212634470076,-0.11872785534447239,-0.2813792629892422,0.07422888532845029,-0.8157505149919881,0.03011352712291071,-1.131463035019454,-0.02183927462082074,-0.12152534450708499,-0.2814507127513905,0.07346950177494148,-0.8243616010545741,0.018200784446358257,-1.1420727203359116
770922.178551904,PLAYBACK,6.775066748959944,6.674893666058779e-05,-0.02359212634470076,-0.11872785534447239,-0.2813792629892422,0.07422888532845029,-0.816517738612955,0.03011352712291071,-1.1326138704509034,-0.021797970287624088,-0.12157184010283215,-0.28145086701282196,0.07346461665768268,-0.8253175921045495,0.018201059807946413,-1.1425039860858364
770922.190072765,PLAYBACK,6.787115751998499,0.007115751970559359,-0.02359212634470076,-0.11911146715495491,-0.2813792629892422,0.07384527351796777,-0.81728496223392,0.03011352712291071,-1.133764705882351,-0.021748624665481057,-0.12163131856642509,-0.28145077556675285,0.07346002113809451,-0.8265068700754558,0.018200493870979453,-1.1429699026035334
770922.201597373,PLAYBACK,6.796478569041938,0.0014785690000280738,-0.02359212634470076,-0.11911146715495491,-0.2813792629892422,0.07384527351796777,-0.8180521858548868,0.03011352712291071,-1.1341483176928353,-0.02171040986926041,-0.12167999184151213,-0.2814505045400459,0.07345733207859231,-0.8274468753549604,0.018199468917764056,-1.1432971111029893
770922.211658848,PLAYBACK,6.808135138940997,0.00313513888977468,-0.02359212634470076,-0.11911146715495491,-0.2813792629892422,0.07384527351796777,-0.8188194094758519,0.03011352712291071,-1.1356827649347672,-0.02166241369376975,-0.12174382695383411,-0.28144993303871824,0.07345492085349917,-0.8286303484710248,0.01819759142130209,-1.1436719630558052
770922.222195563,PLAYBACK,6.819393977988511,0.004393978044390678,-0.02359212634470076,-0.11911146715495491,-0.2813792629892422,0.07384527351796777,-0.8195866330968187,0.02972991531242819,-1.1364499885557322,-0.02161504976272575,-0.12180917752241603,-0.28144914094087486,0.07345345687873225,-0.8297822919618455,0.01819524936418427,-1.1440088420719148
770922.232669829,PLAYBACK,6.828880492015742,0.0038804920623078942,-0.02359212634470076,-0.11911146715495491,-0.2813792629892422,0.07384527351796777,-0.820737468528268,0.02972991531242819,-1.137217212176699,-0.021573955993920785,-0.12186729776788416,-0.2814482929333729,0.07345280050779907,-0.8307563591049618,0.018192948870516715,-1.144279803676356
770922.243398583,PLAYBACK,6.841355661046691,0.006355661083944142,-0.02359212634470076,-0.11949507896543743,-0.2809956511787579,0.07422888532845029,-0.821504692149233,0.02972991531242819,-1.137984435797664,-0.0215176733557601,-0.12194834813604592,-0.28144692748757766,0.07345262765150148,-0.8320376234975787,0.018189578073754258,-1.1446267571573678
770922.254897552,PLAYBACK,6.850856903009117,0.005856903037056327,-0.02359212634470076,-0.11911146715495491,-0.2813792629892422,0.07384527351796777,-0.8222719157701999,0.02972991531242819,-1.1387516594186309,-0.021472667291395624,-0.12201387102587773,-0.28144569653696416,0.07345293950309605,-0.8330102889222316,0.01818683039865477,-1.144889960480141
770922.265262809,PLAYBACK,6.8611714619910344,0.0011714620050042868,-0.02320851453421824,-0.11949507896543743,-0.2813792629892422,0.07384527351796777,-0.8234227512016474,0.02972991531242819,-1.1391352712291134,-0.02142127092667282,-0.12208900073633129,-0.281444172269428,0.07345362988378455,-0.8340594501024176,0.018183756569264763,-1.1451807695407075
770922.276052309,PLAYBACK,6.871567378053442,0.0015673780580982566,-0.02320851453421824,-0.11987869077592173,-0.2813792629892422,0.07384527351796777,-0.8241899748226142,0.02972991531242819,-1.139518883039596,-0.021366346541247683,-0.12216922546091229,-0.28144243663239515,0.07345461890641797,-0.8351058698272733,0.018180647312820406,-1.1454851854335855
770922.287033796,PLAYBACK,6.882782613043673,0.0027826130390167236,-0.02359212634470076,-0.11987869077592173,-0.2813792629892422,0.07384527351796777,-0.8253408102540618,0.02972991531242819,-1.1399024948500784,-0.02130302472634017,-0.12226119962565724,-0.2814403380836373,0.07345593133814539,-0.8362173887734936,0.0181773788095688,-1.1458333682591546
770922.296761091,PLAYBACK,6.893708535004407,0.003708534990437329,-0.02320851453421824,-0.11987869077592173,-0.2813792629892422,0.07384527351796777,-0.8261080338750286,0.02972991531242819,-1.1406697184710453,-0.021236708205838638,-0.12235657532763183,-0.28143806682993494,0.07345737548753252,-0.8372774568249366,0.018174377220484966,-1.1461992751075427
770922.306847624,PLAYBACK,6.903413766995072,0.0034137669717893004,-0.02359212634470076,-0.11987869077592173,-0.2813792629892422,0.07384527351796777,-0.827258869306478,0.02972991531242819,-1.1410533302815278,-0.021173542660425468,-0.12244632062264053,-0.2814358620240571,0.07345872989844265,-0.8381955018715996,0.018171939763341513,-1.1465516517329144
770922.31730644,PLAYBACK,6.913295257952996,0.003295257920399308,-0.02320851453421824,-0.12026230258640425,-0.2813792629892422,0.07384527351796777,-0.828026092927443,0.02934630350194567,-1.1414369420920103,-0.021104784309802033,-0.12254270189919746,-0.2814334386931572,0.0734601095557201,-0.839102716974906,0.018169752167000636,-1.146941106583722
770922.326785579,PLAYBACK,6.922907592030242,0.0029075919883325696,-0.02320851453421824,-0.12026230258640425,-0.2813792629892422,0.07384527351796777,-0.8287933165484098,0.02934630350194567,-1.1418205539024928,-0.021033380747710242,-0.12264133676187303,-0.2814309136680693,0.07346137575739072,-0.839953944730932,0.018167979002025193,-1.1473528121114154
770922.338302302,PLAYBACK,6.9300612369552255,6.123690400272608e-05,-0.02320851453421824,-0.12064591439688677,-0.2813792629892422,0.07384527351796777,-0.8291769283588923,0.02934630350194567,-1.1422041657129771,-0.02097728610179717,-0.12271781336662288,-0.28142893203858305,0.07346221727386457,-0.840564594930759,0.018166928049005382,-1.1476815678882164
770922.348872502,PLAYBACK,6.94006840698421,6.840704008936882e-05,-0.02320851453421824,-0.12102952620736929,-0.2813792629892422,0.07384527351796777,-0.8299441519798574,0.02934630350194567,-1.1425877775234596,-0.02089459566125511,-0.12282900168931206,-0.28142602391173405,0.07346317049387428,-0.8413821145122358,0.018165897214194173,-1.1481744700177634
770922.354233863,PLAYBACK,6.950057644047774,5.7644094340503216e-05,-0.02320851453421824,-0.12064591439688677,-0.2813792629892422,0.07384527351796777,-0.8310949874113067,0.02934630350194567,-1.1425877775234596,-0.0208072892935295,-0.12294450459814446,-0.281422980866245,0.0734637731225547,-0.8421511646756419,0.018165428498756138,-1.148704783528537
770922.365111662,PLAYBACK,6.962005223031156,0.002005223068408668,-0.02320851453421824,-0.12102952620736929,-0.2813792629892422,0.07384527351796777,-0.8318622110322735,0.02934630350194567,-1.1433550011444247,-0.020697074132539916,-0.12308771518247352,-0.2814191964371928,0.07346392753731236,-0.8430039423509688,0.018165638297394055,-1.1493867336116412
770922.376831915,PLAYBACK,6.972546246019192,0.002546246047131717,-0.02320851453421824,-0.12141313801785181,-0.2813792629892422,0.07422888532845029,-0.8330130464637211,0.02934630350194567,-1.143738612954909,-0.020595265134213427,-0.12321756458473482,-0.281415775246603,0.07346349677478577,-0.8436926000985522,0.01816649739383214,-1.1500264451817062
770922.38655964,PLAYBACK,6.98341057903599,0.0034105790546163917,-0.02320851453421824,-0.12141313801785181,-0.2813792629892422,0.07422888532845029,-0.8337802700846879,0.02896269169146315,-1.144505836575874,-0.020486740786267426,-0.12335350058247298,-0.2814122282022653,0.07346248809822717,-0.8443390333091805,0.018167965266677456,-1.150715483335632
770922.398044763,PLAYBACK,6.9943629410117865,0.004362941021099687,-0.02320851453421824,-0.1217967498283361,-0.2813792629892422,0.07422888532845029,-0.834547493705653,0.02896269169146315,-1.144505836575874,-0.020374629441625155,-0.12349130769641782,-0.2814086931891523,0.07346090433665427,-0.8449271585966603,0.018169932772028094,-1.1514315661237235
770922.409333328,PLAYBACK,7.0005601230077446,0.0005601230077445507,-0.02320851453421824,-0.12218036163881862,-0.2813792629892422,0.07384527351796777,-0.8349311055161355,0.028579079880978853,-1.1448894483863565,-0.020310357189152313,-0.12356912870974546,-0.28140673299061597,0.0734597586816268,-0.8452330531227413,0.018171218836938178,-1.1518427063268804
770922.419940499,PLAYBACK,7.01573812996503,0.0007381299510598183,-0.02320851453421824,-0.12218036163881862,-0.2813792629892422,0.07384527351796777,-0.8360819409475848,0.028579079880978853,-1.1456566720073234,-0.02015146348806299,-0.12375791970529941,-0.28140211061222314,0.07345614951272997,-0.845908096137993,0.01817477345997438,-1.1528564783933724
770922.430371872,PLAYBACK,7.026716360938735,0.001716360915452242,-0.02320851453421824,-0.12256397344930114,-0.2813792629892422,0.07384527351796777,-0.8372327763790341,0.028579079880978853,-1.1464238956282884,-0.02003583842274914,-0.12389225150586716,-0.2813989476513552,0.0734527158878364,-0.8463403599279142,0.018177652032144102,-1.1535880743105953
770922.442089149,PLAYBACK,7.038127521984279,0.0031275219516828656,-0.02320851453421824,-0.12294758525978366,-0.2813792629892422,0.07384527351796777,-0.8376163881895167,0.028195468070496332,-1.1468075074387727,-0.019915299077415453,-0.12402980314300535,-0.2813958185892626,0.07344822843947986,-0.846751979026631,0.01818091833109299,-1.1543415347365804
770922.45237789,PLAYBACK,7.04952309303917,0.004523092997260392,-0.02320851453421824,-0.12294758525978366,-0.2813792629892422,0.07384527351796777,-0.8383836118104835,0.028195468070496332,-1.1475747310597377,-0.019794538903425744,-0.1241652458613922,-0.2813928432896478,0.07344261530740823,-0.8471370581164532,0.018184473104994707,-1.1550830841541897
770922.463399044,PLAYBACK,7.061162812053226,0.006162812002003193,-0.02282490272373572,-0.12333119707026796,-0.2813792629892422,0.07422888532845029,-0.8391508354314485,0.028195468070496332,-1.1483419546807045,-0.01967063682098794,-0.12430177298792541,-0.281389954240061,0.0734355323768497,-0.8475167451918717,0.018188385708240263,-1.1558250580021254
770922.474919003,PLAYBACK,7.0709925120463595,0.005992512102238834,-0.02282490272373572,-0.12333119707026796,-0.2813792629892422,0.07422888532845029,-0.839534447241931,0.027811856260013812,-1.1491091783016696,-0.019565439339601507,-0.12441552306353368,-0.28138764754240664,0.0734284061895189,-0.8478359208923778,0.018191838002569537,-1.1564351034363716
770922.485442603,PLAYBACK,7.08254360104911,0.0025436010910198092,-0.02282490272373572,-0.12371480888075048,-0.2813792629892422,0.07384527351796777,-0.8403016708628979,0.027811856260013812,-1.1498764019226346,-0.019441102770613217,-0.12454673337875953,-0.28138514455595115,0.07341869715000038,-0.8482186317680702,0.018195879362487902,-1.1571249847456588
770922.496044353,PLAYBACK,7.092438978026621,0.002438978059217334,-0.02282490272373572,-0.124098420691233,-0.2813792629892422,0.07384527351796777,-0.8406852826733804,0.02742824444953129,-1.150260013733119,-0.019334041247289924,-0.12465605268704777,-0.28138324649234303,0.07340931891747131,-0.848559127158429,0.01819909941047793,-1.1576845924167416
770922.507413333,PLAYBACK,7.102842307998799,0.002842308022081852,-0.022441290913253198,-0.12448203250171552,-0.2813792629892422,0.07384527351796777,-0.8410688944838629,0.02742824444953129,-1.151027237354084,-0.01922113261989428,-0.12476662277251734,-0.28138157530118346,0.07339854406987421,-0.8489343376108628,0.018201979505324366,-1.15823232734775
770922.518076921,PLAYBACK,7.115660122944973,0.005660122958943248,-0.022441290913253198,-0.12448203250171552,-0.2809956511787579,0.07384527351796777,-0.8414525062943472,0.02742824444953129,-1.1521780727855333,-0.019082005454927387,-0.12489457039156553,-0.28138008013648613,0.07338421451278335,-0.8494255146467332,0.018204452909456503,-1.158836219807611
770922.528692258,PLAYBACK,7.1254505990073085,0.005450599011965096,-0.022441290913253198,-0.12486564431219982,-0.2813792629892422,0.07384527351796777,-0.8422197299153122,0.027044632639046995,-1.1529452964064983,-0.018976228977818782,-0.12498455268568212,-0.2813794110061792,0.07337264403785834,-0.8498240615910153,0.018205344937911237,-1.1592356940587087
770922.538734175,PLAYBACK,7.135168396052904,0.005168396048247814,-0.0220576791027689,-0.12524925612268234,-0.2813792629892422,0.07422888532845029,-0.8429869535362773,0.027044632639046995,-1.1533289082169826,-0.018872202864618548,-0.1250660414690348,-0.2813791602227059,0.07336071256464494,-0.8502400737521879,0.018205313679043232,-1.1595736527853895
770922.550792035,PLAYBACK,7.140060157049447,6.015703547745943e-05,-0.0220576791027689,-0.12524925612268234,-0.2813792629892422,0.07384527351796777,-0.8429869535362773,0.026661020828564475,-1.1533289082169826,-0.018820387980116246,-0.12510383817962173,-0.2813791797276152,0.07335454541820599,-0.8504570211660976,0.018204969906117335,-1.1597207941455248
770922.561732063,PLAYBACK,7.157587514957413,0.0025875149294734,-0.0220576791027689,-0.12563286793316486,-0.2813792629892422,0.07422888532845029,-0.8441377889677266,0.026661020828564475,-1.1548633554589145,-0.018639331054079503,-0.12522032100343242,-0.28137985670096644,0.07333142843245277,-0.8512724893817778,0.01820240608582134,-1.1601221049725157
770922.571927044,PLAYBACK,7.169402188039385,0.004402188002131879,-0.0220576791027689,-0.12563286793316486,-0.2813792629892422,0.07422888532845029,-0.8449050125886934,0.026661020828564475,-1.155246967269397,-0.01852290774912037,-0.12528171026598153,-0.2813805667811852,0.07331466191808825,-0.8518509490488263,0.01820022985084427,-1.1602882884110615
770922.582812567,PLAYBACK,7.1794505779398605,0.004450577893294394,-0.02167406729228638,-0.12563286793316486,-0.2813792629892422,0.07384527351796777,-0.845288624399176,0.026661020828564475,-1.1556305790798795,-0.01842852506470206,-0.12532322608807264,-0.2813810794629285,0.07329936834345173,-0.8523565547866716,0.01819876024056378,-1.160372042290935
770922.592498252,PLAYBACK,7.1888860339531675,0.0038860338972881436,-0.02167406729228638,-0.12601647974364738,-0.2813792629892422,0.07384527351796777,-0.8464394598306253,0.026661020828564475,-1.156014190890362,-0.018344343907497434,-0.1253536452762545,-0.281381302387161,0.07328392846828441,-0.8528390578734142,0.018198185960300626,-1.1604100492257161
770922.603657891,PLAYBACK,7.199119237950072,0.004119238001294434,-0.02167406729228638,-0.12601647974364738,-0.2813792629892422,0.07384527351796777,-0.8468230716411078,0.026277409018081954,-1.1563978027008464,-0.018258273272082036,-0.12537785325699152,-0.28138107801096385,0.07326578515754203,-0.853366666214921,0.018198937133285895,-1.160415540325857
770922.614344193,PLAYBACK,7.210015762946568,0.005015762988477945,-0.0220576791027689,-0.12601647974364738,-0.2813792629892422,0.07384527351796777,-0.8475902952620729,0.026277409018081954,-1.1571650263218114,-0.01817267324373868,-0.12539444476374834,-0.28138011691960024,0.07324464859812857,-0.8539282809920811,0.018201817215368676,-1.1603911148229953
770922.624662751,PLAYBACK,7.221569697023369,0.0015696970513090491,-0.02167406729228638,-0.12640009155413168,-0.2813792629892422,0.07384527351796777,-0.8479739070725572,0.026277409018081954,-1.157548638132294,-0.018088242484868473,-0.1254028592145913,-0.281378113976639,0.07322000979139805,-0.8545173252561822,0.018207671896577692,-1.1603432909542417
770922.634757359,PLAYBACK,7.231619118945673,0.0016191189642995596,-0.02167406729228638,-0.12640009155413168,-0.2813792629892422,0.07384527351796777,-0.8487411306935222,0.025893797207599434,-1.1579322499427782,-0.018019129799753942,-0.12540352292681461,-0.28137547507535227,0.07319666618536355,-0.8550192073609357,0.018215302084992162,-1.1602921976536615
770922.645873074,PLAYBACK,7.241423471947201,0.001423471956513822,-0.02167406729228638,-0.12640009155413168,-0.2813792629892422,0.07384527351796777,-0.8491247425040047,0.025893797207599434,-1.1579322499427782,-0.017954205130616706,-0.12539909705461091,-0.28137210173370547,0.07317223567338133,-0.8554953332701966,0.018225000836786787,-1.1602399387564188
770922.657273444,PLAYBACK,7.252951676957309,0.002951676957309246,-0.02167406729228638,-0.12640009155413168,-0.2813792629892422,0.07422888532845029,-0.849508354314489,0.025893797207599434,-1.1579322499427782,-0.017878725604540898,-0.12538859314658607,-0.2813672131318806,0.07314161191496314,-0.8560332564842345,0.01823900632964607,-1.1601811579765238
770922.668351457,PLAYBACK,7.263877097051591,0.0038770970422774553,-0.02167406729228638,-0.12640009155413168,-0.2813792629892422,0.07384527351796777,-0.850275577935454,0.025510185397115137,-1.1583158617532607,-0.01780528239468051,-0.12537445895456872,-0.2813618157170933,0.0731109956632627,-0.8565166600589227,0.018254439587409018,-1.1601321940206284
770922.679856607,PLAYBACK,7.277381257037632,0.007381257019005716,-0.02129045548180386,-0.12640009155413168,-0.2813792629892422,0.07384527351796777,-0.8506591897459366,0.025510185397115137,-1.1586994735637433,-0.017707398628086995,-0.12535295702033555,-0.28135443086696854,0.07307158335126113,-0.857072652389098,0.018275544752112266,-1.1600843941554422
770922.691231098,PLAYBACK,7.287538054981269,0.0025380549486726522,-0.02129045548180386,-0.12640009155413168,-0.2813792629892422,0.07384527351796777,-0.8514264133669034,0.025510185397115137,-1.1586994735637433,-0.01762534646105005,-0.12533489683010382,-0.281348616558943,0.0730412611623605,-0.8574569704938696,0.018292175041534065,-1.1600588155934526
770922.702161628,PLAYBACK,7.2981292749755085,0.0031292749335989356,-0.02129045548180386,-0.1267837033646142,-0.2813792629892422,0.07384527351796777,-0.8518100251773859,0.025126573586632617,-1.1590830853742258,-0.017529235741854422,-0.1253152170473943,-0.2813425696028883,0.07300947318348866,-0.8578240657190875,0.018309504209964633,-1.1600416006498901
770922.713532181,PLAYBACK,7.309278634027578,0.004278633976355195,-0.02129045548180386,-0.1267837033646142,-0.2813792629892422,0.07384527351796777,-0.852577248798351,0.025126573586632617,-1.1590830853742258,-0.0174138001532808,-0.1252943827893799,-0.2813364847093968,0.07297629731676121,-0.8581712406051658,0.01832700312884378,-1.160033088015822
770922.725080163,PLAYBACK,7.321122913970612,0.006122914026491344,-0.02129045548180386,-0.12640009155413168,-0.2813792629892422,0.07384527351796777,-0.8533444724193178,0.025126573586632617,-1.1590830853742258,-0.017272587147372235,-0.12527297076271993,-0.2813306303697756,0.07294191915838542,-0.8584941937477771,0.018343940295949723,-1.1600332717353614
770922.735438397,PLAYBACK,7.333123364020139,0.003123364062048495,-0.02090684367132134,-0.1267837033646142,-0.2813792629892422,0.07384527351796777,-0.8537280842298003,0.025126573586632617,-1.1590830853742258,-0.017108037240349094,-0.12525281994620904,-0.28132562112810006,0.0729085404962011,-0.8587722650031379,0.018358582125574327,-1.1600410970563442
770922.746779964,PLAYBACK,7.343190539977513,0.003190540010109544,-0.020523231860837043,-0.1267837033646142,-0.2813792629892422,0.07384527351796777,-0.8544953078507671,0.025126573586632617,-1.1594666971847083,-0.016952658005345702,-0.12523758331415474,-0.2813223008080474,0.0728820157919673,-0.8589674204816797,0.01836844736121778,-1.160052046107709
770922.75770847,PLAYBACK,7.353606433956884,0.003606433980166912,-0.020523231860837043,-0.12640009155413168,-0.2813792629892422,0.07422888532845029,-0.8548789196612496,0.025126573586632617,-1.1594666971847083,-0.01677543896782653,-0.1252237371194029,-0.28131981480916274,0.07285624394324536,-0.8591334441063798,0.018376045157913475,-1.1600663201281474
770922.768502889,PLAYBACK,7.364348463015631,0.00434846302960068,-0.020523231860837043,-0.1267837033646142,-0.2813792629892422,0.07384527351796777,-0.8552625314717321,0.025126573586632617,-1.1594666971847083,-0.01657608459219652,-0.12521171640736672,-0.28131831880934105,0.07283163950920567,-0.8592677891975482,0.0183809400573325,-1.160083068599332
770922.779211825,PLAYBACK,7.3753748659510165,0.005374865955673158,-0.020523231860837043,-0.1267837033646142,-0.2813792629892422,0.07384527351796777,-0.856029755092699,0.025126573586632617,-1.1594666971847083,-0.016355659450024932,-0.125201893172437,-0.2813179262605451,0.07280861473822949,-0.8593688096901381,0.0183828103839246,-1.1601013773486522
770922.790209032,PLAYBACK,7.38000231096521,2.310960553586483e-06,-0.020523231860837043,-0.1267837033646142,-0.2813792629892422,0.07384527351796777,-0.856029755092699,0.024742961776150096,-1.1594666971847083,-0.01625894465190877,-0.125198541481796,-0.2813181012868839,0.07279964841467819,-0.8594006968636909,0.01838265617305688,-1.1601091818849716
770922.800783691,PLAYBACK,7.3965311660431325,0.001531166024506092,-0.020139620050354523,-0.1267837033646142,-0.2813792629892422,0.07384527351796777,-0.856796978713664,0.024742961776150096,-1.1594666971847083,-0.015897193730110774,-0.1251902337181474,-0.28132028211737636,0.07277103938891898,-0.8594681764028078,0.01837779560834267,-1.1601366083332598
770922.811549044,PLAYBACK,7.407876561046578,0.002876561018638313,-0.019756008239872003,-0.12640009155413168,-0.2813792629892422,0.07384527351796777,-0.8575642023346308,0.024742961776150096,-1.1594666971847083,-0.015638380440160842,-0.12518769188265302,-0.2813230658644106,0.07275447708248593,-0.8594769379586918,0.01837088434337292,-1.1601542840443866
770922.822328675,PLAYBACK,7.419220653013326,0.004220652976073325,-0.019756008239872003,-0.1267837033646142,-0.2813792629892422,0.07384527351796777,-0.8579478141451133,0.024359349965667576,-1.1598503089951926,-0.015375600594833122,-0.12518748717009065,-0.28132674362526267,0.07274034481029525,-0.8594598469418401,0.018361478052863818,-1.1601704757597344
770922.832757053,PLAYBACK,7.428970600944012,0.003970600897446275,-0.019372396429389482,-0.1267837033646142,-0.2813792629892422,0.07384527351796777,-0.8579478141451133,0.024359349965667576,-1.1598503089951926,-0.015149763019713396,-0.1251889705777317,-0.2813304973132401,0.07273005159456555,-0.8594278125938085,0.018351730276152927,-1.1601829691376262
770922.844535858,PLAYBACK,7.441841137944721,0.006841137888841331,-0.019372396429389482,-0.12640009155413168,-0.2813792629892422,0.07384527351796777,-0.8583314259555959,0.023975738155185056,-1.1598503089951926,-0.014856528301747036,-0.12519291508374697,-0.2813360907024665,0.072718914962282,-0.8593660203340812,0.018337054729914534,-1.1601972401938183
770922.855904688,PLAYBACK,7.451981312944554,0.001981312991119921,-0.018988784618905186,-0.12640009155413168,-0.2813792629892422,0.07384527351796777,-0.8583314259555959,0.02320851453421824,-1.1594666971847083,-0.014633149588944858,-0.12519730479595242,-0.28134084419800115,0.07271194560466492,-0.8593056278212782,0.018324493243599513,-1.1602066413036303
770922.866860897,PLAYBACK,7.463063744013198,0.003063744050450623,-0.018605172808422665,-0.12640009155413168,-0.2813792629892422,0.07384527351796777,-0.8587150377660784,0.02320851453421824,-1.1594666971847083,-0.014400501423748381,-0.12520305055219938,-0.2813462116362127,0.07270595874749429,-0.8592318695791151,0.01831024150531573,-1.1602150805583855
770922.876758318,PLAYBACK,7.473204471054487,0.0032044710824266076,-0.018221560997940145,-0.12640009155413168,-0.2813792629892422,0.07384527351796777,-0.8587150377660784,0.02282490272373572,-1.1594666971847083,-0.014201101498365693,-0.125208879760405,-0.2813511325518296,0.07270179984963085,-0.8591605613240711,0.01829712728119666,-1.160221203934944
770922.888434205,PLAYBACK,7.484181470004842,0.004181470023468137,-0.017837949187457625,-0.1267837033646142,-0.2813792629892422,0.07384527351796777,-0.8587150377660784,0.022441290913253198,-1.1598503089951926,-0.01400273271966822,-0.12521548228787882,-0.2813563122744099,0.07269851974688947,-0.8590826678972134,0.0182832835006835,-1.1602262529246108
770922.899234886,PLAYBACK,7.496866520959884,0.006866520969197154,-0.017454337376973328,-0.12640009155413168,-0.2813792629892422,0.07384527351796777,-0.8587150377660784,0.0220576791027689,-1.1598503089951926,-0.013799528705448575,-0.12522307303125005,-0.281361910478643,0.0726960361020736,-0.8589959452343279,0.01826828258306942,-1.1602302951209615
770922.911092552,PLAYBACK,7.508150227949955,0.0031502279452979565,-0.017454337376973328,-0.12640009155413168,-0.2813792629892422,0.07346166170748347,-0.8590986495765627,0.0220576791027689,-1.1598503089951926,-0.013644686721397955,-0.12522943504274656,-0.2813663801374324,0.07269475151065273,-0.8589251750233381,0.018256280176444505,-1.160232548442556
770922.921783013,PLAYBACK,7.517341444967315,0.0023414449533447623,-0.016687113756008287,-0.1267837033646142,-0.2813792629892422,0.07384527351796777,-0.8590986495765627,0.0220576791027689,-1.1598503089951926,-0.01353766546573499,-0.12523414292663052,-0.2813695788444157,0.07269418851243749,-0.8588738143115373,0.018247677593574155,-1.1602336433166485
770922.931353767,PLAYBACK,7.528178435983136,0.003178435959853232,-0.016687113756008287,-0.1267837033646142,-0.2813792629892422,0.07384527351796777,-0.8590986495765627,0.02167406729228638,-1.1598503089951926,-0.0134339978232841,-0.12523897005604526,-0.28137277117713827,0.07269392059760729,-0.8588220168923933,0.01823908133536167,-1.1602342932808236
770922.94153936,PLAYBACK,7.537525924039073,0.0025259240064769983,-0.016303501945525767,-0.12640009155413168,-0.2813792629892422,0.07384527351796777,-0.8590986495765627,0.02167406729228638,-1.1598503089951926,-0.01336395486879736,-0.12524240118827842,-0.2813749877154389,0.07269391521423324,-0.8587857491599372,0.018233106012734774,-1.160234463745406
770922.954306529,PLAYBACK,7.550029746955261,0.0050297469133511186,-0.016303501945525767,-0.12640009155413168,-0.2809956511787579,0.07384527351796777,-0.8590986495765627,0.02167406729228638,-1.1598503089951926,-0.013296907518656044,-0.1252458432405473,-0.2813771648137163,0.07269407244117479,-0.8587498812179702,0.018227230996002985,-1.160234370046976
770922.965064007,PLAYBACK,7.56056022096891,0.0005602209130302072,-0.01591989013504147,-0.12640009155413168,-0.2813792629892422,0.07384527351796777,-0.8590986495765627,0.02167406729228638,-1.1598503089951926,-0.013261760055134492,-0.12524773007935344,-0.2813783350100582,0.0726942393871309,-0.8587304908409351,0.01822407009760752,-1.1602341830779734
770922.975735481,PLAYBACK,7.572647316963412,0.0026473170146346092,-0.01553627832455895,-0.12640009155413168,-0.2809956511787579,0.07384527351796777,-0.8590986495765627,0.02129045548180386,-1.1598503089951926,-0.013241071189507791,-0.12524888285691232,-0.281379038585163,0.0726943806390495,-0.8587187842185364,0.01822216809984594,-1.1602340007679208
770922.986732268,PLAYBACK,7.583084170939401,0.003084170981310308,-0.01553627832455895,-0.12640009155413168,-0.2809956511787579,0.07384527351796777,-0.8594822613870452,0.02129045548180386,-1.1602339208056751,-0.013235199518067335,-0.12524922118355547,-0.28137924217245247,0.07269443206598063,-0.8587153859227299,0.018221617341484725,-1.160233929467507
770922.99703257,PLAYBACK,7.591406588629155,0.004195507033728063,-0.01515266651407643,-0.12640009155413168,-0.2813792629892422,0.07384527351796777,-0.8590986495765627,0.02129045548180386,-1.1602339208056751,-0.013234607461662051,-0.12524925612268234,-0.2813792629892422,0.07269443808651843,-0.8587150377660784,0.018221560997940145,-1.1602339208056751
770923.003704161,ENDPOINT SOFT HOLD,0,0,-0.01515266651407643,-0.12640009155413168,-0.2813792629892422,0.07384527351796777,-0.8590986495765627,0.02129045548180386,-1.1602339208056751,-0.013234607461662051,-0.12524925612268234,-0.2813792629892422,0.07269443808651843,-0.8587150377660784,0.018221560997940145,-1.1602339208056751
770923.026351467,ENDPOINT SOFT HOLD,0,0,-0.014769054703593909,-0.12640009155413168,-0.2809956511787579,0.07346166170748347,-0.8590986495765627,0.02090684367132134,-1.1602339208056751,-0.013234607461662051,-0.12524925612268234,-0.2813792629892422,0.07269443808651843,-0.8587150377660784,0.018221560997940145,-1.1602339208056751
770923.047350495,ENDPOINT SOFT HOLD,0,0,-0.014385442893111389,-0.12640009155413168,-0.2813792629892422,0.07346166170748347,-0.8590986495765627,0.020523231860837043,-1.1602339208056751,-0.013234607461662051,-0.12524925612268234,-0.2813792629892422,0.07269443808651843,-0.8587150377660784,0.018221560997940145,-1.1602339208056751
770923.070265064,ENDPOINT SOFT HOLD,0,0,-0.014001831082627092,-0.12640009155413168,-0.2809956511787579,0.07346166170748347,-0.8590986495765627,0.019756008239872003,-1.1602339208056751,-0.013234607461662051,-0.12524925612268234,-0.2813792629892422,0.07269443808651843,-0.8587150377660784,0.018221560997940145,-1.1602339208056751
770923.091478843,ENDPOINT SOFT HOLD,0,0,-0.014001831082627092,-0.12640009155413168,-0.2813792629892422,0.07346166170748347,-0.8590986495765627,0.019372396429389482,-1.1602339208056751,-0.013234607461662051,-0.12524925612268234,-0.2813792629892422,0.07269443808651843,-0.8587150377660784,0.018221560997940145,-1.1602339208056751
770923.111988705,ENDPOINT SOFT HOLD,0,0,-0.014001831082627092,-0.12640009155413168,-0.2809956511787579,0.07346166170748347,-0.8590986495765627,0.018988784618905186,-1.1602339208056751,-0.013234607461662051,-0.12524925612268234,-0.2813792629892422,0.07269443808651843,-0.8587150377660784,0.018221560997940145,-1.1602339208056751
770923.133148471,ENDPOINT SOFT HOLD,0,0,-0.014001831082627092,-0.12640009155413168,-0.2813792629892422,0.07346166170748347,-0.8590986495765627,0.018988784618905186,-1.1598503089951926,-0.013234607461662051,-0.12524925612268234,-0.2813792629892422,0.07269443808651843,-0.8587150377660784,0.018221560997940145,-1.1602339208056751
770923.154971278,ENDPOINT SOFT HOLD,0,0,-0.013618219272144572,-0.12640009155413168,-0.2813792629892422,0.07346166170748347,-0.8590986495765627,0.018988784618905186,-1.1598503089951926,-0.013234607461662051,-0.12524925612268234,-0.2813792629892422,0.07269443808651843,-0.8587150377660784,0.018221560997940145,-1.1602339208056751
770923.176033117,ENDPOINT SOFT HOLD,0,0,-0.014001831082627092,-0.12640009155413168,-0.2813792629892422,0.07346166170748347,-0.8590986495765627,0.018605172808422665,-1.1598503089951926,-0.013234607461662051,-0.12524925612268234,-0.2813792629892422,0.07269443808651843,-0.8587150377660784,0.018221560997940145,-1.1602339208056751
770923.196102283,ENDPOINT SOFT HOLD,0,0,-0.013618219272144572,-0.12640009155413168,-0.2813792629892422,0.07346166170748347,-0.8594822613870452,0.018605172808422665,-1.1602339208056751,-0.013234607461662051,-0.12524925612268234,-0.2813792629892422,0.07269443808651843,-0.8587150377660784,0.018221560997940145,-1.1602339208056751
770923.218046763,ENDPOINT SOFT HOLD,0,0,-0.014001831082627092,-0.12640009155413168,-0.2813792629892422,0.07346166170748347,-0.8590986495765627,0.018221560997940145,-1.1602339208056751,-0.013234607461662051,-0.12524925612268234,-0.2813792629892422,0.07269443808651843,-0.8587150377660784,0.018221560997940145,-1.1602339208056751
770923.239153868,ENDPOINT SOFT HOLD,0,0,-0.013618219272144572,-0.12640009155413168,-0.2813792629892422,0.07346166170748347,-0.8590986495765627,0.018221560997940145,-1.1598503089951926,-0.013234607461662051,-0.12524925612268234,-0.2813792629892422,0.07269443808651843,-0.8587150377660784,0.018221560997940145,-1.1602339208056751
770923.261489908,ENDPOINT SOFT HOLD,0,0,-0.014001831082627092,-0.12640009155413168,-0.2813792629892422,0.07346166170748347,-0.8590986495765627,0.018221560997940145,-1.1598503089951926,-0.013234607461662051,-0.12524925612268234,-0.2813792629892422,0.07269443808651843,-0.8587150377660784,0.018221560997940145,-1.1602339208056751
770923.281862457,ENDPOINT SOFT HOLD,0,0,-0.013618219272144572,-0.12601647974364738,-0.2813792629892422,0.07346166170748347,-0.8590986495765627,0.018221560997940145,-1.1598503089951926,-0.013234607461662051,-0.12524925612268234,-0.2813792629892422,0.07269443808651843,-0.8587150377660784,0.018221560997940145,-1.1602339208056751
770923.301985096,ENDPOINT SOFT HOLD,0,0,-0.014001831082627092,-0.12601647974364738,-0.2813792629892422,0.07346166170748347,-0.8590986495765627,0.018221560997940145,-1.1602339208056751,-0.013234607461662051,-0.12524925612268234,-0.2813792629892422,0.07269443808651843,-0.8587150377660784,0.018221560997940145,-1.1602339208056751
770923.323119253,ENDPOINT SOFT HOLD,0,0,-0.014001831082627092,-0.12601647974364738,-0.2813792629892422,0.07346166170748347,-0.8590986495765627,0.018221560997940145,-1.1602339208056751,-0.013234607461662051,-0.12524925612268234,-0.2813792629892422,0.07269443808651843,-0.8587150377660784,0.018221560997940145,-1.1602339208056751
770923.343743574,ENDPOINT SOFT HOLD,0,0,-0.013618219272144572,-0.12601647974364738,-0.2813792629892422,0.07346166170748347,-0.8590986495765627,0.018221560997940145,-1.1598503089951926,-0.013234607461662051,-0.12524925612268234,-0.2813792629892422,0.07269443808651843,-0.8587150377660784,0.018221560997940145,-1.1602339208056751
770923.364825221,ENDPOINT SOFT HOLD,0,0,-0.013618219272144572,-0.12640009155413168,-0.2813792629892422,0.07346166170748347,-0.8590986495765627,0.018221560997940145,-1.1602339208056751,-0.013234607461662051,-0.12524925612268234,-0.2813792629892422,0.07269443808651843,-0.8587150377660784,0.018221560997940145,-1.1602339208056751
770923.387497104,ENDPOINT SOFT HOLD,0,0,-0.013618219272144572,-0.12640009155413168,-0.2813792629892422,0.07346166170748347,-0.8590986495765627,0.018221560997940145,-1.1598503089951926,-0.013234607461662051,-0.12524925612268234,-0.2813792629892422,0.07269443808651843,-0.8587150377660784,0.018221560997940145,-1.1602339208056751
770923.410726585,ENDPOINT SOFT HOLD,0,0,-0.013618219272144572,-0.12640009155413168,-0.2813792629892422,0.07346166170748347,-0.8590986495765627,0.018221560997940145,-1.1598503089951926,-0.013234607461662051,-0.12524925612268234,-0.2813792629892422,0.07269443808651843,-0.8587150377660784,0.018221560997940145,-1.1602339208056751
770923.432590721,ENDPOINT SOFT HOLD,0,0,-0.013618219272144572,-0.12640009155413168,-0.2813792629892422,0.07346166170748347,-0.8590986495765627,0.018221560997940145,-1.1598503089951926,-0.013234607461662051,-0.12524925612268234,-0.2813792629892422,0.07269443808651843,-0.8587150377660784,0.018221560997940145,-1.1602339208056751
770923.454583513,ENDPOINT SOFT HOLD,0,0,-0.013618219272144572,-0.12601647974364738,-0.2813792629892422,0.07346166170748347,-0.8590986495765627,0.018221560997940145,-1.1598503089951926,-0.013234607461662051,-0.12524925612268234,-0.2813792629892422,0.07269443808651843,-0.8587150377660784,0.018221560997940145,-1.1602339208056751
770923.476636611,ENDPOINT SOFT HOLD,0,0,-0.013618219272144572,-0.12601647974364738,-0.2813792629892422,0.07307804989700095,-0.8590986495765627,0.018221560997940145,-1.1598503089951926,-0.013234607461662051,-0.12524925612268234,-0.2813792629892422,0.07269443808651843,-0.8587150377660784,0.018221560997940145,-1.1602339208056751
770923.49773528,ENDPOINT SOFT HOLD,0,0,-0.013618219272144572,-0.12601647974364738,-0.2813792629892422,0.07307804989700095,-0.8590986495765627,0.018221560997940145,-1.1598503089951926,-0.013234607461662051,-0.12524925612268234,-0.2813792629892422,0.07269443808651843,-0.8587150377660784,0.018221560997940145,-1.1602339208056751
770923.519384885,ENDPOINT SOFT HOLD,0,0,-0.013618219272144572,-0.12640009155413168,-0.2813792629892422,0.07307804989700095,-0.8590986495765627,0.018221560997940145,-1.1598503089951926,-0.013234607461662051,-0.12524925612268234,-0.2813792629892422,0.07269443808651843,-0.8587150377660784,0.018221560997940145,-1.1602339208056751
770923.539918562,ENDPOINT SOFT HOLD,0,0,-0.013618219272144572,-0.12601647974364738,-0.2813792629892422,0.07307804989700095,-0.8590986495765627,0.018221560997940145,-1.1598503089951926,-0.013234607461662051,-0.12524925612268234,-0.2813792629892422,0.07269443808651843,-0.8587150377660784,0.018221560997940145,-1.1602339208056751
770923.56183601,ENDPOINT SOFT HOLD,0,0,-0.013234607461662051,-0.12640009155413168,-0.2813792629892422,0.07307804989700095,-0.8590986495765627,0.018221560997940145,-1.1602339208056751,-0.013234607461662051,-0.12524925612268234,-0.2813792629892422,0.07269443808651843,-0.8587150377660784,0.018221560997940145,-1.1602339208056751
770923.584704039,ENDPOINT SOFT HOLD,0,0,-0.013618219272144572,-0.12601647974364738,-0.2813792629892422,0.07269443808651843,-0.8590986495765627,0.018221560997940145,-1.1602339208056751,-0.013234607461662051,-0.12524925612268234,-0.2813792629892422,0.07269443808651843,-0.8587150377660784,0.018221560997940145,-1.1602339208056751
770923.604772715,ENDPOINT SOFT HOLD,0,0,-0.013618219272144572,-0.12601647974364738,-0.2809956511787579,0.07269443808651843,-0.8590986495765627,0.018221560997940145,-1.1602339208056751,-0.013234607461662051,-0.12524925612268234,-0.2813792629892422,0.07269443808651843,-0.8587150377660784,0.018221560997940145,-1.1602339208056751
770923.62658426,ENDPOINT SOFT HOLD,0,0,-0.013234607461662051,-0.12601647974364738,-0.2809956511787579,0.07307804989700095,-0.8590986495765627,0.018221560997940145,-1.1602339208056751,-0.013234607461662051,-0.12524925612268234,-0.2813792629892422,0.07269443808651843,-0.8587150377660784,0.018221560997940145,-1.1602339208056751
770923.646946398,ENDPOINT SOFT HOLD,0,0,-0.013234607461662051,-0.12601647974364738,-0.2813792629892422,0.07269443808651843,-0.8587150377660784,0.018221560997940145,-1.1602339208056751,-0.013234607461662051,-0.12524925612268234,-0.2813792629892422,0.07269443808651843,-0.8587150377660784,0.018221560997940145,-1.1602339208056751
770923.667120186,ENDPOINT SOFT HOLD,0,0,-0.013234607461662051,-0.12601647974364738,-0.2813792629892422,0.07307804989700095,-0.8590986495765627,0.018221560997940145,-1.1598503089951926,-0.013234607461662051,-0.12524925612268234,-0.2813792629892422,0.07269443808651843,-0.8587150377660784,0.018221560997940145,-1.1602339208056751
770924.26105781,ENDPOINT HOLD,0,0,-0.013234607461662051,-0.12524925612268234,-0.2809956511787579,0.07307804989700095,-0.8587150377660784,0.018221560997940145,-1.1602339208056751,-0.013234607461662051,-0.12524925612268234,-0.2813792629892422,0.07269443808651843,-0.8587150377660784,0.018221560997940145,-1.1602339208056751
770924.282822264,ENDPOINT HOLD,0,0,-0.012850995651179531,-0.12524925612268234,-0.2813792629892422,0.07307804989700095,-0.8587150377660784,0.018221560997940145,-1.1598503089951926,-0.013234607461662051,-0.12524925612268234,-0.2813792629892422,0.07269443808651843,-0.8587150377660784,0.018221560997940145,-1.1602339208056751
770924.304487429,ENDPOINT HOLD,0,0,-0.012850995651179531,-0.12524925612268234,-0.2809956511787579,0.07307804989700095,-0.8587150377660784,0.018221560997940145,-1.1598503089951926,-0.013234607461662051,-0.12524925612268234,-0.2813792629892422,0.07269443808651843,-0.8587150377660784,0.018221560997940145,-1.1602339208056751
770924.324653652,ENDPOINT HOLD,0,0,-0.012850995651179531,-0.12524925612268234,-0.2813792629892422,0.07307804989700095,-0.8587150377660784,0.018221560997940145,-1.1598503089951926,-0.013234607461662051,-0.12524925612268234,-0.2813792629892422,0.07269443808651843,-0.8587150377660784,0.018221560997940145,-1.1602339208056751
770924.345687246,ENDPOINT HOLD,0,0,-0.012850995651179531,-0.12524925612268234,-0.2809956511787579,0.07307804989700095,-0.8587150377660784,0.018221560997940145,-1.1598503089951926,-0.013234607461662051,-0.12524925612268234,-0.2813792629892422,0.07269443808651843,-0.8587150377660784,0.018221560997940145,-1.1602339208056751
770924.36731009,ENDPOINT HOLD,0,0,-0.013234607461662051,-0.12524925612268234,-0.2813792629892422,0.07307804989700095,-0.8587150377660784,0.018221560997940145,-1.1602339208056751,-0.013234607461662051,-0.12524925612268234,-0.2813792629892422,0.07269443808651843,-0.8587150377660784,0.018221560997940145,-1.1602339208056751
770924.38780892,ENDPOINT HOLD,0,0,-0.012850995651179531,-0.12524925612268234,-0.2813792629892422,0.07307804989700095,-0.8587150377660784,0.018221560997940145,-1.1598503089951926,-0.013234607461662051,-0.12524925612268234,-0.2813792629892422,0.07269443808651843,-0.8587150377660784,0.018221560997940145,-1.1602339208056751
770924.40960216,ENDPOINT HOLD,0,0,-0.012850995651179531,-0.12486564431219982,-0.2813792629892422,0.07269443808651843,-0.8587150377660784,0.018221560997940145,-1.1598503089951926,-0.013234607461662051,-0.12524925612268234,-0.2813792629892422,0.07269443808651843,-0.8587150377660784,0.018221560997940145,-1.1602339208056751
770924.432076966,ENDPOINT HOLD,0,0,-0.012850995651179531,-0.12524925612268234,-0.2813792629892422,0.07269443808651843,-0.8587150377660784,0.018221560997940145,-1.1598503089951926,-0.013234607461662051,-0.12524925612268234,-0.2813792629892422,0.07269443808651843,-0.8587150377660784,0.018221560997940145,-1.1602339208056751
770924.453917266,ENDPOINT HOLD,0,0,-0.013234607461662051,-0.12524925612268234,-0.2813792629892422,0.07307804989700095,-0.8587150377660784,0.018221560997940145,-1.1598503089951926,-0.013234607461662051,-0.12524925612268234,-0.2813792629892422,0.07269443808651843,-0.8587150377660784,0.018221560997940145,-1.1602339208056751
770924.475317813,ENDPOINT HOLD,0,0,-0.012850995651179531,-0.12524925612268234,-0.2813792629892422,0.07307804989700095,-0.8587150377660784,0.018221560997940145,-1.1602339208056751,-0.013234607461662051,-0.12524925612268234,-0.2813792629892422,0.07269443808651843,-0.8587150377660784,0.018221560997940145,-1.1602339208056751
770924.497058002,ENDPOINT HOLD,0,0,-0.013234607461662051,-0.12486564431219982,-0.2813792629892422,0.07269443808651843,-0.8587150377660784,0.018221560997940145,-1.1602339208056751,-0.013234607461662051,-0.12524925612268234,-0.2813792629892422,0.07269443808651843,-0.8587150377660784,0.018221560997940145,-1.1602339208056751
770924.518188102,ENDPOINT HOLD,0,0,-0.013234607461662051,-0.12524925612268234,-0.2813792629892422,0.07307804989700095,-0.8587150377660784,0.018221560997940145,-1.1598503089951926,-0.013234607461662051,-0.12524925612268234,-0.2813792629892422,0.07269443808651843,-0.8587150377660784,0.018221560997940145,-1.1602339208056751
770924.540573706,ENDPOINT HOLD,0,0,-0.012850995651179531,-0.12524925612268234,-0.2809956511787579,0.07269443808651843,-0.8587150377660784,0.018221560997940145,-1.1598503089951926,-0.013234607461662051,-0.12524925612268234,-0.2813792629892422,0.07269443808651843,-0.8587150377660784,0.018221560997940145,-1.1602339208056751
770924.561104047,ENDPOINT HOLD,0,0,-0.012850995651179531,-0.12524925612268234,-0.2809956511787579,0.07269443808651843,-0.8583314259555959,0.018221560997940145,-1.1602339208056751,-0.013234607461662051,-0.12524925612268234,-0.2813792629892422,0.07269443808651843,-0.8587150377660784,0.018221560997940145,-1.1602339208056751
770924.582385857,ENDPOINT HOLD,0,0,-0.013234607461662051,-0.12524925612268234,-0.2813792629892422,0.07269443808651843,-0.8587150377660784,0.018221560997940145,-1.1598503089951926,-0.013234607461662051,-0.12524925612268234,-0.2813792629892422,0.07269443808651843,-0.8587150377660784,0.018221560997940145,-1.1602339208056751
770924.602535338,ENDPOINT HOLD,0,0,-0.012850995651179531,-0.12486564431219982,-0.2813792629892422,0.07269443808651843,-0.8587150377660784,0.018221560997940145,-1.1598503089951926,-0.013234607461662051,-0.12524925612268234,-0.2813792629892422,0.07269443808651843,-0.8587150377660784,0.018221560997940145,-1.1602339208056751
770924.624093708,ENDPOINT HOLD,0,0,-0.013234607461662051,-0.12524925612268234,-0.2809956511787579,0.07307804989700095,-0.8583314259555959,0.018221560997940145,-1.1602339208056751,-0.013234607461662051,-0.12524925612268234,-0.2813792629892422,0.07269443808651843,-0.8587150377660784,0.018221560997940145,-1.1602339208056751
770924.645032511,ENDPOINT HOLD,0,0,-0.013234607461662051,-0.12524925612268234,-0.2809956511787579,0.07269443808651843,-0.8583314259555959,0.018221560997940145,-1.1602339208056751,-0.013234607461662051,-0.12524925612268234,-0.2813792629892422,0.07269443808651843,-0.8587150377660784,0.018221560997940145,-1.1602339208056751
770924.666763402,ENDPOINT HOLD,0,0,-0.012850995651179531,-0.12524925612268234,-0.2813792629892422,0.07269443808651843,-0.8587150377660784,0.018221560997940145,-1.1602339208056751,-0.013234607461662051,-0.12524925612268234,-0.2813792629892422,0.07269443808651843,-0.8587150377660784,0.018221560997940145,-1.1602339208056751
770924.688314869,ENDPOINT HOLD,0,0,-0.012850995651179531,-0.12486564431219982,-0.2813792629892422,0.07269443808651843,-0.8587150377660784,0.018221560997940145,-1.1598503089951926,-0.013234607461662051,-0.12524925612268234,-0.2813792629892422,0.07269443808651843,-0.8587150377660784,0.018221560997940145,-1.1602339208056751
770924.710477757,ENDPOINT HOLD,0,0,-0.013234607461662051,-0.12486564431219982,-0.2813792629892422,0.07269443808651843,-0.8583314259555959,0.018221560997940145,-1.1598503089951926,-0.013234607461662051,-0.12524925612268234,-0.2813792629892422,0.07269443808651843,-0.8587150377660784,0.018221560997940145,-1.1602339208056751
770924.732651736,ENDPOINT HOLD,0,0,-0.013234607461662051,-0.12486564431219982,-0.2813792629892422,0.07307804989700095,-0.8587150377660784,0.018221560997940145,-1.1602339208056751,-0.013234607461662051,-0.12524925612268234,-0.2813792629892422,0.07269443808651843,-0.8587150377660784,0.018221560997940145,-1.1602339208056751
770924.753061395,ENDPOINT HOLD,0,0,-0.013234607461662051,-0.12486564431219982,-0.2809956511787579,0.07269443808651843,-0.8583314259555959,0.018221560997940145,-1.1602339208056751,-0.013234607461662051,-0.12524925612268234,-0.2813792629892422,0.07269443808651843,-0.8587150377660784,0.018221560997940145,-1.1602339208056751
770924.774546916,ENDPOINT HOLD,0,0,-0.012850995651179531,-0.12524925612268234,-0.2813792629892422,0.07269443808651843,-0.8587150377660784,0.018221560997940145,-1.1602339208056751,-0.013234607461662051,-0.12524925612268234,-0.2813792629892422,0.07269443808651843,-0.8587150377660784,0.018221560997940145,-1.1602339208056751
770924.795479988,ENDPOINT HOLD,0,0,-0.013234607461662051,-0.12524925612268234,-0.2813792629892422,0.07269443808651843,-0.8587150377660784,0.018221560997940145,-1.1602339208056751,-0.013234607461662051,-0.12524925612268234,-0.2813792629892422,0.07269443808651843,-0.8587150377660784,0.018221560997940145,-1.1602339208056751
770924.816356802,ENDPOINT HOLD,0,0,-0.012850995651179531,-0.12486564431219982,-0.2809956511787579,0.07269443808651843,-0.8587150377660784,0.018221560997940145,-1.1598503089951926,-0.013234607461662051,-0.12524925612268234,-0.2813792629892422,0.07269443808651843,-0.8587150377660784,0.018221560997940145,-1.1602339208056751
770924.837690943,ENDPOINT HOLD,0,0,-0.013234607461662051,-0.12524925612268234,-0.2813792629892422,0.07269443808651843,-0.8587150377660784,0.018221560997940145,-1.1602339208056751,-0.013234607461662051,-0.12524925612268234,-0.2813792629892422,0.07269443808651843,-0.8587150377660784,0.018221560997940145,-1.1602339208056751
770924.858732262,ENDPOINT HOLD,0,0,-0.012850995651179531,-0.12524925612268234,-0.2813792629892422,0.07269443808651843,-0.8583314259555959,0.018221560997940145,-1.1602339208056751,-0.013234607461662051,-0.12524925612268234,-0.2813792629892422,0.07269443808651843,-0.8587150377660784,0.018221560997940145,-1.1602339208056751
