monotonic_s,phase,trajectory_time_s,lateness_s,q1,q2,q3,q4,q5,q6,q7,target1,target2,target3,target4,target5,target6,target7
507596.462486341,START HOLD,0,0,0.030497138933395007,0.023975738155185056,0.03586770428015562,0.03893659876401934,-0.06606825307092593,-0.19545021744106172,1.338613412680246,0.03011352712291071,0.025510185397115137,0.03586770428015562,0.03893659876401934,-0.0656846412604434,-0.19545021744106172,1.338613412680246
507596.484398155,START HOLD,0,0,0.03011352712291071,0.024359349965667576,0.0354840924696731,0.03893659876401934,-0.06606825307092593,-0.1950666056305792,1.338613412680246,0.03011352712291071,0.025510185397115137,0.03586770428015562,0.03893659876401934,-0.0656846412604434,-0.19545021744106172,1.338613412680246
507596.505888878,START HOLD,0,0,0.03011352712291071,0.025126573586632617,0.03586770428015562,0.03932021057450186,-0.06606825307092593,-0.19545021744106172,1.338613412680246,0.03011352712291071,0.025510185397115137,0.03586770428015562,0.03893659876401934,-0.0656846412604434,-0.19545021744106172,1.338613412680246
507596.527017213,START HOLD,0,0,0.030497138933395007,0.026277409018081954,0.03586770428015562,0.03932021057450186,-0.0656846412604434,-0.1950666056305792,1.3389970244907303,0.03011352712291071,0.025510185397115137,0.03586770428015562,0.03893659876401934,-0.0656846412604434,-0.19545021744106172,1.338613412680246
507596.547248931,START HOLD,0,0,0.030497138933395007,0.026277409018081954,0.03625131609063814,0.03932021057450186,-0.0656846412604434,-0.1950666056305792,1.338613412680246,0.03011352712291071,0.025510185397115137,0.03586770428015562,0.03893659876401934,-0.0656846412604434,-0.19545021744106172,1.338613412680246
507596.568582111,START HOLD,0,0,0.030497138933395007,0.026277409018081954,0.03586770428015562,0.03932021057450186,-0.06530102944996088,-0.1950666056305792,1.338613412680246,0.03011352712291071,0.025510185397115137,0.03586770428015562,0.03893659876401934,-0.0656846412604434,-0.19545021744106172,1.338613412680246
507596.590155713,START HOLD,0,0,0.030497138933395007,0.026277409018081954,0.03586770428015562,0.03932021057450186,-0.06530102944996088,-0.19545021744106172,1.3389970244907303,0.03011352712291071,0.025510185397115137,0.03586770428015562,0.03893659876401934,-0.0656846412604434,-0.19545021744106172,1.338613412680246
507596.612270127,START HOLD,0,0,0.030497138933395007,0.026277409018081954,0.03586770428015562,0.03893659876401934,-0.06530102944996088,-0.19545021744106172,1.3389970244907303,0.03011352712291071,0.025510185397115137,0.03586770428015562,0.03893659876401934,-0.0656846412604434,-0.19545021744106172,1.338613412680246
507596.63429059,START HOLD,0,0,0.030497138933395007,0.026277409018081954,0.03586770428015562,0.03932021057450186,-0.06530102944996088,-0.19545021744106172,1.3389970244907303,0.03011352712291071,0.025510185397115137,0.03586770428015562,0.03893659876401934,-0.0656846412604434,-0.19545021744106172,1.338613412680246
507596.66212073,START HOLD,0,0,0.030497138933395007,0.026277409018081954,0.03586770428015562,0.03893659876401934,-0.06530102944996088,-0.1950666056305792,1.3389970244907303,0.03011352712291071,0.025510185397115137,0.03586770428015562,0.03893659876401934,-0.0656846412604434,-0.19545021744106172,1.338613412680246
507596.682859655,START HOLD,0,0,0.030497138933395007,0.025893797207599434,0.03586770428015562,0.03893659876401934,-0.0656846412604434,-0.19545021744106172,1.338613412680246,0.03011352712291071,0.025510185397115137,0.03586770428015562,0.03893659876401934,-0.0656846412604434,-0.19545021744106172,1.338613412680246
507596.703522163,START HOLD,0,0,0.03011352712291071,0.026277409018081954,0.03586770428015562,0.03932021057450186,-0.06530102944996088,-0.19545021744106172,1.338613412680246,0.03011352712291071,0.025510185397115137,0.03586770428015562,0.03893659876401934,-0.0656846412604434,-0.19545021744106172,1.338613412680246
507596.725733403,START HOLD,0,0,0.03011352712291071,0.025893797207599434,0.03625131609063814,0.03893659876401934,-0.06530102944996088,-0.19545021744106172,1.338613412680246,0.03011352712291071,0.025510185397115137,0.03586770428015562,0.03893659876401934,-0.0656846412604434,-0.19545021744106172,1.338613412680246
507596.746974015,START HOLD,0,0,0.03011352712291071,0.025126573586632617,0.03586770428015562,0.03893659876401934,-0.0656846412604434,-0.19545021744106172,1.338613412680246,0.03011352712291071,0.025510185397115137,0.03586770428015562,0.03893659876401934,-0.0656846412604434,-0.19545021744106172,1.338613412680246
507596.767473789,START HOLD,0,0,0.03011352712291071,0.024742961776150096,0.03586770428015562,0.03932021057450186,-0.06530102944996088,-0.19545021744106172,1.338613412680246,0.03011352712291071,0.025510185397115137,0.03586770428015562,0.03893659876401934,-0.0656846412604434,-0.19545021744106172,1.338613412680246
507596.788505769,START HOLD,0,0,0.030497138933395007,0.024742961776150096,0.03586770428015562,0.03932021057450186,-0.0656846412604434,-0.1950666056305792,1.338613412680246,0.03011352712291071,0.025510185397115137,0.03586770428015562,0.03893659876401934,-0.0656846412604434,-0.19545021744106172,1.338613412680246
507596.809780275,START HOLD,0,0,0.030497138933395007,0.025126573586632617,0.03586770428015562,0.03932021057450186,-0.06606825307092593,-0.1950666056305792,1.338613412680246,0.03011352712291071,0.025510185397115137,0.03586770428015562,0.03893659876401934,-0.0656846412604434,-0.19545021744106172,1.338613412680246
507596.830064204,START HOLD,0,0,0.030497138933395007,0.025510185397115137,0.03586770428015562,0.03893659876401934,-0.0656846412604434,-0.1950666056305792,1.338613412680246,0.03011352712291071,0.025510185397115137,0.03586770428015562,0.03893659876401934,-0.0656846412604434,-0.19545021744106172,1.338613412680246
507596.851075835,START HOLD,0,0,0.030497138933395007,0.025893797207599434,0.03586770428015562,0.03932021057450186,-0.0656846412604434,-0.19545021744106172,1.338613412680246,0.03011352712291071,0.025510185397115137,0.03586770428015562,0.03893659876401934,-0.0656846412604434,-0.19545021744106172,1.338613412680246
507596.873904173,START HOLD,0,0,0.03011352712291071,0.025893797207599434,0.03625131609063814,0.03893659876401934,-0.0656846412604434,-0.19545021744106172,1.338613412680246,0.03011352712291071,0.025510185397115137,0.03586770428015562,0.03893659876401934,-0.0656846412604434,-0.19545021744106172,1.338613412680246
507596.894728553,START HOLD,0,0,0.030497138933395007,0.025893797207599434,0.03625131609063814,0.03932021057450186,-0.06530102944996088,-0.19545021744106172,1.338613412680246,0.03011352712291071,0.025510185397115137,0.03586770428015562,0.03893659876401934,-0.0656846412604434,-0.19545021744106172,1.338613412680246
507596.916561825,START HOLD,0,0,0.03011352712291071,0.025893797207599434,0.03625131609063814,0.03893659876401934,-0.0656846412604434,-0.19545021744106172,1.3389970244907303,0.03011352712291071,0.025510185397115137,0.03586770428015562,0.03893659876401934,-0.0656846412604434,-0.19545021744106172,1.338613412680246
507596.938878448,START HOLD,0,0,0.03011352712291071,0.025893797207599434,0.03625131609063814,0.03893659876401934,-0.06530102944996088,-0.19545021744106172,1.338613412680246,0.03011352712291071,0.025510185397115137,0.03586770428015562,0.03893659876401934,-0.0656846412604434,-0.19545021744106172,1.338613412680246
507596.960556793,START HOLD,0,0,0.03011352712291071,0.025893797207599434,0.03586770428015562,0.03893659876401934,-0.0656846412604434,-0.1950666056305792,1.338613412680246,0.03011352712291071,0.025510185397115137,0.03586770428015562,0.03893659876401934,-0.0656846412604434,-0.19545021744106172,1.338613412680246
507596.980814632,START HOLD,0,0,0.03011352712291071,0.025893797207599434,0.03586770428015562,0.03893659876401934,-0.0656846412604434,-0.19545021744106172,1.3389970244907303,0.03011352712291071,0.025510185397115137,0.03586770428015562,0.03893659876401934,-0.0656846412604434,-0.19545021744106172,1.338613412680246
507597.002732858,START HOLD,0,0,0.030497138933395007,0.025510185397115137,0.03625131609063814,0.03893659876401934,-0.06530102944996088,-0.1950666056305792,1.338613412680246,0.03011352712291071,0.025510185397115137,0.03586770428015562,0.03893659876401934,-0.0656846412604434,-0.19545021744106172,1.338613412680246
507597.026299648,START HOLD,0,0,0.03011352712291071,0.025510185397115137,0.03586770428015562,0.03893659876401934,-0.0656846412604434,-0.1950666056305792,1.3389970244907303,0.03011352712291071,0.025510185397115137,0.03586770428015562,0.03893659876401934,-0.0656846412604434,-0.19545021744106172,1.338613412680246
507597.047198511,START HOLD,0,0,0.03011352712291071,0.025126573586632617,0.03586770428015562,0.03893659876401934,-0.0656846412604434,-0.1950666056305792,1.338613412680246,0.03011352712291071,0.025510185397115137,0.03586770428015562,0.03893659876401934,-0.0656846412604434,-0.19545021744106172,1.338613412680246
507597.069568487,START HOLD,0,0,0.03011352712291071,0.025510185397115137,0.03586770428015562,0.03932021057450186,-0.0656846412604434,-0.19545021744106172,1.3389970244907303,0.03011352712291071,0.025510185397115137,0.03586770428015562,0.03893659876401934,-0.0656846412604434,-0.19545021744106172,1.338613412680246
507597.089810275,START HOLD,0,0,0.03011352712291071,0.025510185397115137,0.03586770428015562,0.03893659876401934,-0.0656846412604434,-0.19545021744106172,1.338613412680246,0.03011352712291071,0.025510185397115137,0.03586770428015562,0.03893659876401934,-0.0656846412604434,-0.19545021744106172,1.338613412680246
507597.109955106,START HOLD,0,0,0.03011352712291071,0.025510185397115137,0.03586770428015562,0.03932021057450186,-0.0656846412604434,-0.19545021744106172,1.338613412680246,0.03011352712291071,0.025510185397115137,0.03586770428015562,0.03893659876401934,-0.0656846412604434,-0.19545021744106172,1.338613412680246
507597.160011566,PLAYBACK,1.242966391146183e-06,1.242966391146183e-06,0.030497138933395007,0.025510185397115137,0.03586770428015562,0.03893659876401934,-0.0656846412604434,-0.1950666056305792,1.338613412680246,0.03011352712291071,0.02551018539711514,0.035867704280155635,0.03893659876401936,-0.06568464126044342,-0.19545021744106175,1.3386134126802463
507597.163053854,PLAYBACK,0.005040696996729821,4.0696992073208094e-05,0.030497138933395007,0.025510185397115137,0.03586770428015562,0.03893659876401934,-0.06530102944996088,-0.19545021744106172,1.3389970244907303,0.030113133465935738,0.025510191455222687,0.0358677022124551,0.038937263026924976,-0.06568459827179819,-0.1954502187603595,1.3386131897604652
507597.171710303,PLAYBACK,0.010069219977594912,6.92199682816863e-05,0.030497138933395007,0.025893797207599434,0.03586770428015562,0.03893659876401934,-0.06530102944996088,-0.1950666056305792,1.3389970244907303,0.030110488875045655,0.025510232131672656,0.03586768832919682,0.03894172627721383,-0.06568430966304313,-0.19545022761183825,1.338611691098146
507597.175377785,PLAYBACK,0.015062053978908807,6.205396493896842e-05,0.03011352712291071,0.025510185397115137,0.03586770428015562,0.03932021057450186,-0.0656846412604434,-0.19545021744106172,1.3389970244907303,0.03010368180461529,0.025510336764812243,0.03586765261712866,0.038953216699316645,-0.06568356736798664,-0.19545025036020708,1.3386078303216242
507597.179979055,PLAYBACK,0.02006058901315555,6.058899452909827e-05,0.030497138933395007,0.025893797207599434,0.03586770428015562,0.03932021057450186,-0.0656846412604434,-0.1950666056305792,1.338613412680246,0.030091016535884675,0.025510531312015507,0.03586758621714005,0.038974600256258346,-0.06568218740251457,-0.19545029261550467,1.3386006403376451
507597.188694578,PLAYBACK,0.026862196973524988,0.0018621969502419233,0.03011352712291071,0.025893797207599434,0.03586770428015562,0.03893659876401934,-0.06530102944996088,-0.19545021744106172,1.3389970244907303,0.030061862319241125,0.025510978739819327,0.03586743350886368,0.03902383637637293,-0.06567901431074286,-0.19545038967200154,1.338584069899516
507597.198189942,PLAYBACK,0.03611591598019004,0.0011159160058014095,0.03011352712291071,0.025893797207599434,0.03586770428015562,0.03893659876401934,-0.06530102944996088,-0.1950666056305792,1.338613412680246,0.029995551548381565,0.02551199505579701,0.03586708664136492,0.03913586773808058,-0.06567180880602262,-0.1954506097143649,1.3385463140447948
507597.207077626,PLAYBACK,0.04517934797331691,0.00017934798961505294,0.030497138933395007,0.025893797207599434,0.03586770428015562,0.03932021057450186,-0.06530102944996088,-0.1950666056305792,1.338613412680246,0.029896490040587795,0.025513510837194678,0.03586656931334485,0.0393033134108647,-0.06566106597330108,-0.19545093712495365,1.3384897877891513
507597.211159948,PLAYBACK,0.050080515968147665,8.051597978919744e-05,0.03011352712291071,0.025893797207599434,0.03586770428015562,0.03893659876401934,-0.06530102944996088,-0.1950666056305792,1.338613412680246,0.02982780444064038,0.02551456040418242,0.035866211105197734,0.039419460967550383,-0.06565362951852095,-0.19545116339275692,1.3384505245425025
507597.220197551,PLAYBACK,0.05535033397609368,0.000350333983078599,0.03011352712291071,0.025510185397115137,0.03586770428015562,0.03893659876401934,-0.06530102944996088,-0.1950666056305792,1.338613412680246,0.029741758161772963,0.025515873811587476,0.03586576285381699,0.039565013150905735,-0.06564432588910642,-0.1954514460922497,1.338401266119007
507597.224127849,PLAYBACK,0.0650613639736548,6.136397132650018e-05,0.030497138933395007,0.025510185397115137,0.03586770428015562,0.03893659876401934,-0.06530102944996088,-0.1950666056305792,1.3389970244907303,0.02954989672330151,0.025518797143678648,0.03586476516369082,0.03988973048285655,-0.06562362621670834,-0.1954520736906165,1.3382911743639372
507597.233319679,PLAYBACK,0.07193778501823545,0.0019377850112505257,0.03011352712291071,0.025510185397115137,0.03586770428015562,0.03932021057450186,-0.06530102944996088,-0.1950666056305792,1.338613412680246,0.029388295222318506,0.025521254219561265,0.03586392660945102,0.040163405591317994,-0.06560623597262019,-0.19545259957746935,1.3381981901295672
507597.242030202,PLAYBACK,0.08089861000189558,0.0008986099855974317,0.03011352712291071,0.025510185397115137,0.03586770428015562,0.03932021057450186,-0.06530102944996088,-0.1950666056305792,1.338613412680246,0.029146940196719942,0.025524915549367058,0.03586267707895534,0.04057242058008495,-0.06558033527022056,-0.19545338061140155,1.3380589046982425
507597.246488958,PLAYBACK,0.08505901100579649,5.901098484173417e-05,0.03011352712291071,0.025510185397115137,0.03586770428015562,0.03932021057450186,-0.06530102944996088,-0.19545021744106172,1.338613412680246,0.029023591659944517,0.025526782962768422,0.0358620397774177,0.040781578902508796,-0.06556713073189198,-0.19545377779382198,1.3379875349842016
507597.257232035,PLAYBACK,0.0957091290038079,0.0057091289781965315,0.03011352712291071,0.025510185397115137,0.03625131609063814,0.03932021057450186,-0.06530102944996088,-0.1950666056305792,1.3389970244907303,0.02867747617714561,0.02553200947696423,0.03586025611346572,0.041368919344188626,-0.06553019449540248,-0.1954548852395921,1.3377866108209242
507597.264440175,PLAYBACK,0.10291615698952228,0.0029161570128053427,0.03011352712291071,0.025510185397115137,0.03586770428015562,0.03932021057450186,-0.06530102944996088,-0.1950666056305792,1.338613412680246,0.028420359631536638,0.02553587924375281,0.035858935480317565,0.041805655542651955,-0.0655028661984936,-0.19545570120340533,1.3376367214124714
507597.273747497,PLAYBACK,0.1100772870122455,7.728702621534467e-05,0.03011352712291071,0.025510185397115137,0.03586770428015562,0.03932021057450186,-0.06530102944996088,-0.19545021744106172,1.3389970244907303,0.028148293994439785,0.025539962023641668,0.035857542158377616,0.042268178757754064,-0.06547405203678182,-0.19545655833557332,1.3374775286943241
507597.27788307,PLAYBACK,0.12006013002246618,6.013002712279558e-05,0.030497138933395007,0.025510185397115137,0.03586770428015562,0.03932021057450186,-0.06530102944996088,-0.19545021744106172,1.338613412680246,0.02774401832440218,0.0255460058528688,0.03585547959656679,0.04295622101026331,-0.06543143319943495,-0.19545781997074968,1.3372398486191568
507597.286844787,PLAYBACK,0.12541816796874627,0.0004181679687462747,0.03011352712291071,0.025510185397115137,0.03586770428015562,0.03932021057450186,-0.06530102944996088,-0.1950666056305792,1.338613412680246,0.02751600020625639,0.025549402483650462,0.03585432043461018,0.0433446891926523,-0.06540750024764917,-0.19545852518211934,1.3371051952500614
507597.29146805,PLAYBACK,0.1300612479681149,6.124796345829964e-05,0.03011352712291071,0.025510185397115137,0.03586770428015562,0.03932021057450186,-0.06530102944996088,-0.1950666056305792,1.338613412680246,0.02731255170982456,0.025552425702037165,0.03585328870210465,0.04369154266959065,-0.06538620987016801,-0.19545915053142476,1.336984687666283
507597.299990831,PLAYBACK,0.1383080380037427,0.003308037994429469,0.03011352712291071,0.025510185397115137,0.03586770428015562,0.03932021057450186,-0.06530102944996088,-0.1950666056305792,1.338613412680246,0.02693825181990426,0.025557969684776805,0.035851396691838976,0.044330269579286555,-0.0653471955309014,-0.19546029160639797,1.3367620956777424
507597.30898455,PLAYBACK,0.14752313296776265,0.0025231329491361976,0.03011352712291071,0.025510185397115137,0.03586770428015562,0.03932021057450186,-0.0656846412604434,-0.1950666056305792,1.338613412680246,0.026500556786243416,0.025564423877616187,0.03584919400775856,0.04507812270478417,-0.06530182045236264,-0.1954616109461663,1.3365003954137855
507597.318424287,PLAYBACK,0.15506228001322597,6.227998528629541e-05,0.03011352712291071,0.025510185397115137,0.03586770428015562,0.03970382238498438,-0.06530102944996088,-0.19545021744106172,1.338613412680246,0.026126719196198335,0.02556991323896937,0.03584732054828519,0.045717629093881516,-0.06526326448895474,-0.19546272572819803,1.33627574245599
507597.327259571,PLAYBACK,0.16505962098017335,5.962100112810731e-05,0.03011352712291071,0.025510185397115137,0.03586770428015562,0.03970382238498438,-0.0656846412604434,-0.1950666056305792,1.3382298008697635,0.025607604060590292,0.025577503226225623,0.03584473006308597,0.04660672329637765,-0.06521000490083723,-0.19546425679519458,1.3359621968824371
507597.331119934,PLAYBACK,0.1708461939706467,0.0008461939869448543,0.03011352712291071,0.025510185397115137,0.03586770428015562,0.040087434195468674,-0.0656846412604434,-0.19545021744106172,1.3382298008697635,0.025294031771685287,0.025582071099936335,0.035843170964002274,0.04714433408779342,-0.06517797797590127,-0.19546517289534673,1.3357719780457646
507597.335276829,PLAYBACK,0.17506039899308234,6.0399004723876715e-05,0.03011352712291071,0.025510185397115137,0.03586770428015562,0.040087434195468674,-0.06530102944996088,-0.19545021744106172,1.3382298008697635,0.02505921627857977,0.025585483997475712,0.035842006040626574,0.04754717058233514,-0.06515406097644291,-0.19546585491988908,1.3356291599425976
507597.344724972,PLAYBACK,0.18283069197786972,0.0028306919848546386,0.03011352712291071,0.025510185397115137,0.03586770428015562,0.040471046005951195,-0.0656846412604434,-0.19545021744106172,1.3382298008697635,0.024611204589313287,0.025591978413681094,0.035839789203316666,0.04831631486149905,-0.0651085758891548,-0.19546714731627424,1.3353558405477752
507597.353514127,PLAYBACK,0.19209750602021813,0.0020975060178898275,0.03011352712291071,0.025510185397115137,0.03586770428015562,0.040854657816433715,-0.06530102944996088,-0.19545021744106172,1.3382298008697635,0.02404989071348551,0.025600085567225206,0.0358370216660823,0.04928094436091722,-0.06505184176243194,-0.19546875125252405,1.33501196020509
507597.362494239,PLAYBACK,0.2011919179931283,0.0011919179814867675,0.03011352712291071,0.025510185397115137,0.03586770428015562,0.040854657816433715,-0.06530102944996088,-0.19545021744106172,1.337846189059281,0.02346886010921882,0.0256084446516625,0.035834167875345976,0.050280527080453094,-0.06499339561887925,-0.19547039463750732,1.3346544130880025
507597.3713909,PLAYBACK,0.21005661797244102,5.66179514862597e-05,0.02972991531242819,0.025510185397115137,0.03586770428015562,0.041238269626916235,-0.0656846412604434,-0.1950666056305792,1.337846189059281,0.022872664486732558,0.025616988161546922,0.03583125083835157,0.0513072971992231,-0.06493371245921864,-0.1954720635844552,1.3342859047266058
507597.375527867,PLAYBACK,0.21506023302208632,6.0232996474951506e-05,0.02972991531242819,0.025510185397115137,0.03586770428015562,0.04162188143740053,-0.06530102944996088,-0.1950666056305792,1.337846189059281,0.022522862036746357,0.025621985055651633,0.03582954459305698,0.051910241621616074,-0.06489882981520767,-0.195473034695455,1.3340689303298623
507597.3843579,PLAYBACK,0.22006285696988925,6.285699782893062e-05,0.02972991531242819,0.025510185397115137,0.03586770428015562,0.04200549324788305,-0.06530102944996088,-0.1950666056305792,1.337846189059281,0.022163416278448915,0.02562710754833111,0.03582779534828791,0.05253020299539696,-0.06486308935946226,-0.1954740263469477,1.3338453885587591
507597.394431357,PLAYBACK,0.2300715699675493,7.156998617574573e-05,0.02934630350194567,0.025510185397115137,0.03586770428015562,0.04200549324788305,-0.06530102944996088,-0.1950666056305792,1.3374625772487985,0.021414730107661165,0.025637737609617794,0.035824164980179374,0.05382279877355652,-0.06478898347418993,-0.1954760716018164,1.3333778717088678
507597.398679217,PLAYBACK,0.2400587410083972,5.874101771041751e-05,0.02934630350194567,0.025510185397115137,0.03586770428015562,0.04277271686884809,-0.06530102944996088,-0.19545021744106172,1.3374625772487985,0.02062759668608702,0.0256488563439571,0.03582036713426115,0.05518363016538135,-0.06471156040118622,-0.19547819262070104,1.3328835942397355
507597.407766085,PLAYBACK,0.2456914369831793,0.0006914369878359139,0.02896269169146315,0.025510185397115137,0.03586770428015562,0.04315632867933239,-0.06530102944996088,-0.19545021744106172,1.3370789654383142,0.0201655448438929,0.025655356230442728,0.0358181466607083,0.05598331745197391,-0.06466634190088544,-0.19547942394530002,1.3325921595193075
507597.416748672,PLAYBACK,0.25505832402268425,5.832401802763343e-05,0.02896269169146315,0.025510185397115137,0.03586770428015562,0.04392355230029743,-0.06530102944996088,-0.19545021744106172,1.3366953536278317,0.01936736250695195,0.025666538891007194,0.035814325928724966,0.057366236990182104,-0.06458861799986991,-0.19548152771664104,1.3320865209250612
507597.420731251,PLAYBACK,0.2600726999808103,7.269997149705887e-05,0.028579079880978853,0.025510185397115137,0.0354840924696731,0.04469077592126247,-0.06530102944996088,-0.19545021744106172,1.3370789654383142,0.018924384319823257,0.02567272061853078,0.03581221353622739,0.05813452649604791,-0.06454569102446805,-0.19548268282129466,1.3318047279403056
507597.429500567,PLAYBACK,0.2692219279706478,0.004221927956677973,0.028579079880978853,0.025893797207599434,0.03586770428015562,0.04584161135271181,-0.06530102944996088,-0.19545021744106172,1.3366953536278317,0.018087161184283104,0.0256843573982089,0.03580823644040354,0.05958809025326888,-0.06446495656684251,-0.1954848422743001,1.3312699143176643
507597.438325471,PLAYBACK,0.2764643040136434,0.0014643039903603494,0.028195468070496332,0.025510185397115137,0.0354840924696731,0.04584161135271181,-0.06530102944996088,-0.19545021744106172,1.3363117418173491,0.017397340882478463,0.025693900325790255,0.03580497431828267,0.06078719224893427,-0.06439881997227863,-0.19548659867220697,1.3308271093375528
507597.447226651,PLAYBACK,0.2855281669762917,0.0005281670019030571,0.027811856260013812,0.025510185397115137,0.03586770428015562,0.046992446784161146,-0.06530102944996088,-0.1950666056305792,1.3359281300068666,0.016499647427624036,0.02570625878934617,0.03580074883468294,0.06234957682889107,-0.06431326543974863,-0.19548885388479637,1.3302479997764103
507597.451774058,PLAYBACK,0.2907749909791164,0.000774991000071168,0.02742824444953129,0.025510185397115137,0.0354840924696731,0.04775967040512619,-0.06491741763947659,-0.19545021744106172,1.3359281300068666,0.015962298615827056,0.025713624114817816,0.03579823004404336,0.06328584293662212,-0.0642623282383236,-0.1954901874952138,1.3298998136883424
507597.460752617,PLAYBACK,0.2950662840157747,6.628403207287192e-05,0.02742824444953129,0.025510185397115137,0.03586770428015562,0.048526894026093004,-0.06491741763947659,-0.19545021744106172,1.3355445181963823,0.015513062389212762,0.02571976323605896,0.035796130285921705,0.0640691778337377,-0.0642199004972752,-0.19549129310214594,1.3296078440491361
507597.46460758,PLAYBACK,0.3050588059704751,5.880597745999694e-05,0.027044632639046995,0.025510185397115137,0.03586770428015562,0.04967772945754234,-0.06491741763947659,-0.19545021744106172,1.3351609063858998,0.014432635748422757,0.025734459593330865,0.03579110252940408,0.06595532240892475,-0.06411844180112194,-0.19549391762714713,1.328902399694851
507597.473585558,PLAYBACK,0.31176498997956514,0.00176498998189345,0.026277409018081954,0.025510185397115137,0.03586770428015562,0.05006134126802486,-0.06491741763947659,-0.19545021744106172,1.3351609063858998,0.013680266261931194,0.02574463694723137,0.03578761974651554,0.06727058463311941,-0.06404827077817167,-0.19549571673530064,1.328408468106525
507597.482627429,PLAYBACK,0.3227737679844722,0.002773767977487296,0.025510185397115137,0.025510185397115137,0.03586770428015562,0.05197940032043924,-0.06491741763947659,-0.19545021744106172,1.3347772945754173,0.012396961064098742,0.025761890044096777,0.03578171355374372,0.06951741702278266,-0.06392948288187711,-0.19549873208203136,1.3275609485278643
507597.491628271,PLAYBACK,0.33006051898701116,6.051897071301937e-05,0.025126573586632617,0.025510185397115137,0.03586770428015562,0.05274662394140606,-0.06453380582899407,-0.19545021744106172,1.3343936827649348,0.011514157136192298,0.025773681490748754,0.03577767547644992,0.07106551906026144,-0.06384842173184423,-0.1955007676910265,1.3269742815183099
507597.495712776,PLAYBACK,0.33506773196859285,6.773194763809443e-05,0.024742961776150096,0.025510185397115137,0.03586770428015562,0.05428107118333614,-0.06491741763947659,-0.1950666056305792,1.3343936827649348,0.010891955447149994,0.02578195450455974,0.03577484152173769,0.07215782796200147,-0.06379160851695102,-0.1955021835766184,1.3265590241481162
507597.505241786,PLAYBACK,0.34394423401681706,0.003944233991205692,0.023975738155185056,0.025510185397115137,0.03586770428015562,0.055815518425267996,-0.06491741763947659,-0.19545021744106172,1.3340100709544505,0.009757538524138791,0.025796958303714528,0.03576970015443741,0.07415191005868714,-0.063688700966676,-0.19550472521668785,1.3257981578932483
507597.514569197,PLAYBACK,0.3541650659753941,0.004165065998677164,0.02320851453421824,0.025510185397115137,0.03586770428015562,0.057349965667199854,-0.06491741763947659,-0.19545021744106172,1.3332428473334854,0.008401152485405504,0.025814762885755935,0.03576359593107002,0.07654047982264779,-0.06356680026958471,-0.19550769692895995,1.3248820733883853
507597.523164809,PLAYBACK,0.36172912101028487,0.0017291210242547095,0.022441290913253198,0.025510185397115137,0.03586770428015562,0.05811718928816667,-0.06491741763947659,-0.19545021744106172,1.332859235523003,0.007362469901732221,0.02582829793446444,0.035758953091564245,0.07837274241109277,-0.0634742911986697,-0.19550992328194908,1.3241759112861726
507597.532151734,PLAYBACK,0.3701609069830738,0.00016090698773041368,0.0220576791027689,0.025893797207599434,0.03586770428015562,0.05965163653009853,-0.06453380582899407,-0.1950666056305792,1.332092011902036,0.006169396479488172,0.025843738751604773,0.03575365382181637,0.08048073138633573,-0.06336892815775974,-0.19551242796670762,1.323359822387107
507597.536890489,PLAYBACK,0.3758320580236614,0.000832058023661375,0.02129045548180386,0.025510185397115137,0.03586770428015562,0.06041886015106357,-0.06453380582899407,-0.19545021744106172,1.3317084000915536,0.005345931043015395,0.0258543298908743,0.035750017195086976,0.08193778042450059,-0.06329676510570222,-0.19551412396778345,1.3227934635804395
507597.545951467,PLAYBACK,0.38254293001955375,0.002542930014897138,0.02129045548180386,0.025510185397115137,0.03586770428015562,0.06195330739299543,-0.06453380582899407,-0.19545021744106172,1.331324788281071,0.0043495587500870575,0.025867072525264146,0.03574563981866376,0.08370307057480611,-0.0632100605317579,-0.19551614035608997,1.3221048113734615
507597.550201561,PLAYBACK,0.39005881297634915,5.8812962379306555e-05,0.020139620050354523,0.025510185397115137,0.03586770428015562,0.06310414282444476,-0.06453380582899407,-0.19545021744106172,1.331324788281071,0.003205323660890204,0.02588160821031345,0.03574064367920248,0.08573343827134891,-0.06311131530062465,-0.1955184077113938,1.3213094056478114
507597.558854854,PLAYBACK,0.39691543602384627,0.0019154360052198172,0.019372396429389482,0.025510185397115137,0.03586770428015562,0.0642549782558941,-0.06453380582899407,-0.19545021744106172,1.3305575646601042,0.002135237033961455,0.025895106901540954,0.03573600113506015,0.08763524443888426,-0.06301977019170266,-0.1955204814105491,1.3205611312359664
507597.567492557,PLAYBACK,0.40603471698705107,0.0010347169591113925,0.018221560997940145,0.025510185397115137,0.03586770428015562,0.06617303730830848,-0.06453380582899407,-0.1950666056305792,1.3297903410391392,0.000673127439117915,0.02591340165091865,0.03572970446148866,0.09023848672147629,-0.06289594401689794,-0.1955232416722026,1.3195318213325489
507597.576303203,PLAYBACK,0.41511830798117444,0.00011830800212919712,0.017070725566490808,0.025510185397115137,0.03586770428015562,0.06770748455024034,-0.06415019401851155,-0.1950666056305792,1.3294067292286567,-0.0008275385898402454,0.025931998730148294,0.03572329786425094,0.09291606188857435,-0.06277036817420438,-0.1955259866572517,1.318467047545692
507597.580427885,PLAYBACK,0.4200642119976692,6.421201396733522e-05,0.016303501945525767,0.025510185397115137,0.03586770428015562,0.07039276722362153,-0.06415019401851155,-0.1950666056305792,1.3286395056076898,-0.0016632519395715132,0.025942275772078926,0.03571975476895614,0.09440969738796869,-0.06270110473739912,-0.19552747651889785,1.3178704128651777
507597.589886378,PLAYBACK,0.4252166129881516,0.00021661299979314208,0.01553627832455895,0.025510185397115137,0.03586770428015562,0.07115999084458657,-0.06415019401851155,-0.1950666056305792,1.3282558937972073,-0.0025478340955002905,0.02595309139222606,0.03571602379542701,0.09599263674513851,-0.06262831520531985,-0.1955290231510934,1.3172360206537048
507597.598762711,PLAYBACK,0.4354711300111376,0.00047113001346588135,0.014001831082627092,0.025510185397115137,0.03586770428015562,0.07346166170748347,-0.06415019401851155,-0.1950666056305792,1.327105058365758,-0.004350829801289773,0.025974936273357906,0.03570848084690168,0.0992253394820673,-0.06248163151998686,-0.19553207849605078,1.3159337949102738
507597.602990372,PLAYBACK,0.44506694801384583,6.694800686091185e-05,0.011700160219730193,0.025510185397115137,0.03586770428015562,0.07576333257038215,-0.06415019401851155,-0.1950666056305792,1.326337834744793,-0.006089201731485162,0.02599574166021761,0.0357012870341394,0.10235021740239476,-0.06234235694144056,-0.19553490022736744,1.3146665056244444
507597.611741934,PLAYBACK,0.45005979196866974,5.979195702821016e-05,0.010932936598763376,0.025510185397115137,0.03586770428015562,0.07653055619134719,-0.06376658220802903,-0.1950666056305792,1.326337834744793,-0.007013259411894455,0.026006697500867454,0.035697494721904525,0.10401453426932458,-0.062269191332581145,-0.1955363502143923,1.313988133063877
507597.616172195,PLAYBACK,0.4550618639914319,6.186397513374686e-05,0.010165712977798336,0.025510185397115137,0.03586770428015562,0.077297779812314,-0.06376658220802903,-0.1950666056305792,1.3259542229343086,-0.007952430258078584,0.026017758201545286,0.03569366302711186,0.1057083934598905,-0.062195451368170895,-0.19553778816946313,1.3132952822677983
507597.625521137,PLAYBACK,0.4633938280167058,0.003393827995751053,0.008631265735866478,0.025510185397115137,0.03586770428015562,0.07883222705424586,-0.06376658220802903,-0.1950666056305792,1.3251869993133436,-0.009546542439496791,0.026036359132793473,0.03568721179312729,0.10858888297949218,-0.06207173591192366,-0.19554014587323912,1.3121114039754231
507597.634272509,PLAYBACK,0.47303954197559506,0.0030395420035347342,0.0074804303044171405,0.025510185397115137,0.03586770428015562,0.08113389791714276,-0.06376658220802903,-0.1950666056305792,1.3240361638818943,-0.011438271601556556,0.02605814676603211,0.03567964255840016,0.11201605739788013,-0.061927313640482734,-0.19554280699334603,1.310693546223327
507597.643588919,PLAYBACK,0.483246757008601,0.0032467570272274315,0.005562371252002762,0.025893797207599434,0.03586770428015562,0.08305195696955714,-0.06338297039754473,-0.19545021744106172,1.3228853284504467,-0.013493919107126735,0.02608146465965499,0.03567152487366017,0.11575130027041816,-0.061773362133739365,-0.1955455284407803,1.3091366990809123
507597.652297749,PLAYBACK,0.4908282459946349,0.0008282460039481521,0.0036443121995883843,0.025510185397115137,0.03586770428015562,0.08420279240100648,-0.06338297039754473,-0.19545021744106172,1.3213508812085148,-0.01505635369897549,0.02609893454772675,0.03566543050667987,0.11859818811493128,-0.0616584598608632,-0.1955474768530824,1.3079420047672037
507597.656653546,PLAYBACK,0.49509262799983844,9.262800449505448e-05,0.002877088578621567,0.025510185397115137,0.03586770428015562,0.0849700160219733,-0.06338297039754473,-0.1950666056305792,1.3209672693980306,-0.01594843317269416,0.02610880954524449,0.03566198046281564,0.12022670708997155,-0.061593684452357175,-0.19554854230834698,1.3072554312620013
507597.665303062,PLAYBACK,0.5000609849812463,6.098498124629259e-05,0.0021098649576565265,0.025510185397115137,0.0354840924696731,0.08612085145342085,-0.06338297039754473,-0.19545021744106172,1.3202000457770655,-0.01699975322986376,0.026120353362116634,0.03565794235744113,0.12214882135440128,-0.061518127578883905,-0.19554975372627267,1.3064421056221627
507597.674816731,PLAYBACK,0.5100654200068675,6.541999755427241e-05,-0.00019180590524214836,0.025893797207599434,0.03586770428015562,0.08995696955825139,-0.06338297039754473,-0.1950666056305792,1.3190492103456162,-0.01915557259144516,0.02614370275644984,0.035649756751866754,0.12610019227952857,-0.06136586909989,-0.19555208665363746,1.3047599664934892
507597.678838326,PLAYBACK,0.5200336150010116,3.361498238518834e-05,-0.002493476768139047,0.025510185397115137,0.0354840924696731,0.0926422522316308,-0.06299935858706221,-0.19545021744106172,1.3167475394827193,-0.021354733508579405,0.02616706703609664,0.035641539555665465,0.13014495339292764,-0.061214321445774905,-0.19555425417352273,1.3030238509348941
507597.687560662,PLAYBACK,0.5259491949691437,0.0009491949458606541,-0.004411535820553425,0.025510185397115137,0.03586770428015562,0.09417669947356266,-0.06299935858706221,-0.19545021744106172,1.316363927672235,-0.022683693345483806,0.026180959176215875,0.03563663981076444,0.13259615961459217,-0.06112462128562105,-0.1955554585355392,1.3019646906651887
507597.696505085,PLAYBACK,0.5373226759838872,0.0023226760094985366,-0.005945983062485283,0.025510185397115137,0.03586770428015562,0.09762920576791068,-0.06299935858706221,-0.19545021744106172,1.3144458686198206,-0.025288114129148862,0.026207677369892653,0.03562718363416801,0.13741535009846234,-0.060953024280093776,-0.19555758457417977,1.2998667449744796
507597.700519155,PLAYBACK,0.5400626930058934,6.269302684813738e-05,-0.0067132066834521,0.025510185397115137,0.03586770428015562,0.09762920576791068,-0.06299935858706221,-0.19545021744106172,1.3144458686198206,-0.025925149933871582,0.026214108717517167,0.03562490042378865,0.13859727254141005,-0.06091191001574424,-0.19555805681428745,1.2993490473774254
507597.709729019,PLAYBACK,0.548225992009975,0.003225992026273161,-0.008631265735866478,0.025510185397115137,0.03586770428015562,0.09954726482032505,-0.06299935858706221,-0.1950666056305792,1.3129114213778887,-0.02784487213009953,0.026233238143826217,0.03561809146330142,0.1421666507968876,-0.06079008634457605,-0.19555936476719638,1.2977779957367812
507597.718846777,PLAYBACK,0.5573148130206391,0.002314813027624041,-0.010165712977798336,0.025510185397115137,0.03586770428015562,0.10338338292515381,-0.06299935858706221,-0.19545021744106172,1.3113769741359569,-0.030020187792939565,0.026254449811426248,0.03561050718527494,0.14622530512136675,-0.06065586997651852,-0.19556063522513129,1.2959776226955746
507597.727737657,PLAYBACK,0.5664528600173071,0.0014528600149787962,-0.011700160219730193,0.025510185397115137,0.03586770428015562,0.10568505378805249,-0.06261574677657969,-0.19545021744106172,1.309842526894025,-0.032246875765517824,0.026275638989738212,0.03560289020957788,0.1503955662157113,-0.0605227861973872,-0.19556169891226674,1.2941121711203403
507597.736747386,PLAYBACK,0.5751790729700588,0.0001790729584172368,-0.013234607461662051,0.025510185397115137,0.03586770428015562,0.10721950102998434,-0.06261574677657969,-0.1950666056305792,1.3086916914625775,-0.0344095344462694,0.02629569946036871,0.035595636024550834,0.15446147655660095,-0.06039778911734089,-0.19556249881011128,1.2922781219502788
507597.741533603,PLAYBACK,0.5800980650237761,9.806500747799873e-05,-0.014385442893111389,0.025510185397115137,0.03586770428015562,0.1083703364614319,-0.06261574677657969,-0.19545021744106172,1.3083080796520932,-0.035643989761639884,0.026306915803537292,0.03559155952669885,0.15678930932999252,-0.060328357716303065,-0.19556285092300335,1.291221267748928
507597.750581075,PLAYBACK,0.5850657609989867,6.57609780319035e-05,-0.01515266651407643,0.025510185397115137,0.03586770428015562,0.11143923094529562,-0.06261574677657969,-0.19545021744106172,1.3079244678416106,-0.03690172980077685,0.026318165610120802,0.03558745455895773,0.1591663484377143,-0.06025907199838153,-0.19556313071528994,1.2901369377078422
507597.75441133,PLAYBACK,0.5950626109843142,6.26110122539103e-05,-0.017070725566490808,0.025893797207599434,0.03586770428015562,0.11489173723964186,-0.06261574677657969,-0.19545021744106172,1.3067736324101613,-0.039465868150782756,0.02634053337994259,0.035579238515853526,0.16402918840088884,-0.060122444689513145,-0.1955634514033973,1.2879024606517484
507597.763902867,PLAYBACK,0.602192651014775,0.002192651038058102,-0.018988784618905186,0.025510185397115137,0.03625131609063814,0.11642618448157371,-0.06223213496609717,-0.19545021744106172,1.3056227969787138,-0.04132114199192374,0.026356233405750638,0.0355734227149596,0.16756195627752407,-0.06002752742433076,-0.1955634719351818,1.2862654791029307
507597.772624051,PLAYBACK,0.611031020001974,0.0010310200159437954,-0.020523231860837043,0.025510185397115137,0.03586770428015562,0.1217967498283361,-0.06223213496609717,-0.19545021744106172,1.3044719615472644,-0.04365071813742694,0.026375357857161247,0.035566274770766744,0.1720151568140406,-0.05991312584131625,-0.19556324279476855,1.2841855869701646
507597.781561882,PLAYBACK,0.6200765279936604,7.652799831703305e-05,-0.022441290913253198,0.025893797207599434,0.03586770428015562,0.12563286793316486,-0.06223213496609717,-0.19545021744106172,1.3029375143053326,-0.04606812208117899,0.02639449382305678,0.03555904079283199,0.17665692614066025,-0.05980015107049002,-0.19556270123171357,1.2819981509422549
507597.785602993,PLAYBACK,0.6250623089727014,6.230897270143032e-05,-0.02359212634470076,0.025510185397115137,0.03586770428015562,0.12563286793316486,-0.06184852315561287,-0.19545021744106172,1.3021702906843675,-0.047414567418723845,0.026404832362850062,0.03555509310436638,0.1792515656185056,-0.05973980646495781,-0.19556226400960713,1.2807667772176095
507597.794754986,PLAYBACK,0.6330463229678571,0.0030463229632005095,-0.025510185397115137,0.025510185397115137,0.03586770428015562,0.1294689860379954,-0.06184852315561287,-0.1950666056305792,1.3006358434424357,-0.049590884514824615,0.026421049615470257,0.03554883611546901,0.1834596064855098,-0.0596462379874139,-0.19556135024880783,1.278756554010236
507597.803966464,PLAYBACK,0.6450885320082307,0.005088531994260848,-0.02742824444953129,0.025893797207599434,0.03586770428015562,0.13560677500572105,-0.06184852315561287,-0.1950666056305792,1.2991013962005038,-0.05291891010635526,0.026444643868660515,0.03553956478947799,0.18992902597593206,-0.05951281562409467,-0.19555945330982133,1.2756344303007487
507597.812649905,PLAYBACK,0.6509638549759984,0.0009638549527153373,-0.02972991531242819,0.025510185397115137,0.03586770428015562,0.1375248340581372,-0.06146491134513035,-0.19545021744106172,1.2979505607690545,-0.054561813204534064,0.026455741844438663,0.035535120502045985,0.19313830358453143,-0.05945134026039863,-0.19555829210573628,1.2740715038204136
507597.821747103,PLAYBACK,0.6601138149853796,0.00011381501099094748,-0.03164797436484257,0.025510185397115137,0.03586770428015562,0.14136095216296596,-0.06184852315561287,-0.1950666056305792,1.2967997253376051,-0.057144479408885326,0.026472436635215698,0.035528311049767856,0.19820449291442707,-0.05936067834259301,-0.19555616387414454,1.2715853196381264
507597.825900931,PLAYBACK,0.6650633859680966,6.338598905131221e-05,-0.032415197985809385,0.025510185397115137,0.03586770428015562,0.14327901121538034,-0.06146491134513035,-0.19545021744106172,1.2964161135271226,-0.05855342853487528,0.026481150616761755,0.03552468723075483,0.20097932186558368,-0.05931434129555959,-0.19555484601687612,1.270213840110149
507597.835176723,PLAYBACK,0.6700569110107608,5.691102705895901e-05,-0.03356603341725872,0.025510185397115137,0.03586770428015562,0.14711512932021087,-0.06146491134513035,-0.1950666056305792,1.2952652780956733,-0.05998315390190005,0.02648970453141494,0.03552107540338074,0.20380309250645093,-0.05926960271293221,-0.19555339511799777,1.2688111353661855
507597.844239755,PLAYBACK,0.6801576109719463,0.00015761097893118858,-0.0354840924696731,0.025510185397115137,0.03586770428015562,0.15133485923552215,-0.06146491134513035,-0.1950666056305792,1.2933472190432589,-0.06290007129216386,0.026506240281898696,0.03551390969980237,0.20958942619056192,-0.059185545112305143,-0.19555007906363026,1.2659148248264516
507597.852969625,PLAYBACK,0.6900763509911485,7.63509888201952e-05,-0.03816937514305252,0.025510185397115137,0.03586770428015562,0.15517097734035268,-0.06146491134513035,-0.19545021744106172,1.291045548180362,-0.06579627141772637,0.026521418991034686,0.03550706165394242,0.2153685879124027,-0.05911181029208251,-0.19554631302811876,1.2629930676357406
507597.862022768,PLAYBACK,0.7000759359798394,7.593596819788218e-05,-0.040087434195468674,0.025893797207599434,0.03586770428015562,0.15939070725566395,-0.06146491134513035,-0.1950666056305792,1.2895111009384301,-0.06874724781343806,0.026535586685821906,0.03550035245157351,0.2212921773386324,-0.05904680918519161,-0.19554199070134987,1.2599687913071496
507597.866128083,PLAYBACK,0.7050601239898242,6.012397352606058e-05,-0.041238269626916235,0.025510185397115137,0.03586770428015562,0.16130876630807833,-0.06146491134513035,-0.19545021744106172,1.2887438773174633,-0.07022957595517816,0.026542200728774785,0.03549708241583265,0.22428116979352045,-0.05901806084106794,-0.19553963534451566,1.2584316581901092
507597.870455135,PLAYBACK,0.7100810019765049,8.100195555016398e-05,-0.04200549324788305,0.025893797207599434,0.03586770428015562,0.16514488441290887,-0.06146491134513035,-0.1950666056305792,1.2879766536964983,-0.07173035852547176,0.026548550447799166,0.03549383846652129,0.227316586002477,-0.05899163538741465,-0.19553712575957233,1.2568631672686637
507597.879751587,PLAYBACK,0.7176429940154776,0.002642993989866227,-0.04353994048981491,0.025893797207599434,0.03586770428015562,0.16783016708629006,-0.06146491134513035,-0.1950666056305792,1.2856749828335996,-0.07400460396818634,0.026557501271541474,0.0354890479303438,0.23193407903921,-0.05895676322831299,-0.19553308468675903,1.2544629780335952
507597.889177538,PLAYBACK,0.7274781829910353,0.002478183014318347,-0.04545799954222929,0.025510185397115137,0.03586770428015562,0.1743515678645,-0.06108129953464783,-0.1950666056305792,1.2837569237811852,-0.07698588022621332,0.026567995805109205,0.0354829888782172,0.23801943049390858,-0.058920547053936394,-0.19552735720139353,1.2512743407610492
507597.898052387,PLAYBACK,0.7361628059879877,0.001162806001957506,-0.047376058594643666,0.025893797207599434,0.03586770428015562,0.1766532387273969,-0.06108129953464783,-0.19545021744106172,1.2806880292973215,-0.07963678004969732,0.026576133969732796,0.035477801380136446,0.24346119408745065,-0.058897435914258486,-0.19552186115219466,1.2483993103714401
507597.907142251,PLAYBACK,0.7455328489886597,0.0005328489933162928,-0.049294117647058044,0.025510185397115137,0.03586770428015562,0.18125658045319248,-0.06108129953464783,-0.19545021744106172,1.2787699702449071,-0.08250867107398817,0.026583672158957336,0.035472379958860115,0.24938911750870096,-0.05888206939357309,-0.19551548835918395,1.2452431990696464
507597.911097477,PLAYBACK,0.7522303459700197,0.002230345970019698,-0.05006134126802486,0.025510185397115137,0.03586770428015562,0.18585992217898806,-0.06069768772416531,-0.19545021744106172,1.276084687571526,-0.08456265584910087,0.026588244534606766,0.035468619800964746,0.2536493411210962,-0.05887723376125051,-0.19551067051717128,1.242960129886877
507597.920356456,PLAYBACK,0.756814943975769,0.0018149439711123705,-0.0508285648889899,0.025510185397115137,0.03586770428015562,0.18777798123140244,-0.06069768772416531,-0.19545021744106172,1.2749338521400784,-0.08596639658661334,0.026590976152683198,0.035466101995404536,0.2565706349591691,-0.0588768670538569,-0.1955072564908799,1.2413877386708745
507597.924977054,PLAYBACK,0.7651380610186607,0.00013806100469082594,-0.05313023575188858,0.025510185397115137,0.03586770428015562,0.19314854657816305,-0.06069768772416531,-0.19545021744106172,1.273783016708629,-0.08850501823848757,0.026595106850890764,0.03546164635479126,0.2618735622176034,-0.05888221542223584,-0.1955008395926409,1.2385198688455799
507597.933516267,PLAYBACK,0.7738582830061205,0.0038582829874940217,-0.055048294804302955,0.025510185397115137,0.03625131609063814,0.19813550011444292,-0.06069768772416531,-0.19545021744106172,1.2710977340352478,-0.09114564266773516,0.026598303460952464,0.03545712940835203,0.2674162046235186,-0.05889589401372704,-0.1954938462162705,1.2355048127257267
507597.94367545,PLAYBACK,0.7814689480001107,0.0014689479721710086,-0.057349965667199854,0.025510185397115137,0.03586770428015562,0.203122453650721,-0.06069768772416531,-0.19545021744106172,1.2680288395513841,-0.09343159675933543,0.026600174341194757,0.035453299598055175,0.2722357713759867,-0.05891429372467785,-0.1954875436510684,1.2328696789656084
507597.952322801,PLAYBACK,0.7914871890097857,0.00148718903074041,-0.05965163653009853,0.025510185397115137,0.03586770428015562,0.20887663080796592,-0.06069768772416531,-0.19545021744106172,1.2653435568780047,-0.0964138218112209,0.026601386165959678,0.03544838800800682,0.2785521054963829,-0.058947203767359256,-0.19547899839551267,1.2293991824022141
507597.955586566,PLAYBACK,0.7950857789837755,8.577900007367134e-05,-0.061186083772030386,0.025510185397115137,0.03586770428015562,0.21194552529182964,-0.06069768772416531,-0.19545021744106172,1.2641927214465554,-0.09747795361013738,0.026601488087448746,0.0354466519993235,0.2808135579969804,-0.05896132226180212,-0.19547586650160048,1.2281523941134929
507597.96594887,PLAYBACK,0.8078413910116069,0.007841391023248434,-0.06502220187685914,0.025510185397115137,0.03586770428015562,0.21961776150148893,-0.060314075913681015,-0.19545021744106172,1.2603566033417248,-0.10122271679881248,0.026600507085964214,0.03544057419846206,0.28880210453032873,-0.05902052819040277,-0.19546453248640203,1.2237327569994936
507597.973161318,PLAYBACK,0.8100600530160591,6.0053018387407064e-05,-0.06502220187685914,0.025510185397115137,0.03586770428015562,0.21961776150148893,-0.060314075913681015,-0.19545021744106172,1.2592057679102773,-0.10187012126999162,0.02660013164944297,0.03543952385563573,0.2901877754323058,-0.059032214353358994,-0.1954625276913638,1.2229639955412381
507597.977910423,PLAYBACK,0.8200615529785864,6.15529716014862e-05,-0.06809109636072286,0.025510185397115137,0.03586770428015562,0.22460471503776702,-0.060314075913681015,-0.19545021744106172,1.2569040970473786,-0.10477601690218162,0.026597731828130747,0.03543478703029129,0.2964230055469915,-0.05908964030615386,-0.19545338559311456,1.2194984139440304
507597.986790563,PLAYBACK,0.8250677619944327,6.776198279112577e-05,-0.0692419317921722,0.025510185397115137,0.03586770428015562,0.22728999771114644,-0.06069768772416531,-0.19545021744106172,1.2553696498054467,-0.10622370590616367,0.026596116100503754,0.035432402862824286,0.2995383670741191,-0.059121144200026246,-0.19544875300411158,1.2177636798342701
507597.991974675,PLAYBACK,0.830066968977917,6.69689616188407e-05,-0.07039276722362153,0.025510185397115137,0.03586770428015562,0.23266056305790883,-0.060314075913681015,-0.1950666056305792,1.2538352025635149,-0.10766549127410911,0.0265942429280496,0.03543000372761522,0.30264658925770743,-0.05915431598410399,-0.195444095345034,1.2160313371083025
507598.000364812,PLAYBACK,0.8383899459731765,0.003389945952221751,-0.07307804989700095,0.025510185397115137,0.03586770428015562,0.23534584573129003,-0.060314075913681015,-0.1950666056305792,1.251533531700618,-0.11005867074737793,0.02659058314941714,0.03542594875114715,0.30781722376994053,-0.05921307407538931,-0.19543628361518922,1.2131471517726478
507598.008347503,PLAYBACK,0.8451077520148829,0.0001077520428225398,-0.07422888532845029,0.025893797207599434,0.03586770428015562,0.24033279926756812,-0.060314075913681015,-0.1950666056305792,1.2484646372167543,-0.11198517912933227,0.02658717182190554,0.03542259957379046,0.31198898189403373,-0.05926344752891629,-0.19542993882582713,1.2108191397041592
507598.018714606,PLAYBACK,0.8608201880124398,0.005820188031066209,-0.07921583886472838,0.025893797207599434,0.03586770428015562,0.2503067063401243,-0.059930464103198494,-0.19545021744106172,1.245012130922408,-0.11648114479795245,0.026577801683898897,0.035414381982473306,0.32175211844511736,-0.0593900257349291,-0.1954150294489621,1.2053738547561001
507598.02289188,PLAYBACK,0.865060422976967,6.042298628017306e-05,-0.08036667429617772,0.025893797207599434,0.03586770428015562,0.2503067063401243,-0.059930464103198494,-0.1950666056305792,1.2438612954909587,-0.11769373450301904,0.02657498429820043,0.03541204612422797,0.32439069190319036,-0.059425954249327374,-0.1954110037993541,1.2039043083279442
507598.028079289,PLAYBACK,0.8701057179714553,0.00010571797611191869,-0.08190112153810958,0.025510185397115137,0.03586770428015562,0.2529919890135055,-0.059546852292715974,-0.1950666056305792,1.2423268482490268,-0.11913704933160478,0.026571497086079456,0.035409187106324284,0.32753367933338806,-0.05946950295464359,-0.19540622026629265,1.2021557227008235
507598.035431236,PLAYBACK,0.8751243120059371,0.00012431200593709946,-0.08305195696955714,0.025893797207599434,0.03586770428015562,0.2579789425497836,-0.059546852292715974,-0.1950666056305792,1.2411760128175775,-0.12057382937541908,0.026567899214536585,0.03540624812648967,0.33066458546315936,-0.059513565383788436,-0.1954014737155464,1.2004163631352567
507598.039615243,PLAYBACK,0.8800643340218812,6.433401722460985e-05,-0.08420279240100648,0.025893797207599434,0.03586770428015562,0.2602806134126805,-0.059930464103198494,-0.1950666056305792,1.2396415655756456,-0.12198977373086843,0.026564249260631334,0.03540325283034404,0.333751772423377,-0.059557539787601005,-0.19539681768291317,1.1987042110076058
507598.048092005,PLAYBACK,0.8866732210153714,0.0016732210060581565,-0.08650446326390515,0.025893797207599434,0.03586770428015562,0.2629658960860617,-0.059930464103198494,-0.19545021744106172,1.2365726710917837,-0.12388764689190296,0.026559229152436546,0.03539906965845884,0.33789161523267386,-0.0596170854921227,-0.1953906221579614,1.1964136188129366
507598.057341086,PLAYBACK,0.895858007017523,0.0008580069988965988,-0.08918974593728457,0.025893797207599434,0.03586770428015562,0.2683364614328223,-0.059930464103198494,-0.1950666056305792,1.2331201647974357,-0.12653449961052038,0.026552069896476866,0.035392878817216276,0.3436671371727099,-0.05970065972866035,-0.19538209502193926,1.19323019724986
507598.061548458,PLAYBACK,0.9002632399788126,0.0002632399555295706,-0.09072419317921643,0.025893797207599434,0.03586770428015562,0.271405355916686,-0.059930464103198494,-0.1950666056305792,1.2312021057450213,-0.12780880365055577,0.026548593968087616,0.03538973596574633,0.3464478214789717,-0.05974085614277251,-0.19537804735634182,1.191703347702656
507598.070592102,PLAYBACK,0.9090175069868565,0.004017506958916783,-0.09340947585259762,0.025893797207599434,0.03586770428015562,0.2763923094529641,-0.059546852292715974,-0.1950666056305792,1.2281332112611576,-0.13035254354863415,0.026541680367457323,0.0353831164309588,0.3519973288218731,-0.05982044866425953,-0.1953701010739352,1.1886691363984665
507598.079229775,PLAYBACK,0.9150791700230911,7.917004404589534e-05,-0.09456031128404696,0.025510185397115137,0.03586770428015562,0.282146486610209,-0.059930464103198494,-0.1950666056305792,1.22698237582971,-0.1321241961690521,0.026536942052732087,0.03537821344344276,0.3558605014684674,-0.059874983361836435,-0.1953646854301547,1.1865682035474459
507598.08358936,PLAYBACK,0.9250574639881961,5.746399983763695e-05,-0.09762920576791068,0.025510185397115137,0.03625131609063814,0.28751705195696964,-0.059930464103198494,-0.1950666056305792,1.222762645914397,-0.1350621976013587,0.02652936046683775,0.03536950605924566,0.3622613792683537,-0.05996287848842248,-0.19535594804742995,1.1831098957688704
507598.092710243,PLAYBACK,0.9308689850149676,0.0008689850219525397,-0.1003144884412901,0.025510185397115137,0.03625131609063814,0.29020233463035083,-0.059930464103198494,-0.1950666056305792,1.2212281986724651,-0.13678735690857863,0.026525140871013795,0.035364034488981504,0.3660156716122086,-0.06001254683904996,-0.19535097190234083,1.1810958126558646
507598.101320964,PLAYBACK,0.9400601229863241,6.012298399582505e-05,-0.10299977111467129,0.025510185397115137,0.03586770428015562,0.29557289997711145,-0.059930464103198494,-0.1950666056305792,1.2181593041886014,-0.13953951680124252,0.026518892125714004,0.03535471639420388,0.37199691746692526,-0.06008800915975887,-0.19534328790968916,1.1779106655024114
507598.105909109,PLAYBACK,0.9450700909947045,7.009098771959543e-05,-0.10415060654612063,0.025510185397115137,0.03586770428015562,0.30055985351338954,-0.059930464103198494,-0.19545021744106172,1.2166248569466696,-0.14105299227323592,0.026515762394231677,0.03534926735368171,0.37528139847608905,-0.06012720499519291,-0.1953392012804099,1.1761746202307906
507598.114480394,PLAYBACK,0.9531600190093741,0.00316001899773255,-0.10683588921950005,0.025893797207599434,0.03586770428015562,0.30324513618677074,-0.059930464103198494,-0.1950666056305792,1.2131723506523233,-0.14351831602402929,0.0265112210352824,0.03533987169998769,0.3806235750554841,-0.06018702217471159,-0.19533276186862938,1.1733716234662888
507598.123261403,PLAYBACK,0.962119209987577,0.002119209966622293,-0.1087539482719162,0.025893797207599434,0.03586770428015562,0.31091737239643,-0.059546852292715974,-0.1950666056305792,1.2104870679789421,-0.14628119577391469,0.026507084030916204,0.03532854046545818,0.38659797563950293,-0.06024738494843491,-0.1953258689319845,1.1702683467071473
507598.132289418,PLAYBACK,0.9711512930225581,0.0011512930504977703,-0.11143923094529562,0.025510185397115137,0.03586770428015562,0.3159043259327081,-0.059930464103198494,-0.1950666056305792,1.2074181734950784,-0.149102319117283,0.026504069469425517,0.03531605158902805,0.39268392673818253,-0.0603008357474638,-0.19531918140239246,1.167142360606636
507598.136511047,PLAYBACK,0.9751999289728701,0.00019992899615317583,-0.11297367818722748,0.025893797207599434,0.03586770428015562,0.3159043259327081,-0.059930464103198494,-0.1950666056305792,1.2062673380636308,-0.15037827945658894,0.026503155303570225,0.0353100862075504,0.39543165750954157,-0.06032205479036344,-0.19531627061548656,1.1657428785057442
507598.145466351,PLAYBACK,0.9800686140079051,6.861402653157711e-05,-0.11412451361867681,0.025510185397115137,0.03586770428015562,0.3208912794689862,-0.059930464103198494,-0.1950666056305792,1.2051165026321815,-0.15192139873142424,0.026502456086299395,0.03530260041539531,0.3987506464428589,-0.060345102360423813,-0.19531284238693455,1.164062363976565
507598.155096405,PLAYBACK,0.9915638489765115,0.001563848985824734,-0.11796063172350557,0.025893797207599434,0.03586770428015562,0.3262618448157468,-0.059930464103198494,-0.1946829938200949,1.201280384527351,-0.15559708454409757,0.02650274636478866,0.03528353525852235,0.40663884239402853,-0.06038774354263669,-0.19530506250772953,1.160111956460792
507598.159618853,PLAYBACK,1.0000281989923678,2.8198992367833853e-05,-0.11949507896543743,0.025893797207599434,0.03586770428015562,0.33201602197299174,-0.059930464103198494,-0.1950666056305792,1.1985951018539716,-0.15832531870372168,0.026504925267834517,0.03526822052625168,0.41247844370371667,-0.06040747353205046,-0.19529961207282778,1.1572268013030174
507598.170192344,PLAYBACK,1.0077437660074793,0.0027437660028226674,-0.12256397344930114,0.025510185397115137,0.03586770428015562,0.33815381094071917,-0.059930464103198494,-0.1950666056305792,1.1966770428015572,-0.16082254244401617,0.026508538629249616,0.035253301418029646,0.41781303843243267,-0.06041604974450059,-0.19529483721731375,1.1546198414311908
507598.177389332,PLAYBACK,1.0159254809841514,0.0009254809701815248,-0.12524925612268234,0.025510185397115137,0.03586770428015562,0.34083909361410036,-0.059930464103198494,-0.1950666056305792,1.193991760128176,-0.1634777226746571,0.026514220402995142,0.03523646539581987,0.42347514298008243,-0.060414737288668,-0.19528995426503343,1.1518819693573579
507598.186487632,PLAYBACK,1.0225677010021172,0.002567700983490795,-0.12640009155413168,0.025893797207599434,0.03586770428015562,0.346976882581826,-0.059930464103198494,-0.1950666056305792,1.1909228656443123,-0.16563706481150955,0.02652034110459204,0.03522201411623447,0.42807332306843066,-0.06040542591811328,-0.195286106599748,1.14967986103267
507598.190542941,PLAYBACK,1.0300695470068604,6.954697892069817e-05,-0.1294689860379954,0.025893797207599434,0.0354840924696731,0.35273105973907093,-0.059930464103198494,-0.1950666056305792,1.1893884184023804,-0.16807886140501824,0.02652899466648602,0.03520483102902105,0.43326709583094253,-0.06038567345961335,-0.1952818611113631,1.1472144846377157
507598.199676549,PLAYBACK,1.0381590239703655,0.003159023995976895,-0.1321542687113748,0.025510185397115137,0.0354840924696731,0.35579995422293464,-0.059930464103198494,-0.1950666056305792,1.1863195239185167,-0.17071453490140706,0.02654053422333793,0.035185256262215456,0.4388678885249557,-0.06035302195067499,-0.19527736867329606,1.1445806179999227
507598.208337366,PLAYBACK,1.047126281016972,0.002126281033270061,-0.1344559395742735,0.025510185397115137,0.0354840924696731,0.3615541313801778,-0.059930464103198494,-0.1950666056305792,1.1828670176241705,-0.17363815057261753,0.026556193246715532,0.03516226105285606,0.4450764928750275,-0.060302613360771654,-0.19527244451500078,1.1416887463483745
507598.217357736,PLAYBACK,1.05669634899823,0.00169634900521487,-0.1371412222476529,0.025510185397115137,0.03586770428015562,0.3699935912108039,-0.059930464103198494,-0.1950666056305792,1.1797981231403067,-0.1767589417407041,0.02657647397724375,0.03513618259644915,0.4517025096392449,-0.060231836689197,-0.19526719023108532,1.1386316959717127
507598.221827423,PLAYBACK,1.0601301820133813,0.000130182015709579,-0.13867566948958476,0.025510185397115137,0.0354840924696731,0.3699935912108039,-0.059930464103198494,-0.1950666056305792,1.1778800640878924,-0.1778785118397217,0.026584700818382826,0.03512643174733224,0.45407999795622206,-0.06020207779327148,-0.19526529148163438,1.1375414674977122
507598.230816893,PLAYBACK,1.0650582310045138,5.823100218549371e-05,-0.1398265049210341,0.025510185397115137,0.0354840924696731,0.3730624856946676,-0.059930464103198494,-0.1950666056305792,1.1763456168459605,-0.17948478474072357,0.026597423774263197,0.03511206977836443,0.4574920463168207,-0.06015528341336691,-0.19526254357067868,1.1359824368528197
507598.239656585,PLAYBACK,1.076548095967155,0.0015480959555134177,-0.14366262302586286,0.025510185397115137,0.0354840924696731,0.38150194552529193,-0.059930464103198494,-0.1950666056305792,1.171742275120165,-0.18322614223756817,0.026631487686774896,0.03507687609062297,0.46544734792086045,-0.06002722177833619,-0.19525597805527578,1.1323702221033873
507598.243411135,PLAYBACK,1.0850544659770094,5.4465956054627895e-05,-0.1448134584573122,0.025510185397115137,0.0354840924696731,0.38725612268253684,-0.059930464103198494,-0.1950666056305792,1.1682897688258187,-0.18599084138125177,0.026660912788947846,0.03504925478830371,0.47133697150190057,-0.05991507777584908,-0.19525091361534663,1.1297129317801873
507598.252334879,PLAYBACK,1.0912108409684151,0.0012108409428037703,-0.1474987411306934,0.025510185397115137,0.0354840924696731,0.38955779354543374,-0.059930464103198494,-0.1950666056305792,1.1671389333943694,-0.1879879593429104,0.026684578173680477,0.03502841918748433,0.4755995191265731,-0.059824610513131746,-0.19524710689579794,1.1277967230276087
507598.257037594,PLAYBACK,1.0950975859886967,9.758601663634181e-05,-0.14864957656214273,0.025893797207599434,0.0354840924696731,0.39262668802929745,-0.059930464103198494,-0.1950666056305792,1.1656044861524375,-0.1892468373190862,0.02670058693253146,0.0350148952968938,0.47829062487804763,-0.059763447844578176,-0.19524463250100577,1.1265893219311471
507598.26607172,PLAYBACK,1.1055511549930088,0.005551155016291887,-0.15133485923552215,0.025893797207599434,0.0354840924696731,0.40068253604943926,-0.059930464103198494,-0.1950666056305792,1.1633028152895406,-0.19262361040258671,0.026747934446289045,0.0349770850747335,0.4855284809722841,-0.05958333637475327,-0.19523766416817845,1.1233482901569363
507598.274533925,PLAYBACK,1.1128999560023658,0.0028999560163356364,-0.15363653009842082,0.025510185397115137,0.0354840924696731,0.403751430533303,-0.059930464103198494,-0.1950666056305792,1.1602339208056769,-0.19498822568484403,0.026785145895441415,0.03494923406728318,0.49061666109956303,-0.0594430588689263,-0.19523245675737716,1.1210727842612396
507598.28428885,PLAYBACK,1.1200629899976775,6.299000233411789e-05,-0.1555545891508352,0.025893797207599434,0.0354840924696731,0.4098892195010304,-0.059930464103198494,-0.1950666056305792,1.1579322499427782,-0.1972844803533485,0.026824708377465284,0.03492106224561551,0.4955762234685836,-0.059295466479242144,-0.1952271058739743,1.118854734062464
507598.288385118,PLAYBACK,1.1300556110218167,5.5611017160117626e-05,-0.15900709544518143,0.025893797207599434,0.03586770428015562,0.41602700846875784,-0.059930464103198494,-0.1950666056305792,1.1548633554589145,-0.20047163800569748,0.026885618918245282,0.03488004615400063,0.5024949463588826,-0.05907169553591109,-0.19521914512192118,1.1157565446590314
507598.297337156,PLAYBACK,1.1356600029976107,0.0006600029882974923,-0.16245960173952767,0.025893797207599434,0.0354840924696731,0.4194795147631041,-0.059930464103198494,-0.1950666056305792,1.1533289082169826,-0.20224996921090918,0.026922841024334555,0.03485615478656041,0.5063753322297608,-0.058937113486764156,-0.1952144101077341,1.114015108201012
507598.301470385,PLAYBACK,1.140716510009952,0.0007165099959820509,-0.163610437170977,0.025893797207599434,0.0354840924696731,0.4229320210574503,-0.059930464103198494,-0.1950666056305792,1.1517944609750508,-0.20384825828758937,0.02695839518179994,0.03483404445480613,0.509876369514633,-0.05881011768294608,-0.19520996342070365,1.1124405853929356
507598.310508709,PLAYBACK,1.148904085974209,0.003904085955582559,-0.1662957198443582,0.025893797207599434,0.0354840924696731,0.42906981002517774,-0.059930464103198494,-0.1950666056305792,1.1498764019226364,-0.2064228427614609,0.02702008963758797,0.03479711326533785,0.5155452954926131,-0.05859334789217006,-0.19520240126386598,1.1098826554265653
507598.319625535,PLAYBACK,1.1579660060233437,0.0029660059954039752,-0.16821377889677258,0.025893797207599434,0.0354840924696731,0.4352075989929052,-0.059546852292715974,-0.1950666056305792,1.147191119249257,-0.20925152288939441,0.027094602693891745,0.034754583909095756,0.5218195793715501,-0.05833751982362229,-0.19519349812910267,1.107036562145895
507598.328336118,PLAYBACK,1.1672187329968438,0.002218733017798513,-0.170899061570152,0.025893797207599434,0.0354840924696731,0.44211261158159765,-0.059546852292715974,-0.1950666056305792,1.1441222247653933,-0.21211528463337223,0.02717782359248411,0.0347093300294274,0.5282259355969227,-0.05805927665089381,-0.1951838256871869,1.104110850810463
507598.337196299,PLAYBACK,1.1750733379740268,7.333798566833138e-05,-0.17396795605401572,0.025893797207599434,0.0354840924696731,0.4478667887388408,-0.059546852292715974,-0.1950666056305792,1.1410533302815296,-0.21452554077997396,0.027254447682830488,0.034669433604741264,0.5336642223673151,-0.05780977379557818,-0.19517516148115263,1.1016091734895372
507598.341571644,PLAYBACK,1.1812400229973719,0.0012400230043567717,-0.17511879148546505,0.025893797207599434,0.0354840924696731,0.4536209658960857,-0.059546852292715974,-0.1946829938200949,1.1395188830395977,-0.21640375611239296,0.027318643502979346,0.03463713921962228,0.5379338069405041,-0.05760545525281569,-0.1951680786114583,1.0996322401502614
507598.345454641,PLAYBACK,1.185064737976063,6.473797839134932e-05,-0.1762696269169144,0.025893797207599434,0.0354840924696731,0.4563062485694669,-0.059546852292715974,-0.1950666056305792,1.1379844357976658,-0.2175622209932702,0.027360311350277205,0.034616673304002754,0.5405818777643178,-0.057475052201874766,-0.1951635674578678,1.0984000513675822
507598.355332081,PLAYBACK,1.192840350966435,0.0028403509641066194,-0.1789549095902938,0.025893797207599434,0.0354840924696731,0.4597587548638131,-0.059546852292715974,-0.1950666056305792,1.1345319295033196,-0.2199016966018138,0.0274495588969777,0.03457401940521472,0.5459653276757449,-0.05720137461540882,-0.19515413585668304,1.095879999890018
507598.363586867,PLAYBACK,1.202007171988953,0.0020071719773113728,-0.181640192263675,0.025893797207599434,0.0354840924696731,0.46512932021057374,-0.059546852292715974,-0.1950666056305792,1.1318466468299384,-0.22263197194324943,0.027562933775991092,0.0345218941002456,0.5523118685789834,-0.056864226394702476,-0.19514261641563493,1.09288200139409
507598.37218316,PLAYBACK,1.2110981079749763,0.0010981079540215433,-0.1843254749370562,0.025893797207599434,0.0354840924696731,0.47126710917830117,-0.05916324048223345,-0.1950666056305792,1.1287777523460747,-0.22530908723409812,0.027684574753716183,0.03446818029093881,0.5586056907624599,-0.056514727342493305,-0.19513084448490128,1.0898787573007358
507598.376624011,PLAYBACK,1.215105584997218,0.00010558497160673141,-0.18585992217898806,0.025893797207599434,0.0354840924696731,0.47395239185168236,-0.05916324048223345,-0.1950666056305792,1.1276269169146254,-0.2264793556899393,0.027741243324807742,0.03444384786449408,0.5613800285312002,-0.05635597765556202,-0.1951255707882389,1.088545183877006
507598.380291223,PLAYBACK,1.2200703250127845,7.032504072412848e-05,-0.1870107576104374,0.025893797207599434,0.0354840924696731,0.4800901808194098,-0.05877962867174916,-0.1950666056305792,1.1260924696726935,-0.22792066758836743,0.02781412860412266,0.03441313723408058,0.5648168659180098,-0.05615541438321923,-0.19511898578950682,1.0868848354875922
507598.390353509,PLAYBACK,1.2277200149837881,0.002720015007071197,-0.1896960402838168,0.025893797207599434,0.0354840924696731,0.4831590753032735,-0.05877962867174916,-0.1950666056305792,1.123407186999314,-0.23012271339734094,0.02793242339561157,0.034364572388732174,0.5701113746633902,-0.055838141860675365,-0.1951087722470895,1.0843090195808691
507598.398991693,PLAYBACK,1.2384356789989397,0.0034356790129095316,-0.19276493476768053,0.025893797207599434,0.035100480659188804,0.49198214694438036,-0.05877962867174916,-0.1950666056305792,1.1207219043259329,-0.2331676311379278,0.02811084600859336,0.03429396073693984,0.5775224206370336,-0.0553775937749687,-0.1950944687786918,1.0806672038007157
507598.408061939,PLAYBACK,1.2469884090241976,0.001988409028854221,-0.19660105287251106,0.025893797207599434,0.035100480659188804,0.4985035477225903,-0.058396016861266636,-0.1950666056305792,1.1180366216525517,-0.23556229750290184,0.028264292449807944,0.034235428438298264,0.5834265582823477,-0.05499743803058021,-0.1950832069587645,1.0777364279444503
507598.417333753,PLAYBACK,1.2556949339923449,0.0006949339876882732,-0.19928633554589048,0.025893797207599434,0.035100480659188804,0.5019560540169365,-0.058012405050784116,-0.1950666056305792,1.1153513389791723,-0.23796447527807982,0.028430819787718886,0.034173883145645255,0.5894179251504517,-0.05460012766984596,-0.19507203901620007,1.0747368782916225
507598.42138811,PLAYBACK,1.2602467390242964,0.0002467390149831772,-0.20043717097733982,0.025893797207599434,0.035100480659188804,0.5046413366903177,-0.058012405050784116,-0.1950666056305792,1.114200503547723,-0.2392051687877326,0.028522085249022885,0.034140929848635496,0.5925397048130746,-0.054388661025179655,-0.1950663690507688,1.0731643113280045
507598.430537328,PLAYBACK,1.269202413968742,0.004202413954772055,-0.20273884184023672,0.025893797207599434,0.035100480659188804,0.5111627374685277,-0.057628793240301596,-0.1950666056305792,1.111898832684826,-0.24161483765715502,0.028710209741365515,0.03407454376534499,0.59865637053229,-0.05396581613485249,-0.19505564899012387,1.0700651489272246
507598.439473135,PLAYBACK,1.276639184972737,0.0016391849494539201,-0.20465690089265287,0.025893797207599434,0.034716868848706284,0.5173005264362551,-0.057628793240301596,-0.1946829938200949,1.1088299382009623,-0.24358437337558095,0.02887523241012846,0.03401783581227476,0.6037083733779225,-0.053608401689216316,-0.19504727223426385,1.067488859922028
507598.44350557,PLAYBACK,1.2850579060032032,5.790602881461382e-05,-0.20580773632410043,0.025893797207599434,0.035100480659188804,0.5234383154039826,-0.0572451814298173,-0.1950666056305792,1.1061446555275811,-0.24578109363477113,0.029072004799037172,0.03395184828302774,0.6093985224357523,-0.05319742445575504,-0.1950384677416681,1.0645711706152392
507598.452545196,PLAYBACK,1.292893172998447,0.002893173019401729,-0.20887663080796415,0.025893797207599434,0.034716868848706284,0.5291924925612257,-0.05686156961933478,-0.1950666056305792,1.1046102082856493,-0.247796540023832,0.02926501463625933,0.0338886381610726,0.6146697188638821,-0.05280916076881915,-0.19503100774189056,1.0618551933092513
507598.461437439,PLAYBACK,1.3000559259671718,5.59259788133204e-05,-0.21117830167086282,0.025893797207599434,0.034716868848706284,0.5314941634241244,-0.05686156961933478,-0.1946829938200949,1.1015413138017855,-0.24961683557447303,0.02945014704570507,0.033829248718601095,0.6194711161935008,-0.05244953814089988,-0.19502487588371453,1.0593721073738853
507598.465772126,PLAYBACK,1.3050656429841183,6.564299110323191e-05,-0.21232913710231038,0.025893797207599434,0.034716868848706284,0.5376319523918518,-0.05686156961933478,-0.1946829938200949,1.1000068665598537,-0.25087861138125095,0.02958475557479034,0.033786750036211684,0.6228212587874471,-0.0521954231415519,-0.19502100920096238,1.0576353058797066
507598.474324455,PLAYBACK,1.3131916499696672,0.0031916499719955027,-0.21501441977569158,0.026277409018081954,0.035100480659188804,0.5403172350652312,-0.05647795780885226,-0.1946829938200949,1.09693797207599,-0.25290764793685966,0.029812438842702103,0.033716033723482176,0.6282447947655236,-0.05177880062623625,-0.1950155291854747,1.0548179625292773
507598.4837942,PLAYBACK,1.3217598799965344,0.0017598799895495176,-0.21769970244907277,0.025893797207599434,0.034716868848706284,0.5464550240329586,-0.05609434599836974,-0.1946829938200949,1.0931018539711612,-0.2550268428516228,0.03006560875057768,0.03363892388297808,0.633954516535574,-0.05133367734255504,-0.1950108840375044,1.051847072416744
507598.49248235,PLAYBACK,1.3307793679996394,0.000779367983341217,-0.2203849851224522,0.025893797207599434,0.034716868848706284,0.5525928130006861,-0.05532712237740292,-0.1946829938200949,1.0900329594872975,-0.25723975103967317,0.03034746405417033,0.033554698948492376,0.639962107134807,-0.05085876911712441,-0.1950073383880259,1.0487194536551043
507598.501285632,PLAYBACK,1.3400611709803343,6.117095472291112e-05,-0.2234538796063159,0.025893797207599434,0.034716868848706284,0.559114213778896,-0.05532712237740292,-0.1946829938200949,1.0865804531929513,-0.259503198378482,0.030654981207795338,0.03346446129333802,0.6461497049601299,-0.050363359502692086,-0.19500521699367557,1.0455005775088033
507598.513138015,PLAYBACK,1.350579474994447,0.0055794750223867595,-0.2261391622796971,0.025893797207599434,0.034716868848706284,0.5679372854200047,-0.0549435105669204,-0.1946829938200949,1.08389517051957,-0.26205857924149656,0.031026375139670978,0.03335739653509001,0.6531794937882249,-0.04979385560239369,-0.19500478490127002,1.0418525875385969
507598.518236643,PLAYBACK,1.3600626359693706,6.263598334044218e-05,-0.2288244449530783,0.026277409018081954,0.034716868848706284,0.5740750743877303,-0.05455989875643788,-0.1946829938200949,1.0792918287937745,-0.26436061717374737,0.03138358810739867,0.03325604215190383,0.6595440535003,-0.04927316495137625,-0.19500626387885273,1.0385638708423013
507598.523520898,PLAYBACK,1.3650669520138763,6.695202318951488e-05,-0.23074250400549268,0.026277409018081954,0.034716868848706284,0.5775275806820783,-0.05455989875643788,-0.1946829938200949,1.0777573815518426,-0.2655767613812172,0.03158113053422621,0.0332005616387845,0.6629154880310344,-0.04899574458327505,-0.19500777478925124,1.036829149423892
507598.529509219,PLAYBACK,1.3703077039681375,0.00030770397279411554,-0.23342778667887387,0.026277409018081954,0.034716868848706284,0.5802128633554577,-0.05417628694595536,-0.1946829938200949,1.0762229343099108,-0.26685224098279847,0.03179494181272686,0.03314090354594756,0.6664562501204334,-0.04870341530347223,-0.1950099019734657,1.035013982475766
507598.53762645,PLAYBACK,1.3758504369761795,0.0008504369761794806,-0.23457862211032143,0.026277409018081954,0.034716868848706284,0.5832817578393215,-0.05417628694595536,-0.1946829938200949,1.074688487067979,-0.2682036289748314,0.032028927398235006,0.033076024751770704,0.6702113199137466,-0.04839250162175366,-0.19501275568747262,1.033097498439253
507598.546571685,PLAYBACK,1.3852174439816736,0.00021744397236034274,-0.2368802929732201,0.026277409018081954,0.034716868848706284,0.5924884412909144,-0.05340906332498854,-0.1946829938200949,1.0716195925841152,-0.27049215296374846,0.032442713294019224,0.03296215972169558,0.6765730986708781,-0.047864286694842995,-0.19501895584007448,1.029873940592336
507598.550498346,PLAYBACK,1.3900695979828015,6.959796883165836e-05,-0.23803112840466767,0.026661020828564475,0.034716868848706284,0.5959409475852606,-0.05302545151450602,-0.1946829938200949,1.0700851453421834,-0.27167863521433566,0.03266591573292509,0.032901115406492015,0.6798698303909243,-0.047590145067405054,-0.19502281633122198,1.028216576469706
507598.559431037,PLAYBACK,1.3993099509971216,0.004309950978495181,-0.23956557564659953,0.026661020828564475,0.03433325703822376,0.602078736552988,-0.0526418397040235,-0.1946829938200949,1.067399862668804,-0.2739358285295548,0.03310679057244229,0.03278112547915662,0.6861321435706682,-0.04706933484811618,-0.1950312787664584,1.0250964872196544
507598.567973978,PLAYBACK,1.4068541079759598,0.0018541079480201006,-0.2418672465094982,0.026661020828564475,0.03433325703822376,0.6070656900892661,-0.0526418397040235,-0.1946829938200949,1.0650981918059053,-0.2757730046116866,0.03348116633228481,0.032679680240944683,0.6912140270906967,-0.04664729237561138,-0.1950391292292738,1.0225947248322087
507598.577147422,PLAYBACK,1.4150781449861825,7.814500713720918e-05,-0.24378530556191258,0.027044632639046995,0.034716868848706284,0.6101345845731299,-0.052258227893539205,-0.1946829938200949,1.0627965209430084,-0.2777678666913606,0.033903148200901116,0.03256563563179244,0.6967096914547216,-0.04619227593109222,-0.19504845739719578,1.0199232290304803
507598.581341048,PLAYBACK,1.4200565309729427,5.653098924085498e-05,-0.24493614099336192,0.027044632639046995,0.03433325703822376,0.6128198672465093,-0.051874616083056685,-0.1946829938200949,1.0612620737010765,-0.27897156581148363,0.03416539182560755,0.032494845325453374,0.7000116038765337,-0.04591992243092886,-0.1950544038612989,1.0183365288553121
507598.585276606,PLAYBACK,1.4250679609831423,6.796099478378892e-05,-0.24608697642480948,0.027044632639046995,0.03433325703822376,0.6189576562142367,-0.051491004272574165,-0.1946829938200949,1.0597276264591446,-0.2801808202646146,0.034434483808879424,0.03242222313139723,0.703316140470929,-0.04564835258224391,-0.1950605530624536,1.016763296902831
507598.594589429,PLAYBACK,1.432826620992273,0.0028266209992580116,-0.24838864728770815,0.027044632639046995,0.03433325703822376,0.6220265506981004,-0.051107392462091644,-0.1946829938200949,1.0555078965438316,-0.2820496851080694,0.03486117113476046,0.032307010633759854,0.7083948473864053,-0.045233366242205336,-0.1950702627563701,1.0143758027850287
507598.603576224,PLAYBACK,1.4421424599713646,0.002142459969036281,-0.25069031815060505,0.02742824444953129,0.03433325703822376,0.6304660105287265,-0.05072378065160735,-0.1946829938200949,1.0524390020599679,-0.2842918448691977,0.035389741319236036,0.03216400715518826,0.714435946853356,-0.04474437372786911,-0.1950819416719102,1.0115869854025212
507598.6122314,PLAYBACK,1.4524637350114062,0.0024637349997647107,-0.2529919890135037,0.02742824444953129,0.03433325703822376,0.6366037994964522,-0.049572945220159786,-0.1946829938200949,1.0493701075761042,-0.2867794450857224,0.0359962440473166,0.03199926309228298,0.7210621313616392,-0.04421516564369268,-0.19509442661385773,1.0085965839261501
507598.616939566,PLAYBACK,1.4550563269876875,5.6326971389353275e-05,-0.2545264362554356,0.027811856260013812,0.03433325703822376,0.6366037994964522,-0.049572945220159786,-0.1946829938200949,1.0474520485236898,-0.28740563201371283,0.03615206889509607,0.03195678930533534,0.7227162539167473,-0.04408440351168779,-0.195097419360591,1.007861851755289
507598.625971108,PLAYBACK,1.4641634739818983,0.00416347396094352,-0.2575953307392993,0.027811856260013812,0.03394964522774124,0.6427415884641796,-0.04918933340967549,-0.1946829938200949,1.0447667658503104,-0.289611829407651,0.036710600740767305,0.03180395333395827,0.7284962518203534,-0.043632264702670724,-0.1951072486459333,1.00533317941636
507598.634615984,PLAYBACK,1.4728894570143893,0.0028894570423290133,-0.2595133897917137,0.028195468070496332,0.03394964522774124,0.6519482719157708,-0.04842210978871045,-0.1946829938200949,1.0409306477454798,-0.29173831959293844,0.037262166015697824,0.03165198388716933,0.7339926314306358,-0.043209952543715104,-0.19511534498535446,1.0029866580852442
507598.643470365,PLAYBACK,1.4800623990013264,6.239901995286345e-05,-0.260664225223163,0.028195468070496332,0.03394964522774124,0.655400778210117,-0.04765488616774363,-0.1946829938200949,1.038628976882583,-0.2934982675091482,0.03772769009883496,0.031522810482512556,0.7384826673995651,-0.04287114018060936,-0.19512072983210546,1.0011136913180507
507598.653014092,PLAYBACK,1.490061514021363,6.15140306763351e-05,-0.26373311970702673,0.028579079880978853,0.03394964522774124,0.6615385671778444,-0.04727127435726111,-0.1946829938200949,1.0355600823987192,-0.29597364319218195,0.03839503530210385,0.03133603140546073,0.7447030918467286,-0.04241191207426863,-0.19512582967386655,0.9985869594207982
507598.657858601,PLAYBACK,1.5000608990085311,6.08990085311234e-05,-0.2656511787594411,0.028579079880978853,0.03356603341725872,0.6672927443350893,-0.04688766254677859,-0.1946829938200949,1.0324911879148555,-0.29847950051991656,0.03908399309274748,0.03114105487878835,0.750882754066288,-0.04196851898904582,-0.19512749565566184,0.9961582088124424
507598.66619855,PLAYBACK,1.5059125369880348,0.0009125369833782315,-0.26680201419088867,0.02896269169146315,0.03356603341725872,0.673430533302815,-0.04650405073629607,-0.1946829938200949,1.0313403524834062,-0.29996209571816973,0.03949725168228362,0.031022989962739358,0.754481840577016,-0.04171665544188775,-0.19512658814502656,0.9947823839904585
507598.670313354,PLAYBACK,1.510097133985255,9.713397594168782e-05,-0.267952849622338,0.02896269169146315,0.03356603341725872,0.6761158159761962,-0.04612043892581355,-0.1946829938200949,1.0298059052414743,-0.3010303495211711,0.03979736336301023,0.030936707718385636,0.7570483719677044,-0.041540075880927334,-0.19512498167135187,0.993819103638482
507598.679509482,PLAYBACK,1.5181016579736024,0.0031016579596325755,-0.2698709086747524,0.02934630350194567,0.03356603341725872,0.6788010986495774,-0.045736827115329254,-0.1946829938200949,1.0271206225680931,-0.3030938569076853,0.0403821173864693,0.030767242187369422,0.7619421306095238,-0.041210680125240595,-0.19511945746188583,0.9920243342751334
507598.688584978,PLAYBACK,1.527075098012574,0.0020750979892909527,-0.27178896772716854,0.02972991531242819,0.03356603341725872,0.6872405584802017,-0.04458599168388169,-0.1946829938200949,1.0244353398947137,-0.30544110850536804,0.041054385418839205,0.03057015192534289,0.7674058586166497,-0.04085477949334983,-0.1951090095294128,0.9900870342791854
507598.69755446,PLAYBACK,1.5359557979973033,0.0009557980229146779,-0.2737070267795829,0.03011352712291071,0.033182421606774426,0.6903094529640654,-0.04458599168388169,-0.1950666056305792,1.022133669031815,-0.3078026539632259,0.04173715618268319,0.03036744008059505,0.7727922373971569,-0.04051680251537271,-0.19509368078317213,0.9882475353041326
507598.706572425,PLAYBACK,1.5450582460034639,5.824601976200938e-05,-0.2756250858319973,0.030497138933395007,0.033182421606774426,0.6964472419317929,-0.044202379873397396,-0.1946829938200949,1.0198319981689181,-0.31026629150261537,0.042454992087225515,0.03015149859757307,0.7782939786803128,-0.04018540327353292,-0.19507219509232565,0.9864424251943028
507598.710488966,PLAYBACK,1.5500594970071688,5.9497018810361624e-05,-0.27677592126344663,0.030497138933395007,0.033182421606774426,0.7018178072785535,-0.043818768062914876,-0.1946829938200949,1.0186811627374688,-0.3116396688338932,0.0428571475130938,0.030029242512091537,0.7813094293446842,-0.04000988557712261,-0.19505766582870324,0.9854852468969088
507598.719280786,PLAYBACK,1.5593927889713086,0.004392788978293538,-0.278693980315861,0.030880750743877527,0.033182421606774426,0.7075719844357984,-0.043051544441949835,-0.1946829938200949,1.0167631036850544,-0.31424227670128946,0.043622269607603764,0.029794087421075015,0.786924161045775,-0.039694934057066346,-0.1950249154694955,0.9837646632239091
507598.728872606,PLAYBACK,1.5651025039842352,0.00010250398190692067,-0.27946120393682605,0.030880750743877527,0.033182421606774426,0.7098736552986953,-0.043051544441949835,-0.1946829938200949,1.0144614328221575,-0.31586098950748653,0.044099662082560075,0.029645659114362597,0.7903515514101382,-0.039510403847825074,-0.1950009987993018,0.9827542749534431
507598.737840515,PLAYBACK,1.5751344210002571,0.00013442098861560225,-0.28253009842068977,0.03126436255436005,0.032798809796291906,0.7156278324559402,-0.04228432082098302,-0.1946829938200949,1.0117761501487763,-0.3187561946966925,0.04495535126764812,0.0293763282127853,0.7963609576230322,-0.03920122737005812,-0.19495122479269053,0.9810566537092579
507598.743080716,PLAYBACK,1.5850634910166264,6.34909956716001e-05,-0.28444815747310415,0.032031586175326865,0.032415197985809385,0.7217656214236676,-0.0419007090105005,-0.1946829938200949,1.0090908674753951,-0.32168846931313655,0.045823057860347675,0.02909891724244171,0.8022940807797007,-0.038914084346264435,-0.19489142790684955,0.9794739297507159
507598.750590336,PLAYBACK,1.5900609840173274,6.098399171605706e-05,-0.2855989929045535,0.032415197985809385,0.032031586175326865,0.7240672922865645,-0.04151709720001798,-0.1946829938200949,1.0079400320439458,-0.3231902190550101,0.046267394023353586,0.02895519304302334,0.8052749270936901,-0.038776618315603924,-0.19485707152221582,0.9787140413275633
507598.754830211,PLAYBACK,1.5950640480150469,6.404804298654199e-05,-0.2867498283360028,0.032415197985809385,0.032031586175326865,0.7298214694438094,-0.04113348538953368,-0.1946829938200949,1.0064055848020157,-0.3247112813301977,0.0467171652459266,0.028808567740122228,0.8082553599804272,-0.038643690577178494,-0.19481966306296758,0.9779779609829078
507598.764293604,PLAYBACK,1.6023932810057886,0.002393281029071659,-0.2890514991988997,0.033182421606774426,0.03164797436484257,0.7328903639276731,-0.04074987357905116,-0.1946829938200949,1.004103913939117,-0.3269716311417571,0.04738465601603757,0.028588860938775214,0.8126143064393248,-0.038457333629539854,-0.194759176185436,0.9769442196562174
507598.773473821,PLAYBACK,1.6130094740074128,0.00300947402138263,-0.2913531700617984,0.03356603341725872,0.03126436255436005,0.7413298237582975,-0.04036626176856864,-0.1946829938200949,1.0014186312657358,-0.3303129811111918,0.0483684444912225,0.02826051119183444,0.8189103326173932,-0.038204673183758114,-0.19465893759427622,0.9755409575040999
507598.782610945,PLAYBACK,1.620998969010543,0.000998969015199691,-0.2936548409246953,0.03394964522774124,0.030880750743877527,0.7470840009155406,-0.04036626176856864,-0.1946829938200949,0.9995005722133214,-0.3328787443474461,0.04912067549519119,0.028005860191572026,0.8236310036699134,-0.03802755992368382,-0.19457313348742075,0.9745584168123612
507598.791564837,PLAYBACK,1.630255563009996,0.0002555630053393543,-0.2963401235980765,0.034716868848706284,0.030497138933395007,0.7536054016937523,-0.03998264995808612,-0.1946829938200949,0.9971989013504245,-0.3359029846700562,0.05000284187619863,0.027703344127698083,0.8290749408879149,-0.03783568249296594,-0.19446209276759394,0.9734990819122306
507598.796355553,PLAYBACK,1.6352401209878735,0.00024012097856029868,-0.2974909590295258,0.034716868848706284,0.030497138933395007,0.7566742961776143,-0.03959903814760182,-0.1946829938200949,0.9964316777294577,-0.3375525630849863,0.050481675166238305,0.02753742109090937,0.8319920099179404,-0.03773798551738253,-0.19439699781638697,0.9729637556488467
507598.799790837,PLAYBACK,1.6400873960228637,8.739600889384747e-05,-0.2986417944609734,0.035100480659188804,0.03011352712291071,0.7593595788509955,-0.03959903814760182,-0.1946829938200949,0.9952808422980102,-0.33916946762844563,0.05094925116631107,0.027374252741102764,0.8348169301957888,-0.03764655117264248,-0.19433008769323334,0.9724666706567072
507598.810070733,PLAYBACK,1.647155335987918,0.0021553359692916274,-0.30094346532387206,0.03586770428015562,0.03011352712291071,0.7620448615243767,-0.03959903814760182,-0.1946829938200949,0.993362783245594,-0.34154712948138716,0.051633388026595964,0.02713350828017951,0.8389115483843829,-0.03751916037134141,-0.19422611284365762,0.9717831186499716
507598.820513301,PLAYBACK,1.6558167139883153,0.0008167139603756368,-0.30324513618676896,0.03625131609063814,0.02972991531242819,0.7674154268711373,-0.0392154263371193,-0.1946829938200949,0.9918283360036622,-0.3444878388128565,0.05247341432387212,0.026834730919127723,0.8438826703329398,-0.03737177361628952,-0.1940883271341941,0.9710113099163751
507598.827345417,PLAYBACK,1.6668891750159673,0.0018891750369220972,-0.30554680704966763,0.03663492790112066,0.02934630350194567,0.774704051270314,-0.03883181452663678,-0.1942993820096124,0.9902938887617303,-0.3482794744412052,0.05354561575592334,0.026448468071958324,0.8501501737582045,-0.03719521002087324,-0.19389569715517202,0.970127215611721
507598.831182115,PLAYBACK,1.672557100013364,0.0025571000296622515,-0.30823208972304705,0.03701853971160496,0.02934630350194567,0.7777729457541778,-0.03844820271615426,-0.1942993820096124,0.9887594415197984,-0.3502303786636295,0.054092164432910615,0.02624953389818127,0.8533166724723014,-0.03710897679776963,-0.19379002487661567,0.9697174529801643
507598.839828895,PLAYBACK,1.6798002370051108,0.004800237016752362,-0.3093829251544964,0.03778576333257,0.02896269169146315,0.7827598992904559,-0.038064590905669965,-0.1946829938200949,0.9879922178988334,-0.3527302384540716,0.054787109132163704,0.025994673413418302,0.8573199490360185,-0.03700185524923517,-0.19364811905568521,0.9692339987702924
507598.849117672,PLAYBACK,1.6873275919933803,0.0023275919957086444,-0.31168459601739507,0.03816937514305252,0.028579079880978853,0.7850615701533528,-0.038064590905669965,-0.1942993820096124,0.9868413824673841,-0.355333823840492,0.055504162844537366,0.025729538257291837,0.8614281999027709,-0.03689311234483728,-0.1934925803489003,0.9687770786273764
507598.857849637,PLAYBACK,1.6965789360110648,0.0015789360040798783,-0.31398626688029196,0.03893659876401934,0.028195468070496332,0.7931174181734946,-0.037680979095187445,-0.1942993820096124,0.9853069352254522,-0.3585385889766883,0.05637692899182048,0.025403987745822015,0.8664051950448957,-0.03676126297124282,-0.1932903048613258,0.9682750919531702
507598.863100878,PLAYBACK,1.7050719209946692,7.192097837105393e-05,-0.3170551613641557,0.03932021057450186,0.027811856260013812,0.7961863126573583,-0.037297367284704924,-0.1942993820096124,0.9837724879835203,-0.3614832655878821,0.057168858627733674,0.025106025213431853,0.8709062510999093,-0.036640110942330675,-0.19309394617320583,0.9678679760807494
507598.870944783,PLAYBACK,1.7100641640136018,6.416399264708161e-05,-0.31858960860608754,0.03970382238498438,0.02742824444953129,0.798487983520257,-0.037297367284704924,-0.1942993820096124,0.9833888761730378,-0.3632147669575448,0.057629891134241835,0.024931492527853098,0.8735229136870969,-0.03656810428391339,-0.1929738019666975,0.9676510178385667
507598.876043821,PLAYBACK,1.7155463799717836,0.0005463799461722374,-0.3197404440375369,0.040087434195468674,0.02742824444953129,0.8038585488670176,-0.036913755474222404,-0.1942993820096124,0.9830052643625553,-0.36511646110313317,0.05813218255726631,0.024740483223909076,0.8763726767438652,-0.03648783124986525,-0.1928378602253294,0.9674306761522734
507598.884121566,PLAYBACK,1.7252677899668925,0.005267789994832128,-0.3228093385213988,0.040471046005951195,0.027044632639046995,0.8092291142137782,-0.036913755474222404,-0.1942993820096124,0.9814708171206217,-0.3684889001140081,0.059012221525705136,0.02440377733635422,0.8813683642342822,-0.03634098801864987,-0.19258653715234453,0.9670829961604109
507598.893435301,PLAYBACK,1.731988872983493,0.0019888730021193624,-0.32587823300526253,0.041238269626916235,0.026661020828564475,0.8122980086976419,-0.036913755474222404,-0.1942993820096124,0.9810872053101392,-0.3708204924942395,0.059612425028537135,0.024172729296756464,0.8847819469904533,-0.036234975730495105,-0.19240513690892808,0.9668724164965681
507598.902242009,PLAYBACK,1.7409102009842172,0.0009102009935304523,-0.3285635156786437,0.04162188143740053,0.026661020828564475,0.8199702449073012,-0.036530143663739884,-0.19391577019912987,0.9803199816891723,-0.3739152381812909,0.06039839942290101,0.02386857220004478,0.8892663880017757,-0.036086979574554374,-0.19215473572425937,0.9666272001313561
507598.906561086,PLAYBACK,1.7451705149724148,0.00017051497707143426,-0.3304815747310581,0.04200549324788305,0.026277409018081954,0.8199702449073012,-0.036530143663739884,-0.19391577019912987,0.9799363698786898,-0.3753930473435225,0.060769332594565975,0.02372444144175907,0.8913904642819552,-0.036012878279930986,-0.19203129784829917,0.9665229014912575
507598.915410085,PLAYBACK,1.7500623450032435,6.234500324353576e-05,-0.33163241016250744,0.04277271686884809,0.026277409018081954,0.8253408102540618,-0.036530143663739884,-0.19391577019912987,0.9791691462577248,-0.37708986308845255,0.06119167792679363,0.02355990706704157,0.8938164434258508,-0.035924707122635804,-0.19188649103791638,0.9664126542448644
507598.919628489,PLAYBACK,1.7600619500153698,6.195000605657697e-05,-0.33470130464637116,0.04353994048981491,0.025893797207599434,0.8303277637903417,-0.036530143663739884,-0.19353215838864735,0.9787855344472405,-0.38055823141026235,0.062042925712001915,0.0232270156503872,0.8987356648056093,-0.035732988129167774,-0.1915802915237188,0.9662165913801697
507598.928515481,PLAYBACK,1.7667514120112173,0.0017514119972474873,-0.33777019913023487,0.04469077592126247,0.025893797207599434,0.8330130464637211,-0.036530143663739884,-0.19353215838864735,0.9780183108262754,-0.3828783594501643,0.062603158660765,0.02300710254006269,0.9019993146041377,-0.03559510984706664,-0.19136782939336078,0.9661055017623253
507598.9373953,PLAYBACK,1.7775179540039971,0.0025179539807140827,-0.34045548180361607,0.04545799954222929,0.025126573586632617,0.8403016708628979,-0.03614653185325559,-0.19353215838864735,0.9772510872053086,-0.3866123862176513,0.06348896596602961,0.02265826813972216,0.9072119320064382,-0.03535487426796819,-0.19101308811297052,0.9659566364168627
507598.941658931,PLAYBACK,1.7801536290207878,0.00015362899284809828,-0.34198992904554615,0.04622522316319433,0.025126573586632617,0.8403016708628979,-0.03614653185325559,-0.19353215838864735,0.9772510872053086,-0.38752645696669963,0.0637027852350942,0.02257389131217133,0.9084811958854643,-0.035292333853354396,-0.19092384983067576,0.9659253126933247
507598.951161539,PLAYBACK,1.7893225849838927,0.00432258500950411,-0.34505882352940986,0.047376058594643666,0.024359349965667576,0.8445214007782091,-0.03614653185325559,-0.19314854657816305,0.9764838635843436,-0.39070624348516847,0.06443719068638487,0.022283681229633166,0.912878394309188,-0.03506237234744843,-0.19060609098494044,0.9658303580701169
507598.959948389,PLAYBACK,1.7981896600103937,0.003189660026691854,-0.34774410620279106,0.048526894026093004,0.023975738155185056,0.8514264133669034,-0.035762920042773066,-0.19314854657816305,0.9757166399633785,-0.393781248512778,0.06513329881467227,0.022008195275458296,0.9171071209015267,-0.03482038225935373,-0.1902880225361478,0.9657570743080923
507598.96852263,PLAYBACK,1.8070086420048028,0.0020086420117877424,-0.3511966124971373,0.04967772945754234,0.02359212634470076,0.8537280842298003,-0.035379308232290546,-0.19276493476768053,0.9749494163424117,-0.3968395095430809,0.06581163542115545,0.021739577986762657,0.9212939662506237,-0.03455899346920793,-0.18996123394384715,0.965699642946091
507598.977936758,PLAYBACK,1.8150695340009406,6.953399861231446e-05,-0.3538818951705185,0.05044495307850738,0.02359212634470076,0.8587150377660784,-0.035379308232290546,-0.192381322957198,0.9741821927214467,-0.399634838313014,0.06641927435996837,0.021499016113886313,0.9251078014504901,-0.03430070049936619,-0.18965348434542484,0.9656585300520735
507598.987094722,PLAYBACK,1.8250714740133844,7.147400174289942e-05,-0.3573344014648647,0.05274662394140606,0.02282490272373572,0.863318379491874,-0.035379308232290546,-0.192381322957198,0.9734149691004799,-0.4031032447774895,0.06715655912143241,0.02120749905245919,0.9298272802637977,-0.03395272030082806,-0.1892597109212072,0.9656198473685998
507598.991044638,PLAYBACK,1.8314088269835338,0.0014088269672356546,-0.3588688487067966,0.0535138475623711,0.02282490272373572,0.8686889448386363,-0.034995696421808026,-0.1919977111467155,0.9734149691004799,-0.40530086154093875,0.06761404961684038,0.021026982053776268,0.93281271795417,-0.03371558119425011,-0.1890034428315375,0.9656010162513368
507598.995408612,PLAYBACK,1.8350572420167737,5.724199581891298e-05,-0.36040329594872844,0.05428107118333614,0.02282490272373572,0.8709906157015332,-0.034995696421808026,-0.1919977111467155,0.9730313572899973,-0.40656602940884673,0.06787399974815514,0.02092458932177929,0.9345304066211727,-0.033572947154173194,-0.18885354884211336,0.9655917866135878
507599.004898386,PLAYBACK,1.843470832973253,0.003470832947641611,-0.3638558022430747,0.055815518425267996,0.022441290913253198,0.8755939574273288,-0.034995696421808026,-0.1916140993362312,0.9726477454795148,-0.40948363084944284,0.06846386049893997,0.020692869137356424,0.9384904554104814,-0.03322635740588068,-0.18850136654836105,0.9655740335219413
507599.013678723,PLAYBACK,1.8519908399903215,0.001990840013604611,-0.3665410849164559,0.05696635385671733,0.022441290913253198,0.8798136873426419,-0.034995696421808026,-0.1916140993362312,0.9722641336690305,-0.4124381478280184,0.06904743777243397,0.020464708262256787,0.9425018137675436,-0.03284929301212646,-0.18813558620744805,0.9655596026815684
507599.022549905,PLAYBACK,1.8610463570221327,0.0010463570361025631,-0.3699935912108021,0.05811718928816667,0.022441290913253198,0.8824989700160213,-0.03461208461132373,-0.19123048752574867,0.9722641336690305,-0.4155783874841208,0.06965244267331153,0.02022967549313985,0.9467705330328582,-0.03241842420822641,-0.1877369157280087,0.9655461988516798
507599.031532041,PLAYBACK,1.870056276966352,5.627697100862861e-05,-0.3726788738841833,0.05965163653009853,0.02282490272373572,0.8871023117418169,-0.03422847280084121,-0.19123048752574867,0.9714969100480655,-0.41870284055852774,0.07023874585356721,0.02000378197782928,0.9510271798141313,-0.031957616914720245,-0.1873303625957418,0.9655328610882125
507599.036232954,PLAYBACK,1.8750635189935565,6.351899355649948e-05,-0.3745969329365977,0.06041886015106357,0.02282490272373572,0.8894039826047155,-0.03422847280084121,-0.19123048752574867,0.971113298237583,-0.4204392587633799,0.07055782508254849,0.01988178906915005,0.9533983907548587,-0.03168721001587568,-0.18710025968428678,0.965524738183465
507599.044915263,PLAYBACK,1.8800675650127232,6.75650080665946e-05,-0.375747768368047,0.060802471961547866,0.02282490272373572,0.8936237125200268,-0.03384486099035869,-0.19123048752574867,0.9707296864270987,-0.4221745753499007,0.07087188238953449,0.019762472402572805,0.9557729791885545,-0.03140649780030891,-0.18686740240621155,0.9655157122059722
507599.049450245,PLAYBACK,1.8901600089739077,0.0001600089599378407,-0.37881666285191073,0.06195330739299543,0.02282490272373572,0.8978434424353399,-0.03346124917987617,-0.19084687571526615,0.9699624628061336,-0.42567447537248554,0.07149068676065957,0.01952993790084362,0.960579970433108,-0.030807694392076923,-0.1863891959914564,0.9654935137729193
507599.058669979,PLAYBACK,1.8967171660042368,0.001717165985610336,-0.3818855573357727,0.06310414282444476,0.022441290913253198,0.8997615014877542,-0.03346124917987617,-0.19084687571526615,0.9699624628061336,-0.4279483993970275,0.07188233095638578,0.019384823517631867,0.9637181221595369,-0.0303946982105568,-0.18607258754594408,0.9654753213463824
507599.06684431,PLAYBACK,1.9056252189911902,0.0006252189632505178,-0.3849544518196364,0.0642549782558941,0.02282490272373572,0.9062829022659642,-0.03307763736939187,-0.19046326390478363,0.9691952391851668,-0.4310375778094115,0.07240141783688717,0.019195427133480894,0.9680036953979773,-0.02980268049788758,-0.18563539231287474,0.9654445752780062
507599.071486448,PLAYBACK,1.9101679970044643,0.00016799703007563949,-0.38687251087205254,0.06463859006637662,0.022441290913253198,0.9062829022659642,-0.03307763736939187,-0.19046326390478363,0.9691952391851668,-0.43261294133816147,0.07266045228172364,0.019102347810430274,0.970200264063206,-0.02948682444313094,-0.18540945371471054,0.9654258056129329
507599.080442534,PLAYBACK,1.9210939360200427,0.006093936040997505,-0.3903250171663988,0.06540581368734166,0.02282490272373572,0.9131879148546567,-0.03231041374842683,-0.19007965209429933,0.9684280155642018,-0.4364018645782497,0.0732680674728705,0.018888398662158315,0.9755179683950199,-0.028687949977861366,-0.18485836899664412,0.9653708053171657
507599.092689898,PLAYBACK,1.9277938170125708,0.0027938170242123306,-0.39301029983978175,0.06578942549782596,0.022441290913253198,0.9151059739070728,-0.03231041374842683,-0.19007965209429933,0.9684280155642018,-0.4387252442405175,0.07363015760390186,0.018764262688321702,0.9788056510360665,-0.028170366388234266,-0.18451548982930013,0.9653294135512298
507599.103377809,PLAYBACK,1.9448217559838668,0.004821755981538445,-0.39876447699702666,0.06694026092927352,0.022441290913253198,0.9239290455481797,-0.03192680193794431,-0.1896960402838168,0.9684280155642018,-0.4446300596476827,0.074516184982901,0.018473537119878237,0.9872671448442233,-0.02675897040246801,-0.18362962828046364,0.9651941740352848
507599.1081145,PLAYBACK,1.950066685967613,6.668595597147942e-05,-0.40068253604944104,0.06732387273975782,0.0220576791027689,0.9262307164110783,-0.031543190127460013,-0.1893124284733343,0.9680444037537193,-0.44644880624676936,0.07477970732302315,0.01839127900787787,0.9899074490268511,-0.02629635331163456,-0.18335327695668277,0.9651429899621345
507599.112861511,PLAYBACK,1.9550598909845576,5.989096825942397e-05,-0.4018333714808886,0.06732387273975782,0.0220576791027689,0.9304504463263896,-0.031543190127460013,-0.1893124284733343,0.967660791943235,-0.4481802350151021,0.0750267173355461,0.018316205304221088,0.9924373390844055,-0.02584373048649521,-0.18308896946077097,0.9650897733072556
507599.120612917,PLAYBACK,1.9625387829728425,0.002538782951887697,-0.4052858777752366,0.06809109636072286,0.02167406729228638,0.9327521171892883,-0.031159578316977493,-0.18892881666285177,0.9668935683222699,-0.450773527285149,0.07538997662822558,0.01820970959837742,0.996258094659655,-0.025143563055423642,-0.18269125893768567,0.9650015262293071
507599.124455837,PLAYBACK,1.9650919790146872,9.197898907586932e-05,-0.4052858777752366,0.06809109636072286,0.02167406729228638,0.9350537880521852,-0.030775966506494973,-0.18854520485236748,0.9668935683222699,-0.4516588210920662,0.07551222932883386,0.01817499665897558,0.9975714836568473,-0.024898454212279156,-0.18255508134596066,0.9649689784675713
507599.13324444,PLAYBACK,1.9717694270075299,0.0017694270354695618,-0.40835477225910033,0.06809109636072286,0.02129045548180386,0.9369718471045996,-0.030392354696012452,-0.18854520485236748,0.9665099565117874,-0.453974084479223,0.07582797324466434,0.01808818624708506,1.0010292218400318,-0.024242865940607903,-0.18219823313751013,0.9648778352193579
507599.142079794,PLAYBACK,1.980629559024237,0.0006295590428635478,-0.41104005493247975,0.06847470817120538,0.02129045548180386,0.9415751888303951,-0.029625131075045635,-0.18816159304188496,0.9661263447013049,-0.45704591209596157,0.0762386721516227,0.01798191809736574,1.0056706290862876,-0.0233407808807843,-0.18172388401470044,0.9647430203369948
507599.146815203,PLAYBACK,1.9850693179760128,6.931798998266459e-05,-0.4129581139848941,0.06847470817120538,0.02090684367132134,0.9438768596932938,-0.029625131075045635,-0.18777798123140244,0.9661263447013049,-0.45858502635652904,0.076441262816498,0.01793250707120698,1.0080204829725943,-0.022875116488939813,-0.18148617559959185,0.9646693215485486
507599.155644414,PLAYBACK,1.99653651897097,0.00653651898028329,-0.41602700846875784,0.06885831998168968,0.02090684367132134,0.9503982604715038,-0.028857907454080595,-0.18739436942091992,0.9657427328908206,-0.4625593951049569,0.07695600745048517,0.017816773707740517,1.0141682582295384,-0.02163118408040392,-0.1808736257713586,0.9644593429690789
507599.1650989,PLAYBACK,2.000416219991166,0.0004162199911661446,-0.417945067521174,0.06885831998168968,0.020523231860837043,0.9526999313344007,-0.028474295643596298,-0.18739436942091992,0.9657427328908206,-0.46390356392586857,0.07712777405151684,0.01778149839911903,1.0162748043540433,-0.021197187394829405,-0.1806672522665893,0.9643817473587217
507599.168584893,PLAYBACK,2.010152739007026,0.00015273899771273136,-0.4206303501945534,0.0692419317921722,0.020139620050354523,0.9569196612497137,-0.028474295643596298,-0.1866271457999531,0.9657427328908206,-0.4672750733843087,0.07755471602524383,0.01770159128104827,1.0216227887189575,-0.020079878995144684,-0.18015251601593776,0.964172074839707
507599.177839694,PLAYBACK,2.0157759669818915,0.000775966967921704,-0.42369924467841713,0.0692419317921722,0.020139620050354523,0.9592213321126106,-0.028090683833113778,-0.1866271457999531,0.9657427328908206,-0.46922055408975477,0.07779924435184506,0.01766103348191433,1.0247522946379444,-0.01941692785165637,-0.17985796998900178,0.9640411141124379
507599.187075909,PLAYBACK,2.025059011997655,5.90119743719697e-05,-0.42676813916228085,0.0692419317921722,0.019756008239872003,0.9642082856488887,-0.027707072022631257,-0.18624353398947058,0.9653591210803381,-0.4724282363752516,0.0782010444384821,0.017602956811915985,1.0299852299264345,-0.01829583509445451,-0.1793775302357144,0.9638089114928086
507599.190795602,PLAYBACK,2.030057427007705,5.742697976529598e-05,-0.4286861982146952,0.0692419317921722,0.019756008239872003,0.9661263447013049,-0.027707072022631257,-0.18585992217898806,0.9653591210803381,-0.4741527468944379,0.0784170521275295,0.017576216411838912,1.0328375614197485,-0.017679202949901815,-0.17912245063257531,0.963675572961012
507599.19996051,PLAYBACK,2.038300279993564,0.0033002800191752613,-0.43175509269855894,0.0692419317921722,0.019756008239872003,0.971113298237583,-0.027323460212148737,-0.18509269855802124,0.9649755092698555,-0.4769915161971712,0.07877391521906944,0.017538933701115682,1.037594654192843,-0.016643929532903393,-0.17870839902304045,0.9634429350046381
507599.209172629,PLAYBACK,2.050028484023642,0.00502848403993994,-0.43444037537194014,0.06962554360265472,0.018988784618905186,0.9776346990157929,-0.0261726247806994,-0.18470908674753872,0.9649755092698555,-0.4810172544287682,0.07928607463507129,0.017500159849637056,1.0444779769436086,-0.015135203212457597,-0.17813597785502494,0.9630845700275411
507599.217749204,PLAYBACK,2.05617065099068,0.0011706509976647794,-0.43712565804532133,0.06962554360265472,0.018605172808422665,0.9803199816891723,-0.02578901297021688,-0.1843254749370562,0.9649755092698555,-0.4831182592735413,0.07955794932061049,0.01748633434096021,1.0481366905118488,-0.014330262781015892,-0.17784524157502896,0.9628841051842364
507599.226739967,PLAYBACK,2.065172946022358,0.00017294602002948523,-0.44019455252918327,0.06962554360265472,0.018605172808422665,0.9849233234149697,-0.025021789349250062,-0.18394186312657368,0.9649755092698555,-0.4861874127926157,0.07996314926375078,0.01747380615784957,1.0535660268471987,-0.013134641012201779,-0.17743184662677616,0.962574488116296
507599.23119709,PLAYBACK,2.070060747966636,6.074795965105295e-05,-0.4417289997711151,0.06962554360265472,0.018605172808422665,0.9868413824673841,-0.025021789349250062,-0.18355825131608938,0.964591897459373,-0.4878484096544127,0.08018736628800661,0.017470724594573463,1.05654722242163,-0.012478532541567168,-0.1772142526445588,0.9623985428536672
507599.239858258,PLAYBACK,2.075090804020874,9.080400923267007e-05,-0.443263447013047,0.06962554360265472,0.018605172808422665,0.9910611123826971,-0.0238709539178025,-0.18355825131608938,0.964591897459373,-0.4895536026812035,0.08042183192065604,0.0174701889941064,1.059639679291586,-0.011798886032130461,-0.17699570946758714,0.9622117379954817
507599.248456725,PLAYBACK,2.0850200139684603,2.0013947505503893e-05,-0.4459487296864282,0.06962554360265472,0.018605172808422665,0.9952808422980102,-0.023487342107318204,-0.18279102769512434,0.9642082856488887,-0.492906904665903,0.08089779825270546,0.017476649940348796,1.0658170587086773,-0.010446094988039806,-0.17658133411996516,0.9618259507615743
507599.253117169,PLAYBACK,2.0950984209775925,9.84210055321455e-05,-0.45055207141222375,0.07000915541313724,0.018605172808422665,1.0002677958342883,-0.022720118486353164,-0.18240741588464182,0.9638246738384062,-0.49629304131933366,0.08140242454888853,0.017492818391209652,1.0721862934570165,-0.009061217304943716,-0.17618538959006674,0.9614112617855785
507599.261801261,PLAYBACK,2.1009930219734088,0.000993021996691823,-0.4520865186541556,0.07000915541313724,0.018605172808422665,1.0025694666971852,-0.022336506675870643,-0.18202380407415752,0.9634410620279237,-0.49826532458695416,0.0817094616770828,0.01750646141929712,1.075957731470088,-0.008247349423462952,-0.17596598656229376,0.9611579059374825
507599.266531169,PLAYBACK,2.105062738992274,6.273901090025902e-05,-0.45323735408560495,0.07000915541313724,0.018605172808422665,1.0052547493705664,-0.021569283054903826,-0.181640192263675,0.9634410620279237,-0.49962354647507884,0.0819272078326302,0.01751758040514365,1.0785814882329872,-0.007684281917520652,-0.175819942007797,0.9609783024339783
507599.274810091,PLAYBACK,2.1134209440206178,0.003420944034587592,-0.4566898603799512,0.07039276722362153,0.018605172808422665,1.009858091096362,-0.020802059433938785,-0.181640192263675,0.9634410620279237,-0.5024043126887318,0.08239071427274244,0.01754452251545178,1.0840209149769173,-0.00652605900674175,-0.17553430074326956,0.9605973445635787
507599.284220242,PLAYBACK,2.122402297973167,0.002402297977823764,-0.4597587548638149,0.07039276722362153,0.018221560997940145,1.01484504463264,-0.02003483581297197,-0.18087296864270996,0.9630574502174412,-0.5053797181534091,0.08291598734327497,0.017579190188646156,1.0899415448073986,-0.005280736946811588,-0.17524934800726738,0.9601696067862995
507599.293168072,PLAYBACK,2.130057709000539,5.770899588242173e-05,-0.4628276493476786,0.07039276722362153,0.018221560997940145,1.0202156099794006,-0.01888400038152263,-0.18048935683222567,0.9630574502174412,-0.5079055441883505,0.08338859113372826,0.017612987695899068,1.0950484131713072,-0.004220593357438219,-0.1750248576157474,0.9597897172890651
507599.301742823,PLAYBACK,2.14006614201935,6.614200538024306e-05,-0.46589654383154233,0.07077637903410405,0.017837949187457625,1.025586175326163,-0.01811677676055759,-0.18010574502174315,0.9626738384069569,-0.5111922249746934,0.08404464934707491,0.01766241297544481,1.1018028687271548,-0.0028396898101519727,-0.17475733753119513,0.9592714794728792
507599.306010171,PLAYBACK,2.145064766984433,6.476696580648422e-05,-0.4674309910734742,0.07115999084458657,0.017837949187457625,1.0282714579995424,-0.01773316495007507,-0.18010574502174315,0.9622902265964743,-0.5128260592201734,0.08438967371138707,0.017689070951188404,1.1052055523163382,-0.0021535618730583643,-0.17463484879172408,0.959003441428502
507599.314715554,PLAYBACK,2.150419679004699,0.0004196789814159274,-0.46896543831540427,0.0715436026550691,0.017837949187457625,1.0332584115358205,-0.016965941329108253,-0.18010574502174315,0.9622902265964743,-0.5145695460816451,0.08477275618355087,0.01771891178972246,1.1088687351718247,-0.001422208351255614,-0.17451187301845644,0.9587095223706303
507599.319491069,PLAYBACK,2.160124896967318,0.0001248969929292798,-0.47165072098878547,0.0715436026550691,0.017837949187457625,1.038628976882583,-0.016198717708143212,-0.1793385214007781,0.9619066147859918,-0.5177079874267418,0.08550384857796782,0.017775905238319224,1.1155438492475291,-0.00010924831527556714,-0.17431059885165884,0.9581591703138048
507599.32802352,PLAYBACK,2.1663754229666665,0.0013754229876212776,-0.47433600366216666,0.07231082627603591,0.017837949187457625,1.0409306477454798,-0.015815105897660692,-0.1793385214007781,0.9615230029755093,-0.5197123264235308,0.08600062422147331,0.017814258624729566,1.1198592500285232,0.0007259304397505877,-0.1741954655479727,0.9577928238966154
507599.339588249,PLAYBACK,2.1755328070139512,0.0005328070255927742,-0.4774048981460304,0.07269443808651843,0.017837949187457625,1.0486028839551391,-0.014664270466211354,-0.1793385214007781,0.961139391165025,-0.5226224975212949,0.08676649207377302,0.017872252773759284,1.1261936483116393,0.0019325022659368084,-0.1740465615433818,0.9572393194630604
507599.345635754,PLAYBACK,2.1850643510115333,6.435101386159658e-05,-0.4800901808194098,0.07307804989700095,0.017837949187457625,1.0535898374914172,-0.013129823224279497,-0.1785712977798113,0.9607557793545425,-0.5256181415540273,0.08761375321843484,0.0179343167944272,1.132793541817534,0.0031654426932436323,-0.17391523808211107,0.9566416231605268
507599.350379449,PLAYBACK,2.1918636040063575,0.0018636040040291846,-0.4831590753032735,0.07346166170748347,0.017837949187457625,1.056658731975281,-0.012746211413796976,-0.17818768596932877,0.9599885557335774,-0.5277353590149312,0.08825087908365285,0.017979331767290434,1.1375029126788967,0.0040304092876045135,-0.17383534149509158,0.956201322374793
507599.354517728,PLAYBACK,2.1950681239832193,6.812397623434663e-05,-0.4831590753032735,0.07384527351796777,0.018221560997940145,1.0593440146486621,-0.011978987792830159,-0.17818768596932877,0.9599885557335774,-0.5287279370300176,0.08856097434380795,0.018000700148196446,1.1397226002427563,0.004433910276738838,-0.17380143453935376,0.9559896388436603
507599.365636829,PLAYBACK,2.2014481099904515,0.0014481099788099527,-0.4862279697871372,0.07461249713893281,0.017837949187457625,1.0624129091325258,-0.011595375982347639,-0.17818768596932877,0.9596049439230931,-0.5306947951702372,0.08919767566739727,0.018043445866359552,1.1441419547624565,0.0052294508157925065,-0.1737406994979806,0.9555599819481423
507599.372422295,PLAYBACK,2.2124007800011896,0.0024007799802348018,-0.48929686427100094,0.07499610894941533,0.017837949187457625,1.0704687571526676,-0.010060928740415781,-0.17780407415884625,0.9592213321126106,-0.5340455978616261,0.09035305691137181,0.01811714815792272,1.1517288758502642,0.006571653891466905,-0.1736559640772452,0.9547958256131738
507599.381499374,PLAYBACK,2.222596703970339,0.0025967039982788265,-0.49236575875486466,0.07614694438086467,0.017837949187457625,1.0766065461203933,-0.009293705119448964,-0.17742046234836373,0.9588377203021281,-0.5371404049485765,0.09150298665120561,0.018185702238976326,1.1587916398775369,0.007795675391562801,-0.17359698719258246,0.9540526295252562
507599.385358545,PLAYBACK,2.225074614980258,7.461500354111195e-05,-0.4939002059967965,0.07653055619134719,0.017837949187457625,1.0800590524147413,-0.009293705119448964,-0.17742046234836373,0.9588377203021281,-0.537889557940263,0.09179372739581379,0.018202308318736787,1.1605081045186456,0.008089620296535649,-0.17358526853778125,0.9538671622052657
507599.395247287,PLAYBACK,2.2300613980041817,6.139802280813456e-05,-0.4954346532387284,0.07691416800183148,0.017837949187457625,1.083127946898605,-0.008142869688001403,-0.17703685053787943,0.9584541084916456,-0.5393942094511088,0.092392592068751,0.018235626905557873,1.1639624855709827,0.00867717128591206,-0.1735645331186125,0.9534879749554529
507599.399458266,PLAYBACK,2.240059499978088,5.949998740106821e-05,-0.4985035477225921,0.07806500343327905,0.017837949187457625,1.0888821240558482,-0.007375646067034586,-0.1766532387273969,0.9580704966811613,-0.5424007901809519,0.09365013666744114,0.01830189439071442,1.1708882639788616,0.009839746174432219,-0.1735334339598119,0.952703104540066
507599.407931432,PLAYBACK,2.2469616209855303,0.0019616209901869297,-0.5015724422064558,0.07921583886472838,0.017837949187457625,1.0919510185397119,-0.006608422446069545,-0.1766532387273969,0.9580704966811613,-0.5444704106461651,0.09456402853534412,0.018347117429295567,1.1756694419333376,0.010631066515178741,-0.17351916182104588,0.9521413829562269
507599.417021906,PLAYBACK,2.25553653301904,0.000536533014383167,-0.504257724879837,0.0799830624856952,0.017837949187457625,1.0977051956969568,-0.005457587014620208,-0.1762696269169144,0.9576868848706788,-0.5470373577068544,0.09575340185554858,0.01840258466825529,1.1816093832493495,0.0116024169383415,-0.17350836741877587,0.9514199691183308
507599.421562089,PLAYBACK,2.260060244007036,6.024399772286415e-05,-0.5054085603112846,0.08075028610666024,0.017837949187457625,1.1003904783703362,-0.005073975204137687,-0.1762696269169144,0.9576868848706788,-0.5483905078517407,0.09640563179560666,0.01843149328523006,1.1847429892466177,0.01210999402866574,-0.1735053379426417,0.9510285591643652
507599.43044284,PLAYBACK,2.269955598982051,0.004955598968081176,-0.5084774547951483,0.08190112153810958,0.017837949187457625,1.1095971618219274,-0.0035395279622058295,-0.17588601510643187,0.9565360494392312,-0.5513501705253027,0.09789378351801013,0.018493807872949894,1.1915972668196502,0.013209683951381713,-0.17350395426620405,0.9501455094617464
507599.439517454,PLAYBACK,2.2777783219935372,0.002778321970254183,-0.5111627374685295,0.08305195696955714,0.017837949187457625,1.1122824444953086,-0.0020050807202739718,-0.17588601510643187,0.9557688258182644,-0.5536914769793929,0.09913142401652011,0.018542127582162213,1.1970147790844348,0.014069735357536655,-0.1735068733574729,0.949420709553096
507599.44856184,PLAYBACK,2.287076717009768,0.0020767170353792608,-0.5134644083314264,0.084586404211489,0.017837949187457625,1.1180366216525517,-0.0008542452888246344,-0.17588601510643187,0.9550016021972993,-0.556477840277202,0.10067432776652668,0.018598430922897962,1.2034498086425627,0.015082501203581324,-0.17351348112616954,0.9485280479655043
507599.4574886,PLAYBACK,2.296404408989474,0.0014044090057723224,-0.5165333028152901,0.08612085145342085,0.017837949187457625,1.1268596932936603,0.0006802019531072234,-0.17550240329594757,0.954617990386815,-0.5592762756286597,0.10230061911911285,0.01865363370481387,1.2098922143135709,0.016088692284358882,-0.17352201208816292,0.9475990017693967
507599.466335505,PLAYBACK,2.305057921970729,5.792197771370411e-05,-0.5196021972991538,0.08727168688487019,0.017837949187457625,1.129928587777524,0.0018310373845547845,-0.17550240329594757,0.9542343785763325,-0.5618725220802634,0.10387793900287702,0.01870366546451878,1.2158445870735062,0.0170132677156055,-0.1735302831924437,0.9467085487866977
507599.470523911,PLAYBACK,2.3101914069848135,0.0001914069871418178,-0.5207530327306031,0.08842252231631953,0.017837949187457625,1.1360663767452515,0.002981872816004122,-0.17511879148546505,0.95385076676585,-0.5634108957088885,0.10484348381074929,0.018732801317136297,1.219358194451827,0.01755746304526887,-0.17353486432363593,0.9461682930088012
507599.479826674,PLAYBACK,2.3150643609697,6.436096737161279e-05,-0.522287479972535,0.08918974593728457,0.017837949187457625,1.1387516594186309,0.003749096436970939,-0.17511879148546505,0.9534671549553675,-0.5648688590888102,0.10577963282903848,0.018760088380780523,1.2226777791444006,0.01807095093665809,-0.17353873906184983,0.9456478313881359
507599.483539754,PLAYBACK,2.32504298601998,4.29860083386302e-05,-0.5253563744563987,0.09072419317921643,0.017837949187457625,1.1452730601968408,0.0048999318684185,-0.17511879148546505,0.9526999313344007,-0.5678443869754615,0.107753117778629,0.01881490379915999,1.2294178589115898,0.019112948271149163,-0.1735445140302188,0.9445610321639045
507599.492571736,PLAYBACK,2.3308324039680883,0.0008324039517901838,-0.5280416571297781,0.09225864042114829,0.017837949187457625,1.1483419546807045,0.005667155489385317,-0.17511879148546505,0.9523163195239182,-0.5695633629851891,0.10893114119801353,0.018846123816132966,1.2332883218617041,0.019711847460248823,-0.17354613721996132,0.9439188008597296
507599.501882736,PLAYBACK,2.3405538329971023,0.0005538329714909196,-0.5307269398031593,0.09379308766308014,0.017454337376973328,1.1575486381322957,0.007201602731317175,-0.17473517967498253,0.9515490959029513,-0.5724367324913283,0.11096094433343065,0.018897800284704443,1.2397162554130843,0.020709195972572897,-0.17354535169609533,0.9428233357540041
507599.505757366,PLAYBACK,2.3450663029798307,6.630300777032971e-05,-0.5322613870450912,0.09456031128404696,0.017837949187457625,1.1575486381322957,0.007201602731317175,-0.17473517967498253,0.9515490959029513,-0.5737649493875955,0.11192435191715791,0.01892156083221925,1.2426688439464817,0.02116908640731511,-0.17354332225281657,0.9423082843364261
507599.515417999,PLAYBACK,2.3530208810116164,0.003020881034899503,-0.5349466697184724,0.09609475852597882,0.017454337376973328,1.1640700389105056,0.008736049973249033,-0.17473517967498253,0.9511654840924688,-0.5760980802767729,0.11365411969268241,0.018963278541543425,1.247825105265459,0.021975994606724423,-0.17353696421767842,0.9413914323328959
507599.524532009,PLAYBACK,2.3630431499914266,0.0030431500053964555,-0.5376319523918518,0.09724559395742638,0.017837949187457625,1.1728931105516143,0.009503273594214073,-0.17473517967498253,0.9507818722819863,-0.5790233291539237,0.11588827035822144,0.019015916817354653,1.254233190564027,0.02298756720641387,-0.17352366990877094,0.9402224291773681
507599.533930126,PLAYBACK,2.3715271260007285,0.001527126005385071,-0.5399336232547505,0.09839642938887572,0.017837949187457625,1.1763456168459605,0.011037720836145931,-0.17473517967498253,0.949631036850537,-0.5814876248613663,0.11782455630306539,0.01906097249664773,1.2595805480114797,0.023841299541330026,-0.17350771130919004,0.9392234359198601
507599.542674435,PLAYBACK,2.3805272370227613,0.0005272370181046426,-0.5426189059281317,0.09954726482032505,0.017837949187457625,1.1820997940032036,0.012572168078077789,-0.17473517967498253,0.9488638132295719,-0.584090215652245,0.11992077244706252,0.019109760732674754,1.2651758792951788,0.024746301787478185,-0.17348611086339802,0.9381572020423307
507599.551503586,PLAYBACK,2.3900623379740864,6.233796011656523e-05,-0.5453041886015111,0.10108171206225691,0.018221560997940145,1.1909228656443123,0.013723003509527126,-0.17473517967498253,0.9477129777981226,-0.586834625210504,0.1221853083241624,0.01916315983788209,1.2710169594076512,0.025706438555403825,-0.17345818411766173,0.9370238482269944
507599.555159236,PLAYBACK,2.3950609029852785,6.0902966652065516e-05,-0.5464550240329604,0.10146532387273943,0.017837949187457625,1.193991760128176,0.013723003509527126,-0.17473517967498253,0.9473293659876401,-0.5882680146201869,0.12338903671699983,0.01919208659304817,1.2740433196963956,0.02621106066227967,-0.1734415881068082,0.9364295018332817
507599.564043674,PLAYBACK,2.4000566930044442,5.669298116117716e-05,-0.5476058594644098,0.10223254749370447,0.017837949187457625,1.1966770428015572,0.015257450751458984,-0.17473517967498253,0.9469457541771575,-0.5896969215905068,0.12460267922642027,0.019221778678504765,1.2770434688519443,0.02671671013836518,-0.17342374393361656,0.9358361267433737
507599.568742311,PLAYBACK,2.4100611180183478,6.111804395914078e-05,-0.5502911421377892,0.10299977111467129,0.018221560997940145,1.2024312199588003,0.01640828618290832,-0.17473517967498253,0.9457949187457082,-0.5925471016354652,0.12706223188583654,0.019284045954256243,1.282977758837241,0.027734521561118088,-0.17338455834870306,0.9346522803269871
507599.577323966,PLAYBACK,2.4158829289954156,0.0008829290163703263,-0.5525928130006879,0.10453421835660315,0.017837949187457625,1.2051165026321815,0.016791897993390842,-0.17473517967498253,0.9454113069352257,-0.5941985435169557,0.12850963140020813,0.019322312917165078,1.2863858043767606,0.02833082491946285,-0.1733598770293174,0.9339677304629729
507599.581482845,PLAYBACK,2.420055983995553,5.5984011851251125e-05,-0.5537436484321372,0.10491783016708567,0.017837949187457625,1.2085690089265277,0.017175509803873362,-0.1743515678645,0.9454113069352257,-0.5953789453882642,0.12955362672362258,0.019350803694278353,1.2888081950723458,0.028760422647185643,-0.17334145224541872,0.933479747219635
507599.590689463,PLAYBACK,2.4316588169895113,0.006658817001152784,-0.5564289311055166,0.10645227740901753,0.017837949187457625,1.2173920805676364,0.01870995704580522,-0.1743515678645,0.9442604715037763,-0.5986455992317452,0.1324809707100431,0.019435388924548082,1.295453561439027,0.029966057795898154,-0.17328762818331925,0.9321383133746248
507599.599643585,PLAYBACK,2.438138794968836,0.003138794971164316,-0.5591142137788978,0.10760311284046686,0.017837949187457625,1.2204609750514983,0.01909356885628774,-0.1743515678645,0.9434932478828095,-0.6004596138829071,0.13412889212055362,0.01948656094769869,1.2991073464688578,0.03064761803673089,-0.17325635436818507,0.9314013289903159
507599.60847431,PLAYBACK,2.446871239983011,0.0018712399760261178,-0.5614158846417947,0.10913756008239872,0.017837949187457625,1.2262151522087432,0.019860792477254557,-0.1743515678645,0.943109636072327,-0.6028916090100419,0.13636060387548607,0.019560696698665947,1.3039659865586757,0.03157688558687547,-0.17321349522277857,0.9304252126542937
507599.617674856,PLAYBACK,2.4556813549716026,0.000681354955304414,-0.5644847791256584,0.11067200732433058,0.017454337376973328,1.2323529411764707,0.020628016098219598,-0.17396795605401572,0.942342412451362,-0.6053295745198466,0.1386207573692914,0.019642312400002228,1.308791980362634,0.03252847144929587,-0.1731701681564196,0.9294636282540398
507599.626477337,PLAYBACK,2.4650599739979953,5.9973972383886576e-05,-0.5671700617990396,0.11220645456626244,0.017070725566490808,1.2381071183337138,0.02101162790870212,-0.17396795605401572,0.9419588006408777,-0.6079061241303455,0.14103088317155393,0.019737771254757293,1.3138456751760434,0.03355878241296751,-0.17312492527273057,0.9284697727556205
507599.630629502,PLAYBACK,2.4700587799889036,5.878001684322953e-05,-0.568320897230489,0.11335728999771,0.017070725566490808,1.2434776836804762,0.021778851529668936,-0.17396795605401572,0.9419588006408777,-0.6092709430857586,0.14231520656107466,0.01979266644661009,1.3165040329746476,0.034115875408739144,-0.17310155198157567,0.9279540807523218
507599.640344319,PLAYBACK,2.475072384986561,7.23850098438561e-05,-0.5694717326619365,0.11412451361867681,0.017070725566490808,1.2461629663538574,0.022162463340151456,-0.1735843442435332,0.9415751888303951,-0.6106334996465875,0.14360192887428813,0.019850775205670697,1.3191456358376734,0.03468052392032006,-0.17307885050008126,0.9274475143399001
507599.649237744,PLAYBACK,2.4850677819922566,6.778200622648001e-05,-0.5717734035248352,0.1160425726710912,0.017070725566490808,1.251533531700618,0.022929686961118273,-0.1735843442435332,0.9404243533989458,-0.6133298511146024,0.14615916473958318,0.01997653890861523,1.3243385017167828,0.035824962528064906,-0.1730365116866924,0.9264719698030099
507599.653622708,PLAYBACK,2.4950672870036215,6.728700827807188e-05,-0.5744586861982146,0.11796063172350557,0.017070725566490808,1.2572877088578611,0.023696910582083314,-0.17320073243305067,0.9392735179674983,-0.6159981721875614,0.14870013019753814,0.020116958294199908,1.3294354705276492,0.03699651818639326,-0.17299924020285504,0.9255458669110844
507599.662419617,PLAYBACK,2.5011714510037564,0.0011714510037563741,-0.5767603570611133,0.11987869077592173,0.017070725566490808,1.2595893797207598,0.024080522392565834,-0.17320073243305067,0.938889906157014,-0.6176114092671174,0.15023925632551877,0.020210602831281056,1.3324987180685137,0.037725596190627014,-0.17297960308883747,0.9250069673455619
507599.666729176,PLAYBACK,2.5051959609845653,0.00019596097990870476,-0.5779111924925626,0.12102952620736929,0.017070725566490808,1.262274662394141,0.02484774601353265,-0.17320073243305067,0.938889906157014,-0.6186680918011234,0.15124789489097257,0.020275878303345443,1.334498361414397,0.03821228168670265,-0.1729681435962538,0.9246631956856338
507599.675586322,PLAYBACK,2.5138466989737935,0.0038466989644803107,-0.5802128633554595,0.12333119707026796,0.017070725566490808,1.2668780041199348,0.025614969634497692,-0.17320073243305067,0.9381226825360489,-0.6209195724826712,0.15339660408854802,0.020426342884446565,1.3387429123561123,0.03927507564457001,-0.17294799360941582,0.9239565228120585
507599.685282303,PLAYBACK,2.520072106970474,7.210695184767246e-05,-0.5813636987869089,0.12448203250171552,0.017070725566490808,1.2718649576562147,0.02638219325546451,-0.17320073243305067,0.9373554589150839,-0.6225219391323408,0.1549240181942557,0.0205437614623635,1.341752111621676,0.04005434946203252,-0.17293767580260463,0.92347615688495
507599.688594851,PLAYBACK,2.5300791159970686,7.911596912890673e-05,-0.5840489814602883,0.1267837033646142,0.017070725566490808,1.2772355230029753,0.027533028686913846,-0.17281712062256815,0.9362046234836345,-0.6250635691331561,0.15734025626383272,0.020749863946296333,1.3465097582479748,0.041333005360432835,-0.17292929623650402,0.9227551220194083
507599.697249487,PLAYBACK,2.5374311229679734,0.0024311229935847223,-0.586350652323187,0.1290853742275111,0.017070725566490808,1.2826060883497359,0.028300252307878887,-0.17320073243305067,0.935821011673152,-0.6269019321833738,0.15908039392904338,0.02091593155749708,1.3499427585672072,0.04229317163332321,-0.17293017869165855,0.9222663726186604
507599.701536331,PLAYBACK,2.540074452990666,7.445301162078977e-05,-0.5878850995651188,0.1298525978484779,0.017070725566490808,1.2826060883497359,0.028300252307878887,-0.17281712062256815,0.935821011673152,-0.6275565099771875,0.15969801899008623,0.02097885027159287,1.351164162751772,0.042642710964293985,-0.17293204682578425,0.922099201621539
507599.7103847,PLAYBACK,2.5489952620118856,0.003995262028183788,-0.5905703822385,0.1321542687113748,0.017070725566490808,1.2872094300755315,0.029067475928845704,-0.17320073243305067,0.9350537880521852,-0.6297391771710598,0.16174830749378225,0.02120439008340552,1.3552360174286466,0.043839189363076056,-0.17294470026291467,0.9215683219578061
507599.719742169,PLAYBACK,2.5579461369779892,0.002946136984974146,-0.5932556649118794,0.1344559395742735,0.017454337376973328,1.2929636072327764,0.030218311360293265,-0.17320073243305067,0.9346701762417027,-0.6318857019598388,0.1637481638910104,0.02145226782064393,1.3592442509277338,0.04506553694460877,-0.17296763191957548,0.9210864524905061
507599.728504031,PLAYBACK,2.567169488000218,0.0021694879978895187,-0.5959409475852606,0.13637399862668786,0.017454337376973328,1.298334172579537,0.030985534981260082,-0.17320073243305067,0.9342865644312202,-0.6340486319813552,0.16574307395589497,0.021731830784187535,1.3632946578741163,0.046355638786907835,-0.17300236182180365,0.9206409406125996
507599.737847843,PLAYBACK,2.5750588899827562,5.888997111469507e-05,-0.5986262302586418,0.13829205767910224,0.017837949187457625,1.303321126115815,0.03175275860222512,-0.17320073243305067,0.9339029526207359,-0.6358569915273716,0.16739256098395483,0.021991584142126736,1.3666966237447642,0.04747977520742655,-0.17304114857175376,0.9202982720763602
507599.74652919,PLAYBACK,2.5850601179990917,6.0117978136986494e-05,-0.6009279011215387,0.14021011673151662,0.017837949187457625,1.3079244678416106,0.03290359403367446,-0.17320073243305067,0.9335193408102533,-0.638091442241127,0.16940378582839696,0.02234984047254039,1.3709298795205505,0.048931177983329514,-0.17310234324514212,0.9199097192598571
507599.751025809,PLAYBACK,2.5915413289912976,0.0015413289656862617,-0.6024623483634706,0.14097734035248344,0.018221560997940145,1.3129114213778887,0.0340544294651238,-0.17281712062256815,0.9331357289997708,-0.6395037819627583,0.170657682173253,0.02260020155952617,1.3736285768288203,0.04988700668716821,-0.17314908467685297,0.919681926184552
507599.760673948,PLAYBACK,2.5950571689754725,5.7169003412127495e-05,-0.6036131837949199,0.14174456397344848,0.018221560997940145,1.3148294804303031,0.03482165308608884,-0.17281712062256815,0.932368505378804,-0.6402579784635468,0.17132122832067437,0.022742249168928606,1.3750787558077746,0.05041042063432873,-0.173176727465024,0.9195652110812127
507599.764603945,PLAYBACK,2.605061472975649,6.14729942753911e-05,-0.6059148546578168,0.14366262302586286,0.017837949187457625,1.3194328221560987,0.035588876707055656,-0.17320073243305067,0.931601281757839,-0.6423574954113981,0.1731442270912449,0.023171417297190723,1.3791563216669063,0.051918323858971424,-0.17326394883636823,0.9192549472011043
507599.77342972,PLAYBACK,2.6124476959812455,0.0024476959952153265,-0.6078329137102312,0.145580682078279,0.017837949187457625,1.3213508812085148,0.036356100328020696,-0.17320073243305067,0.9308340581368721,-0.6438629799986393,0.17442757027936115,0.023512970942998812,1.3821248119925353,0.05304889584231704,-0.17333618346234222,0.9190416966963866
507599.782435963,PLAYBACK,2.6208815469872206,0.0008815469918772578,-0.6101345845731299,0.1474987411306934,0.017837949187457625,1.3255706111238261,0.037506935759470034,-0.17320073243305067,0.9300668345159071,-0.6455352512555521,0.17582725209905714,0.023929869926958888,1.385476720739159,0.05435735193654156,-0.17342634914797084,0.9188077561580005
507599.7915223,PLAYBACK,2.630058887996711,5.8887992054224014e-05,-0.6120526436255442,0.14941680018310777,0.017837949187457625,1.3297903410391392,0.03865777119091937,-0.17320073243305067,0.9292996108949403,-0.647297769185987,0.1772701962218156,0.0244174918316741,1.389085600095917,0.055801757337315225,-0.17353312313476174,0.9185560003144149
507599.79536021,PLAYBACK,2.6350640269811265,6.402697181329131e-05,-0.6132034790569936,0.1505676356145571,0.017837949187457625,1.333626459143968,0.03904138300140189,-0.17281712062256815,0.9289159990844578,-0.6482336055498127,0.17802177052374044,0.024698844878105062,1.391039559643656,0.05659820808738904,-0.17359485839987918,0.9184162304716545
507599.804346955,PLAYBACK,2.644397849973757,0.004397849959786981,-0.6155051499198905,0.152869306477454,0.018221560997940145,1.3374625772487985,0.04095944205381627,-0.17281712062256815,0.9281487754634927,-0.6499300651127983,0.17935629133855935,0.025253358360610084,1.3946611840015084,0.058098883500161555,-0.1737159048171915,0.9181432929026263
507599.813644428,PLAYBACK,2.6516157489968464,0.0016157489735633135,-0.6174232089723048,0.15517097734035268,0.017837949187457625,1.3393806363012128,0.04134305386429879,-0.17320073243305067,0.9273815518425259,-0.6511975182974585,0.18032814808774952,0.025709198631866364,1.3974451196933526,0.05927199162012906,-0.17381415302937167,0.9179147926359347
507599.822565377,PLAYBACK,2.6606076839962043,0.0006076840218156576,-0.6197248798352035,0.15747264820324958,0.017837949187457625,1.3436003662165241,0.04249388929574813,-0.17320073243305067,0.9266143282215609,-0.6527205662449049,0.1814651176285734,0.02631018715359631,1.4008962195168453,0.060746626458118874,-0.17394116329880346,0.9175993672482482
507599.83158228,PLAYBACK,2.6701685640146025,0.00016856403090059757,-0.6220265506981004,0.15977431906614648,0.018221560997940145,1.3501217669947359,0.044028336537679985,-0.17281712062256815,0.925847104600594,-0.6542693441907975,0.18258394655364038,0.02698884809073037,1.4045468037918498,0.062327018892298365,-0.17408036947799424,0.9172150375136514
507599.835790914,PLAYBACK,2.6750683700083755,6.837002001702785e-05,-0.6235609979400323,0.1609251544975958,0.017837949187457625,1.3524234378576327,0.044411948348162505,-0.17281712062256815,0.9254634927901115,-0.6550338180236007,0.1831213312875405,0.027351951609470505,1.4064100994872677,0.06314032747620697,-0.17415279680062715,0.9169945193349953
507599.844668218,PLAYBACK,2.6831851190072484,0.0031851190142333508,-0.625862668802931,0.1628432135500102,0.018605172808422665,1.3543414969100471,0.046330007400576884,-0.17281712062256815,0.9246962691691465,-0.6562550823045308,0.18395808900383442,0.027975015323556042,1.4094843512758033,0.0644900127172392,-0.17427352210345853,0.9165888326835099
507599.853500315,PLAYBACK,2.6920496890088543,0.002049689006526023,-0.6281643396658279,0.16514488441290887,0.018605172808422665,1.360862897688257,0.04748084283202622,-0.17320073243305067,0.9243126573586622,-0.6575227212851239,0.18479662872675323,0.028683857826792655,1.4128215313211459,0.06596354560355379,-0.1744052072388469,0.9160819178015186
507599.862701113,PLAYBACK,2.7000574989942834,5.749898264184594e-05,-0.6304660105287265,0.1659121080338739,0.018988784618905186,1.3627809567406715,0.049015290073959855,-0.17320073243305067,0.9235454337376972,-0.6586070361013145,0.18548801355880656,0.029346730460173318,1.415814489523588,0.06729018137689932,-0.1745227962608734,0.9155613863786576
507599.871549982,PLAYBACK,2.7101469669723883,0.0001469669514335692,-0.6327676813916234,0.1685973907072551,0.019756008239872003,1.366617074845502,0.05054973731589171,-0.17281712062256815,0.9231618219272146,-0.6598901257734392,0.18627314339228707,0.030207532189154774,1.4195508847672262,0.06895030513161504,-0.17466747950075742,0.9148153874491931
507599.876359583,PLAYBACK,2.7150691360002384,6.913597462698817e-05,-0.6335349050125885,0.16936461432822014,0.019756008239872003,1.3700695811398482,0.051316960936856754,-0.17320073243305067,0.9227782101167303,-0.6604825866984122,0.18662290478205704,0.030636098747270017,1.4213580937550245,0.06975409784625516,-0.17473617416224804,0.9144137307289434
507599.880355227,PLAYBACK,2.7200720189721324,7.201900007203221e-05,-0.6343021286335553,0.16974822613870444,0.020139620050354523,1.37160402838178,0.05285140817878861,-0.17320073243305067,0.9223945983062478,-0.6610625717341542,0.1869571066870891,0.031076490848335653,1.4231837638070657,0.07056633356100422,-0.17480449234205692,0.913979731267305
507599.889268831,PLAYBACK,2.727762467984576,0.0027624680078588426,-0.6366037994964522,0.170899061570152,0.020523231860837043,1.3735220874341945,0.05323501998927113,-0.17320073243305067,0.9212437628747985,-0.6619114409193131,0.18743102983622006,0.03176128511848174,1.4259675808607881,0.0718049563074656,-0.17490624435555832,0.9132616816152855
507599.898533822,PLAYBACK,2.7369850969989784,0.001985097012948245,-0.6377546349279015,0.17204989700160134,0.02129045548180386,1.3769745937285425,0.055153079041687286,-0.17320073243305067,0.9204765392538334,-0.6628637283503739,0.18794009419144148,0.03259214311312196,1.4292698141809332,0.07327413210999081,-0.17502260433416744,0.9123193193205537
507599.90759988,PLAYBACK,2.745462111022789,0.00046211102744564414,-0.6396726939803159,0.17281712062256815,0.02167406729228638,1.3804271000228887,0.056687526283619144,-0.17320073243305067,0.9197093156328666,-0.6636792201652384,0.18835594776477887,0.03336237836395648,1.4322716070170936,0.0746096907243167,-0.17512381987215786,0.9113755980109567
507599.916379797,PLAYBACK,2.755061766016297,6.17660116404295e-05,-0.6412071412222478,0.17396795605401572,0.02167406729228638,1.3854140535591668,0.058221973525551,-0.17320073243305067,0.9185584802014191,-0.664538280723705,0.1887727510414983,0.03423951630193427,1.4356357064293037,0.07610729031671656,-0.17523169535670727,0.9102183374773486
507599.920329112,PLAYBACK,2.7600576860131696,5.768600385636091e-05,-0.6419743648432146,0.1743515678645,0.02167406729228638,1.387332112611583,0.05898919714651604,-0.1735843442435332,0.9181748683909365,-0.6649600355149611,0.18896898387655933,0.034697319157149485,1.4373733475736785,0.07688162688015288,-0.17528502661080714,0.909579277304325
507599.929274176,PLAYBACK,2.7677971699740738,0.002797169960103929,-0.6435088120851464,0.17473517967498253,0.02167406729228638,1.3888665598535148,0.06090725619893042,-0.1735843442435332,0.9174076447699697,-0.6655814384203727,0.18924753725431223,0.03540755723983924,1.44005004611084,0.0780762093672789,-0.17536393281670024,0.9085400396881795
507599.938673496,PLAYBACK,2.7750585220055655,5.852198228240013e-05,-0.6442760357061115,0.17511879148546505,0.022441290913253198,1.392319066147861,0.06244170344086228,-0.1735843442435332,0.9166404211490047,-0.6661312830935435,0.18948305566848178,0.03607447082829637,1.4425473113768101,0.07919348336833702,-0.1754339807594683,0.9075110105968008
507599.947288635,PLAYBACK,2.7850633669877425,6.336701335385442e-05,-0.6458104829480433,0.17588601510643187,0.02282490272373572,1.3961551842526898,0.06359253887231162,-0.1735843442435332,0.9158731975280379,-0.666840270352234,0.18977073091796015,0.03699331025418144,1.4459712505637992,0.08073148721262083,-0.17552445343728948,0.9060081946024965
507599.951390764,PLAYBACK,2.790086289984174,8.629000512883067e-05,-0.6465777065690101,0.1762696269169144,0.02282490272373572,1.3976896314946217,0.06435976249327666,-0.1735843442435332,0.9158731975280379,-0.6671764188246546,0.18990051873213748,0.037454294025158645,1.4476849712252946,0.08150468209047032,-0.17556735221972547,0.9052167450834337
507599.960769604,PLAYBACK,2.7950598470051773,5.98470214754343e-05,-0.6473449301899752,0.1762696269169144,0.02320851453421824,1.399607690547036,0.06474337430376095,-0.1735843442435332,0.9151059739070728,-0.6674970059108609,0.19002016822083242,0.037910382943923536,1.449379575329199,0.08227194086805666,-0.17560823872861958,0.9044088030805025
507599.969671787,PLAYBACK,2.808860150980763,0.0038601509877480567,-0.648879377431907,0.17703685053787943,0.023975738155185056,1.4065127031357303,0.06704504516665785,-0.17320073243305067,0.914338750286106,-0.6683270169635027,0.19031026616295982,0.03917314170995977,1.4540767258016896,0.08441551372970585,-0.1757138417176301,0.9020407789336882
507599.973779386,PLAYBACK,2.8150814910186455,8.149101631715894e-05,-0.6496466010528739,0.17742046234836373,0.023975738155185056,1.4080471503776621,0.06781226878762467,-0.1735843442435332,0.913571526665141,-0.6686745527814292,0.1904228502652069,0.03974065444768771,1.4561951416489667,0.08539184856921159,-0.1757578971693847,0.9009126524887511
507599.983125163,PLAYBACK,2.8211167120025493,0.0011167119955644011,-0.6511810482948039,0.17780407415884625,0.023975738155185056,1.4099652094300765,0.06819588059810719,-0.1735843442435332,0.9131879148546567,-0.6689969694929727,0.19052234401863047,0.04028988685595725,1.4582525662653083,0.08634668952187262,-0.17579865910046813,0.899782313141977
507599.99210301,PLAYBACK,2.830065123969689,6.512395339086652e-05,-0.6523318837262533,0.1785712977798113,0.024742961776150096,1.4134177157244228,0.06973032784003905,-0.1735843442435332,0.9120370794232091,-0.6694497670314206,0.19065366147629081,0.041101478913883265,1.4613099201937219,0.0877789719472056,-0.17585570692944805,0.8980411750343219
507599.995968414,PLAYBACK,2.835057737014722,5.773699376732111e-05,-0.6530991073472201,0.1789549095902938,0.024742961776150096,1.4149521629663546,0.06973032784003905,-0.1735843442435332,0.9116534676127248,-0.6696899329150506,0.1907191563599172,0.041552665977759154,1.4630203915473563,0.08858790250095656,-0.17588586721684765,0.8970358902507659
507600.005587206,PLAYBACK,2.8401284120045602,0.00012841197894886136,-0.6534827191577026,0.1793385214007781,0.025126573586632617,1.4184046692607009,0.0712647750819709,-0.1735843442435332,0.9108862439917598,-0.6699251277458345,0.19078039054090112,0.04200957347421734,1.4647617749388626,0.08941751612642182,-0.1759153378396337,0.8959900641892324
507600.009813674,PLAYBACK,2.850057100004051,5.7100027333945036e-05,-0.6550171663996345,0.18010574502174315,0.025510185397115137,1.4214735637445646,0.07241561051341847,-0.1735843442435332,0.910119020370793,-0.6703613378350154,0.19088603083903016,0.042899884239549484,1.4681857909312324,0.09106793418088864,-0.17596983924493778,0.8938697917374391
507600.018879001,PLAYBACK,2.8567509800195694,0.0017509800381958485,-0.6569352254520489,0.18087296864270996,0.025893797207599434,1.423391622796979,0.07318283413438528,-0.1735843442435332,0.9089681849393454,-0.6706381201869486,0.19094747425265893,0.04349651047680661,1.4705065328026972,0.09220207940580732,-0.17600433650550823,0.892386125482785
507600.027512406,PLAYBACK,2.8663938990212046,0.0013938990305177867,-0.6580860608834982,0.181640192263675,0.027044632639046995,1.4287621881437413,0.07433366956583462,-0.1735843442435332,0.907817349507896,-0.6710136752196441,0.1910235231427933,0.04435020350607165,1.473869676469016,0.09386966192501218,-0.1760510938276544,0.8901720424455454
507600.036933747,PLAYBACK,2.8750604370143265,6.043701432645321e-05,-0.65962050812543,0.18240741588464182,0.027811856260013812,1.4306802471961557,0.07548450499728218,-0.1735843442435332,0.9062829022659642,-0.6713290307086655,0.19108052965621095,0.04511098307450559,1.476914744908816,0.09540567063302983,-0.1760903839414967,0.8881047520153067
507600.040825311,PLAYBACK,2.880067599005997,6.759900134056807e-05,-0.6600041199359126,0.18279102769512434,0.028195468070496332,1.4322146944380876,0.07586811680776648,-0.1735843442435332,0.9055156786449992,-0.671502092682007,0.19110902578187489,0.045547469294879385,1.478684641785058,0.09631049372219655,-0.17611199361671506,0.8868769432663604
507600.050062017,PLAYBACK,2.8879683329723775,0.002968332963064313,-0.661922178988327,0.18355825131608938,0.02896269169146315,1.4352835889219513,0.07701895223921404,-0.1735843442435332,0.9047484550240323,-0.6717621006970328,0.19114795905113532,0.046231262788908205,1.4814942917750138,0.09776587455032577,-0.17614458559293167,0.8848897979941082
507600.058841563,PLAYBACK,2.896995485003572,0.001995484984945506,-0.6626894026092938,0.1843254749370562,0.03011352712291071,1.438352483405815,0.0785533994811459,-0.1735843442435332,0.903597619592583,-0.6720403733722016,0.19118423835838977,0.04700457875549978,1.4847316834373587,0.09947292691753752,-0.17617974364726294,0.8825446760396675
507600.067796427,PLAYBACK,2.905060395016335,6.0394988395273685e-05,-0.6638402380407413,0.18470908674753872,0.030497138933395007,1.441421377889677,0.07970423491259523,-0.17396795605401572,0.9020631723506511,-0.6722727578247102,0.19121005258167562,0.04768767990789382,1.4876502753520109,0.10104065427628202,-0.17620945191839663,0.8803821383280149
507600.076577736,PLAYBACK,2.9156668189680204,0.0006668189889751375,-0.6646074616617081,0.18585992217898806,0.032031586175326865,1.44564110780499,0.08123868215452709,-0.17396795605401572,0.9009123369192036,-0.672556146073805,0.19123571533591702,0.048573906752896356,1.4915291719754697,0.10316811442019803,-0.17624634344549672,0.8774412671775397
507600.080640079,PLAYBACK,2.920068093982991,6.809399928897619e-05,-0.6649910734721907,0.1866271457999531,0.032798809796291906,1.4471755550469219,0.08200590577549213,-0.17396795605401572,0.8997615014877542,-0.6726666078627459,0.19124391232991245,0.048937338605722726,1.4931530624402172,0.1040740694524392,-0.17626099615494603,0.8761886227828654
507600.084724043,PLAYBACK,2.925060166977346,6.0166988987475634e-05,-0.6653746852826732,0.1870107576104374,0.033182421606774426,1.4487100022888537,0.08354035301742399,-0.17396795605401572,0.8986106660563049,-0.6727869944770059,0.1912516510125006,0.0493463182585132,1.4950055291823958,0.10511880293018558,-0.17627719161933317,0.8747449383010478
507600.094232593,PLAYBACK,2.9321368639939465,0.002136864000931382,-0.6657582970931575,0.18777798123140244,0.03433325703822376,1.4502444495307856,0.08430757663839081,-0.17396795605401572,0.897076218814373,-0.6729489499121178,0.1912600427959607,0.04991991819700367,1.4976514714025513,0.10663214596318235,-0.1762994363194802,0.8726568115949491
507600.102362287,PLAYBACK,2.941253118973691,0.00125311897136271,-0.66614190890364,0.18816159304188496,0.035100480659188804,1.4544641794460986,0.08584202388032267,-0.1743515678645,0.8951581597619587,-0.6731430078746289,0.19126695020856255,0.05064752631636491,1.5010954735657098,0.10863973256424177,-0.17632697953133034,0.8698955679179192
507600.106786557,PLAYBACK,2.945118180999998,0.00011818099301308393,-0.66614190890364,0.18854520485236748,0.035100480659188804,1.4544641794460986,0.0866092475012877,-0.1743515678645,0.8943909361409936,-0.6732204682247858,0.19126872307982323,0.050951931776109356,1.5025678893113579,0.10951123697077707,-0.1763383143618026,0.8687009713994597
507600.115942878,PLAYBACK,2.954371629981324,0.0043716299696825445,-0.6665255207141225,0.1893124284733343,0.03663492790112066,1.4575330739299623,0.08852730655370208,-0.1743515678645,0.8928564888990618,-0.6733945959891942,0.19127060868610016,0.0516700635029472,1.5061223597371116,0.11164796563745846,-0.1763647025425809,0.8657848218783352
507600.125182651,PLAYBACK,2.9635336929932237,0.003533692972268909,-0.666909132524605,0.1896960402838168,0.03740215152208748,1.4625200274662404,0.09044536560611824,-0.1743515678645,0.8913220416571299,-0.6735516611315377,0.1912697777854441,0.05236493183988385,1.509680234768243,0.1138335310345226,-0.17638987488264957,0.862823566382392
507600.134153365,PLAYBACK,2.970066751993727,6.67520216666162e-05,-0.666909132524605,0.19046326390478363,0.03778576333257,1.4644380865186548,0.0919798128480501,-0.1743515678645,0.8897875944151981,-0.6736545711730093,0.19126792423152997,0.05284946328015822,1.5122376395444188,0.11543344690899535,-0.1764072826411805,0.8606713271790708
507600.138889775,PLAYBACK,2.980094200989697,9.420100832358003e-05,-0.666909132524605,0.19084687571526615,0.038552986953536816,1.4682742046234836,0.094281483710947,-0.17473517967498253,0.8886367589837487,-0.6737981940992832,0.19126363271910687,0.053573263414869225,1.5161881859955582,0.1179521757436801,-0.17643314916170755,0.8573120227238952
507600.147783361,PLAYBACK,2.9860975120100193,0.0010975120239891112,-0.6672927443350893,0.1916140993362312,0.03932021057450186,1.4698086518654154,0.09543231914239633,-0.17473517967498253,0.8874859235522994,-0.6738760939922803,0.19126050814443823,0.053993942255965016,1.5185630084999027,0.11949359220726657,-0.17644813789323743,0.8552746392580773
507600.156503342,PLAYBACK,2.995058908010833,5.890801548957825e-05,-0.6672927443350893,0.1916140993362312,0.040087434195468674,1.4732611581597617,0.09735037819481071,-0.17473517967498253,0.8859514763103675,-0.6739815370115856,0.19125546949084216,0.05460277320991189,1.5221136457439948,0.12183576890193637,-0.1764698000434748,0.8522069054826876
507600.160622103,PLAYBACK,3.000097470008768,9.747000876814127e-05,-0.6672927443350893,0.1919977111467155,0.040854657816433715,1.4747956054016935,0.09811760181577575,-0.17473517967498253,0.8851842526894025,-0.6740353427015664,0.1912525898923515,0.054934569224041434,1.5241101083653983,0.12317215464151866,-0.1764815952081816,0.8504721258136658
507600.169833,PLAYBACK,3.008528664999176,0.003528664994519204,-0.666909132524605,0.1919977111467155,0.041238269626916235,1.4782481116960415,0.1000356608681919,-0.17473517967498253,0.8828825818265038,-0.6741170293150044,0.19124793422712244,0.0554724097451618,1.527447392310969,0.12543650230995,-0.17650069809673835,0.8475592290241643
507600.178747446,PLAYBACK,3.017613900010474,0.0026138999965041876,-0.6672927443350893,0.192381322957198,0.04277271686884809,1.4832350652323196,0.10195371992060628,-0.17473517967498253,0.8809645227740894,-0.6741941022084985,0.19124342814719245,0.05602764786956351,1.5310364038638233,0.12791293240738563,-0.17652037888742428,0.8444123411389454
507600.187740363,PLAYBACK,3.0262964189751074,0.0012964189518243074,-0.6672927443350893,0.192381322957198,0.04353994048981491,1.485153124284734,0.10387177897302066,-0.17473517967498253,0.87827924010071,-0.6742580230111843,0.1912398810639976,0.0565352430119886,1.5344596711865035,0.13031332477950067,-0.17653830042449004,0.8414014377021303
507600.197171263,PLAYBACK,3.0351849750149995,0.00018497504061087966,-0.6672927443350893,0.192381322957198,0.04430716411077995,1.4889892423895628,0.10578983802543504,-0.17473517967498253,0.8752103456168463,-0.6743145004898283,0.1912372369431231,0.05703253013710352,1.5379601821539512,0.13280483663326575,-0.17655574203671298,0.8383177446741855
507600.201203207,PLAYBACK,3.0400752819841728,7.528200512751937e-05,-0.6672927443350893,0.192381322957198,0.04469077592126247,1.4905236896314946,0.10694067345688438,-0.17473517967498253,0.8736758983749144,-0.6743420187362539,0.1912362729535922,0.05729689832894287,1.5398858670190143,0.1341907114115578,-0.1765649449013136,0.8366209344908413
507600.210137721,PLAYBACK,3.0481176790199243,0.0031176790362223983,-0.6672927443350893,0.192381322957198,0.04507438773174677,1.4939761959258409,0.10924234431978128,-0.17473517967498253,0.8709906157015332,-0.6743822256817166,0.19123552492886603,0.05771807327962939,1.5430550449836995,0.1364940026542186,-0.1765794681366068,0.8338302772909202
507600.218712363,PLAYBACK,3.05538517300738,0.0003851730143651366,-0.6672927443350893,0.192381322957198,0.04622522316319433,1.4974287022201889,0.11116040337219743,-0.17473517967498253,0.8679217212176695,-0.6744135642317977,0.19123580976031915,0.05808476852019435,1.5459240886446115,0.13860219048838662,-0.17659193319856462,0.8313083845473761
507600.22310937,PLAYBACK,3.0650605139671825,6.051396485418081e-05,-0.6672927443350893,0.192381322957198,0.04775967040512619,1.500881208514535,0.11307846242461181,-0.17511879148546505,0.8652364385442883,-0.674448619523968,0.19123770057140108,0.05855362589958901,1.549756679688516,0.1414504189538631,-0.17660755023338937,0.8279507353368952
507600.235221202,PLAYBACK,3.070381389989052,0.00038138998206704855,-0.6672927443350893,0.192381322957198,0.04814328221561048,1.502415655756467,0.11422929785606115,-0.17473517967498253,0.8637019913023565,-0.6744649343223317,0.19123950906994472,0.058802544573384644,1.55187306977535,0.14303797637749313,-0.17661566127198344,0.8261040933367945
507600.242462827,PLAYBACK,3.084542447992135,0.004542447975836694,-0.6672927443350893,0.19276493476768053,0.05006134126802486,1.5085534447241926,0.11691458052944056,-0.17511879148546505,0.8594822613870452,-0.6744992958201448,0.19124708633938428,0.05943627610613265,1.5575467945463108,0.14734119608416796,-0.1766356099747628,0.8211889093978001
507600.250592762,PLAYBACK,3.0900607450166717,6.0744991060346365e-05,-0.6672927443350893,0.192381322957198,0.05044495307850738,1.5108551155870913,0.11921625139233924,-0.17511879148546505,0.8579478141451133,-0.6745094979091751,0.19125115039327423,0.05967260354365255,1.5597777497447234,0.14905051341097722,-0.1766427525651675,0.8192734387109251
507600.254688699,PLAYBACK,3.095060391991865,6.03920198045671e-05,-0.6672927443350893,0.19276493476768053,0.0508285648889899,1.5123895628290231,0.1203670868237868,-0.17511879148546505,0.856796978713664,-0.6745173703126878,0.191255376595424,0.05988188823785179,1.5618105096227206,0.15061568185735036,-0.17664893037717339,0.817538089781138
507600.26376676,PLAYBACK,3.1020993259735405,0.002099325996823609,-0.6672927443350893,0.192381322957198,0.05197940032043924,1.513924010070955,0.12113431044475362,-0.17511879148546505,0.8537280842298003,-0.6745264354355842,0.1912622034868126,0.06016908314518723,1.564692774613318,0.1528466277225366,-0.17665717781689766,0.8150955148165104
507600.272620709,PLAYBACK,3.1109126069932245,0.0009126070071943104,-0.6672927443350893,0.192381322957198,0.05236301213092176,1.5173765163653012,0.12343598130765052,-0.17511879148546505,0.8510428015564209,-0.6745348227800624,0.19127218358731746,0.06051694716135846,1.568337979786673,0.15568591088158748,-0.17666682533955527,0.8120399915625155
507600.281055932,PLAYBACK,3.120018412009813,1.8412014469504356e-05,-0.6672927443350893,0.192381322957198,0.05313023575188858,1.5231306935225462,0.1257376521705492,-0.17511879148546505,0.8483575188830397,-0.6745405305085449,0.19128412131146116,0.06086326113872959,1.5721482630650445,0.15867245115868536,-0.1766761272093401,0.8088909689795754
507600.285667823,PLAYBACK,3.125056613003835,5.6613003835082054e-05,-0.6676763561455719,0.19276493476768053,0.0535138475623711,1.5250487525749605,0.12688848760199675,-0.17550240329594757,0.8468230716411078,-0.6745425979867851,0.1912914039122262,0.06104930475393661,1.574275045177539,0.16034671268866915,-0.17668105366026418,0.8071551193991903
507600.289644571,PLAYBACK,3.1300582549883984,5.8254983741790056e-05,-0.6672927443350893,0.192381322957198,0.05389745937285362,1.5265831998168924,0.12919015846489543,-0.17550240329594757,0.845288624399176,-0.6745440010080177,0.19129908263623124,0.061230112763334295,1.57639823199512,0.16202273702615755,-0.1766858440009315,0.8054389018975553
507600.29872188,PLAYBACK,3.1376936470041983,0.002693646994885057,-0.6676763561455719,0.192381322957198,0.05428107118333614,1.5288848706797893,0.13034099389634476,-0.17550240329594757,0.8429869535362773,-0.6745451076466374,0.19131160049366608,0.06149868450998668,1.5796586716970655,0.1646043942828606,-0.1766930889534976,0.8028377872929855
507600.307611288,PLAYBACK,3.1456360609736294,0.0006360609550029039,-0.6676763561455719,0.192381322957198,0.054664682993820435,1.5323373769741355,0.13302627656972418,-0.17550240329594757,0.8406852826733804,-0.6745452482112525,0.19132552078819087,0.06176854363882334,1.5830684964392097,0.16731308067088563,-0.1767007711974956,0.8001647364240039
507600.316572694,PLAYBACK,3.155063375015743,6.337498780339956e-05,-0.6676763561455719,0.192381322957198,0.055048294804302955,1.537707942320898,0.13571155924310538,-0.17588601510643187,0.8379999999999992,-0.6745445736089544,0.1913430100967978,0.06207648816728775,1.5871296408767828,0.17054861477032263,-0.17671055652181744,0.7970481713487
507600.320238523,PLAYBACK,3.160064905998297,6.49060239084065e-05,-0.6676763561455719,0.192381322957198,0.055048294804302955,1.5396260013733123,0.13686239467455472,-0.17588601510643187,0.8368491645685516,-0.6745440294593346,0.19135262085480598,0.06223460870490571,1.589286905730606,0.17227072260075674,-0.1767162716457586,0.7954237652073317
507600.329482523,PLAYBACK,3.167819096997846,0.002819097018800676,-0.6680599679560544,0.192381322957198,0.055048294804302955,1.5411604486152441,0.13954767734793413,-0.17588601510643187,0.8341638818951704,-0.6745431585365279,0.19136784752715388,0.0624729758667456,1.5926319989663371,0.17494483346284465,-0.17672622666664903,0.7929493169100124
507600.338486151,PLAYBACK,3.176877780992072,0.0018777810037136078,-0.6680599679560544,0.192381322957198,0.055431906614785476,1.5465310139620048,0.14223296002131533,-0.17588601510643187,0.8310949874113067,-0.6745423987083097,0.19138594872816908,0.06274184853480443,1.5965382460681676,0.17807232058743117,-0.17674022390800337,0.7901301860832072
507600.347915428,PLAYBACK,3.185520202969201,0.0005202029715292156,-0.6680599679560544,0.192381322957198,0.055815518425267996,1.5484490730144191,0.14491824269469653,-0.17588601510643187,0.828026092927443,-0.6745422238568273,0.19140331787895176,0.06298982794778468,1.6002622370193398,0.1810579016002094,-0.17675689686023222,0.7875150590163188
507600.357246045,PLAYBACK,3.1951520700240508,0.00015207001706585288,-0.6680599679560544,0.192381322957198,0.055815518425267996,1.5538196383611815,0.1491379726100078,-0.17588601510643187,0.8245735866330968,-0.6745429268419187,0.19142253696994094,0.06325775145432344,1.6044088378132144,0.18438665989246858,-0.17678068156080035,0.784687590596282
507600.361032296,PLAYBACK,3.2002896229969338,0.0002896229852922261,-0.6680599679560544,0.192381322957198,0.05619913023575229,1.555737697413596,0.1491379726100078,-0.17588601510643187,0.8226555275806824,-0.6745437513729987,0.19143263922470372,0.06339749968089986,1.6066186595830778,0.18616269953887152,-0.17679620267996454,0.7832171367023913
507600.369843804,PLAYBACK,3.208639691991266,0.003639691974967718,-0.6680599679560544,0.192381322957198,0.05619913023575229,1.5576557564660103,0.151823255283389,-0.17588601510643187,0.8192030212863362,-0.6745457982297468,0.19144871245701775,0.06362059152202841,1.6102064512852832,0.1890499616776065,-0.17682661499087754,0.7808830550368241
507600.378951532,PLAYBACK,3.2150663170032203,6.631697760894895e-05,-0.6680599679560544,0.192381322957198,0.05658274204623481,1.5614918745708408,0.1545085379567702,-0.17588601510643187,0.8176685740444043,-0.6745479631579252,0.19146070520171465,0.06378932090405784,1.6129634928404337,0.19127260004031743,-0.17685517298649558,0.7791334350060344
507600.387739634,PLAYBACK,3.225067235005554,6.723502883687615e-05,-0.6684435797665369,0.192381322957198,0.05696635385671733,1.5653279926756696,0.1571938206301496,-0.17588601510643187,0.8130652323186087,-0.6745522630675045,0.19147853944396315,0.06404761549674086,1.6172434305254304,0.1947319288667213,-0.17691032647543647,0.7764905286718773
507600.392979855,PLAYBACK,3.2350645959959365,6.459600990638137e-05,-0.6684435797665369,0.192381322957198,0.05696635385671733,1.5691641107804983,0.16026271511401333,-0.17588601510643187,0.809996337834745,-0.6745574688237137,0.19149515289580823,0.0643016566158913,1.621504202741,0.19819034223788623,-0.17698097968717072,0.7739431661175187
507600.401012322,PLAYBACK,3.2400600250111893,6.002502050250769e-05,-0.6688271915770212,0.192381322957198,0.057349965667199854,1.5706985580224302,0.16141355054546266,-0.17588601510643187,0.8084618905928131,-0.6745602967860416,0.1915029338279831,0.06442738504618521,1.6236246332709514,0.19991845940248093,-0.177023007652404,0.7727045197572263
507600.405470096,PLAYBACK,3.2450588109786622,5.88109833188355e-05,-0.6684435797665369,0.192381322957198,0.057349965667199854,1.5745346761272607,0.162564385976912,-0.17588601510643187,0.8073110551613638,-0.6745632019200871,0.1915103423023822,0.06455256959743605,1.6257396350487947,0.20164773965388907,-0.17707004251909902,0.7714870214122919
507600.414359974,PLAYBACK,3.2528525089728646,0.002852508972864598,-0.6688271915770212,0.192381322957198,0.05773357747768415,1.5760691233691926,0.16563328046077572,-0.1762696269169144,0.8050093842984669,-0.6745677237822724,0.19152109286618182,0.06474679979289215,1.6290213637832547,0.20434389261147554,-0.1771541830978315,0.7696308931790588
507600.42317013,PLAYBACK,3.2625372179900296,0.0025372179807163775,-0.6688271915770212,0.192381322957198,0.05811718928816667,1.5814396887159532,0.16946939856560447,-0.17588601510643187,0.8027077134355682,-0.6745729503908193,0.1915330117811415,0.06498719041700676,1.6330677720228102,0.2076942762648335,-0.1772789157854182,0.7673915320322036
507600.432141605,PLAYBACK,3.270063099975232,6.309995660558343e-05,-0.6692108033875037,0.192381322957198,0.05850080109864919,1.5833577477683676,0.17100384580753633,-0.17588601510643187,0.8004060425726713,-0.6745763580847431,0.19154111980622546,0.06517379255828556,1.636183913032762,0.2102979464272842,-0.17739276713426538,0.7656985682427134
507600.436461333,PLAYBACK,3.275061184016522,6.118399323895574e-05,-0.6688271915770212,0.192381322957198,0.05888441290913171,1.585275806820782,0.1725382930494682,-0.1762696269169144,0.799255207141222,-0.6745781439221425,0.19154593209048476,0.06529784889949998,1.6382379648674952,0.21202719808891987,-0.17747714968604303,0.764595120134603
507600.445508094,PLAYBACK,3.280078344978392,7.834495045244694e-05,-0.6692108033875037,0.192381322957198,0.05888441290913171,1.58872831311513,0.17368912848091753,-0.1762696269169144,0.7977207598992901,-0.6745794478990507,0.19155029837040163,0.06542262814567691,1.6402863579558533,0.21376316327221975,-0.17756923965147683,0.7635029235659281
507600.449753629,PLAYBACK,3.2900591240031645,5.9124024119228125e-05,-0.6692108033875037,0.19276493476768053,0.05965163653009853,1.5925644312199587,0.1782924702067131,-0.1762696269169144,0.7954190890363932,-0.674580224692271,0.19155759941912026,0.06567209535362496,1.6443174435809733,0.21721700314916179,-0.17777547340929614,0.7613716783221022
507600.458244198,PLAYBACK,3.2982133160112426,0.0032133160275407135,-0.6695944151979862,0.192381322957198,0.06003524834058105,1.5964005493247875,0.18136136469057682,-0.1766532387273969,0.7931174181734946,-0.6745786562354602,0.1915622113243823,0.06587771373836591,1.6475635691086465,0.22003928474054743,-0.17796773023641482,0.7596661404286085
507600.46807057,PLAYBACK,3.3067089659743942,0.0017089659813791513,-0.6695944151979862,0.192381322957198,0.06041886015106357,1.5998530556191355,0.18289581193250867,-0.1762696269169144,0.7908157473105977,-0.67457448370188,0.19156575838527548,0.0660943314315176,1.6508965013717078,0.2229803420227343,-0.17819164529076456,0.7579174583010561
507600.476821301,PLAYBACK,3.3152976339915767,0.00029763398924842477,-0.6695944151979862,0.192381322957198,0.060802471961547866,1.6040727855344468,0.1859647064163706,-0.1766532387273969,0.787746852826734,-0.6745672397257816,0.19156809425448104,0.06631648103915105,1.6542115628703482,0.2259542552907857,-0.17844308812817503,0.7561733797463077
507600.481681249,PLAYBACK,3.3200606160098687,6.061600288376212e-05,-0.6695944151979862,0.192381322957198,0.061186083772030386,1.6040727855344468,0.18749915365830247,-0.1766532387273969,0.7865960173952846,-0.6745617769440858,0.19156887385666238,0.06644131555241448,1.6560253123036157,0.2276037638342408,-0.17859352951237772,0.7552144697018769
507600.490300517,PLAYBACK,3.3287558690062724,0.003755868994630873,-0.6699780270084688,0.192381322957198,0.061186083772030386,1.6079089036392773,0.19095165995265048,-0.1766532387273969,0.7839107347219052,-0.674548924568672,0.19156940477391568,0.06667275098433885,1.6592893349248843,0.2306155267373167,-0.17888849257092165,0.7534757149363529
507600.499319223,PLAYBACK,3.33809953200398,0.003099531983025372,-0.6699780270084688,0.192381322957198,0.06156969558251291,1.6128958571755554,0.19440416624699672,-0.17703685053787943,0.7816090638590065,-0.6745306902048797,0.19156878536509675,0.06692736605179028,1.6627267068063807,0.2338522337657699,-0.17923457885938027,0.7516197229291274
507600.50873283,PLAYBACK,3.345078521000687,7.852102862671018e-05,-0.6695944151979862,0.19276493476768053,0.06156969558251291,1.6148139162279698,0.19747306073086043,-0.17703685053787943,0.7793073929961096,-0.6745139150780647,0.1915675950741686,0.06712218631292757,1.665245464505465,0.2362696603939857,-0.1795124857973811,0.7502388770917425
507600.512773301,PLAYBACK,3.3550002459669486,2.4598557502031326e-07,-0.6695944151979862,0.19276493476768053,0.06195330739299543,1.618266422522316,0.20015834340423985,-0.17742046234836373,0.7773893339436935,-0.6744852412250029,0.19156495811755248,0.06740702449082661,1.6687528186629925,0.23970513591665019,-0.179935389530866,0.748280194760091
507600.521727994,PLAYBACK,3.360099133977201,9.913399117067456e-05,-0.6695944151979862,0.192381322957198,0.062336919203479724,1.6201844815747304,0.2016927906461717,-0.17703685053787943,0.7762384985122459,-0.6744682597060437,0.19156322179122634,0.06755741149240223,1.6705211077491793,0.24146945939982223,-0.18016502908579882,0.7472746230872083
507600.530826855,PLAYBACK,3.3650785129866563,7.851299596950412e-05,-0.6695944151979862,0.19276493476768053,0.062336919203479724,1.6236369878690766,0.20322723788810357,-0.17742046234836373,0.774704051270314,-0.6744501944565005,0.19156130710769234,0.0677071484696337,1.6722251874706575,0.2431911385924458,-0.18039705253582575,0.7462929056728543
507600.535156262,PLAYBACK,3.3750693909823895,6.939098238945007e-05,-0.6695944151979862,0.192381322957198,0.06272053101396224,1.6274731059739072,0.20744696780341662,-0.17742046234836373,0.7720187685969329,-0.6744095501261027,0.1915569056923345,0.0680169231688203,1.675575411807986,0.2466398146025057,-0.1808846690609353,0.744323570106735
507600.54436303,PLAYBACK,3.3821321509894915,0.0021321509848348796,-0.6699780270084688,0.192381322957198,0.06272053101396224,1.629007553215839,0.20898141504534848,-0.17780407415884625,0.769717097734036,-0.6743773329481082,0.19155342618598342,0.06824412153823099,1.6778873302224233,0.24907105939456406,-0.18124606149494965,0.7429319473845426
507600.553019679,PLAYBACK,3.3908656089915894,0.0008656089776195586,-0.6695944151979862,0.192381322957198,0.06310414282444476,1.6324600595101852,0.21166669771872967,-0.17818768596932877,0.7674154268711373,-0.6743336358992774,0.19154881216031144,0.06853543183480501,1.6806804097888766,0.2520666350521177,-0.1817104091393308,0.7412128016369712
507600.56164573,PLAYBACK,3.400055504986085,5.550496280193329e-05,-0.6699780270084688,0.192381322957198,0.06348775463492728,1.635528953994049,0.2143519803921091,-0.1785712977798113,0.7658809796292054,-0.6742832654386036,0.19154371002724335,0.0688554967409145,1.6835399876513606,0.2552019765989156,-0.1822177974200065,0.7394078617364218
507600.565657245,PLAYBACK,3.4059851330239326,0.000985132995992899,-0.6695944151979862,0.192381322957198,0.06310414282444476,1.6393650720988777,0.2174208748759728,-0.1785712977798113,0.7647301441977579,-0.6742485113148202,0.19154034664856465,0.06906998739567513,1.6853414412159304,0.2572137582384262,-0.1825542645543759,0.7382468295367606
507600.575112181,PLAYBACK,3.4130310110049322,0.0030310110305435956,-0.6695944151979862,0.192381322957198,0.06310414282444476,1.6408995193408096,0.21857171030742215,-0.1785712977798113,0.7624284733348592,-0.6742050617973253,0.19153633510387646,0.06933357191979746,1.687437281575085,0.2595907755164807,-0.18296223230058778,0.7368723880806667
507600.584800738,PLAYBACK,3.4236672219703905,0.0036672219866886735,-0.6699780270084688,0.192381322957198,0.06348775463492728,1.6458864728770877,0.22355866384370024,-0.1789549095902938,0.7605104142824448,-0.6741353874717962,0.19153036946885027,0.06975068315258103,1.6905088064906852,0.26314690304689314,-0.18359243773072903,0.7348118531180731
507600.593657162,PLAYBACK,3.4320971550187096,0.0020971550256945193,-0.6699780270084688,0.192381322957198,0.06348775463492728,1.6493389791714357,0.2250931110856321,-0.1793385214007781,0.758975967040513,-0.6740770172978509,0.1915258271247806,0.07009889346621963,1.6928642649746148,0.2659337754682821,-0.18410188593815263,0.7331946570589997
507600.602423823,PLAYBACK,3.4411343070096336,0.001134307007305324,-0.6699780270084688,0.192381322957198,0.06348775463492728,1.6508734264133675,0.2281620055694958,-0.17972213321126063,0.7574415197985811,-0.674011724364318,0.19152124874527549,0.07049073176286948,1.6953119089583477,0.268885982363411,-0.184655412651211,0.7314807638895493
507600.606884422,PLAYBACK,3.4451220760238357,0.00012207601685076952,-0.6699780270084688,0.192381322957198,0.06348775463492728,1.6524078736552976,0.22969645281142767,-0.17972213321126063,0.7566742961776143,-0.6739821139824892,0.19151935007515541,0.07067003990632466,1.6963664979276685,0.2701759375524573,-0.1849014967966401,0.7307320778405209
507600.615816612,PLAYBACK,3.4502289799856953,0.0002289799740538001,-0.6703616388189513,0.192381322957198,0.0638713664454098,1.6558603799496456,0.23161451186384205,-0.17972213321126063,0.7559070725566492,-0.673943551715851,0.19151704585967538,0.07090561606348707,1.6976943000228863,0.2718156816700432,-0.18521783733083824,0.7297809008412713
507600.624989435,PLAYBACK,3.4615359129966237,0.0015359129756689072,-0.6703616388189513,0.192381322957198,0.0642549782558941,1.6589292744335093,0.23621785358963762,-0.18010574502174315,0.7536054016937523,-0.6738559323681618,0.19151253166224466,0.0714518988759153,1.7005433463066022,0.275393594891676,-0.18592104970898726,0.7277091765654221
507600.629033794,PLAYBACK,3.4701003750087693,0.0001003750367090106,-0.6703616388189513,0.192381322957198,0.0642549782558941,1.6623817807278556,0.23967035988398386,-0.18087296864270996,0.7516873426413362,-0.6737878703088872,0.19150973430299092,0.07188934170348335,1.7026182897150617,0.2780513820037834,-0.18645414402694954,0.7261755540003348
507600.638060235,PLAYBACK,3.4775375449680723,0.0025375449913553894,-0.6703616388189513,0.192381322957198,0.06463859006637662,1.665067063401235,0.24273925436784757,-0.18087296864270996,0.7509201190203711,-0.673727851016242,0.1915077992000237,0.07228646954973231,1.7043621865355194,0.28031968453243516,-0.186915800487505,0.7248718692075908
507600.647069624,PLAYBACK,3.485082314000465,8.231401443481445e-05,-0.6703616388189513,0.192381322957198,0.06463859006637662,1.6681359578850987,0.24542453704122877,-0.18125658045319248,0.7493856717784393,-0.6736663060142737,0.19150634986810322,0.07270628645152939,1.70607646114887,0.28258071906798454,-0.18738169523789208,0.7235785007266893
507600.650809776,PLAYBACK,3.4900569330202416,5.69330295547843e-05,-0.6703616388189513,0.192381322957198,0.06502220187685914,1.6681359578850987,0.24542453704122877,-0.181640192263675,0.74823483634699,-0.6736254596177822,0.19150569660776218,0.0729926676450095,1.7071766483012638,0.2840483635815061,-0.18768698701529998,0.722742920141238
507600.659935889,PLAYBACK,3.4981834610225633,0.0031834610272198915,-0.6703616388189513,0.192381322957198,0.06502220187685914,1.67082124055848,0.24849343152509248,-0.18202380407415752,0.7467003891050581,-0.6735584368314149,0.19150517785516663,0.0734772763965755,1.70892268446108,0.2864045325054466,-0.18818155507036377,0.7214091863986131
507600.668978792,PLAYBACK,3.5073964819894172,0.0023964819847606122,-0.6703616388189513,0.192381322957198,0.06617303730830848,1.6742737468528262,0.25117871419847193,-0.18240741588464182,0.7447823300526437,-0.6734822511617895,0.19150545953085615,0.07405248722696242,1.710825841323156,0.2890110187386767,-0.188734628484829,0.7199468470506422
507600.677614631,PLAYBACK,3.515931867994368,0.0009318679803982377,-0.6707452506294356,0.192381322957198,0.06617303730830848,1.6769590295262073,0.2534803850613706,-0.18317463950560686,0.7424806591897468,-0.6734117213000163,0.1915065924108954,0.07461056415585995,1.7125174223554476,0.29136191497998254,-0.1892384148440714,0.7186419658649212
507600.686757557,PLAYBACK,3.525055747013539,5.5746990256011486e-05,-0.6707452506294356,0.192381322957198,0.066556649118791,1.6796443121995885,0.25616566773475,-0.18355825131608938,0.7405626001373307,-0.6733366220649454,0.19150877781843986,0.07523468756614662,1.7142505868517235,0.2938046543724078,-0.18976643277055963,0.7173028139559692
507600.690849717,PLAYBACK,3.5300674879690632,6.748794112354517e-05,-0.6707452506294356,0.192381322957198,0.06694026092927352,1.680795147631036,0.2577001149766819,-0.18394186312657368,0.7397953765163656,-0.6732955759911171,0.19151042275190158,0.07558995304902293,1.7151701054382218,0.2951148792339976,-0.19005141746622875,0.7165925336298258
507600.700652624,PLAYBACK,3.5351749130059034,0.00017491303151473403,-0.6707452506294356,0.192381322957198,0.06694026092927352,1.6834804303044173,0.2603853976500631,-0.18394186312657368,0.7386445410849163,-0.6732539376364771,0.19151243269145937,0.07596128228429079,1.7160838094046982,0.29642675570760785,-0.19033791871847772,0.7158875920489026
507600.70506996,PLAYBACK,3.5451439690077677,0.00014396902406588197,-0.6707452506294356,0.192381322957198,0.06770748455024034,1.6857821011673142,0.2630706803234443,-0.18509269855802124,0.7367264820325019,-0.6731733253315615,0.1915173529478784,0.07671376305536376,1.7178004500872006,0.29891870531738135,-0.1908851097574308,0.7145676603158672
507600.714056484,PLAYBACK,3.5535344060044736,0.003534406016115099,-0.6707452506294356,0.192381322957198,0.06809109636072286,1.6884673838406954,0.26460512756537613,-0.18470908674753872,0.7348084229800875,-0.673106255247235,0.1915225474108682,0.07737640785374615,1.7191783085734198,0.30094509432840727,-0.19133271482045344,0.7135151747620699
507600.723107583,PLAYBACK,3.5616512459819205,0.001651245984248817,-0.6707452506294356,0.192381322957198,0.06847470817120538,1.6907690547035923,0.26729041023875555,-0.18547631036850554,0.7328903639276731,-0.6730421197844365,0.19152851924650613,0.07804399494681137,1.7204545857667928,0.302843410845165,-0.19175398924444684,0.7125485596898798
507600.731348933,PLAYBACK,3.5700571819907054,5.71819837205112e-05,-0.6707452506294356,0.192381322957198,0.0692419317921722,1.691536278324559,0.27035930472261926,-0.18585992217898806,0.7313559166857413,-0.6729765165921223,0.19153571565748523,0.07876406264935165,1.7217192076397514,0.3047450603081466,-0.19217775122452205,0.711601410179748
507600.736071196,PLAYBACK,3.575070686987601,7.068697595968843e-05,-0.6707452506294356,0.192381322957198,0.0692419317921722,1.6934543373769735,0.2715101401540686,-0.18585992217898806,0.7305886930647745,-0.6729377922002506,0.19154051125867724,0.07920799401778855,1.7224464823925427,0.30584818006899267,-0.1924243203950496,0.7110627254718591
507600.744502211,PLAYBACK,3.584662928013131,0.004662927996832877,-0.6707452506294356,0.192381322957198,0.06962554360265472,1.6961396200503547,0.27572987006938166,-0.18624353398947058,0.7286706340123601,-0.6728645338530699,0.19155076667267187,0.08008890371422586,1.723783323923341,0.3078943266690591,-0.19288305681052062,0.7100867570004694
507600.753776179,PLAYBACK,3.591718192968983,0.0017181929433718324,-0.6711288624399181,0.192381322957198,0.07000915541313724,1.6969068436713197,0.2768807055008292,-0.1870107576104374,0.7267525749599457,-0.6728113253409533,0.19155924204507682,0.08076453808919634,1.7247219863346073,0.3093455601543801,-0.19320947379820738,0.7094147208056096
507600.762691397,PLAYBACK,3.6000571610056795,5.716102896258235e-05,-0.6711288624399181,0.192381322957198,0.07039276722362153,1.6992085145342184,0.2795659881742104,-0.18739436942091992,0.7252181277180139,-0.6727491200017834,0.19157031524027976,0.08159517578569225,1.7257841472658664,0.31100246949794946,-0.1935832295380028,0.7086702990957561
507600.76782433,PLAYBACK,3.610057647980284,5.764799425378442e-05,-0.6715124742504006,0.192381322957198,0.07115999084458657,1.7015101853971153,0.2822512708475916,-0.18816159304188496,0.7240672922865645,-0.6726753821337098,0.19158516175875767,0.08264006456322123,1.7269923821495285,0.3129065835513773,-0.19401426020420956,0.7078483914245876
507600.775784639,PLAYBACK,3.6150181199773215,1.811998663470149e-05,-0.6715124742504006,0.192381322957198,0.0715436026550691,1.7034282444495297,0.284936553520971,-0.18816159304188496,0.723683680476082,-0.6726390989627739,0.1915931837301643,0.08317927546868077,1.727565856050078,0.3138176321510248,-0.1942211328100822,0.7074691520662278
507600.784216856,PLAYBACK,3.62262446701061,0.0026244670152664185,-0.6718960860608831,0.192381322957198,0.07192721446555339,1.7049626916914615,0.2872382243838697,-0.18854520485236748,0.7225328450446327,-0.672583752640757,0.19160636375304496,0.08403467221041848,1.7284127085369259,0.31517160170617325,-0.19452947950999866,0.7069239333270111
507600.789518505,PLAYBACK,3.631550434976816,0.0015504349721595645,-0.6718960860608831,0.192381322957198,0.07269443808651843,1.7061135271229109,0.28838905981531904,-0.18892881666285177,0.7213820096131833,-0.6725190999561677,0.19162323838135928,0.08508516331138624,1.7293572699548103,0.3166938674232169,-0.19487771697719133,0.706339599539155
507600.797539891,PLAYBACK,3.6361090330174193,0.0011090330081060529,-0.6718960860608831,0.192381322957198,0.07269443808651843,1.7068807507438777,0.2895398952467666,-0.18892881666285177,0.7202311741817358,-0.6724861339756597,0.19163246491696967,0.08564222176331605,1.7298195034342914,0.31744338231601343,-0.19504993383239239,0.7060640264319396
507600.806631338,PLAYBACK,3.647535866999533,0.002535866980906576,-0.6718960860608831,0.192381322957198,0.07422888532845029,1.7091824216067746,0.2926087897306303,-0.1896960402838168,0.7183131151293196,-0.6724033757651897,0.19165748192319823,0.08710374378313304,1.7309190983099902,0.31923798357171757,-0.1954649798741454,0.7054401680812995
507600.811009208,PLAYBACK,3.650100585015025,0.00010058499174192548,-0.6718960860608831,0.192381322957198,0.07461249713893281,1.7099496452277396,0.2926087897306303,-0.1896960402838168,0.7183131151293196,-0.6723847312945531,0.19166348011160592,0.08744518114828286,1.7311543791628015,0.3196239851617319,-0.19555487478685593,0.7053131233177828
507600.819665186,PLAYBACK,3.655056659015827,5.6658987887203693e-05,-0.6718960860608831,0.192381322957198,0.07499610894941533,1.7107168688487064,0.2945268487830447,-0.19007965209429933,0.7175458915083546,-0.6723485784779257,0.19167548164726325,0.08811952294109648,1.7315971201947535,0.32035210389754637,-0.19572520398844373,0.7050809006045476
507600.828644116,PLAYBACK,3.665060051018372,6.0051039326936007e-05,-0.6722796978713674,0.192381322957198,0.07614694438086467,1.7122513160906383,0.29644490783546085,-0.19046326390478363,0.7163950560769052,-0.6722748996704586,0.1917013981218258,0.08954119814409052,1.732442903328365,0.32174860257379595,-0.19605538947229706,0.704664589548985
507600.833398832,PLAYBACK,3.675058445020113,5.844503175467253e-05,-0.6722796978713674,0.192381322957198,0.077297779812314,1.7137857633325702,0.29874657869835775,-0.19123048752574867,0.7156278324559402,-0.672199883918941,0.19172963771816673,0.09104680177885764,1.7332240105081116,0.3230427053961164,-0.19636713019451896,0.7043163993245268
507600.842790547,PLAYBACK,3.683540607977193,0.0035406079841777682,-0.6722796978713674,0.192381322957198,0.07844861524376334,1.7149365987640195,0.3002810259402896,-0.1916140993362312,0.7148606088349734,-0.6721347514008227,0.19175547665698792,0.09239299407560848,1.7338358468971014,0.32405677738334115,-0.19661716928489412,0.7040716964659248
507600.851565033,PLAYBACK,3.6901007699780166,0.00010076997568830848,-0.6722796978713674,0.192381322957198,0.0795994506752109,1.7157038223849845,0.30104824956125464,-0.1916140993362312,0.7148606088349734,-0.6720831882928185,0.19177666055484843,0.09347837297988489,1.7342768002120446,0.32478592154783203,-0.19680143508496975,0.7039124285773691
507600.855352075,PLAYBACK,3.6950596289825626,5.9628975577652454e-05,-0.6722796978713674,0.192381322957198,0.08036667429617772,1.7168546578164339,0.302199084992704,-0.1916140993362312,0.7144769970244909,-0.6720433999042336,0.19179336890972074,0.09432452860566395,1.7345913755878117,0.3253040596775786,-0.19693544989638997,0.703808255375394
507600.864275428,PLAYBACK,3.7031777210067958,0.003177720995154232,-0.6722796978713674,0.192381322957198,0.08190112153810958,1.717621881437399,0.30373353223463584,-0.1919977111467155,0.7140933852140083,-0.6719765145794004,0.19182200535229627,0.09575729263196,1.7350715217181505,0.32608904812459616,-0.1971451081812805,0.7036653059616035
507600.873354892,PLAYBACK,3.711781479010824,0.0017814789898693562,-0.67266330968185,0.192381322957198,0.08305195696955714,1.7191563286793308,0.3056515912870502,-0.192381322957198,0.7133261615930415,-0.6719028734941329,0.19185406841099154,0.09733924140655362,1.7355334702667744,0.32683291136154174,-0.19735432603154104,0.703546661548046
507600.88257194,PLAYBACK,3.7208873229683377,0.0008873229962773621,-0.67266330968185,0.192381322957198,0.08420279240100648,1.72030716411078,0.30756965033946637,-0.19276493476768053,0.712175326161594,-0.671821289924357,0.1918898751378071,0.09908275130759843,1.7359707735148144,0.3275192302068146,-0.19756169955364947,0.7034508042850569
507600.891381173,PLAYBACK,3.7300583529868163,5.8353005442768335e-05,-0.67266330968185,0.192381322957198,0.08535362783245581,1.7214579995422294,0.30872048577091393,-0.19314854657816305,0.7117917143511097,-0.6717346709428316,0.19192782314592913,0.10090814724958257,1.7363595058686179,0.32810459293559924,-0.1977567950570961,0.7033761754262042
507600.895736901,PLAYBACK,3.7350676389760338,6.763899000361562e-05,-0.6730469214923325,0.192381322957198,0.08612085145342085,1.722608834973677,0.30987132120236327,-0.19314854657816305,0.7117917143511097,-0.6716852087546891,0.19194932667862233,0.1019335814911394,1.7365509129497514,0.3283796082372771,-0.19785792944078692,0.7033410423886639
507600.904992574,PLAYBACK,3.74005527299596,5.527300527319312e-05,-0.67266330968185,0.192381322957198,0.08688807507438767,1.7233760585946438,0.31140576844429513,-0.19314854657816305,0.7117917143511097,-0.6716342879755742,0.1919712703105253,0.10297392350808705,1.7367275019722501,0.3286223673885871,-0.19795508883340376,0.703307752050143
507600.913967926,PLAYBACK,3.7500037800054997,3.7800054997205734e-06,-0.6730469214923325,0.192381322957198,0.08803891050583701,1.7245268940260932,0.312940215686227,-0.19391577019912987,0.7110244907301446,-0.6715271962465321,0.19201660195785303,0.10510499762279253,1.7370405227291246,0.32901565167742347,-0.19813928095548933,0.7032390376533239
507600.922801707,PLAYBACK,3.7600642729667015,6.427295738831162e-05,-0.6730469214923325,0.192381322957198,0.08880613412680205,1.7256777294575407,0.31447466292815884,-0.1942993820096124,0.7106408789196621,-0.671410446899159,0.19206453894505138,0.10733345324520713,1.7373086220603517,0.32929400042800516,-0.19831422219042097,0.7031535635500009
507600.931812408,PLAYBACK,3.7700419559841976,4.195596557110548e-05,-0.6730469214923325,0.192381322957198,0.09110780498970072,1.726061341268025,0.3156254983596082,-0.1946829938200949,0.7102572671091778,-0.6712850549899511,0.19211417278469883,0.10961393921963346,1.7375324152900333,0.3294572515677983,-0.19847850193267924,0.7030373648127664
507600.935813543,PLAYBACK,3.775060168991331,6.016896804794669e-05,-0.6730469214923325,0.192381322957198,0.09149141680018325,1.7264449530785075,0.3163927219805732,-0.1946829938200949,0.7102572671091778,-0.6712179856853704,0.19213993812049143,0.11078663491037022,1.737631100369343,0.3294990103424052,-0.19855825715875536,0.7029622167448235
507600.940310532,PLAYBACK,3.780060547986068,6.054795812815428e-05,-0.6730469214923325,0.192381322957198,0.09225864042114829,1.7272121766994726,0.31715994560154004,-0.1946829938200949,0.7102572671091778,-0.6711482815345502,0.19216615981724366,0.11197189177090128,1.73772126214661,0.3295149927731618,-0.19863610519643343,0.7028736745785888
507600.949670286,PLAYBACK,3.7878882910008542,0.0028882910264655948,-0.6730469214923325,0.192381322957198,0.09340947585259762,1.7275957885099569,0.3183107810329876,-0.1946829938200949,0.7098736552986953,-0.6710330412176211,0.19220834227375205,0.11386009529145794,1.7378479019784274,0.32949100451648483,-0.1987551356539179,0.7027033370753903
507600.958711926,PLAYBACK,3.7973411839921027,0.0023411840084008873,-0.6730469214923325,0.192381322957198,0.09494392309452948,1.7287466239414044,0.320228840085402,-0.1950666056305792,0.7091064316777302,-0.6708832059447415,0.19226122716655455,0.11619197385162758,1.7379809492326301,0.32938739631484143,-0.198894863050762,0.7024378222447109
507600.967975875,PLAYBACK,3.8061811159714125,0.001181115978397429,-0.6730469214923325,0.192381322957198,0.09609475852597882,1.729130235751887,0.3206124518958863,-0.1950666056305792,0.7083392080567634,-0.6707317644570633,0.19231276438079253,0.11842173646507113,1.7380897527945043,0.32922286301131576,-0.19902182281739852,0.702121949787832
507600.976937201,PLAYBACK,3.8155434139771387,0.0005434139748103917,-0.673430533302815,0.192381322957198,0.09724559395742638,1.7298974593728538,0.3213796755168513,-0.19583382925154424,0.7083392080567634,-0.6705586780394629,0.1923697749601168,0.1208326414696805,1.7381926839509791,0.3289846521216066,-0.1991520713661746,0.7017085864370397
507600.981608156,PLAYBACK,3.8200582080171444,5.820801015943289e-05,-0.6730469214923325,0.192381322957198,0.0980128175783932,1.7298974593728538,0.32214689913781813,-0.19583382925154424,0.7079555962462809,-0.670470330479979,0.19239824916269915,0.122012735980931,1.7382389341006546,0.32884855389972356,-0.1992130706889661,0.7014784711745619
507600.990263853,PLAYBACK,3.8287792209885083,0.0037792209768667817,-0.673430533302815,0.192381322957198,0.09954726482032505,1.7306646829938188,0.3229141227587832,-0.19583382925154424,0.7079555962462809,-0.6702903165620694,0.19245526125959403,0.12432341003194904,1.738323883447775,0.32855082766437127,-0.19932678315157082,0.7009748938733025
507600.999385979,PLAYBACK,3.8350632119691,6.321194814518094e-05,-0.673430533302815,0.192381322957198,0.1003144884412901,1.7314319066147856,0.32368134637975,-0.19621744106202677,0.7075719844357984,-0.6701527086167071,0.19249815150378402,0.1260132347237584,1.7383826554684263,0.3283108829020897,-0.19940461558233002,0.7005627016630379
507601.003565317,PLAYBACK,3.845070882991422,7.088301936164498e-05,-0.673430533302815,0.192381322957198,0.10184893568322195,1.7318155184252682,0.32444857000071503,-0.19621744106202677,0.7071883726253159,-0.66991932058739,0.1925700230920422,0.12874652383129762,1.7384742167000833,0.32789151058739197,-0.19951942739758619,0.6998198170218879
507601.012459383,PLAYBACK,3.850621310994029,0.0006213110173121095,-0.673430533302815,0.192381322957198,0.10261615930418877,1.7321991302357507,0.32483218181119755,-0.19621744106202677,0.7071883726253159,-0.6697820468804572,0.1926120078857391,0.13028462836351729,1.7385247526670022,0.3276422495978373,-0.19957713465348773,0.6993620620706507
507601.02147819,PLAYBACK,3.860068592010066,6.859202403575182e-05,-0.673430533302815,0.192381322957198,0.10530144197756819,1.732582742046235,0.32521579362168185,-0.19660105287251106,0.7068047608148316,-0.6695349337009077,0.19268745980458027,0.13293914080134753,1.7386115876028034,0.32719624683730586,-0.19966312006202044,0.6985090409219837
507601.025799321,PLAYBACK,3.8650599740212783,5.997403059154749e-05,-0.6730469214923325,0.192381322957198,0.106068665598535,1.732582742046235,0.32521579362168185,-0.19660105287251106,0.7068047608148316,-0.669397248154377,0.19272958490763584,0.13436037297041553,1.738658240843805,0.32695176779015805,-0.19970121434316207,0.6980216748541259
507601.034228712,PLAYBACK,3.8730389790143818,0.003038979019038379,-0.6730469214923325,0.192381322957198,0.10683588921950005,1.7329663538567175,0.32559940543216437,-0.19660105287251106,0.706421149004349,-0.6691664191880512,0.19280057942622278,0.13665950775825664,1.7387342937738572,0.3265517319685621,-0.19974963137920004,0.6971920458110515
507601.043391126,PLAYBACK,3.8823297889903188,0.0023297889856621623,-0.6730469214923325,0.192381322957198,0.10990478370336376,1.7333499656672,0.3259830172426469,-0.19660105287251106,0.7060375371938665,-0.6688801521854353,0.19288959496217642,0.13937900663624084,1.7388253031140677,0.32607675532388913,-0.19978347012886125,0.6961522432884562
507601.052439339,PLAYBACK,3.890917364973575,0.0009173649596050382,-0.6730469214923325,0.192381322957198,0.11220645456626244,1.7337335774776825,0.3259830172426469,-0.19660105287251106,0.7052703135728997,-0.6685977950700609,0.19297874540324345,0.14193263576501527,1.7389115097280277,0.325634377899304,-0.19978954174161545,0.6951272742703497
507601.057381566,PLAYBACK,3.8952002029982395,0.00020020297961309552,-0.6730469214923325,0.192381322957198,0.11220645456626244,1.7337335774776825,0.3263666290531294,-0.19698466468299358,0.7048867017624172,-0.6684502661686955,0.19302592426554302,0.1432200218437513,1.738955034734695,0.32541410594947323,-0.19978242617575198,0.6945957608295675
507601.066628592,PLAYBACK,3.9047118080197833,0.0047118079965002835,-0.673430533302815,0.1919977111467155,0.11527534905012615,1.7341171892881668,0.3263666290531294,-0.19660105287251106,0.7041194781414521,-0.6681058091524297,0.19313775199538677,0.146109590132702,1.7390520966864658,0.32492904453029947,-0.19974014853529096,0.6933745564005771
507601.075772199,PLAYBACK,3.9100656479713507,6.564799696207047e-05,-0.6730469214923325,0.1919977111467155,0.11642618448157371,1.7345008010986493,0.3263666290531294,-0.19660105287251106,0.7041194781414521,-0.667901272763789,0.1932052521730473,0.14775260171385254,1.7391063722656837,0.32465994125674935,-0.19969933556893948,0.6926670025228676
507601.079800105,PLAYBACK,3.920061135024298,6.113504059612751e-05,-0.6730469214923325,0.192381322957198,0.11911146715495491,1.7345008010986493,0.3263666290531294,-0.19698466468299358,0.7033522545204853,-0.6674977080659994,0.19334064820043556,0.15084538002220552,1.7392051783691556,0.32416755060280456,-0.1995889918244124,0.6913198605030135
507601.08868308,PLAYBACK,3.9271656060009263,0.0021656060125678778,-0.6730469214923325,0.1919977111467155,0.12026230258640425,1.7348844129091319,0.3263666290531294,-0.1973682764934761,0.7025850308995203,-0.6671928029793383,0.1934446142504185,0.15305766102955573,1.7392719031229158,0.3238261082741293,-0.199483708017334,0.6903513648806313
507601.097777433,PLAYBACK,3.936720615020022,0.0017206150223501027,-0.6730469214923325,0.192381322957198,0.12371480888075048,1.7356516365300987,0.3267502408636137,-0.1973682764934761,0.7018178072785535,-0.6667575651406016,0.1935948073302878,0.15604039333555983,1.7393546183996316,0.32337665528504866,-0.19930959842443718,0.6890493765637494
507601.107451742,PLAYBACK,3.9487022869871,0.0037022869801148772,-0.6730469214923325,0.192381322957198,0.12601647974364738,1.7360352483405812,0.3263666290531294,-0.19775188830395862,0.7006669718471041,-0.6661679848491138,0.19379973702049136,0.15977127073785352,1.7394431215136168,0.3228203065754531,-0.19904952153653685,0.6874401160845737
507601.115450154,PLAYBACK,3.955089366005268,8.936598896980286e-05,-0.6730469214923325,0.192381322957198,0.12831815060654606,1.7364188601510637,0.3263666290531294,-0.19775188830395862,0.7002833600366216,-0.6658322553970034,0.19391616105064857,0.16174619008209773,1.7394820503421333,0.3225206561816552,-0.19889941098397732,0.6866003196598085
507601.119615534,PLAYBACK,3.960058874974493,5.88749535381794e-05,-0.6730469214923325,0.192381322957198,0.1298525978484779,1.7364188601510637,0.3263666290531294,-0.19775188830395862,0.6998997482261391,-0.6655600530667031,0.19400995891322542,0.16327239932684728,1.7395080215272096,0.3222825945493723,-0.19878101502119078,0.6859573778955871
507601.129337796,PLAYBACK,3.9677186449989676,0.0027186449733562768,-0.6730469214923325,0.192381322957198,0.13253788052185733,1.7368024719615462,0.3263666290531294,-0.19775188830395862,0.6987489127946898,-0.6651206907297843,0.19415959582130843,0.16560232008483194,1.7395404290259482,0.3219015614788942,-0.19860213910220437,0.6849851539611507
507601.138061244,PLAYBACK,3.975059340009466,5.9340032748878e-05,-0.6730469214923325,0.192381322957198,0.13368871595330667,1.7371860837720305,0.3263666290531294,-0.19775188830395862,0.6975980773632422,-0.6646759671954493,0.19430814082410047,0.16780454651831656,1.7395627860665397,0.32151312681945793,-0.19844289730216058,0.6840743283332479
507601.142945459,PLAYBACK,3.9850608999840915,6.089999806135893e-05,-0.67266330968185,0.1919977111467155,0.1371412222476529,1.7371860837720305,0.3259830172426469,-0.19775188830395862,0.6964472419317929,-0.6640308041767996,0.194517268328066,0.17074831461925558,1.7395799630801334,0.32093289133307606,-0.1982611607765127,0.682862636473406
507601.1513747,PLAYBACK,3.990114690968767,0.00011469097808003426,-0.67266330968185,0.192381322957198,0.13829205767910224,1.737569695582513,0.3259830172426469,-0.19775188830395862,0.695680018310826,-0.6636869830056636,0.19462532304808147,0.17220811106933567,1.7395831317776524,0.32061197755366583,-0.1981908331611589,0.6822610000930517
507601.160710277,PLAYBACK,3.9959821900120005,0.000982190016657114,-0.67266330968185,0.192381322957198,0.13944289311055158,1.737569695582513,0.3259830172426469,-0.19775188830395862,0.6952964065003435,-0.6632724809600202,0.19475231431564535,0.17387774157850727,1.739582504291859,0.32021227640791716,-0.1981316607279783,0.6815693346955006
507601.165013674,PLAYBACK,4.005055301007815,5.53010031580925e-05,-0.6722796978713674,0.1919977111467155,0.14174456397344848,1.7379533073929956,0.3259830172426469,-0.19775188830395862,0.6941455710688942,-0.6625988807058766,0.19495098792476886,0.17640305308051746,1.73957322773009,0.3195305277965859,-0.1980953332387257,0.6805096084164153
507601.174114298,PLAYBACK,4.01241653598845,0.0024165359791368246,-0.6722796978713674,0.1919977111467155,0.14442984664682967,1.7379533073929956,0.3259830172426469,-0.19775188830395862,0.6926111238269623,-0.6620233854651898,0.19511330965267426,0.1783989463846008,1.7395591506758081,0.3189156946871222,-0.1981213478990063,0.6796539304000806
507601.183052479,PLAYBACK,4.021605290006846,0.001605289988219738,-0.6722796978713674,0.192381322957198,0.14673151750972657,1.7379533073929956,0.32559940543216437,-0.19775188830395862,0.6910766765850305,-0.6612693498347324,0.1953161179820394,0.1808212609096717,1.7395346123102056,0.31806608939939,-0.1982301207984561,0.6785846009278863
507601.19234867,PLAYBACK,4.030273311014753,0.0002733109868131578,-0.6715124742504006,0.192381322957198,0.14941680018310777,1.7379533073929956,0.32521579362168185,-0.19775188830395862,0.6895422293430986,-0.6605229212583923,0.19550655306980616,0.18303492856556086,1.7395055901810965,0.3171789827342476,-0.1984143040832035,0.6775688183573597
507601.196363792,PLAYBACK,4.035128611023538,0.00012861104914918542,-0.6715124742504006,0.192381322957198,0.15095124742503963,1.7379533073929956,0.32559940543216437,-0.19775188830395862,0.6887750057221336,-0.660090412036084,0.19561251568819119,0.18424477996195832,1.739487265894916,0.31664566183903825,-0.19855276633030763,0.6769948341864782
507601.204904038,PLAYBACK,4.040042342967354,4.2342988308519125e-05,-0.6715124742504006,0.192381322957198,0.15210208285648896,1.7379533073929956,0.32521579362168185,-0.19775188830395862,0.6880077821011685,-0.6596424421189048,0.19571908432065357,0.18544759938323538,1.7394674309765072,0.31607954436398583,-0.19871872993598366,0.6764091954744149
507601.214124873,PLAYBACK,4.050454552983865,0.00045455299550667405,-0.6715124742504006,0.192381322957198,0.15478736552986838,1.7379533073929956,0.32483218181119755,-0.19775188830395862,0.6864733348592367,-0.6586598700158353,0.19594230522303543,0.1879272710151433,1.739421787382796,0.3147938373463644,-0.1991553549105285,0.6751487880688983
507601.218561176,PLAYBACK,4.060065759986173,6.575998850166798e-05,-0.6711288624399181,0.192381322957198,0.15708903639276706,1.738336919203478,0.32444857000071503,-0.19775188830395862,0.6853224994277873,-0.6577132677041366,0.1961449316477866,0.19013837467774578,1.7393760847408943,0.31350600130188805,-0.19965839794216217,0.6739567535358053
507601.22778614,PLAYBACK,4.06586926500313,0.0008692650008015335,-0.6707452506294356,0.192381322957198,0.1582398718242164,1.7379533073929956,0.3240649581902325,-0.19775188830395862,0.6849388876173048,-0.6571232007602051,0.19626567236472914,0.1914406076395919,1.7393470986468544,0.3126827755625275,-0.20000715254461873,0.6732212972585753
507601.237053204,PLAYBACK,4.075054683024064,5.4683012422174215e-05,-0.6703616388189513,0.192381322957198,0.16169237811856263,1.738336919203478,0.32368134637975,-0.19775188830395862,0.6837880521858555,-0.6561601292343423,0.19645442765449822,0.19345656365775896,1.7392993051736574,0.3113114508868366,-0.20062602440304933,0.6720297214223515
507601.240980056,PLAYBACK,4.0801542029948905,0.00015420297859236598,-0.6703616388189513,0.192381322957198,0.1632268253604945,1.738336919203478,0.32368134637975,-0.19775188830395862,0.6830208285648887,-0.6556095018224473,0.19655808250401785,0.1945543897771034,1.739271794137571,0.3105145906585145,-0.2010039810013684,0.6713521436079827
507601.249645642,PLAYBACK,4.088035890017636,0.0030358899966813624,-0.6699780270084688,0.192381322957198,0.16437766079194205,1.738336919203478,0.3229141227587832,-0.19813550011444114,0.6822536049439236,-0.6547349312837792,0.196716901174128,0.19622504382405256,1.7392278774476184,0.30923387588330614,-0.20163491445208742,0.6702800830226604
507601.259040784,PLAYBACK,4.097143917984795,0.0021439180127345026,-0.6695944151979862,0.192381322957198,0.16821377889677258,1.7387205310139606,0.32214689913781813,-0.19813550011444114,0.6811027695124743,-0.6536865236942503,0.1968987049439393,0.19812189349786616,1.7391748566106007,0.3076805246248656,-0.2024326573051549,0.6690002499718108
507601.268054291,PLAYBACK,4.1050546409678645,5.464098649099469e-05,-0.6692108033875037,0.192381322957198,0.16936461432822014,1.738336919203478,0.3213796755168513,-0.19813550011444114,0.6803355458915092,-0.6527406107677132,0.1970555018966126,0.1997453338750618,1.739126573441556,0.30626822322632175,-0.20318336888117774,0.667849664197269
507601.276712322,PLAYBACK,4.115096838970203,9.683897951617837e-05,-0.6688271915770212,0.192381322957198,0.17281712062256815,1.7387205310139606,0.3206124518958863,-0.19851911192492544,0.6795683222705424,-0.6514885178714828,0.1972536492318438,0.2017808145746826,1.7390617770964827,0.3043916546735363,-0.2042113552389393,0.6663320672054457
507601.280828198,PLAYBACK,4.120061238005292,6.123800994828343e-05,-0.6688271915770212,0.19276493476768053,0.17396795605401572,1.7387205310139606,0.320228840085402,-0.19890272373540796,0.6791847104600599,-0.6508468659802846,0.19735143413018374,0.20277860205869322,1.7390280779041591,0.3034296890360737,-0.20474973713148437,0.6655566858324139
507601.28553444,PLAYBACK,4.1251133370096795,0.00011333700967952609,-0.6680599679560544,0.192381322957198,0.17511879148546505,1.7387205310139606,0.31946161646443694,-0.19890272373540796,0.6788010986495774,-0.6501775969444282,0.19745094562878301,0.2037892578849601,1.738992502221698,0.3024277141685083,-0.2053176600471921,0.6647496373586683
507601.2947885,PLAYBACK,4.132864882994909,0.0028648829902522266,-0.6676763561455719,0.19276493476768053,0.17703685053787943,1.7387205310139606,0.3190780046539544,-0.19928633554589048,0.677650263218128,-0.6491173166699788,0.1976038140795782,0.20533188831554675,1.7389351167221385,0.3008459245221965,-0.20622741877662137,0.6634747617904206
507601.304056437,PLAYBACK,4.142603405984119,0.002603405970148742,-0.666909132524605,0.19276493476768053,0.1789549095902938,1.7387205310139606,0.31754355741202256,-0.19928633554589048,0.6764994277866787,-0.647725017928898,0.19779656207318702,0.20725790607841002,1.7388575317098984,0.2987847247533856,-0.2074339689483281,0.661807887764796
507601.313209442,PLAYBACK,4.151402228977531,0.0014022289542481303,-0.6665255207141225,0.19276493476768053,0.18125658045319248,1.7387205310139606,0.31677633379105574,-0.199669947356373,0.6757322041657137,-0.6464068043311173,0.19797174517524938,0.20898699868847684,1.7387813575935582,0.2968555700075466,-0.20858182546970952,0.6602377648672956
507601.322221636,PLAYBACK,4.1604588580084965,0.0004588580341078341,-0.6657582970931575,0.19276493476768053,0.18317463950560686,1.7387205310139606,0.3156254983596082,-0.2000535591668573,0.6745813687342643,-0.644988750865175,0.19815340119079453,0.21075423135417692,1.7386960389784027,0.2948098675767952,-0.2098162408636248,0.6585580339415952
507601.326048585,PLAYBACK,4.165372529998422,0.00037253001937642694,-0.6653746852826732,0.19276493476768053,0.1843254749370562,1.7387205310139606,0.31485827473864136,-0.20043717097733982,0.6738141451132993,-0.6441934292352507,0.1982526137360781,0.21170648329124298,1.7386465037475753,0.2936775088683491,-0.2105065263510136,0.6576203602722966
507601.335218613,PLAYBACK,4.173352216021158,0.003352216037455946,-0.6646074616617081,0.19276493476768053,0.18547631036850554,1.7387205310139606,0.313707439307192,-0.20082078278782234,0.6730469214923325,-0.6428639297108958,0.1984148084516312,0.21324030849653214,1.7385607682767574,0.2918105122371283,-0.21165497923982424,0.6560602046175377
507601.343782674,PLAYBACK,4.18014667899115,0.00014667899813503027,-0.6642238498512256,0.19276493476768053,0.1870107576104374,1.7387205310139606,0.31178938025477765,-0.20120439459830486,0.6722796978713674,-0.641696658230713,0.19855402618415283,0.2145308350701739,1.7384822683776664,0.29019931198975324,-0.21265624154593554,0.6546981011985472
507601.348026506,PLAYBACK,4.190068634983618,6.863498128950596e-05,-0.6634566262302588,0.19276493476768053,0.1893124284733343,1.7387205310139606,0.3102549330128458,-0.20158800640878916,0.6711288624399181,-0.6399394409352608,0.19875929326404515,0.21638200175237876,1.7383579753389047,0.2878247850528288,-0.21414938742884435,0.6526612292288533
507601.356927706,PLAYBACK,4.195814209000673,0.0008142089936882257,-0.6630730144197763,0.19276493476768053,0.1916140993362312,1.7387205310139606,0.30987132120236327,-0.20197161821927168,0.6703616388189513,-0.6388969842321028,0.19887930701945555,0.21743160847703227,1.7382805518670086,0.28644531578872684,-0.21502701548545225,0.6514605472374639
507601.361607688,PLAYBACK,4.200065665994771,6.566598312929273e-05,-0.6626894026092938,0.19276493476768053,0.192381322957198,1.7387205310139606,0.30872048577091393,-0.20197161821927168,0.6699780270084688,-0.6381156857741526,0.19896870330337993,0.2181959067316737,1.738220635981391,0.2854255632846743,-0.21568103147671716,0.6505643242794821
507601.370257775,PLAYBACK,4.209215876006056,0.004215875989757478,-0.661922178988327,0.19276493476768053,0.1942993820096124,1.7387205310139606,0.3071860385289821,-0.203122453650721,0.6684435797665369,-0.6364111610350944,0.1991630263174688,0.21980044884558092,1.7380840593657518,0.2832416852577993,-0.21709840810922312,0.6486195129258489
507601.379155228,PLAYBACK,4.215071582002565,7.15819769538939e-05,-0.6615385671778444,0.19276493476768053,0.19545021744106172,1.7387205310139606,0.3052679794765677,-0.20388967727168605,0.6680599679560544,-0.6353081983136313,0.1992889726393756,0.22079521732969024,1.7379912263931543,0.28185704360545794,-0.21801055315341772,0.6473682183448228
507601.388433945,PLAYBACK,4.22506423399318,6.423401646316051e-05,-0.6607713435568776,0.19276493476768053,0.19736827649347788,1.7387205310139606,0.3033499204241533,-0.2050405127031354,0.66614190890364,-0.6334144836755988,0.199507443715041,0.2224289379020501,1.7378232708779797,0.2795270693899798,-0.21957403157373964,0.6452313353158643
507601.392860178,PLAYBACK,4.235056313977111,5.631399108096957e-05,-0.6600041199359126,0.19276493476768053,0.19928633554589226,1.739104142824445,0.30181547318222146,-0.20619134813458473,0.6649910734721907,-0.6315199206583908,0.1997315412129051,0.2239762359077654,1.7376438997442416,0.2772467790868166,-0.22114705356297093,0.6431051064378108
507601.402227316,PLAYBACK,4.240608965978026,0.0006089659873396158,-0.65962050812543,0.19276493476768053,0.20082078278782411,1.739104142824445,0.30104824956125464,-0.20619134813458473,0.6642238498512256,-0.6304724986427835,0.1998590982042096,0.22479701087383977,1.7375396563431424,0.27600273102999334,-0.22202724849953717,0.6419329506677186
507601.410965001,PLAYBACK,4.245167154003866,0.00016715400852262974,-0.6592368963149475,0.19276493476768053,0.20197161821927345,1.739104142824445,0.2998974141298071,-0.20695857175554977,0.6638402380407413,-0.6296180192582203,0.19996569644614953,0.2254494513450897,1.7374518538917787,0.274993880953785,-0.22275440604019267,0.640977608746081
507601.415232459,PLAYBACK,4.255057780013885,5.778000922873616e-05,-0.6588532845044632,0.19314854657816305,0.2035060654612053,1.739104142824445,0.2979793550773927,-0.2077257953765148,0.6623057907988095,-0.6277882110154183,0.2002037022870154,0.22679821838617137,1.737255233712323,0.27284164596680777,-0.22435209857620494,0.6389312975713571
507601.424516116,PLAYBACK,4.263764344970696,0.0037643449613824487,-0.6580860608834982,0.19314854657816305,0.20504051270313717,1.739104142824445,0.29606129602497655,-0.20887663080796415,0.6611549553673619,-0.6262149972878366,0.20042186389047864,0.227909452654273,1.7370764860667056,0.2709850509340082,-0.22578934976831797,0.6371665782295088
507601.432956098,PLAYBACK,4.271743650024291,0.0017436500056646764,-0.6573188372625314,0.19314854657816305,0.20619134813458473,1.739104142824445,0.29414323697256217,-0.21002746623941349,0.6592368963149475,-0.6248131595285311,0.2006297678992297,0.2288658826675654,1.7369093336479264,0.2693101001980346,-0.22714002394180577,0.635584864984822
507601.442276204,PLAYBACK,4.280563594016712,0.0005635939887724817,-0.6565516136415663,0.19314854657816305,0.2077257953765166,1.739104142824445,0.2918415661096653,-0.21079468986037853,0.6577024490730157,-0.6233169657511493,0.20086909935745287,0.22985560086455326,1.73672237646834,0.26748255812752275,-0.2286783487897885,0.6338811801441181
507601.446591504,PLAYBACK,4.28505851898808,5.8519013691693544e-05,-0.6561680018310838,0.19353215838864735,0.2084930189974834,1.739104142824445,0.2918415661096653,-0.21156191348134534,0.6569352254520489,-0.622578623495416,0.20099505492345612,0.23033348775214815,1.7366267287858543,0.2665588608395391,-0.22948301677189878,0.6330323992440094
507601.45536572,PLAYBACK,4.293633651977871,0.0036336519988253713,-0.655400778210117,0.19353215838864735,0.20887663080796592,1.739104142824445,0.2899235070572491,-0.21271274891279468,0.6550171663996345,-0.6212194881441844,0.20124290148170687,0.23119740120824894,1.7364445354136628,0.26480741736299124,-0.23106047467793892,0.6314517654998211
507601.464316135,PLAYBACK,4.302974467980675,0.0029744679923169315,-0.6542499427786677,0.19353215838864735,0.21117830167086282,1.739104142824445,0.2876218361943522,-0.21386358434424224,0.6530991073472201,-0.6198175889461368,0.2015240561859672,0.23207055752031597,1.7362478548705707,0.2629104626256318,-0.23284593119272481,0.6297899123029407
507601.473756033,PLAYBACK,4.3100590810063295,5.908100865781307e-05,-0.6538663309681851,0.19353215838864735,0.21194552529182964,1.739104142824445,0.28608738895242036,-0.21501441977569158,0.6511810482948039,-0.6188114526380203,0.20174483669523494,0.2326885925329739,1.7361008612463418,0.2614756897865376,-0.23424864312114796,0.6285720963172585
507601.481510705,PLAYBACK,4.323548005020712,0.0035480050137266517,-0.6523318837262533,0.19353215838864735,0.21386358434424402,1.739104142824445,0.28340210627903917,-0.21693247882810596,0.6484957656214245,-0.6170348592674159,0.2021820801226532,0.233769226742377,1.735828351259145,0.25874485689336874,-0.23703642285571846,0.6263550728177059
507601.4862806,PLAYBACK,4.325066117977258,6.61179656162858e-05,-0.6515646601052882,0.19353215838864735,0.21463080796521083,1.739104142824445,0.28340210627903917,-0.21693247882810596,0.6484957656214245,-0.6168463074228061,0.20223259643155164,0.23388354485665594,1.7357983897202656,0.2584371520441034,-0.23735970820470054,0.6261137845116734
507601.49080405,PLAYBACK,4.3300647040014155,6.470398511737585e-05,-0.6511810482948039,0.19353215838864735,0.21539803158617588,1.739104142824445,0.2822512708475916,-0.21731609063858848,0.6473449301899752,-0.616241564321126,0.2024006846955391,0.23425027113877853,1.735700855063811,0.25742299263778085,-0.2384375613405472,0.6253308113845961
507601.499416064,PLAYBACK,4.3382617280003615,0.0032617279794067144,-0.6496466010528739,0.19353215838864735,0.2161652552071427,1.7387205310139606,0.28071682360565975,-0.21885053788052033,0.6458104829480433,-0.6153024448749806,0.20268187580103955,0.23482131351973692,1.7355448128777622,0.25575562598169643,-0.24024870414157573,0.6240841866675587
507601.508492482,PLAYBACK,4.34506830497412,6.830500205978751e-05,-0.6492629892423896,0.19353215838864735,0.21769970244907277,1.7387205310139606,0.2791823763637279,-0.2203849851224522,0.6442760357061115,-0.6145709488578162,0.20292023367082423,0.23526907542371792,1.735419114037646,0.2543660595516225,-0.24179243285138222,0.6230830957897393
507601.517864839,PLAYBACK,4.355074373015668,7.437303429469466e-05,-0.6469613183794927,0.19353215838864735,0.21923414969100463,1.7387205310139606,0.2772643173113135,-0.22191943236438405,0.6419743648432146,-0.613572046952118,0.20327784204572005,0.23588805605790233,1.735240980721316,0.2523137456730137,-0.24412383373770397,0.621664991871281
507601.526615349,PLAYBACK,4.365060381998774,6.038200808688998e-05,-0.6450432593270783,0.19391577019912987,0.2211522087434208,1.738336919203478,0.27572987006938166,-0.2238374914168002,0.6400563057908002,-0.6126615847169401,0.20364217326480363,0.2364640020666426,1.735071319718632,0.25025392354877984,-0.24651840289450105,0.6203102330423764
507601.530777404,PLAYBACK,4.3706770580029115,0.000677058007568121,-0.6442760357061115,0.1942993820096124,0.22191943236438583,1.738336919203478,0.27496264644841484,-0.22460471503776525,0.6389054703593509,-0.6121856536626694,0.20384983151746533,0.23677133603345235,1.7349795230334237,0.24909080217870538,-0.24789197290204848,0.61957372483009
507601.535857216,PLAYBACK,4.375054736970924,5.4736970923841e-05,-0.6435088120851464,0.1942993820096124,0.22268665598535264,1.7387205310139606,0.2741954228274498,-0.22537193865873206,0.638138246738384,-0.61183210080432,0.20401281362209328,0.237003154376387,1.7349098112331136,0.24818245888234394,-0.24897442802887815,0.6190120942433143
507601.544559803,PLAYBACK,4.38295651297085,0.0029565129661932588,-0.6415907530327303,0.1942993820096124,0.2238374914168002,1.738336919203478,0.27266097558551794,-0.22728999771114644,0.6362201876859697,-0.6112312559211489,0.2043089726534538,0.23740541686747305,1.7347880957267796,0.2465404073114164,-0.25095114023212756,0.6180254674687053
507601.553632383,PLAYBACK,4.392119658004958,0.002119657990988344,-0.6396726939803159,0.1942993820096124,0.22537193865873206,1.738336919203478,0.2707429165331018,-0.22920805676356082,0.6346857404440378,-0.6105923645212337,0.20465441108820923,0.23784732678990167,1.7346536745024208,0.24463623675087143,-0.25327230589749694,0.6169247259550654
507601.562878468,PLAYBACK,4.400004170020111,4.169996827840805e-06,-0.637371023117419,0.1942993820096124,0.22613916227969888,1.738336919203478,0.2692084692911717,-0.23074250400549268,0.633151293202106,-0.6100901697141422,0.2049520459308344,0.2382076389441344,1.734543881672503,0.24300286731281198,-0.2552852603744162,0.6160149470120556
507601.571160055,PLAYBACK,4.410107204981614,0.00010720500722527504,-0.6354529640650046,0.1942993820096124,0.22805722133211326,1.738336919203478,0.26729041023875555,-0.23266056305790705,0.6316168459601741,-0.609507721961802,0.20533182918103876,0.23864369736571064,1.7344112435774899,0.2409258103614523,-0.2578706150826616,0.6149002828074056
507601.575524209,PLAYBACK,4.415109638008289,0.00010963802924379706,-0.6343021286335553,0.1946829938200949,0.22844083314259578,1.738336919203478,0.2665231866177905,-0.23342778667887387,0.630849622339209,-0.6092435342914355,0.20551842733791992,0.23884931615273727,1.7343489370186944,0.23990747207181973,-0.2591475414108023,0.6143698852473329
507601.5796639,PLAYBACK,4.420059608994052,5.9609010349959135e-05,-0.6335349050125885,0.1946829938200949,0.2292080567635626,1.738336919203478,0.26460512756537613,-0.23457862211032143,0.6304660105287265,-0.6089971894799405,0.2057016840166901,0.23904625336522853,1.7342894790031644,0.23890841855257422,-0.26040574342991196,0.6138592134091202
507601.588669953,PLAYBACK,4.428305607987568,0.0033056079992093146,-0.6312332341496916,0.1946829938200949,0.22997528038452764,1.738336919203478,0.2638379039444093,-0.2364966811627358,0.6293151750972772,-0.6086185854969519,0.20600307394673703,0.23936026828517748,1.7341952434875838,0.23726704458210007,-0.26248368677733797,0.6130399301003948
507601.597592163,PLAYBACK,4.435824916989077,0.000824916991405189,-0.6293151750972772,0.1950666056305792,0.23035889219501016,1.738336919203478,0.26191984489199494,-0.23803112840466767,0.6281643396658279,-0.608305981500908,0.20627272179823522,0.23963174935846873,1.7341144734954046,0.23579977162388704,-0.2643516028258017,0.6123270680681165
507601.607417473,PLAYBACK,4.44603096001083,0.0010309600038453937,-0.6270135042343785,0.19545021744106172,0.2315097276264595,1.738336919203478,0.2588509504081312,-0.23994918745708382,0.6273971160448628,-0.6079275183024319,0.2066292853451269,0.2399784893607448,1.7340124686468046,0.23386052218204612,-0.26683383581774495,0.6114111357646403
507601.610920989,PLAYBACK,4.450003269012086,3.269000444561243e-06,-0.6262462806134135,0.19545021744106172,0.23189333943694201,1.738336919203478,0.2588509504081312,-0.24110002288853138,0.626629892423896,-0.6077934318228156,0.20676480810484707,0.24010693808635591,1.733975055752506,0.23312357735919761,-0.2677808001760972,0.6110704346513136
507601.619832219,PLAYBACK,4.4585329740075395,0.003532973991241306,-0.6247118333714816,0.19583382925154424,0.2322769512474263,1.738336919203478,0.25693289135571684,-0.24263447013046324,0.6262462806134135,-0.6075284553334224,0.2070491730531739,0.24037099066864598,1.7338988538100895,0.23157723714864198,-0.26977385263177406,0.6103679415498912
507601.628744481,PLAYBACK,4.467372826009523,0.0023728259839117527,-0.6235609979400323,0.19621744106202677,0.23304417486839135,1.738336919203478,0.25463122049281817,-0.2445525291828794,0.6250954451819641,-0.6072841668048875,0.20733387466881678,0.24062848862717065,1.7338255386886374,0.23002878399927834,-0.2717771977391394,0.609680440546321
507601.638000083,PLAYBACK,4.475986874022055,0.0009868740453384817,-0.6227937743190672,0.19660105287251106,0.23381139848935817,1.738336919203478,0.2527131614404038,-0.24647058823529377,0.6247118333714816,-0.6070727336477659,0.2076011795389917,0.24086453259930538,1.7337592700985827,0.2285744625658886,-0.27366506293678866,0.609048387456072
507601.646813665,PLAYBACK,4.485067780013196,6.778002716600895e-05,-0.6220265506981004,0.19736827649347788,0.23381139848935817,1.7387205310139606,0.2507951023879894,-0.24800503547722563,0.6239446097505148,-0.6068751899358593,0.20787198826484235,0.24109847954351116,1.733694540014837,0.22710041138951942,-0.2755842608444285,0.6084204767406856
507601.651470452,PLAYBACK,4.490059631993063,5.9632002376019955e-05,-0.6212593270771354,0.19736827649347788,0.2341950102998407,1.7387205310139606,0.24964426695654005,-0.24877225909819067,0.6235609979400323,-0.6067766192655916,0.2080160432659839,0.2412209362008492,1.7336610549009508,0.22631597172901688,-0.2766077845779999,0.6080913014336208
507601.655606236,PLAYBACK,4.495061494002584,6.149400724098086e-05,-0.6212593270771354,0.1977518883039604,0.2341950102998407,1.7387205310139606,0.24772620790412567,-0.2495394827191575,0.6231773861295498,-0.6066843977997167,0.20815697995281787,0.24133947368451392,1.7336289116481431,0.22554826636547892,-0.27761087027579845,0.6077723739257143
507601.664522746,PLAYBACK,4.503068852995057,0.003068852995056659,-0.6208757152666529,0.19813550011444292,0.2341950102998407,1.7387205310139606,0.24695898428316063,-0.25145754177157187,0.6224101625085829,-0.6065493559931217,0.20837556477798955,0.24152094838178575,1.7335802344667344,0.22435707459725684,-0.279169892977123,0.6072836357848972
507601.673566781,PLAYBACK,4.511761310975999,0.0017613109666854143,-0.6204921034561686,0.19851911192492544,0.2345786221103232,1.738336919203478,0.24504092523074447,-0.25337560082398625,0.6216429388876179,-0.6064186986055744,0.20860318707543382,0.2417070166501378,1.733531019551406,0.22311589586465186,-0.2807975383652114,0.6067820293955748
507601.682475586,PLAYBACK,4.52119500702247,0.0011950070038437843,-0.620108491645686,0.19890272373540974,0.2345786221103232,1.7387205310139606,0.24350647798881261,-0.2552936598764006,0.6204921034561686,-0.6062936202174852,0.2088390723740161,0.24189688271697768,1.7334815552797709,0.22182880084001974,-0.28248864600580115,0.6062697860828776
507601.691784511,PLAYBACK,4.530058404023293,5.840399535372853e-05,-0.620108491645686,0.19928633554589226,0.23496223392080573,1.738336919203478,0.24197203074688076,-0.257211718928815,0.6197248798352035,-0.6061901751472483,0.20905037047902364,0.24206454103706984,1.7334385349634718,0.2206750709176255,-0.284007179243384,0.6058172195595198
507601.695947087,PLAYBACK,4.535374241007958,0.0003742410335689783,-0.620108491645686,0.19966994735637478,0.23534584573129003,1.738336919203478,0.24120480712591572,-0.2579789425497818,0.619341268024721,-0.6061340240842291,0.20917239937494647,0.24216037293965392,1.7334142306701235,0.2200084104278684,-0.28488572425058123,0.6055584704256796
507601.700407897,PLAYBACK,4.540054242999759,5.4243020713329315e-05,-0.620108491645686,0.19966994735637478,0.23534584573129003,1.738336919203478,0.24005397169446638,-0.25874616617074686,0.6189576562142367,-0.6060879533759038,0.20927697096602746,0.24224193511279052,1.7333937129000618,0.21943690560427184,-0.28563948386943305,0.6053382266840455
507601.709241857,PLAYBACK,4.54710409801919,0.0021040980354882777,-0.620108491645686,0.19966994735637478,0.23572945754177255,1.7379533073929956,0.23928674807350134,-0.26104783703364554,0.6181904325932717,-0.6060240750472067,0.20942953330752642,0.24236002546252183,1.7333642849970965,0.21860275330601542,-0.2867406384658125,0.6050193282013495
507601.718059216,PLAYBACK,4.556130649987608,0.0011306499945931137,-0.620108491645686,0.2000535591668573,0.23611306935225507,1.7379533073929956,0.23775230083156948,-0.2629658960860599,0.6174232089723048,-0.6059511479859667,0.20961639522272824,0.24250324564870235,1.7333290502727867,0.21758044551789216,-0.2880917274143794,0.6046325810594063
507601.726946169,PLAYBACK,4.565054002974648,5.4002972319722176e-05,-0.620108491645686,0.2000535591668573,0.23611306935225507,1.7379533073929956,0.23621785358963762,-0.2648839551384743,0.6166559853513398,-0.6058878449944516,0.20979209948070374,0.24263652809148684,1.7332967260576146,0.21661852868690107,-0.2893645170778084,0.6042727319769683
507601.73107028,PLAYBACK,4.570087294967379,8.729496039450169e-05,-0.620108491645686,0.2004371709773416,0.2364966811627376,1.7379533073929956,0.2354506299686708,-0.2656511787594411,0.6162723735408573,-0.6058556325351818,0.2098873882695967,0.24270826131272288,1.733279521501567,0.21609658149416627,-0.2900557464971931,0.6040791025892271
507601.73996621,PLAYBACK,4.576041390013415,0.0010413900017738342,-0.620108491645686,0.2004371709773416,0.2364966811627376,1.7379533073929956,0.23429979453722324,-0.2675692378118555,0.6155051499198905,-0.6058205150507943,0.20999665843989196,0.24279005306065415,1.7332600735848118,0.21549780417999917,-0.29084923267403745,0.6038583717886793
507601.748746638,PLAYBACK,4.587546925002243,0.002546924981288612,-0.620108491645686,0.20082078278782411,0.2364966811627376,1.737569695582513,0.2331489591057739,-0.26910368505378734,0.6143543144884411,-0.6057609835425964,0.2101975230878712,0.24293913423710578,1.7332251012816122,0.21439640204289934,-0.2923101700809141,0.6034562185895489
507601.753560719,PLAYBACK,4.595066545007285,6.654503522440791e-05,-0.620108491645686,0.20082078278782411,0.2368802929732201,1.737569695582513,0.23123090005335953,-0.2706381322957192,0.6132034790569936,-0.6057273866956465,0.21032167511641214,0.24303047930944854,1.7332039822549614,0.2137151720582144,-0.2932146467580291,0.6032099422453701
507601.762662836,PLAYBACK,4.601118738995865,0.0011187390191480517,-0.620108491645686,0.20082078278782411,0.2372639047837044,1.737569695582513,0.230847288242877,-0.27178896772716854,0.6128198672465093,-0.6057030673368362,0.21041760788857633,0.24310065599267117,1.7331879192280202,0.21318853581261427,-0.29391430843383565,0.6030208159760313
507601.771492979,PLAYBACK,4.610215535969473,0.0002155359834432602,-0.620108491645686,0.20082078278782411,0.2368802929732201,1.7371860837720305,0.22931284100094515,-0.2733234149691004,0.6120526436255442,-0.6056706341615411,0.2105552622357619,0.24320074918294193,1.733165255108767,0.21243248256911199,-0.2949194163931534,0.6027511946164893
507601.775544401,PLAYBACK,4.615065035002772,6.503501208499074e-05,-0.620108491645686,0.20120439459830664,0.2372639047837044,1.7371860837720305,0.22892922919046085,-0.27409063859006544,0.6112854200045792,-0.6056551926916689,0.21062551860713394,0.24325156483773114,1.7331538618738975,0.21204643030749679,-0.29543293249567837,0.602614376536924
507601.784425242,PLAYBACK,4.62285627698293,0.0028562769875861704,-0.620108491645686,0.20082078278782411,0.2372639047837044,1.7371860837720305,0.227394781948529,-0.2760086976424798,0.6109018081940949,-0.6056328340605762,0.21073400490035443,0.24332967475080428,1.733136502332073,0.21145006648809428,-0.29622658564756993,0.6024041650991842
507601.793563178,PLAYBACK,4.632075119006913,0.0020751190022565424,-0.6197248798352035,0.20120439459830664,0.2372639047837044,1.7371860837720305,0.22662755832756395,-0.2775431448844117,0.6101345845731299,-0.6056099495209459,0.21085572983147727,0.2434167939692373,1.7331173715933357,0.21078055776200408,-0.2971181462985113,0.602169864039419
507601.802352873,PLAYBACK,4.641710233001504,0.0017102329875342548,-0.6197248798352035,0.20120439459830664,0.23764751659418692,1.7371860837720305,0.2250931110856321,-0.27907759212634353,0.609367360952163,-0.6055897758103269,0.21097583395039335,0.243502192830258,1.733098876725739,0.2101195412272212,-0.29799900277276076,0.601940384684159
507601.806501292,PLAYBACK,4.645154836005531,0.00015483598690479994,-0.6197248798352035,0.20120439459830664,0.23764751659418692,1.7371860837720305,0.22470949927514958,-0.27984481574731035,0.6089837491416805,-0.6055834224185881,0.21101713135037875,0.24353142330361163,1.7330926101077602,0.2098921466882326,-0.2983021677929921,0.6018618904614834
507601.815813944,PLAYBACK,4.650065632013138,6.563198985531926e-05,-0.6197248798352035,0.20120439459830664,0.23803112840466945,1.7368024719615462,0.22432588746466528,-0.2806120393682754,0.608600137331198,-0.6055751014254642,0.2110746008259208,0.24357198273604241,1.7330839725282856,0.20957560697737115,-0.2987243087686016,0.6017530242506777
507601.81971192,PLAYBACK,4.660057452972978,5.74529985897243e-05,-0.6197248798352035,0.20158800640878916,0.23803112840466945,1.7368024719615462,0.22279144022273342,-0.28214648661020725,0.6078329137102312,-0.6055606911376266,0.21118670920707383,0.24365069685877416,1.73306741443777,0.20895776858965665,-0.29954870231797137,0.6015419340675011
507601.829196965,PLAYBACK,4.667128839006182,0.0021288390271365643,-0.619341268024721,0.20158800640878916,0.23803112840466945,1.7368024719615462,0.2224078284122509,-0.2832973220416566,0.6070656900892661,-0.605552392555461,0.21126234940363028,0.2437034918185354,1.7330564713174434,0.2085406286851838,-0.30010563669474116,0.6014005088875907
507601.838373144,PLAYBACK,4.676435019006021,0.001435019017662853,-0.619341268024721,0.20197161821927345,0.23841474021515197,1.7368024719615462,0.22125699298080334,-0.28483176928358844,0.6062984664682993,-0.6055436559867711,0.2113573661231111,0.2437694442693232,1.733042996931547,0.20801628968215669,-0.30080608803757286,0.6012240362326136
507601.847046306,PLAYBACK,4.685445058974437,0.00044505897676572204,-0.6189576562142367,0.20197161821927345,0.23841474021515197,1.7368024719615462,0.22048976935983652,-0.285982604715036,0.6059148546578168,-0.6055373254372102,0.2114443598946952,0.24382946942706676,1.7330309298756361,0.2075358795972643,-0.30144823888649164,0.6010636297466198
507601.851765292,PLAYBACK,4.690058724023402,5.8724021073430777e-05,-0.6189576562142367,0.20197161821927345,0.23879835202563626,1.7368024719615462,0.21972254573887148,-0.2863662165255203,0.6055312428473343,-0.6055348075888026,0.21148689730722411,0.24385869701298782,1.7330251229766351,0.20730085175788207,-0.30176252528489567,0.6009855985537965
507601.860907747,PLAYBACK,4.7006189079838805,0.005618907976895571,-0.6189576562142367,0.20235523002975597,0.23879835202563626,1.7360352483405812,0.21857171030742215,-0.28790066376745216,0.6051476310368518,-0.6055306459503655,0.2115786972652102,0.24392150453881933,1.733012797532315,0.2067933671235672,-0.3024414353399524,0.6008180856999698
507601.869489773,PLAYBACK,4.707664565008599,0.002664564992301166,-0.6185740444037542,0.20235523002975597,0.23918196383611878,1.7360352483405812,0.21818809849693963,-0.2886678873884172,0.604380407415885,-0.6055289325154856,0.21163525235320274,0.243960020085653,1.7330053424309746,0.20648053814730893,-0.302860125832056,0.6007154780593996
507601.878252868,PLAYBACK,4.7167514730244875,0.0017514729988761246,-0.6181904325932717,0.2027388418402385,0.2395655756466013,1.7360352483405812,0.2170372630654903,-0.2890514991988997,0.6039967956054024,-0.6055277290720256,0.21170205031317194,0.24400534080124942,1.7329966706868447,0.20611087227305985,-0.3033550680831197,0.600594856988076
507601.886993108,PLAYBACK,4.725065812992398,6.581301568076015e-05,-0.6178068207827891,0.2027388418402385,0.2395655756466013,1.7356516365300987,0.21627003944452347,-0.28981872281986654,0.6032295719844356,-0.6055274009795324,0.21175657251488095,0.244042197696303,1.7329896992778886,0.20580899680964343,-0.30375938972399713,0.6004968572224625
507601.891418089,PLAYBACK,4.73006319697015,6.319698877632618e-05,-0.6170395971618223,0.203122453650721,0.23994918745708382,1.7360352483405812,0.21550281582355843,-0.29020233463034906,0.6028459601739531,-0.6055274703532673,0.21178610519533866,0.24406211104211042,1.7329859634742286,0.20564542671193084,-0.303978523650021,0.6004439457482396
507601.895694563,PLAYBACK,4.735061100975145,6.110098911449313e-05,-0.6170395971618223,0.203122453650721,0.23994918745708382,1.7352680247196144,0.2151192040130759,-0.2909695582513159,0.6028459601739531,-0.6055276885113711,0.21181310407119094,0.24408028430523607,1.7329825734882893,0.20549585553367916,-0.3041789367688711,0.6003956811676292
507601.904293612,PLAYBACK,4.742899463977665,0.002899463986977935,-0.6166559853513398,0.203122453650721,0.24033279926756812,1.7352680247196144,0.2143519803921091,-0.2917367818722809,0.6024623483634706,-0.6055282370979753,0.21185018786651258,0.24410519526578645,1.7329779579781837,0.20529035841294188,-0.30445433962198226,0.6003295607232559
507601.913215913,PLAYBACK,4.753517880977597,0.0035178809775970876,-0.615888761730373,0.2035060654612053,0.24071641107805064,1.7348844129091319,0.21320114496065976,-0.29288761730373025,0.602078736552988,-0.6055291699543335,0.2118900049069532,0.2441318728193697,1.7329730586270646,0.20506963653906127,-0.30475021984212475,0.6002588049007826
507601.922576287,PLAYBACK,4.7604443689924665,0.0004443689831532538,-0.615121538109408,0.2035060654612053,0.24110002288853316,1.7348844129091319,0.21281753315017723,-0.2932712291142128,0.6016951247425055,-0.6055297759481971,0.21190958464058895,0.2441449617467089,1.7329706735732875,0.20496106417556317,-0.3048957935886421,0.6002241130968334
507601.931167761,PLAYBACK,4.770054975000676,5.497498204931617e-05,-0.6139707026779586,0.2035060654612053,0.24110002288853316,1.7348844129091319,0.2120503095292122,-0.2940384527351778,0.6013115129320212,-0.6055304878625634,0.21192884784633687,0.24415781600379358,1.7329683460921956,0.20485422000349832,-0.30503907453569234,0.6001900620739867
507601.935616127,PLAYBACK,4.775054312020075,5.4311996791511774e-05,-0.6135870908674761,0.20388967727168783,0.24110002288853316,1.7345008010986493,0.21166669771872967,-0.29480567635614463,0.6009279011215387,-0.6055307695292798,0.2119355456748896,0.24416227866683562,1.7329675424410957,0.2048170621924597,-0.30508891131433297,0.6001782460779096
507601.944690691,PLAYBACK,4.780282279010862,0.0002822789829224348,-0.6132034790569936,0.20388967727168783,0.24148363469901568,1.7341171892881668,0.21128308590824538,-0.29518928816662715,0.6009279011215387,-0.6055309896409656,0.21194041796770316,0.2441655219997716,1.732966960335942,0.20479002837569196,-0.3051251727601542,0.6001696611037322
507601.948495928,PLAYBACK,4.79007000598358,7.000600453466177e-05,-0.6124362554360268,0.20388967727168783,0.24148363469901568,1.7341171892881668,0.21051586228728034,-0.29595651178759397,0.6005442893110562,-0.6055312056999421,0.21194482861239167,0.24416845472654936,1.7329664361549078,0.20476555199915852,-0.3051580072955588,0.6001619011382232
507601.957499886,PLAYBACK,4.796025855001062,0.0010258550173602998,-0.6112854200045792,0.20388967727168783,0.24148363469901568,1.7337335774776825,0.21013225047679782,-0.2963401235980765,0.6005442893110562,-0.6055312402723317,0.21194547883934414,0.2441688865436604,1.732966359327905,0.20476194298492492,-0.305162849270843,0.6001607590214795
507601.966179139,PLAYBACK,4.8,0.0011439989903010428,-0.6105181963836124,0.20427328908217035,0.24186724650949998,1.7333499656672,0.209365026855831,-0.296723735408559,0.6001606775005737,-0.6055312428473343,0.21194552529182964,0.24416891737239688,1.7329663538567175,0.20476168513003543,-0.30516319523918334,0.6001606775005737
507601.966495989,ENDPOINT SOFT HOLD,0,0,-0.6101345845731299,0.20427328908217035,0.24186724650949998,1.7333499656672,0.209365026855831,-0.29710734721904153,0.5997770656900894,-0.6055312428473343,0.21194552529182964,0.24416891737239688,1.7329663538567175,0.20476168513003543,-0.30516319523918334,0.6001606775005737
507601.987145993,ENDPOINT SOFT HOLD,0,0,-0.6082165255207155,0.20465690089265287,0.24186724650949998,1.7333499656672,0.20821419142438166,-0.29825818265049087,0.5993934538796069,-0.6055312428473343,0.21194552529182964,0.24416891737239688,1.7329663538567175,0.20476168513003543,-0.30516319523918334,0.6001606775005737
507602.0091422,ENDPOINT SOFT HOLD,0,0,-0.6055312428473343,0.20504051270313717,0.2422508583199825,1.7333499656672,0.2070633559929341,-0.2990254062714577,0.5993934538796069,-0.6055312428473343,0.21194552529182964,0.24416891737239688,1.7329663538567175,0.20476168513003543,-0.30516319523918334,0.6001606775005737
507602.03125964,ENDPOINT SOFT HOLD,0,0,-0.604380407415885,0.20504051270313717,0.2422508583199825,1.7333499656672,0.2066797441824498,-0.2997926298924227,0.5993934538796069,-0.6055312428473343,0.21194552529182964,0.24416891737239688,1.7329663538567175,0.20476168513003543,-0.30516319523918334,0.6001606775005737
507602.051792869,ENDPOINT SOFT HOLD,0,0,-0.6024623483634706,0.2054241245136197,0.24263447013046502,1.7329663538567175,0.20591252056148476,-0.30094346532387206,0.5990098420691243,-0.6055312428473343,0.21194552529182964,0.24416891737239688,1.7329663538567175,0.20476168513003543,-0.30516319523918334,0.6001606775005737
507602.073224939,ENDPOINT SOFT HOLD,0,0,-0.6013115129320212,0.20619134813458473,0.24301808194094754,1.7329663538567175,0.20552890875100224,-0.3017106889448371,0.5990098420691243,-0.6055312428473343,0.21194552529182964,0.24416891737239688,1.7329663538567175,0.20476168513003543,-0.30516319523918334,0.6001606775005737
507602.094244925,ENDPOINT SOFT HOLD,0,0,-0.6009279011215387,0.20695857175555155,0.24301808194094754,1.7329663538567175,0.20552890875100224,-0.3020943007553214,0.5990098420691243,-0.6055312428473343,0.21194552529182964,0.24416891737239688,1.7329663538567175,0.20476168513003543,-0.30516319523918334,0.6001606775005737
507602.115049977,ENDPOINT SOFT HOLD,0,0,-0.6009279011215387,0.20734218356603407,0.24301808194094754,1.7329663538567175,0.20552890875100224,-0.30286152437628644,0.5990098420691243,-0.6055312428473343,0.21194552529182964,0.24416891737239688,1.7329663538567175,0.20476168513003543,-0.30516319523918334,0.6001606775005737
507602.136354231,ENDPOINT SOFT HOLD,0,0,-0.6009279011215387,0.2077257953765166,0.24340169375143184,1.7329663538567175,0.20514529694051795,-0.30324513618676896,0.5990098420691243,-0.6055312428473343,0.21194552529182964,0.24416891737239688,1.7329663538567175,0.20476168513003543,-0.30516319523918334,0.6001606775005737
507602.157383075,ENDPOINT SOFT HOLD,0,0,-0.6013115129320212,0.2084930189974834,0.24340169375143184,1.732582742046235,0.20514529694051795,-0.3036287479972515,0.5990098420691243,-0.6055312428473343,0.21194552529182964,0.24416891737239688,1.7329663538567175,0.20476168513003543,-0.30516319523918334,0.6001606775005737
507602.17851163,ENDPOINT SOFT HOLD,0,0,-0.6013115129320212,0.20887663080796592,0.24340169375143184,1.732582742046235,0.20476168513003543,-0.3040123598077358,0.5986262302586418,-0.6055312428473343,0.21194552529182964,0.24416891737239688,1.7329663538567175,0.20476168513003543,-0.30516319523918334,0.6001606775005737
507602.199115956,ENDPOINT SOFT HOLD,0,0,-0.6013115129320212,0.20887663080796592,0.24340169375143184,1.732582742046235,0.20476168513003543,-0.3040123598077358,0.5990098420691243,-0.6055312428473343,0.21194552529182964,0.24416891737239688,1.7329663538567175,0.20476168513003543,-0.30516319523918334,0.6001606775005737
507602.220580408,ENDPOINT SOFT HOLD,0,0,-0.6013115129320212,0.20964385442893096,0.24340169375143184,1.7321991302357507,0.20476168513003543,-0.3040123598077358,0.5986262302586418,-0.6055312428473343,0.21194552529182964,0.24416891737239688,1.7329663538567175,0.20476168513003543,-0.30516319523918334,0.6001606775005737
507602.241940339,ENDPOINT SOFT HOLD,0,0,-0.6013115129320212,0.21041107804989778,0.24340169375143184,1.732582742046235,0.20476168513003543,-0.3043959716182183,0.5990098420691243,-0.6055312428473343,0.21194552529182964,0.24416891737239688,1.7329663538567175,0.20476168513003543,-0.30516319523918334,0.6001606775005737
507602.262973761,ENDPOINT SOFT HOLD,0,0,-0.6013115129320212,0.2107946898603803,0.24340169375143184,1.732582742046235,0.2043780733195529,-0.3043959716182183,0.5990098420691243,-0.6055312428473343,0.21194552529182964,0.24416891737239688,1.7329663538567175,0.20476168513003543,-0.30516319523918334,0.6001606775005737
507602.284746066,ENDPOINT SOFT HOLD,0,0,-0.6013115129320212,0.21117830167086282,0.24378530556191436,1.732582742046235,0.20476168513003543,-0.3047795834287008,0.5990098420691243,-0.6055312428473343,0.21194552529182964,0.24416891737239688,1.7329663538567175,0.20476168513003543,-0.30516319523918334,0.6001606775005737
507602.30475729,ENDPOINT SOFT HOLD,0,0,-0.6013115129320212,0.21194552529182964,0.24340169375143184,1.732582742046235,0.20476168513003543,-0.3047795834287008,0.5990098420691243,-0.6055312428473343,0.21194552529182964,0.24416891737239688,1.7329663538567175,0.20476168513003543,-0.30516319523918334,0.6001606775005737
507602.325923358,ENDPOINT SOFT HOLD,0,0,-0.6013115129320212,0.21232913710231216,0.24340169375143184,1.732582742046235,0.2043780733195529,-0.3047795834287008,0.5990098420691243,-0.6055312428473343,0.21194552529182964,0.24416891737239688,1.7329663538567175,0.20476168513003543,-0.30516319523918334,0.6001606775005737
507602.347774274,ENDPOINT SOFT HOLD,0,0,-0.6013115129320212,0.21271274891279468,0.24340169375143184,1.732582742046235,0.2043780733195529,-0.3047795834287008,0.5990098420691243,-0.6055312428473343,0.21194552529182964,0.24416891737239688,1.7329663538567175,0.20476168513003543,-0.30516319523918334,0.6001606775005737
507602.368593464,ENDPOINT SOFT HOLD,0,0,-0.6013115129320212,0.21309636072327898,0.24340169375143184,1.732582742046235,0.2043780733195529,-0.3047795834287008,0.5990098420691243,-0.6055312428473343,0.21194552529182964,0.24416891737239688,1.7329663538567175,0.20476168513003543,-0.30516319523918334,0.6001606775005737
507602.388810364,ENDPOINT SOFT HOLD,0,0,-0.6013115129320212,0.2134799725337615,0.24378530556191436,1.732582742046235,0.2043780733195529,-0.3047795834287008,0.5990098420691243,-0.6055312428473343,0.21194552529182964,0.24416891737239688,1.7329663538567175,0.20476168513003543,-0.30516319523918334,0.6001606775005737
507602.408833321,ENDPOINT SOFT HOLD,0,0,-0.6013115129320212,0.2134799725337615,0.24416891737239688,1.732582742046235,0.2043780733195529,-0.3047795834287008,0.5990098420691243,-0.6055312428473343,0.21194552529182964,0.24416891737239688,1.7329663538567175,0.20476168513003543,-0.30516319523918334,0.6001606775005737
507602.430721098,ENDPOINT SOFT HOLD,0,0,-0.6013115129320212,0.21386358434424402,0.24416891737239688,1.732582742046235,0.20476168513003543,-0.3047795834287008,0.5990098420691243,-0.6055312428473343,0.21194552529182964,0.24416891737239688,1.7329663538567175,0.20476168513003543,-0.30516319523918334,0.6001606775005737
507602.452039469,ENDPOINT SOFT HOLD,0,0,-0.6013115129320212,0.21386358434424402,0.24416891737239688,1.732582742046235,0.20476168513003543,-0.3047795834287008,0.5990098420691243,-0.6055312428473343,0.21194552529182964,0.24416891737239688,1.7329663538567175,0.20476168513003543,-0.30516319523918334,0.6001606775005737
507602.473556282,ENDPOINT SOFT HOLD,0,0,-0.6013115129320212,0.21386358434424402,0.24416891737239688,1.732582742046235,0.20476168513003543,-0.3047795834287008,0.5990098420691243,-0.6055312428473343,0.21194552529182964,0.24416891737239688,1.7329663538567175,0.20476168513003543,-0.30516319523918334,0.6001606775005737
507602.494656092,ENDPOINT SOFT HOLD,0,0,-0.6013115129320212,0.21386358434424402,0.24416891737239688,1.7321991302357507,0.20476168513003543,-0.3047795834287008,0.5990098420691243,-0.6055312428473343,0.21194552529182964,0.24416891737239688,1.7329663538567175,0.20476168513003543,-0.30516319523918334,0.6001606775005737
507602.516404491,ENDPOINT SOFT HOLD,0,0,-0.6013115129320212,0.21424719615472654,0.24416891737239688,1.732582742046235,0.20476168513003543,-0.30516319523918334,0.5990098420691243,-0.6055312428473343,0.21194552529182964,0.24416891737239688,1.7329663538567175,0.20476168513003543,-0.30516319523918334,0.6001606775005737
507602.537044366,ENDPOINT SOFT HOLD,0,0,-0.6016951247425055,0.21386358434424402,0.24416891737239688,1.7321991302357507,0.20476168513003543,-0.3047795834287008,0.5993934538796069,-0.6055312428473343,0.21194552529182964,0.24416891737239688,1.7329663538567175,0.20476168513003543,-0.30516319523918334,0.6001606775005737
507602.55823971,ENDPOINT SOFT HOLD,0,0,-0.6016951247425055,0.21424719615472654,0.24416891737239688,1.732582742046235,0.2043780733195529,-0.30516319523918334,0.5993934538796069,-0.6055312428473343,0.21194552529182964,0.24416891737239688,1.7329663538567175,0.20476168513003543,-0.30516319523918334,0.6001606775005737
507602.578320848,ENDPOINT SOFT HOLD,0,0,-0.6016951247425055,0.21424719615472654,0.24416891737239688,1.732582742046235,0.2043780733195529,-0.30516319523918334,0.5990098420691243,-0.6055312428473343,0.21194552529182964,0.24416891737239688,1.7329663538567175,0.20476168513003543,-0.30516319523918334,0.6001606775005737
507602.599751405,ENDPOINT SOFT HOLD,0,0,-0.6016951247425055,0.21424719615472654,0.24416891737239688,1.7321991302357507,0.2043780733195529,-0.30516319523918334,0.5990098420691243,-0.6055312428473343,0.21194552529182964,0.24416891737239688,1.7329663538567175,0.20476168513003543,-0.30516319523918334,0.6001606775005737
507602.621916176,ENDPOINT SOFT HOLD,0,0,-0.6016951247425055,0.21424719615472654,0.24416891737239688,1.732582742046235,0.20476168513003543,-0.30516319523918334,0.5993934538796069,-0.6055312428473343,0.21194552529182964,0.24416891737239688,1.7329663538567175,0.20476168513003543,-0.30516319523918334,0.6001606775005737
507602.64228586,ENDPOINT SOFT HOLD,0,0,-0.6016951247425055,0.21424719615472654,0.24416891737239688,1.7321991302357507,0.20476168513003543,-0.30516319523918334,0.5993934538796069,-0.6055312428473343,0.21194552529182964,0.24416891737239688,1.7329663538567175,0.20476168513003543,-0.30516319523918334,0.6001606775005737
507602.664503252,ENDPOINT SOFT HOLD,0,0,-0.6016951247425055,0.21424719615472654,0.24416891737239688,1.7321991302357507,0.20476168513003543,-0.30516319523918334,0.5993934538796069,-0.6055312428473343,0.21194552529182964,0.24416891737239688,1.7329663538567175,0.20476168513003543,-0.30516319523918334,0.6001606775005737
507602.686831909,ENDPOINT SOFT HOLD,0,0,-0.6016951247425055,0.21424719615472654,0.24416891737239688,1.7321991302357507,0.20476168513003543,-0.30554680704966763,0.5993934538796069,-0.6055312428473343,0.21194552529182964,0.24416891737239688,1.7329663538567175,0.20476168513003543,-0.30516319523918334,0.6001606775005737
507602.707415956,ENDPOINT SOFT HOLD,0,0,-0.6016951247425055,0.21424719615472654,0.2445525291828794,1.732582742046235,0.20476168513003543,-0.30554680704966763,0.5993934538796069,-0.6055312428473343,0.21194552529182964,0.24416891737239688,1.7329663538567175,0.20476168513003543,-0.30516319523918334,0.6001606775005737
507602.729013815,ENDPOINT SOFT HOLD,0,0,-0.602078736552988,0.21424719615472654,0.2445525291828794,1.7321991302357507,0.20476168513003543,-0.30554680704966763,0.5993934538796069,-0.6055312428473343,0.21194552529182964,0.24416891737239688,1.7329663538567175,0.20476168513003543,-0.30516319523918334,0.6001606775005737
507602.751869927,ENDPOINT SOFT HOLD,0,0,-0.602078736552988,0.21386358434424402,0.2445525291828794,1.7321991302357507,0.20476168513003543,-0.30516319523918334,0.5993934538796069,-0.6055312428473343,0.21194552529182964,0.24416891737239688,1.7329663538567175,0.20476168513003543,-0.30516319523918334,0.6001606775005737
507602.774512458,ENDPOINT SOFT HOLD,0,0,-0.602078736552988,0.21386358434424402,0.2445525291828794,1.732582742046235,0.20476168513003543,-0.30554680704966763,0.5993934538796069,-0.6055312428473343,0.21194552529182964,0.24416891737239688,1.7329663538567175,0.20476168513003543,-0.30516319523918334,0.6001606775005737
507602.795094441,ENDPOINT SOFT HOLD,0,0,-0.602078736552988,0.21424719615472654,0.2445525291828794,1.732582742046235,0.20476168513003543,-0.30554680704966763,0.5993934538796069,-0.6055312428473343,0.21194552529182964,0.24416891737239688,1.7329663538567175,0.20476168513003543,-0.30516319523918334,0.6001606775005737
507602.815583174,ENDPOINT SOFT HOLD,0,0,-0.6024623483634706,0.21424719615472654,0.2445525291828794,1.732582742046235,0.2043780733195529,-0.30516319523918334,0.5993934538796069,-0.6055312428473343,0.21194552529182964,0.24416891737239688,1.7329663538567175,0.20476168513003543,-0.30516319523918334,0.6001606775005737
507602.836156811,ENDPOINT SOFT HOLD,0,0,-0.6024623483634706,0.21386358434424402,0.24416891737239688,1.732582742046235,0.20476168513003543,-0.30516319523918334,0.5993934538796069,-0.6055312428473343,0.21194552529182964,0.24416891737239688,1.7329663538567175,0.20476168513003543,-0.30516319523918334,0.6001606775005737
507602.857576848,ENDPOINT SOFT HOLD,0,0,-0.6024623483634706,0.21386358434424402,0.2445525291828794,1.732582742046235,0.20476168513003543,-0.30516319523918334,0.5993934538796069,-0.6055312428473343,0.21194552529182964,0.24416891737239688,1.7329663538567175,0.20476168513003543,-0.30516319523918334,0.6001606775005737
507602.878979351,ENDPOINT SOFT HOLD,0,0,-0.6024623483634706,0.21424719615472654,0.2445525291828794,1.732582742046235,0.20476168513003543,-0.30554680704966763,0.5993934538796069,-0.6055312428473343,0.21194552529182964,0.24416891737239688,1.7329663538567175,0.20476168513003543,-0.30516319523918334,0.6001606775005737
507602.900818975,ENDPOINT SOFT HOLD,0,0,-0.6024623483634706,0.21386358434424402,0.2445525291828794,1.7321991302357507,0.20476168513003543,-0.30516319523918334,0.5993934538796069,-0.6055312428473343,0.21194552529182964,0.24416891737239688,1.7329663538567175,0.20476168513003543,-0.30516319523918334,0.6001606775005737
507602.923209871,ENDPOINT SOFT HOLD,0,0,-0.6024623483634706,0.21386358434424402,0.2445525291828794,1.732582742046235,0.20476168513003543,-0.30516319523918334,0.5997770656900894,-0.6055312428473343,0.21194552529182964,0.24416891737239688,1.7329663538567175,0.20476168513003543,-0.30516319523918334,0.6001606775005737
507602.943791874,ENDPOINT SOFT HOLD,0,0,-0.6028459601739531,0.21424719615472654,0.24416891737239688,1.732582742046235,0.20476168513003543,-0.30516319523918334,0.5997770656900894,-0.6055312428473343,0.21194552529182964,0.24416891737239688,1.7329663538567175,0.20476168513003543,-0.30516319523918334,0.6001606775005737
507602.964212747,ENDPOINT SOFT HOLD,0,0,-0.6028459601739531,0.21386358434424402,0.2445525291828794,1.732582742046235,0.20476168513003543,-0.30516319523918334,0.5997770656900894,-0.6055312428473343,0.21194552529182964,0.24416891737239688,1.7329663538567175,0.20476168513003543,-0.30516319523918334,0.6001606775005737
507602.985719651,ENDPOINT SOFT HOLD,0,0,-0.6028459601739531,0.21386358434424402,0.24416891737239688,1.732582742046235,0.20476168513003543,-0.30516319523918334,0.5997770656900894,-0.6055312428473343,0.21194552529182964,0.24416891737239688,1.7329663538567175,0.20476168513003543,-0.30516319523918334,0.6001606775005737
507603.006698629,ENDPOINT SOFT HOLD,0,0,-0.6028459601739531,0.21386358434424402,0.24416891737239688,1.732582742046235,0.20476168513003543,-0.30516319523918334,0.5997770656900894,-0.6055312428473343,0.21194552529182964,0.24416891737239688,1.7329663538567175,0.20476168513003543,-0.30516319523918334,0.6001606775005737
507603.028424765,ENDPOINT SOFT HOLD,0,0,-0.6028459601739531,0.21386358434424402,0.24416891737239688,1.732582742046235,0.20476168513003543,-0.30516319523918334,0.5997770656900894,-0.6055312428473343,0.21194552529182964,0.24416891737239688,1.7329663538567175,0.20476168513003543,-0.30516319523918334,0.6001606775005737
507603.04894553,ENDPOINT SOFT HOLD,0,0,-0.6028459601739531,0.21386358434424402,0.24416891737239688,1.732582742046235,0.20476168513003543,-0.30516319523918334,0.5997770656900894,-0.6055312428473343,0.21194552529182964,0.24416891737239688,1.7329663538567175,0.20476168513003543,-0.30516319523918334,0.6001606775005737
507603.069257352,ENDPOINT SOFT HOLD,0,0,-0.6028459601739531,0.21386358434424402,0.24416891737239688,1.732582742046235,0.20476168513003543,-0.30516319523918334,0.5997770656900894,-0.6055312428473343,0.21194552529182964,0.24416891737239688,1.7329663538567175,0.20476168513003543,-0.30516319523918334,0.6001606775005737
507603.091462862,ENDPOINT SOFT HOLD,0,0,-0.6028459601739531,0.21386358434424402,0.24416891737239688,1.732582742046235,0.20476168513003543,-0.30516319523918334,0.5997770656900894,-0.6055312428473343,0.21194552529182964,0.24416891737239688,1.7329663538567175,0.20476168513003543,-0.30516319523918334,0.6001606775005737
507603.111855099,ENDPOINT SOFT HOLD,0,0,-0.6028459601739531,0.21386358434424402,0.24416891737239688,1.732582742046235,0.20476168513003543,-0.30554680704966763,0.6001606775005737,-0.6055312428473343,0.21194552529182964,0.24416891737239688,1.7329663538567175,0.20476168513003543,-0.30516319523918334,0.6001606775005737
507603.133375379,ENDPOINT SOFT HOLD,0,0,-0.6028459601739531,0.21386358434424402,0.2445525291828794,1.732582742046235,0.20476168513003543,-0.30516319523918334,0.5997770656900894,-0.6055312428473343,0.21194552529182964,0.24416891737239688,1.7329663538567175,0.20476168513003543,-0.30516319523918334,0.6001606775005737
507603.153544858,ENDPOINT SOFT HOLD,0,0,-0.6032295719844356,0.21386358434424402,0.2445525291828794,1.732582742046235,0.20476168513003543,-0.30516319523918334,0.5997770656900894,-0.6055312428473343,0.21194552529182964,0.24416891737239688,1.7329663538567175,0.20476168513003543,-0.30516319523918334,0.6001606775005737
507603.174586536,ENDPOINT SOFT HOLD,0,0,-0.6028459601739531,0.21386358434424402,0.2445525291828794,1.732582742046235,0.20476168513003543,-0.30516319523918334,0.6001606775005737,-0.6055312428473343,0.21194552529182964,0.24416891737239688,1.7329663538567175,0.20476168513003543,-0.30516319523918334,0.6001606775005737
507603.195875119,ENDPOINT SOFT HOLD,0,0,-0.6032295719844356,0.21386358434424402,0.24416891737239688,1.732582742046235,0.20514529694051795,-0.30516319523918334,0.5997770656900894,-0.6055312428473343,0.21194552529182964,0.24416891737239688,1.7329663538567175,0.20476168513003543,-0.30516319523918334,0.6001606775005737
507603.217158824,ENDPOINT SOFT HOLD,0,0,-0.6032295719844356,0.21386358434424402,0.24416891737239688,1.732582742046235,0.20476168513003543,-0.30516319523918334,0.5997770656900894,-0.6055312428473343,0.21194552529182964,0.24416891737239688,1.7329663538567175,0.20476168513003543,-0.30516319523918334,0.6001606775005737
507603.238902694,ENDPOINT SOFT HOLD,0,0,-0.6032295719844356,0.21386358434424402,0.2445525291828794,1.732582742046235,0.20476168513003543,-0.30516319523918334,0.6001606775005737,-0.6055312428473343,0.21194552529182964,0.24416891737239688,1.7329663538567175,0.20476168513003543,-0.30516319523918334,0.6001606775005737
507603.260456388,ENDPOINT SOFT HOLD,0,0,-0.6032295719844356,0.21386358434424402,0.24416891737239688,1.7321991302357507,0.20476168513003543,-0.30516319523918334,0.5997770656900894,-0.6055312428473343,0.21194552529182964,0.24416891737239688,1.7329663538567175,0.20476168513003543,-0.30516319523918334,0.6001606775005737
507603.281157851,ENDPOINT SOFT HOLD,0,0,-0.6032295719844356,0.21386358434424402,0.2445525291828794,1.732582742046235,0.20476168513003543,-0.30516319523918334,0.6001606775005737,-0.6055312428473343,0.21194552529182964,0.24416891737239688,1.7329663538567175,0.20476168513003543,-0.30516319523918334,0.6001606775005737
507603.301268477,ENDPOINT SOFT HOLD,0,0,-0.6032295719844356,0.21386358434424402,0.2445525291828794,1.732582742046235,0.20476168513003543,-0.30516319523918334,0.6001606775005737,-0.6055312428473343,0.21194552529182964,0.24416891737239688,1.7329663538567175,0.20476168513003543,-0.30516319523918334,0.6001606775005737
507603.322628588,ENDPOINT SOFT HOLD,0,0,-0.6036131837949199,0.21386358434424402,0.24416891737239688,1.732582742046235,0.20476168513003543,-0.30516319523918334,0.6001606775005737,-0.6055312428473343,0.21194552529182964,0.24416891737239688,1.7329663538567175,0.20476168513003543,-0.30516319523918334,0.6001606775005737
507603.887919009,ENDPOINT HOLD,0,0,-0.6051476310368518,0.21232913710231216,0.24416891737239688,1.7333499656672,0.20514529694051795,-0.3047795834287008,0.6005442893110562,-0.6055312428473343,0.21194552529182964,0.24416891737239688,1.7329663538567175,0.20476168513003543,-0.30516319523918334,0.6001606775005737
507603.91009406,ENDPOINT HOLD,0,0,-0.6055312428473343,0.21194552529182964,0.24416891737239688,1.7333499656672,0.20476168513003543,-0.3047795834287008,0.6005442893110562,-0.6055312428473343,0.21194552529182964,0.24416891737239688,1.7329663538567175,0.20476168513003543,-0.30516319523918334,0.6001606775005737
507603.930693386,ENDPOINT HOLD,0,0,-0.6055312428473343,0.21232913710231216,0.24416891737239688,1.7333499656672,0.20514529694051795,-0.3047795834287008,0.6005442893110562,-0.6055312428473343,0.21194552529182964,0.24416891737239688,1.7329663538567175,0.20476168513003543,-0.30516319523918334,0.6001606775005737
507603.951366324,ENDPOINT HOLD,0,0,-0.6055312428473343,0.21232913710231216,0.24416891737239688,1.7333499656672,0.20476168513003543,-0.3047795834287008,0.6005442893110562,-0.6055312428473343,0.21194552529182964,0.24416891737239688,1.7329663538567175,0.20476168513003543,-0.30516319523918334,0.6001606775005737
507603.972295446,ENDPOINT HOLD,0,0,-0.6055312428473343,0.21232913710231216,0.2445525291828794,1.7329663538567175,0.20476168513003543,-0.3047795834287008,0.6005442893110562,-0.6055312428473343,0.21194552529182964,0.24416891737239688,1.7329663538567175,0.20476168513003543,-0.30516319523918334,0.6001606775005737
507603.994148456,ENDPOINT HOLD,0,0,-0.6055312428473343,0.21194552529182964,0.2445525291828794,1.7329663538567175,0.20476168513003543,-0.30516319523918334,0.6001606775005737,-0.6055312428473343,0.21194552529182964,0.24416891737239688,1.7329663538567175,0.20476168513003543,-0.30516319523918334,0.6001606775005737
507604.015167641,ENDPOINT HOLD,0,0,-0.6051476310368518,0.21232913710231216,0.2445525291828794,1.7333499656672,0.20514529694051795,-0.30516319523918334,0.6001606775005737,-0.6055312428473343,0.21194552529182964,0.24416891737239688,1.7329663538567175,0.20476168513003543,-0.30516319523918334,0.6001606775005737
507604.035520272,ENDPOINT HOLD,0,0,-0.6055312428473343,0.21232913710231216,0.2445525291828794,1.7333499656672,0.20514529694051795,-0.30516319523918334,0.6005442893110562,-0.6055312428473343,0.21194552529182964,0.24416891737239688,1.7329663538567175,0.20476168513003543,-0.30516319523918334,0.6001606775005737
507604.057583668,ENDPOINT HOLD,0,0,-0.6055312428473343,0.21194552529182964,0.24416891737239688,1.7333499656672,0.20476168513003543,-0.30516319523918334,0.6005442893110562,-0.6055312428473343,0.21194552529182964,0.24416891737239688,1.7329663538567175,0.20476168513003543,-0.30516319523918334,0.6001606775005737
507604.078456821,ENDPOINT HOLD,0,0,-0.6055312428473343,0.21232913710231216,0.24416891737239688,1.7329663538567175,0.20476168513003543,-0.3047795834287008,0.6001606775005737,-0.6055312428473343,0.21194552529182964,0.24416891737239688,1.7329663538567175,0.20476168513003543,-0.30516319523918334,0.6001606775005737
507604.099189905,ENDPOINT HOLD,0,0,-0.6055312428473343,0.21232913710231216,0.24416891737239688,1.7333499656672,0.20514529694051795,-0.3047795834287008,0.6001606775005737,-0.6055312428473343,0.21194552529182964,0.24416891737239688,1.7329663538567175,0.20476168513003543,-0.30516319523918334,0.6001606775005737
507604.119846682,ENDPOINT HOLD,0,0,-0.6055312428473343,0.21232913710231216,0.24416891737239688,1.7333499656672,0.20514529694051795,-0.3047795834287008,0.6005442893110562,-0.6055312428473343,0.21194552529182964,0.24416891737239688,1.7329663538567175,0.20476168513003543,-0.30516319523918334,0.6001606775005737
507604.140434817,ENDPOINT HOLD,0,0,-0.6051476310368518,0.21232913710231216,0.2445525291828794,1.7333499656672,0.20514529694051795,-0.30516319523918334,0.6005442893110562,-0.6055312428473343,0.21194552529182964,0.24416891737239688,1.7329663538567175,0.20476168513003543,-0.30516319523918334,0.6001606775005737
507604.160567886,ENDPOINT HOLD,0,0,-0.6055312428473343,0.21232913710231216,0.2445525291828794,1.7333499656672,0.20476168513003543,-0.30516319523918334,0.6005442893110562,-0.6055312428473343,0.21194552529182964,0.24416891737239688,1.7329663538567175,0.20476168513003543,-0.30516319523918334,0.6001606775005737
507604.180816677,ENDPOINT HOLD,0,0,-0.6055312428473343,0.21194552529182964,0.2445525291828794,1.7333499656672,0.20514529694051795,-0.30516319523918334,0.6005442893110562,-0.6055312428473343,0.21194552529182964,0.24416891737239688,1.7329663538567175,0.20476168513003543,-0.30516319523918334,0.6001606775005737
507604.203858777,ENDPOINT HOLD,0,0,-0.6055312428473343,0.21232913710231216,0.2445525291828794,1.7333499656672,0.20514529694051795,-0.30516319523918334,0.6005442893110562,-0.6055312428473343,0.21194552529182964,0.24416891737239688,1.7329663538567175,0.20476168513003543,-0.30516319523918334,0.6001606775005737
507604.22533894,ENDPOINT HOLD,0,0,-0.6055312428473343,0.21232913710231216,0.2445525291828794,1.7333499656672,0.20514529694051795,-0.3047795834287008,0.6001606775005737,-0.6055312428473343,0.21194552529182964,0.24416891737239688,1.7329663538567175,0.20476168513003543,-0.30516319523918334,0.6001606775005737
507604.246900168,ENDPOINT HOLD,0,0,-0.6051476310368518,0.21232913710231216,0.2445525291828794,1.7333499656672,0.20514529694051795,-0.30516319523918334,0.6001606775005737,-0.6055312428473343,0.21194552529182964,0.24416891737239688,1.7329663538567175,0.20476168513003543,-0.30516319523918334,0.6001606775005737
507604.26792799,ENDPOINT HOLD,0,0,-0.6051476310368518,0.21232913710231216,0.2445525291828794,1.7333499656672,0.20514529694051795,-0.30516319523918334,0.6001606775005737,-0.6055312428473343,0.21194552529182964,0.24416891737239688,1.7329663538567175,0.20476168513003543,-0.30516319523918334,0.6001606775005737
507604.289370039,ENDPOINT HOLD,0,0,-0.6055312428473343,0.21232913710231216,0.2445525291828794,1.7333499656672,0.20514529694051795,-0.3047795834287008,0.6001606775005737,-0.6055312428473343,0.21194552529182964,0.24416891737239688,1.7329663538567175,0.20476168513003543,-0.30516319523918334,0.6001606775005737
507604.309973554,ENDPOINT HOLD,0,0,-0.6055312428473343,0.21232913710231216,0.24416891737239688,1.7333499656672,0.20514529694051795,-0.3047795834287008,0.6001606775005737,-0.6055312428473343,0.21194552529182964,0.24416891737239688,1.7329663538567175,0.20476168513003543,-0.30516319523918334,0.6001606775005737
507604.330811028,ENDPOINT HOLD,0,0,-0.6055312428473343,0.21194552529182964,0.24416891737239688,1.7329663538567175,0.20514529694051795,-0.3047795834287008,0.6001606775005737,-0.6055312428473343,0.21194552529182964,0.24416891737239688,1.7329663538567175,0.20476168513003543,-0.30516319523918334,0.6001606775005737
507604.351874899,ENDPOINT HOLD,0,0,-0.6055312428473343,0.21194552529182964,0.2445525291828794,1.7329663538567175,0.20514529694051795,-0.3047795834287008,0.6005442893110562,-0.6055312428473343,0.21194552529182964,0.24416891737239688,1.7329663538567175,0.20476168513003543,-0.30516319523918334,0.6001606775005737
507604.37356723,ENDPOINT HOLD,0,0,-0.6055312428473343,0.21194552529182964,0.24416891737239688,1.7333499656672,0.20476168513003543,-0.3047795834287008,0.6005442893110562,-0.6055312428473343,0.21194552529182964,0.24416891737239688,1.7329663538567175,0.20476168513003543,-0.30516319523918334,0.6001606775005737
507604.393901025,ENDPOINT HOLD,0,0,-0.6055312428473343,0.21194552529182964,0.24416891737239688,1.7333499656672,0.20514529694051795,-0.3047795834287008,0.6005442893110562,-0.6055312428473343,0.21194552529182964,0.24416891737239688,1.7329663538567175,0.20476168513003543,-0.30516319523918334,0.6001606775005737
507604.414320405,ENDPOINT HOLD,0,0,-0.6055312428473343,0.21194552529182964,0.24416891737239688,1.7329663538567175,0.20514529694051795,-0.3047795834287008,0.6005442893110562,-0.6055312428473343,0.21194552529182964,0.24416891737239688,1.7329663538567175,0.20476168513003543,-0.30516319523918334,0.6001606775005737
507604.436594326,ENDPOINT HOLD,0,0,-0.6055312428473343,0.21232913710231216,0.2445525291828794,1.7333499656672,0.20476168513003543,-0.3047795834287008,0.6005442893110562,-0.6055312428473343,0.21194552529182964,0.24416891737239688,1.7329663538567175,0.20476168513003543,-0.30516319523918334,0.6001606775005737
507604.45783624,ENDPOINT HOLD,0,0,-0.6055312428473343,0.21194552529182964,0.2445525291828794,1.7333499656672,0.20476168513003543,-0.3047795834287008,0.6005442893110562,-0.6055312428473343,0.21194552529182964,0.24416891737239688,1.7329663538567175,0.20476168513003543,-0.30516319523918334,0.6001606775005737
507604.478928135,ENDPOINT HOLD,0,0,-0.6055312428473343,0.21232913710231216,0.2445525291828794,1.7333499656672,0.20476168513003543,-0.3047795834287008,0.6005442893110562,-0.6055312428473343,0.21194552529182964,0.24416891737239688,1.7329663538567175,0.20476168513003543,-0.30516319523918334,0.6001606775005737
