monotonic_s,phase,side,motor,position_rad,state,velocity_raw,torque_raw,temperature_c
769596.884652855,CONNECT,left,4,0.07269443808651843,2,32866,32618,33.0
769596.884688193,CONNECT,left,5,-0.4724179446097523,2,32692,32792,35.0
769596.884701528,CONNECT,left,6,0.07115999084458657,2,32740,33093,35.0
769596.884712268,CONNECT,left,7,-0.0692419317921722,2,32739,32999,33.0
769596.884733519,CONNECT,right,5,0.00029659014262470307,2,32771,32879,35.0
769596.884743889,CONNECT,right,6,0.00019180590524214836,2,32763,32460,35.0
769596.884753758,CONNECT,right,7,1.4003749141680029,2,32759,30662,33.0
769596.884763857,CONNECT,right,8,0.12256397344930114,2,32730,32993,32.0
769596.886889603,CONNECT,left,8,-0.2468542000457763,2,32768,31472,32.0
769596.886918648,CONNECT,left,6,0.07115999084458657,2,32716,33064,35.0
769596.886928878,CONNECT,left,1,0.02090684367132134,2,32642,32772,31.0
769596.886946942,CONNECT,right,1,0.00019180590524214836,2,32750,32563,31.0
769596.886968653,CONNECT,right,2,0.00019180590524214836,2,32887,32697,33.0
769596.887025131,CONNECT,right,3,0.00019180590524214836,2,32796,32703,33.0
769596.887033177,CONNECT,right,4,0.00019180590524214836,2,32636,32263,31.0
769596.889140577,CONNECT,left,2,0.010549324788280856,2,32819,32665,32.0
769596.889164513,CONNECT,left,3,-0.2806120393682754,2,32620,32853,33.0
769596.889171696,CONNECT,left,4,0.07269443808651843,2,32616,32617,33.0
769596.889179211,CONNECT,left,5,-0.4728015564202348,2,32783,32628,35.0
769596.88919472,CONNECT,right,5,0.00029659014262470307,2,32791,32911,35.0
769596.889201774,CONNECT,right,6,0.00019180590524214836,2,32770,32597,35.0
769596.889208026,CONNECT,right,7,1.4003749141680029,2,32757,30602,33.0
769596.89132799,CONNECT,left,6,0.07115999084458657,2,32755,33071,35.0
769596.891373877,CONNECT,left,7,-0.0692419317921722,2,32822,32849,33.0
769596.891394637,CONNECT,left,8,-0.2468542000457763,2,32840,31491,32.0
769596.89141723,CONNECT,left,6,0.07115999084458657,2,32734,33084,35.0
769596.891446576,CONNECT,right,8,0.12218036163881862,2,32755,33016,32.0
769596.893442775,CONNECT,left,6,0.07115999084458657,2,32759,33095,35.0
769596.893469295,CONNECT,left,6,0.07115999084458657,2,32721,33106,35.0
769596.89348774,CONNECT,left,6,0.07115999084458657,2,32807,33050,35.0
769596.893499002,CONNECT,left,6,0.07115999084458657,2,32798,33079,35.0
769596.903179009,START HOLD,left,6,0.07115999084458657,2,32768,33121,35.0
769596.903288829,START HOLD,left,1,0.02090684367132134,2,32808,32800,31.0
769596.903311973,START HOLD,left,2,0.010932936598763376,2,32831,32669,32.0
769596.903332412,START HOLD,left,3,-0.2809956511787579,2,32768,32872,33.0
769596.903346789,START HOLD,left,4,0.07269443808651843,2,32864,32703,33.0
769596.903358462,START HOLD,left,5,-0.4724179446097523,2,32800,32807,35.0
769596.903369052,START HOLD,left,6,0.07115999084458657,2,32771,33125,35.0
769596.90337873,START HOLD,left,7,-0.06885831998168968,2,32737,32792,33.0
769596.903388619,START HOLD,left,8,-0.2468542000457763,2,32753,31457,32.0
769596.90599421,START HOLD,left,6,0.07115999084458657,2,32729,33120,35.0
769596.906026893,START HOLD,left,6,0.07115999084458657,2,32772,33167,35.0
769596.906036471,START HOLD,left,6,0.07115999084458657,2,32743,33191,35.0
769596.906044767,START HOLD,left,6,0.07115999084458657,2,32774,33132,35.0
769596.906050959,START HOLD,left,1,0.02090684367132134,2,32767,32796,31.0
769596.908300149,START HOLD,left,6,0.0715436026550691,2,32718,33110,35.0
769596.908320318,START HOLD,left,2,0.010549324788280856,2,32897,32673,32.0
769596.908328964,START HOLD,left,3,-0.2806120393682754,2,32751,32819,33.0
769596.908336088,START HOLD,left,4,0.07269443808651843,2,32966,32667,33.0
769596.910484637,START HOLD,left,5,-0.4728015564202348,2,32739,32839,35.0
769596.910505356,START HOLD,left,7,-0.0692419317921722,2,32754,32915,33.0
769596.910514955,START HOLD,left,6,0.07115999084458657,2,32783,33098,35.0
769596.912666209,START HOLD,left,1,0.02090684367132134,2,32935,32821,31.0
769596.91269825,START HOLD,left,2,0.010932936598763376,2,32802,32626,32.0
769596.912705374,START HOLD,left,3,-0.2806120393682754,2,32488,32767,33.0
769596.912710594,START HOLD,left,4,0.07269443808651843,2,32856,32702,33.0
769596.914859864,START HOLD,left,5,-0.4728015564202348,2,32738,32864,35.0
769596.914876626,START HOLD,left,6,0.0715436026550691,2,32719,33141,35.0
769596.914883199,START HOLD,left,7,-0.0692419317921722,2,32751,32910,33.0
769596.917063338,START HOLD,left,8,-0.2468542000457763,2,32722,31539,32.0
769596.917102743,START HOLD,left,6,0.07115999084458657,2,32787,33099,35.0
769596.917120387,START HOLD,left,6,0.0715436026550691,2,32717,33054,35.0
769596.917136167,START HOLD,left,6,0.07115999084458657,2,32741,33084,35.0
769596.919416317,START HOLD,left,6,0.0715436026550691,2,32762,33145,35.0
769596.919444791,START HOLD,left,6,0.0715436026550691,2,32714,33112,35.0
769596.919450863,START HOLD,left,1,0.02090684367132134,2,32751,32807,31.0
769596.919457726,START HOLD,left,2,0.010932936598763376,2,32809,32636,32.0
769596.921637194,START HOLD,left,3,-0.2806120393682754,2,32732,32791,33.0
769596.921660308,START HOLD,left,4,0.07269443808651843,2,32740,32700,33.0
769596.921669044,START HOLD,left,5,-0.4728015564202348,2,32754,32745,35.0
769596.92383129,START HOLD,left,6,0.07115999084458657,2,32807,33117,35.0
769596.923849023,START HOLD,left,7,-0.06885831998168968,2,32708,32911,33.0
769596.923855335,START HOLD,left,8,-0.2468542000457763,2,32687,31540,32.0
769596.923867388,START HOLD,left,6,0.07115999084458657,2,32805,33061,35.0
769596.926299809,START HOLD,left,6,0.07115999084458657,2,32846,33067,35.0
769596.926337421,START HOLD,left,6,0.0715436026550691,2,32715,33031,35.0
769596.926349544,START HOLD,left,6,0.0715436026550691,2,32711,33086,35.0
769596.926355886,START HOLD,left,1,0.02090684367132134,2,32961,32782,31.0
769596.92859113,START HOLD,left,2,0.010932936598763376,2,32743,32632,32.0
769596.928629213,START HOLD,left,3,-0.2806120393682754,2,32640,32847,33.0
769596.928640695,START HOLD,left,4,0.07269443808651843,2,32811,32748,33.0
769596.928650183,START HOLD,left,5,-0.4724179446097523,2,32759,32849,35.0
769596.930902911,START HOLD,left,7,-0.0692419317921722,2,32712,32881,33.0
769596.93092878,START HOLD,left,6,0.07115999084458657,2,32775,33072,35.0
769596.930937727,START HOLD,left,6,0.07115999084458657,2,32793,33033,35.0
769596.930943408,START HOLD,left,1,0.02090684367132134,2,32751,32811,31.0
769596.933098369,START HOLD,left,2,0.010932936598763376,2,32719,32634,32.0
769596.933128086,START HOLD,left,3,-0.2809956511787579,2,32645,32824,33.0
769596.933138055,START HOLD,left,4,0.07307804989700095,2,32642,32612,33.0
769596.933147262,START HOLD,left,5,-0.4724179446097523,2,32730,32826,35.0
769596.935430388,START HOLD,left,6,0.07115999084458657,2,32751,33082,35.0
769596.935464423,START HOLD,left,7,-0.0692419317921722,2,32773,32978,33.0
769596.935474412,START HOLD,left,8,-0.2468542000457763,2,32759,31513,32.0
769596.935489401,START HOLD,left,6,0.07115999084458657,2,32732,33059,35.0
769596.935507746,START HOLD,right,1,-0.00019180590524214836,2,32875,32545,31.0
769596.935516843,START HOLD,right,2,0.00019180590524214836,2,32704,32718,33.0
769596.935530068,START HOLD,right,3,0.00019180590524214836,2,32721,32688,33.0
769596.937797584,START HOLD,left,6,0.07115999084458657,2,32826,33078,35.0
769596.937824135,START HOLD,left,6,0.07115999084458657,2,32824,33083,35.0
769596.937833242,START HOLD,left,6,0.07115999084458657,2,32764,33064,35.0
769596.937846327,START HOLD,right,4,0.00019180590524214836,2,32869,32323,31.0
769596.937853641,START HOLD,right,5,0.00029659014262470307,2,32744,32971,35.0
769596.937860294,START HOLD,right,6,0.00019180590524214836,2,32756,32365,35.0
769596.937866556,START HOLD,right,7,1.3999913023575203,2,32759,30517,33.0
769596.940029472,START HOLD,left,6,0.07115999084458657,2,32722,33042,35.0
769596.940053648,START HOLD,right,8,0.12218036163881862,2,32825,33009,32.0
769596.942246081,START HOLD,left,6,0.07115999084458657,2,32786,33136,35.0
769596.942263845,START HOLD,left,1,0.02090684367132134,2,32784,32835,31.0
769596.942272882,START HOLD,left,2,0.010932936598763376,2,32807,32625,32.0
769596.942300254,START HOLD,left,3,-0.2806120393682754,2,32457,32712,33.0
769596.944439335,START HOLD,left,4,0.07269443808651843,2,32685,32707,33.0
769596.944455616,START HOLD,left,5,-0.4724179446097523,2,32779,32866,35.0
769596.94446289,START HOLD,left,6,0.07115999084458657,2,32720,33040,35.0
769596.94764439,START HOLD,left,7,-0.06885831998168968,2,32769,32852,33.0
769596.947680439,START HOLD,left,8,-0.2468542000457763,2,32742,31449,32.0
769596.947707941,START HOLD,left,6,0.07115999084458657,2,32733,33051,35.0
769596.947725094,START HOLD,left,6,0.07115999084458657,2,32784,33064,35.0
769596.947736295,START HOLD,left,1,0.02090684367132134,2,32616,32782,31.0
769596.947752356,START HOLD,left,6,0.07115999084458657,2,32783,33092,35.0
769596.949953575,START HOLD,left,2,0.010932936598763376,2,32664,32686,32.0
769596.95001866,START HOLD,left,3,-0.2806120393682754,2,32775,32727,33.0
769596.950042645,START HOLD,left,4,0.07269443808651843,2,32928,32702,33.0
769596.950062944,START HOLD,left,5,-0.4724179446097523,2,32787,32594,35.0
769596.952630863,START HOLD,left,7,-0.06885831998168968,2,32722,32891,33.0
769596.952757725,START HOLD,left,6,0.07115999084458657,2,32712,33065,35.0
769596.952773155,START HOLD,left,6,0.07115999084458657,2,32787,33040,35.0
769596.952781651,START HOLD,left,1,0.02090684367132134,2,32714,32798,31.0
769596.955121074,START HOLD,left,2,0.010549324788280856,2,32692,32654,32.0
769596.955148627,START HOLD,left,3,-0.2809956511787579,2,32807,32872,33.0
769596.955157173,START HOLD,left,4,0.07307804989700095,2,32681,32696,33.0
769596.955163665,START HOLD,left,5,-0.4724179446097523,2,32790,32768,35.0
769596.957475025,START HOLD,left,6,0.07115999084458657,2,32864,33089,35.0
769596.957507607,START HOLD,left,7,-0.0692419317921722,2,32812,32775,33.0
769596.957515111,START HOLD,left,8,-0.2468542000457763,2,32713,31407,32.0
769596.957531913,START HOLD,left,6,0.07115999084458657,2,32756,33105,35.0
769596.959879462,START HOLD,left,6,0.07115999084458657,2,32755,33054,35.0
769596.95991527,START HOLD,left,6,0.07115999084458657,2,32724,33082,35.0
769596.959928315,START HOLD,left,6,0.07115999084458657,2,32783,33091,35.0
769596.962144603,START HOLD,left,6,0.07115999084458657,2,32772,33097,35.0
769596.964459119,START HOLD,left,6,0.07115999084458657,2,32763,33073,35.0
769596.964481702,START HOLD,left,1,0.02090684367132134,2,32866,32745,31.0
769596.964489237,START HOLD,left,2,0.010549324788280856,2,32865,32660,32.0
769596.96449616,START HOLD,left,3,-0.2809956511787579,2,32871,32813,33.0
769596.966678193,START HOLD,left,4,0.07307804989700095,2,32714,32660,33.0
769596.966737205,START HOLD,left,5,-0.4724179446097523,2,32774,32771,35.0
769596.966751001,START HOLD,left,6,0.07115999084458657,2,32705,33043,35.0
769596.966762594,START HOLD,left,7,-0.06885831998168968,2,32668,32816,33.0
769596.969455291,START HOLD,left,8,-0.2468542000457763,2,32771,31494,32.0
769596.969494966,START HOLD,left,6,0.07115999084458657,2,32719,33075,35.0
769596.969509444,START HOLD,left,6,0.07115999084458657,2,32793,33102,35.0
769596.969519353,START HOLD,left,1,0.02090684367132134,2,32649,32794,31.0
769596.969528861,START HOLD,left,2,0.010549324788280856,2,32640,32648,32.0
769596.971713579,START HOLD,left,3,-0.2806120393682754,2,32812,32893,33.0
769596.971742554,START HOLD,left,4,0.07307804989700095,2,32843,32644,33.0
769596.971751311,START HOLD,left,5,-0.4724179446097523,2,32783,32736,35.0
769596.97392609,START HOLD,left,7,-0.06885831998168968,2,32751,32810,33.0
769596.973952,START HOLD,left,6,0.07115999084458657,2,32774,33040,35.0
769596.973961848,START HOLD,left,6,0.0715436026550691,2,32713,33092,35.0
769596.973970254,START HOLD,left,6,0.07115999084458657,2,32820,33122,35.0
769596.976219465,START HOLD,left,6,0.07115999084458657,2,32767,33042,35.0
769596.976245595,START HOLD,left,1,0.02090684367132134,2,32657,32759,31.0
769596.97625351,START HOLD,left,2,0.010549324788280856,2,32741,32658,32.0
769596.976261876,START HOLD,left,3,-0.2809956511787579,2,32782,32813,33.0
769596.978445923,START HOLD,left,4,0.07269443808651843,2,32813,32659,33.0
769596.978464649,START HOLD,left,5,-0.4724179446097523,2,32793,32813,35.0
769596.978472263,START HOLD,left,6,0.07115999084458657,2,32792,33103,35.0
769596.980615272,START HOLD,left,7,-0.0692419317921722,2,32719,32859,33.0
769596.980634118,START HOLD,left,8,-0.2468542000457763,2,32840,31422,32.0
769596.980647082,START HOLD,left,6,0.07115999084458657,2,32783,33062,35.0
769596.980655709,START HOLD,left,6,0.07115999084458657,2,32761,33050,35.0
769596.982793317,START HOLD,left,6,0.07115999084458657,2,32729,33048,35.0
769596.982823915,START HOLD,left,6,0.0715436026550691,2,32748,33084,35.0
769596.984998384,START HOLD,left,6,0.07115999084458657,2,32782,33069,35.0
769596.987319702,START HOLD,left,1,0.02090684367132134,2,32714,32770,31.0
769596.987500036,START HOLD,left,2,0.010932936598763376,2,32781,32645,32.0
769596.987526156,START HOLD,left,3,-0.2809956511787579,2,32696,32900,33.0
769596.987560993,START HOLD,right,1,0.00019180590524214836,2,32702,32472,31.0
769596.987577524,START HOLD,right,2,0.0005754177157246687,2,32693,32705,33.0
769596.987591521,START HOLD,right,3,0.00019180590524214836,2,32763,32682,33.0
769596.990454693,START HOLD,left,4,0.07307804989700095,2,32646,32747,33.0
769596.99049526,START HOLD,left,5,-0.4724179446097523,2,32781,32605,35.0
769596.990504147,START HOLD,left,6,0.07115999084458657,2,32762,33098,35.0
769596.990511521,START HOLD,left,7,-0.0692419317921722,2,32782,33060,33.0
769596.990517823,START HOLD,left,8,-0.2468542000457763,2,32741,31459,32.0
769596.990547039,START HOLD,right,4,0.00019180590524214836,2,32847,32316,31.0
769596.990559333,START HOLD,right,5,0.00029659014262470307,2,32701,32931,35.0
769596.990571315,START HOLD,right,6,0.00019180590524214836,2,32778,32441,35.0
769596.990578209,START HOLD,right,7,1.3999913023575203,2,32762,30411,33.0
769596.990584851,START HOLD,right,8,0.12256397344930114,2,32754,32864,32.0
769596.992740053,START HOLD,left,6,0.07115999084458657,2,32805,33087,35.0
769596.992766423,START HOLD,left,6,0.07115999084458657,2,32824,33053,35.0
769596.992775821,START HOLD,left,1,0.020523231860837043,2,32728,32811,31.0
769596.992782073,START HOLD,left,2,0.010932936598763376,2,32838,32680,32.0
769596.994952013,START HOLD,left,3,-0.2809956511787579,2,32810,32896,33.0
769596.9949766,START HOLD,left,4,0.07269443808651843,2,32927,32673,33.0
769596.994983503,START HOLD,left,5,-0.4728015564202348,2,32823,32773,35.0
769596.994989956,START HOLD,left,7,-0.06885831998168968,2,32754,32956,33.0
769596.997301836,START HOLD,left,6,0.07115999084458657,2,32780,33101,35.0
769596.997329389,START HOLD,left,6,0.07115999084458657,2,32812,33035,35.0
769596.997338757,START HOLD,left,6,0.07115999084458657,2,32813,33055,35.0
769596.997347122,START HOLD,left,6,0.07115999084458657,2,32772,33072,35.0
769597.001270367,START HOLD,left,1,0.020523231860837043,2,32918,32809,31.0
769597.001334409,START HOLD,left,2,0.010932936598763376,2,32698,32659,32.0
769597.001355209,START HOLD,left,3,-0.2809956511787579,2,32667,32854,33.0
769597.001364316,START HOLD,left,4,0.07307804989700095,2,32528,32648,33.0
769597.001372762,START HOLD,left,5,-0.4724179446097523,2,32761,32837,35.0
769597.001385717,START HOLD,left,6,0.07115999084458657,2,32790,33058,35.0
769597.003653383,START HOLD,left,6,0.07115999084458657,2,32763,33072,35.0
769597.003720211,START HOLD,left,7,-0.06885831998168968,2,32770,32868,33.0
769597.003734157,START HOLD,left,8,-0.2468542000457763,2,32848,31423,32.0
769597.003753585,START HOLD,left,6,0.07115999084458657,2,32824,33093,35.0
769597.006101303,START HOLD,left,6,0.07115999084458657,2,32762,33073,35.0
769597.006158242,START HOLD,left,6,0.07115999084458657,2,32737,33069,35.0
769597.008522543,START HOLD,left,6,0.07115999084458657,2,32753,33123,35.0
769597.008548542,START HOLD,left,6,0.07115999084458657,2,32752,33129,35.0
769597.011184702,START HOLD,left,1,0.020523231860837043,2,32810,32791,31.0
769597.011208006,START HOLD,left,2,0.010549324788280856,2,32661,32653,32.0
769597.011215591,START HOLD,left,3,-0.2806120393682754,2,32597,32825,33.0
769597.011242472,START HOLD,left,4,0.07269443808651843,2,32626,32721,33.0
769597.013389628,START HOLD,left,5,-0.4728015564202348,2,32780,32770,35.0
769597.013410829,START HOLD,left,6,0.07115999084458657,2,32834,33068,35.0
769597.013418774,START HOLD,left,7,-0.06885831998168968,2,32735,32977,33.0
769597.015554989,START HOLD,left,8,-0.2468542000457763,2,32767,31479,32.0
769597.015578284,START HOLD,left,1,0.02090684367132134,2,32799,32797,31.0
769597.015587411,START HOLD,left,2,0.010932936598763376,2,32740,32663,32.0
769597.015593473,START HOLD,left,3,-0.2809956511787579,2,32771,32800,33.0
769597.01772024,START HOLD,left,4,0.07307804989700095,2,32648,32659,33.0
769597.017737783,START HOLD,left,5,-0.4724179446097523,2,32778,32797,35.0
769597.01774662,START HOLD,left,7,-0.0692419317921722,2,32732,32959,33.0
769597.019927942,START HOLD,left,6,0.07115999084458657,2,32784,33134,35.0
769597.019983838,START HOLD,left,6,0.07115999084458657,2,32762,33080,35.0
769597.019994819,START HOLD,left,6,0.07115999084458657,2,32737,33061,35.0
769597.020015499,START HOLD,left,6,0.07115999084458657,2,32814,33136,35.0
769597.022425877,START HOLD,left,6,0.07115999084458657,2,32791,33107,35.0
769597.022469751,START HOLD,left,6,0.07115999084458657,2,32719,33081,35.0
769597.022478388,START HOLD,left,1,0.020523231860837043,2,32841,32784,31.0
769597.022485802,START HOLD,left,2,0.010932936598763376,2,32852,32646,32.0
769597.024716477,START HOLD,left,3,-0.2806120393682754,2,32891,32877,33.0
769597.024757325,START HOLD,left,4,0.07269443808651843,2,32839,32758,33.0
769597.024772274,START HOLD,left,5,-0.4724179446097523,2,32799,32715,35.0
769597.024785218,START HOLD,left,6,0.07115999084458657,2,32785,33069,35.0
769597.02698728,START HOLD,left,7,-0.06885831998168968,2,32787,32773,33.0
769597.027025122,START HOLD,left,8,-0.2468542000457763,2,32802,31536,32.0
769597.027040521,START HOLD,left,6,0.07115999084458657,2,32835,33133,35.0
769597.027050089,START HOLD,left,6,0.07115999084458657,2,32773,33090,35.0
769597.029254846,START HOLD,left,6,0.07115999084458657,2,32776,33083,35.0
769597.029282588,START HOLD,left,6,0.07115999084458657,2,32760,33094,35.0
769597.031752471,START HOLD,left,1,0.02090684367132134,2,32723,32773,31.0
769597.031786515,START HOLD,left,6,0.07115999084458657,2,32721,33106,35.0
769597.031794681,START HOLD,left,2,0.010549324788280856,2,32883,32632,32.0
769597.034165805,START HOLD,left,3,-0.2809956511787579,2,32955,32902,33.0
769597.034214167,START HOLD,left,4,0.07269443808651843,2,32869,32678,33.0
769597.034223655,START HOLD,left,5,-0.4724179446097523,2,32767,32819,35.0
769597.034230278,START HOLD,left,7,-0.06885831998168968,2,32691,32721,33.0
769597.036443109,START HOLD,left,6,0.07115999084458657,2,32728,33066,35.0
769597.036497453,START HOLD,left,1,0.020523231860837043,2,32920,32760,31.0
769597.036506911,START HOLD,left,2,0.010932936598763376,2,32834,32629,32.0
769597.036514405,START HOLD,left,3,-0.2809956511787579,2,32843,32810,33.0
769597.038822038,START HOLD,left,4,0.07307804989700095,2,32708,32710,33.0
769597.038857495,START HOLD,left,5,-0.4728015564202348,2,32841,32786,35.0
769597.038866944,START HOLD,left,6,0.07115999084458657,2,32743,33112,35.0
769597.038873757,START HOLD,left,7,-0.0692419317921722,2,32748,32672,33.0
769597.038890949,START HOLD,right,1,0.00019180590524214836,2,32750,32548,31.0
769597.038898834,START HOLD,right,2,0.00019180590524214836,2,32725,32706,33.0
769597.038905778,START HOLD,right,3,0.00019180590524214836,2,32700,32803,33.0
769597.041173985,START HOLD,left,8,-0.2468542000457763,2,32798,31467,32.0
769597.041219572,START HOLD,left,6,0.07115999084458657,2,32755,33083,35.0
769597.041247455,START HOLD,left,6,0.07115999084458657,2,32774,33117,35.0
769597.041256021,START HOLD,left,6,0.07115999084458657,2,32790,33097,35.0
769597.041274366,START HOLD,right,4,0.00019180590524214836,2,32589,32358,31.0
769597.041283955,START HOLD,right,5,-8.702166785959364e-05,2,32731,32999,35.0
769597.041300266,START HOLD,right,6,0.00019180590524214836,2,32783,32401,35.0
769597.041308231,START HOLD,right,7,1.4003749141680029,2,32703,30845,33.0
769597.043618058,START HOLD,left,6,0.07115999084458657,2,32754,33095,35.0
769597.043646261,START HOLD,left,6,0.07115999084458657,2,32776,33100,35.0
769597.043664296,START HOLD,right,8,0.12218036163881862,2,32783,32795,32.0
769597.045884251,START HOLD,left,6,0.07115999084458657,2,32735,33133,35.0
769597.045899881,START HOLD,left,1,0.020523231860837043,2,32739,32774,31.0
769597.045907305,START HOLD,left,2,0.010932936598763376,2,32611,32646,32.0
769597.04816366,START HOLD,left,3,-0.2809956511787579,2,32968,32945,33.0
769597.048207634,START HOLD,left,4,0.07269443808651843,2,32807,32706,33.0
769597.04821645,START HOLD,left,5,-0.4724179446097523,2,32744,32820,35.0
769597.048222853,START HOLD,left,6,0.07115999084458657,2,32784,33014,35.0
769597.050397762,START HOLD,left,7,-0.06885831998168968,2,32794,32749,33.0
769597.050429172,START HOLD,left,8,-0.2468542000457763,2,32776,31489,32.0
769597.050446144,START HOLD,left,6,0.07115999084458657,2,32740,33030,35.0
769597.050458077,START HOLD,left,6,0.07115999084458657,2,32761,33041,35.0
769597.054941711,START HOLD,left,6,0.07115999084458657,2,32768,33069,35.0
769597.055029017,START HOLD,left,6,0.07115999084458657,2,32737,33018,35.0
769597.05504102,START HOLD,left,1,0.020523231860837043,2,32674,32795,31.0
769597.055050408,START HOLD,left,2,0.010932936598763376,2,32707,32614,32.0
769597.055059375,START HOLD,left,3,-0.2809956511787579,2,32771,32950,33.0
769597.055066679,START HOLD,left,4,0.07269443808651843,2,32762,32705,33.0
769597.057877141,START HOLD,left,5,-0.4724179446097523,2,32751,32772,35.0
769597.057908992,START HOLD,left,7,-0.06885831998168968,2,32708,32907,33.0
769597.057922337,START HOLD,left,6,0.07115999084458657,2,32817,33035,35.0
769597.057932877,START HOLD,left,1,0.020523231860837043,2,32875,32795,31.0
769597.057941243,START HOLD,left,2,0.010549324788280856,2,32897,32652,32.0
769597.060182279,START HOLD,left,3,-0.2809956511787579,2,32752,32894,33.0
769597.060206595,START HOLD,left,4,0.07307804989700095,2,32626,32659,33.0
769597.060216574,START HOLD,left,5,-0.4724179446097523,2,32773,32787,35.0
769597.062393056,START HOLD,left,6,0.07115999084458657,2,32763,33056,35.0
769597.06242625,START HOLD,left,7,-0.06885831998168968,2,32804,32846,33.0
769597.062435267,START HOLD,left,8,-0.2468542000457763,2,32754,31630,32.0
769597.06246858,START HOLD,left,6,0.07115999084458657,2,32784,33015,35.0
769597.064688646,START HOLD,left,6,0.07115999084458657,2,32772,33044,35.0
769597.064715878,START HOLD,left,6,0.07115999084458657,2,32732,33057,35.0
769597.064725616,START HOLD,left,6,0.07115999084458657,2,32819,33108,35.0
769597.064733692,START HOLD,left,6,0.07115999084458657,2,32734,33057,35.0
769597.066912318,START HOLD,left,6,0.07115999084458657,2,32818,33103,35.0
769597.069258244,START HOLD,left,1,0.020523231860837043,2,32745,32788,31.0
769597.069316936,START HOLD,left,2,0.010549324788280856,2,33020,32658,32.0
769597.06932945,START HOLD,left,3,-0.2809956511787579,2,32833,32913,33.0
769597.071585083,START HOLD,left,4,0.07269443808651843,2,32772,32733,33.0
769597.071655237,START HOLD,left,5,-0.4724179446097523,2,32780,32783,35.0
769597.071675095,START HOLD,left,6,0.07115999084458657,2,32808,33084,35.0
769597.071687508,START HOLD,left,7,-0.0692419317921722,2,32817,32849,33.0
769597.073965725,START HOLD,left,8,-0.2468542000457763,2,32734,31548,32.0
769597.074053642,START HOLD,left,6,0.07115999084458657,2,32780,33094,35.0
769597.074077588,START HOLD,left,6,0.07115999084458657,2,32794,33016,35.0
769597.074092637,START HOLD,left,6,0.07115999084458657,2,32717,33079,35.0
769597.076868262,START HOLD,left,6,0.07115999084458657,2,32706,33098,35.0
769597.076918278,START HOLD,left,1,0.02090684367132134,2,32852,32783,31.0
769597.076931222,START HOLD,left,2,0.010932936598763376,2,32618,32658,32.0
769597.076942564,START HOLD,left,3,-0.2806120393682754,2,32770,32880,33.0
769597.076953535,START HOLD,left,4,0.07307804989700095,2,32699,32651,33.0
769597.079344887,START HOLD,left,5,-0.4724179446097523,2,32716,32577,35.0
769597.079436291,START HOLD,left,7,-0.06885831998168968,2,32728,32858,33.0
769597.07945123,START HOLD,left,6,0.07115999084458657,2,32803,33050,35.0
769597.079458524,START HOLD,left,1,0.020523231860837043,2,32894,32815,31.0
769597.081735528,START HOLD,left,2,0.010549324788280856,2,32867,32682,32.0
769597.081789611,START HOLD,left,3,-0.2809956511787579,2,32868,32841,33.0
769597.081801634,START HOLD,left,4,0.07307804989700095,2,32760,32687,33.0
769597.081812314,START HOLD,left,5,-0.4724179446097523,2,32798,32753,35.0
769597.084066094,START HOLD,left,6,0.07115999084458657,2,32759,33087,35.0
769597.084097294,START HOLD,left,7,-0.0692419317921722,2,32820,32867,33.0
769597.08410564,START HOLD,left,8,-0.2468542000457763,2,32808,31500,32.0
769597.084121059,START HOLD,left,6,0.07115999084458657,2,32737,33078,35.0
769597.086405177,START HOLD,left,6,0.07115999084458657,2,32793,33114,35.0
769597.086445604,START HOLD,left,6,0.07115999084458657,2,32764,33048,35.0
769597.088795126,START HOLD,left,6,0.07115999084458657,2,32771,33082,35.0
769597.091545393,START HOLD,left,6,0.07115999084458657,2,32753,33105,35.0
769597.091578466,START HOLD,left,1,0.020523231860837043,2,32699,32750,31.0
769597.091591511,START HOLD,left,2,0.010932936598763376,2,32708,32671,32.0
769597.091604636,START HOLD,left,3,-0.2809956511787579,2,32911,32820,33.0
769597.091630686,START HOLD,right,1,0.00019180590524214836,2,32785,32557,31.0
769597.091638892,START HOLD,right,2,0.00019180590524214836,2,32658,32695,33.0
769597.091648981,START HOLD,right,3,0.00019180590524214836,2,32837,32777,33.0
769597.09165919,START HOLD,right,4,0.00019180590524214836,2,32811,32427,31.0
769597.093924131,START HOLD,left,4,0.07307804989700095,2,32762,32702,33.0
769597.093974057,START HOLD,left,5,-0.4724179446097523,2,32715,32734,35.0
769597.093988674,START HOLD,left,6,0.07115999084458657,2,32788,32998,35.0
769597.093999004,START HOLD,left,7,-0.0692419317921722,2,32783,32838,33.0
769597.094043148,START HOLD,right,5,-8.702166785959364e-05,2,32835,32800,35.0
769597.094057305,START HOLD,right,6,0.00019180590524214836,2,32765,32599,35.0
769597.094065992,START HOLD,right,7,1.3999913023575203,2,32819,30501,33.0
769597.094073546,START HOLD,right,8,0.12256397344930114,2,32691,32970,32.0
769597.0963297,START HOLD,left,8,-0.2468542000457763,2,32762,31616,32.0
769597.096388212,START HOLD,left,6,0.07115999084458657,2,32754,33085,35.0
769597.096411016,START HOLD,left,6,0.07115999084458657,2,32783,33072,35.0
769597.096427828,START HOLD,left,6,0.07115999084458657,2,32739,33035,35.0
769597.099047676,START HOLD,left,1,0.02090684367132134,2,32640,32750,31.0
769597.099106398,START HOLD,left,2,0.010549324788280856,2,32842,32640,32.0
769597.09911791,START HOLD,left,3,-0.2809956511787579,2,32793,32874,33.0
769597.101426234,START HOLD,left,6,0.07115999084458657,2,32740,33119,35.0
769597.101463144,START HOLD,left,4,0.07307804989700095,2,32781,32741,33.0
769597.101473494,START HOLD,left,5,-0.4724179446097523,2,32807,32782,35.0
769597.10148213,START HOLD,left,7,-0.06885831998168968,2,32784,33057,33.0
769597.103820181,START HOLD,left,6,0.07115999084458657,2,32764,33162,35.0
769597.103884684,START HOLD,left,1,0.02090684367132134,2,32801,32777,31.0
769597.103896757,START HOLD,left,2,0.010932936598763376,2,32734,32666,32.0
769597.103911525,START HOLD,left,3,-0.2809956511787579,2,32863,32952,33.0
769597.103919881,START HOLD,left,4,0.07269443808651843,2,32847,32707,33.0
769597.108008622,START HOLD,left,5,-0.4728015564202348,2,32789,32761,35.0
769597.108059569,START HOLD,left,6,0.07115999084458657,2,32821,33129,35.0
769597.108073044,START HOLD,left,7,-0.0692419317921722,2,32853,32893,33.0
769597.108082302,START HOLD,left,8,-0.24723781185625882,2,32817,31624,32.0
769597.108098453,START HOLD,left,6,0.07115999084458657,2,32770,33157,35.0
769597.108110045,START HOLD,left,6,0.07115999084458657,2,32800,33117,35.0
769597.108119613,START HOLD,left,6,0.07115999084458657,2,32749,33058,35.0
769597.110359897,START HOLD,left,6,0.07115999084458657,2,32796,33045,35.0
769597.1127149,START HOLD,left,1,0.02090684367132134,2,32696,32737,31.0
769597.112750107,START HOLD,left,2,0.010932936598763376,2,32529,32620,32.0
769597.11276196,START HOLD,left,3,-0.2809956511787579,2,32765,32852,33.0
769597.115017653,START HOLD,left,4,0.07307804989700095,2,32820,32765,33.0
769597.115086124,START HOLD,left,5,-0.4728015564202348,2,32737,32759,35.0
769597.115100181,START HOLD,left,6,0.07115999084458657,2,32721,33060,35.0
769597.115107815,START HOLD,left,7,-0.0692419317921722,2,32709,32938,33.0
769597.117329113,START HOLD,left,8,-0.24723781185625882,2,32766,31579,32.0
769597.11736921,START HOLD,left,6,0.07115999084458657,2,32795,33100,35.0
769597.117382274,START HOLD,left,6,0.07115999084458657,2,32769,33110,35.0
769597.117391272,START HOLD,left,6,0.07115999084458657,2,32853,33109,35.0
769597.119903515,START HOLD,left,6,0.07115999084458657,2,32707,33131,35.0
769597.119933071,START HOLD,left,1,0.020523231860837043,2,32970,32737,31.0
769597.119942359,START HOLD,left,2,0.010932936598763376,2,32899,32665,32.0
769597.119949612,START HOLD,left,3,-0.2809956511787579,2,32907,32936,33.0
769597.122305868,START HOLD,left,4,0.07269443808651843,2,32895,32688,33.0
769597.122343519,START HOLD,left,5,-0.4724179446097523,2,32751,32835,35.0
769597.12235456,START HOLD,left,7,-0.06885831998168968,2,32719,32950,33.0
769597.122366183,START HOLD,left,6,0.07115999084458657,2,32813,33040,35.0
769597.124864259,START HOLD,left,6,0.07115999084458657,2,32776,33083,35.0
769597.124898043,START HOLD,left,1,0.020523231860837043,2,32753,32752,31.0
769597.124909104,START HOLD,left,2,0.010932936598763376,2,32714,32635,32.0
769597.124917921,START HOLD,left,3,-0.2809956511787579,2,32752,32923,33.0
769597.127200075,START HOLD,left,4,0.07307804989700095,2,32687,32678,33.0
769597.127234801,START HOLD,left,5,-0.4728015564202348,2,32727,32796,35.0
769597.127248657,START HOLD,left,6,0.07115999084458657,2,32775,33090,35.0
769597.127257374,START HOLD,left,7,-0.0692419317921722,2,32717,32823,33.0
769597.129498429,START HOLD,left,8,-0.2468542000457763,2,32822,31514,32.0
769597.129591487,START HOLD,left,6,0.07115999084458657,2,32763,33135,35.0
769597.129605053,START HOLD,left,6,0.07115999084458657,2,32769,33141,35.0
769597.129614791,START HOLD,left,6,0.07115999084458657,2,32755,33097,35.0
769597.13193065,START HOLD,left,6,0.07115999084458657,2,32805,33093,35.0
769597.132012696,START HOLD,left,6,0.07115999084458657,2,32778,33089,35.0
769597.134237521,START HOLD,left,6,0.07115999084458657,2,32788,33111,35.0
769597.136511018,START HOLD,left,1,0.02090684367132134,2,32621,32738,31.0
769597.136536717,START HOLD,left,2,0.010549324788280856,2,32825,32668,32.0
769597.136547137,START HOLD,left,3,-0.2809956511787579,2,32705,32814,33.0
769597.138715784,START HOLD,left,4,0.07307804989700095,2,32802,32676,33.0
769597.138742315,START HOLD,left,5,-0.4728015564202348,2,32779,32780,35.0
769597.138751573,START HOLD,left,6,0.07115999084458657,2,32801,33047,35.0
769597.138758075,START HOLD,left,7,-0.0692419317921722,2,32736,32859,33.0
769597.141102628,START HOLD,left,8,-0.2468542000457763,2,32787,31561,32.0
769597.141124069,START HOLD,left,6,0.07115999084458657,2,32798,33092,35.0
769597.141133246,START HOLD,left,6,0.07115999084458657,2,32799,33080,35.0
769597.14114019,START HOLD,left,6,0.07115999084458657,2,32740,33097,35.0
769597.143312664,START HOLD,left,1,0.020523231860837043,2,32868,32781,31.0
769597.143333835,START HOLD,left,2,0.010932936598763376,2,32823,32675,32.0
769597.143341349,START HOLD,left,3,-0.2809956511787579,2,32864,32890,33.0
769597.143355376,START HOLD,right,1,0.00019180590524214836,2,32777,32506,31.0
769597.143361437,START HOLD,right,2,0.00019180590524214836,2,32844,32678,33.0
769597.143367028,START HOLD,right,3,0.00019180590524214836,2,32842,32740,33.0
769597.145510116,START HOLD,left,4,0.07307804989700095,2,32712,32696,33.0
769597.145544903,START HOLD,left,5,-0.4728015564202348,2,32817,32601,35.0
769597.145560092,START HOLD,left,7,-0.0692419317921722,2,32681,32800,33.0
769597.145576253,START HOLD,left,6,0.07115999084458657,2,32747,33102,35.0
769597.14562724,START HOLD,right,4,0.00019180590524214836,2,32701,32377,31.0
769597.145641828,START HOLD,right,5,0.00029659014262470307,2,32780,32871,35.0
769597.145653951,START HOLD,right,6,0.00019180590524214836,2,32760,32441,35.0
769597.145665273,START HOLD,right,7,1.4003749141680029,2,32775,30625,33.0
769597.148108193,START HOLD,left,6,0.07115999084458657,2,32833,33059,35.0
769597.148150454,START HOLD,left,6,0.07115999084458657,2,32742,33059,35.0
769597.148157908,START HOLD,left,1,0.020523231860837043,2,32656,32738,31.0
769597.148164801,START HOLD,left,2,0.010932936598763376,2,32749,32652,32.0
769597.148186482,START HOLD,right,8,0.12256397344930114,2,32697,32824,32.0
769597.150552396,START HOLD,left,3,-0.2809956511787579,2,32788,32851,33.0
769597.150617831,START HOLD,left,4,0.07307804989700095,2,32716,32668,33.0
769597.150629153,START HOLD,left,5,-0.4728015564202348,2,32781,32765,35.0
769597.150638601,START HOLD,left,6,0.07115999084458657,2,32784,33155,35.0
769597.152949429,START HOLD,left,7,-0.0692419317921722,2,32748,32904,33.0
769597.152987251,START HOLD,left,8,-0.2468542000457763,2,32694,31536,32.0
769597.153020054,START HOLD,left,6,0.07115999084458657,2,32724,33068,35.0
769597.153035994,START HOLD,left,6,0.07115999084458657,2,32790,33111,35.0
769597.155259837,START HOLD,left,6,0.07115999084458657,2,32744,33064,35.0
769597.155345891,START HOLD,left,6,0.07115999084458657,2,32782,33084,35.0
769597.157755067,START HOLD,left,6,0.07115999084458657,2,32773,33207,35.0
769597.157826233,START HOLD,left,6,0.07115999084458657,2,32742,32979,35.0
769597.161886389,START HOLD,left,1,0.020523231860837043,2,32647,32753,31.0
769597.161914112,START HOLD,left,2,0.010932936598763376,2,32718,32646,32.0
769597.161926325,START HOLD,left,3,-0.2809956511787579,2,32769,32812,33.0
769597.161935282,START HOLD,left,4,0.07307804989700095,2,32668,32625,33.0
769597.16194463,START HOLD,left,5,-0.4728015564202348,2,32773,32733,35.0
769597.161954048,START HOLD,left,6,0.07115999084458657,2,32778,33088,35.0
769597.164158403,START HOLD,left,7,-0.0692419317921722,2,32812,32999,33.0
769597.164205543,START HOLD,left,8,-0.2468542000457763,2,32802,31502,32.0
769597.164236242,START HOLD,left,6,0.07115999084458657,2,32777,33089,35.0
769597.16424564,START HOLD,left,1,0.020523231860837043,2,32812,32753,31.0
769597.166603158,START HOLD,left,2,0.010549324788280856,2,32801,32667,32.0
769597.166635579,START HOLD,left,3,-0.2809956511787579,2,32812,32882,33.0
769597.166644396,START HOLD,left,4,0.07307804989700095,2,32750,32774,33.0
769597.166651219,START HOLD,left,5,-0.4724179446097523,2,32757,32717,35.0
769597.168840957,START HOLD,left,7,-0.0692419317921722,2,32747,33015,33.0
769597.168868189,START HOLD,left,6,0.07115999084458657,2,32745,33090,35.0
769597.168878859,START HOLD,left,6,0.07115999084458657,2,32818,33096,35.0
769597.168888828,START HOLD,left,6,0.07115999084458657,2,32785,33107,35.0
769597.171146165,START HOLD,left,6,0.07115999084458657,2,32730,33077,35.0
769597.171174048,START HOLD,left,6,0.07115999084458657,2,32750,33084,35.0
769597.171181462,START HOLD,left,1,0.020523231860837043,2,32804,32744,31.0
769597.17339774,START HOLD,left,2,0.010549324788280856,2,32907,32634,32.0
769597.173430964,START HOLD,left,3,-0.2809956511787579,2,32652,32767,33.0
769597.173441664,START HOLD,left,4,0.07307804989700095,2,32804,32765,33.0
769597.17344993,START HOLD,left,5,-0.4724179446097523,2,32739,32805,35.0
769597.175638405,START HOLD,left,6,0.07115999084458657,2,32751,33085,35.0
769597.175669845,START HOLD,left,7,-0.0692419317921722,2,32723,32902,33.0
769597.175679563,START HOLD,left,8,-0.2468542000457763,2,32709,31478,32.0
769597.175694171,START HOLD,left,6,0.07115999084458657,2,32761,33121,35.0
769597.177849433,START HOLD,left,6,0.07115999084458657,2,32806,33082,35.0
769597.177866135,START HOLD,left,6,0.07115999084458657,2,32746,33111,35.0
769597.177873669,START HOLD,left,6,0.07115999084458657,2,32783,33121,35.0
769597.180035393,START HOLD,left,6,0.07115999084458657,2,32809,33125,35.0
769597.182496919,START HOLD,left,1,0.020523231860837043,2,32823,32791,31.0
769597.182524512,START HOLD,left,2,0.010932936598763376,2,32785,32637,32.0
769597.182533018,START HOLD,left,3,-0.2806120393682754,2,32832,32801,33.0
769597.184697388,START HOLD,left,4,0.07307804989700095,2,32762,32772,33.0
769597.18472484,START HOLD,left,5,-0.4728015564202348,2,32851,32715,35.0
769597.184734749,START HOLD,left,6,0.07115999084458657,2,32761,33078,35.0
769597.184742253,START HOLD,left,7,-0.0692419317921722,2,32800,32929,33.0
769597.186997295,START HOLD,left,8,-0.2468542000457763,2,32799,31515,32.0
769597.1870733,START HOLD,left,1,0.020523231860837043,2,32843,32773,31.0
769597.187084542,START HOLD,left,2,0.010549324788280856,2,32850,32638,32.0
769597.187092276,START HOLD,left,3,-0.2806120393682754,2,32789,32865,33.0
769597.18932696,START HOLD,left,4,0.07307804989700095,2,32875,32767,33.0
769597.189364371,START HOLD,left,5,-0.4724179446097523,2,32789,32752,35.0
769597.18937428,START HOLD,left,7,-0.0692419317921722,2,32765,32900,33.0
769597.189383558,START HOLD,left,6,0.07115999084458657,2,32760,33072,35.0
769597.191551424,START HOLD,left,6,0.07115999084458657,2,32747,33102,35.0
769597.191569438,START HOLD,left,6,0.07115999084458657,2,32788,33202,35.0
769597.191577373,START HOLD,left,6,0.07115999084458657,2,32755,33137,35.0
769597.193870408,START HOLD,left,6,0.07115999084458657,2,32738,33105,35.0
769597.193898902,START HOLD,left,6,0.07115999084458657,2,32686,33159,35.0
769597.193907769,START HOLD,left,1,0.020523231860837043,2,32764,32764,31.0
769597.193916606,START HOLD,left,2,0.010932936598763376,2,32822,32597,32.0
769597.193932767,START HOLD,right,1,0.00019180590524214836,2,32688,32548,31.0
769597.193940561,START HOLD,right,2,0.00019180590524214836,2,32853,32716,33.0
769597.193946843,START HOLD,right,3,0.00019180590524214836,2,32678,32657,33.0
769597.196209139,START HOLD,left,3,-0.2806120393682754,2,32785,32807,33.0
769597.196303319,START HOLD,left,4,0.07269443808651843,2,32804,32760,33.0
769597.196315072,START HOLD,left,5,-0.4724179446097523,2,32782,32829,35.0
769597.196321544,START HOLD,left,6,0.07115999084458657,2,32830,33127,35.0
769597.196338095,START HOLD,right,4,0.00019180590524214836,2,32782,32377,31.0
769597.196344508,START HOLD,right,5,0.00029659014262470307,2,32761,33003,35.0
769597.196350128,START HOLD,right,6,0.00019180590524214836,2,32716,32407,35.0
769597.19635606,START HOLD,right,7,1.3999913023575203,2,32789,30660,33.0
769597.19853129,START HOLD,left,7,-0.0692419317921722,2,32761,32900,33.0
769597.19855784,START HOLD,left,8,-0.2468542000457763,2,32665,31387,32.0
769597.19857338,START HOLD,left,6,0.07115999084458657,2,32808,33105,35.0
769597.198583139,START HOLD,left,6,0.07115999084458657,2,32719,33152,35.0
769597.198653112,START HOLD,right,8,0.12256397344930114,2,32758,32849,32.0
769597.200850975,START HOLD,left,6,0.07115999084458657,2,32723,33187,35.0
769597.200882185,START HOLD,left,6,0.07115999084458657,2,32873,33035,35.0
769597.203393806,START HOLD,left,6,0.07115999084458657,2,32838,33130,35.0
769597.20342201,START HOLD,left,1,0.02090684367132134,2,32639,32748,31.0
769597.203431418,START HOLD,left,2,0.010932936598763376,2,32744,32643,32.0
769597.20579091,START HOLD,left,3,-0.2809956511787579,2,32898,32815,33.0
769597.205901751,START HOLD,left,4,0.07307804989700095,2,32847,32766,33.0
769597.205913844,START HOLD,left,5,-0.4724179446097523,2,32731,32703,35.0
769597.205921809,START HOLD,left,7,-0.0692419317921722,2,32848,32830,33.0
769597.205933852,START HOLD,left,6,0.07115999084458657,2,32760,33203,35.0
769597.20835956,START HOLD,left,1,0.020523231860837043,2,32819,32778,31.0
769597.208433641,START HOLD,left,2,0.010549324788280856,2,32794,32624,32.0
769597.208446065,START HOLD,left,3,-0.2809956511787579,2,32989,32754,33.0
769597.208453319,START HOLD,left,4,0.07307804989700095,2,32784,32720,33.0
769597.21063954,START HOLD,left,5,-0.4728015564202348,2,32762,32765,35.0
769597.210662363,START HOLD,left,6,0.07115999084458657,2,32760,33108,35.0
769597.210669387,START HOLD,left,7,-0.0692419317921722,2,32791,32789,33.0
769597.21387386,START HOLD,left,8,-0.2468542000457763,2,32735,31219,32.0
769597.213897425,START HOLD,left,6,0.07115999084458657,2,32779,33069,35.0
769597.213908005,START HOLD,left,6,0.07115999084458657,2,32717,33125,35.0
769597.213915931,START HOLD,left,6,0.07115999084458657,2,32767,33167,35.0
769597.213922924,START HOLD,left,6,0.07115999084458657,2,32721,33102,35.0
769597.213929837,START HOLD,left,6,0.07115999084458657,2,32836,33084,35.0
769597.216149732,START HOLD,left,1,0.02090684367132134,2,32872,32741,31.0
769597.216168298,START HOLD,left,2,0.010549324788280856,2,32722,32617,32.0
769597.216174349,START HOLD,left,3,-0.2806120393682754,2,32699,32744,33.0
769597.218306517,START HOLD,left,4,0.07307804989700095,2,32653,32701,33.0
769597.21832388,START HOLD,left,5,-0.4728015564202348,2,32755,32847,35.0
769597.218330102,START HOLD,left,6,0.07115999084458657,2,32742,33112,35.0
769597.220522985,START HOLD,left,7,-0.0692419317921722,2,32747,32805,33.0
769597.220561749,START HOLD,left,8,-0.2468542000457763,2,32824,31535,32.0
769597.220579273,START HOLD,left,6,0.07115999084458657,2,32742,33076,35.0
769597.220590103,START HOLD,left,6,0.07115999084458657,2,32750,33047,35.0
769597.22281632,START HOLD,left,6,0.07115999084458657,2,32797,32981,35.0
769597.222915159,START HOLD,left,6,0.07115999084458657,2,32738,33058,35.0
769597.225360504,START HOLD,left,6,0.07115999084458657,2,32800,33103,35.0
769597.225397625,START HOLD,left,1,0.020523231860837043,2,32749,32743,31.0
769597.225414127,START HOLD,left,2,0.010549324788280856,2,32866,32637,32.0
769597.227708784,START HOLD,left,3,-0.2806120393682754,2,32840,32888,33.0
769597.22773811,START HOLD,left,4,0.07307804989700095,2,32803,32666,33.0
769597.227748069,START HOLD,left,5,-0.4724179446097523,2,32726,32739,35.0
769597.227757086,START HOLD,left,7,-0.0692419317921722,2,32733,32913,33.0
769597.229998793,START HOLD,left,6,0.07115999084458657,2,32764,33038,35.0
769597.230037527,START HOLD,left,1,0.02090684367132134,2,32851,32762,31.0
769597.230048408,START HOLD,left,2,0.010932936598763376,2,32730,32661,32.0
769597.23005486,START HOLD,left,3,-0.2806120393682754,2,32548,32804,34.0
769597.232240149,START HOLD,left,4,0.07307804989700095,2,32740,32712,33.0
769597.232283522,START HOLD,left,5,-0.4728015564202348,2,32764,32741,35.0
769597.232299001,START HOLD,left,6,0.07115999084458657,2,32775,33093,35.0
769597.232311666,START HOLD,left,7,-0.06885831998168968,2,32746,32816,33.0
769597.234512905,START HOLD,left,8,-0.2468542000457763,2,32815,31422,32.0
769597.234544706,START HOLD,left,6,0.07115999084458657,2,32773,33107,35.0
769597.234555316,START HOLD,left,6,0.07115999084458657,2,32706,33088,35.0
769597.234562259,START HOLD,left,6,0.07115999084458657,2,32788,33140,35.0
769597.236726689,START HOLD,left,6,0.07115999084458657,2,32820,33104,35.0
769597.23675377,START HOLD,left,6,0.07115999084458657,2,32786,33082,35.0
769597.239080589,START HOLD,left,6,0.07115999084458657,2,32747,33122,35.0
769597.239122209,START HOLD,left,1,0.02090684367132134,2,32758,32796,31.0
769597.23913359,START HOLD,left,2,0.010549324788280856,2,32797,32676,32.0
769597.241385707,START HOLD,left,3,-0.2806120393682754,2,32605,32801,33.0
769597.241415925,START HOLD,left,4,0.07307804989700095,2,32743,32773,33.0
769597.241424641,START HOLD,left,5,-0.4728015564202348,2,32825,32724,35.0
769597.241431164,START HOLD,left,6,0.07115999084458657,2,32778,33162,35.0
769597.243623486,START HOLD,left,7,-0.06885831998168968,2,32718,32769,33.0
769597.243648855,START HOLD,left,8,-0.2468542000457763,2,32744,31541,32.0
769597.243663863,START HOLD,left,6,0.07115999084458657,2,32788,33121,35.0
769597.243674103,START HOLD,left,6,0.07115999084458657,2,32772,33108,35.0
769597.246097155,START HOLD,left,6,0.07115999084458657,2,32786,33124,35.0
769597.246111072,START HOLD,left,1,0.020523231860837043,2,32751,32823,31.0
769597.246117614,START HOLD,left,2,0.010549324788280856,2,32777,32637,32.0
769597.246123846,START HOLD,left,3,-0.2806120393682754,2,32708,32876,33.0
769597.24613602,START HOLD,right,1,0.00019180590524214836,2,32894,32521,31.0
769597.246142221,START HOLD,right,2,0.00019180590524214836,2,32634,32697,33.0
769597.246147732,START HOLD,right,3,0.00019180590524214836,2,32801,32753,33.0
769597.248272856,START HOLD,left,4,0.07307804989700095,2,32477,32660,33.0
769597.248296231,START HOLD,left,5,-0.4728015564202348,2,32760,32854,35.0
769597.248302984,START HOLD,left,7,-0.06885831998168968,2,32724,32826,33.0
769597.248322,START HOLD,right,4,0.00019180590524214836,2,32575,32370,31.0
769597.248328302,START HOLD,right,5,0.00029659014262470307,2,32748,32937,35.0
769597.248334574,START HOLD,right,6,0.00019180590524214836,2,32823,32391,35.0
769597.248340084,START HOLD,right,7,1.3999913023575203,2,32829,30548,33.0
769597.250558567,START HOLD,left,6,0.07115999084458657,2,32786,33134,35.0
769597.250710016,START HOLD,left,6,0.07115999084458657,2,32783,33112,35.0
769597.250732799,START HOLD,left,1,0.020523231860837043,2,32805,32819,31.0
769597.250745103,START HOLD,left,2,0.010932936598763376,2,32646,32675,32.0
769597.250755523,START HOLD,left,3,-0.2806120393682754,2,32766,32819,33.0
769597.250800589,START HOLD,right,8,0.12256397344930114,2,32742,32760,32.0
769597.253122588,START HOLD,left,4,0.07269443808651843,2,32721,32768,33.0
769597.253277895,START HOLD,left,5,-0.4724179446097523,2,32682,32710,35.0
769597.253298023,START HOLD,left,6,0.07115999084458657,2,32739,33081,35.0
769597.253308042,START HOLD,left,7,-0.06885831998168968,2,32736,32887,33.0
769597.255773927,START HOLD,left,8,-0.2468542000457763,2,32685,31461,32.0
769597.255863287,START HOLD,left,6,0.07115999084458657,2,32808,33078,35.0
769597.255885339,START HOLD,left,6,0.07115999084458657,2,32779,33054,35.0
769597.255900699,START HOLD,left,6,0.07115999084458657,2,32747,33110,35.0
769597.255910507,START HOLD,left,6,0.07115999084458657,2,32801,33106,35.0
769597.258278044,START HOLD,left,6,0.07115999084458657,2,32733,33098,35.0
769597.260533006,START HOLD,left,6,0.07115999084458657,2,32807,33112,35.0
769597.262851259,START HOLD,left,1,0.02090684367132134,2,32743,32762,31.0
769597.262908057,START HOLD,left,2,0.010932936598763376,2,32883,32654,32.0
769597.262916193,START HOLD,left,3,-0.2806120393682754,2,32698,32781,33.0
769597.26683035,START HOLD,left,4,0.07269443808651843,2,32782,32732,33.0
769597.266881738,START HOLD,left,5,-0.4724179446097523,2,32713,32848,35.0
769597.266891016,START HOLD,left,6,0.07115999084458657,2,32751,33091,35.0
769597.266900524,START HOLD,left,7,-0.06885831998168968,2,32774,32916,33.0
769597.26690905,START HOLD,left,8,-0.2468542000457763,2,32778,31328,32.0
769597.266925051,START HOLD,left,6,0.07115999084458657,2,32733,33142,35.0
769597.266935831,START HOLD,left,6,0.07115999084458657,2,32795,33141,35.0
769597.26909999,START HOLD,left,1,0.02090684367132134,2,32728,32812,31.0
769597.26912646,START HOLD,left,2,0.010549324788280856,2,32897,32687,32.0
769597.269136279,START HOLD,left,3,-0.2806120393682754,2,32709,32808,33.0
769597.271279699,START HOLD,left,4,0.07269443808651843,2,32577,32655,33.0
769597.271328331,START HOLD,left,5,-0.4728015564202348,2,32769,32789,35.0
769597.271382084,START HOLD,left,7,-0.06885831998168968,2,32786,32824,33.0
769597.271392323,START HOLD,left,6,0.07115999084458657,2,32752,33155,35.0
769597.273699064,START HOLD,left,6,0.07115999084458657,2,32756,33115,35.0
769597.273732728,START HOLD,left,6,0.07115999084458657,2,32740,33136,35.0
769597.273747887,START HOLD,left,6,0.07115999084458657,2,32762,33114,35.0
769597.273757435,START HOLD,left,1,0.02090684367132134,2,32841,32819,31.0
769597.276114082,START HOLD,left,2,0.010932936598763376,2,32734,32647,32.0
769597.276169728,START HOLD,left,3,-0.2806120393682754,2,32711,32785,33.0
769597.276178635,START HOLD,left,4,0.07269443808651843,2,32710,32799,33.0
769597.276186059,START HOLD,left,5,-0.4728015564202348,2,32722,32760,35.0
769597.278379193,START HOLD,left,6,0.07115999084458657,2,32725,33166,35.0
769597.278402257,START HOLD,left,7,-0.06885831998168968,2,32777,32814,33.0
769597.278410242,START HOLD,left,8,-0.2468542000457763,2,32730,31475,32.0
769597.278440269,START HOLD,left,6,0.07115999084458657,2,32787,33127,35.0
769597.280616621,START HOLD,left,6,0.07115999084458657,2,32760,33108,35.0
769597.280641128,START HOLD,left,6,0.07115999084458657,2,32764,33070,35.0
769597.280650065,START HOLD,left,6,0.07115999084458657,2,32763,33094,35.0
769597.283072196,START HOLD,left,6,0.07115999084458657,2,32821,33130,35.0
769597.285795962,START HOLD,left,6,0.07115999084458657,2,32762,33088,35.0
769597.285839686,START HOLD,left,1,0.02090684367132134,2,32702,32841,31.0
769597.285853873,START HOLD,left,2,0.010932936598763376,2,32698,32646,32.0
769597.285868371,START HOLD,left,3,-0.2806120393682754,2,32786,32868,33.0
769597.288907819,START HOLD,left,4,0.07269443808651843,2,32793,32667,33.0
769597.2889918,START HOLD,left,5,-0.4728015564202348,2,32770,32864,35.0
769597.289016336,START HOLD,left,6,0.07115999084458657,2,32732,33095,35.0
769597.28902849,START HOLD,left,7,-0.06885831998168968,2,32786,32853,33.0
769597.289038058,START HOLD,left,8,-0.24723781185625882,2,32826,31452,32.0
769597.291470027,START HOLD,left,6,0.07115999084458657,2,32769,33076,35.0
769597.291571551,START HOLD,left,1,0.02090684367132134,2,32722,32776,31.0
769597.291584877,START HOLD,left,2,0.010932936598763376,2,32736,32662,32.0
769597.291594665,START HOLD,left,3,-0.2806120393682754,2,32622,32896,33.0
769597.291604905,START HOLD,left,4,0.07269443808651843,2,32621,32609,33.0
769597.293886067,START HOLD,left,5,-0.4728015564202348,2,32833,32813,35.0
769597.293928217,START HOLD,left,7,-0.06885831998168968,2,32727,32917,33.0
769597.293939709,START HOLD,left,6,0.07115999084458657,2,32718,33052,35.0
769597.293948857,START HOLD,left,6,0.07115999084458657,2,32774,33146,35.0
769597.296375055,START HOLD,left,6,0.07115999084458657,2,32778,33029,35.0
769597.296416625,START HOLD,left,6,0.07115999084458657,2,32805,33053,35.0
769597.296428638,START HOLD,left,1,0.02090684367132134,2,32752,32812,31.0
769597.296440851,START HOLD,left,2,0.010549324788280856,2,32697,32660,32.0
769597.296466931,START HOLD,right,1,0.00019180590524214836,2,32801,32575,31.0
769597.296476499,START HOLD,right,2,0.00019180590524214836,2,32698,32685,33.0
769597.296483602,START HOLD,right,3,0.00019180590524214836,2,32700,32722,33.0
769597.298734146,START HOLD,left,3,-0.2806120393682754,2,32740,32906,33.0
769597.298771798,START HOLD,left,4,0.07269443808651843,2,32868,32617,33.0
769597.298786305,START HOLD,left,5,-0.4728015564202348,2,32784,32833,35.0
769597.298799631,START HOLD,left,6,0.07115999084458657,2,32744,33140,35.0
769597.298826592,START HOLD,right,4,0.00019180590524214836,2,32747,32409,31.0
769597.298839647,START HOLD,right,5,0.00029659014262470307,2,32733,33099,35.0
769597.298849736,START HOLD,right,6,0.00019180590524214836,2,32832,32594,35.0
769597.298857652,START HOLD,right,7,1.4003749141680029,2,32770,30641,33.0
769597.298864885,START HOLD,right,8,0.12256397344930114,2,32691,32950,32.0
769597.301081725,START HOLD,left,7,-0.0692419317921722,2,32793,32794,33.0
769597.30112129,START HOLD,left,8,-0.2468542000457763,2,32793,31583,32.0
769597.301141098,START HOLD,left,6,0.07115999084458657,2,32771,33144,35.0
769597.301155064,START HOLD,left,6,0.07115999084458657,2,32771,33144,35.0
769597.303384828,START HOLD,left,6,0.07115999084458657,2,32740,33159,35.0
769597.30342776,START HOLD,left,6,0.07115999084458657,2,32779,33116,35.0
769597.305762535,START HOLD,left,6,0.07115999084458657,2,32759,33102,35.0
769597.305830364,START HOLD,left,6,0.07115999084458657,2,32753,33115,35.0
769597.30960231,START HOLD,left,1,0.02090684367132134,2,32752,32793,31.0
769597.309670029,START HOLD,left,2,0.010932936598763376,2,32792,32672,32.0
769597.309684547,START HOLD,left,3,-0.2806120393682754,2,32703,32827,33.0
769597.309695598,START HOLD,left,4,0.07269443808651843,2,32853,32691,33.0
769597.309704565,START HOLD,left,5,-0.4728015564202348,2,32771,32771,35.0
769597.312028388,START HOLD,left,6,0.07115999084458657,2,32756,33076,35.0
769597.31208173,START HOLD,left,7,-0.0692419317921722,2,32789,32982,33.0
769597.312095547,START HOLD,left,8,-0.2468542000457763,2,32800,31563,32.0
769597.312111307,START HOLD,left,1,0.02129045548180386,2,32637,32809,31.0
769597.312121566,START HOLD,left,2,0.010932936598763376,2,32741,32658,32.0
769597.314850482,START HOLD,left,3,-0.2806120393682754,2,32805,32898,33.0
769597.314896851,START HOLD,left,4,0.07269443808651843,2,32890,32665,33.0
769597.314908273,START HOLD,left,5,-0.4724179446097523,2,32789,32889,35.0
769597.3149172,START HOLD,left,7,-0.0692419317921722,2,32741,32914,33.0
769597.318581941,START HOLD,left,6,0.07115999084458657,2,32766,33093,35.0
769597.318627689,START HOLD,left,6,0.07115999084458657,2,32809,33124,35.0
769597.318677403,START HOLD,left,6,0.07115999084458657,2,32767,33094,35.0
769597.318722249,START HOLD,left,6,0.07115999084458657,2,32750,33074,35.0
769597.318762786,START HOLD,left,6,0.07115999084458657,2,32721,33124,35.0
769597.318775701,START HOLD,left,6,0.07115999084458657,2,32713,33117,35.0
769597.321375631,START HOLD,left,1,0.02090684367132134,2,32782,32831,31.0
769597.321445144,START HOLD,left,2,0.010932936598763376,2,32712,32664,32.0
769597.321457557,START HOLD,left,3,-0.2806120393682754,2,32798,32876,33.0
769597.323964119,START HOLD,left,4,0.07307804989700095,2,32685,32631,33.0
769597.324034103,START HOLD,left,5,-0.4724179446097523,2,32809,32766,35.0
769597.324046687,START HOLD,left,6,0.07115999084458657,2,32744,33097,35.0
769597.32405869,START HOLD,left,7,-0.0692419317921722,2,32811,32918,33.0
769597.324070492,START HOLD,left,8,-0.2468542000457763,2,32788,31485,32.0
769597.326496931,START HOLD,left,6,0.07115999084458657,2,32816,33126,35.0
769597.326533341,START HOLD,left,6,0.07115999084458657,2,32748,33109,35.0
769597.326546286,START HOLD,left,6,0.07115999084458657,2,32755,33149,35.0
769597.326555633,START HOLD,left,6,0.07115999084458657,2,32811,33107,35.0
769597.329038641,START HOLD,left,1,0.02090684367132134,2,32721,32792,31.0
769597.329062256,START HOLD,left,2,0.010549324788280856,2,32956,32689,32.0
769597.329070261,START HOLD,left,3,-0.2809956511787579,2,32591,32799,33.0
769597.331315464,START HOLD,left,4,0.07307804989700095,2,32777,32685,33.0
769597.331345041,START HOLD,left,6,0.07115999084458657,2,32808,33150,35.0
769597.331353036,START HOLD,left,5,-0.4728015564202348,2,32849,32833,35.0
769597.33136016,START HOLD,left,7,-0.06885831998168968,2,32720,33017,33.0
769597.333692399,START HOLD,left,6,0.07115999084458657,2,32786,33098,35.0
769597.333724801,START HOLD,left,1,0.02090684367132134,2,32607,32772,31.0
769597.333733567,START HOLD,left,2,0.010932936598763376,2,32826,32687,32.0
769597.333746101,START HOLD,left,3,-0.2806120393682754,2,32646,32874,33.0
769597.336044095,START HOLD,left,4,0.07307804989700095,2,32842,32699,33.0
769597.336065116,START HOLD,left,5,-0.4728015564202348,2,32748,32727,35.0
769597.33607245,START HOLD,left,6,0.07115999084458657,2,32805,33153,35.0
769597.338238843,START HOLD,left,7,-0.0692419317921722,2,32747,32923,33.0
769597.338266265,START HOLD,left,8,-0.2468542000457763,2,32761,31621,32.0
769597.338282235,START HOLD,left,6,0.07115999084458657,2,32765,33111,35.0
769597.338294729,START HOLD,left,6,0.07115999084458657,2,32801,33089,35.0
769597.340504635,START HOLD,left,6,0.07115999084458657,2,32798,33074,35.0
769597.340534382,START HOLD,left,6,0.07115999084458657,2,32795,33073,35.0
769597.340544571,START HOLD,left,6,0.07115999084458657,2,32704,33097,35.0
769597.342868866,START HOLD,left,1,0.02090684367132134,2,32572,32773,31.0
769597.342910355,START HOLD,left,2,0.010549324788280856,2,32791,32643,32.0
769597.342921436,START HOLD,left,3,-0.2809956511787579,2,32840,32914,33.0
769597.345154376,START HOLD,left,4,0.07269443808651843,2,32863,32659,33.0
769597.345190755,START HOLD,left,5,-0.4728015564202348,2,32755,32666,35.0
769597.345200213,START HOLD,left,6,0.07115999084458657,2,32769,33059,35.0
769597.345208038,START HOLD,left,7,-0.0692419317921722,2,32814,32860,33.0
769597.347593028,START HOLD,left,8,-0.2468542000457763,2,32789,31410,32.0
769597.347658233,START HOLD,left,6,0.07115999084458657,2,32778,33077,35.0
769597.347698039,START HOLD,left,6,0.07115999084458657,2,32778,33083,35.0
769597.347707827,START HOLD,left,6,0.07115999084458657,2,32674,33113,35.0
769597.3477356,START HOLD,right,1,0.00019180590524214836,2,32670,32539,31.0
769597.347748114,START HOLD,right,2,0.00019180590524214836,2,32774,32725,33.0
769597.347759867,START HOLD,right,3,0.00019180590524214836,2,33009,32769,33.0
769597.350326583,START HOLD,left,6,0.07115999084458657,2,32791,33132,35.0
769597.3503665,START HOLD,left,1,0.020523231860837043,2,32747,32761,31.0
769597.350378052,START HOLD,left,2,0.010932936598763376,2,32798,32631,32.0
769597.350387921,START HOLD,left,3,-0.2809956511787579,2,32795,32856,33.0
769597.350434018,START HOLD,right,4,0.00019180590524214836,2,32682,32339,31.0
769597.350448025,START HOLD,right,5,-8.702166785959364e-05,2,32783,32930,35.0
769597.350458445,START HOLD,right,6,0.00019180590524214836,2,32774,32389,35.0
769597.350468404,START HOLD,right,7,1.4003749141680029,2,32795,30406,33.0
769597.350478614,START HOLD,right,8,0.12256397344930114,2,32698,33046,32.0
769597.353062253,START HOLD,left,4,0.07307804989700095,2,32700,32687,33.0
769597.353097119,START HOLD,left,5,-0.4728015564202348,2,32808,32715,35.0
769597.3531083,START HOLD,left,7,-0.0692419317921722,2,32758,32940,33.0
769597.353120263,START HOLD,left,6,0.07115999084458657,2,32765,33106,35.0
769597.353131535,START HOLD,left,6,0.07115999084458657,2,32720,33106,35.0
769597.355691108,START HOLD,left,6,0.07115999084458657,2,32753,33133,35.0
769597.355728509,START HOLD,left,1,0.020523231860837043,2,32696,32791,31.0
769597.355740001,START HOLD,left,2,0.010932936598763376,2,32779,32664,32.0
769597.355748467,START HOLD,left,3,-0.2809956511787579,2,32781,32794,33.0
769597.358112538,START HOLD,left,4,0.07307804989700095,2,32643,32678,33.0
769597.358189033,START HOLD,left,5,-0.4728015564202348,2,32822,32743,35.0
769597.358204633,START HOLD,left,6,0.07115999084458657,2,32806,33138,35.0
769597.358217919,START HOLD,left,7,-0.0692419317921722,2,32738,32850,33.0
769597.360528476,START HOLD,left,8,-0.2468542000457763,2,32780,31564,32.0
769597.360560027,START HOLD,left,6,0.07115999084458657,2,32751,33140,35.0
769597.360576708,START HOLD,left,6,0.07115999084458657,2,32809,33115,35.0
769597.360588651,START HOLD,left,6,0.07115999084458657,2,32809,33051,35.0
769597.362805601,START HOLD,left,6,0.07115999084458657,2,32763,33117,35.0
769597.365136688,START HOLD,left,6,0.07115999084458657,2,32754,33045,35.0
769597.367406348,START HOLD,left,6,0.07115999084458657,2,32815,33130,35.0
769597.36744382,START HOLD,left,1,0.020523231860837043,2,32879,32831,31.0
769597.36745465,START HOLD,left,2,0.010549324788280856,2,32782,32648,32.0
769597.367461433,START HOLD,left,3,-0.2806120393682754,2,32681,32765,33.0
769597.371019952,START HOLD,left,4,0.07307804989700095,2,32641,32720,33.0
769597.371036804,START HOLD,left,5,-0.4724179446097523,2,32800,32815,35.0
769597.371044709,START HOLD,left,6,0.07077637903410405,2,32765,33120,35.0
769597.371051182,START HOLD,left,7,-0.06885831998168968,2,32728,32819,33.0
769597.371057844,START HOLD,left,8,-0.2468542000457763,2,32755,31529,32.0
769597.371070128,START HOLD,left,6,0.07115999084458657,2,32826,33010,35.0
769597.373219138,START HOLD,left,1,0.020523231860837043,2,32878,32779,31.0
769597.373248934,START HOLD,left,2,0.010549324788280856,2,32749,32640,32.0
769597.373257831,START HOLD,left,3,-0.2806120393682754,2,32610,32777,33.0
769597.373266768,START HOLD,left,6,0.07115999084458657,2,32773,33127,35.0
769597.375462958,START HOLD,left,4,0.07269443808651843,2,32913,32686,33.0
769597.375504337,START HOLD,left,5,-0.4728015564202348,2,32787,32846,35.0
769597.375517472,START HOLD,left,7,-0.0692419317921722,2,32762,32708,33.0
769597.377938321,START HOLD,left,6,0.07077637903410405,2,32784,33095,35.0
769597.377968128,START HOLD,left,6,0.07115999084458657,2,32742,33110,35.0
769597.377977966,START HOLD,left,6,0.07115999084458657,2,32735,33089,35.0
769597.377984409,START HOLD,left,1,0.02090684367132134,2,32707,32771,31.0
769597.380133078,START HOLD,left,2,0.010549324788280856,2,32850,32645,32.0
769597.380150521,START HOLD,left,3,-0.2806120393682754,2,32688,32846,33.0
769597.380157525,START HOLD,left,4,0.07307804989700095,2,32590,32716,33.0
769597.380163877,START HOLD,left,5,-0.4728015564202348,2,32760,32878,35.0
769597.382289632,START HOLD,left,6,0.07115999084458657,2,32851,33078,35.0
769597.382311965,START HOLD,left,7,-0.0692419317921722,2,32691,33017,33.0
769597.38231977,START HOLD,left,8,-0.2468542000457763,2,32761,31438,32.0
769597.382332294,START HOLD,left,6,0.07115999084458657,2,32779,33088,35.0
769597.384496282,START HOLD,left,6,0.07115999084458657,2,32789,33109,35.0
769597.384556437,START HOLD,left,6,0.07115999084458657,2,32816,33108,35.0
769597.384580633,START HOLD,left,6,0.07115999084458657,2,32716,33090,35.0
769597.386891923,START HOLD,left,6,0.07077637903410405,2,32750,33115,35.0
769597.389256263,START HOLD,left,6,0.07115999084458657,2,32734,33147,35.0
769597.389281331,START HOLD,left,1,0.020523231860837043,2,32785,32732,31.0
769597.389289236,START HOLD,left,2,0.010932936598763376,2,32731,32636,32.0
769597.391768116,START HOLD,left,3,-0.2809956511787579,2,32867,32783,33.0
769597.391798654,START HOLD,left,4,0.07307804989700095,2,32876,32761,33.0
769597.391808663,START HOLD,left,5,-0.4724179446097523,2,32737,32776,35.0
769597.391815857,START HOLD,left,6,0.07115999084458657,2,32737,33062,35.0
769597.39182268,START HOLD,left,7,-0.0692419317921722,2,32762,32861,33.0
769597.394007338,START HOLD,left,8,-0.2468542000457763,2,32823,31544,32.0
769597.394039168,START HOLD,left,6,0.07115999084458657,2,32775,33087,35.0
769597.394048516,START HOLD,left,1,0.020523231860837043,2,32825,32791,31.0
769597.396255266,START HOLD,left,2,0.010932936598763376,2,32650,32632,32.0
769597.396291876,START HOLD,left,3,-0.2809956511787579,2,32781,32805,33.0
769597.39630426,START HOLD,left,4,0.07269443808651843,2,32877,32717,33.0
769597.396311143,START HOLD,left,5,-0.4724179446097523,2,32809,32836,35.0
769597.398762509,START HOLD,left,7,-0.0692419317921722,2,32744,32844,33.0
769597.398879903,START HOLD,left,6,0.07115999084458657,2,32787,33133,35.0
769597.398918086,START HOLD,left,6,0.07115999084458657,2,32781,33140,35.0
769597.398955848,START HOLD,left,6,0.07115999084458657,2,32750,33167,35.0
769597.398980405,START HOLD,left,6,0.07077637903410405,2,32784,33157,35.0
769597.399047363,START HOLD,right,1,0.00019180590524214836,2,32772,32556,31.0
769597.399058494,START HOLD,right,2,0.00019180590524214836,2,32686,32703,33.0
769597.399066099,START HOLD,right,3,0.00019180590524214836,2,32881,32723,33.0
769597.399072651,START HOLD,right,4,0.00019180590524214836,2,32917,32407,31.0
769597.401369303,START HOLD,left,6,0.07115999084458657,2,32758,33069,35.0
769597.40139944,START HOLD,left,1,0.020523231860837043,2,32830,32741,31.0
769597.401408447,START HOLD,left,2,0.010549324788280856,2,32823,32622,32.0
769597.401431892,START HOLD,right,5,0.00029659014262470307,2,32720,33017,35.0
769597.401440799,START HOLD,right,6,0.00019180590524214836,2,32754,32502,35.0
769597.401448003,START HOLD,right,7,1.3999913023575203,2,32731,30610,33.0
769597.401455016,START HOLD,right,8,0.12256397344930114,2,32770,33269,32.0
769597.403652429,START HOLD,left,3,-0.2806120393682754,2,32580,32807,33.0
769597.40367952,START HOLD,left,4,0.07269443808651843,2,32855,32757,33.0
769597.40368989,START HOLD,left,5,-0.4724179446097523,2,32748,32814,35.0
769597.403698907,START HOLD,left,6,0.07115999084458657,2,32689,33161,35.0
769597.406029483,START HOLD,left,7,-0.06885831998168968,2,32753,32930,33.0
769597.406088215,START HOLD,left,8,-0.2468542000457763,2,32827,31487,32.0
769597.406113694,START HOLD,left,6,0.07115999084458657,2,32776,33123,35.0
769597.406130135,START HOLD,left,6,0.07115999084458657,2,32738,33061,35.0
769597.408515246,START HOLD,left,6,0.07077637903410405,2,32827,33097,35.0
769597.408547347,START HOLD,left,6,0.07077637903410405,2,32818,33113,35.0
769597.410909313,START HOLD,left,6,0.07115999084458657,2,32694,33105,35.0
769597.413394224,START HOLD,left,1,0.020523231860837043,2,32807,32747,31.0
769597.413461643,START HOLD,left,6,0.07115999084458657,2,32768,33113,35.0
769597.413472874,START HOLD,left,2,0.010932936598763376,2,32769,32641,32.0
769597.415684042,START HOLD,left,3,-0.2806120393682754,2,32793,32830,33.0
769597.415701025,START HOLD,left,4,0.07269443808651843,2,32796,32729,33.0
769597.415707347,START HOLD,left,5,-0.4724179446097523,2,32706,32923,35.0
769597.415712667,START HOLD,left,6,0.07115999084458657,2,32808,33084,35.0
769597.417974021,START HOLD,left,7,-0.0692419317921722,2,32722,32888,33.0
769597.418019128,START HOLD,left,8,-0.2468542000457763,2,32799,31614,32.0
769597.418031491,START HOLD,left,1,0.020523231860837043,2,32896,32741,31.0
769597.418038364,START HOLD,left,2,0.010932936598763376,2,32873,32615,32.0
769597.420271986,START HOLD,left,3,-0.2806120393682754,2,32783,32793,33.0
769597.420321951,START HOLD,left,4,0.07307804989700095,2,32726,32704,33.0
769597.420329796,START HOLD,left,5,-0.4728015564202348,2,32753,32711,35.0
769597.420336839,START HOLD,left,7,-0.0692419317921722,2,32780,32821,33.0
769597.424131248,START HOLD,left,6,0.07115999084458657,2,32745,33109,35.0
769597.424155895,START HOLD,left,6,0.07077637903410405,2,32746,33116,35.0
769597.424165553,START HOLD,left,6,0.07115999084458657,2,32787,33117,35.0
769597.4241744,START HOLD,left,6,0.07077637903410405,2,32750,33145,35.0
769597.424183828,START HOLD,left,6,0.07115999084458657,2,32789,33097,35.0
769597.424191533,START HOLD,left,6,0.07077637903410405,2,32796,33095,35.0
769597.426478206,START HOLD,left,1,0.020523231860837043,2,32647,32721,31.0
769597.426545013,START HOLD,left,2,0.010932936598763376,2,32616,32632,32.0
769597.426562436,START HOLD,left,3,-0.2806120393682754,2,32770,32849,33.0
769597.428763365,START HOLD,left,4,0.07307804989700095,2,32586,32750,33.0
769597.428787111,START HOLD,left,5,-0.4728015564202348,2,32763,32762,35.0
769597.428795096,START HOLD,left,6,0.07115999084458657,2,32733,33105,35.0
769597.428801979,START HOLD,left,7,-0.0692419317921722,2,32717,32890,33.0
769597.430964515,START HOLD,left,8,-0.2468542000457763,2,32747,31475,32.0
769597.430994662,START HOLD,left,6,0.07115999084458657,2,32693,33129,35.0
769597.43101455,START HOLD,left,6,0.07077637903410405,2,32781,33167,35.0
769597.433177176,START HOLD,left,6,0.07115999084458657,2,32789,33091,35.0
769597.43320027,START HOLD,left,6,0.07077637903410405,2,32785,33100,35.0
769597.435667467,START HOLD,left,6,0.07077637903410405,2,32776,33162,35.0
769597.435690711,START HOLD,left,1,0.020523231860837043,2,32684,32726,31.0
769597.435698867,START HOLD,left,2,0.010549324788280856,2,32732,32655,32.0
769597.435706071,START HOLD,left,3,-0.2806120393682754,2,32813,32900,33.0
769597.437993004,START HOLD,left,4,0.07307804989700095,2,32781,32660,33.0
769597.438029483,START HOLD,left,5,-0.4728015564202348,2,32714,32776,35.0
769597.438037078,START HOLD,left,7,-0.0692419317921722,2,32784,32867,33.0
769597.438053199,START HOLD,left,6,0.07077637903410405,2,32751,33082,35.0
769597.440221846,START HOLD,left,1,0.020523231860837043,2,32920,32718,31.0
769597.440250621,START HOLD,left,2,0.010932936598763376,2,32497,32631,32.0
769597.440258045,START HOLD,left,3,-0.2806120393682754,2,32799,32882,33.0
769597.440264978,START HOLD,left,4,0.07307804989700095,2,32839,32712,33.0
769597.442475365,START HOLD,left,5,-0.4728015564202348,2,32814,32764,35.0
769597.44253016,START HOLD,left,6,0.07115999084458657,2,32784,33048,35.0
769597.442542914,START HOLD,left,7,-0.0692419317921722,2,32714,32916,33.0
769597.442552051,START HOLD,left,8,-0.24723781185625882,2,32881,31496,32.0
769597.444861487,START HOLD,left,6,0.07077637903410405,2,32794,33035,35.0
769597.444890643,START HOLD,left,6,0.07077637903410405,2,32698,33104,35.0
769597.444901273,START HOLD,left,6,0.07077637903410405,2,32846,33091,35.0
769597.447107602,START HOLD,left,6,0.07077637903410405,2,32758,33042,35.0
769597.447177887,START HOLD,left,6,0.07077637903410405,2,32748,33087,35.0
769597.449702794,START HOLD,left,6,0.07077637903410405,2,32816,33114,35.0
769597.44973764,START HOLD,left,1,0.020523231860837043,2,32839,32762,31.0
769597.449747459,START HOLD,left,2,0.010932936598763376,2,32663,32606,32.0
769597.449753591,START HOLD,left,3,-0.2806120393682754,2,32675,32830,33.0
769597.449770072,START HOLD,right,1,0.00019180590524214836,2,32856,32562,31.0
769597.449776675,START HOLD,right,2,0.00019180590524214836,2,32809,32745,33.0
769597.449782245,START HOLD,right,3,0.00019180590524214836,2,32690,32802,33.0
769597.452015927,START HOLD,left,4,0.07307804989700095,2,32724,32695,33.0
769597.452052276,START HOLD,left,5,-0.4724179446097523,2,32754,32777,35.0
769597.452072665,START HOLD,left,6,0.07115999084458657,2,32687,33124,35.0
769597.45208565,START HOLD,left,7,-0.0692419317921722,2,32813,32874,33.0
769597.452111449,START HOLD,right,4,0.00019180590524214836,2,32903,32326,31.0
769597.452130255,START HOLD,right,5,-8.702166785959364e-05,2,32812,32978,35.0
769597.452150634,START HOLD,right,6,0.00019180590524214836,2,32726,32510,35.0
769597.452168287,START HOLD,right,7,1.3999913023575203,2,32834,30495,33.0
769597.454478876,START HOLD,left,8,-0.2468542000457763,2,32800,31501,32.0
769597.454525525,START HOLD,left,6,0.07115999084458657,2,32717,33090,35.0
769597.454539121,START HOLD,left,6,0.07077637903410405,2,32751,33113,35.0
769597.454547827,START HOLD,left,6,0.07115999084458657,2,32756,33113,35.0
769597.454569118,START HOLD,right,8,0.12256397344930114,2,32765,32834,32.0
769597.457166443,START HOLD,left,1,0.020523231860837043,2,32912,32726,31.0
769597.457249692,START HOLD,left,2,0.010549324788280856,2,32758,32636,32.0
769597.457264831,START HOLD,left,3,-0.2809956511787579,2,32915,32878,33.0
769597.457273367,START HOLD,left,4,0.07307804989700095,2,32750,32714,33.0
769597.459810277,START HOLD,left,5,-0.4724179446097523,2,32795,32771,35.0
769597.459847047,START HOLD,left,7,-0.0692419317921722,2,32807,32931,33.0
769597.459863488,START HOLD,left,6,0.07077637903410405,2,32766,33083,35.0
769597.459876814,START HOLD,left,6,0.07077637903410405,2,32746,33098,35.0
769597.462037807,START HOLD,left,1,0.020523231860837043,2,32765,32766,31.0
769597.462059899,START HOLD,left,2,0.010932936598763376,2,32841,32611,32.0
769597.462068896,START HOLD,left,3,-0.2806120393682754,2,32678,32927,33.0
769597.462075409,START HOLD,left,4,0.07307804989700095,2,32804,32688,33.0
769597.464248324,START HOLD,left,5,-0.4724179446097523,2,32761,32718,35.0
769597.464281006,START HOLD,left,6,0.07077637903410405,2,32830,33149,35.0
769597.464289963,START HOLD,left,7,-0.0692419317921722,2,32762,32858,33.0
769597.466499719,START HOLD,left,8,-0.2468542000457763,2,32760,31522,32.0
769597.466538904,START HOLD,left,6,0.07077637903410405,2,32780,33051,35.0
769597.466551778,START HOLD,left,6,0.07077637903410405,2,32745,33035,35.0
769597.466559944,START HOLD,left,6,0.07077637903410405,2,32763,33137,35.0
769597.468786412,START HOLD,left,6,0.07115999084458657,2,32765,33102,35.0
769597.468820577,START HOLD,left,6,0.07077637903410405,2,32751,33011,35.0
769597.471049369,START HOLD,left,6,0.07115999084458657,2,32754,33099,35.0
769597.471070589,START HOLD,left,1,0.020523231860837043,2,32770,32744,31.0
769597.471078414,START HOLD,left,2,0.010932936598763376,2,32760,32631,32.0
769597.473233035,START HOLD,left,3,-0.2806120393682754,2,32863,32900,33.0
769597.47325656,START HOLD,left,4,0.07307804989700095,2,32769,32723,33.0
769597.473264024,START HOLD,left,5,-0.4724179446097523,2,32775,32779,35.0
769597.473270647,START HOLD,left,6,0.07077637903410405,2,32819,33068,35.0
769597.476704668,START HOLD,left,7,-0.0692419317921722,2,32816,32737,33.0
769597.476743613,START HOLD,left,8,-0.2468542000457763,2,32719,31576,32.0
769597.476760545,START HOLD,left,6,0.07077637903410405,2,32825,33155,35.0
769597.476770504,START HOLD,left,6,0.07115999084458657,2,32724,33120,35.0
769597.476779631,START HOLD,left,6,0.07077637903410405,2,32756,33146,35.0
769597.479386775,START HOLD,left,6,0.07115999084458657,2,32765,33154,35.0
769597.479410841,START HOLD,left,1,0.020523231860837043,2,32697,32733,31.0
769597.479419438,START HOLD,left,2,0.010932936598763376,2,32810,32627,32.0
769597.479453262,START HOLD,left,3,-0.2809956511787579,2,32773,32882,33.0
769597.481670562,START HOLD,left,4,0.07269443808651843,2,32597,32753,33.0
769597.481698135,START HOLD,left,5,-0.4728015564202348,2,32785,32802,35.0
769597.481707372,START HOLD,left,7,-0.06885831998168968,2,32808,32930,33.0
769597.483889756,START HOLD,left,6,0.07077637903410405,2,32780,33015,35.0
769597.483916777,START HOLD,left,1,0.020523231860837043,2,32813,32824,31.0
769597.483925063,START HOLD,left,2,0.010932936598763376,2,32762,32635,32.0
769597.483931065,START HOLD,left,3,-0.2809956511787579,2,32828,32927,33.0
769597.486221033,START HOLD,left,4,0.07269443808651843,2,32904,32689,33.0
769597.48628742,START HOLD,left,5,-0.4728015564202348,2,32810,32760,35.0
769597.486304182,START HOLD,left,6,0.07077637903410405,2,32764,33115,35.0
769597.486318259,START HOLD,left,7,-0.06885831998168968,2,32655,32933,33.0
769597.488651711,START HOLD,left,8,-0.2468542000457763,2,32730,31441,32.0
769597.488696677,START HOLD,left,6,0.07077637903410405,2,32742,33181,35.0
769597.48871406,START HOLD,left,6,0.07077637903410405,2,32757,33112,35.0
769597.488722325,START HOLD,left,6,0.07077637903410405,2,32779,33036,35.0
769597.490963281,START HOLD,left,6,0.07077637903410405,2,32801,33057,35.0
769597.490991394,START HOLD,left,6,0.07077637903410405,2,32763,33079,35.0
769597.493224655,START HOLD,left,6,0.07115999084458657,2,32740,33109,35.0
769597.493241537,START HOLD,left,1,0.020523231860837043,2,32767,32785,31.0
769597.493249252,START HOLD,left,2,0.010932936598763376,2,32702,32649,32.0
769597.495440272,START HOLD,left,3,-0.2809956511787579,2,32908,32858,33.0
769597.495514434,START HOLD,left,4,0.07269443808651843,2,32953,32697,33.0
769597.495527769,START HOLD,left,5,-0.4728015564202348,2,32766,32835,35.0
769597.495536275,START HOLD,left,6,0.07115999084458657,2,32770,33116,35.0
769597.497847825,START HOLD,left,7,-0.0692419317921722,2,32814,32944,33.0
769597.497866261,START HOLD,left,8,-0.2468542000457763,2,32717,31567,32.0
769597.497879456,START HOLD,left,6,0.07077637903410405,2,32797,33123,35.0
769597.497915144,START HOLD,left,6,0.07115999084458657,2,32715,33087,35.0
769597.500477612,START HOLD,left,6,0.07077637903410405,2,32833,33147,35.0
769597.500501748,START HOLD,left,1,0.020523231860837043,2,32612,32793,31.0
769597.500509994,START HOLD,left,2,0.010549324788280856,2,32813,32630,32.0
769597.500516607,START HOLD,left,3,-0.2809956511787579,2,32933,32900,33.0
769597.500536174,START HOLD,right,1,0.00019180590524214836,2,32828,32546,31.0
769597.500543708,START HOLD,right,2,0.00019180590524214836,2,32676,32716,33.0
769597.500550411,START HOLD,right,3,0.00019180590524214836,2,32629,32724,33.0
769597.502721012,START HOLD,left,4,0.07269443808651843,2,32838,32713,33.0
769597.502742193,START HOLD,left,5,-0.4728015564202348,2,32766,32727,35.0
769597.502748785,START HOLD,left,7,-0.0692419317921722,2,32774,32907,33.0
769597.502757452,START HOLD,left,6,0.07077637903410405,2,32819,33068,35.0
769597.502771399,START HOLD,right,4,0.00019180590524214836,2,32810,32345,31.0
769597.502778552,START HOLD,right,5,0.00029659014262470307,2,32733,32976,35.0
769597.502785105,START HOLD,right,6,0.00019180590524214836,2,32722,32310,35.0
769597.502790856,START HOLD,right,7,1.3999913023575203,2,32755,30504,33.0
769597.505107565,START HOLD,left,6,0.07077637903410405,2,32753,33092,35.0
769597.505178902,START HOLD,left,6,0.07077637903410405,2,32743,33117,35.0
769597.505190584,START HOLD,left,1,0.02090684367132134,2,32747,32785,31.0
769597.505202156,START HOLD,left,2,0.010932936598763376,2,32761,32661,32.0
769597.505230841,START HOLD,right,8,0.12218036163881862,2,32816,32885,32.0
769597.506588871,TEMPORARY POSITION GAINS,left,3,-0.2809956511787579,2,32841,32934,33.0
769597.506613939,TEMPORARY POSITION GAINS,left,4,0.07307804989700095,2,32855,32763,33.0
769597.507779954,TEMPORARY POSITION GAINS,left,5,-0.4728015564202348,2,32764,32762,35.0
769597.507809901,TEMPORARY POSITION GAINS,left,6,0.07077637903410405,2,32788,33118,35.0
769597.508990954,TEMPORARY POSITION GAINS,left,7,-0.0692419317921722,2,32738,33005,33.0
769597.509066638,TEMPORARY POSITION GAINS,left,8,-0.2468542000457763,2,32802,31465,32.0
769597.51023603,TEMPORARY POSITION GAINS,left,6,0.07077637903410405,2,32741,33118,35.0
769597.511456769,TEMPORARY POSITION GAINS,left,6,0.07077637903410405,2,32759,33111,35.0
769597.511480253,TEMPORARY POSITION GAINS,left,6,0.07077637903410405,2,32770,33085,35.0
769597.512572116,TEMPORARY POSITION GAINS,left,6,0.07077637903410405,2,32730,33133,35.0
769597.514947528,TEMPORARY POSITION GAINS,left,6,0.07077637903410405,2,32802,33133,35.0
769597.514968308,TEMPORARY POSITION GAINS,left,1,0.02090684367132134,2,32669,32788,31.0
769597.516021297,TEMPORARY POSITION GAINS,left,2,0.010932936598763376,2,32800,32653,32.0
769597.516037157,TEMPORARY POSITION GAINS,left,3,-0.2809956511787579,2,32790,32801,33.0
769597.51719186,TEMPORARY POSITION GAINS,left,4,0.07269443808651843,2,32841,32687,33.0
769597.517245472,TEMPORARY POSITION GAINS,left,5,-0.4728015564202348,2,32745,32869,35.0
769597.518415885,TEMPORARY POSITION GAINS,left,6,0.07077637903410405,2,32694,33118,35.0
769597.518478585,TEMPORARY POSITION GAINS,left,7,-0.0692419317921722,2,32752,32931,33.0
769597.519621054,TEMPORARY POSITION GAINS,left,8,-0.24723781185625882,2,32802,31367,32.0
769597.520926124,TEMPORARY POSITION GAINS,left,6,0.07077637903410405,2,32775,33083,35.0
769597.520979927,TEMPORARY POSITION GAINS,left,6,0.07077637903410405,2,32757,33055,35.0
769597.522232486,TEMPORARY POSITION GAINS,left,6,0.07077637903410405,2,32797,33124,35.0
769597.522435574,TEMPORARY POSITION GAINS,left,6,0.07077637903410405,2,32763,33120,35.0
769597.524733648,TEMPORARY POSITION GAINS,left,6,0.07077637903410405,2,32775,33128,35.0
769597.526311008,TEMPORARY POSITION GAINS,left,1,0.02090684367132134,2,32733,32777,31.0
769597.526341396,TEMPORARY POSITION GAINS,left,2,0.010932936598763376,2,32700,32637,32.0
769597.527477192,TEMPORARY POSITION GAINS,left,6,0.07077637903410405,2,32724,33140,35.0
769597.527522529,TEMPORARY POSITION GAINS,left,3,-0.2806120393682754,2,32683,32882,33.0
769597.528677172,TEMPORARY POSITION GAINS,left,4,0.07307804989700095,2,32659,32754,33.0
769597.528724071,TEMPORARY POSITION GAINS,left,5,-0.4728015564202348,2,32828,32835,35.0
769597.529843888,TEMPORARY POSITION GAINS,left,6,0.07077637903410405,2,32780,33012,35.0
769597.529862203,TEMPORARY POSITION GAINS,left,7,-0.0692419317921722,2,32776,32920,33.0
769597.530946852,TEMPORARY POSITION GAINS,left,8,-0.2468542000457763,2,32793,31507,32.0
769597.532048002,TEMPORARY POSITION GAINS,left,1,0.02090684367132134,2,32863,32815,31.0
769597.532184313,TEMPORARY POSITION GAINS,left,6,0.07077637903410405,2,32735,33209,35.0
769597.533285403,TEMPORARY POSITION GAINS,left,6,0.07077637903410405,2,32799,33142,35.0
769597.534375613,TEMPORARY POSITION GAINS,left,6,0.07115999084458657,2,32711,33084,35.0
769597.53439485,TEMPORARY POSITION GAINS,left,2,0.010932936598763376,2,32755,32640,32.0
769597.535513865,TEMPORARY POSITION GAINS,left,6,0.07115999084458657,2,32747,33164,35.0
769597.536745294,TEMPORARY POSITION GAINS,left,6,0.07077637903410405,2,32765,33147,35.0
769597.53676942,TEMPORARY POSITION GAINS,left,1,0.02090684367132134,2,32854,32789,31.0
769597.537873486,TEMPORARY POSITION GAINS,left,2,0.010932936598763376,2,32634,32652,32.0
769597.537909746,TEMPORARY POSITION GAINS,left,3,-0.2806120393682754,2,32739,32775,33.0
769597.539013572,TEMPORARY POSITION GAINS,left,4,0.07269443808651843,2,32835,32746,33.0
769597.539026767,TEMPORARY POSITION GAINS,left,5,-0.4728015564202348,2,32727,32746,35.0
769597.540103842,TEMPORARY POSITION GAINS,left,6,0.07077637903410405,2,32796,33126,35.0
769597.540117838,TEMPORARY POSITION GAINS,left,7,-0.06885831998168968,2,32768,33033,33.0
769597.541218498,TEMPORARY POSITION GAINS,left,8,-0.24723781185625882,2,32775,31623,32.0
769597.542387628,TEMPORARY POSITION GAINS,left,3,-0.2809956511787579,2,32697,32898,33.0
769597.543616734,TEMPORARY POSITION GAINS,left,6,0.07115999084458657,2,32727,33090,35.0
769597.543635339,TEMPORARY POSITION GAINS,left,6,0.07077637903410405,2,32786,33067,35.0
769597.544741078,TEMPORARY POSITION GAINS,left,6,0.07077637903410405,2,32767,33104,35.0
769597.544759113,TEMPORARY POSITION GAINS,left,4,0.07307804989700095,2,32571,32763,33.0
769597.545857639,TEMPORARY POSITION GAINS,left,6,0.07077637903410405,2,32792,33091,35.0
769597.545989049,TEMPORARY POSITION GAINS,left,6,0.07077637903410405,2,32745,33074,35.0
769597.547093417,TEMPORARY POSITION GAINS,left,1,0.02090684367132134,2,32794,32839,31.0
769597.548223673,TEMPORARY POSITION GAINS,left,2,0.010932936598763376,2,32911,32651,32.0
769597.54824344,TEMPORARY POSITION GAINS,left,3,-0.2809956511787579,2,32650,32902,33.0
769597.549426117,TEMPORARY POSITION GAINS,left,4,0.07269443808651843,2,32909,32690,33.0
769597.54944358,TEMPORARY POSITION GAINS,left,5,-0.4728015564202348,2,32749,32791,35.0
769597.549456164,TEMPORARY POSITION GAINS,right,1,0.00019180590524214836,2,32907,32572,31.0
769597.550580148,TEMPORARY POSITION GAINS,left,6,0.07115999084458657,2,32683,33164,35.0
769597.550629202,TEMPORARY POSITION GAINS,left,7,-0.06885831998168968,2,32800,32815,33.0
769597.550651474,TEMPORARY POSITION GAINS,right,2,0.00019180590524214836,2,32908,32725,33.0
769597.550660462,TEMPORARY POSITION GAINS,right,3,0.00019180590524214836,2,32785,32656,33.0
769597.551807099,TEMPORARY POSITION GAINS,left,8,-0.24723781185625882,2,32736,31498,32.0
769597.551840383,TEMPORARY POSITION GAINS,left,5,-0.4728015564202348,2,32734,32753,35.0
769597.551869789,TEMPORARY POSITION GAINS,right,4,0.00019180590524214836,2,32770,32304,31.0
769597.551880038,TEMPORARY POSITION GAINS,right,5,0.00029659014262470307,2,32747,33055,35.0
769597.552989515,TEMPORARY POSITION GAINS,left,6,0.07077637903410405,2,32767,33177,35.0
769597.553067424,TEMPORARY POSITION GAINS,right,6,0.00019180590524214836,2,32775,32378,35.0
769597.553143449,TEMPORARY POSITION GAINS,right,7,1.3999913023575203,2,32832,30415,33.0
769597.553324374,TEMPORARY POSITION GAINS,right,8,0.12256397344930114,2,32813,32906,32.0
769597.554578597,TEMPORARY POSITION GAINS,left,6,0.07115999084458657,2,32740,33117,35.0
769597.554609005,TEMPORARY POSITION GAINS,left,6,0.07077637903410405,2,32779,33138,35.0
769597.554619224,TEMPORARY POSITION GAINS,left,6,0.07077637903410405,2,32737,33048,35.0
769597.555862406,TEMPORARY POSITION GAINS,left,6,0.07077637903410405,2,32820,33111,35.0
769597.556412445,TEMPORARY POSITION GAINS,left,6,0.07077637903410405,2,32738,33117,35.0
769597.557543784,TEMPORARY POSITION GAINS,left,1,0.02129045548180386,2,32665,32824,31.0
769597.557574222,TEMPORARY POSITION GAINS,left,2,0.010932936598763376,2,32766,32626,32.0
769597.558681274,TEMPORARY POSITION GAINS,left,3,-0.2806120393682754,2,32870,32905,33.0
769597.559838812,TEMPORARY POSITION GAINS,left,4,0.07269443808651843,2,32855,32685,33.0
769597.559907573,TEMPORARY POSITION GAINS,left,5,-0.4728015564202348,2,32726,32610,35.0
769597.559927301,TEMPORARY POSITION GAINS,left,6,0.07077637903410405,2,32814,33087,35.0
769597.561062447,TEMPORARY POSITION GAINS,left,7,-0.06885831998168968,2,32705,32730,33.0
769597.562204185,TEMPORARY POSITION GAINS,left,8,-0.2468542000457763,2,32744,31477,32.0
769597.562229042,TEMPORARY POSITION GAINS,left,7,-0.06885831998168968,2,32722,32946,33.0
769597.564284674,PLAYBACK,left,6,0.07077637903410405,2,32837,33102,35.0
769597.564301306,PLAYBACK,left,6,0.07077637903410405,2,32717,33104,35.0
769597.564310603,PLAYBACK,left,6,0.07077637903410405,2,32722,33158,35.0
769597.56547269,PLAYBACK,left,1,0.02090684367132134,2,32813,32820,31.0
769597.565513248,PLAYBACK,left,2,0.010932936598763376,2,32694,32616,32.0
769597.566667921,PLAYBACK,left,3,-0.2809956511787579,2,32797,32954,33.0
769597.56668856,PLAYBACK,left,4,0.07269443808651843,2,32967,32743,33.0
769597.567931972,PLAYBACK,left,5,-0.4728015564202348,2,32793,32880,35.0
769597.567953113,PLAYBACK,left,6,0.07077637903410405,2,32791,33082,35.0
769597.570015497,PLAYBACK,left,7,-0.06885831998168968,2,32763,32930,33.0
769597.570033231,PLAYBACK,left,6,0.07077637903410405,2,32809,33063,35.0
769597.570040195,PLAYBACK,left,1,0.02090684367132134,2,32651,32807,31.0
769597.570047008,PLAYBACK,left,2,0.010549324788280856,2,33019,32660,32.0
769597.571162526,PLAYBACK,left,3,-0.2809956511787579,2,32643,32797,33.0
769597.571182904,PLAYBACK,left,4,0.07269443808651843,2,32690,32732,33.0
769597.572287582,PLAYBACK,left,5,-0.4728015564202348,2,32739,32709,35.0
769597.572309965,PLAYBACK,left,7,-0.06885831998168968,2,32719,32856,33.0
769597.572906603,PLAYBACK,left,6,0.07077637903410405,2,32790,33136,35.0
769597.574340258,PLAYBACK,left,1,0.02090684367132134,2,32863,32846,31.0
769597.574370396,PLAYBACK,left,2,0.010932936598763376,2,32807,32599,32.0
769597.575547461,PLAYBACK,left,3,-0.2806120393682754,2,32695,32867,33.0
769597.575572389,PLAYBACK,left,4,0.07269443808651843,2,32845,32768,33.0
769597.576726511,PLAYBACK,left,5,-0.4728015564202348,2,32831,32774,35.0
769597.576770344,PLAYBACK,left,6,0.07077637903410405,2,32758,33141,35.0
769597.578274995,PLAYBACK,left,7,-0.06885831998168968,2,32778,32832,33.0
769597.578295444,PLAYBACK,left,8,-0.2468542000457763,2,32733,31485,32.0
769597.57830945,PLAYBACK,left,6,0.07077637903410405,2,32825,33106,35.0
769597.582139488,PLAYBACK,left,1,0.02090684367132134,2,32691,32798,31.0
769597.582165016,PLAYBACK,left,2,0.010932936598763376,2,32819,32650,32.0
769597.582180486,PLAYBACK,left,3,-0.2806120393682754,2,32873,32870,33.0
769597.58219331,PLAYBACK,left,4,0.07269443808651843,2,32725,32778,33.0
769597.582205293,PLAYBACK,left,5,-0.4724179446097523,2,32715,32830,35.0
769597.582216985,PLAYBACK,left,7,-0.06885831998168968,2,32755,32923,33.0
769597.582826708,PLAYBACK,left,1,0.02129045548180386,2,32595,32830,31.0
769597.585449472,PLAYBACK,left,2,0.010932936598763376,2,32749,32671,32.0
769597.585473829,PLAYBACK,left,3,-0.2809956511787579,2,32641,32797,33.0
769597.585487755,PLAYBACK,left,4,0.07269443808651843,2,32821,32758,33.0
769597.585499438,PLAYBACK,left,5,-0.4728015564202348,2,32820,32796,35.0
769597.5855114,PLAYBACK,left,7,-0.06885831998168968,2,32785,32931,33.0
769597.586668518,PLAYBACK,left,1,0.02090684367132134,2,32625,32824,31.0
769597.586702102,PLAYBACK,left,2,0.010932936598763376,2,32718,32625,32.0
769597.587981834,PLAYBACK,left,3,-0.2809956511787579,2,32753,32788,33.0
769597.588015057,PLAYBACK,left,4,0.07269443808651843,2,32711,32706,33.0
769597.594305057,ERROR,left,5,-0.4728015564202348,2,32774,32798,35.0
769597.594329764,ERROR,left,6,0.07077637903410405,2,32827,33123,35.0
769597.594339312,ERROR,left,7,-0.06885831998168968,2,32755,32780,33.0
769597.594347298,ERROR,left,8,-0.24723781185625882,2,32842,31492,32.0
769597.594358068,ERROR,left,1,0.02090684367132134,2,32831,32787,31.0
769597.594365502,ERROR,left,2,0.010932936598763376,2,32806,32634,32.0
769597.594372566,ERROR,left,3,-0.2809956511787579,2,32971,32832,33.0
769597.594378667,ERROR,left,4,0.07269443808651843,2,32749,32739,33.0
769597.594386112,ERROR,left,5,-0.4728015564202348,2,32778,32783,35.0
769597.594392955,ERROR,left,7,-0.0692419317921722,2,32805,32702,33.0
769597.594399056,ERROR,left,1,0.02090684367132134,2,32532,32796,31.0
769597.602329737,CANCEL HOLD,left,2,0.010932936598763376,2,32667,32633,32.0
769597.60239461,CANCEL HOLD,left,3,-0.2806120393682754,2,32777,32818,33.0
769597.602405912,CANCEL HOLD,left,4,0.07269443808651843,2,32616,32610,33.0
769597.602416392,CANCEL HOLD,left,5,-0.4728015564202348,2,32798,32796,35.0
769597.602424678,CANCEL HOLD,left,7,-0.06885831998168968,2,32767,32849,33.0
769597.602432793,CANCEL HOLD,left,1,0.02090684367132134,2,32704,32816,31.0
769597.602442211,CANCEL HOLD,left,2,0.010932936598763376,2,32601,32623,32.0
769597.602452511,CANCEL HOLD,left,3,-0.2806120393682754,2,32908,32838,33.0
769597.602475174,CANCEL HOLD,left,4,0.07269443808651843,2,32832,32750,33.0
769597.602487608,CANCEL HOLD,left,5,-0.4728015564202348,2,32808,32743,35.0
769597.602495613,CANCEL HOLD,left,6,0.07077637903410405,2,32742,33113,35.0
769597.602504039,CANCEL HOLD,left,7,-0.06885831998168968,2,32799,32952,33.0
769597.602512145,CANCEL HOLD,left,8,-0.24723781185625882,2,32832,31489,32.0
769597.612556698,CANCEL HOLD,left,1,0.02090684367132134,2,32820,32793,31.0
769597.612670365,CANCEL HOLD,left,2,0.010549324788280856,2,32854,32626,32.0
769597.612683319,CANCEL HOLD,left,3,-0.2806120393682754,2,32684,32819,33.0
769597.612694471,CANCEL HOLD,left,4,0.07269443808651843,2,32667,32735,33.0
769597.612703608,CANCEL HOLD,left,5,-0.4728015564202348,2,32780,32824,35.0
769597.612712495,CANCEL HOLD,left,7,-0.06885831998168968,2,32817,32870,33.0
769597.612721662,CANCEL HOLD,left,1,0.02090684367132134,2,32824,32759,31.0
769597.612730419,CANCEL HOLD,left,2,0.010549324788280856,2,32892,32640,32.0
769597.612750327,CANCEL HOLD,left,3,-0.2806120393682754,2,32797,32835,33.0
769597.61276763,CANCEL HOLD,left,4,0.07307804989700095,2,32692,32712,33.0
769597.612778581,CANCEL HOLD,left,5,-0.4728015564202348,2,32734,32659,35.0
769597.61278832,CANCEL HOLD,left,6,0.07077637903410405,2,32773,33040,35.0
769597.612801254,CANCEL HOLD,left,7,-0.0692419317921722,2,32791,32864,33.0
769597.612813828,CANCEL HOLD,left,1,0.02090684367132134,2,32760,32795,31.0
769597.612824158,CANCEL HOLD,left,2,0.010932936598763376,2,32812,32609,32.0
769597.612833606,CANCEL HOLD,left,3,-0.2806120393682754,2,32777,32904,33.0
769597.612841341,CANCEL HOLD,left,4,0.07269443808651843,2,32759,32759,33.0
769597.612876718,CANCEL HOLD,right,1,0.00019180590524214836,2,32863,32549,31.0
769597.612890174,CANCEL HOLD,right,2,0.00019180590524214836,2,32870,32717,33.0
769597.612900584,CANCEL HOLD,right,3,0.00019180590524214836,2,32846,32808,33.0
769597.612912256,CANCEL HOLD,right,4,0.00019180590524214836,2,32487,32272,31.0
769597.612921343,CANCEL HOLD,right,5,0.00029659014262470307,2,32749,32967,35.0
769597.61293023,CANCEL HOLD,right,6,0.00019180590524214836,2,32845,32396,35.0
769597.612938797,CANCEL HOLD,right,7,1.4003749141680029,2,32785,30712,33.0
769597.612947373,CANCEL HOLD,right,8,0.12256397344930114,2,32684,32974,32.0
769597.61887941,CANCEL HOLD,left,5,-0.4728015564202348,2,32732,32708,35.0
769597.618933433,CANCEL HOLD,left,7,-0.06885831998168968,2,32801,32765,33.0
769597.618946127,CANCEL HOLD,left,1,0.02090684367132134,2,32766,32744,31.0
769597.618955275,CANCEL HOLD,left,2,0.010932936598763376,2,32833,32621,32.0
769597.618963811,CANCEL HOLD,left,3,-0.2806120393682754,2,32858,32758,33.0
769597.618972127,CANCEL HOLD,left,4,0.07269443808651843,2,32816,32773,33.0
769597.618979331,CANCEL HOLD,left,5,-0.4728015564202348,2,32774,32711,35.0
769597.618989189,CANCEL HOLD,left,6,0.07077637903410405,2,32791,33135,35.0
769597.618997064,CANCEL HOLD,left,7,-0.06885831998168968,2,32780,32782,33.0
769597.619017073,CANCEL HOLD,left,8,-0.2468542000457763,2,32797,31624,32.0
769597.619030639,CANCEL HOLD,left,1,0.02090684367132134,2,32807,32780,31.0
769597.621450075,CANCEL HOLD,left,2,0.010932936598763376,2,32888,32623,32.0
769597.621623465,CANCEL HOLD,left,3,-0.2806120393682754,2,32728,32858,33.0
769597.621643724,CANCEL HOLD,left,4,0.07269443808651843,2,32699,32753,33.0
769597.621657089,CANCEL HOLD,left,5,-0.4728015564202348,2,32830,32828,35.0
769597.624063,CANCEL HOLD,left,7,-0.06885831998168968,2,32773,32805,33.0
769597.624112053,CANCEL HOLD,left,1,0.02090684367132134,2,32758,32789,31.0
769597.624123305,CANCEL HOLD,left,2,0.010932936598763376,2,32808,32627,32.0
769597.624132743,CANCEL HOLD,left,3,-0.2806120393682754,2,32864,32836,33.0
769597.626514897,CANCEL HOLD,left,4,0.07307804989700095,2,32649,32821,33.0
769597.626558661,CANCEL HOLD,left,5,-0.4728015564202348,2,32758,32742,35.0
769597.626568479,CANCEL HOLD,left,6,0.07077637903410405,2,32808,33085,35.0
769597.626577076,CANCEL HOLD,left,7,-0.0692419317921722,2,32812,32692,33.0
769597.629212203,CANCEL HOLD,left,8,-0.2468542000457763,2,32763,31519,32.0
769597.629276536,CANCEL HOLD,left,1,0.02090684367132134,2,32853,32761,31.0
769597.629296975,CANCEL HOLD,left,2,0.010932936598763376,2,32787,32641,32.0
769597.629306714,CANCEL HOLD,left,3,-0.2809956511787579,2,32549,32822,33.0
769597.629314819,CANCEL HOLD,left,4,0.07269443808651843,2,32937,32782,33.0
769597.631532971,CANCEL HOLD,left,5,-0.4728015564202348,2,32783,32788,35.0
769597.63157473,CANCEL HOLD,left,6,0.07077637903410405,2,32798,33133,35.0
769597.631583487,CANCEL HOLD,left,7,-0.0692419317921722,2,32822,32810,33.0
769597.633818541,CANCEL HOLD,left,8,-0.2468542000457763,2,32771,31509,32.0
769597.633867755,CANCEL HOLD,left,1,0.02090684367132134,2,32868,32753,31.0
769597.633881512,CANCEL HOLD,left,2,0.010932936598763376,2,32659,32623,32.0
769597.633889246,CANCEL HOLD,left,3,-0.2809956511787579,2,32804,32839,33.0
769597.636068163,CANCEL HOLD,left,4,0.07269443808651843,2,32966,32797,33.0
769597.636106847,CANCEL HOLD,left,5,-0.4728015564202348,2,32805,32790,35.0
769597.636116075,CANCEL HOLD,left,7,-0.0692419317921722,2,32754,32885,33.0
769597.638447352,CANCEL HOLD,left,1,0.02090684367132134,2,32757,32771,31.0
769597.638483251,CANCEL HOLD,left,2,0.010932936598763376,2,32845,32613,32.0
769597.638491757,CANCEL HOLD,left,3,-0.2806120393682754,2,32697,32804,33.0
769597.640708115,CANCEL HOLD,left,4,0.07269443808651843,2,32696,32824,33.0
769597.640745847,CANCEL HOLD,left,5,-0.4728015564202348,2,32757,32809,35.0
769597.640754914,CANCEL HOLD,left,6,0.07077637903410405,2,32792,33111,35.0
769597.640762469,CANCEL HOLD,left,7,-0.06885831998168968,2,32756,32878,33.0
769597.643081483,CANCEL HOLD,left,8,-0.2468542000457763,2,32707,31453,32.0
769597.650341724,CANCEL HOLD,left,1,0.02090684367132134,2,32842,32767,31.0
769597.650383945,CANCEL HOLD,left,2,0.010932936598763376,2,32721,32633,32.0
769597.650394244,CANCEL HOLD,left,3,-0.2809956511787579,2,32897,32780,33.0
769597.650401358,CANCEL HOLD,left,4,0.07269443808651843,2,32868,32794,33.0
769597.652655629,CANCEL HOLD,left,5,-0.4728015564202348,2,32795,32738,35.0
769597.65270864,CANCEL HOLD,left,6,0.07077637903410405,2,32771,33058,35.0
769597.652719611,CANCEL HOLD,left,7,-0.06885831998168968,2,32668,32716,33.0
769597.655289123,CANCEL HOLD,left,8,-0.2468542000457763,2,32779,31580,32.0
769597.655463896,CANCEL HOLD,left,1,0.02090684367132134,2,32877,32770,31.0
769597.655510896,CANCEL HOLD,left,2,0.010932936598763376,2,32818,32616,32.0
769597.655521176,CANCEL HOLD,left,3,-0.2806120393682754,2,32722,32816,33.0
769597.655531034,CANCEL HOLD,left,4,0.07307804989700095,2,32705,32776,33.0
769597.655584246,CANCEL HOLD,right,1,0.00019180590524214836,2,32742,32543,31.0
769597.655599996,CANCEL HOLD,right,2,0.00019180590524214836,2,32698,32716,33.0
769597.655625434,CANCEL HOLD,right,3,0.00019180590524214836,2,32848,32695,33.0
769597.655634091,CANCEL HOLD,right,4,0.00019180590524214836,2,32808,32366,31.0
769597.657887791,CANCEL HOLD,left,5,-0.4728015564202348,2,32779,32812,35.0
769597.657938147,CANCEL HOLD,left,7,-0.0692419317921722,2,32758,32783,33.0
769597.657972172,CANCEL HOLD,right,5,0.00029659014262470307,2,32756,33019,35.0
769597.65798708,CANCEL HOLD,right,6,0.00019180590524214836,2,32799,32451,35.0
769597.657999293,CANCEL HOLD,right,7,1.3999913023575203,2,32824,30399,33.0
769597.658017648,CANCEL HOLD,right,8,0.12218036163881862,2,32870,32978,32.0
769597.660424791,CANCEL HOLD,left,1,0.02090684367132134,2,32759,32729,31.0
769597.660469476,CANCEL HOLD,left,2,0.010932936598763376,2,32656,32616,32.0
769597.660481469,CANCEL HOLD,left,3,-0.2809956511787579,2,32804,32829,33.0
769597.662750778,CANCEL HOLD,left,4,0.07269443808651843,2,32901,32776,33.0
769597.662799922,CANCEL HOLD,left,5,-0.4724179446097523,2,32739,32832,35.0
769597.662814019,CANCEL HOLD,left,6,0.07077637903410405,2,32781,33089,35.0
769597.662824108,CANCEL HOLD,left,7,-0.0692419317921722,2,32807,32957,33.0
769597.665049684,CANCEL HOLD,left,8,-0.2468542000457763,2,32802,31589,32.0
769597.671435978,CANCEL HOLD,left,1,0.02090684367132134,2,32822,32783,31.0
769597.671465745,CANCEL HOLD,left,2,0.010932936598763376,2,32873,32634,32.0
769597.671474812,CANCEL HOLD,left,3,-0.2809956511787579,2,32837,32858,33.0
769597.673715898,CANCEL HOLD,left,4,0.07269443808651843,2,32858,32770,33.0
769597.67374852,CANCEL HOLD,left,5,-0.4728015564202348,2,32757,32747,35.0
769597.673757828,CANCEL HOLD,left,7,-0.06885831998168968,2,32776,32834,33.0
769597.673764731,CANCEL HOLD,left,1,0.02090684367132134,2,32657,32737,31.0
769597.67596596,CANCEL HOLD,left,2,0.010932936598763376,2,32675,32595,32.0
769597.676055361,CANCEL HOLD,left,3,-0.2809956511787579,2,32749,32905,33.0
769597.676066532,CANCEL HOLD,left,4,0.07269443808651843,2,32871,32761,33.0
769597.676074497,CANCEL HOLD,left,5,-0.4728015564202348,2,32838,32833,35.0
769597.678294192,CANCEL HOLD,left,6,0.07077637903410405,2,32772,33077,35.0
769597.678342484,CANCEL HOLD,left,7,-0.06885831998168968,2,32771,32883,33.0
769597.678357102,CANCEL HOLD,left,8,-0.24723781185625882,2,32799,31384,32.0
769597.685162345,CANCEL HOLD,left,1,0.020523231860837043,2,32970,32748,31.0
769597.685239643,CANCEL HOLD,left,2,0.010932936598763376,2,32656,32636,32.0
769597.685252006,CANCEL HOLD,left,3,-0.2806120393682754,2,32788,32840,33.0
769597.687499394,CANCEL HOLD,left,4,0.07269443808651843,2,32901,32808,33.0
769597.687541144,CANCEL HOLD,left,5,-0.4724179446097523,2,32717,32749,35.0
769597.687551954,CANCEL HOLD,left,6,0.07077637903410405,2,32775,33216,35.0
769597.687561092,CANCEL HOLD,left,7,-0.0692419317921722,2,32772,32865,33.0
769597.689773272,CANCEL HOLD,left,8,-0.2468542000457763,2,32776,31449,32.0
769597.692304201,CANCEL HOLD,left,1,0.020523231860837043,2,32806,32743,31.0
769597.692338135,CANCEL HOLD,left,2,0.010932936598763376,2,32825,32635,32.0
769597.692346622,CANCEL HOLD,left,3,-0.2806120393682754,2,32742,32877,33.0
769597.694511331,CANCEL HOLD,left,4,0.07269443808651843,2,32751,32800,33.0
769597.694533053,CANCEL HOLD,left,5,-0.4724179446097523,2,32720,32746,35.0
769597.694546348,CANCEL HOLD,left,7,-0.0692419317921722,2,32736,32924,33.0
769597.696808294,CANCEL HOLD,left,1,0.020523231860837043,2,32783,32770,31.0
769597.696841527,CANCEL HOLD,left,2,0.010932936598763376,2,32891,32621,32.0
769597.696855333,CANCEL HOLD,left,3,-0.2809956511787579,2,32691,32809,33.0
769597.699035442,CANCEL HOLD,left,4,0.07269443808651843,2,32845,32778,33.0
769597.699059949,CANCEL HOLD,left,5,-0.4724179446097523,2,32733,32746,35.0
769597.699067023,CANCEL HOLD,left,6,0.07077637903410405,2,32790,33119,35.0
769597.699073295,CANCEL HOLD,left,7,-0.0692419317921722,2,32867,32889,33.0
769597.701276779,CANCEL HOLD,left,8,-0.24723781185625882,2,32862,31396,32.0
769597.706058071,CANCEL HOLD,right,1,0.00019180590524214836,2,32864,32582,31.0
769597.706089701,CANCEL HOLD,right,2,0.00019180590524214836,2,32896,32734,33.0
769597.706098077,CANCEL HOLD,right,3,0.00019180590524214836,2,32777,32633,33.0
769597.708294427,CANCEL HOLD,left,1,0.020523231860837043,2,32740,32773,31.0
769597.7083273,CANCEL HOLD,left,2,0.010932936598763376,2,32750,32606,32.0
769597.708339303,CANCEL HOLD,left,3,-0.2806120393682754,2,32638,32878,33.0
769597.708370111,CANCEL HOLD,right,4,0.00019180590524214836,2,32836,32365,31.0
769597.70838018,CANCEL HOLD,right,5,0.00029659014262470307,2,32786,32929,35.0
769597.708390761,CANCEL HOLD,right,6,0.00019180590524214836,2,32711,32490,35.0
769597.708396772,CANCEL HOLD,right,7,1.3999913023575203,2,32775,30347,33.0
769597.710585378,CANCEL HOLD,left,4,0.07269443808651843,2,32969,32761,33.0
769597.710632658,CANCEL HOLD,left,5,-0.4728015564202348,2,32758,32641,35.0
769597.710648348,CANCEL HOLD,left,6,0.07077637903410405,2,32674,33087,35.0
769597.710658116,CANCEL HOLD,left,7,-0.0692419317921722,2,32744,32997,33.0
769597.710679237,CANCEL HOLD,right,8,0.12256397344930114,2,32722,33065,32.0
769597.713212229,CANCEL HOLD,left,8,-0.24723781185625882,2,32861,31427,32.0
769597.713256624,CANCEL HOLD,left,1,0.020523231860837043,2,32769,32794,31.0
769597.713269088,CANCEL HOLD,left,2,0.010932936598763376,2,32736,32634,32.0
769597.713278666,CANCEL HOLD,left,3,-0.2809956511787579,2,32679,32898,33.0
769597.715550721,CANCEL HOLD,left,4,0.07307804989700095,2,32868,32762,33.0
769597.715637266,CANCEL HOLD,left,5,-0.4724179446097523,2,32759,32710,35.0
769597.715651062,CANCEL HOLD,left,7,-0.0692419317921722,2,32754,32791,33.0
769597.720622246,CANCEL HOLD,left,1,0.020523231860837043,2,32794,32795,31.0
769597.720871892,CANCEL HOLD,left,2,0.010549324788280856,2,32874,32645,32.0
769597.720909123,CANCEL HOLD,left,3,-0.2806120393682754,2,32776,32889,33.0
769597.720922118,CANCEL HOLD,left,4,0.07269443808651843,2,32959,32756,33.0
769597.724843449,CANCEL HOLD,left,5,-0.4724179446097523,2,32762,32645,35.0
769597.72488073,CANCEL HOLD,left,6,0.07077637903410405,2,32773,33089,35.0
769597.724889928,CANCEL HOLD,left,7,-0.06885831998168968,2,32788,32858,33.0
769597.724896781,CANCEL HOLD,left,8,-0.2468542000457763,2,32755,31496,32.0
769597.731622042,CANCEL HOLD,left,1,0.020523231860837043,2,32604,32787,31.0
769597.731661637,CANCEL HOLD,left,2,0.010932936598763376,2,32743,32590,32.0
769597.731671887,CANCEL HOLD,left,3,-0.2809956511787579,2,32798,32860,33.0
769597.734486146,CANCEL HOLD,left,4,0.07269443808651843,2,32613,32727,33.0
769597.734521964,CANCEL HOLD,left,5,-0.4724179446097523,2,32745,32762,35.0
769597.734531943,CANCEL HOLD,left,6,0.07077637903410405,2,32786,33084,35.0
769597.734539437,CANCEL HOLD,left,7,-0.0692419317921722,2,32797,32796,33.0
769597.734546431,CANCEL HOLD,left,8,-0.24723781185625882,2,32784,31497,32.0
769597.736719717,CANCEL HOLD,left,1,0.020523231860837043,2,32812,32722,31.0
769597.736758892,CANCEL HOLD,left,2,0.010932936598763376,2,32711,32623,32.0
769597.736770724,CANCEL HOLD,left,3,-0.2809956511787579,2,32794,32836,33.0
769597.738935524,CANCEL HOLD,left,4,0.07269443808651843,2,32840,32757,33.0
769597.738961514,CANCEL HOLD,left,5,-0.4724179446097523,2,32716,32793,35.0
769597.738970291,CANCEL HOLD,left,7,-0.06885831998168968,2,32792,32934,33.0
769597.743365977,CANCEL HOLD,left,1,0.020523231860837043,2,32895,32759,31.0
769597.743394581,CANCEL HOLD,left,2,0.010549324788280856,2,32921,32621,32.0
769597.743401925,CANCEL HOLD,left,3,-0.2806120393682754,2,32612,32831,33.0
769597.745532911,CANCEL HOLD,left,4,0.07307804989700095,2,32841,32700,33.0
769597.745543882,CANCEL HOLD,left,5,-0.4724179446097523,2,32771,32776,35.0
769597.745551296,CANCEL HOLD,left,6,0.07077637903410405,2,32777,33088,35.0
769597.745557858,CANCEL HOLD,left,7,-0.06885831998168968,2,32693,32786,33.0
769597.747657163,CANCEL HOLD,left,8,-0.2468542000457763,2,32794,31487,32.0
769597.754642861,CANCEL HOLD,left,1,0.020523231860837043,2,32823,32755,31.0
769597.754724807,CANCEL HOLD,left,2,0.010932936598763376,2,32831,32625,32.0
769597.754736189,CANCEL HOLD,left,3,-0.2806120393682754,2,32696,32808,33.0
769597.757197775,CANCEL HOLD,left,4,0.07307804989700095,2,32822,32798,33.0
769597.757233894,CANCEL HOLD,left,5,-0.4728015564202348,2,32760,32748,35.0
769597.757244174,CANCEL HOLD,left,6,0.07077637903410405,2,32803,33123,35.0
769597.75725289,CANCEL HOLD,left,7,-0.06885831998168968,2,32735,32833,33.0
769597.75726329,CANCEL HOLD,left,8,-0.2468542000457763,2,32824,31685,32.0
769597.757293327,CANCEL HOLD,right,1,0.00019180590524214836,2,32677,32535,31.0
769597.757302846,CANCEL HOLD,right,2,0.00019180590524214836,2,32643,32693,33.0
769597.757309598,CANCEL HOLD,right,3,0.00019180590524214836,2,32809,32744,33.0
769597.759626318,CANCEL HOLD,left,1,0.02090684367132134,2,32702,32763,31.0
769597.759712713,CANCEL HOLD,left,2,0.010932936598763376,2,32650,32617,32.0
769597.759728674,CANCEL HOLD,left,3,-0.2806120393682754,2,32814,32857,33.0
769597.759739174,CANCEL HOLD,left,4,0.07307804989700095,2,32699,32793,33.0
769597.759785863,CANCEL HOLD,right,4,-0.00019180590524214836,2,32848,32323,31.0
769597.759799499,CANCEL HOLD,right,5,0.00029659014262470307,2,32754,33000,35.0
769597.759809037,CANCEL HOLD,right,6,0.00019180590524214836,2,32795,32324,35.0
769597.759816822,CANCEL HOLD,right,7,1.3999913023575203,2,32652,30390,33.0
769597.759824286,CANCEL HOLD,right,8,0.12218036163881862,2,32864,32921,32.0
769597.762110077,CANCEL HOLD,left,5,-0.4728015564202348,2,32762,32771,35.0
769597.762189498,CANCEL HOLD,left,7,-0.06885831998168968,2,32696,32879,33.0
769597.764553258,CANCEL HOLD,left,1,0.02090684367132134,2,32627,32717,31.0
769597.764575981,CANCEL HOLD,left,2,0.010932936598763376,2,32743,32620,32.0
769597.764582534,CANCEL HOLD,left,3,-0.2809956511787579,2,32754,32852,33.0
769597.766780367,CANCEL HOLD,left,4,0.07307804989700095,2,32598,32785,33.0
769597.766851392,CANCEL HOLD,left,5,-0.4728015564202348,2,32804,32792,35.0
769597.766909293,CANCEL HOLD,left,6,0.07077637903410405,2,32779,33101,35.0
769597.766915254,CANCEL HOLD,left,7,-0.06885831998168968,2,32715,32820,33.0
769597.76903598,CANCEL HOLD,left,8,-0.2468542000457763,2,32728,31432,32.0
769597.777378025,CANCEL HOLD,left,1,0.02090684367132134,2,32711,32754,31.0
769597.777453379,CANCEL HOLD,left,2,0.010932936598763376,2,32925,32614,32.0
769597.777464721,CANCEL HOLD,left,3,-0.2809956511787579,2,32869,32868,33.0
769597.777474229,CANCEL HOLD,left,4,0.07307804989700095,2,32676,32772,33.0
769597.777482264,CANCEL HOLD,left,5,-0.4728015564202348,2,32728,32750,35.0
769597.777490029,CANCEL HOLD,left,6,0.07077637903410405,2,32770,33163,35.0
769597.77967655,CANCEL HOLD,left,7,-0.06885831998168968,2,32721,32922,33.0
769597.779701949,CANCEL HOLD,left,8,-0.2468542000457763,2,32764,31567,32.0
769597.779716837,CANCEL HOLD,left,1,0.02090684367132134,2,32740,32744,31.0
769597.779723951,CANCEL HOLD,left,2,0.010932936598763376,2,32650,32604,32.0
769597.781864024,CANCEL HOLD,left,3,-0.2809956511787579,2,32809,32899,33.0
769597.781886246,CANCEL HOLD,left,4,0.07307804989700095,2,32685,32782,33.0
769597.78189345,CANCEL HOLD,left,5,-0.4728015564202348,2,32782,32726,35.0
769597.781899581,CANCEL HOLD,left,7,-0.0692419317921722,2,32786,32820,33.0
769597.786300938,CANCEL HOLD,left,1,0.02090684367132134,2,32773,32750,31.0
769597.786336656,CANCEL HOLD,left,2,0.010549324788280856,2,32987,32635,32.0
769597.786344652,CANCEL HOLD,left,3,-0.2809956511787579,2,32784,32825,33.0
769597.788574285,CANCEL HOLD,left,4,0.07269443808651843,2,32837,32767,33.0
769597.788630122,CANCEL HOLD,left,5,-0.4728015564202348,2,32728,32830,35.0
769597.78865032,CANCEL HOLD,left,6,0.07077637903410405,2,32830,33148,35.0
769597.788668395,CANCEL HOLD,left,7,-0.06885831998168968,2,32698,32842,33.0
769597.790955208,CANCEL HOLD,left,8,-0.24723781185625882,2,32788,31516,32.0
769597.798013313,CANCEL HOLD,left,1,0.02090684367132134,2,32799,32753,31.0
769597.79806928,CANCEL HOLD,left,2,0.010932936598763376,2,32734,32609,32.0
769597.798093707,CANCEL HOLD,left,3,-0.2806120393682754,2,32608,32761,33.0
769597.800294816,CANCEL HOLD,left,4,0.07269443808651843,2,32704,32861,33.0
769597.800344952,CANCEL HOLD,left,5,-0.4728015564202348,2,32707,32687,35.0
769597.800357025,CANCEL HOLD,left,6,0.07077637903410405,2,32725,33161,35.0
769597.800366433,CANCEL HOLD,left,7,-0.06885831998168968,2,32760,32926,33.0
769597.802690086,CANCEL HOLD,left,8,-0.24723781185625882,2,32809,31685,32.0
769597.802767754,CANCEL HOLD,left,1,0.02090684367132134,2,32709,32787,31.0
769597.802785798,CANCEL HOLD,left,2,0.010932936598763376,2,32752,32643,32.0
769597.802808842,CANCEL HOLD,left,3,-0.2806120393682754,2,32824,32847,33.0
769597.802816838,CANCEL HOLD,left,4,0.07269443808651843,2,32754,32742,33.0
769597.805185697,CANCEL HOLD,left,5,-0.4724179446097523,2,32737,32679,35.0
769597.805228358,CANCEL HOLD,left,7,-0.06885831998168968,2,32754,32744,33.0
769597.807442733,CANCEL HOLD,right,1,0.00019180590524214836,2,32810,32573,31.0
769597.807471357,CANCEL HOLD,right,2,0.00019180590524214836,2,32753,32715,33.0
769597.807483,CANCEL HOLD,right,3,0.00019180590524214836,2,32780,32667,33.0
769597.809688067,CANCEL HOLD,left,1,0.02090684367132134,2,32701,32792,31.0
769597.809727903,CANCEL HOLD,left,2,0.010932936598763376,2,32677,32622,32.0
769597.80973712,CANCEL HOLD,left,3,-0.2809956511787579,2,32774,32820,33.0
769597.809765324,CANCEL HOLD,right,4,0.00019180590524214836,2,32852,32374,31.0
769597.80977387,CANCEL HOLD,right,5,0.00029659014262470307,2,32713,33060,35.0
769597.809781795,CANCEL HOLD,right,6,0.00019180590524214836,2,32854,32364,35.0
769597.809788548,CANCEL HOLD,right,7,1.3999913023575203,2,32773,30617,33.0
769597.811953148,CANCEL HOLD,left,4,0.07269443808651843,2,32821,32781,33.0
769597.811975911,CANCEL HOLD,left,5,-0.4728015564202348,2,32772,32814,35.0
769597.811983916,CANCEL HOLD,left,6,0.07077637903410405,2,32784,33058,35.0
769597.81199121,CANCEL HOLD,left,7,-0.0692419317921722,2,32818,32858,33.0
769597.812014445,CANCEL HOLD,right,8,0.12256397344930114,2,32758,32985,32.0
769597.814146553,CANCEL HOLD,left,8,-0.24723781185625882,2,32776,31515,32.0
769597.81921411,CANCEL HOLD,left,1,0.02090684367132134,2,32847,32769,31.0
769597.819261471,CANCEL HOLD,left,2,0.010932936598763376,2,32887,32624,32.0
769597.819283813,CANCEL HOLD,left,3,-0.2806120393682754,2,32710,32837,33.0
769597.81930275,CANCEL HOLD,left,4,0.07269443808651843,2,32846,32758,33.0
769597.821649056,CANCEL HOLD,left,5,-0.4728015564202348,2,32776,32693,35.0
769597.821677079,CANCEL HOLD,left,7,-0.0692419317921722,2,32793,32908,33.0
769597.821685375,CANCEL HOLD,left,1,0.02090684367132134,2,32577,32835,31.0
769597.821692599,CANCEL HOLD,left,2,0.010932936598763376,2,32643,32621,32.0
769597.823959283,CANCEL HOLD,left,3,-0.2809956511787579,2,32974,32799,33.0
769597.823985734,CANCEL HOLD,left,4,0.07269443808651843,2,32775,32776,33.0
769597.823994591,CANCEL HOLD,left,5,-0.4728015564202348,2,32782,32850,35.0
769597.826192985,CANCEL HOLD,left,6,0.07077637903410405,2,32721,33139,35.0
769597.82623264,CANCEL HOLD,left,7,-0.06885831998168968,2,32781,32792,33.0
769597.826242159,CANCEL HOLD,left,8,-0.2468542000457763,2,32815,31545,32.0
769597.832435294,CANCEL HOLD,left,1,0.02090684367132134,2,32771,32800,31.0
769597.832521068,CANCEL HOLD,left,2,0.010932936598763376,2,32778,32617,32.0
769597.832531407,CANCEL HOLD,left,3,-0.2806120393682754,2,32725,32798,33.0
769597.834719421,CANCEL HOLD,left,4,0.07269443808651843,2,32836,32789,33.0
769597.83474514,CANCEL HOLD,left,5,-0.4728015564202348,2,32717,32800,35.0
769597.834753827,CANCEL HOLD,left,6,0.07077637903410405,2,32754,33116,35.0
769597.834761462,CANCEL HOLD,left,7,-0.0692419317921722,2,32813,32924,33.0
769597.836962762,CANCEL HOLD,left,8,-0.24723781185625882,2,32779,31355,32.0
769597.839422384,CANCEL HOLD,left,1,0.02090684367132134,2,32708,32790,31.0
769597.839449175,CANCEL HOLD,left,2,0.010932936598763376,2,32730,32621,32.0
769597.839460977,CANCEL HOLD,left,3,-0.2809956511787579,2,32635,32850,33.0
769597.841601131,CANCEL HOLD,left,4,0.07269443808651843,2,32653,32791,33.0
769597.84162681,CANCEL HOLD,left,5,-0.4728015564202348,2,32778,32808,35.0
769597.841634234,CANCEL HOLD,left,7,-0.0692419317921722,2,32788,32872,33.0
769597.843883906,CANCEL HOLD,left,1,0.02090684367132134,2,33009,32769,31.0
769597.843913943,CANCEL HOLD,left,2,0.010932936598763376,2,32651,32623,32.0
769597.843922289,CANCEL HOLD,left,3,-0.2809956511787579,2,32739,32888,33.0
769597.846089153,CANCEL HOLD,left,4,0.07269443808651843,2,32791,32814,33.0
769597.846109351,CANCEL HOLD,left,5,-0.4728015564202348,2,32721,32815,35.0
769597.846118369,CANCEL HOLD,left,6,0.07077637903410405,2,32795,33129,35.0
769597.848253291,CANCEL HOLD,left,7,-0.06885831998168968,2,32684,32999,33.0
769597.848282217,CANCEL HOLD,left,8,-0.2468542000457763,2,32795,31687,32.0
769597.855091688,CANCEL HOLD,left,1,0.02090684367132134,2,32781,32770,31.0
769597.855173955,CANCEL HOLD,left,2,0.010549324788280856,2,32867,32611,32.0
769597.855191839,CANCEL HOLD,left,3,-0.2806120393682754,2,32689,32874,33.0
769597.857577811,CANCEL HOLD,left,4,0.07269443808651843,2,32804,32779,33.0
769597.85763509,CANCEL HOLD,left,5,-0.4728015564202348,2,32743,32712,35.0
769597.857655569,CANCEL HOLD,left,6,0.07077637903410405,2,32790,33109,35.0
769597.857668344,CANCEL HOLD,left,7,-0.0692419317921722,2,32820,33023,33.0
769597.860558488,CANCEL HOLD,left,8,-0.2468542000457763,2,32734,31479,32.0
769597.860618462,CANCEL HOLD,left,1,0.02090684367132134,2,32697,32774,31.0
769597.860630856,CANCEL HOLD,left,2,0.010932936598763376,2,32748,32631,32.0
769597.860640043,CANCEL HOLD,left,3,-0.2806120393682754,2,32676,32832,33.0
769597.860646746,CANCEL HOLD,left,4,0.07269443808651843,2,32892,32794,33.0
769597.860687534,CANCEL HOLD,right,1,0.00019180590524214836,2,32757,32587,31.0
769597.860698955,CANCEL HOLD,right,2,0.00019180590524214836,2,32846,32732,33.0
769597.860707772,CANCEL HOLD,right,3,0.00019180590524214836,2,32906,32670,33.0
769597.860714355,CANCEL HOLD,right,4,0.00019180590524214836,2,32733,32380,31.0
769597.862987161,CANCEL HOLD,left,5,-0.4724179446097523,2,32768,32790,35.0
769597.863065511,CANCEL HOLD,left,7,-0.06885831998168968,2,32813,32976,33.0
769597.863092803,CANCEL HOLD,right,5,0.00029659014262470307,2,32732,32854,35.0
769597.86310686,CANCEL HOLD,right,6,0.00019180590524214836,2,32752,32397,35.0
769597.863115656,CANCEL HOLD,right,7,1.4003749141680029,2,32728,30624,33.0
769597.86312293,CANCEL HOLD,right,8,0.12256397344930114,2,32682,33016,32.0
769597.865505856,CANCEL HOLD,left,1,0.02090684367132134,2,33018,32811,31.0
769597.865583374,CANCEL HOLD,left,2,0.010932936598763376,2,32728,32615,32.0
769597.865596459,CANCEL HOLD,left,3,-0.2809956511787579,2,32824,32869,33.0
769597.867890676,CANCEL HOLD,left,4,0.07269443808651843,2,32645,32789,33.0
769597.867934009,CANCEL HOLD,left,5,-0.4724179446097523,2,32741,32847,35.0
769597.867945641,CANCEL HOLD,left,6,0.07077637903410405,2,32749,33144,35.0
769597.867957033,CANCEL HOLD,left,7,-0.06885831998168968,2,32831,32918,33.0
769597.8702934,CANCEL HOLD,left,8,-0.24723781185625882,2,32781,31556,32.0
769597.87715449,CANCEL HOLD,left,1,0.02090684367132134,2,32707,32774,31.0
769597.877198564,CANCEL HOLD,left,2,0.010932936598763376,2,32743,32628,32.0
769597.877213352,CANCEL HOLD,left,3,-0.2806120393682754,2,32673,32849,33.0
769597.879482791,CANCEL HOLD,left,4,0.07269443808651843,2,32705,32778,33.0
769597.87959204,CANCEL HOLD,left,5,-0.4728015564202348,2,32786,32782,35.0
769597.879614292,CANCEL HOLD,left,6,0.07077637903410405,2,32773,33099,35.0
769597.879625524,CANCEL HOLD,left,7,-0.06885831998168968,2,32745,32860,33.0
769597.884605404,CANCEL HOLD,left,8,-0.2468542000457763,2,32693,31499,32.0
769597.884800807,CANCEL HOLD,left,1,0.02090684367132134,2,32763,32803,31.0
769597.884813371,CANCEL HOLD,left,2,0.010932936598763376,2,32708,32628,32.0
769597.884822128,CANCEL HOLD,left,3,-0.2809956511787579,2,32612,32945,33.0
769597.884830243,CANCEL HOLD,left,4,0.07269443808651843,2,32790,32750,33.0
769597.887212007,CANCEL HOLD,left,5,-0.4728015564202348,2,32807,32827,35.0
769597.887319102,CANCEL HOLD,left,7,-0.06885831998168968,2,32750,32862,33.0
769597.887333659,CANCEL HOLD,left,1,0.02090684367132134,2,32882,32781,31.0
769597.887343538,CANCEL HOLD,left,2,0.010932936598763376,2,32821,32653,32.0
769597.889689674,CANCEL HOLD,left,3,-0.2809956511787579,2,32816,32833,33.0
769597.889732796,CANCEL HOLD,left,4,0.07269443808651843,2,32518,32704,33.0
769597.889742816,CANCEL HOLD,left,5,-0.4728015564202348,2,32768,32936,35.0
769597.889752284,CANCEL HOLD,left,6,0.07077637903410405,2,32721,33253,35.0
769597.891977679,CANCEL HOLD,left,7,-0.06885831998168968,2,32775,32897,33.0
769597.892022294,CANCEL HOLD,left,8,-0.24723781185625882,2,32849,31479,32.0
769597.898696949,CANCEL HOLD,left,1,0.02090684367132134,2,32651,32749,31.0
769597.89873433,CANCEL HOLD,left,2,0.010932936598763376,2,32629,32638,32.0
769597.898746303,CANCEL HOLD,left,3,-0.2806120393682754,2,32578,32782,33.0
769597.900918457,CANCEL HOLD,left,4,0.07269443808651843,2,32761,32819,33.0
769597.900951079,CANCEL HOLD,left,5,-0.4728015564202348,2,32767,32731,35.0
769597.900959675,CANCEL HOLD,left,6,0.07077637903410405,2,32697,33082,35.0
769597.90096739,CANCEL HOLD,left,7,-0.06885831998168968,2,32765,32865,33.0
769597.903192816,CANCEL HOLD,left,8,-0.24723781185625882,2,32669,31537,32.0
769597.906029618,CANCEL HOLD,left,1,0.02090684367132134,2,32871,32775,31.0
769597.906059375,CANCEL HOLD,left,2,0.010932936598763376,2,32767,32633,32.0
769597.906070456,CANCEL HOLD,left,3,-0.2809956511787579,2,32772,32767,33.0
769597.908229986,CANCEL HOLD,left,4,0.07269443808651843,2,32719,32805,33.0
769597.908262267,CANCEL HOLD,left,5,-0.4728015564202348,2,32816,32814,35.0
769597.908274761,CANCEL HOLD,left,7,-0.06885831998168968,2,32809,32941,33.0
769597.910561874,CANCEL HOLD,left,1,0.02090684367132134,2,32779,32761,31.0
769597.910586291,CANCEL HOLD,left,2,0.010932936598763376,2,32793,32607,32.0
769597.910593936,CANCEL HOLD,left,3,-0.2806120393682754,2,32603,32824,33.0
769597.910609175,CANCEL HOLD,right,1,0.00019180590524214836,2,32825,32544,31.0
769597.910615477,CANCEL HOLD,right,2,0.00019180590524214836,2,32745,32705,33.0
769597.910621007,CANCEL HOLD,right,3,0.00019180590524214836,2,32780,32714,33.0
769597.91278186,CANCEL HOLD,left,4,0.07269443808651843,2,32819,32762,33.0
769597.912831474,CANCEL HOLD,left,5,-0.4728015564202348,2,32757,32861,35.0
769597.912841313,CANCEL HOLD,left,6,0.07077637903410405,2,32790,33129,35.0
769597.912850871,CANCEL HOLD,left,7,-0.06885831998168968,2,32756,32843,33.0
769597.912875408,CANCEL HOLD,right,4,0.00019180590524214836,2,32615,32381,31.0
769597.912882281,CANCEL HOLD,right,5,0.00029659014262470307,2,32757,32711,35.0
769597.912888854,CANCEL HOLD,right,6,0.00019180590524214836,2,32785,32502,35.0
769597.912895286,CANCEL HOLD,right,7,1.4003749141680029,2,32700,30608,33.0
769597.915204572,CANCEL HOLD,left,8,-0.2468542000457763,2,32723,31471,32.0
769597.915305494,CANCEL HOLD,right,8,0.12256397344930114,2,32740,32884,32.0
769597.922161344,CANCEL HOLD,left,1,0.02090684367132134,2,32730,32771,31.0
769597.922200328,CANCEL HOLD,left,2,0.010932936598763376,2,32813,32618,32.0
769597.922208694,CANCEL HOLD,left,3,-0.2806120393682754,2,32781,32844,33.0
769597.924613322,CANCEL HOLD,left,4,0.07269443808651843,2,32760,32807,33.0
769597.924667625,CANCEL HOLD,left,5,-0.4728015564202348,2,32781,32765,35.0
769597.924677204,CANCEL HOLD,left,6,0.07077637903410405,2,32782,33176,35.0
769597.924694517,CANCEL HOLD,left,7,-0.06885831998168968,2,32781,32868,33.0
769597.928298583,CANCEL HOLD,left,8,-0.2468542000457763,2,32748,31760,32.0
769597.928362464,CANCEL HOLD,left,1,0.02090684367132134,2,32764,32770,31.0
769597.928378134,CANCEL HOLD,left,2,0.010932936598763376,2,32965,32626,32.0
769597.928390418,CANCEL HOLD,left,3,-0.2809956511787579,2,32664,32874,33.0
769597.928401198,CANCEL HOLD,left,4,0.07269443808651843,2,32727,32799,33.0
769597.928416538,CANCEL HOLD,left,5,-0.4728015564202348,2,32711,32791,35.0
769597.930836304,CANCEL HOLD,left,7,-0.0692419317921722,2,32833,32725,33.0
769597.933377753,CANCEL HOLD,left,1,0.02090684367132134,2,32824,32732,31.0
769597.933432116,CANCEL HOLD,left,2,0.010549324788280856,2,32924,32656,32.0
769597.933442376,CANCEL HOLD,left,3,-0.2809956511787579,2,32889,32843,33.0
769597.938191536,CANCEL HOLD,left,4,0.07269443808651843,2,32755,32837,33.0
769597.938234348,CANCEL HOLD,left,5,-0.4728015564202348,2,32827,32808,35.0
769597.938243856,CANCEL HOLD,left,6,0.07077637903410405,2,32821,33147,35.0
769597.938252002,CANCEL HOLD,left,7,-0.06885831998168968,2,32745,32903,33.0
769597.938258885,CANCEL HOLD,left,8,-0.2468542000457763,2,32833,31722,32.0
769597.945589871,CANCEL HOLD,left,1,0.02090684367132134,2,32655,32756,31.0
769597.945634206,CANCEL HOLD,left,2,0.010932936598763376,2,32714,32625,32.0
769597.945644325,CANCEL HOLD,left,3,-0.2806120393682754,2,32840,32822,33.0
769597.945651689,CANCEL HOLD,left,4,0.07269443808651843,2,32788,32771,33.0
769597.948317635,CANCEL HOLD,left,5,-0.4728015564202348,2,32838,32834,35.0
769597.948433556,CANCEL HOLD,left,6,0.07077637903410405,2,32757,33075,35.0
769597.948448374,CANCEL HOLD,left,7,-0.06885831998168968,2,32757,32897,33.0
769597.948455869,CANCEL HOLD,left,8,-0.2468542000457763,2,32746,31544,32.0
769597.950980686,CANCEL HOLD,left,1,0.02090684367132134,2,32600,32750,31.0
769597.951071369,CANCEL HOLD,left,2,0.010932936598763376,2,32879,32628,32.0
769597.953094198,CANCEL HOLD,left,3,-0.2806120393682754,2,32624,32803,33.0
769597.953212644,CANCEL HOLD,left,4,0.07269443808651843,2,32715,32741,33.0
769597.953224466,CANCEL HOLD,left,5,-0.4728015564202348,2,32747,32696,35.0
769597.953232712,CANCEL HOLD,left,7,-0.0692419317921722,2,32758,32874,33.0
769597.955707123,CANCEL HOLD,left,1,0.02090684367132134,2,32750,32780,31.0
769597.955816562,CANCEL HOLD,left,2,0.010932936598763376,2,32708,32650,32.0
769597.955844405,CANCEL HOLD,left,3,-0.2809956511787579,2,32735,32803,33.0
769597.958349304,CANCEL HOLD,left,4,0.07269443808651843,2,32572,32742,33.0
769597.95844164,CANCEL HOLD,left,5,-0.4724179446097523,2,32681,32844,35.0
769597.958461838,CANCEL HOLD,left,6,0.07077637903410405,2,32767,33067,35.0
769597.958477959,CANCEL HOLD,left,7,-0.06885831998168968,2,32733,32913,33.0
769597.958564234,CANCEL HOLD,left,8,-0.2468542000457763,2,32763,31567,32.0
769597.961027202,CANCEL HOLD,right,1,0.00019180590524214836,2,32617,32563,31.0
769597.961071908,CANCEL HOLD,right,2,0.00019180590524214836,2,32702,32689,33.0
769597.9610836,CANCEL HOLD,right,3,0.00019180590524214836,2,32731,32748,33.0
769597.963314597,CANCEL HOLD,right,4,0.00019180590524214836,2,32697,32320,31.0
769597.963375753,CANCEL HOLD,right,5,0.00029659014262470307,2,32761,32908,35.0
769597.963394749,CANCEL HOLD,right,6,0.00019180590524214836,2,32727,32541,35.0
769597.963404598,CANCEL HOLD,right,7,1.3999913023575203,2,32791,30424,33.0
769597.965911571,CANCEL HOLD,left,1,0.02090684367132134,2,32777,32756,31.0
769597.966029816,CANCEL HOLD,left,2,0.010932936598763376,2,32753,32620,32.0
769597.96604754,CANCEL HOLD,left,3,-0.2806120393682754,2,32625,32830,33.0
769597.966101593,CANCEL HOLD,right,8,0.12256397344930114,2,32741,32929,32.0
769597.968662088,CANCEL HOLD,left,4,0.07307804989700095,2,32772,32736,33.0
769597.968690112,CANCEL HOLD,left,5,-0.4728015564202348,2,32818,32773,35.0
769597.968698267,CANCEL HOLD,left,6,0.07077637903410405,2,32788,33080,35.0
769597.96870485,CANCEL HOLD,left,7,-0.06885831998168968,2,32708,32851,33.0
769597.968711172,CANCEL HOLD,left,8,-0.2468542000457763,2,32710,31515,32.0
769597.970920176,CANCEL HOLD,left,1,0.020523231860837043,2,32784,32798,31.0
769597.970950765,CANCEL HOLD,left,2,0.010932936598763376,2,32858,32623,32.0
769597.970962808,CANCEL HOLD,left,3,-0.2809956511787579,2,32715,32879,33.0
769597.970973318,CANCEL HOLD,left,4,0.07307804989700095,2,32610,32678,33.0
769597.973150281,CANCEL HOLD,left,5,-0.4728015564202348,2,32758,32814,35.0
769597.973176621,CANCEL HOLD,left,7,-0.06885831998168968,2,32762,32850,33.0
769597.9777149,CANCEL HOLD,left,1,0.02090684367132134,2,32760,32811,31.0
769597.97774637,CANCEL HOLD,left,2,0.010932936598763376,2,32900,32639,32.0
769597.977755617,CANCEL HOLD,left,3,-0.2809956511787579,2,32700,32925,33.0
769597.979938552,CANCEL HOLD,left,4,0.07307804989700095,2,32718,32681,33.0
769597.97996403,CANCEL HOLD,left,5,-0.4728015564202348,2,32749,32773,35.0
769597.979971755,CANCEL HOLD,left,6,0.07077637903410405,2,32779,33041,35.0
769597.979978398,CANCEL HOLD,left,7,-0.06885831998168968,2,32723,32788,33.0
769597.982168306,CANCEL HOLD,left,8,-0.2468542000457763,2,32758,31368,32.0
769597.990412123,CANCEL HOLD,left,1,0.02090684367132134,2,32763,32772,31.0
769597.990466978,CANCEL HOLD,left,2,0.010932936598763376,2,32988,32618,32.0
769597.990479542,CANCEL HOLD,left,3,-0.2806120393682754,2,32767,32896,33.0
769597.990486966,CANCEL HOLD,left,4,0.07269443808651843,2,32717,32843,33.0
769597.990493659,CANCEL HOLD,left,5,-0.4728015564202348,2,32734,32783,35.0
769597.992707643,CANCEL HOLD,left,6,0.07077637903410405,2,32758,33056,35.0
769597.992751977,CANCEL HOLD,left,7,-0.06885831998168968,2,32735,32747,33.0
769597.992770082,CANCEL HOLD,left,8,-0.2468542000457763,2,32785,31439,32.0
769597.992790361,CANCEL HOLD,left,1,0.02090684367132134,2,32784,32756,31.0
769597.995018992,CANCEL HOLD,left,2,0.010932936598763376,2,32727,32658,32.0
769597.995050122,CANCEL HOLD,left,3,-0.2806120393682754,2,32967,32800,33.0
769597.995058588,CANCEL HOLD,left,4,0.07269443808651843,2,32674,32805,33.0
769597.995065341,CANCEL HOLD,left,5,-0.4728015564202348,2,32742,32695,35.0
769597.997257363,CANCEL HOLD,left,7,-0.06885831998168968,2,32768,32798,33.0
769597.999717917,CANCEL HOLD,left,1,0.02090684367132134,2,32814,32756,31.0
769597.999749888,CANCEL HOLD,left,2,0.010932936598763376,2,32750,32651,32.0
769597.999760338,CANCEL HOLD,left,3,-0.2809956511787579,2,32747,32789,33.0
769598.001968941,CANCEL HOLD,left,4,0.07269443808651843,2,32729,32787,33.0
769598.002032182,CANCEL HOLD,left,5,-0.4728015564202348,2,32774,32753,35.0
769598.002046159,CANCEL HOLD,left,6,0.07077637903410405,2,32778,33071,35.0
769598.002056498,CANCEL HOLD,left,7,-0.06885831998168968,2,32777,32711,33.0
769598.004421861,CANCEL HOLD,left,8,-0.2468542000457763,2,32794,31568,32.0
769598.011472102,CANCEL HOLD,left,1,0.02090684367132134,2,32706,32747,31.0
769598.011499113,CANCEL HOLD,left,2,0.010549324788280856,2,32706,32663,32.0
769598.011508161,CANCEL HOLD,left,3,-0.2809956511787579,2,32824,32767,33.0
769598.011514843,CANCEL HOLD,left,4,0.07269443808651843,2,32988,32794,33.0
769598.011576491,CANCEL HOLD,right,1,0.00019180590524214836,2,32736,32576,31.0
769598.011636425,CANCEL HOLD,right,2,0.00019180590524214836,2,32717,32693,33.0
769598.011645573,CANCEL HOLD,right,3,0.00019180590524214836,2,32702,32726,33.0
769598.011655532,CANCEL HOLD,right,4,0.0005754177157246687,2,32733,32269,31.0
769598.013863674,CANCEL HOLD,left,5,-0.4728015564202348,2,32860,32755,35.0
769598.013906256,CANCEL HOLD,left,6,0.07077637903410405,2,32742,33100,35.0
769598.01391387,CANCEL HOLD,left,7,-0.06885831998168968,2,32772,32828,33.0
769598.013922447,CANCEL HOLD,left,8,-0.2468542000457763,2,32761,31612,32.0
769598.01395582,CANCEL HOLD,right,5,-8.702166785959364e-05,2,32819,32967,35.0
769598.013968214,CANCEL HOLD,right,6,0.00019180590524214836,2,32818,32429,35.0
769598.013974426,CANCEL HOLD,right,7,1.3999913023575203,2,32783,30675,33.0
769598.013980177,CANCEL HOLD,right,8,0.12256397344930114,2,32705,32811,32.0
769598.016221142,CANCEL HOLD,left,1,0.02090684367132134,2,32839,32753,31.0
769598.016282239,CANCEL HOLD,left,2,0.010932936598763376,2,32626,32648,32.0
769598.016293871,CANCEL HOLD,left,3,-0.2809956511787579,2,32568,32824,33.0
769598.018710411,CANCEL HOLD,left,4,0.07269443808651843,2,32752,32724,33.0
769598.018764104,CANCEL HOLD,left,5,-0.4728015564202348,2,32882,32913,35.0
769598.018774724,CANCEL HOLD,left,7,-0.06885831998168968,2,32711,32782,33.0
769598.021154073,CANCEL HOLD,left,1,0.02090684367132134,2,32850,32753,31.0
769598.021193238,CANCEL HOLD,left,2,0.010932936598763376,2,32625,32655,32.0
769598.021211823,CANCEL HOLD,left,3,-0.2809956511787579,2,32764,32836,33.0
769598.023591844,CANCEL HOLD,left,4,0.07269443808651843,2,32711,32787,33.0
769598.02366321,CANCEL HOLD,left,5,-0.4728015564202348,2,32710,32864,35.0
769598.023684671,CANCEL HOLD,left,6,0.07077637903410405,2,32824,33099,35.0
769598.023701223,CANCEL HOLD,left,7,-0.06885831998168968,2,32738,32819,33.0
769598.026118354,CANCEL HOLD,left,8,-0.2468542000457763,2,32717,31506,32.0
769598.032966749,CANCEL HOLD,left,1,0.02090684367132134,2,32823,32771,31.0
769598.033033567,CANCEL HOLD,left,2,0.010932936598763376,2,32784,32631,32.0
769598.033042704,CANCEL HOLD,left,3,-0.2809956511787579,2,32829,32816,33.0
769598.035224056,CANCEL HOLD,left,4,0.07269443808651843,2,32782,32854,33.0
769598.035247871,CANCEL HOLD,left,5,-0.4728015564202348,2,32791,32794,35.0
769598.035255376,CANCEL HOLD,left,6,0.07077637903410405,2,32788,33074,35.0
769598.035261998,CANCEL HOLD,left,7,-0.06885831998168968,2,32784,32937,33.0
769598.037407061,CANCEL HOLD,left,8,-0.2468542000457763,2,32720,31454,32.0
769598.037438911,CANCEL HOLD,left,1,0.02090684367132134,2,32670,32773,31.0
769598.037447177,CANCEL HOLD,left,2,0.010549324788280856,2,32857,32692,32.0
769598.037456485,CANCEL HOLD,left,3,-0.2806120393682754,2,32709,32854,33.0
769598.039611316,CANCEL HOLD,left,4,0.07269443808651843,2,32624,32777,33.0
769598.039632977,CANCEL HOLD,left,5,-0.4728015564202348,2,32879,32842,35.0
769598.0396398,CANCEL HOLD,left,7,-0.06885831998168968,2,32812,32718,33.0
769598.045245325,CANCEL HOLD,left,1,0.02090684367132134,2,32514,32758,31.0
769598.045270583,CANCEL HOLD,left,2,0.010932936598763376,2,32713,32668,32.0
769598.045278448,CANCEL HOLD,left,3,-0.2806120393682754,2,32770,32901,33.0
769598.047465681,CANCEL HOLD,left,4,0.07269443808651843,2,32627,32773,33.0
769598.047524844,CANCEL HOLD,left,5,-0.4728015564202348,2,32813,32813,35.0
769598.047542207,CANCEL HOLD,left,6,0.07077637903410405,2,32786,33091,35.0
769598.047553628,CANCEL HOLD,left,7,-0.06885831998168968,2,32772,32854,33.0
769598.049771951,CANCEL HOLD,left,8,-0.2468542000457763,2,32792,31542,32.0
769598.05468845,CANCEL HOLD,left,1,0.020523231860837043,2,32931,32759,31.0
769598.05477217,CANCEL HOLD,left,2,0.010549324788280856,2,32808,32695,32.0
769598.055134882,CANCEL HOLD,left,3,-0.2809956511787579,2,32766,32822,33.0
769598.055245162,CANCEL HOLD,left,4,0.07269443808651843,2,32596,32689,33.0
769598.057909485,CANCEL HOLD,left,5,-0.4728015564202348,2,32774,32940,35.0
769598.057978076,CANCEL HOLD,left,7,-0.06885831998168968,2,32760,32694,33.0
769598.057989178,CANCEL HOLD,left,1,0.02090684367132134,2,32807,32759,31.0
769598.057996542,CANCEL HOLD,left,2,0.010932936598763376,2,32793,32684,32.0
769598.058014556,CANCEL HOLD,left,3,-0.2809956511787579,2,32912,32874,33.0
769598.060387844,CANCEL HOLD,left,4,0.07269443808651843,2,32896,32765,33.0
769598.060427098,CANCEL HOLD,left,5,-0.4728015564202348,2,32791,32769,35.0
769598.060435845,CANCEL HOLD,left,6,0.07077637903410405,2,32826,33075,35.0
769598.060442748,CANCEL HOLD,left,7,-0.06885831998168968,2,32796,32917,33.0
769598.062761452,CANCEL HOLD,left,8,-0.24723781185625882,2,32845,31427,32.0
769598.062800577,CANCEL HOLD,right,1,0.00019180590524214836,2,32751,32570,31.0
769598.062809744,CANCEL HOLD,right,2,0.00019180590524214836,2,32837,32704,33.0
769598.062816036,CANCEL HOLD,right,3,-0.00019180590524214836,2,32937,32745,33.0
769598.064955287,CANCEL HOLD,right,4,0.00019180590524214836,2,32691,32451,31.0
769598.064980365,CANCEL HOLD,right,5,0.00029659014262470307,2,32793,32759,35.0
769598.064990214,CANCEL HOLD,right,6,0.00019180590524214836,2,32733,32440,35.0
769598.067324708,CANCEL HOLD,right,7,1.4003749141680029,2,32782,30418,33.0
769598.067424097,CANCEL HOLD,right,8,0.12256397344930114,2,32780,33032,32.0
769598.069781405,CANCEL HOLD,left,1,0.02090684367132134,2,32741,32746,31.0
769598.069806052,CANCEL HOLD,left,2,0.010549324788280856,2,32869,32661,32.0
769598.069814217,CANCEL HOLD,left,3,-0.2806120393682754,2,32733,32912,33.0
769598.071993635,CANCEL HOLD,left,4,0.07269443808651843,2,32749,32657,33.0
769598.072024123,CANCEL HOLD,left,5,-0.4728015564202348,2,32783,32722,35.0
769598.072033972,CANCEL HOLD,left,6,0.07077637903410405,2,32780,32978,35.0
769598.072042258,CANCEL HOLD,left,7,-0.0692419317921722,2,32743,32751,33.0
769598.074190075,CANCEL HOLD,left,8,-0.2468542000457763,2,32722,31512,32.0
769598.076631644,CANCEL HOLD,left,1,0.02090684367132134,2,32714,32778,31.0
769598.076697058,CANCEL HOLD,left,2,0.010932936598763376,2,32770,32692,32.0
769598.076707989,CANCEL HOLD,left,3,-0.2806120393682754,2,32757,32889,33.0
769598.078932864,CANCEL HOLD,left,4,0.07269443808651843,2,32778,32742,33.0
769598.078943935,CANCEL HOLD,left,5,-0.4728015564202348,2,32722,32792,35.0
769598.078950237,CANCEL HOLD,left,7,-0.06885831998168968,2,32696,32869,33.0
769598.0811322,CANCEL HOLD,left,1,0.02090684367132134,2,32727,32749,31.0
769598.081177486,CANCEL HOLD,left,2,0.010549324788280856,2,32886,32620,32.0
769598.081191223,CANCEL HOLD,left,3,-0.2806120393682754,2,32595,32897,33.0
769598.083399586,CANCEL HOLD,left,4,0.07269443808651843,2,32872,32695,33.0
769598.083438821,CANCEL HOLD,left,5,-0.4728015564202348,2,32719,32905,35.0
769598.083448018,CANCEL HOLD,left,6,0.07077637903410405,2,32768,33132,35.0
769598.083454951,CANCEL HOLD,left,7,-0.06885831998168968,2,32761,32856,33.0
769598.085805405,CANCEL HOLD,left,8,-0.2468542000457763,2,32763,31498,32.0
769598.092690451,CANCEL HOLD,left,1,0.02090684367132134,2,32756,32739,31.0
769598.092760925,CANCEL HOLD,left,2,0.010932936598763376,2,32870,32670,32.0
769598.092772086,CANCEL HOLD,left,3,-0.2809956511787579,2,32919,32919,33.0
769598.096908067,CANCEL HOLD,left,4,0.07269443808651843,2,32672,32725,33.0
769598.096949416,CANCEL HOLD,left,5,-0.4728015564202348,2,32741,32804,35.0
769598.096960347,CANCEL HOLD,left,6,0.07077637903410405,2,32744,33132,35.0
769598.096969584,CANCEL HOLD,left,7,-0.06885831998168968,2,32792,32820,33.0
769598.096978361,CANCEL HOLD,left,8,-0.24723781185625882,2,32750,31555,32.0
769598.096992278,CANCEL HOLD,left,1,0.02090684367132134,2,32911,32771,31.0
769598.097012877,CANCEL HOLD,left,2,0.010932936598763376,2,32648,32648,32.0
769598.09918449,CANCEL HOLD,left,3,-0.2809956511787579,2,32793,32967,33.0
769598.099211341,CANCEL HOLD,left,4,0.07269443808651843,2,32631,32752,33.0
769598.099220669,CANCEL HOLD,left,5,-0.4728015564202348,2,32774,32744,35.0
769598.099228705,CANCEL HOLD,left,7,-0.06885831998168968,2,32796,32849,33.0
769598.103692781,CANCEL HOLD,left,1,0.020523231860837043,2,32801,32760,31.0
769598.103979378,CANCEL HOLD,left,2,0.010932936598763376,2,32669,32636,32.0
769598.104024805,CANCEL HOLD,left,3,-0.2809956511787579,2,32968,32890,33.0
769598.106477434,CANCEL HOLD,left,4,0.07269443808651843,2,32714,32711,33.0
769598.106502271,CANCEL HOLD,left,5,-0.4728015564202348,2,32756,32695,35.0
769598.106512761,CANCEL HOLD,left,6,0.07077637903410405,2,32764,33105,35.0
769598.106521828,CANCEL HOLD,left,7,-0.06885831998168968,2,32796,32826,33.0
769598.106530625,CANCEL HOLD,left,8,-0.2468542000457763,2,32758,31506,32.0
769598.113039072,CANCEL HOLD,right,1,0.00019180590524214836,2,32915,32566,31.0
769598.113119395,CANCEL HOLD,right,2,0.00019180590524214836,2,32707,32662,33.0
769598.113128222,CANCEL HOLD,right,3,0.00019180590524214836,2,32822,32683,33.0
769598.115329261,CANCEL HOLD,left,1,0.02090684367132134,2,32801,32756,31.0
769598.115382954,CANCEL HOLD,left,2,0.010932936598763376,2,32731,32658,32.0
769598.115403062,CANCEL HOLD,left,3,-0.2809956511787579,2,32763,32823,33.0
769598.115443269,CANCEL HOLD,right,4,0.00019180590524214836,2,32667,32162,31.0
769598.115467375,CANCEL HOLD,right,5,-8.702166785959364e-05,2,32789,33024,35.0
769598.11549091,CANCEL HOLD,right,6,0.00019180590524214836,2,32753,32618,35.0
769598.115503564,CANCEL HOLD,right,7,1.4003749141680029,2,32746,30787,33.0
769598.11833212,CANCEL HOLD,left,4,0.07269443808651843,2,32578,32666,33.0
769598.118393517,CANCEL HOLD,left,5,-0.4728015564202348,2,32738,32731,35.0
769598.118404107,CANCEL HOLD,left,6,0.07077637903410405,2,32803,33103,35.0
769598.1184158,CANCEL HOLD,left,7,-0.06885831998168968,2,32764,32794,33.0
769598.118424606,CANCEL HOLD,left,8,-0.2468542000457763,2,32707,31455,32.0
769598.118452199,CANCEL HOLD,right,8,0.12218036163881862,2,32758,32926,32.0
769598.120641546,CANCEL HOLD,left,1,0.02090684367132134,2,32869,32772,31.0
769598.120689297,CANCEL HOLD,left,2,0.010932936598763376,2,32680,32649,32.0
769598.120708414,CANCEL HOLD,left,3,-0.2809956511787579,2,32695,32823,33.0
769598.120718453,CANCEL HOLD,left,4,0.07269443808651843,2,32779,32740,33.0
769598.12290793,CANCEL HOLD,left,5,-0.4728015564202348,2,32805,32654,35.0
769598.122938037,CANCEL HOLD,left,7,-0.06885831998168968,2,32736,32791,33.0
769598.127398136,CANCEL HOLD,left,1,0.02090684367132134,2,32670,32749,31.0
769598.127515881,CANCEL HOLD,left,2,0.010932936598763376,2,32662,32641,32.0
769598.127547301,CANCEL HOLD,left,3,-0.2809956511787579,2,32949,32815,33.0
769598.129771915,CANCEL HOLD,left,4,0.07269443808651843,2,32799,32781,33.0
769598.129814997,CANCEL HOLD,left,5,-0.4728015564202348,2,32750,32747,35.0
769598.129827972,CANCEL HOLD,left,6,0.07077637903410405,2,32787,33065,35.0
769598.129838803,CANCEL HOLD,left,7,-0.0692419317921722,2,32831,32916,33.0
769598.132085499,CANCEL HOLD,left,8,-0.2468542000457763,2,32777,31472,32.0
769598.138851126,CANCEL HOLD,left,1,0.02090684367132134,2,32841,32761,31.0
769598.138869672,CANCEL HOLD,left,2,0.010932936598763376,2,32754,32617,32.0
769598.138877116,CANCEL HOLD,left,3,-0.2809956511787579,2,32729,32794,33.0
769598.14098133,CANCEL HOLD,left,4,0.07269443808651843,2,32738,32750,33.0
769598.140995838,CANCEL HOLD,left,5,-0.4728015564202348,2,32803,32758,35.0
769598.141008773,CANCEL HOLD,left,6,0.07077637903410405,2,32795,33097,35.0
769598.141024623,CANCEL HOLD,left,7,-0.06885831998168968,2,32794,33008,33.0
769598.143158675,CANCEL HOLD,left,8,-0.2468542000457763,2,32711,31480,32.0
769598.143196998,CANCEL HOLD,left,1,0.02090684367132134,2,32797,32731,31.0
769598.143206175,CANCEL HOLD,left,2,0.010932936598763376,2,32794,32644,32.0
769598.145407615,CANCEL HOLD,left,3,-0.2806120393682754,2,32679,32884,33.0
769598.145437312,CANCEL HOLD,left,4,0.07269443808651843,2,32690,32689,33.0
769598.145455075,CANCEL HOLD,left,5,-0.4724179446097523,2,32716,32829,35.0
769598.145526111,CANCEL HOLD,left,7,-0.06885831998168968,2,32747,32945,33.0
769598.151831871,CANCEL HOLD,left,1,0.02090684367132134,2,32836,32774,31.0
769598.151872549,CANCEL HOLD,left,2,0.010932936598763376,2,32770,32653,32.0
769598.151882017,CANCEL HOLD,left,3,-0.2809956511787579,2,32903,32887,33.0
769598.154282346,CANCEL HOLD,left,4,0.07269443808651843,2,32807,32771,33.0
769598.154449946,CANCEL HOLD,left,5,-0.4728015564202348,2,32680,32700,35.0
769598.154469183,CANCEL HOLD,left,6,0.07077637903410405,2,32747,33111,35.0
769598.154485925,CANCEL HOLD,left,7,-0.0692419317921722,2,32817,32993,33.0
769598.154500232,CANCEL HOLD,left,8,-0.24723781185625882,2,32709,31498,32.0
769598.159587588,CANCEL HOLD,left,1,0.02090684367132134,2,32849,32761,31.0
769598.159616473,CANCEL HOLD,left,2,0.010932936598763376,2,32678,32631,32.0
769598.159627293,CANCEL HOLD,left,3,-0.2809956511787579,2,32917,32811,33.0
769598.161865293,CANCEL HOLD,left,4,0.07269443808651843,2,32706,32801,33.0
769598.161909347,CANCEL HOLD,left,5,-0.4728015564202348,2,32869,32808,35.0
769598.161919817,CANCEL HOLD,left,7,-0.0692419317921722,2,32864,32761,33.0
769598.16192676,CANCEL HOLD,left,1,0.02090684367132134,2,32872,32736,31.0
769598.164250794,CANCEL HOLD,left,2,0.010932936598763376,2,32751,32637,32.0
769598.164304406,CANCEL HOLD,left,3,-0.2809956511787579,2,32793,32777,33.0
769598.164313504,CANCEL HOLD,left,4,0.07269443808651843,2,32805,32783,33.0
769598.164320788,CANCEL HOLD,left,5,-0.4728015564202348,2,32781,32898,35.0
769598.164339112,CANCEL HOLD,right,1,0.00019180590524214836,2,32758,32545,31.0
769598.164347038,CANCEL HOLD,right,2,0.00019180590524214836,2,32690,32666,33.0
769598.16435378,CANCEL HOLD,right,3,0.00019180590524214836,2,32744,32820,33.0
769598.166527488,CANCEL HOLD,left,6,0.07077637903410405,2,32754,33030,35.0
769598.166566372,CANCEL HOLD,left,7,-0.0692419317921722,2,32738,32799,33.0
769598.166577693,CANCEL HOLD,left,8,-0.24723781185625882,2,32815,31460,32.0
769598.166601539,CANCEL HOLD,right,4,0.00019180590524214836,2,32914,32373,31.0
769598.166609224,CANCEL HOLD,right,5,0.00029659014262470307,2,32777,32913,35.0
769598.166616017,CANCEL HOLD,right,6,0.00019180590524214836,2,32821,32507,35.0
769598.166622018,CANCEL HOLD,right,7,1.4003749141680029,2,32739,30589,33.0
769598.168851621,CANCEL HOLD,right,8,0.12218036163881862,2,32779,32971,32.0
769598.173255804,CANCEL HOLD,left,1,0.02090684367132134,2,32682,32747,31.0
769598.173287384,CANCEL HOLD,left,2,0.010932936598763376,2,32810,32638,32.0
769598.173296291,CANCEL HOLD,left,3,-0.2809956511787579,2,32738,32908,33.0
769598.17546049,CANCEL HOLD,left,4,0.07269443808651843,2,32830,32808,33.0
769598.175488534,CANCEL HOLD,left,5,-0.4728015564202348,2,32770,32761,35.0
769598.17549708,CANCEL HOLD,left,6,0.07077637903410405,2,32706,33123,35.0
769598.175505626,CANCEL HOLD,left,7,-0.0692419317921722,2,32697,32891,33.0
769598.177670306,CANCEL HOLD,left,8,-0.2468542000457763,2,32784,31581,32.0
769598.180030108,CANCEL HOLD,left,1,0.02090684367132134,2,32958,32769,31.0
769598.180079703,CANCEL HOLD,left,2,0.010932936598763376,2,32858,32632,32.0
769598.180089121,CANCEL HOLD,left,3,-0.2809956511787579,2,32790,32882,33.0
769598.182230125,CANCEL HOLD,left,4,0.07269443808651843,2,32908,32753,33.0
769598.182245745,CANCEL HOLD,left,5,-0.4728015564202348,2,32765,32782,35.0
769598.182252137,CANCEL HOLD,left,7,-0.0692419317921722,2,32714,32936,33.0
769598.184470509,CANCEL HOLD,left,1,0.02090684367132134,2,32706,32783,31.0
769598.184523911,CANCEL HOLD,left,2,0.010932936598763376,2,32670,32640,32.0
769598.184536135,CANCEL HOLD,left,3,-0.2806120393682754,2,32641,32836,33.0
769598.186848807,CANCEL HOLD,left,4,0.07269443808651843,2,32770,32757,33.0
769598.18689247,CANCEL HOLD,left,5,-0.4728015564202348,2,32733,32691,35.0
769598.186901537,CANCEL HOLD,left,6,0.07077637903410405,2,32717,33107,35.0
769598.186910444,CANCEL HOLD,left,7,-0.0692419317921722,2,32795,32800,33.0
769598.189251481,CANCEL HOLD,left,8,-0.2468542000457763,2,32795,31547,32.0
769598.195949449,CANCEL HOLD,left,1,0.02090684367132134,2,32727,32706,31.0
769598.196019232,CANCEL HOLD,left,2,0.010932936598763376,2,32671,32645,32.0
769598.196030544,CANCEL HOLD,left,3,-0.2809956511787579,2,32812,32857,33.0
769598.199062007,CANCEL HOLD,left,4,0.07269443808651843,2,32969,32729,33.0
769598.199104418,CANCEL HOLD,left,5,-0.4728015564202348,2,32801,32817,35.0
769598.199117643,CANCEL HOLD,left,6,0.07077637903410405,2,32722,33109,35.0
769598.199132001,CANCEL HOLD,left,7,-0.06885831998168968,2,32794,32851,33.0
769598.199144364,CANCEL HOLD,left,8,-0.2468542000457763,2,32737,31467,32.0
769598.202905299,CANCEL HOLD,left,1,0.02090684367132134,2,32722,32745,31.0
769598.203014197,CANCEL HOLD,left,2,0.010932936598763376,2,32866,32635,32.0
769598.203028635,CANCEL HOLD,left,3,-0.2809956511787579,2,33063,32819,33.0
769598.205329033,CANCEL HOLD,left,4,0.07269443808651843,2,32852,32800,33.0
769598.205359922,CANCEL HOLD,left,5,-0.4728015564202348,2,32795,32854,35.0
769598.205367918,CANCEL HOLD,left,7,-0.0692419317921722,2,32779,32824,33.0
769598.207565701,CANCEL HOLD,left,1,0.02090684367132134,2,32672,32734,31.0
769598.207581851,CANCEL HOLD,left,2,0.010932936598763376,2,32844,32622,32.0
769598.207588795,CANCEL HOLD,left,3,-0.2806120393682754,2,32772,32818,33.0
769598.208963978,CANCEL HOLD,left,4,0.07269443808651843,2,32991,32770,33.0
769598.208983285,CANCEL HOLD,left,5,-0.4728015564202348,2,32760,32730,35.0
769598.210073244,CANCEL HOLD,left,6,0.07077637903410405,2,32754,33086,35.0
769598.210086269,CANCEL HOLD,left,7,-0.0692419317921722,2,32778,32760,33.0
769598.211167502,CANCEL HOLD,left,8,-0.2468542000457763,2,32701,31426,32.0
769598.213550919,CANCEL HOLD,right,1,0.00019180590524214836,2,32715,32553,31.0
769598.214775516,CANCEL HOLD,right,2,0.00019180590524214836,2,32590,32709,33.0
769598.214793801,CANCEL HOLD,right,3,0.00019180590524214836,2,32583,32701,33.0
769598.215923225,CANCEL HOLD,right,4,0.00019180590524214836,2,32803,32373,31.0
769598.215940007,CANCEL HOLD,right,5,0.00029659014262470307,2,32751,32944,35.0
769598.217142922,CANCEL HOLD,left,1,0.02090684367132134,2,32753,32722,31.0
769598.217206684,CANCEL HOLD,right,6,0.00019180590524214836,2,32657,32415,35.0
769598.217220019,CANCEL HOLD,right,7,1.3999913023575203,2,32760,30498,33.0
769598.218334155,CANCEL HOLD,left,2,0.010932936598763376,2,32893,32624,32.0
769598.218380974,CANCEL HOLD,left,3,-0.2806120393682754,2,32587,32874,33.0
769598.218408737,CANCEL HOLD,right,8,0.12218036163881862,2,32884,32915,32.0
769598.219506461,CANCEL HOLD,left,4,0.07269443808651843,2,32921,32760,33.0
769598.219523895,CANCEL HOLD,left,5,-0.4728015564202348,2,32730,32757,35.0
769598.220646596,CANCEL HOLD,left,6,0.07077637903410405,2,32822,33065,35.0
769598.22067976,CANCEL HOLD,left,7,-0.0692419317921722,2,32751,32670,33.0
769598.221776903,CANCEL HOLD,left,8,-0.2468542000457763,2,32750,31336,32.0
769598.225033726,CANCEL HOLD,left,1,0.02090684367132134,2,32718,32727,31.0
769598.225087148,CANCEL HOLD,left,2,0.010932936598763376,2,32870,32638,32.0
769598.226228265,CANCEL HOLD,left,3,-0.2809956511787579,2,32804,32913,33.0
769598.226263663,CANCEL HOLD,left,4,0.07269443808651843,2,32653,32753,33.0
769598.2274732,CANCEL HOLD,left,5,-0.4728015564202348,2,32741,32707,35.0
769598.22750988,CANCEL HOLD,left,7,-0.06885831998168968,2,32714,32947,33.0
769598.228607995,CANCEL HOLD,left,1,0.02090684367132134,2,32753,32779,31.0
769598.229793948,CANCEL HOLD,left,1,0.02090684367132134,2,32751,32767,31.0
769598.229817072,CANCEL HOLD,left,2,0.010932936598763376,2,32729,32610,32.0
769598.230912432,CANCEL HOLD,left,3,-0.2809956511787579,2,32619,32899,33.0
769598.230935776,CANCEL HOLD,left,4,0.07231082627603591,2,32950,32740,33.0
769598.232047938,CANCEL HOLD,left,5,-0.4728015564202348,2,32756,32702,35.0
769598.23208571,CANCEL HOLD,left,6,0.07077637903410405,2,32839,33048,35.0
769598.233190077,CANCEL HOLD,left,7,-0.06885831998168968,2,32686,32865,33.0
769598.233215746,CANCEL HOLD,left,8,-0.2468542000457763,2,32726,31512,32.0
769598.234327006,CANCEL HOLD,left,2,0.010932936598763376,2,32860,32617,32.0
769598.235552153,CANCEL HOLD,left,3,-0.2809956511787579,2,32650,32772,33.0
769598.23789833,CANCEL HOLD,left,1,0.02090684367132134,2,32895,32729,31.0
769598.238996474,CANCEL HOLD,left,2,0.010932936598763376,2,32684,32613,32.0
769598.239024027,CANCEL HOLD,left,3,-0.2806120393682754,2,32561,32811,33.0
769598.240110821,CANCEL HOLD,left,4,0.07269443808651843,2,32890,32736,33.0
769598.240125428,CANCEL HOLD,left,5,-0.4728015564202348,2,32770,32770,35.0
769598.24123212,CANCEL HOLD,left,6,0.07077637903410405,2,32733,33103,35.0
769598.241271645,CANCEL HOLD,left,7,-0.0692419317921722,2,32812,32806,33.0
769598.242452488,CANCEL HOLD,left,8,-0.24723781185625882,2,32757,31438,32.0
769598.242541678,CANCEL HOLD,left,4,0.07269443808651843,2,32540,32780,33.0
769598.244956665,CANCEL HOLD,left,5,-0.4728015564202348,2,32775,32643,35.0
769598.247610368,CANCEL HOLD,left,6,0.07077637903410405,2,32720,33061,35.0
769598.248936859,CANCEL HOLD,left,1,0.02090684367132134,2,32896,32737,31.0
769598.2492678,CANCEL HOLD,left,2,0.010932936598763376,2,32912,32636,32.0
769598.250535739,CANCEL HOLD,left,3,-0.2806120393682754,2,32620,32738,33.0
769598.250631672,CANCEL HOLD,left,4,0.07269443808651843,2,32614,32792,33.0
769598.251835459,CANCEL HOLD,left,5,-0.4728015564202348,2,32731,32677,35.0
769598.251896676,CANCEL HOLD,left,6,0.07077637903410405,2,32761,33107,35.0
769598.253084342,CANCEL HOLD,left,7,-0.06885831998168968,2,32749,32828,33.0
769598.253169634,CANCEL HOLD,left,8,-0.24723781185625882,2,32748,31484,32.0
769598.254358572,CANCEL HOLD,left,7,-0.06885831998168968,2,32788,32827,33.0
769598.258705275,CANCEL HOLD,left,1,0.02090684367132134,2,32718,32789,31.0
769598.25876574,CANCEL HOLD,left,2,0.010932936598763376,2,32783,32619,32.0
769598.258778354,CANCEL HOLD,left,3,-0.2806120393682754,2,32882,32750,33.0
769598.261253837,CANCEL HOLD,left,4,0.07269443808651843,2,32624,32742,33.0
769598.261350271,CANCEL HOLD,left,5,-0.4724179446097523,2,32784,32727,35.0
769598.261361783,CANCEL HOLD,left,7,-0.06885831998168968,2,32784,33019,33.0
769598.26137561,CANCEL HOLD,left,1,0.02090684367132134,2,32640,32745,31.0
769598.263643396,CANCEL HOLD,left,2,0.010932936598763376,2,32682,32628,32.0
769598.263691598,CANCEL HOLD,left,3,-0.2806120393682754,2,32625,32750,33.0
769598.263704683,CANCEL HOLD,left,4,0.07269443808651843,2,32768,32736,33.0
769598.263715614,CANCEL HOLD,left,5,-0.4728015564202348,2,32790,32712,35.0
769598.266084073,CANCEL HOLD,left,6,0.07077637903410405,2,32773,33057,35.0
769598.266120542,CANCEL HOLD,left,7,-0.06885831998168968,2,32757,32912,33.0
769598.266129108,CANCEL HOLD,left,8,-0.2468542000457763,2,32691,31598,32.0
769598.266159326,CANCEL HOLD,right,1,0.00019180590524214836,2,32872,32584,31.0
769598.26617205,CANCEL HOLD,right,2,0.00019180590524214836,2,32766,32701,33.0
769598.266179865,CANCEL HOLD,right,3,0.00019180590524214836,2,32839,32775,33.0
769598.268386074,CANCEL HOLD,right,4,0.00019180590524214836,2,32602,32453,31.0
769598.268427794,CANCEL HOLD,right,5,0.00029659014262470307,2,32725,32947,35.0
769598.268438985,CANCEL HOLD,right,6,0.00019180590524214836,2,32779,32433,35.0
769598.268449014,CANCEL HOLD,right,7,1.4003749141680029,2,32758,30621,33.0
769598.270975474,CANCEL HOLD,left,1,0.02090684367132134,2,32698,32780,31.0
769598.271013146,CANCEL HOLD,left,2,0.010932936598763376,2,32758,32620,32.0
769598.271023276,CANCEL HOLD,left,3,-0.2806120393682754,2,32559,32794,33.0
769598.27104659,CANCEL HOLD,right,8,0.12256397344930114,2,32727,32936,32.0
769598.273367127,CANCEL HOLD,left,4,0.07269443808651843,2,32912,32755,33.0
769598.273407063,CANCEL HOLD,left,5,-0.4728015564202348,2,32829,32778,35.0
769598.273418545,CANCEL HOLD,left,7,-0.06885831998168968,2,32751,32881,33.0
769598.273426811,CANCEL HOLD,left,1,0.02090684367132134,2,32790,32767,31.0
769598.2736568,CANCEL HOLD,left,2,0.010932936598763376,2,32760,32618,32.0
769598.274860656,CANCEL HOLD,left,3,-0.2806120393682754,2,32940,32823,33.0
769598.274921402,CANCEL HOLD,left,4,0.07231082627603591,2,32910,32748,33.0
769598.276034145,CANCEL HOLD,left,5,-0.4728015564202348,2,32743,32818,35.0
769598.276070244,CANCEL HOLD,left,6,0.07039276722362153,2,32832,33052,35.0
769598.277220819,CANCEL HOLD,left,7,-0.06885831998168968,2,32823,32955,33.0
769598.277262579,CANCEL HOLD,left,8,-0.24723781185625882,2,32823,31545,32.0
769598.278373759,CANCEL HOLD,left,1,0.020523231860837043,2,32807,32761,31.0
769598.279626429,CANCEL HOLD,left,2,0.010932936598763376,2,32846,32617,32.0
769598.281975931,CANCEL HOLD,left,3,-0.2806120393682754,2,32732,32820,34.0
769598.283272535,CANCEL HOLD,left,1,0.02090684367132134,2,32717,32739,31.0
769598.284620957,CANCEL HOLD,left,2,0.010932936598763376,2,32642,32615,32.0
769598.285996081,CANCEL HOLD,left,3,-0.2806120393682754,2,32721,32816,33.0
769598.286107103,CANCEL HOLD,left,4,0.07269443808651843,2,32747,32771,33.0
769598.286124095,CANCEL HOLD,left,5,-0.4728015564202348,2,32787,32695,35.0
769598.286134465,CANCEL HOLD,left,6,0.07077637903410405,2,32697,33143,35.0
769598.287371475,CANCEL HOLD,left,7,-0.06885831998168968,2,32807,32873,33.0
769598.287413795,CANCEL HOLD,left,8,-0.2468542000457763,2,32747,31442,32.0
769598.288560213,CANCEL HOLD,left,4,0.07269443808651843,2,32625,32755,33.0
769598.289789838,CANCEL HOLD,left,5,-0.4728015564202348,2,32733,32634,35.0
769598.292347498,CANCEL HOLD,left,6,0.07077637903410405,2,32761,33090,35.0
769598.293546205,CANCEL HOLD,left,1,0.02090684367132134,2,32794,32726,31.0
769598.294750092,CANCEL HOLD,left,2,0.010932936598763376,2,32761,32615,32.0
769598.294798644,CANCEL HOLD,left,3,-0.2806120393682754,2,32765,32789,33.0
769598.295946965,CANCEL HOLD,left,4,0.07269443808651843,2,32685,32731,33.0
769598.295971352,CANCEL HOLD,left,5,-0.4728015564202348,2,32799,32756,35.0
769598.297031645,CANCEL HOLD,left,6,0.07077637903410405,2,32768,33113,35.0
769598.297053777,CANCEL HOLD,left,7,-0.0692419317921722,2,32830,32935,33.0
769598.29814063,CANCEL HOLD,left,8,-0.2468542000457763,2,32772,31465,32.0
769598.298154617,CANCEL HOLD,left,7,-0.06885831998168968,2,32708,32800,33.0
769598.301889512,CANCEL HOLD,left,1,0.02090684367132134,2,32774,32728,31.0
769598.302017917,CANCEL HOLD,left,2,0.010932936598763376,2,32898,32636,32.0
769598.302029109,CANCEL HOLD,left,3,-0.2806120393682754,2,32946,32800,33.0
769598.302036643,CANCEL HOLD,left,4,0.07269443808651843,2,32835,32716,33.0
769598.304305351,CANCEL HOLD,left,5,-0.4724179446097523,2,32705,32757,35.0
769598.304389522,CANCEL HOLD,left,7,-0.06885831998168968,2,32804,33034,33.0
769598.307039818,CANCEL HOLD,left,1,0.02090684367132134,2,32878,32776,31.0
769598.307070657,CANCEL HOLD,left,2,0.010932936598763376,2,32770,32638,32.0
769598.307079784,CANCEL HOLD,left,3,-0.2806120393682754,2,32767,32757,33.0
769598.310410569,CANCEL HOLD,left,4,0.07269443808651843,2,32617,32707,33.0
769598.310437601,CANCEL HOLD,left,5,-0.4728015564202348,2,32745,32713,35.0
769598.310445496,CANCEL HOLD,left,6,0.07077637903410405,2,32736,33064,35.0
769598.310454573,CANCEL HOLD,left,7,-0.06885831998168968,2,32790,32861,33.0
769598.310467478,CANCEL HOLD,left,8,-0.2468542000457763,2,32757,31499,32.0
769598.312859571,CANCEL HOLD,left,1,0.02090684367132134,2,32819,32778,31.0
769598.312888065,CANCEL HOLD,left,2,0.010932936598763376,2,32810,32590,32.0
769598.312896451,CANCEL HOLD,left,3,-0.2806120393682754,2,32587,32797,33.0
769598.315044139,CANCEL HOLD,left,4,0.07269443808651843,2,32797,32732,33.0
769598.31505512,CANCEL HOLD,left,5,-0.4728015564202348,2,32777,32777,35.0
769598.315061572,CANCEL HOLD,left,7,-0.06885831998168968,2,32697,32704,33.0
769598.317287038,CANCEL HOLD,left,1,0.02090684367132134,2,32756,32758,31.0
769598.317322646,CANCEL HOLD,left,2,0.010932936598763376,2,32690,32625,32.0
769598.317331944,CANCEL HOLD,left,3,-0.2806120393682754,2,32670,32876,33.0
769598.317368974,CANCEL HOLD,right,1,0.00019180590524214836,2,32789,32565,31.0
769598.317383081,CANCEL HOLD,right,2,0.00019180590524214836,2,32818,32740,33.0
769598.317390726,CANCEL HOLD,right,3,0.00019180590524214836,2,32681,32714,33.0
769598.319551859,CANCEL HOLD,left,4,0.07269443808651843,2,32726,32774,33.0
769598.319605331,CANCEL HOLD,left,5,-0.4728015564202348,2,32739,32777,35.0
769598.319614949,CANCEL HOLD,left,6,0.07077637903410405,2,32794,33061,35.0
769598.319647601,CANCEL HOLD,left,7,-0.06885831998168968,2,32755,32783,33.0
769598.31967297,CANCEL HOLD,right,4,0.00019180590524214836,2,32594,32314,31.0
769598.319680474,CANCEL HOLD,right,5,-8.702166785959364e-05,2,32785,32989,35.0
769598.319691155,CANCEL HOLD,right,6,0.00019180590524214836,2,32791,32422,35.0
769598.319697256,CANCEL HOLD,right,7,1.4003749141680029,2,32730,30659,33.0
769598.321933743,CANCEL HOLD,left,8,-0.2468542000457763,2,32800,31561,32.0
769598.321977727,CANCEL HOLD,right,8,0.12256397344930114,2,32764,32679,32.0
769598.324637902,CANCEL HOLD,left,1,0.02090684367132134,2,32750,32752,31.0
769598.324670695,CANCEL HOLD,left,2,0.010932936598763376,2,32626,32614,32.0
769598.324679181,CANCEL HOLD,left,3,-0.2809956511787579,2,32890,32861,33.0
769598.324685112,CANCEL HOLD,left,4,0.07269443808651843,2,32495,32719,33.0
769598.325944364,CANCEL HOLD,left,5,-0.4728015564202348,2,32735,32778,35.0
769598.325967739,CANCEL HOLD,left,7,-0.06885831998168968,2,32687,32886,33.0
769598.327257089,CANCEL HOLD,left,1,0.02090684367132134,2,32818,32766,31.0
769598.328453511,CANCEL HOLD,left,1,0.02090684367132134,2,32789,32765,31.0
769598.328475533,CANCEL HOLD,left,2,0.010932936598763376,2,32758,32610,32.0
769598.329594188,CANCEL HOLD,left,3,-0.2809956511787579,2,32803,32759,33.0
769598.329613895,CANCEL HOLD,left,4,0.07269443808651843,2,32725,32742,33.0
769598.330744793,CANCEL HOLD,left,5,-0.4728015564202348,2,32748,32710,35.0
769598.330808284,CANCEL HOLD,left,6,0.07077637903410405,2,32799,33101,35.0
769598.33195415,CANCEL HOLD,left,7,-0.06885831998168968,2,32736,32952,33.0
769598.331985259,CANCEL HOLD,left,8,-0.24723781185625882,2,32769,31392,32.0
769598.333093404,CANCEL HOLD,left,2,0.010932936598763376,2,32914,32620,32.0
769598.334269247,CANCEL HOLD,left,3,-0.2806120393682754,2,32825,32871,33.0
769598.336538366,CANCEL HOLD,left,4,0.07269443808651843,2,32564,32818,33.0
769598.337695654,CANCEL HOLD,left,1,0.02090684367132134,2,32822,32755,31.0
769598.338865235,CANCEL HOLD,left,2,0.010932936598763376,2,32991,32628,32.0
769598.338877198,CANCEL HOLD,left,3,-0.2806120393682754,2,32737,32829,33.0
769598.33995789,CANCEL HOLD,left,4,0.07269443808651843,2,32788,32761,33.0
769598.339974511,CANCEL HOLD,left,5,-0.4724179446097523,2,32721,32806,35.0
769598.341036838,CANCEL HOLD,left,6,0.07077637903410405,2,32795,33101,35.0
769598.341062006,CANCEL HOLD,left,7,-0.0692419317921722,2,32789,32837,33.0
769598.342150653,CANCEL HOLD,left,8,-0.24723781185625882,2,32799,31550,32.0
769598.342183295,CANCEL HOLD,left,5,-0.4728015564202348,2,32743,32579,35.0
769598.344614453,CANCEL HOLD,left,6,0.07077637903410405,2,32778,33121,35.0
769598.347025142,CANCEL HOLD,left,7,-0.0692419317921722,2,32782,32672,33.0
769598.348197579,CANCEL HOLD,left,1,0.02090684367132134,2,32669,32752,31.0
769598.350889204,CANCEL HOLD,left,2,0.010932936598763376,2,32698,32602,32.0
769598.350922278,CANCEL HOLD,left,3,-0.2806120393682754,2,32739,32860,33.0
769598.350931265,CANCEL HOLD,left,4,0.07269443808651843,2,32704,32711,33.0
769598.35093913,CANCEL HOLD,left,5,-0.4728015564202348,2,32801,32724,35.0
769598.353150809,CANCEL HOLD,left,6,0.07077637903410405,2,32802,33052,35.0
769598.353208359,CANCEL HOLD,left,7,-0.0692419317921722,2,32856,32723,33.0
769598.353219029,CANCEL HOLD,left,8,-0.24723781185625882,2,32791,31470,32.0
769598.353239268,CANCEL HOLD,left,1,0.02090684367132134,2,32657,32730,31.0
769598.355523596,CANCEL HOLD,left,2,0.010932936598763376,2,32840,32590,32.0
769598.355594822,CANCEL HOLD,left,3,-0.2806120393682754,2,32768,32873,33.0
769598.355622705,CANCEL HOLD,left,4,0.07269443808651843,2,32562,32789,33.0
769598.355644627,CANCEL HOLD,left,5,-0.4724179446097523,2,32751,32749,35.0
769598.358027503,CANCEL HOLD,left,7,-0.06885831998168968,2,32717,32942,33.0
769598.360422452,CANCEL HOLD,left,1,0.02090684367132134,2,32821,32762,31.0
769598.360451277,CANCEL HOLD,left,2,0.010932936598763376,2,32861,32619,32.0
769598.360461587,CANCEL HOLD,left,3,-0.2809956511787579,2,32639,32820,33.0
769598.363637796,CANCEL HOLD,left,4,0.07269443808651843,2,32793,32654,33.0
769598.363667774,CANCEL HOLD,left,5,-0.4724179446097523,2,32802,32772,35.0
769598.36367641,CANCEL HOLD,left,6,0.07077637903410405,2,32816,33078,35.0
769598.363682642,CANCEL HOLD,left,7,-0.06885831998168968,2,32797,32875,33.0
769598.363688112,CANCEL HOLD,left,8,-0.2468542000457763,2,32752,31583,32.0
769598.36369734,CANCEL HOLD,left,1,0.02090684367132134,2,32740,32781,31.0
769598.36587285,CANCEL HOLD,left,2,0.010932936598763376,2,32741,32650,32.0
769598.365906605,CANCEL HOLD,left,3,-0.2806120393682754,2,32600,32932,33.0
769598.365917135,CANCEL HOLD,left,4,0.07269443808651843,2,32704,32689,33.0
769598.368171636,CANCEL HOLD,left,5,-0.4724179446097523,2,32774,32776,35.0
769598.368214387,CANCEL HOLD,left,7,-0.0692419317921722,2,32797,32958,33.0
769598.368240808,CANCEL HOLD,right,1,0.00019180590524214836,2,32780,32551,31.0
769598.368251629,CANCEL HOLD,right,2,0.00019180590524214836,2,32652,32688,33.0
769598.368259834,CANCEL HOLD,right,3,0.0005754177157246687,2,32770,32747,33.0
769598.370523803,CANCEL HOLD,left,1,0.02090684367132134,2,32849,32725,31.0
769598.370617753,CANCEL HOLD,left,2,0.010932936598763376,2,32790,32619,32.0
769598.37063228,CANCEL HOLD,left,3,-0.2806120393682754,2,32650,32833,33.0
769598.370681775,CANCEL HOLD,right,4,0.00019180590524214836,2,32919,32327,31.0
769598.370697495,CANCEL HOLD,right,5,0.00029659014262470307,2,32776,32817,35.0
769598.370709007,CANCEL HOLD,right,6,0.00019180590524214836,2,32708,32473,35.0
769598.370723895,CANCEL HOLD,right,7,1.4003749141680029,2,32734,30548,34.0
769598.372909845,CANCEL HOLD,left,4,0.07269443808651843,2,32796,32645,33.0
769598.372933871,CANCEL HOLD,left,5,-0.4724179446097523,2,32777,32784,35.0
769598.372941857,CANCEL HOLD,left,6,0.07077637903410405,2,32793,33135,35.0
769598.372950212,CANCEL HOLD,left,7,-0.0692419317921722,2,32739,33029,33.0
769598.372964349,CANCEL HOLD,right,8,0.12256397344930114,2,32718,33126,32.0
769598.375297982,CANCEL HOLD,left,8,-0.2468542000457763,2,32771,31555,32.0
769598.375361172,CANCEL HOLD,left,1,0.02090684367132134,2,32722,32732,31.0
769598.375380028,CANCEL HOLD,left,2,0.010932936598763376,2,32670,32655,32.0
769598.375389586,CANCEL HOLD,left,3,-0.2806120393682754,2,32580,32851,33.0
769598.37664917,CANCEL HOLD,left,4,0.07307804989700095,2,32687,32681,33.0
769598.37667583,CANCEL HOLD,left,5,-0.4724179446097523,2,32828,32712,35.0
769598.377777592,CANCEL HOLD,left,7,-0.06885831998168968,2,32722,32795,33.0
769598.377793733,CANCEL HOLD,left,1,0.02090684367132134,2,32786,32774,31.0
769598.380095023,CANCEL HOLD,left,1,0.02090684367132134,2,32706,32703,31.0
769598.38118859,CANCEL HOLD,left,2,0.010932936598763376,2,32996,32647,32.0
769598.381206083,CANCEL HOLD,left,3,-0.2806120393682754,2,32694,32791,33.0
769598.382293097,CANCEL HOLD,left,4,0.07269443808651843,2,32784,32737,33.0
769598.382312083,CANCEL HOLD,left,5,-0.4724179446097523,2,32728,32762,35.0
769598.383412092,CANCEL HOLD,left,6,0.07077637903410405,2,32777,33080,35.0
769598.383469421,CANCEL HOLD,left,7,-0.0692419317921722,2,32742,32916,33.0
769598.384587204,CANCEL HOLD,left,8,-0.2468542000457763,2,32791,31550,32.0
769598.384654242,CANCEL HOLD,left,2,0.010932936598763376,2,32749,32614,32.0
769598.387206972,CANCEL HOLD,left,3,-0.2806120393682754,2,32857,32858,33.0
769598.389742429,CANCEL HOLD,left,4,0.07307804989700095,2,32801,32634,33.0
769598.391187476,CANCEL HOLD,left,1,0.02090684367132134,2,32889,32744,31.0
769598.392351106,CANCEL HOLD,left,2,0.010932936598763376,2,32649,32649,32.0
769598.392385401,CANCEL HOLD,left,3,-0.2806120393682754,2,32552,32814,33.0
769598.393525136,CANCEL HOLD,left,4,0.07269443808651843,2,32773,32764,33.0
769598.393547859,CANCEL HOLD,left,5,-0.4724179446097523,2,32754,32808,35.0
769598.394640163,CANCEL HOLD,left,6,0.07077637903410405,2,32772,33061,35.0
769598.394660061,CANCEL HOLD,left,7,-0.0692419317921722,2,32766,32920,33.0
769598.39578103,CANCEL HOLD,left,8,-0.2468542000457763,2,32742,31697,32.0
769598.395882854,CANCEL HOLD,left,5,-0.4728015564202348,2,32819,32697,35.0
769598.398241353,CANCEL HOLD,left,6,0.07077637903410405,2,32724,33083,35.0
769598.400575146,CANCEL HOLD,left,7,-0.06885831998168968,2,32710,32851,33.0
769598.401795534,CANCEL HOLD,left,1,0.02090684367132134,2,32725,32725,31.0
769598.404328647,CANCEL HOLD,left,2,0.010932936598763376,2,32665,32636,32.0
769598.404410012,CANCEL HOLD,left,3,-0.2806120393682754,2,32786,32827,33.0
769598.404463023,CANCEL HOLD,left,4,0.07269443808651843,2,32879,32722,33.0
769598.40447689,CANCEL HOLD,left,5,-0.4724179446097523,2,32810,32747,35.0
769598.404489093,CANCEL HOLD,left,6,0.07077637903410405,2,32747,33153,35.0
769598.406727504,CANCEL HOLD,left,7,-0.0692419317921722,2,32792,32755,33.0
769598.406752992,CANCEL HOLD,left,8,-0.24723781185625882,2,32756,31581,32.0
769598.406763993,CANCEL HOLD,left,1,0.02090684367132134,2,32618,32732,31.0
769598.408897784,CANCEL HOLD,left,2,0.010932936598763376,2,32799,32634,32.0
769598.40892174,CANCEL HOLD,left,3,-0.2806120393682754,2,32652,32816,33.0
769598.408928913,CANCEL HOLD,left,4,0.07269443808651843,2,32755,32729,33.0
769598.408935576,CANCEL HOLD,left,5,-0.4728015564202348,2,32761,32620,35.0
769598.411074958,CANCEL HOLD,left,7,-0.0692419317921722,2,32788,32805,33.0
769598.413256991,CANCEL HOLD,left,1,0.02090684367132134,2,32884,32753,31.0
769598.413289362,CANCEL HOLD,left,2,0.010932936598763376,2,32781,32622,32.0
769598.413297648,CANCEL HOLD,left,3,-0.2806120393682754,2,32796,32799,33.0
769598.417293221,CANCEL HOLD,left,4,0.07269443808651843,2,32939,32785,33.0
769598.417363896,CANCEL HOLD,left,5,-0.4728015564202348,2,32778,32774,35.0
769598.417382481,CANCEL HOLD,left,6,0.07077637903410405,2,32761,33113,35.0
769598.417397039,CANCEL HOLD,left,7,-0.0692419317921722,2,32763,32824,33.0
769598.417408912,CANCEL HOLD,left,8,-0.2468542000457763,2,32766,31528,32.0
769598.417425323,CANCEL HOLD,left,1,0.02090684367132134,2,32899,32721,31.0
769598.417438478,CANCEL HOLD,left,2,0.010932936598763376,2,32653,32618,32.0
769598.419892821,CANCEL HOLD,left,3,-0.2806120393682754,2,32684,32855,33.0
769598.419943337,CANCEL HOLD,left,4,0.07269443808651843,2,32723,32682,33.0
769598.419958035,CANCEL HOLD,left,5,-0.4728015564202348,2,32768,32671,35.0
769598.419971571,CANCEL HOLD,left,7,-0.0692419317921722,2,32803,32683,33.0
769598.419999183,CANCEL HOLD,right,1,0.00019180590524214836,2,32907,32527,31.0
769598.420022468,CANCEL HOLD,right,2,0.00019180590524214836,2,32760,32739,33.0
769598.420030293,CANCEL HOLD,right,3,0.00019180590524214836,2,32637,32672,33.0
769598.422304462,CANCEL HOLD,right,4,0.00019180590524214836,2,32822,32492,31.0
769598.422351592,CANCEL HOLD,right,5,0.00029659014262470307,2,32759,32918,35.0
769598.422362112,CANCEL HOLD,right,6,0.00019180590524214836,2,32767,32465,35.0
769598.422370147,CANCEL HOLD,right,7,1.3999913023575203,2,32783,30762,33.0
769598.424659545,CANCEL HOLD,left,1,0.02090684367132134,2,32684,32724,31.0
769598.424688761,CANCEL HOLD,left,2,0.010932936598763376,2,32593,32623,32.0
769598.424697407,CANCEL HOLD,left,3,-0.2809956511787579,2,32900,32897,33.0
769598.424719529,CANCEL HOLD,right,8,0.12256397344930114,2,32693,33078,32.0
769598.425057815,CANCEL HOLD,left,4,0.07269443808651843,2,32847,32675,33.0
769598.426168333,CANCEL HOLD,left,5,-0.4728015564202348,2,32812,32744,35.0
769598.426192189,CANCEL HOLD,left,6,0.07077637903410405,2,32787,33110,35.0
769598.427316945,CANCEL HOLD,left,7,-0.06885831998168968,2,32668,32842,33.0
769598.42735125,CANCEL HOLD,left,8,-0.2468542000457763,2,32756,31481,32.0
769598.428490213,CANCEL HOLD,left,1,0.02090684367132134,2,32754,32760,31.0
769598.428521663,CANCEL HOLD,left,2,0.010932936598763376,2,32629,32605,32.0
769598.429634546,CANCEL HOLD,left,3,-0.2809956511787579,2,32669,32917,33.0
769598.430741899,CANCEL HOLD,left,4,0.07269443808651843,2,32811,32739,33.0
769598.430757308,CANCEL HOLD,left,5,-0.4724179446097523,2,32772,32782,35.0
769598.431846176,CANCEL HOLD,left,7,-0.06885831998168968,2,32717,32809,33.0
769598.431862266,CANCEL HOLD,left,1,0.02090684367132134,2,32781,32763,31.0
769598.434385831,CANCEL HOLD,left,1,0.02090684367132134,2,32742,32742,31.0
769598.43548603,CANCEL HOLD,left,2,0.010932936598763376,2,32742,32619,32.0
769598.435499005,CANCEL HOLD,left,3,-0.2809956511787579,2,32811,32863,33.0
769598.43657634,CANCEL HOLD,left,4,0.07269443808651843,2,32673,32646,33.0
769598.436587161,CANCEL HOLD,left,5,-0.4728015564202348,2,32785,32780,35.0
769598.437668534,CANCEL HOLD,left,6,0.07077637903410405,2,32782,33081,35.0
769598.437683011,CANCEL HOLD,left,7,-0.0692419317921722,2,32802,32723,33.0
769598.438768903,CANCEL HOLD,left,8,-0.2468542000457763,2,32737,31451,32.0
769598.439861898,CANCEL HOLD,left,2,0.010932936598763376,2,32631,32615,32.0
769598.441010299,CANCEL HOLD,left,3,-0.2809956511787579,2,33024,32842,33.0
769598.443239091,CANCEL HOLD,left,4,0.07269443808651843,2,32637,32724,33.0
769598.444417219,CANCEL HOLD,left,1,0.02090684367132134,2,32746,32704,31.0
769598.445626035,CANCEL HOLD,left,2,0.010932936598763376,2,32603,32631,32.0
769598.445661593,CANCEL HOLD,left,3,-0.2806120393682754,2,32718,32965,33.0
769598.446775238,CANCEL HOLD,left,4,0.07269443808651843,2,32972,32760,33.0
769598.446809764,CANCEL HOLD,left,5,-0.4724179446097523,2,32772,32699,35.0
769598.447920342,CANCEL HOLD,left,6,0.07077637903410405,2,32792,33090,35.0
769598.447945921,CANCEL HOLD,left,7,-0.06885831998168968,2,32737,32729,33.0
769598.449023347,CANCEL HOLD,left,8,-0.2468542000457763,2,32767,31506,32.0
769598.449048214,CANCEL HOLD,left,5,-0.4724179446097523,2,32764,32809,35.0
769598.451358602,CANCEL HOLD,left,6,0.07077637903410405,2,32824,33099,35.0
769598.453951929,CANCEL HOLD,left,7,-0.0692419317921722,2,32778,32811,33.0
769598.457853453,CANCEL HOLD,left,1,0.02090684367132134,2,32866,32717,31.0
769598.457907777,CANCEL HOLD,left,2,0.010932936598763376,2,32772,32598,32.0
769598.457922996,CANCEL HOLD,left,3,-0.2806120393682754,2,32681,32916,33.0
769598.457937874,CANCEL HOLD,left,4,0.07269443808651843,2,32799,32698,33.0
769598.45795134,CANCEL HOLD,left,5,-0.4728015564202348,2,32817,32824,35.0
769598.457964084,CANCEL HOLD,left,6,0.07077637903410405,2,32768,33075,35.0
769598.46017926,CANCEL HOLD,left,7,-0.0692419317921722,2,32825,32712,33.0
769598.460257079,CANCEL HOLD,left,8,-0.24723781185625882,2,32805,31445,32.0
769598.460279111,CANCEL HOLD,left,1,0.02090684367132134,2,32633,32702,31.0
769598.462493255,CANCEL HOLD,left,2,0.010932936598763376,2,32710,32596,32.0
769598.462529885,CANCEL HOLD,left,3,-0.2806120393682754,2,32629,32870,33.0
769598.462538501,CANCEL HOLD,left,4,0.07269443808651843,2,32645,32649,33.0
769598.462545985,CANCEL HOLD,left,5,-0.4728015564202348,2,32792,32890,35.0
769598.46473395,CANCEL HOLD,left,7,-0.0692419317921722,2,32820,32923,33.0
769598.468529341,CANCEL HOLD,left,1,0.02090684367132134,2,32845,32745,31.0
769598.468560781,CANCEL HOLD,left,2,0.010932936598763376,2,32764,32609,32.0
769598.468574136,CANCEL HOLD,left,3,-0.2809956511787579,2,32790,32820,33.0
769598.468584756,CANCEL HOLD,left,4,0.07269443808651843,2,32677,32710,33.0
769598.468595016,CANCEL HOLD,left,5,-0.4728015564202348,2,32777,32721,35.0
769598.468605576,CANCEL HOLD,left,6,0.07077637903410405,2,32756,33068,35.0
769598.470814951,CANCEL HOLD,left,7,-0.0692419317921722,2,32800,32739,33.0
769598.470839949,CANCEL HOLD,left,8,-0.2468542000457763,2,32763,31379,32.0
769598.470849918,CANCEL HOLD,left,1,0.02090684367132134,2,32814,32731,31.0
769598.470868213,CANCEL HOLD,right,1,0.00019180590524214836,2,32768,32537,31.0
769598.470879234,CANCEL HOLD,right,2,0.00019180590524214836,2,32661,32703,33.0
769598.470888792,CANCEL HOLD,right,3,0.00019180590524214836,2,32816,32773,33.0
769598.473018966,CANCEL HOLD,left,2,0.010932936598763376,2,32635,32602,32.0
769598.473035398,CANCEL HOLD,left,3,-0.2806120393682754,2,32725,32764,33.0
769598.47304193,CANCEL HOLD,left,4,0.07307804989700095,2,32700,32744,33.0
769598.473048282,CANCEL HOLD,left,5,-0.4728015564202348,2,32714,32680,35.0
769598.473059474,CANCEL HOLD,right,4,0.00019180590524214836,2,33132,32398,31.0
769598.473065746,CANCEL HOLD,right,5,-8.702166785959364e-05,2,32792,32913,35.0
769598.47307336,CANCEL HOLD,right,6,0.00019180590524214836,2,32795,32546,35.0
769598.475187223,CANCEL HOLD,left,7,-0.0692419317921722,2,32785,32830,33.0
769598.47522798,CANCEL HOLD,right,7,1.3999913023575203,2,32783,30613,33.0
769598.475234854,CANCEL HOLD,right,8,0.12256397344930114,2,32671,32654,32.0
769598.476472625,CANCEL HOLD,left,1,0.02090684367132134,2,32705,32754,31.0
769598.477576832,CANCEL HOLD,left,2,0.010932936598763376,2,32841,32613,32.0
769598.477585628,CANCEL HOLD,left,3,-0.2809956511787579,2,32829,32842,33.0
769598.47866649,CANCEL HOLD,left,4,0.07307804989700095,2,32664,32629,33.0
769598.478686889,CANCEL HOLD,left,5,-0.4728015564202348,2,32823,32753,35.0
769598.479796937,CANCEL HOLD,left,6,0.07077637903410405,2,32769,33086,35.0
769598.479815913,CANCEL HOLD,left,7,-0.0692419317921722,2,32834,32845,33.0
769598.480915311,CANCEL HOLD,left,8,-0.2468542000457763,2,32795,31535,32.0
769598.48202592,CANCEL HOLD,left,1,0.02090684367132134,2,32866,32740,31.0
769598.483295973,CANCEL HOLD,left,2,0.010932936598763376,2,32695,32621,32.0
769598.485734846,CANCEL HOLD,left,3,-0.2809956511787579,2,32774,32787,33.0
769598.487025939,CANCEL HOLD,left,1,0.02090684367132134,2,32746,32733,31.0
769598.487311023,CANCEL HOLD,left,2,0.010932936598763376,2,32659,32611,32.0
769598.488994775,CANCEL HOLD,left,3,-0.2809956511787579,2,32754,32826,33.0
769598.48904431,CANCEL HOLD,left,4,0.07269443808651843,2,32690,32748,33.0
769598.490204543,CANCEL HOLD,left,5,-0.4724179446097523,2,32760,32709,35.0
769598.490242876,CANCEL HOLD,left,6,0.07077637903410405,2,32776,33082,35.0
769598.491369335,CANCEL HOLD,left,7,-0.0692419317921722,2,32815,32873,33.0
769598.491395425,CANCEL HOLD,left,8,-0.2468542000457763,2,32781,31407,32.0
769598.492491236,CANCEL HOLD,left,4,0.07269443808651843,2,32856,32702,33.0
769598.493733556,CANCEL HOLD,left,5,-0.4724179446097523,2,32734,32766,35.0
769598.496043463,CANCEL HOLD,left,6,0.07077637903410405,2,32764,33062,35.0
769598.497324657,CANCEL HOLD,left,1,0.02090684367132134,2,32669,32713,31.0
769598.497595945,CANCEL HOLD,left,2,0.010932936598763376,2,32847,32608,32.0
769598.498704309,CANCEL HOLD,left,3,-0.2809956511787579,2,32869,32862,33.0
769598.499824576,CANCEL HOLD,left,4,0.07269443808651843,2,32924,32719,33.0
769598.499858531,CANCEL HOLD,left,5,-0.4724179446097523,2,32751,32789,35.0
769598.500949012,CANCEL HOLD,left,6,0.07077637903410405,2,32761,33041,35.0
769598.500970593,CANCEL HOLD,left,7,-0.0692419317921722,2,32741,32832,33.0
769598.502024293,CANCEL HOLD,left,8,-0.2468542000457763,2,32775,31428,32.0
769598.502051375,CANCEL HOLD,left,7,-0.0692419317921722,2,32791,32918,33.0
769598.505867856,CANCEL HOLD,left,1,0.02090684367132134,2,32852,32736,31.0
769598.505890259,CANCEL HOLD,left,2,0.010932936598763376,2,32752,32609,32.0
769598.505898565,CANCEL HOLD,left,3,-0.2809956511787579,2,32721,32795,33.0
769598.508011456,CANCEL HOLD,left,4,0.07269443808651843,2,32809,32730,33.0
769598.508021885,CANCEL HOLD,left,5,-0.4728015564202348,2,32784,32766,35.0
769598.508028538,CANCEL HOLD,left,7,-0.0692419317921722,2,32808,32796,33.0
769598.510186255,CANCEL HOLD,left,1,0.02090684367132134,2,32814,32702,31.0
769598.510202696,CANCEL HOLD,left,2,0.010932936598763376,2,32893,32599,32.0
769598.510209148,CANCEL HOLD,left,3,-0.2809956511787579,2,32929,32849,33.0
769598.512312812,CANCEL HOLD,left,4,0.07307804989700095,2,32632,32731,33.0
769598.512326999,CANCEL HOLD,left,5,-0.4728015564202348,2,32787,32749,35.0
769598.512332479,CANCEL HOLD,left,6,0.07077637903410405,2,32749,33092,35.0
769598.514508511,CANCEL HOLD,left,7,-0.06885831998168968,2,32815,32924,33.0
769598.514566321,CANCEL HOLD,left,8,-0.24723781185625882,2,32816,31445,32.0
769598.517466114,CANCEL HOLD,left,1,0.02090684367132134,2,33031,32776,31.0
769598.517498435,CANCEL HOLD,left,2,0.010932936598763376,2,32781,32630,32.0
769598.517506631,CANCEL HOLD,left,3,-0.2809956511787579,2,32788,32873,33.0
769598.521087072,CANCEL HOLD,left,4,0.07269443808651843,2,32575,32663,33.0
769598.521126327,CANCEL HOLD,left,5,-0.4724179446097523,2,32744,32811,35.0
769598.52113858,CANCEL HOLD,left,7,-0.0692419317921722,2,32828,32915,33.0
769598.5234657,CANCEL HOLD,left,1,0.02090684367132134,2,32631,32736,31.0
769598.523522297,CANCEL HOLD,left,2,0.010932936598763376,2,32776,32603,32.0
769598.523532076,CANCEL HOLD,left,3,-0.2809956511787579,2,32884,32758,33.0
769598.523562524,CANCEL HOLD,right,1,0.00019180590524214836,2,32758,32539,31.0
769598.523571421,CANCEL HOLD,right,2,0.00019180590524214836,2,32878,32732,33.0
769598.523578425,CANCEL HOLD,right,3,0.00019180590524214836,2,32938,32702,33.0
769598.523790559,CANCEL HOLD,right,4,0.00019180590524214836,2,32802,32423,31.0
769598.524873255,CANCEL HOLD,left,4,0.07269443808651843,2,32615,32733,33.0
769598.524889145,CANCEL HOLD,left,5,-0.4724179446097523,2,32844,32858,35.0
769598.524905306,CANCEL HOLD,right,5,0.00029659014262470307,2,32703,33069,35.0
769598.525996107,CANCEL HOLD,left,6,0.07077637903410405,2,32723,33120,35.0
769598.526088614,CANCEL HOLD,left,7,-0.06885831998168968,2,32814,32878,33.0
769598.526106468,CANCEL HOLD,right,6,0.00019180590524214836,2,32769,32404,35.0
769598.526113692,CANCEL HOLD,right,7,1.3999913023575203,2,32793,30393,33.0
769598.526120004,CANCEL HOLD,right,8,0.12256397344930114,2,32710,32987,32.0
769598.527243567,CANCEL HOLD,left,8,-0.24723781185625882,2,32750,31469,32.0
769598.527290006,CANCEL HOLD,left,1,0.02090684367132134,2,32785,32731,31.0
769598.529917128,CANCEL HOLD,left,2,0.010932936598763376,2,32671,32603,32.0
769598.532199883,CANCEL HOLD,left,3,-0.2809956511787579,2,32825,32852,33.0
769598.533378291,CANCEL HOLD,left,1,0.02090684367132134,2,32627,32759,31.0
769598.534545608,CANCEL HOLD,left,2,0.010932936598763376,2,32691,32603,32.0
769598.534561509,CANCEL HOLD,left,3,-0.2809956511787579,2,32826,32791,33.0
769598.535649995,CANCEL HOLD,left,4,0.07269443808651843,2,32784,32673,33.0
769598.535666306,CANCEL HOLD,left,5,-0.4728015564202348,2,32771,32703,35.0
769598.536784009,CANCEL HOLD,left,6,0.07077637903410405,2,32818,33086,35.0
769598.536824496,CANCEL HOLD,left,7,-0.0692419317921722,2,32739,32839,33.0
769598.537929184,CANCEL HOLD,left,8,-0.2468542000457763,2,32787,31226,32.0
769598.53901234,CANCEL HOLD,left,4,0.07269443808651843,2,32922,32757,33.0
769598.540229332,CANCEL HOLD,left,5,-0.4724179446097523,2,32769,32798,35.0
769598.542473704,CANCEL HOLD,left,6,0.07077637903410405,2,32771,33096,35.0
769598.543685235,CANCEL HOLD,left,1,0.02090684367132134,2,32823,32738,31.0
769598.544831612,CANCEL HOLD,left,2,0.010932936598763376,2,32793,32597,32.0
769598.544848304,CANCEL HOLD,left,3,-0.2806120393682754,2,32790,32808,33.0
769598.545938945,CANCEL HOLD,left,4,0.07269443808651843,2,32693,32731,33.0
769598.545954094,CANCEL HOLD,left,5,-0.4728015564202348,2,32737,32825,35.0
769598.547030527,CANCEL HOLD,left,6,0.07077637903410405,2,32721,33113,35.0
769598.547060534,CANCEL HOLD,left,7,-0.06885831998168968,2,32741,32900,33.0
769598.548181653,CANCEL HOLD,left,8,-0.2468542000457763,2,32787,31548,32.0
769598.548236568,CANCEL HOLD,left,7,-0.06885831998168968,2,32742,32824,33.0
769598.552030206,CANCEL HOLD,left,1,0.02129045548180386,2,32610,32745,31.0
769598.552068198,CANCEL HOLD,left,2,0.010932936598763376,2,32917,32586,32.0
769598.552077075,CANCEL HOLD,left,3,-0.2806120393682754,2,32852,32786,33.0
769598.554418712,CANCEL HOLD,left,4,0.07269443808651843,2,32670,32672,33.0
769598.554521929,CANCEL HOLD,left,5,-0.4724179446097523,2,32763,32734,35.0
769598.554538741,CANCEL HOLD,left,7,-0.06885831998168968,2,32801,32949,33.0
769598.557238592,CANCEL HOLD,left,1,0.02090684367132134,2,32668,32739,31.0
769598.557297004,CANCEL HOLD,left,2,0.011316548409247673,2,32649,32595,32.0
769598.557307854,CANCEL HOLD,left,3,-0.2806120393682754,2,32890,32826,33.0
769598.559553819,CANCEL HOLD,left,4,0.07307804989700095,2,32702,32727,33.0
769598.559588085,CANCEL HOLD,left,5,-0.4724179446097523,2,32856,32795,35.0
769598.559597322,CANCEL HOLD,left,6,0.07077637903410405,2,32804,33006,35.0
769598.559604817,CANCEL HOLD,left,7,-0.06885831998168968,2,32775,32784,33.0
769598.559610968,CANCEL HOLD,left,8,-0.24723781185625882,2,32827,31469,32.0
769598.562175691,CANCEL HOLD,left,1,0.02090684367132134,2,32834,32744,31.0
769598.562213864,CANCEL HOLD,left,2,0.010932936598763376,2,32816,32630,32.0
769598.562279379,CANCEL HOLD,left,3,-0.2806120393682754,2,32811,32781,33.0
769598.564697082,CANCEL HOLD,left,4,0.07269443808651843,2,32883,32641,33.0
769598.564835726,CANCEL HOLD,left,5,-0.4724179446097523,2,32802,32787,35.0
769598.564861135,CANCEL HOLD,left,7,-0.0692419317921722,2,32770,32881,33.0
769598.567261484,CANCEL HOLD,left,1,0.02090684367132134,2,32593,32709,31.0
769598.567296601,CANCEL HOLD,left,2,0.010932936598763376,2,32772,32576,32.0
769598.567304977,CANCEL HOLD,left,3,-0.2806120393682754,2,32731,32815,33.0
769598.569531355,CANCEL HOLD,left,4,0.07269443808651843,2,32888,32657,33.0
769598.569584186,CANCEL HOLD,left,5,-0.4724179446097523,2,32703,32710,35.0
769598.569593974,CANCEL HOLD,left,6,0.07077637903410405,2,32797,33098,35.0
769598.569601208,CANCEL HOLD,left,7,-0.06885831998168968,2,32716,32878,33.0
769598.573684959,CANCEL HOLD,left,8,-0.2468542000457763,2,32757,31545,32.0
769598.573750584,CANCEL HOLD,left,1,0.02090684367132134,2,32826,32741,31.0
769598.573788897,CANCEL HOLD,left,2,0.010932936598763376,2,32778,32613,32.0
769598.573802283,CANCEL HOLD,left,3,-0.2806120393682754,2,32754,32799,33.0
769598.574164624,CANCEL HOLD,left,4,0.07269443808651843,2,32868,32637,33.0
769598.575290201,CANCEL HOLD,left,5,-0.4728015564202348,2,32764,32806,35.0
769598.575325028,CANCEL HOLD,left,7,-0.06885831998168968,2,32739,32921,33.0
769598.575347912,CANCEL HOLD,right,1,0.00019180590524214836,2,32666,32525,31.0
769598.575369282,CANCEL HOLD,right,2,0.00019180590524214836,2,32793,32729,33.0
769598.576568931,CANCEL HOLD,left,1,0.02090684367132134,2,32704,32726,31.0
769598.576700542,CANCEL HOLD,right,3,0.00019180590524214836,2,32751,32680,33.0
769598.576711042,CANCEL HOLD,right,4,0.00019180590524214836,2,32768,32346,31.0
769598.578027664,CANCEL HOLD,left,1,0.02090684367132134,2,32696,32739,31.0
769598.578051099,CANCEL HOLD,left,2,0.010932936598763376,2,32757,32612,32.0
769598.578084563,CANCEL HOLD,right,5,0.00029659014262470307,2,32801,32925,35.0
769598.578094441,CANCEL HOLD,right,6,0.00019180590524214836,2,32746,32478,35.0
769598.579213547,CANCEL HOLD,left,3,-0.2806120393682754,2,32915,32793,33.0
769598.57934615,CANCEL HOLD,left,4,0.07307804989700095,2,32552,32695,33.0
769598.579441031,CANCEL HOLD,right,7,1.4003749141680029,2,32739,30443,33.0
769598.579463444,CANCEL HOLD,right,8,0.12256397344930114,2,32804,32983,32.0
769598.580561007,CANCEL HOLD,left,5,-0.4724179446097523,2,32780,32668,35.0
769598.580620771,CANCEL HOLD,left,6,0.07077637903410405,2,32827,33117,35.0
769598.580643114,CANCEL HOLD,left,7,-0.0692419317921722,2,32757,32993,33.0
769598.581763441,CANCEL HOLD,left,8,-0.2468542000457763,2,32773,31667,32.0
769598.58179438,CANCEL HOLD,left,2,0.010932936598763376,2,32755,32606,32.0
769598.584138533,CANCEL HOLD,left,3,-0.2809956511787579,2,32804,32890,33.0
769598.58671571,CANCEL HOLD,left,4,0.07269443808651843,2,32857,32708,33.0
769598.588180083,CANCEL HOLD,left,1,0.02090684367132134,2,32857,32737,31.0
769598.588213176,CANCEL HOLD,left,2,0.010932936598763376,2,32877,32584,32.0
769598.589377147,CANCEL HOLD,left,3,-0.2806120393682754,2,32777,32819,33.0
769598.589407605,CANCEL HOLD,left,4,0.07269443808651843,2,32735,32681,33.0
769598.590816173,CANCEL HOLD,left,5,-0.4724179446097523,2,32713,32801,35.0
769598.590863743,CANCEL HOLD,left,6,0.07039276722362153,2,32817,33101,35.0
769598.592737588,CANCEL HOLD,left,7,-0.0692419317921722,2,32776,32851,33.0
769598.592796661,CANCEL HOLD,left,8,-0.2468542000457763,2,32834,31482,32.0
769598.592811399,CANCEL HOLD,left,5,-0.4728015564202348,2,32809,32785,35.0
769598.594051906,CANCEL HOLD,left,6,0.07077637903410405,2,32739,33087,35.0
769598.596518952,CANCEL HOLD,left,7,-0.0692419317921722,2,32744,32931,33.0
769598.599378498,CANCEL HOLD,left,1,0.02090684367132134,2,32660,32709,31.0
769598.599424596,CANCEL HOLD,left,2,0.010932936598763376,2,32755,32623,32.0
769598.599433673,CANCEL HOLD,left,3,-0.2809956511787579,2,32838,32762,33.0
769598.599439985,CANCEL HOLD,left,4,0.07269443808651843,2,32861,32651,33.0
769598.601629883,CANCEL HOLD,left,5,-0.4728015564202348,2,32784,32811,35.0
769598.601717921,CANCEL HOLD,left,6,0.07077637903410405,2,32820,33069,35.0
769598.601751856,CANCEL HOLD,left,7,-0.0692419317921722,2,32792,32850,33.0
769598.601769289,CANCEL HOLD,left,8,-0.2468542000457763,2,32711,31395,32.0
769598.604075709,CANCEL HOLD,left,1,0.02129045548180386,2,32743,32740,31.0
769598.604181942,CANCEL HOLD,left,2,0.010932936598763376,2,32801,32599,32.0
769598.604197632,CANCEL HOLD,left,3,-0.2806120393682754,2,32867,32748,33.0
769598.604208052,CANCEL HOLD,left,4,0.07307804989700095,2,32625,32639,33.0
769598.606514642,CANCEL HOLD,left,5,-0.4728015564202348,2,32800,32801,35.0
769598.606538608,CANCEL HOLD,left,7,-0.0692419317921722,2,32768,32910,33.0
769598.611176737,CANCEL HOLD,left,1,0.02090684367132134,2,32533,32705,31.0
769598.611206123,CANCEL HOLD,left,2,0.011316548409247673,2,32675,32595,32.0
769598.61121523,CANCEL HOLD,left,3,-0.2806120393682754,2,32717,32867,33.0
769598.613387104,CANCEL HOLD,left,4,0.07269443808651843,2,32884,32745,33.0
769598.613423884,CANCEL HOLD,left,5,-0.4724179446097523,2,32777,32771,35.0
769598.61343219,CANCEL HOLD,left,6,0.07077637903410405,2,32762,33070,35.0
769598.613440085,CANCEL HOLD,left,7,-0.06885831998168968,2,32735,32874,33.0
769598.615597952,CANCEL HOLD,left,8,-0.2468542000457763,2,32772,31332,32.0
769598.615620164,CANCEL HOLD,left,1,0.02090684367132134,2,32837,32716,31.0
769598.615627248,CANCEL HOLD,left,2,0.010932936598763376,2,32893,32609,32.0
769598.617865568,CANCEL HOLD,left,3,-0.2809956511787579,2,32945,32766,33.0
769598.61794543,CANCEL HOLD,left,4,0.07269443808651843,2,32850,32687,33.0
769598.617960349,CANCEL HOLD,left,5,-0.4724179446097523,2,32751,32797,35.0
769598.617969376,CANCEL HOLD,left,7,-0.0692419317921722,2,32752,32740,33.0
769598.622900283,CANCEL HOLD,left,1,0.02090684367132134,2,32666,32710,31.0
769598.622935711,CANCEL HOLD,left,2,0.011316548409247673,2,32621,32596,32.0
769598.622944738,CANCEL HOLD,left,3,-0.2806120393682754,2,32885,32847,33.0
769598.62295125,CANCEL HOLD,left,4,0.07269443808651843,2,32758,32659,33.0
769598.62623236,CANCEL HOLD,left,5,-0.4728015564202348,2,32788,32859,35.0
769598.626283818,CANCEL HOLD,left,6,0.07077637903410405,2,32734,33035,35.0
769598.62629516,CANCEL HOLD,left,7,-0.0692419317921722,2,32719,32921,33.0
769598.626303255,CANCEL HOLD,left,8,-0.2468542000457763,2,32796,31314,32.0
769598.626316491,CANCEL HOLD,left,1,0.02090684367132134,2,32717,32734,31.0
769598.626701766,CANCEL HOLD,left,2,0.010932936598763376,2,32801,32621,32.0
769598.627838074,CANCEL HOLD,left,3,-0.2806120393682754,2,32583,32800,33.0
769598.627880284,CANCEL HOLD,left,4,0.07269443808651843,2,32562,32668,33.0
769598.627896415,CANCEL HOLD,right,1,0.00019180590524214836,2,32863,32539,31.0
769598.627905503,CANCEL HOLD,right,2,0.00019180590524214836,2,32660,32709,33.0
769598.628992947,CANCEL HOLD,left,5,-0.4724179446097523,2,32689,32707,35.0
769598.629020429,CANCEL HOLD,left,7,-0.0692419317921722,2,32719,32712,33.0
769598.629038013,CANCEL HOLD,right,3,0.00019180590524214836,2,32618,32729,33.0
769598.630101742,CANCEL HOLD,left,1,0.02090684367132134,2,32820,32704,31.0
769598.630155675,CANCEL HOLD,right,4,0.00019180590524214836,2,32898,32380,31.0
769598.630165805,CANCEL HOLD,right,5,0.00029659014262470307,2,32739,32848,35.0
769598.630287627,CANCEL HOLD,right,6,0.00019180590524214836,2,32722,32416,35.0
769598.631433123,CANCEL HOLD,left,2,0.010932936598763376,2,32721,32624,32.0
769598.631466606,CANCEL HOLD,right,7,1.4003749141680029,2,32676,30607,33.0
769598.631474872,CANCEL HOLD,right,8,0.12218036163881862,2,32789,33026,32.0
769598.632586202,CANCEL HOLD,left,1,0.02090684367132134,2,32761,32693,31.0
769598.633798686,CANCEL HOLD,left,2,0.011316548409247673,2,32674,32619,32.0
769598.63381685,CANCEL HOLD,left,3,-0.2806120393682754,2,32398,32724,33.0
769598.634899756,CANCEL HOLD,left,4,0.07307804989700095,2,32661,32771,33.0
769598.6349122,CANCEL HOLD,left,5,-0.4724179446097523,2,32767,32839,35.0
769598.636011227,CANCEL HOLD,left,6,0.07077637903410405,2,32778,33119,35.0
769598.636033319,CANCEL HOLD,left,7,-0.06885831998168968,2,32771,32971,33.0
769598.637136654,CANCEL HOLD,left,8,-0.24723781185625882,2,32845,31401,32.0
769598.637153806,CANCEL HOLD,left,3,-0.2806120393682754,2,32873,32812,33.0
769598.6394041,CANCEL HOLD,left,4,0.07269443808651843,2,32704,32675,33.0
769598.641685222,CANCEL HOLD,left,1,0.02090684367132134,2,32740,32743,31.0
769598.642791392,CANCEL HOLD,left,2,0.010932936598763376,2,32743,32600,32.0
769598.642808284,CANCEL HOLD,left,3,-0.2806120393682754,2,32764,32837,33.0
769598.643895378,CANCEL HOLD,left,4,0.07269443808651843,2,32810,32738,33.0
769598.643907381,CANCEL HOLD,left,5,-0.4728015564202348,2,32785,32858,35.0
769598.644984216,CANCEL HOLD,left,6,0.07077637903410405,2,32750,33106,35.0
769598.646078794,CANCEL HOLD,left,7,-0.0692419317921722,2,32770,32750,33.0
769598.646095706,CANCEL HOLD,left,8,-0.2468542000457763,2,32733,31502,32.0
769598.647202548,CANCEL HOLD,left,5,-0.4728015564202348,2,32761,32810,35.0
769598.648591147,CANCEL HOLD,left,6,0.07077637903410405,2,32785,32962,35.0
769598.650905853,CANCEL HOLD,left,7,-0.0692419317921722,2,32736,32808,33.0
769598.652184923,CANCEL HOLD,left,1,0.02090684367132134,2,32812,32698,31.0
769598.65459989,CANCEL HOLD,left,2,0.010932936598763376,2,32854,32600,32.0
769598.654660987,CANCEL HOLD,left,3,-0.2809956511787579,2,32760,32865,33.0
769598.654673371,CANCEL HOLD,left,4,0.07269443808651843,2,32675,32625,33.0
769598.65468372,CANCEL HOLD,left,5,-0.4728015564202348,2,32698,32772,35.0
769598.656924055,CANCEL HOLD,left,6,0.07077637903410405,2,32783,33037,35.0
769598.656964341,CANCEL HOLD,left,7,-0.0692419317921722,2,32714,32865,33.0
769598.656976164,CANCEL HOLD,left,8,-0.2468542000457763,2,32776,31454,32.0
769598.656992295,CANCEL HOLD,left,1,0.02090684367132134,2,32760,32695,31.0
769598.659326288,CANCEL HOLD,left,2,0.010932936598763376,2,32815,32628,32.0
769598.659427601,CANCEL HOLD,left,3,-0.2809956511787579,2,32849,32829,33.0
769598.659439213,CANCEL HOLD,left,4,0.07307804989700095,2,32734,32658,33.0
769598.659449322,CANCEL HOLD,left,5,-0.4728015564202348,2,32732,32719,35.0
769598.66168586,CANCEL HOLD,left,7,-0.0692419317921722,2,32741,32876,33.0
769598.663989504,CANCEL HOLD,left,1,0.02090684367132134,2,32810,32718,31.0
769598.664036344,CANCEL HOLD,left,2,0.010932936598763376,2,32788,32610,32.0
769598.664045231,CANCEL HOLD,left,3,-0.2806120393682754,2,32697,32754,33.0
769598.666556692,CANCEL HOLD,left,4,0.07307804989700095,2,32632,32684,33.0
769598.666579035,CANCEL HOLD,left,5,-0.4728015564202348,2,32804,32793,35.0
769598.66658723,CANCEL HOLD,left,6,0.07077637903410405,2,32785,33114,35.0
769598.666593773,CANCEL HOLD,left,7,-0.0692419317921722,2,32793,32751,33.0
769598.668761078,CANCEL HOLD,left,8,-0.2468542000457763,2,32760,31458,32.0
769598.66879355,CANCEL HOLD,left,1,0.02090684367132134,2,32734,32715,31.0
769598.668801795,CANCEL HOLD,left,2,0.010932936598763376,2,32897,32594,32.0
769598.668809019,CANCEL HOLD,left,3,-0.2806120393682754,2,32865,32803,33.0
769598.670967216,CANCEL HOLD,left,4,0.07307804989700095,2,32646,32719,33.0
769598.67098983,CANCEL HOLD,left,5,-0.4728015564202348,2,32717,32814,35.0
769598.670997775,CANCEL HOLD,left,7,-0.06885831998168968,2,32704,32848,33.0
769598.674435193,CANCEL HOLD,left,1,0.02090684367132134,2,32543,32727,31.0
769598.675546694,CANCEL HOLD,left,2,0.010932936598763376,2,32713,32660,32.0
769598.675567353,CANCEL HOLD,left,3,-0.2806120393682754,2,32728,32802,33.0
769598.676663414,CANCEL HOLD,left,4,0.07269443808651843,2,32710,32689,33.0
769598.676685205,CANCEL HOLD,left,5,-0.4728015564202348,2,32799,32804,35.0
769598.677980407,CANCEL HOLD,left,6,0.07077637903410405,2,32748,33096,35.0
769598.678024781,CANCEL HOLD,left,7,-0.0692419317921722,2,32784,32876,33.0
769598.67804529,CANCEL HOLD,right,1,0.00019180590524214836,2,32844,32548,31.0
769598.679160177,CANCEL HOLD,left,8,-0.2468542000457763,2,32766,31279,32.0
769598.679204402,CANCEL HOLD,left,1,0.02090684367132134,2,32733,32723,31.0
769598.679232485,CANCEL HOLD,right,2,0.00019180590524214836,2,32729,32691,33.0
769598.67924561,CANCEL HOLD,right,3,0.0005754177157246687,2,32789,32708,33.0
769598.680368182,CANCEL HOLD,right,4,0.00019180590524214836,2,32800,32413,31.0
769598.680392268,CANCEL HOLD,right,5,-8.702166785959364e-05,2,32806,32765,35.0
769598.681570556,CANCEL HOLD,left,2,0.010932936598763376,2,32950,32621,32.0
769598.681589963,CANCEL HOLD,right,6,0.00019180590524214836,2,32857,32111,35.0
769598.681596626,CANCEL HOLD,right,7,1.4003749141680029,2,32722,30583,33.0
769598.682820631,CANCEL HOLD,right,8,0.12218036163881862,2,32738,32875,32.0
769598.684131452,CANCEL HOLD,left,3,-0.2809956511787579,2,32802,32795,33.0
769598.685378481,CANCEL HOLD,left,1,0.02090684367132134,2,32778,32720,31.0
769598.686653754,CANCEL HOLD,left,2,0.010932936598763376,2,32771,32606,32.0
769598.686706645,CANCEL HOLD,left,3,-0.2809956511787579,2,32781,32843,33.0
769598.687839155,CANCEL HOLD,left,4,0.07269443808651843,2,32824,32702,33.0
769598.68786766,CANCEL HOLD,left,5,-0.4724179446097523,2,32708,32769,35.0
769598.688970383,CANCEL HOLD,left,6,0.07077637903410405,2,32715,33133,35.0
769598.688995511,CANCEL HOLD,left,7,-0.06885831998168968,2,32764,32855,33.0
769598.690089899,CANCEL HOLD,left,8,-0.2468542000457763,2,32756,31121,32.0
769598.690106671,CANCEL HOLD,left,4,0.07307804989700095,2,32817,32770,33.0
769598.692424904,CANCEL HOLD,left,5,-0.4724179446097523,2,32764,32742,35.0
769598.69504885,CANCEL HOLD,left,6,0.07077637903410405,2,32780,33072,35.0
769598.696321248,CANCEL HOLD,left,1,0.02090684367132134,2,32668,32685,31.0
769598.696468048,CANCEL HOLD,left,2,0.010932936598763376,2,32834,32611,32.0
769598.697555242,CANCEL HOLD,left,3,-0.2809956511787579,2,32575,32840,33.0
769598.69867582,CANCEL HOLD,left,4,0.07269443808651843,2,32704,32723,33.0
769598.69869703,CANCEL HOLD,left,5,-0.4728015564202348,2,32808,32675,35.0
769598.699809162,CANCEL HOLD,left,6,0.07077637903410405,2,32824,33105,35.0
769598.699827066,CANCEL HOLD,left,7,-0.06885831998168968,2,32760,32846,33.0
769598.700912036,CANCEL HOLD,left,8,-0.24723781185625882,2,32894,31386,32.0
769598.700943015,CANCEL HOLD,left,7,-0.06885831998168968,2,32731,32870,33.0
769598.706285648,CANCEL HOLD,left,1,0.02090684367132134,2,32868,32730,31.0
769598.706310245,CANCEL HOLD,left,2,0.010932936598763376,2,32816,32599,32.0
769598.70631794,CANCEL HOLD,left,3,-0.2806120393682754,2,32653,32938,33.0
769598.708526483,CANCEL HOLD,left,4,0.07307804989700095,2,32738,32714,33.0
769598.708550519,CANCEL HOLD,left,5,-0.4724179446097523,2,32708,32744,35.0
769598.708558123,CANCEL HOLD,left,7,-0.0692419317921722,2,32775,33008,33.0
769598.708565207,CANCEL HOLD,left,1,0.02090684367132134,2,32827,32702,31.0
769598.710692556,CANCEL HOLD,left,2,0.010932936598763376,2,32724,32624,32.0
769598.710706282,CANCEL HOLD,left,3,-0.2809956511787579,2,33028,32936,33.0
769598.710712524,CANCEL HOLD,left,4,0.07307804989700095,2,32720,32764,33.0
769598.712824804,CANCEL HOLD,left,5,-0.4728015564202348,2,32717,32746,35.0
769598.712845423,CANCEL HOLD,left,6,0.07077637903410405,2,32767,33154,35.0
769598.712857446,CANCEL HOLD,left,7,-0.0692419317921722,2,32804,32904,33.0
769598.712868447,CANCEL HOLD,left,8,-0.2468542000457763,2,32661,31398,32.0
769598.717598801,CANCEL HOLD,left,1,0.02090684367132134,2,32812,32732,31.0
769598.717631764,CANCEL HOLD,left,2,0.010932936598763376,2,32916,32606,32.0
769598.71763976,CANCEL HOLD,left,3,-0.2809956511787579,2,32777,32899,33.0
769598.720039257,CANCEL HOLD,left,4,0.07307804989700095,2,32750,32674,33.0
769598.720092118,CANCEL HOLD,left,5,-0.4728015564202348,2,32847,32830,35.0
769598.720099833,CANCEL HOLD,left,7,-0.0692419317921722,2,32755,32859,33.0
769598.720106335,CANCEL HOLD,left,1,0.02129045548180386,2,32719,32684,31.0
769598.722288058,CANCEL HOLD,left,2,0.010932936598763376,2,32848,32610,32.0
769598.722324818,CANCEL HOLD,left,3,-0.2809956511787579,2,32697,32904,33.0
769598.722337522,CANCEL HOLD,left,4,0.07269443808651843,2,32736,32676,33.0
769598.722347902,CANCEL HOLD,left,5,-0.4728015564202348,2,32729,32706,35.0
769598.724635737,CANCEL HOLD,left,6,0.07077637903410405,2,32767,33073,35.0
769598.724653601,CANCEL HOLD,left,7,-0.0692419317921722,2,32766,32793,33.0
769598.724670082,CANCEL HOLD,left,8,-0.2468542000457763,2,32780,31313,32.0
769598.725773888,CANCEL HOLD,left,1,0.02090684367132134,2,32757,32719,31.0
769598.728321498,CANCEL HOLD,left,2,0.010932936598763376,2,32836,32619,32.0
769598.728414265,CANCEL HOLD,right,1,0.00019180590524214836,2,32623,32544,31.0
769598.729587023,CANCEL HOLD,left,1,0.02129045548180386,2,32620,32709,31.0
769598.729620557,CANCEL HOLD,right,2,0.00019180590524214836,2,32701,32695,33.0
769598.729633652,CANCEL HOLD,right,3,0.00019180590524214836,2,32637,32660,33.0
769598.729740275,CANCEL HOLD,right,4,0.00019180590524214836,2,32523,32320,31.0
769598.730911169,CANCEL HOLD,left,2,0.010932936598763376,2,32709,32602,32.0
769598.730954061,CANCEL HOLD,left,3,-0.2806120393682754,2,32692,32883,33.0
769598.73096944,CANCEL HOLD,right,5,0.00029659014262470307,2,32779,32966,35.0
769598.730976955,CANCEL HOLD,right,6,0.00019180590524214836,2,32732,32363,35.0
769598.732035434,CANCEL HOLD,left,4,0.07307804989700095,2,32780,32708,33.0
769598.732059801,CANCEL HOLD,left,5,-0.4728015564202348,2,32808,32725,35.0
769598.732080119,CANCEL HOLD,right,7,1.4003749141680029,2,32738,30447,33.0
769598.732091591,CANCEL HOLD,right,8,0.12218036163881862,2,32864,33229,32.0
769598.733232979,CANCEL HOLD,left,6,0.07077637903410405,2,32775,33129,35.0
769598.733252305,CANCEL HOLD,left,7,-0.0692419317921722,2,32821,32869,33.0
769598.734335703,CANCEL HOLD,left,8,-0.2468542000457763,2,32758,31341,32.0
769598.734352264,CANCEL HOLD,left,3,-0.2806120393682754,2,32876,32942,33.0
769598.736645138,CANCEL HOLD,left,4,0.07269443808651843,2,32850,32759,33.0
769598.738914117,CANCEL HOLD,left,5,-0.4728015564202348,2,32756,32770,35.0
769598.740056697,CANCEL HOLD,left,1,0.02090684367132134,2,32763,32724,31.0
769598.74130024,CANCEL HOLD,left,2,0.010932936598763376,2,32795,32586,32.0
769598.741312002,CANCEL HOLD,left,3,-0.2809956511787579,2,32822,32859,33.0
769598.742393305,CANCEL HOLD,left,4,0.07269443808651843,2,32879,32739,33.0
769598.742411249,CANCEL HOLD,left,5,-0.4728015564202348,2,32774,32788,35.0
769598.743518903,CANCEL HOLD,left,6,0.07077637903410405,2,32809,33082,35.0
769598.7435543,CANCEL HOLD,left,7,-0.06885831998168968,2,32786,32918,33.0
769598.744659559,CANCEL HOLD,left,8,-0.2468542000457763,2,32790,31471,32.0
769598.744673175,CANCEL HOLD,left,6,0.07077637903410405,2,32783,33105,35.0
769598.746915884,CANCEL HOLD,left,7,-0.0692419317921722,2,32746,32787,33.0
