monotonic_s,phase,trajectory_time_s,lateness_s,q1,q2,q3,q4,q5,q6,q7,target1,target2,target3,target4,target5,target6,target7
583472.883832078,START HOLD,0,0,0.030497138933395007,0.026277409018081954,0.03586770428015562,0.03932021057450186,-0.0656846412604434,-0.1950666056305792,1.338613412680246,0.03011352712291071,0.025510185397115137,0.03586770428015562,0.03893659876401934,-0.0656846412604434,-0.19545021744106172,1.338613412680246
583472.90531536,START HOLD,0,0,0.030497138933395007,0.026277409018081954,0.03586770428015562,0.03893659876401934,-0.0656846412604434,-0.19545021744106172,1.338613412680246,0.03011352712291071,0.025510185397115137,0.03586770428015562,0.03893659876401934,-0.0656846412604434,-0.19545021744106172,1.338613412680246
583472.927545952,START HOLD,0,0,0.03011352712291071,0.026277409018081954,0.03625131609063814,0.03932021057450186,-0.06530102944996088,-0.1950666056305792,1.338613412680246,0.03011352712291071,0.025510185397115137,0.03586770428015562,0.03893659876401934,-0.0656846412604434,-0.19545021744106172,1.338613412680246
583472.948746169,START HOLD,0,0,0.030497138933395007,0.025893797207599434,0.03586770428015562,0.03932021057450186,-0.06530102944996088,-0.19545021744106172,1.3389970244907303,0.03011352712291071,0.025510185397115137,0.03586770428015562,0.03893659876401934,-0.0656846412604434,-0.19545021744106172,1.338613412680246
583472.96878061,START HOLD,0,0,0.03011352712291071,0.025893797207599434,0.03625131609063814,0.03932021057450186,-0.06530102944996088,-0.1950666056305792,1.338613412680246,0.03011352712291071,0.025510185397115137,0.03586770428015562,0.03893659876401934,-0.0656846412604434,-0.19545021744106172,1.338613412680246
583472.989716196,START HOLD,0,0,0.03011352712291071,0.025893797207599434,0.03586770428015562,0.03932021057450186,-0.06530102944996088,-0.19545021744106172,1.338613412680246,0.03011352712291071,0.025510185397115137,0.03586770428015562,0.03893659876401934,-0.0656846412604434,-0.19545021744106172,1.338613412680246
583473.011290804,START HOLD,0,0,0.030497138933395007,0.025510185397115137,0.03586770428015562,0.03893659876401934,-0.06530102944996088,-0.19545021744106172,1.3389970244907303,0.03011352712291071,0.025510185397115137,0.03586770428015562,0.03893659876401934,-0.0656846412604434,-0.19545021744106172,1.338613412680246
583473.032053999,START HOLD,0,0,0.030497138933395007,0.024742961776150096,0.03586770428015562,0.03932021057450186,-0.0656846412604434,-0.1950666056305792,1.338613412680246,0.03011352712291071,0.025510185397115137,0.03586770428015562,0.03893659876401934,-0.0656846412604434,-0.19545021744106172,1.338613412680246
583473.055209303,START HOLD,0,0,0.030497138933395007,0.024742961776150096,0.03586770428015562,0.03932021057450186,-0.0656846412604434,-0.19545021744106172,1.338613412680246,0.03011352712291071,0.025510185397115137,0.03586770428015562,0.03893659876401934,-0.0656846412604434,-0.19545021744106172,1.338613412680246
583473.075355309,START HOLD,0,0,0.030497138933395007,0.025126573586632617,0.03586770428015562,0.03932021057450186,-0.06606825307092593,-0.1950666056305792,1.338613412680246,0.03011352712291071,0.025510185397115137,0.03586770428015562,0.03893659876401934,-0.0656846412604434,-0.19545021744106172,1.338613412680246
583473.095928157,START HOLD,0,0,0.030497138933395007,0.025510185397115137,0.03625131609063814,0.03932021057450186,-0.0656846412604434,-0.1950666056305792,1.3389970244907303,0.03011352712291071,0.025510185397115137,0.03586770428015562,0.03893659876401934,-0.0656846412604434,-0.19545021744106172,1.338613412680246
583473.116693445,START HOLD,0,0,0.030497138933395007,0.025510185397115137,0.03625131609063814,0.03932021057450186,-0.06530102944996088,-0.1950666056305792,1.338613412680246,0.03011352712291071,0.025510185397115137,0.03586770428015562,0.03893659876401934,-0.0656846412604434,-0.19545021744106172,1.338613412680246
583473.137138026,START HOLD,0,0,0.030497138933395007,0.025893797207599434,0.03625131609063814,0.03893659876401934,-0.06530102944996088,-0.19545021744106172,1.3389970244907303,0.03011352712291071,0.025510185397115137,0.03586770428015562,0.03893659876401934,-0.0656846412604434,-0.19545021744106172,1.338613412680246
583473.159271161,START HOLD,0,0,0.03011352712291071,0.025893797207599434,0.03625131609063814,0.03893659876401934,-0.06530102944996088,-0.19545021744106172,1.3389970244907303,0.03011352712291071,0.025510185397115137,0.03586770428015562,0.03893659876401934,-0.0656846412604434,-0.19545021744106172,1.338613412680246
583473.18107481,START HOLD,0,0,0.030497138933395007,0.025893797207599434,0.03625131609063814,0.03893659876401934,-0.06530102944996088,-0.19545021744106172,1.338613412680246,0.03011352712291071,0.025510185397115137,0.03586770428015562,0.03893659876401934,-0.0656846412604434,-0.19545021744106172,1.338613412680246
583473.203375968,START HOLD,0,0,0.03011352712291071,0.025893797207599434,0.03586770428015562,0.03893659876401934,-0.06530102944996088,-0.1950666056305792,1.338613412680246,0.03011352712291071,0.025510185397115137,0.03586770428015562,0.03893659876401934,-0.0656846412604434,-0.19545021744106172,1.338613412680246
583473.223531712,START HOLD,0,0,0.03011352712291071,0.025893797207599434,0.03586770428015562,0.03893659876401934,-0.06530102944996088,-0.1950666056305792,1.338613412680246,0.03011352712291071,0.025510185397115137,0.03586770428015562,0.03893659876401934,-0.0656846412604434,-0.19545021744106172,1.338613412680246
583473.243865379,START HOLD,0,0,0.030497138933395007,0.025893797207599434,0.03625131609063814,0.03893659876401934,-0.0656846412604434,-0.1950666056305792,1.338613412680246,0.03011352712291071,0.025510185397115137,0.03586770428015562,0.03893659876401934,-0.0656846412604434,-0.19545021744106172,1.338613412680246
583473.26562297,START HOLD,0,0,0.030497138933395007,0.025893797207599434,0.03625131609063814,0.03932021057450186,-0.0656846412604434,-0.19545021744106172,1.3389970244907303,0.03011352712291071,0.025510185397115137,0.03586770428015562,0.03893659876401934,-0.0656846412604434,-0.19545021744106172,1.338613412680246
583473.286534791,START HOLD,0,0,0.03011352712291071,0.025510185397115137,0.03586770428015562,0.03893659876401934,-0.0656846412604434,-0.1950666056305792,1.338613412680246,0.03011352712291071,0.025510185397115137,0.03586770428015562,0.03893659876401934,-0.0656846412604434,-0.19545021744106172,1.338613412680246
583473.306938253,START HOLD,0,0,0.030497138933395007,0.025510185397115137,0.03625131609063814,0.03893659876401934,-0.06530102944996088,-0.19545021744106172,1.338613412680246,0.03011352712291071,0.025510185397115137,0.03586770428015562,0.03893659876401934,-0.0656846412604434,-0.19545021744106172,1.338613412680246
583473.327748368,START HOLD,0,0,0.030497138933395007,0.025510185397115137,0.03586770428015562,0.03893659876401934,-0.0656846412604434,-0.1950666056305792,1.338613412680246,0.03011352712291071,0.025510185397115137,0.03586770428015562,0.03893659876401934,-0.0656846412604434,-0.19545021744106172,1.338613412680246
583473.349537019,START HOLD,0,0,0.03011352712291071,0.025510185397115137,0.03586770428015562,0.03893659876401934,-0.0656846412604434,-0.1950666056305792,1.3389970244907303,0.03011352712291071,0.025510185397115137,0.03586770428015562,0.03893659876401934,-0.0656846412604434,-0.19545021744106172,1.338613412680246
583473.369626165,START HOLD,0,0,0.03011352712291071,0.025510185397115137,0.03625131609063814,0.03893659876401934,-0.0656846412604434,-0.1950666056305792,1.3389970244907303,0.03011352712291071,0.025510185397115137,0.03586770428015562,0.03893659876401934,-0.0656846412604434,-0.19545021744106172,1.338613412680246
583473.390930442,START HOLD,0,0,0.03011352712291071,0.025510185397115137,0.03625131609063814,0.03893659876401934,-0.0656846412604434,-0.19545021744106172,1.338613412680246,0.03011352712291071,0.025510185397115137,0.03586770428015562,0.03893659876401934,-0.0656846412604434,-0.19545021744106172,1.338613412680246
583473.411428596,START HOLD,0,0,0.030497138933395007,0.025893797207599434,0.03625131609063814,0.03893659876401934,-0.0656846412604434,-0.19545021744106172,1.3389970244907303,0.03011352712291071,0.025510185397115137,0.03586770428015562,0.03893659876401934,-0.0656846412604434,-0.19545021744106172,1.338613412680246
583473.433379679,START HOLD,0,0,0.030497138933395007,0.025893797207599434,0.03625131609063814,0.03893659876401934,-0.0656846412604434,-0.19545021744106172,1.338613412680246,0.03011352712291071,0.025510185397115137,0.03586770428015562,0.03893659876401934,-0.0656846412604434,-0.19545021744106172,1.338613412680246
583473.455514988,START HOLD,0,0,0.030497138933395007,0.025893797207599434,0.03625131609063814,0.03932021057450186,-0.06530102944996088,-0.19545021744106172,1.338613412680246,0.03011352712291071,0.025510185397115137,0.03586770428015562,0.03893659876401934,-0.0656846412604434,-0.19545021744106172,1.338613412680246
583473.475582282,START HOLD,0,0,0.030497138933395007,0.025893797207599434,0.03625131609063814,0.03893659876401934,-0.06530102944996088,-0.19545021744106172,1.3389970244907303,0.03011352712291071,0.025510185397115137,0.03586770428015562,0.03893659876401934,-0.0656846412604434,-0.19545021744106172,1.338613412680246
583473.531722929,PLAYBACK,8.720671758055687e-07,8.720671758055687e-07,0.03011352712291071,0.025510185397115137,0.03625131609063814,0.03893659876401934,-0.06530102944996088,-0.19545021744106172,1.338613412680246,0.030113527122910714,0.02551018539711514,0.035867704280155635,0.03893659876401936,-0.06568464126044342,-0.19545021744106175,1.3386134126802463
583473.534746835,PLAYBACK,0.00507113104686141,7.113104220479727e-05,0.03011352712291071,0.025510185397115137,0.03625131609063814,0.03893659876401934,-0.06530102944996088,-0.19545021744106172,1.338613412680246,0.030113126370328997,0.025510191564401978,0.035867702175191044,0.03893727500073011,-0.06568459749708244,-0.19545021878413063,1.3386131857415215
583473.542520152,PLAYBACK,0.010062268003821373,6.226799450814724e-05,0.03011352712291071,0.025510185397115137,0.03586770428015562,0.03893659876401934,-0.06530102944996088,-0.19545021744106172,1.3389970244907303,0.03011049502773987,0.025510232037062406,0.03586768836148811,0.03894171589256715,-0.06568431033428755,-0.1954502275912579,1.3386116945860163
583473.5465517,PLAYBACK,0.015058343997225165,5.834398325532675e-05,0.03011352712291071,0.025510185397115137,0.03625131609063814,0.03893659876401934,-0.06530102944996088,-0.19545021744106172,1.338613412680246,0.030103688840039146,0.025510336656701424,0.03586765265402759,0.03895320482236005,-0.06568356813490396,-0.19545025033671262,1.3386078343135162
583473.5562264,PLAYBACK,0.023206943995319307,0.0032069439766928554,0.03011352712291071,0.025510185397115137,0.03625131609063814,0.03893659876401934,-0.06530102944996088,-0.19545021744106172,1.338613412680246,0.030079393454177764,0.025510709747221964,0.03586752531657314,0.03899422763856276,-0.06568092188025426,-0.19545033133935505,1.3385940368960585
583473.564865445,PLAYBACK,0.030062481993809342,6.248196586966515e-05,0.030497138933395007,0.025510185397115137,0.03625131609063814,0.03893659876401934,-0.06530102944996088,-0.19545021744106172,1.3389970244907303,0.030042644996050735,0.02551127344337544,0.03586733292641187,0.03905629829070428,-0.0656769246571148,-0.1954504535302684,1.3385731362852904
583473.57419457,PLAYBACK,0.04009144497103989,9.144493378698826e-05,0.030497138933395007,0.025893797207599434,0.03625131609063814,0.03893659876401934,-0.06530102944996088,-0.19545021744106172,1.3389970244907303,0.029956464931130595,0.025512593451546384,0.035866882411335496,0.03920192622986288,-0.06566756730110687,-0.19545073906622415,1.3385240260698978
583473.579875946,PLAYBACK,0.05017837998457253,0.00017837993800640106,0.030497138933395007,0.025893797207599434,0.03625131609063814,0.03893659876401934,-0.06530102944996088,-0.19545021744106172,1.3389970244907303,0.029826322170377333,0.0255145830427276,0.03586620337888438,0.0394219678755713,-0.06565346913632361,-0.19545116826960982,1.3384496766474907
583473.587153969,PLAYBACK,0.05506130796857178,6.130791734904051e-05,0.030497138933395007,0.025510185397115137,0.03625131609063814,0.03893659876401934,-0.06530102944996088,-0.19545021744106172,1.3389970244907303,0.029746807165032536,0.02551579678583868,0.03586578914176059,0.03955647108561959,-0.06564487144309525,-0.1954514295261788,1.338404158566246
583473.5919037,PLAYBACK,0.06006305501796305,6.305496208369732e-05,0.030497138933395007,0.025510185397115137,0.03625131609063814,0.03893659876401934,-0.0656846412604434,-0.19545021744106172,1.3389970244907303,0.029654026638054776,0.025517211412087123,0.035865306348807635,0.03971346654348937,-0.06563485322287028,-0.19545173352434808,1.3383509675298575
583473.600325456,PLAYBACK,0.06740781606640667,0.0024078161222860217,0.030497138933395007,0.025893797207599434,0.03625131609063814,0.03893659876401934,-0.0656846412604434,-0.1950666056305792,1.3389970244907303,0.029497117698915918,0.02551960013081778,0.03586449111826211,0.03997909601640798,-0.06561794220527477,-0.19545224571112216,1.338260830673144
583473.609458523,PLAYBACK,0.07627631304785609,0.0012763130944222212,0.030497138933395007,0.025893797207599434,0.03625131609063814,0.03893659876401934,-0.0656846412604434,-0.19545021744106172,1.3389970244907303,0.029275683199730562,0.025522963757963535,0.03586334318018823,0.040354204372498585,-0.06559414060629291,-0.1954529646375665,1.3381332623398505
583473.618548737,PLAYBACK,0.08528246602509171,0.0002824660623446107,0.030497138933395007,0.025510185397115137,0.03625131609063814,0.03893659876401934,-0.0656846412604434,-0.19545021744106172,1.338613412680246,0.029016771556072664,0.02552688614085795,0.03586200456540388,0.04079314597197379,-0.0655664012694248,-0.19545379971592913,1.3379835852339512
583473.62254661,PLAYBACK,0.09007209399715066,7.209402974694967e-05,0.030497138933395007,0.025510185397115137,0.03625131609063814,0.03893659876401934,-0.0656846412604434,-0.19545021744106172,1.3389970244907303,0.028865943898796802,0.025529165974389298,0.035861226519377856,0.041049018321541515,-0.06555028600965106,-0.195454283495962,1.3378961391947413
583473.63127135,PLAYBACK,0.09842080902308226,0.0034208090510219336,0.030497138933395007,0.025510185397115137,0.03625131609063814,0.03893659876401934,-0.0656846412604434,-0.1950666056305792,1.338613412680246,0.028582793855632154,0.025533435780000426,0.035859769358972816,0.04152970403389704,-0.06552011998012339,-0.19545518638296833,1.337731477154535
583473.64040569,PLAYBACK,0.10913469200022519,0.004134692018851638,0.030497138933395007,0.025510185397115137,0.03625131609063814,0.03932021057450186,-0.0656846412604434,-0.19545021744106172,1.3389970244907303,0.02818499915919857,0.025539411926659247,0.03585772988861654,0.04220575461007701,-0.06547793322404777,-0.1954564430756386,1.3374990413367192
583473.649444896,PLAYBACK,0.11506694206036627,6.694206967949867e-05,0.030497138933395007,0.025510185397115137,0.03625131609063814,0.03932021057450186,-0.06530102944996088,-0.19545021744106172,1.338613412680246,0.02794969606004037,0.025542934464180683,0.035856527761485145,0.04260606183942973,-0.06545308616334597,-0.19545717990859415,1.3373609389588954
583473.658594855,PLAYBACK,0.12508378096390516,8.378096390515566e-05,0.030497138933395007,0.025510185397115137,0.03625131609063814,0.03932021057450186,-0.0656846412604434,-0.19545021744106172,1.338613412680246,0.027530445040269795,0.025549187569771616,0.035854393778001245,0.04332007134254194,-0.06540901414512491,-0.19545848064368715,1.3371137382700509
583473.66239645,PLAYBACK,0.13008251204155385,8.251203689724207e-05,0.030497138933395007,0.025510185397115137,0.03663492790112066,0.03932021057450186,-0.0656846412604434,-0.19545021744106172,1.338613412680246,0.027311607752799782,0.02555243971288181,0.03585328392061669,0.04369315252849929,-0.06538611122692325,-0.19545915342443376,1.3369841277416294
583473.666613394,PLAYBACK,0.1350637300638482,6.373005453497171e-05,0.03011352712291071,0.025510185397115137,0.03663492790112066,0.03932021057450186,-0.06530102944996088,-0.19545021744106172,1.338613412680246,0.02708745807838205,0.025555762478838014,0.035852149954412306,0.04407556411645339,-0.06536272385465113,-0.1954598381918392,1.336850963021219
583473.676388508,PLAYBACK,0.14252665906678885,0.0025266590528190136,0.030497138933395007,0.025510185397115137,0.03625131609063814,0.03932021057450186,-0.06530102944996088,-0.19545021744106172,1.338613412680246,0.02674044522915918,0.0255608902653963,0.03585039996440696,0.044668122119130196,-0.06532665706189697,-0.19546088980659546,1.336644009436009
583473.685104862,PLAYBACK,0.152123698964715,0.0021236989414319396,0.030497138933395007,0.025510185397115137,0.03625131609063814,0.03970382238498438,-0.06530102944996088,-0.19545021744106172,1.338613412680246,0.02627416870763497,0.025567750572021278,0.03584805864976902,0.04546531367382944,-0.06527845072379089,-0.19546228731031645,1.3363644701644957
583473.693943672,PLAYBACK,0.16261589503847063,0.0026158950058743358,0.03011352712291071,0.025893797207599434,0.03625131609063814,0.03970382238498438,-0.0656846412604434,-0.1950666056305792,1.338613412680246,0.02573707270022797,0.025575613627291497,0.03584537500166447,0.04638487081341556,-0.06522325914038235,-0.1954638766876066,1.336040559771746
583473.698440927,PLAYBACK,0.16505748906638473,5.748902913182974e-05,0.030497138933395007,0.025893797207599434,0.03625131609063814,0.03970382238498438,-0.0656846412604434,-0.1950666056305792,1.338613412680246,0.02560771775997973,0.025577501567723825,0.035844730629152825,0.04660652843457082,-0.065210016532618,-0.1954642564618734,1.3359622657467098
583473.707301589,PLAYBACK,0.17386921704746783,0.003869217005558312,0.03011352712291071,0.025893797207599434,0.03625131609063814,0.03970382238498438,-0.06530102944996088,-0.19545021744106172,1.3382298008697635,0.02512615549063471,0.025584511728352282,0.035842337908518304,0.047432312104951725,-0.06516087345826813,-0.19546566083047204,1.335669904917622
583473.71612544,PLAYBACK,0.18006052600685507,6.052595563232899e-05,0.03011352712291071,0.025893797207599434,0.03625131609063814,0.03970382238498438,-0.0656846412604434,-0.19545021744106172,1.3382298008697635,0.024773222837879045,0.025589632300483407,0.03584059005334056,0.048038080574772934,-0.06512500349747102,-0.19546668123485356,1.3354548053843276
583473.725417082,PLAYBACK,0.19007733499165624,7.733504753559828e-05,0.02972991531242819,0.025510185397115137,0.03625131609063814,0.040087434195468674,-0.0656846412604434,-0.1950666056305792,1.3382298008697635,0.02417485072261891,0.02559828349751432,0.03583763685836741,0.04906610841449617,-0.06506444842977037,-0.19546839559849388,1.3350886480413386
583473.729715564,PLAYBACK,0.20012556505389512,0.00012556510046124458,0.02972991531242819,0.025893797207599434,0.03625131609063814,0.040471046005951195,-0.0656846412604434,-0.19545021744106172,1.3382298008697635,0.02353857550520745,0.025607443404819207,0.035834509715037134,0.050160535273846986,-0.06500039358471335,-0.19547019834058682,1.3346973969217282
583473.738327056,PLAYBACK,0.20506061404012144,6.061408203095198e-05,0.02972991531242819,0.025893797207599434,0.03625131609063814,0.040087434195468674,-0.06530102944996088,-0.1950666056305792,1.337846189059281,0.023212341707365306,0.025612124735752723,0.03583291140907577,0.05072216850714495,-0.06496768083385097,-0.19547111485360977,1.334496060034527
583473.742869548,PLAYBACK,0.2101019569672644,0.00010195700451731682,0.02972991531242819,0.025893797207599434,0.03625131609063814,0.040471046005951195,-0.0656846412604434,-0.1950666056305792,1.337846189059281,0.022869538166839825,0.025617032872398093,0.03583123557180088,0.05131268426699768,-0.06493340025807101,-0.19547207229015004,1.3342839680339347
583473.751494887,PLAYBACK,0.21993605501484126,0.004936055047437549,0.02934630350194567,0.025893797207599434,0.03625131609063814,0.041238269626916235,-0.06530102944996088,-0.1950666056305792,1.3374625772487985,0.022172647923466408,0.02562697614151772,0.035827840222953114,0.052514275518950555,-0.06486400596488884,-0.1954740009573576,1.3338511372093618
583473.761015631,PLAYBACK,0.22763225296512246,0.0026322529884055257,0.02896269169146315,0.025893797207599434,0.03625131609063814,0.04162188143740053,-0.06530102944996088,-0.19545021744106172,1.3374625772487985,0.021600863041451212,0.025635099821833294,0.03582506588442273,0.053501281226174834,-0.06480736461430578,-0.19547556567510466,1.3334943421305452
583473.769858949,PLAYBACK,0.23508598399348557,8.598400745540857e-05,0.02896269169146315,0.025893797207599434,0.03625131609063814,0.04200549324788305,-0.0656846412604434,-0.19545021744106172,1.3374625772487985,0.021024594249002097,0.025643255789232815,0.03582228020346567,0.05449704704238828,-0.06475054731313695,-0.19547712658484395,1.333133237083711
583473.778436375,PLAYBACK,0.24509630096144974,9.630096610635519e-05,0.028579079880978853,0.025893797207599434,0.03625131609063814,0.04238910505836557,-0.06530102944996088,-0.19545021744106172,1.3374625772487985,0.02021499230514997,0.025654661568464507,0.035818383980035305,0.05589770684475464,-0.06467117306150282,-0.19547929265064148,1.3326233930059006
583473.783062549,PLAYBACK,0.25006236997433007,6.236997433006763e-05,0.028579079880978853,0.025893797207599434,0.03625131609063814,0.04238910505836557,-0.0656846412604434,-0.19545021744106172,1.3374625772487985,0.01979777569216505,0.02566051585433417,0.03581638388112905,0.056620278628544234,-0.0646304692700171,-0.19548039690255783,1.3323595235768972
583473.792634992,PLAYBACK,0.25511508504860103,0.00011508504394441843,0.028195468070496332,0.025893797207599434,0.03625131609063814,0.04315632867933239,-0.06530102944996088,-0.19545021744106172,1.3370789654383142,0.0193624100627863,0.02566660809759417,0.0358143022809965,0.05737482328475388,-0.06458813726675733,-0.19548154067920154,1.3320833750880905
583473.79710287,PLAYBACK,0.2650585030205548,5.850300658494234e-05,0.027811856260013812,0.025893797207599434,0.03586770428015562,0.04353994048981491,-0.06530102944996088,-0.19545021744106172,1.3366953536278317,0.018472834552439935,0.025679004332948833,0.03581006605856129,0.05891825221840613,-0.06450208358897686,-0.1954838513172368,1.3315166391314976
583473.805792303,PLAYBACK,0.27485092997085303,0.004850929952226579,0.027811856260013812,0.025893797207599434,0.03586770428015562,0.04430716411077995,-0.06530102944996088,-0.19545021744106172,1.3366953536278317,0.017553108638283643,0.025691748973335225,0.03580570978141119,0.06051631016855612,-0.06441372419616279,-0.19548620384925916,1.3309272670591612
583473.814787504,PLAYBACK,0.2818500950234011,0.0018500949954614043,0.02742824444953129,0.025510185397115137,0.03586770428015562,0.04507438773174677,-0.06530102944996088,-0.19545021744106172,1.3359281300068666,0.016868572555514515,0.02570118802726591,0.035802482706960494,0.06170721935134291,-0.06434835607266111,-0.19548793120649238,1.3304863868543995
583473.823953263,PLAYBACK,0.2906681150197983,0.0006681149825453758,0.027044632639046995,0.025510185397115137,0.03586770428015562,0.04584161135271181,-0.06530102944996088,-0.1950666056305792,1.3359281300068666,0.01597337473176994,0.025713472540020724,0.03579828188349564,0.06326653629775551,-0.06426337611543005,-0.1954901601289504,1.329907002247632
583473.828329836,PLAYBACK,0.2951777740381658,0.00017777399625629187,0.026661020828564475,0.025510185397115137,0.03586770428015562,0.04622522316319433,-0.06530102944996088,-0.1950666056305792,1.3359281300068666,0.01550127349535024,0.025719924113628702,0.03579607525731049,0.06408974143721209,-0.06421878902365044,-0.19549132200166708,1.329600171430914
583473.837600869,PLAYBACK,0.3042356959776953,0.0042356959311291575,0.026661020828564475,0.025510185397115137,0.03625131609063814,0.04775967040512619,-0.06530102944996088,-0.1950666056305792,1.3355445181963823,0.014523463623832389,0.025733227822575866,0.035791523994865015,0.06579664146891938,-0.06412693964205733,-0.1954936988571659,1.3289618797331844
583473.846897501,PLAYBACK,0.3129982789978385,0.0029982789419591427,0.025893797207599434,0.025510185397115137,0.03586770428015562,0.048910505836575524,-0.06530102944996088,-0.19545021744106172,1.3351609063858998,0.013539494304475338,0.025746536047731448,0.03578696976109046,0.06751684127397604,-0.06403518499962718,-0.19549605077792398,1.3283158081377169
583473.855598084,PLAYBACK,0.32013995898887515,0.00013995904009789228,0.025510185397115137,0.025510185397115137,0.03586770428015562,0.05044495307850738,-0.06530102944996088,-0.19545021744106172,1.3351609063858998,0.01270948452303483,0.02575770067646578,0.03578314792779415,0.06896985192482977,-0.06395830713414667,-0.19549800391414174,1.3277679255152788
583473.860167869,PLAYBACK,0.3300869839731604,8.698401506990194e-05,0.024742961776150096,0.025510185397115137,0.03586770428015562,0.05197940032043924,-0.06491741763947659,-0.1950666056305792,1.3343936827649348,0.01151090200013791,0.025773724853027046,0.03577766062425881,0.07107123104232707,-0.0638481238204947,-0.19550077513883934,1.3269721128496763
583473.868699847,PLAYBACK,0.3353903819806874,0.0003903820179402828,0.024359349965667576,0.025510185397115137,0.03586770428015562,0.05274662394140606,-0.06491741763947659,-0.19545021744106172,1.3343936827649348,0.010851425595674995,0.025782492326909236,0.03577465726517052,0.07222901476459943,-0.06378791686151834,-0.19550227526852146,1.3265319238062336
583473.872528795,PLAYBACK,0.34010026697069407,0.0001002670032903552,0.023975738155185056,0.025510185397115137,0.03586770428015562,0.05389745937285362,-0.06491741763947659,-0.19545021744106172,1.3340100709544505,0.01025374578367064,0.025790408134905934,0.035771944992301644,0.0732792703746145,-0.06373360665482236,-0.19550361979300152,1.3261315655413675
583473.88185811,PLAYBACK,0.3481895930599421,0.0031895930878818035,0.02359212634470076,0.025893797207599434,0.03586770428015562,0.055815518425267996,-0.06491741763947659,-0.19545021744106172,1.333626459143968,0.009200693320168856,0.025804285492937333,0.03576718848089279,0.07513193687735087,-0.06363850600053242,-0.19550595405306392,1.3254229061378104
583473.890666892,PLAYBACK,0.3577392320148647,0.0027392320334911346,0.02282490272373572,0.025510185397115137,0.03586770428015562,0.05811718928816667,-0.06491741763947659,-0.1950666056305792,1.332859235523003,0.007914066774825567,0.0258211207954244,0.035761415286379335,0.07739937038817707,-0.06352332801448157,-0.19550874628189416,1.3245514230386581
583473.899613569,PLAYBACK,0.36639527999795973,0.0013952800072729588,0.022441290913253198,0.025510185397115137,0.03586770428015562,0.05926802471961601,-0.06491741763947659,-0.19545021744106172,1.332859235523003,0.006706827661856224,0.025836797330392604,0.035756036476952434,0.0795307212701035,-0.06341627131197296,-0.195511306660176,1.323728093334116
583473.908518977,PLAYBACK,0.3750606350367889,6.0635036788880825e-05,0.02167406729228638,0.025510185397115137,0.03586770428015562,0.060802471961547866,-0.06491741763947659,-0.1950666056305792,1.332092011902036,0.00545893985208158,0.025852879611715104,0.035750515257736024,0.08173771963675958,-0.06330664140999041,-0.19551389279825998,1.3228713375287582
583473.912862346,PLAYBACK,0.3814458380220458,0.0014458380173891783,0.02129045548180386,0.025510185397115137,0.03586770428015562,0.062336919203479724,-0.06491741763947659,-0.19545021744106172,1.332092011902036,0.004514075252943616,0.025864973987164343,0.03574636086761687,0.0834114203366434,-0.06322433066154039,-0.19551581011561822,1.3222187730628607
583473.922396816,PLAYBACK,0.38513037702068686,0.0001303770113736391,0.02129045548180386,0.025510185397115137,0.03586770428015562,0.06348775463492728,-0.06491741763947659,-0.19545021744106172,1.3317084000915536,0.0039590258820219,0.025872045410461324,0.03574393090645072,0.08439567119148361,-0.06317625892090026,-0.1955169200167234,1.3218338833758236
583473.931345558,PLAYBACK,0.3950908080441877,9.08080255612731e-05,0.020139620050354523,0.025510185397115137,0.03586770428015562,0.06540581368734166,-0.06491741763947659,-0.1950666056305792,1.3309411764705885,0.0024224473867490268,0.02589149290257656,0.03573724435812606,0.0871245152962299,-0.06304426466575834,-0.19551992926864079,1.3207623865152698
583473.935783889,PLAYBACK,0.40506141795776784,6.141792982816696e-05,0.019372396429389482,0.025510185397115137,0.03586770428015562,0.06809109636072286,-0.06491741763947659,-0.1950666056305792,1.3301739528496217,0.000831299092027219,0.025911430851192407,0.03573038303732174,0.0899566036195747,-0.06290926942618569,-0.19552294714568672,1.3196435579425423
583473.94456104,PLAYBACK,0.4113547040615231,0.0013547040289267898,0.017837949187457625,0.025510185397115137,0.03586770428015562,0.06885831998168968,-0.06491741763947659,-0.1950666056305792,1.3297903410391392,-0.00020039844487565388,0.025924249136075522,0.03572596830725647,0.09179637995770437,-0.06282265997928417,-0.1955248503785333,1.3189130522793195
583473.953807125,PLAYBACK,0.42057857499457896,0.0005785749526694417,0.016687113756008287,0.025510185397115137,0.03586770428015562,0.07231082627603591,-0.06453380582899407,-0.19545021744106172,1.3290231174181724,-0.0017509185728884912,0.025943350524263917,0.03571938412323644,0.09456648457921621,-0.06269386682189212,-0.19552763119295055,1.3178076732053783
583473.957914088,PLAYBACK,0.4250564130488783,5.641300231218338e-05,0.01591989013504147,0.025510185397115137,0.03586770428015562,0.07231082627603591,-0.06453380582899407,-0.1950666056305792,1.3290231174181724,-0.002520115494530221,0.025952753458803372,0.03571614040460336,0.09594300423900491,-0.06263058787961709,-0.19552897516164364,1.3172559443654912
583473.966549736,PLAYBACK,0.43517852504737675,0.00517852499615401,0.014385442893111389,0.025893797207599434,0.03586770428015562,0.07537972075989963,-0.06415019401851155,-0.1950666056305792,1.3282558937972073,-0.004298599126917926,0.025974307247881568,0.035708698189711674,0.09913157277796097,-0.06248584892940785,-0.19553199182473388,1.3159716927347287
583473.975693313,PLAYBACK,0.4423657830338925,0.002365783089771867,0.013234607461662051,0.025510185397115137,0.03586770428015562,0.07653055619134719,-0.06415019401851155,-0.1950666056305792,1.3274886701762405,-0.005594857851654453,0.025989850998122458,0.035703324851266566,0.10146078244228521,-0.06238174642390701,-0.19553411026219125,1.3150280653109112
583473.984923357,PLAYBACK,0.4500740950461477,7.409509271383286e-05,0.011700160219730193,0.025510185397115137,0.03625131609063814,0.07768139162279653,-0.06415019401851155,-0.19545021744106172,1.3267214465552755,-0.0070159257854979255,0.02600672900930251,0.03569748381109277,0.10401933993750338,-0.06226898108962797,-0.1955363543479452,1.3139861708469236
583473.993624381,PLAYBACK,0.4601402200059965,0.00014022004324942827,0.010549324788280856,0.025893797207599434,0.03586770428015562,0.0795994506752109,-0.06415019401851155,-0.1950666056305792,1.3259542229343086,-0.008919629592700297,0.026029070106201965,0.035689740942328886,0.10745526545441048,-0.062120170794575616,-0.19553923117620364,1.3125781697766392
583473.997676459,PLAYBACK,0.46505976805929095,5.976809188723564e-05,0.009398489356831519,0.025893797207599434,0.03586770428015562,0.0799830624856952,-0.06415019401851155,-0.19545021744106172,1.3251869993133436,-0.009869727380084613,0.026040103461872396,0.035685911990946194,0.109173697386321,-0.062046877987957376,-0.1955406110560952,1.3118701754337676
583474.002030648,PLAYBACK,0.4700553430011496,5.534302908927202e-05,0.008631265735866478,0.025893797207599434,0.03586770428015562,0.08151750972762706,-0.06376658220802903,-0.1950666056305792,1.324803387502861,-0.010847715912632807,0.026051378757388787,0.035681995381975126,0.11094512524828944,-0.06197211840100787,-0.19554199228221159,1.3111376884410177
583474.011338481,PLAYBACK,0.4781981520354748,0.0031981520587578416,0.00709681849393462,0.025893797207599434,0.03586770428015562,0.08266834515907462,-0.06376658220802903,-0.19545021744106172,1.3236525520714117,-0.012470279472527903,0.026069900139768135,0.03567555313049936,0.11388982552226862,-0.06184963281823507,-0.1955441955638163,1.309914067954278
583474.020047651,PLAYBACK,0.48824799503199756,0.0032479950459674,0.005178759441520242,0.025893797207599434,0.03586770428015562,0.08535362783245581,-0.06376658220802903,-0.19545021744106172,1.3225017166399624,-0.014521209561239068,0.02609297586852926,0.035667510466631226,0.11762234125078284,-0.06169760748332984,-0.1955468212694566,1.308352310557884
583474.029326178,PLAYBACK,0.4958084520185366,0.0008084520231932402,0.003260700389105864,0.025893797207599434,0.03586770428015562,0.08650446326390515,-0.06338297039754473,-0.1950666056305792,1.3209672693980306,-0.016099110456985477,0.026110470287316116,0.03566139986372621,0.1205019953843392,-0.061582803435468104,-0.1955487188761784,1.3071391432052566
583474.039283313,PLAYBACK,0.5056729280622676,0.0006729280576109886,0.0009590295262071891,0.025893797207599434,0.03586770428015562,0.08995696955825139,-0.06338297039754473,-0.1950666056305792,1.319816433966583,-0.01820268145788844,0.026133435934441625,0.03565335905694438,0.12435199714565646,-0.06143272173735764,-0.1955510806855739,1.3055058793127474
583474.048039945,PLAYBACK,0.5150560470065102,5.60469925403595e-05,-0.0017262531471740061,0.025893797207599434,0.03625131609063814,0.0930258640421151,-0.06338297039754473,-0.1950666056305792,1.3182819867246511,-0.020250250200980605,0.02615539083485555,0.03564564956472064,0.12811177756446923,-0.06128995202437075,-0.19555319260769458,1.303898346095423
583474.051972682,PLAYBACK,0.5200587250292301,5.8725010603666306e-05,-0.002877088578621567,0.025893797207599434,0.03625131609063814,0.09456031128404696,-0.06299935858706221,-0.1950666056305792,1.3178983749141668,-0.02136033716454137,0.02616712597507757,0.03564151879073745,0.13015527802728152,-0.06121394022290814,-0.1955542594195858,1.303019400851144
583474.060803216,PLAYBACK,0.5280738980509341,0.003073898027651012,-0.004795147631037722,0.025893797207599434,0.03625131609063814,0.09571114671549452,-0.06299935858706221,-0.19545021744106172,1.316363927672235,-0.023165321764211894,0.026185951012334827,0.03563487646787836,0.13348580850977393,-0.06109246740474066,-0.1955558751841926,1.30157895628071
583474.069906465,PLAYBACK,0.5350825519999489,8.255196735262871e-05,-0.006329594872967803,0.025893797207599434,0.03625131609063814,0.0980128175783932,-0.06299935858706221,-0.19545021744106172,1.3152130922407874,-0.02477005494270417,0.026202416850539374,0.035629049080948286,0.13645509176230788,-0.06098671018163833,-0.195557186607759,1.3002864296673406
583474.074882162,PLAYBACK,0.5450840219855309,8.402194362133741e-05,-0.007864042114899661,0.025893797207599434,0.03625131609063814,0.1003144884412901,-0.06299935858706221,-0.19545021744106172,1.3136786449988556,-0.027102143121571894,0.026225882192642724,0.03562071301427478,0.1407843136720422,-0.06083684733363534,-0.19555887933669586,1.2983877876991008
583474.083549662,PLAYBACK,0.5502247270196676,0.0002247269731014967,-0.009014877546348998,0.025893797207599434,0.03625131609063814,0.10146532387273943,-0.06299935858706221,-0.1950666056305792,1.313295033188373,-0.028319842169900473,0.02623791211387094,0.03561642351044693,0.14305155626081487,-0.06076043104428885,-0.1955596614747866,1.2973867316263776
583474.087375673,PLAYBACK,0.5550692609976977,6.926094647496939e-05,-0.009398489356831519,0.025510185397115137,0.03625131609063814,0.10415060654612063,-0.06299935858706221,-0.19545021744106172,1.3125278095674062,-0.029479056081124482,0.0262492199331131,0.03561238072060982,0.1452142643038823,-0.060688873144399726,-0.19556034039321318,1.2964275036761073
583474.096631346,PLAYBACK,0.5633254679851234,0.0033254679292440414,-0.011316548409247673,0.025510185397115137,0.03625131609063814,0.10491783016708567,-0.06261574677657969,-0.1950666056305792,1.3109933623254744,-0.031480397390633186,0.02626840575278218,0.035605495303661465,0.14895824502550767,-0.06056809945239297,-0.1955613600575775,1.2947569050690815
583474.10518119,PLAYBACK,0.5722184120677412,0.0022184121189638972,-0.012850995651179531,0.025510185397115137,0.03625131609063814,0.1087539482719162,-0.06299935858706221,-0.19545021744106172,1.3094589150835425,-0.0336718486199936,0.02628891510316436,0.03559809439952651,0.1530728462934154,-0.06043994828194701,-0.1955622520254287,1.2929062052052869
583474.114324957,PLAYBACK,0.5808251450071111,0.000825145049020648,-0.014385442893111389,0.025510185397115137,0.03586770428015562,0.11028839551384806,-0.06299935858706221,-0.19545021744106172,1.3086916914625775,-0.03582738358613805,0.02630856741514897,0.03559095792095088,0.15713557623205623,-0.060318163114519464,-0.19556289669991647,1.2910636348970823
583474.123141835,PLAYBACK,0.5900569320656359,5.693209823220968e-05,-0.01591989013504147,0.025893797207599434,0.03625131609063814,0.11412451361867681,-0.06299935858706221,-0.19545021744106172,1.3075408560311281,-0.03817646162580912,0.026329381460436816,0.035583344331115124,0.16158101560351248,-0.06019036740944693,-0.1955633322595448,1.2890301202721788
583474.127211496,PLAYBACK,0.5954357050359249,0.00043570506386458874,-0.017070725566490808,0.025510185397115137,0.03625131609063814,0.11565896086060867,-0.06261574677657969,-0.1950666056305792,1.3071572442206456,-0.03956240853977473,0.02634136045964601,0.03557893320742773,0.16421272055795483,-0.060117423365120486,-0.1955634568758258,1.2878177007390037
583474.136526323,PLAYBACK,0.6000693030655384,6.930308882147074e-05,-0.017837949187457625,0.025510185397115137,0.03625131609063814,0.11719340810254053,-0.06261574677657969,-0.19545021744106172,1.3063900205996788,-0.04076636645617328,0.026351581864103128,0.03557515038745252,0.16650429686798818,-0.06005555941020483,-0.19556348455533132,1.2867567753035798
583474.146485882,PLAYBACK,0.6100574570009485,5.745701491832733e-05,-0.019372396429389482,0.025893797207599434,0.03625131609063814,0.12064591439688677,-0.06299935858706221,-0.1950666056305792,1.3044719615472644,-0.04339252050161906,0.026373270973818665,0.03556705848445034,0.171520630763378,-0.059925540082855056,-0.19556328228153982,1.2844174613879498
583474.155115318,PLAYBACK,0.6200844059931114,8.440599776804447e-05,-0.022441290913253198,0.025893797207599434,0.03625131609063814,0.124098420691233,-0.06261574677657969,-0.19545021744106172,1.3029375143053326,-0.04607024182635195,0.026394510280573505,0.03555903453196398,0.17666100571064527,-0.05980005460755042,-0.195562700619926,1.2819962197089987
583474.159762743,PLAYBACK,0.6300777810392901,7.778103463351727e-05,-0.024359349965667576,0.025893797207599434,0.03586770428015562,0.12831815060654606,-0.06261574677657969,-0.19545021744106172,1.3014030670634007,-0.048778841612775244,0.02641507044271594,0.03555115284464248,0.18188740578788984,-0.059680573066328964,-0.1955617212404965,1.2795095118998756
583474.168042165,PLAYBACK,0.6351964230416343,0.00019642303232103586,-0.025510185397115137,0.025893797207599434,0.03586770428015562,0.13023620965896043,-0.06223213496609717,-0.19545021744106172,1.3006358434424357,-0.05018113335438805,0.026425341474426194,0.035547165565698084,0.18460394392320817,-0.0596217158789474,-0.19556105805179236,1.2782070838916293
583474.172649632,PLAYBACK,0.6400679290527478,6.792903877794743e-05,-0.026661020828564475,0.025893797207599434,0.03625131609063814,0.1340723277637892,-0.06261574677657969,-0.19545021744106172,1.3002522316319514,-0.051524878590062544,0.02643494048575953,0.0355434045792605,0.18721401927695636,-0.059567265375062683,-0.19556032182609145,1.2769493369058753
583474.181103039,PLAYBACK,0.6492364839650691,0.004236483946442604,-0.028579079880978853,0.025893797207599434,0.03586770428015562,0.13829205767910224,-0.06223213496609717,-0.19545021744106172,1.2991013962005038,-0.05407751704261888,0.026452508652598475,0.035536421483362564,0.19219118871125368,-0.059469156956423144,-0.19555864992827152,1.27453372231301
583474.190587924,PLAYBACK,0.6571631169645116,0.002163116936571896,-0.030497138933395007,0.025510185397115137,0.03586770428015562,0.14021011673151662,-0.06223213496609717,-0.19545021744106172,1.297566948958572,-0.056308467684118194,0.026467134068535132,0.03553049161629421,0.1965617129616993,-0.059389219193401774,-0.1955568934287783,1.272394028289095
583474.199208734,PLAYBACK,0.6650121989659965,1.2198928743600845e-05,-0.032415197985809385,0.025893797207599434,0.03586770428015562,0.14366262302586286,-0.06223213496609717,-0.19545021744106172,1.29603250171664,-0.05853881565100411,0.026481061682694942,0.03552472448622137,0.20095050260031996,-0.059314810461060734,-0.19555486025485097,1.2702281195406522
583474.204891252,PLAYBACK,0.6750585159752518,5.851592868566513e-05,-0.034716868848706284,0.025510185397115137,0.03586770428015562,0.1478823529411759,-0.06223213496609717,-0.19545021744106172,1.2941144426642257,-0.06142339953556487,0.02649802398408337,0.03551750334730712,0.20665586910829867,-0.059226880728319414,-0.1955518175683718,1.267386865959614
583474.212450537,PLAYBACK,0.680071184062399,7.118401117622852e-05,-0.0354840924696731,0.025893797207599434,0.03586770428015562,0.15171847104600467,-0.06184852315561287,-0.19545021744106172,1.2933472190432589,-0.06287497278120134,0.026506103304608966,0.03551397020089296,0.20953949219111417,-0.05918622669259592,-0.19555010963713557,1.2659399441691224
583474.216929737,PLAYBACK,0.6850574910640717,5.7491008192300797e-05,-0.03663492790112066,0.025893797207599434,0.03586770428015562,0.15363653009842082,-0.06184852315561287,-0.1950666056305792,1.2925799954222938,-0.0643269054387131,0.02651387425276514,0.035510503006552604,0.2124323245674758,-0.059147997901245974,-0.19554828268877025,1.2644811395343882
583474.226158338,PLAYBACK,0.6926354920724407,0.0026354921283200383,-0.038552986953536816,0.025893797207599434,0.03586770428015562,0.1555545891508352,-0.06184852315561287,-0.1950666056305792,1.2906619363698777,-0.06654854942900278,0.0265251561882816,0.03550532582368679,0.21687528015343752,-0.05909426301734296,-0.19554525760851402,1.2622266342751125
583474.23509678,PLAYBACK,0.7029815659625456,0.0029815660091117024,-0.040471046005951195,0.025893797207599434,0.03586770428015562,0.16169237811856263,-0.06146491134513035,-0.1950666056305792,1.2887438773174633,-0.0696104856609979,0.026539479599616375,0.035498440098660176,0.22303172695743886,-0.0590297483709234,-0.1955406339919751,1.2590750982805143
583474.243711899,PLAYBACK,0.7105754270451143,0.0005754270823672414,-0.04238910505836557,0.025893797207599434,0.03586770428015562,0.1659121080338739,-0.06146491134513035,-0.19545021744106172,1.286825818265049,-0.0718785501063741,0.026549158400950883,0.03549352174954229,0.22761681530504185,-0.05898917294610559,-0.19553687116019525,1.256707624341327
583474.247808251,PLAYBACK,0.7150581240421161,5.812407471239567e-05,-0.04353994048981491,0.025893797207599434,0.03586770428015562,0.1659121080338739,-0.06108129953464783,-0.1950666056305792,1.2856749828335996,-0.07322537208098054,0.02655452600221866,0.03549067256970415,0.23034956834596962,-0.0589680075912813,-0.19553450147369159,1.2552885202769712
583474.256932781,PLAYBACK,0.7235225819749758,0.003522582002915442,-0.04545799954222929,0.025893797207599434,0.03586770428015562,0.170899061570152,-0.06108129953464783,-0.1950666056305792,1.2833733119707027,-0.07578386480267187,0.02656393467282392,0.03548540238388353,0.23556147433150543,-0.058933848822330895,-0.19552972473180844,1.2525656969230519
583474.266951315,PLAYBACK,0.732415726990439,0.0024157270090654492,-0.047376058594643666,0.025893797207599434,0.03586770428015562,0.17511879148546505,-0.06108129953464783,-0.19545021744106172,1.281071641107804,-0.07849125704384514,0.0265727557948867,0.03548002067555881,0.24110611927050635,-0.058906371219174976,-0.19552428220360785,1.2496462349137967
583474.275430131,PLAYBACK,0.7400633819634095,6.338197272270918e-05,-0.048526894026093004,0.025893797207599434,0.03586770428015562,0.17972213321126063,-0.06069768772416531,-0.1950666056305792,1.2787699702449071,-0.0808313839587268,0.02657943153468278,0.035475522073806616,0.24592290658370988,-0.05888982286846442,-0.19551926252442856,1.247091656157245
583474.285082849,PLAYBACK,0.7500701820245013,7.01820245012641e-05,-0.0512121766994742,0.025893797207599434,0.03586770428015562,0.18470908674753872,-0.06069768772416531,-0.1950666056305792,1.2764682993820085,-0.08390043039174418,0.026586845035958772,0.035469821963800045,0.252273941691048,-0.05887823375831801,-0.19551224711285728,1.2436985296732535
583474.293666517,PLAYBACK,0.7600876330398023,8.76330304890871e-05,-0.05313023575188858,0.025893797207599434,0.03586770428015562,0.1893124284733343,-0.06069768772416531,-0.1950666056305792,1.273783016708629,-0.08696637886487318,0.02659272752449031,0.035464332475934335,0.258656463555432,-0.0588780531038171,-0.19550476564120695,1.2402617457958482
583474.297903811,PLAYBACK,0.7650616760365665,6.167602259665728e-05,-0.05428107118333614,0.025893797207599434,0.03625131609063814,0.1916140993362312,-0.06069768772416531,-0.19545021744106172,1.2726321812771797,-0.08848179371001255,0.026595073773521157,0.035461686585546916,0.2618249337596734,-0.0588821316313942,-0.1955008996825369,1.238546244166214
583474.301939487,PLAYBACK,0.7701193810207769,0.00011938100215047598,-0.055431906614785476,0.025893797207599434,0.03586770428015562,0.19660105287251106,-0.06069768772416531,-0.19545021744106172,1.2710977340352478,-0.0900161350306137,0.026597072774372284,0.0354590481072231,0.2650420983842536,-0.05888903949035249,-0.19549687626069312,1.236798369422732
583474.310755573,PLAYBACK,0.7773497219895944,0.0023497219663113356,-0.05773357747768415,0.025893797207599434,0.03586770428015562,0.19928633554589226,-0.06069768772416531,-0.1950666056305792,1.268796063172351,-0.0921965575151003,0.02659926615398501,0.035455360479727235,0.26962946284212586,-0.05890360542842676,-0.19549097653257486,1.2342961766320806
583474.319902056,PLAYBACK,0.7867225810186937,0.001722580986097455,-0.06003524834058105,0.025893797207599434,0.03586770428015562,0.20427328908217035,-0.060314075913681015,-0.1950666056305792,1.2661107804989697,-0.09499921685703683,0.026600982963649666,0.035450707869699456,0.2755519961066969,-0.05893035539824314,-0.1954830956291802,1.2310498526988145
583474.328778888,PLAYBACK,0.7958754460560158,0.0008754460141062737,-0.062336919203479724,0.025893797207599434,0.03586770428015562,0.21232913710231216,-0.060314075913681015,-0.1950666056305792,1.2638091096360728,-0.09771098829454665,0.02660148756429235,0.03544627265544303,0.281309316120274,-0.05896457728363739,-0.19547517513476895,1.2278787956036625
583474.333344134,PLAYBACK,0.800062473048456,6.247300188988447e-05,-0.0638713664454098,0.025893797207599434,0.03586770428015562,0.21232913710231216,-0.060314075913681015,-0.1950666056305792,1.262274662394141,-0.09894384160452933,0.026601349678911215,0.03544426943799262,0.28393515461206376,-0.0589827595467828,-0.19547148566528214,1.2264280769730673
583474.342285973,PLAYBACK,0.8050709030358121,7.09029845893383e-05,-0.06502220187685914,0.025893797207599434,0.03586770428015562,0.21769970244907277,-0.060314075913681015,-0.1950666056305792,1.2611238269626917,-0.10041273622889926,0.026600892732373017,0.03544188741785816,0.2870703233091885,-0.05900649690810427,-0.19546702283624617,1.2246927150887224
583474.346668246,PLAYBACK,0.8150674330536276,6.743310950696468e-05,-0.06694026092927352,0.025893797207599434,0.03586770428015562,0.22268665598535264,-0.059930464103198494,-0.19545021744106172,1.2584385442893105,-0.10332744126058323,0.02659907208767242,0.03543715435432829,0.29331164941908383,-0.05906001612711408,-0.19545797091756217,1.2212289245124224
583474.355942695,PLAYBACK,0.8220520099857822,0.0020520100370049477,-0.0692419317921722,0.025893797207599434,0.0354840924696731,0.22537193865873206,-0.060314075913681015,-0.1950666056305792,1.256520485236896,-0.10535211306528616,0.02659712138100187,0.03543384082098967,0.2976620476804764,-0.059101954625068495,-0.19545154776766718,1.218808691882283
583474.364348892,PLAYBACK,0.8314663090277463,0.0014663090696558356,-0.0715436026550691,0.025893797207599434,0.03586770428015562,0.23266056305790883,-0.060314075913681015,-0.1950666056305792,1.2538352025635149,-0.10806844091268314,0.026593673828842722,0.03542932790008791,0.3035162235160536,-0.059163894516582494,-0.1954427865896942,1.2155464265903098
583474.373408808,PLAYBACK,0.840256946044974,0.0002569460775703192,-0.07384527351796777,0.025893797207599434,0.0354840924696731,0.23534584573129003,-0.060314075913681015,-0.1950666056305792,1.2511499198901355,-0.11059447546933661,0.026589674400535432,0.03542502576192225,0.30897668400854217,-0.05922682218102965,-0.195434523254428,1.2125001613884117
583474.37778505,PLAYBACK,0.8453014449914917,0.0003014450194314122,-0.07499610894941533,0.025893797207599434,0.0354840924696731,0.24071641107805064,-0.060314075913681015,-0.1950666056305792,1.2496154726482036,-0.11204067248376413,0.026587067777322095,0.03542250178060352,0.3121092645567112,-0.05926493618405296,-0.19542975549155966,1.2107520157222642
583474.38622982,PLAYBACK,0.8532615520525724,0.003261552075855434,-0.077297779812314,0.025510185397115137,0.0354840924696731,0.24263447013046502,-0.060314075913681015,-0.1950666056305792,1.2476974135957875,-0.11431938122173127,0.026582534608100228,0.03541841267989769,0.3170534631005816,-0.05932773524891435,-0.19542220802418656,1.2079934089235975
583474.395931172,PLAYBACK,0.8600638080388308,6.380805280059576e-05,-0.07844861524376334,0.025893797207599434,0.03586770428015562,0.2476214236667431,-0.060314075913681015,-0.19545021744106172,1.2453957427328906,-0.11626485210674121,0.026578292537716375,0.0354147927012268,0.3212816803741223,-0.05938368718406643,-0.19541574782219642,1.2056359924679065
583474.400163747,PLAYBACK,0.8700623629847541,6.236298941075802e-05,-0.0822847333485921,0.025893797207599434,0.03586770428015562,0.2529919890135055,-0.060314075913681015,-0.1950666056305792,1.2423268482490268,-0.11912464283216481,0.026571527631880098,0.035409212068400635,0.3275066528956488,-0.05946912535850031,-0.1954062613290216,1.2021707486864672
583474.40886953,PLAYBACK,0.8762320500100031,0.0012320500100031495,-0.08381918059052396,0.025893797207599434,0.03586770428015562,0.2552936598764024,-0.060314075913681015,-0.1950666056305792,1.2411760128175775,-0.12089117329033877,0.026567089487557826,0.03540558564728536,0.33135636046572553,-0.059523378572077464,-0.19540042808957425,1.200032436468699
583474.41368602,PLAYBACK,0.8800738420104608,7.38420058041811e-05,-0.084586404211489,0.025893797207599434,0.03586770428015562,0.2583625543602661,-0.059930464103198494,-0.1950666056305792,1.2392579537651631,-0.12199250093967152,0.026564242143286666,0.035403246961132305,0.33375771991175457,-0.059557624920136554,-0.19539680874009438,1.198700915632176
583474.422284106,PLAYBACK,0.8888679660158232,0.0038679660065099597,-0.08727168688487019,0.025893797207599434,0.03586770428015562,0.26373311970702673,-0.059930464103198494,-0.1950666056305792,1.2365726710917837,-0.1245190344392097,0.02655753410722798,0.03539763218680591,0.3392691973769587,-0.059636994012749904,-0.19538857488700156,1.195652929687945
583474.431314285,PLAYBACK,0.8950587440049276,5.8743986301124096e-05,-0.08842252231631953,0.025893797207599434,0.03586770428015562,0.26948729686427164,-0.059930464103198494,-0.19545021744106172,1.2346546120393675,-0.12630365955867523,0.02655269860681959,0.03539343645020235,0.3431634044118624,-0.05969336782365572,-0.19538283256166578,1.1935072207965982
583474.440773821,PLAYBACK,0.9050587509991601,5.875097122043371e-05,-0.09110780498970072,0.025893797207599434,0.03586770428015562,0.27485786221103226,-0.060314075913681015,-0.19545021744106172,1.2312021057450213,-0.12920022080504737,0.02654480245915033,0.03538617424821566,0.3494836842859106,-0.059784538772218974,-0.19537367731170452,1.1900412298160359
583474.449945261,PLAYBACK,0.9153734740102664,0.00037347397301346064,-0.09494392309452948,0.025893797207599434,0.03586770428015562,0.28061203936827717,-0.059930464103198494,-0.19545021744106172,1.2265987640192257,-0.13221045088444652,0.02653671393181957,0.03537796826988464,0.3560485285796367,-0.05987761314219729,-0.1953644244629809,1.1864662006474225
583474.455304868,PLAYBACK,0.9253310400526971,0.00033104000613093376,-0.09762920576791068,0.025893797207599434,0.03586770428015562,0.2863662165255203,-0.059930464103198494,-0.1950666056305792,1.2239134813458463,-0.13514316525975906,0.02652915802502171,0.035369255374386274,0.3624376582709345,-0.05996524530866546,-0.1953557118564756,1.183015081472295
583474.462995997,PLAYBACK,0.9300578370457515,5.783699452877045e-05,-0.09954726482032505,0.025893797207599434,0.03586770428015562,0.29135317006180017,-0.059930464103198494,-0.19545021744106172,1.2223790341039145,-0.13654589855100893,0.026525718912955146,0.03536481698042758,0.3654904259156928,-0.060005695616773144,-0.19535166116495586,1.1813769248978416
583474.466654185,PLAYBACK,0.9350758750224486,7.587496656924486e-05,-0.10069810025177439,0.025893797207599434,0.03586770428015562,0.2940384527351796,-0.059930464103198494,-0.19545021744106172,1.2208445868619826,-0.13804328094682713,0.02652220789559318,0.03535987448955453,0.3687464661731094,-0.06004760676319654,-0.19534742565009286,1.1796378993000969
583474.475995894,PLAYBACK,0.9423927220050246,0.002392722060903907,-0.10299977111467129,0.026277409018081954,0.03586770428015562,0.2967237354085608,-0.059930464103198494,-0.19545021744106172,1.217775692378119,-0.1402429592195924,0.026517407689864273,0.035352213218234334,0.37352394200773764,-0.060106446202787114,-0.1953413760103502,1.1771023632231634
583474.48511313,PLAYBACK,0.9517016779864207,0.0017016780329868197,-0.10530144197756819,0.025893797207599434,0.03586770428015562,0.3020943007553214,-0.059930464103198494,-0.19545021744106172,1.2143231860837727,-0.14307187978880148,0.02651198790685938,0.03534162208162409,0.37965694253761345,-0.06017658504268833,-0.19533390780736085,1.1738768711774819
583474.493762154,PLAYBACK,0.9607864919817075,0.0007864920189604163,-0.10798672465094938,0.025893797207599434,0.03586770428015562,0.3097665369649807,-0.059930464103198494,-0.19545021744106172,1.2108706797894246,-0.1458679728071305,0.026507632425386205,0.03533029074771769,0.3857053044162889,-0.06023883968346416,-0.19532687809866253,1.1707298711622247
583474.498266924,PLAYBACK,0.965056178974919,5.617900751531124e-05,-0.10952117189288124,0.025893797207599434,0.03586770428015562,0.3097665369649807,-0.059930464103198494,-0.19545021744106172,1.209719844357977,-0.14719460924534378,0.026505965605062926,0.035324600659605535,0.3885700790465742,-0.06026564025057356,-0.19532366520777972,1.169251457977104
583474.506838849,PLAYBACK,0.9711231279652566,0.001123127993196249,-0.11028839551384806,0.025893797207599434,0.03586770428015562,0.3147534905012588,-0.059546852292715974,-0.19545021744106172,1.2081853971160452,-0.14909346675435806,0.026504076831661696,0.03531609227613274,0.39266485288879666,-0.06030068189690404,-0.1953192018415191,1.1671521012780968
583474.512144221,PLAYBACK,0.980057041044347,5.7041062973439693e-05,-0.11297367818722748,0.025893797207599434,0.03586770428015562,0.3197404440375369,-0.059930464103198494,-0.19545021744106172,1.205500114442664,-0.15191772002947132,0.026502457203169832,0.03530261861924226,0.3987427394358196,-0.060345050915842066,-0.1953128504420763,1.1640663546282781
583474.520828674,PLAYBACK,0.9875364119652659,0.0025364119792357087,-0.11527534905012615,0.025893797207599434,0.03586770428015562,0.32204211490043555,-0.059546852292715974,-0.19545021744106172,1.2031984435797671,-0.1543047424031521,0.02650231439485638,0.035290440109072375,0.40386819053791934,-0.06037478738866853,-0.19530773805032015,1.1614925075206073
583474.529867348,PLAYBACK,0.9967482800129801,0.0017482800176367164,-0.11834424353398987,0.025893797207599434,0.03586770428015562,0.3277962920576787,-0.059930464103198494,-0.19545021744106172,1.2001295490959034,-0.15726644987035035,0.026503868566489105,0.03527428478219865,0.41021349165144577,-0.06040107059513709,-0.19530169682760962,1.1583419046165546
583474.539348787,PLAYBACK,1.0055243090027943,0.0005243089981377125,-0.12102952620736929,0.025893797207599434,0.03586770428015562,0.3335504692149236,-0.059930464103198494,-0.19545021744106172,1.1974442664225222,-0.16010340857427513,0.026507331842295267,0.03525768756189915,0.4162777944249561,-0.060414536154154486,-0.1952961928364741,1.1553673311729427
583474.548133903,PLAYBACK,1.0150568960234523,5.689600948244333e-05,-0.124098420691233,0.025893797207599434,0.03586770428015562,0.339688258182651,-0.059930464103198494,-0.19545021744106172,1.193991760128176,-0.16319557498594017,0.026513522245183895,0.0352383029226958,0.4228739155285136,-0.0604154011457022,-0.1952904646552304,1.1521712959885184
583474.552252489,PLAYBACK,1.0200719480635598,7.19480449333787e-05,-0.12563286793316486,0.025893797207599434,0.0354840924696731,0.34582604715037846,-0.059546852292715974,-0.1950666056305792,1.1924573128862441,-0.1648253805058735,0.026517876613068654,0.03522752728526479,0.4263455217083763,-0.060409810734832016,-0.19528754139014542,1.1505051308520735
583474.561295682,PLAYBACK,1.0250820809742436,8.208095096051693e-05,-0.1267837033646142,0.025893797207599434,0.03586770428015562,0.3485113298237579,-0.059930464103198494,-0.19545021744106172,1.1909228656443123,-0.1664551649027504,0.026523030120974806,0.035216357599711694,0.42981407704705715,-0.060399913065449576,-0.195284673131143,1.148851018658514
583474.565344343,PLAYBACK,1.0350717690307647,7.176899816840887e-05,-0.1298525978484779,0.025893797207599434,0.0354840924696731,0.3542655069810028,-0.059546852292715974,-0.1950666056305792,1.1859359121080342,-0.16970840323255212,0.026535850240798055,0.035192856260041594,0.43673039993233553,-0.06036689700355922,-0.1952790750931596,1.145582886803949
583474.574256624,PLAYBACK,1.0411503800423816,0.0011503800051286817,-0.13253788052185733,0.025893797207599434,0.03586770428015562,0.356950789654384,-0.059930464103198494,-0.19545021744106172,1.1847850766765848,-0.1716896514651076,0.026545412645003444,0.03517773833911987,0.44093898914797,-0.06033788958174943,-0.19527572214430047,1.1436127999767431
583474.583597471,PLAYBACK,1.0501374760642648,0.0001374760176986456,-0.134839551384756,0.025893797207599434,0.0354840924696731,0.3627049668116271,-0.059930464103198494,-0.1950666056305792,1.1813325703822386,-0.17462011259610077,0.026562164836718645,0.03515422833382279,0.44716134592928736,-0.060282256619981565,-0.19527079444143094,1.1407237614358432
583474.587552511,PLAYBACK,1.055062395054847,6.239500362426043e-05,-0.13637399862668786,0.025893797207599434,0.0354840924696731,0.3653902494850083,-0.059930464103198494,-0.1950666056305792,1.1797981231403067,-0.17622614368779205,0.026572738970141414,0.035140749004598945,0.4505712080175991,-0.0602451824341261,-0.19526809030561693,1.139151659077868
583474.596644519,PLAYBACK,1.0637028330238536,0.0037028329679742455,-0.13905928130006906,0.025510185397115137,0.0354840924696731,0.37152803845273574,-0.059930464103198494,-0.1950666056305792,1.1763456168459605,-0.17904306877595727,0.02659381497319028,0.03511606332709977,0.45655360445094234,-0.06016863625820571,-0.19526330252952845,1.136410596116708
583474.605933587,PLAYBACK,1.072501725051552,0.002501725102774799,-0.14174456397344848,0.025893797207599434,0.0354840924696731,0.3772822156099789,-0.059930464103198494,-0.1950666056305792,1.1732767223620968,-0.18190930243916534,0.026618768163110703,0.03508954526338597,0.4626457355160561,-0.060075371157845,-0.19525832091150322,1.1336390087309058
583474.614959207,PLAYBACK,1.081652446067892,0.0016524461098015308,-0.14442984664682967,0.025893797207599434,0.0354840924696731,0.3861052872510875,-0.059930464103198494,-0.1950666056305792,1.170207827878233,-0.1848857882366831,0.026648698581272126,0.03506046318848898,0.4689814858567159,-0.05996171201760506,-0.19525296396693112,1.1307741964125133
583474.623779851,PLAYBACK,1.0900873279897496,8.732802234590054e-05,-0.14711512932021087,0.025893797207599434,0.0354840924696731,0.3891741817349512,-0.059930464103198494,-0.1950666056305792,1.1675225452048519,-0.18762376656802243,0.026680106362899723,0.03503227497602095,0.47482162131141753,-0.059841705912819704,-0.1952478115197745,1.1281460542277195
583474.628373392,PLAYBACK,1.0950591469882056,5.9147016145288944e-05,-0.14864957656214273,0.025893797207599434,0.0354840924696731,0.3914758525978481,-0.059930464103198494,-0.1950666056305792,1.1663717097734043,-0.1892343954892743,0.026700424472227813,0.035015030454201006,0.4782640104591447,-0.05976406810538661,-0.19524465726133786,1.126601255190807
583474.637451763,PLAYBACK,1.1000911419978365,9.114202111959457e-05,-0.1498004119935903,0.025893797207599434,0.0354840924696731,0.39723002975509303,-0.059930464103198494,-0.19545021744106172,1.1648372625314725,-0.19086164300249844,0.02672240859990782,0.03499709654446391,0.48174806808552595,-0.059680254110871696,-0.1952413638913328,1.1250401867822717
583474.641968546,PLAYBACK,1.1100630160653964,6.301607936620712e-05,-0.15248569466697148,0.025893797207599434,0.0354840924696731,0.40336781872282046,-0.059930464103198494,-0.1950666056305792,1.1617683680476087,-0.19407638247884004,0.026770384058424822,0.03496011113880647,0.488652413355221,-0.0594985494190805,-0.1952344995063464,1.121951113646284
583474.65074217,PLAYBACK,1.1173049480421469,0.0023049480514600873,-0.15517097734035268,0.025893797207599434,0.0354840924696731,0.4064367132066842,-0.059930464103198494,-0.1950666056305792,1.1590830853742276,-0.19640140680195317,0.026809080856787827,0.034932030108971134,0.49366660198079704,-0.059353563926244635,-0.19522919984488396,1.1197089070635273
583474.659799942,PLAYBACK,1.1269602819811553,0.0019602819811552763,-0.1582398718242164,0.025893797207599434,0.0354840924696731,0.41564339665827355,-0.059930464103198494,-0.1950666056305792,1.1560141908903638,-0.19948653753114437,0.02686601742672729,0.0348929668924648,0.5003517925234574,-0.05914323278332271,-0.19522167557829426,1.1167170085423244
583474.668897891,PLAYBACK,1.1359953900100663,0.0009953900007531047,-0.16169237811856263,0.026277409018081954,0.0354840924696731,0.4221647974364835,-0.059930464103198494,-0.1950666056305792,1.1533289082169826,-0.2023561664644156,0.026925140640404462,0.03485470461025636,0.5066075484347187,-0.0589288534695601,-0.1952141203543199,1.1139107794937813
583474.673104185,PLAYBACK,1.1400663430104032,6.634299643337727e-05,-0.1632268253604945,0.025893797207599434,0.0354840924696731,0.4221647974364835,-0.059930464103198494,-0.1950666056305792,1.152178072785535,-0.20364309218283663,0.02695371666060313,0.034836917076076314,0.5094262053991983,-0.05882674197474803,-0.19521054462361037,1.1126432396004804
583474.68201324,PLAYBACK,1.1450598540250212,5.985400639474392e-05,-0.16476127260242635,0.025893797207599434,0.035100480659188804,0.4283025864042109,-0.059930464103198494,-0.1950666056305792,1.1510272373540857,-0.20521615580168961,0.02699047518767106,0.034814628290185154,0.5128836222034764,-0.05869683445836707,-0.19520600826307777,1.1110850851674308
583474.690573764,PLAYBACK,1.1550682879751548,6.828794721513987e-05,-0.16706294346532324,0.026277409018081954,0.0354840924696731,0.43444037537193836,-0.059930464103198494,-0.1950666056305792,1.1483419546807045,-0.20834949122829216,0.0270700422655289,0.034768374477481594,0.5198132632695015,-0.058421131849924986,-0.1951964064944468,1.1079485693188877
583474.694680236,PLAYBACK,1.165052855038084,5.285500083118677e-05,-0.17051544975966948,0.025893797207599434,0.035100480659188804,0.4405781643396658,-0.059546852292715974,-0.1950666056305792,1.1445058365758758,-0.21144725163234626,0.027157674595813953,0.03472009080425497,0.526726340422661,-0.05812593668603853,-0.195186142183913,1.1047976622008937
583474.703725664,PLAYBACK,1.1704044559737667,0.0004044559318572283,-0.17204989700160134,0.025893797207599434,0.035100480659188804,0.4436470588235295,-0.059546852292715974,-0.1950666056305792,1.142971389333944,-0.21309522069066508,0.027208222298646233,0.034693314139638796,0.530431637957704,-0.057959542850453245,-0.1951803609669785,1.1030983212387764
583474.708356426,PLAYBACK,1.1751224159961566,0.00012241594959050417,-0.17320073243305067,0.025893797207599434,0.0354840924696731,0.44709956511787574,-0.059546852292715974,-0.1950666056305792,1.1410533302815296,-0.21454053840963136,0.02725494433740597,0.03466917998417408,0.5336982023191513,-0.057808176834549405,-0.1951751060683523,1.1015934859109444
583474.717132215,PLAYBACK,1.1851870079990476,0.005187007947824895,-0.17588601510643187,0.025893797207599434,0.035100480659188804,0.45553902494850007,-0.059546852292715974,-0.1950666056305792,1.1383680476081484,-0.21759917240542165,0.027361667292850608,0.03461601348110993,0.5406665320745261,-0.05747083729986258,-0.19516342180256416,1.0983605814710082
583474.726314226,PLAYBACK,1.1900614199694246,6.142002530395985e-05,-0.17703685053787943,0.025893797207599434,0.035100480659188804,0.4586079194323638,-0.059546852292715974,-0.1950666056305792,1.136449988555734,-0.21906803510274556,0.027416951265633663,0.03458942603422529,0.544041342381804,-0.057300494313935794,-0.19515754507239114,1.0967830055797696
583474.734805275,PLAYBACK,1.2000572390388697,5.723908543586731e-05,-0.17972213321126063,0.025893797207599434,0.035100480659188804,0.4643620965896087,-0.059546852292715974,-0.1950666056305792,1.1318466468299384,-0.22205376029698526,0.027538054445878934,0.03453315126957668,0.5509618672384006,-0.05693724051442588,-0.1951450994292336,1.0935222411021437
583474.744232349,PLAYBACK,1.210060372017324,6.037205457687378e-05,-0.18394186312657368,0.025893797207599434,0.035100480659188804,0.47049988555733613,-0.059546852292715974,-0.1950666056305792,1.1291613641565572,-0.22500505613748736,0.027670209272774412,0.034474415349479204,0.5578872613029492,-0.05655537250019095,-0.19513220269625683,1.0902231176011474
583474.74956327,PLAYBACK,1.2200625030091032,6.250303704291582e-05,-0.1866271457999531,0.025893797207599434,0.035100480659188804,0.4766376745250618,-0.05916324048223345,-0.1950666056305792,1.1260924696726935,-0.22791840424439685,0.027814011398633147,0.03441318611612191,0.5648114514070776,-0.05615573372297517,-0.1951189961998154,1.0868874585090231
583474.758558491,PLAYBACK,1.2251335229957476,0.0001335230190306902,-0.18816159304188496,0.025893797207599434,0.035100480659188804,0.4827754634927892,-0.05916324048223345,-0.1950666056305792,1.124941634241246,-0.2293807389080888,0.027891597682217734,0.03438116353425482,0.568321410564538,-0.055946518573092026,-0.19511223092572413,1.0851822886325306
583474.76234153,PLAYBACK,1.2301111139822751,0.00011111400090157986,-0.1896960402838168,0.025893797207599434,0.035100480659188804,0.4854607461661704,-0.05916324048223345,-0.1950666056305792,1.123407186999314,-0.23080625712317313,0.027970930576435557,0.034349078524855546,0.5717658449323956,-0.05573696957001856,-0.19510557372163131,1.08349964973857
583474.770608749,PLAYBACK,1.2386867169989273,0.003686717012897134,-0.19314854657816305,0.025893797207599434,0.034716868848706284,0.49198214694438036,-0.05877962867174916,-0.1950666056305792,1.1207219043259329,-0.23323838495490204,0.028115208667895082,0.03429227015032387,0.5776958996612452,-0.05536658885614733,-0.19509413544748958,1.0805814568701901
583474.779650459,PLAYBACK,1.2463246430270374,0.001324643031693995,-0.19621744106202677,0.025893797207599434,0.034716868848706284,0.49466742961776156,-0.05877962867174916,-0.1950666056305792,1.1176530098420692,-0.23537765218636392,0.02825202637389989,0.03424003976106149,0.5829688920047628,-0.055027315540062766,-0.19508407250315504,1.0779645185701536
583474.78858283,PLAYBACK,1.2552566119702533,0.00025661196559667587,-0.19890272373540796,0.025893797207599434,0.034716868848706284,0.500805218585489,-0.058396016861266636,-0.1950666056305792,1.114967727168688,-0.23784444110328826,0.028422184420560843,0.03417702837475751,0.5891168913378645,-0.054620360487768645,-0.19507259180053746,1.0748881790517972
583474.792763715,PLAYBACK,1.260060757980682,6.075797136873007e-05,-0.20043717097733982,0.025893797207599434,0.034716868848706284,0.5038741130693527,-0.058396016861266636,-0.1950666056305792,1.1138168917372404,-0.23915468500615789,0.028518299217823107,0.0341422866784228,0.5924123145178385,-0.05439734869583888,-0.19506659805650614,1.073228607851409
583474.80205663,PLAYBACK,1.265063036000356,6.303598638623953e-05,-0.20120439459830486,0.025893797207599434,0.034716868848706284,0.5100119020370784,-0.058396016861266636,-0.1950666056305792,1.112666056305791,-0.24050626431832495,0.028621835377362854,0.034105483953754935,0.5958335894945864,-0.054162331072675964,-0.19506052558670992,1.0714982403259394
583474.811171882,PLAYBACK,1.2750712189590558,7.12189357727766e-05,-0.20350606546120353,0.025893797207599434,0.034716868848706284,0.5161496910048058,-0.058396016861266636,-0.1946829938200949,1.1099807736324099,-0.24317144233727506,0.028839762547898377,0.0340299134593209,0.6026452672411716,-0.053684209549848705,-0.19504899438091983,1.068032161381475
583474.815165577,PLAYBACK,1.2850578000070527,5.779997445642948e-05,-0.20580773632410043,0.025893797207599434,0.034716868848706284,0.5226710917830157,-0.058012405050784116,-0.1950666056305792,1.1057610437170986,-0.24578106618641257,0.029072002253318803,0.03395184912619995,0.6093984509746938,-0.05319742967118164,-0.19503846784757164,1.0645712073548352
583474.823599918,PLAYBACK,1.291577210999094,0.0015772109618410468,-0.20849301899748163,0.025893797207599434,0.035100480659188804,0.5284252689402607,-0.057628793240301596,-0.1950666056305792,1.1046102082856493,-0.24745987894235194,0.029231915009756537,0.033899379876647415,0.613785894395425,-0.05287474970306158,-0.19503220767205423,1.0623113724602917
583474.82816358,PLAYBACK,1.2950739490333945,7.394899148494005e-05,-0.20964385442893096,0.025893797207599434,0.034716868848706284,0.5284252689402607,-0.057628793240301596,-0.1946829938200949,1.1030757610437174,-0.24835288292525706,0.029320484780673582,0.03387072298826349,0.6161331511115551,-0.05270013700824872,-0.19502906840393486,1.0610992107711854
583474.837134465,PLAYBACK,1.30342260398902,0.0034226039424538612,-0.21194552529182786,0.025893797207599434,0.034716868848706284,0.5337958342870213,-0.0572451814298173,-0.1946829938200949,1.1000068665598537,-0.25046575680877653,0.02954013339358167,0.033800778089305115,0.6217231462852156,-0.052278997493254015,-0.1950222376193891,1.0582049340882476
583474.846243886,PLAYBACK,1.3128738639643416,0.0028738639084622264,-0.21463080796520906,0.025893797207599434,0.034716868848706284,0.5426189059281299,-0.05686156961933478,-0.1946829938200949,1.0965543602655075,-0.2528286735530383,0.029803311843430068,0.033718842222804656,0.6280328880604266,-0.05179519544502135,-0.1950157243335738,1.0549281450106776
583474.855714984,PLAYBACK,1.3217694229679182,0.0017694230191409588,-0.21731609063858848,0.026277409018081954,0.034716868848706284,0.5460714122224761,-0.05647795780885226,-0.1946829938200949,1.0934854657816437,-0.2550291930516618,0.030065898486524276,0.03363883646936221,0.6339608730284984,-0.05133317828941146,-0.19501087954241078,1.0518437634188988
583474.864117644,PLAYBACK,1.330716100987047,0.0007161010289564729,-0.2203849851224522,0.026277409018081954,0.034716868848706284,0.5525928130006861,-0.05609434599836974,-0.1946829938200949,1.0900329594872975,-0.2572242810768874,0.03034542997946724,0.033555301267584374,0.6399199592650292,-0.05086212276609766,-0.1950073582598737,1.0487413932505552
583474.873752928,PLAYBACK,1.3400594630511478,5.946308374404907e-05,-0.2230702677958334,0.026277409018081954,0.034716868848706284,0.559114213778896,-0.05571073418788722,-0.1946829938200949,1.0869640650034338,-0.25950278282345723,0.030654922922175143,0.03346447825069323,0.6461485653495767,-0.0503634512812226,-0.19500521723646996,1.0455011698362757
583474.877959302,PLAYBACK,1.346254248986952,0.001254249014891684,-0.22460471503776525,0.025893797207599434,0.034716868848706284,0.5648683909361409,-0.05532712237740292,-0.1946829938200949,1.0858132295719845,-0.2610084988785491,0.030870597729677682,0.033402073268418014,0.6502856807812618,-0.05002907498802444,-0.19500470294939676,1.043352698414349
583474.887073513,PLAYBACK,1.350112491985783,0.00011249200906604528,-0.2261391622796971,0.026277409018081954,0.034716868848706284,0.5675536736095204,-0.0549435105669204,-0.1946829938200949,1.0842787823300526,-0.2619452304162072,0.031009345678110818,0.03336226542351832,0.6528668142582309,-0.04981932072263952,-0.1950047583606443,1.0420145503105727
583474.895695355,PLAYBACK,1.360089184017852,8.918403182178736e-05,-0.22920805676356082,0.026277409018081954,0.034716868848706284,0.5740750743877303,-0.0549435105669204,-0.1946829938200949,1.0812098878461889,-0.26436706516589914,0.03138461928238075,0.03325575156342888,0.6595619144632384,-0.04927169791928446,-0.19500627055545072,1.03855466590717
583474.899646418,PLAYBACK,1.3700634919805452,6.349198520183563e-05,-0.23266056305790705,0.026277409018081954,0.034716868848706284,0.580596475165942,-0.05417628694595536,-0.1946829938200949,1.0766065461203933,-0.2667927567883181,0.03178481881591676,0.03314371963736942,0.6662910336752169,-0.048717075416938344,-0.19500979047775063,1.0350985145007243
583474.908993496,PLAYBACK,1.3754679850535467,0.0004679850535467267,-0.2341950102998389,0.026277409018081954,0.034716868848706284,0.5832817578393215,-0.05417628694595536,-0.1946829938200949,1.0750720988784614,-0.2681103037381995,0.03201252161624305,0.033080561014948065,0.669951921523381,-0.0484140044031379,-0.19501253900004445,1.033229581846369
583474.913153852,PLAYBACK,1.3801265410147607,0.00012654101010411978,-0.23534584573128825,0.026661020828564475,0.034716868848706284,0.5863506523231852,-0.05379267513547106,-0.1946829938200949,1.0735376516365314,-0.26924777680730416,0.03221498160525948,0.03302470205137275,0.6731139259041766,-0.04815168100452596,-0.19501537533054697,1.0316228431232077
583474.921708064,PLAYBACK,1.3884162129834294,0.003416212974116206,-0.23764751659418515,0.026661020828564475,0.034716868848706284,0.5921048294804319,-0.05379267513547106,-0.1946829938200949,1.0708523689631502,-0.27127434843753323,0.03258919696808499,0.03292207166633006,0.6787467481802087,-0.04768355199433423,-0.19502145325932935,1.0287801007839557
583474.930956894,PLAYBACK,1.395032771048136,3.277102950960398e-05,-0.23841474021515197,0.026661020828564475,0.03433325703822376,0.597859006637675,-0.05340906332498854,-0.1946829938200949,1.0693179217212183,-0.27289169222346854,0.03290021379523931,0.03283726330884941,0.6832373112003295,-0.04731004629726658,-0.19502719023618667,1.026533963546057
583474.934543715,PLAYBACK,1.405062756035477,6.275600753724575e-05,-0.24110002288853138,0.026661020828564475,0.03433325703822376,0.6036131837949199,-0.05302545151450602,-0.1946829938200949,1.065865415426872,-0.2753373679300541,0.03339114564832631,0.03270404476371976,0.6900105619517907,-0.046747152273832415,-0.19503719737962963,1.0231845630881755
583474.943555398,PLAYBACK,1.4104236849816516,0.00042368494905531406,-0.2418672465094982,0.027044632639046995,0.03433325703822376,0.6059148546578168,-0.052258227893539205,-0.1946829938200949,1.0647145799954227,-0.2766398926372455,0.03366258558538689,0.03263062114961873,0.6936054866077327,-0.046449067031176294,-0.19504309130167805,1.0214276787514427
583474.947862746,PLAYBACK,1.4150583139853552,5.83139481022954e-05,-0.24263447013046324,0.027044632639046995,0.03394964522774124,0.609367360952163,-0.052258227893539205,-0.1946829938200949,1.0627965209430084,-0.2777630663389506,0.03390211373929515,0.032565914958580494,0.6966965003757765,-0.04619336573191174,-0.19504843410538744,1.01992959638615
583474.956953672,PLAYBACK,1.4235199970426038,0.003519997000694275,-0.24493614099336192,0.027044632639046995,0.03394964522774124,0.6147379262989254,-0.051874616083056685,-0.1946829938200949,1.0597276264591446,-0.27980752238530976,0.034350819344239863,0.03244480294148264,0.702297467491117,-0.04573195007694342,-0.1950586395342005,1.017246654276022
583474.965789817,PLAYBACK,1.432427308987826,0.0024273089366033673,-0.24762142366674134,0.02742824444953129,0.03394964522774124,0.6208757152666529,-0.051491004272574165,-0.1946829938200949,1.0562751201647984,-0.28195356333528665,0.034838911615166446,0.032313024697294676,0.7081345427105487,-0.045254556646583656,-0.1950697602834251,1.0144972430147157
583474.974969694,PLAYBACK,1.44226789905224,0.002267899108119309,-0.25030670634012253,0.02742824444953129,0.03394964522774124,0.6300823987182422,-0.051107392462091644,-0.1946829938200949,1.0528226138704522,-0.28432204358476654,0.03539698018172334,0.032162045546475344,0.7145168877406707,-0.04473786122337084,-0.1950820973560541,1.0115500143088783
583474.984301323,PLAYBACK,1.450763528002426,0.000763528048992157,-0.2526083772030212,0.027811856260013812,0.03394964522774124,0.633151293202106,-0.05072378065160735,-0.1946829938200949,1.0493701075761042,-0.28636914814566716,0.03589481558155216,0.03202687484176788,0.7199751831862069,-0.04430139948407923,-0.19509242678032665,1.0090819974038534
583474.989703231,PLAYBACK,1.460026073968038,2.6074005290865898e-05,-0.2552936598764006,0.027811856260013812,0.03394964522774124,0.6392890821698334,-0.05034016884112483,-0.1946829938200949,1.0463012130922404,-0.2886081320481924,0.03645469952237398,0.031874099477662024,0.7258761317438149,-0.043836264368920526,-0.1951029305872988,1.0064718765771867
583474.998326576,PLAYBACK,1.4650625380454585,6.253807805478573e-05,-0.2568281071183325,0.028195468070496332,0.03356603341725872,0.6450432593270783,-0.04995655703064231,-0.1946829938200949,1.0447667658503104,-0.28983029002132,0.03676668556821131,0.03178855043926604,0.7290643837742771,-0.043588250927628074,-0.19510814989681316,1.0050879593700182
583475.002308779,PLAYBACK,1.4700614700559527,6.147008389234543e-05,-0.25836255436026434,0.028195468070496332,0.03356603341725872,0.6484957656214245,-0.04995655703064231,-0.1946829938200949,1.0432323186083785,-0.29104755911513985,0.03708164249061461,0.031701845529921925,0.7322155708559778,-0.0433456195754769,-0.1951128888430296,1.003738958118331
583475.010986838,PLAYBACK,1.4780230090254918,0.0030230090487748384,-0.2602806134126787,0.028579079880978853,0.03356603341725872,0.6550171663996345,-0.04918933340967549,-0.1946829938200949,1.0401634241245148,-0.2929966560219079,0.03759421560407599,0.031559937083872745,0.7372085333133795,-0.04296668761864114,-0.19511933132261677,1.001641074178807
583475.020352033,PLAYBACK,1.4868549960665405,0.0018549960805103183,-0.2625822842755774,0.028579079880978853,0.03356603341725872,0.6580860608834982,-0.04842210978871045,-0.1950666056305792,1.037094529640651,-0.2951767774566932,0.03817868715640567,0.031396800157399124,0.7427129976344249,-0.042557483407386965,-0.19512453430139515,0.9993865528380368
583475.029227704,PLAYBACK,1.4958546760026366,0.0008546760072931647,-0.26450034332799177,0.028579079880978853,0.033182421606774426,0.6642238498512256,-0.04803849797822793,-0.1950666056305792,1.0340256351567874,-0.29742137678343783,0.03879154216299969,0.031224096214390845,0.7482879950498609,-0.042153058104005756,-0.1951272592509833,0.9971679106606912
583475.03819963,PLAYBACK,1.5050641499692574,6.414996460080147e-05,-0.26680201419088867,0.028579079880978853,0.033182421606774426,0.67266330968185,-0.04765488616774363,-0.1950666056305792,1.0317239642938887,-0.29974635131194566,0.039436873433105576,0.031040293113057508,0.7539607800467104,-0.04175281648039041,-0.19512681377842406,0.9949797736343718
583475.042269942,PLAYBACK,1.5100600350415334,6.00350322201848e-05,-0.2675692378118555,0.02896269169146315,0.033182421606774426,0.6757322041657137,-0.04727127435726111,-0.1946829938200949,1.0305731288624411,-0.3010208481349194,0.039794685867494316,0.030937479550849648,0.7570256436064386,-0.04154162827240312,-0.19512499961825752,0.9938275682413682
583475.046398777,PLAYBACK,1.5150627240072936,6.272399332374334e-05,-0.2687200732433048,0.02896269169146315,0.033182421606774426,0.6784174868390949,-0.04650405073629607,-0.1950666056305792,1.0290386816205093,-0.3023072223577869,0.040158459502859734,0.03083227284158222,0.7600865357657609,-0.04133442774453095,-0.19512195193454077,0.992698321914155
583475.055895555,PLAYBACK,1.5222237210255116,0.002223721006885171,-0.2706381322957192,0.02934630350194567,0.032798809796291906,0.6818699931334411,-0.04612043892581355,-0.1946829938200949,1.0267370107576106,-0.3041674463492289,0.040688733035333956,0.030677655252123164,0.76445475570819,-0.04104541736944044,-0.19511524928493149,0.9911246025242004
583475.064583193,PLAYBACK,1.5315741769736633,0.0015741769457235932,-0.2725561913481336,0.02934630350194567,0.032798809796291906,0.6899258411535829,-0.04612043892581355,-0.1950666056305792,1.0236681162737469,-0.3066325019824931,0.04139811534201956,0.03046842376938317,0.770137114247382,-0.04068176492175734,-0.19510190111175998,0.9891454485488499
583475.073487259,PLAYBACK,1.5405762320151553,0.0005762319779023528,-0.2748578622110305,0.02972991531242819,0.032415197985809385,0.6960636301213103,-0.04496960349436421,-0.1946829938200949,1.02136644541085,-0.3090475440365464,0.04209925466153778,0.03025887660745039,0.7755872158083753,-0.040346665823865216,-0.19508354543841358,0.9873210919293659
583475.077485352,PLAYBACK,1.545058518066071,5.8518024161458015e-05,-0.2760086976424798,0.03011352712291071,0.032031586175326865,0.6960636301213103,-0.04496960349436421,-0.1946829938200949,1.0198319981689181,-0.310266365823053,0.042455013814804765,0.030151492017242352,0.7782941428549126,-0.040185393598259456,-0.19507219435632728,0.9864423724569296
583475.086771785,PLAYBACK,1.555177264031954,0.005177263985387981,-0.2779267566948942,0.030497138933395007,0.03164797436484257,0.7045030899519347,-0.043818768062914876,-0.1946829938200949,1.0179139391165037,-0.3130602352886833,0.04327433939774139,0.029901437965410563,0.7843901350911882,-0.03983514711212026,-0.1950406496398254,0.9845311957429908
583475.095830408,PLAYBACK,1.5601270709885284,0.00012707093264907598,-0.278693980315861,0.030880750743877527,0.03126436255436005,0.7071883726253159,-0.043818768062914876,-0.1946829938200949,1.0167631036850544,-0.3144492948089714,0.04368326849805369,0.02977519508055207,0.7873652355499202,-0.039670855738688816,-0.1950220105046953,0.9836329300059591
583475.10013925,PLAYBACK,1.5700650080107152,6.50080619379878e-05,-0.2806120393682754,0.030880750743877527,0.030880750743877527,0.712942549782559,-0.043435156252432355,-0.1946829938200949,1.0136942092011907,-0.31728487159450874,0.04452027195079194,0.02951379767007106,0.7933261550902545,-0.03935506519728922,-0.1949776542430729,0.9819021410032146
583475.109753043,PLAYBACK,1.575874772039242,0.0008747720858082175,-0.28253009842068977,0.03164797436484257,0.030880750743877527,0.7156278324559402,-0.043435156252432355,-0.1946829938200949,1.0121597619592588,-0.318972512111712,0.04501934483435367,0.029356016674470863,0.7968038490519175,-0.039179170290406594,-0.19494713925915053,0.9809352919175437
583475.118722715,PLAYBACK,1.5855166889959946,0.0005166890332475305,-0.28444815747310415,0.032031586175326865,0.030497138933395007,0.723683680476082,-0.043051544441949835,-0.1946829938200949,1.0094744792858776,-0.3218239341073097,0.04586314572350462,0.029085996708191945,0.8025645493557689,-0.038901424123140904,-0.19488843327228458,0.9794040048106817
583475.123259015,PLAYBACK,1.590058539994061,5.8540026657283306e-05,-0.285982604715036,0.032031586175326865,0.030497138933395007,0.723683680476082,-0.04266793263146554,-0.1946829938200949,1.0079400320439458,-0.32318948033343714,0.0462671755043008,0.028955264001173753,0.8052734702101078,-0.038776684395322635,-0.19485708905002636,0.9787144069365106
583475.1317684,PLAYBACK,1.5986627680249512,0.003662768052890897,-0.28790066376745216,0.032415197985809385,0.030497138933395007,0.730205081254292,-0.04228432082098302,-0.1946829938200949,1.0052547493705664,-0.32581636497214184,0.047043659199154424,0.028701414202807536,0.8103967664771916,-0.03855095225895954,-0.19479082536301615,0.9774637602491462
583475.140562193,PLAYBACK,1.608583181980066,0.003583181998692453,-0.29020233463034906,0.033182421606774426,0.03011352712291071,0.7386445410849163,-0.0419007090105005,-0.1946829938200949,1.0029530785076677,-0.3289102519366444,0.04795594618393874,0.02839883931611229,0.8162881321124584,-0.03830757114541377,-0.19470259844148433,0.9761124889868739
583475.150014856,PLAYBACK,1.6163915160577744,0.0013915160670876503,-0.29288761730373025,0.03356603341725872,0.02972991531242819,0.7413298237582975,-0.04151709720001798,-0.1946829938200949,1.0006514076447708,-0.33139386333597476,0.0486857215465784,0.028153479456587808,0.8209107606148152,-0.03812836260286334,-0.19462372910341869,0.9751173244589396
583475.158841062,PLAYBACK,1.6250715600326657,7.156003266572952e-05,-0.29518928816662715,0.03433325703822376,0.02934630350194567,0.7470840009155406,-0.04113348538953368,-0.1950666056305792,0.9983497367818721,-0.3342027565921075,0.04950753359401578,0.02787370756999142,0.826029979479068,-0.037941422932064144,-0.19452584075399146,0.9740818933849132
583475.163284924,PLAYBACK,1.6300785869825631,7.858697790652514e-05,-0.2963401235980765,0.03433325703822376,0.02934630350194567,0.7501528953994043,-0.04113348538953368,-0.1950666056305792,0.9975825131609071,-0.33584467604009927,0.04998588444753438,0.027709198138329432,0.8289711667261901,-0.037839221861235214,-0.19446433520071285,0.9735185399933597
583475.171853192,PLAYBACK,1.6351208720589057,0.00012087204959243536,-0.2974909590295258,0.034716868848706284,0.02934630350194567,0.7559070725566492,-0.04074987357905116,-0.1946829938200949,0.9964316777294577,-0.3375129389502371,0.05047019413359712,0.027541413412600017,0.8319223595137277,-0.03774027859175476,-0.19439859894012673,0.9729762761871714
583475.181259395,PLAYBACK,1.6450673959916458,6.739597301930189e-05,-0.2997926298924227,0.0354840924696731,0.02934630350194567,0.7616612497138942,-0.04036626176856864,-0.1946829938200949,0.9945136186770434,-0.34084246615405545,0.051431075038591956,0.027204946324438498,0.8377052405591763,-0.0375560903344171,-0.1942576206105106,0.9719799787173337
583475.190070412,PLAYBACK,1.6550879830028862,8.798297494649887e-05,-0.30324513618676896,0.03586770428015562,0.02896269169146315,0.7674154268711373,-0.03998264995808612,-0.1946829938200949,0.9918283360036622,-0.3442394412765942,0.05240273383155565,0.026860002582240746,0.843466602803765,-0.03738383395524919,-0.19410035833332304,0.9710734910383962
583475.194703859,PLAYBACK,1.6651174869621173,0.00011748692486435175,-0.30554680704966763,0.03701853971160496,0.02896269169146315,0.7724023804074154,-0.03959903814760182,-0.1946829938200949,0.9902938887617303,-0.34767085926773916,0.053374381224323246,0.026510515310111567,0.8491544293325257,-0.03722268764736115,-0.19392775207252172,0.9702611443675883
583475.203587455,PLAYBACK,1.6700559720629826,5.597202107310295e-05,-0.3070812542915995,0.03740215152208748,0.028579079880978853,0.774704051270314,-0.03959903814760182,-0.1946829938200949,0.9895266651407653,-0.34936882053728086,0.053851242760080305,0.026337391078857835,0.8519229825695736,-0.03714673314630661,-0.1938372405928799,0.9698947948284968
583475.207634883,PLAYBACK,1.675071996054612,7.19960080459714e-05,-0.30784847791256453,0.03778576333257,0.028579079880978853,0.7796910048065921,-0.03959903814760182,-0.1946829938200949,0.9887594415197984,-0.3510976115153634,0.05433394843714491,0.02616110281842224,0.8547122035491672,-0.037071437199583335,-0.19374162229559466,0.9695445764742018
583475.216202681,PLAYBACK,1.6828329999698326,0.0028329999186098576,-0.3101501487754632,0.038552986953536816,0.028579079880978853,0.781992675669489,-0.0392154263371193,-0.1946829938200949,0.9876086060883509,-0.3537786575545156,0.05507669651759298,0.025887856633273823,0.8589815528792843,-0.036957793687034814,-0.19358643562503117,0.9690444729609271
583475.225058083,PLAYBACK,1.6919775690184906,0.001977569074369967,-0.3124518196383601,0.03893659876401934,0.028579079880978853,0.7869796292057671,-0.03883181452663678,-0.1946829938200949,0.986074158846419,-0.3569441214272266,0.05594409043219579,0.0255658213657369,0.8639396123283448,-0.03682672036854626,-0.1933924338285273,0.9685168351174651
583475.23440401,PLAYBACK,1.7008539610542357,0.0008539611008018255,-0.3151371023117413,0.03970382238498438,0.028195468070496332,0.792733806363012,-0.03844820271615426,-0.1946829938200949,0.9845397116044872,-0.36002061010818853,0.05677672104356261,0.02525386281558613,0.8686787912949852,-0.036700411926418784,-0.19319273486022445,0.96806400264813
583475.243303907,PLAYBACK,1.7100673330714926,6.733310874551535e-05,-0.318205996795605,0.040471046005951195,0.028195468070496332,0.7977207598992901,-0.03844820271615426,-0.1942993820096124,0.9833888761730378,-0.36321586619356844,0.05763018270859451,0.02493138190534078,0.873524568103471,-0.03656805828514292,-0.19297372459366244,0.9676508851423525
583475.247522115,PLAYBACK,1.715748829068616,0.0007488291012123227,-0.3193568322270526,0.040854657816433715,0.027811856260013812,0.803474937056535,-0.038064590905669965,-0.1942993820096124,0.9826216525520728,-0.36518669051531344,0.05815064967600955,0.02473344402996496,0.8764774518912135,-0.036484837023476595,-0.1928327600557104,0.9674228855203539
583475.256597661,PLAYBACK,1.7200967660173774,9.67660453170538e-05,-0.32089127946898444,0.041238269626916235,0.027811856260013812,0.805776607919432,-0.037680979095187445,-0.1942993820096124,0.9822380407415885,-0.36669501403036536,0.0585458338715424,0.024582535036790146,0.8787199624536691,-0.036419923746390005,-0.19272185179572954,0.9672613186947641
583475.265858975,PLAYBACK,1.7300793200265616,7.932004518806934e-05,-0.32396017395284815,0.04200549324788305,0.02742824444953129,0.8115307850766769,-0.037680979095187445,-0.1942993820096124,0.9810872053101392,-0.3701580612379978,0.05944259577965694,0.024238215881322817,0.8838152898642891,-0.03626552975378918,-0.19245730928816268,0.966929895557475
583475.270297677,PLAYBACK,1.7400755400303751,7.554003968834877e-05,-0.32702906843671187,0.04277271686884809,0.02742824444953129,0.8169013504234375,-0.037297367284704924,-0.1942993820096124,0.9803199816891723,-0.37362570768629255,0.06032539180259654,0.02389689725468928,0.8888489690627845,-0.03610122251690973,-0.19217862702615793,0.9666485732992867
583475.279565994,PLAYBACK,1.7460956090362743,0.0010956090409308672,-0.3300979629205756,0.04430716411077995,0.026661020828564475,0.8195866330968187,-0.037297367284704924,-0.1942993820096124,0.9795527580682073,-0.3757139364783853,0.060849496522875704,0.02369324591821156,0.8918502809972836,-0.035996465376766894,-0.19200416503251444,0.9665012889613457
583475.288149592,PLAYBACK,1.7552317910594866,0.0002317910548299551,-0.3327832455939568,0.04507438773174677,0.025893797207599434,0.8253408102540618,-0.036913755474222404,-0.1942993820096124,0.9787855344472405,-0.37888291534847207,0.06163378770501293,0.02338721566992648,0.8963659044241364,-0.03582762734918792,-0.19172990389330855,0.9663065850007686
583475.292365685,PLAYBACK,1.760078951017931,7.895100861787796e-05,-0.33431769283588864,0.04584161135271181,0.025893797207599434,0.8303277637903417,-0.036913755474222404,-0.1942993820096124,0.978401922636758,-0.3805641280355957,0.06204435897570774,0.02322645382815853,0.8987439856044572,-0.035732647968424874,-0.19157975929603419,0.9662162895285632
583475.30119154,PLAYBACK,1.7690169319976121,0.00401693198364228,-0.33738658731975235,0.046992446784161146,0.025126573586632617,0.8353147173266198,-0.036913755474222404,-0.19391577019912987,0.9776346990157929,-0.3836640980999829,0.06279119008266534,0.022933162112342538,0.9031000963021005,-0.03554650669827554,-0.1912944928183474,0.9660712352036329
583475.310199536,PLAYBACK,1.777007968048565,0.0020079680252820253,-0.34007186999313177,0.04814328221561048,0.024742961776150096,0.839534447241931,-0.036530143663739884,-0.19391577019912987,0.9768674753948261,-0.3864355183019398,0.0634474547820495,0.02267464210669846,0.9069660461712012,-0.03536679946065953,-0.19103024645700395,0.9659629183741518
583475.319255725,PLAYBACK,1.7860288890078664,0.0010288889752700925,-0.3431407644769955,0.049294117647058044,0.024359349965667576,0.8422197299153122,-0.036913755474222404,-0.19391577019912987,0.9764838635843436,-0.38956400443330536,0.064175070639964,0.022387324585646632,0.9113019256281083,-0.03514726048032466,-0.1907215435372673,0.9658620719256995
583475.327954194,PLAYBACK,1.7950594080612063,5.940801929682493e-05,-0.3462096589608592,0.0508285648889899,0.023975738155185056,0.8468230716411078,-0.036530143663739884,-0.19353215838864735,0.9757166399633785,-0.3926957198905456,0.06488915902745147,0.022104845452977417,0.9156166901566178,-0.03490811308009666,-0.19040151286210144,0.9657810334562212
583475.332788579,PLAYBACK,1.800069411052391,6.94110058248043e-05,-0.34774410620279106,0.0512121766994742,0.02359212634470076,0.8510428015564209,-0.036530143663739884,-0.19353215838864735,0.9753330281528942,-0.39443311647260526,0.0652790629215445,0.021950479396302357,0.9180009863631081,-0.03476645250455067,-0.19021923942521182,0.9657436261311791
583475.336337266,PLAYBACK,1.8051348810549825,0.0001348810037598014,-0.3492785534447229,0.05197940032043924,0.02359212634470076,0.8537280842298003,-0.036530143663739884,-0.19353215838864735,0.9749494163424117,-0.3961897281333248,0.06566868827375315,0.021796186169346084,0.9204057698360367,-0.03461633572820627,-0.19003153457959462,0.9657106808366138
583475.345500772,PLAYBACK,1.8122342290589586,0.0022342290030792356,-0.35234744792858663,0.05313023575188858,0.02320851453421824,0.856029755092699,-0.03614653185325559,-0.19314854657816305,0.9737985809109624,-0.3986516243499622,0.06620690474750143,0.021583073433373835,0.9237675643028846,-0.0343937373517156,-0.18976271257854319,0.9656718727280129
583475.354643868,PLAYBACK,1.8229784200666472,0.002978420117869973,-0.35541634241245035,0.05428107118333614,0.02282490272373572,0.8629347676813914,-0.03614653185325559,-0.19276493476768053,0.9734149691004799,-0.4023774312814093,0.06700381047668483,0.021267843966616504,0.9288405725116704,-0.03402815377720553,-0.1893431996278368,0.965626959284901
583475.363673525,PLAYBACK,1.8304468189598992,0.00044681900180876255,-0.3588688487067966,0.055815518425267996,0.022441290913253198,0.8656200503547726,-0.035762920042773066,-0.19276493476768053,0.9726477454795148,-0.4049672642020026,0.06754508832063133,0.021054169003650827,0.9323596979891905,-0.033752438313138906,-0.18904268001720173,0.9656036336645055
583475.36792664,PLAYBACK,1.8350566420704126,5.664210766553879e-05,-0.36040329594872844,0.05658274204623481,0.022441290913253198,0.8679217212176695,-0.035762920042773066,-0.192381322957198,0.9726477454795148,-0.40656582136425473,0.06787395720851806,0.020924606065630926,0.9345301242051276,-0.03357297098363929,-0.18885357363181313,0.965591788045832
583475.377157205,PLAYBACK,1.843639277969487,0.0036392780020833015,-0.3638558022430747,0.05773357747768415,0.022441290913253198,0.8732922865644301,-0.035379308232290546,-0.192381322957198,0.9722641336690305,-0.4095420430397612,0.06847553245267725,0.020688294084458693,0.9385697388009873,-0.03321916099168986,-0.18849422353892475,0.9655737195339542
583475.38656477,PLAYBACK,1.853237951057963,0.0032379510812461376,-0.3669246967269384,0.05888441290913171,0.022441290913253198,0.8801972991531244,-0.035379308232290546,-0.1916140993362312,0.9714969100480655,-0.4128706150782344,0.06913169294066955,0.020431875906517537,0.9430892852402389,-0.032791826151390674,-0.18808128295493942,0.9655576828558344
583475.395732313,PLAYBACK,1.8601390880066901,0.00013908802065998316,-0.36845914396887025,0.05965163653009853,0.0220576791027689,0.8824989700160213,-0.034995696421808026,-0.1916140993362312,0.9714969100480655,-0.41526376686031846,0.06959253785265605,0.020252867327303276,0.9463424926656118,-0.03246302929036868,-0.1877773118813466,0.9655475090381671
583475.399710999,PLAYBACK,1.8700655329739675,6.553297862410545e-05,-0.3730624856946658,0.060802471961547866,0.0220576791027689,0.8871023117418169,-0.03461208461132373,-0.19123048752574867,0.9707296864270987,-0.41870605036269204,0.0702393401324272,0.02000355410368234,0.95103155897652,-0.03195712661256398,-0.18732993995925346,0.9655328467193794
583475.409146429,PLAYBACK,1.8788123959675431,0.003812395967543125,-0.37613138017852954,0.06156969558251291,0.022441290913253198,0.8917056534676124,-0.03384486099035869,-0.19084687571526615,0.9699624628061336,-0.4217393038715844,0.07079355922145544,0.019792153809864738,0.9551768607055937,-0.031477904068215316,-0.186926079429299,0.9655180783906538
583475.417785494,PLAYBACK,1.8850735200103372,7.35200010240078e-05,-0.3772822156099789,0.06272053101396224,0.0220576791027689,0.8955417715724412,-0.03384486099035869,-0.19084687571526615,0.9695788509956511,-0.4239105594138349,0.07118125062243756,0.0196457606079053,0.9581540803393579,-0.031115003435737486,-0.18663161587316715,0.9655054690596506
583475.422233503,PLAYBACK,1.8900110829854384,1.1082971468567848e-05,-0.37881666285191073,0.06310414282444476,0.0220576791027689,0.8978434424353399,-0.03346124917987617,-0.19084687571526615,0.9691952391851668,-0.4256228300944825,0.07148169696565687,0.019533288938361027,0.9605088435786004,-0.03081685307115535,-0.1863963337156356,0.9654938887646646
583475.430603089,PLAYBACK,1.8974995609605685,0.002499560941942036,-0.3818855573357727,0.0638713664454098,0.0220576791027689,0.9001451132982368,-0.03307763736939187,-0.19046326390478363,0.9688116273746843,-0.4282197223305629,0.07192851853990401,0.01936782863586627,0.9640934493034821,-0.030344138599507065,-0.18603450962621493,0.9654729155234549
583475.439622227,PLAYBACK,1.9067448540590703,0.0017448540311306715,-0.3849544518196364,0.06463859006637662,0.02129045548180386,0.907050125886931,-0.03269402555890935,-0.19046326390478363,0.9684280155642018,-0.4314258498346738,0.07246561439321947,0.019172264318015157,0.9685443396683396,-0.029725714320792455,-0.1855798884923977,0.9654401556422013
583475.448635553,PLAYBACK,1.915239460999146,0.00023946096189320087,-0.3880233463035001,0.06540581368734166,0.02129045548180386,0.9093517967498279,-0.03231041374842683,-0.19007965209429933,0.9680444037537193,-0.4343716399325995,0.07294516662561291,0.01900128264119491,0.972662194508307,-0.02912293767414826,-0.185154963296404,0.9654020950310443
583475.452702188,PLAYBACK,1.9200727730058134,7.277296390384436e-05,-0.3903250171663988,0.06578942549782596,0.02129045548180386,0.9112698558022423,-0.03231041374842683,-0.19007965209429933,0.967660791943235,-0.43604774479588543,0.07321218632649515,0.01890779390349694,0.9750187440076099,-0.0287649793438392,-0.18491031145344278,0.9653765798050772
583475.461946579,PLAYBACK,1.9284817549632862,0.0034817549167200923,-0.39339391165026427,0.06617303730830848,0.02129045548180386,0.9158731975280379,-0.03192680193794431,-0.19007965209429933,0.967660791943235,-0.4389638056405963,0.07366689490842598,0.018751824652660863,0.979144474226158,-0.028116019776606833,-0.18448008613355962,0.9653248072977209
583475.470655108,PLAYBACK,1.9350632349960506,6.323494017124176e-05,-0.3945447470817136,0.06617303730830848,0.02129045548180386,0.9204765392538334,-0.031543190127460013,-0.1896960402838168,0.967660791943235,-0.44124610110454493,0.07401428575601038,0.01863575969129283,0.9823983913547348,-0.0275847271589849,-0.1841396469879568,0.9652772078992967
583475.479666781,PLAYBACK,1.945086186984554,8.618703577667475e-05,-0.3991480888075092,0.06694026092927352,0.02090684367132134,0.925079880979629,-0.031159578316977493,-0.1896960402838168,0.9672771801327524,-0.44472175514729734,0.07452957290770988,0.018469306971125966,0.9873998531771886,-0.026735961558487727,-0.18361573005600282,0.9651917062773058
583475.484904603,PLAYBACK,1.955085291992873,8.529203478246927e-05,-0.4022169832913729,0.06732387273975782,0.020523231860837043,0.9296832227054246,-0.030775966506494973,-0.1893124284733343,0.9668935683222699,-0.44818904291107947,0.07502796452441632,0.018315831503810807,0.9924502509295591,-0.025841397529649018,-0.1830876221666725,0.9650894911134535
583475.492738567,PLAYBACK,1.960067632026039,6.763206329196692e-05,-0.40375143053330476,0.06732387273975782,0.020139620050354523,0.931601281757839,-0.030775966506494973,-0.18892881666285177,0.9668935683222699,-0.44991667012552633,0.07527081388888407,0.01824410501514208,0.9949913530602664,-0.02537785213320208,-0.18282288062505658,0.9650318423139924
583475.49674173,PLAYBACK,1.965092052007094,9.205203969031572e-05,-0.4052858777752366,0.06732387273975782,0.020139620050354523,0.935821011673152,-0.030392354696012452,-0.18854520485236748,0.9665099565117874,-0.4516588464012241,0.0755122328115082,0.018174995678576757,0.9975715212725028,-0.024898447160843797,-0.18255507745037558,0.9649689775190993
583475.506646123,PLAYBACK,1.9732293609995395,0.0032293610274791718,-0.40797116044861603,0.06770748455024034,0.020139620050354523,0.9377390707255664,-0.030008742885528156,-0.18816159304188496,0.9665099565117874,-0.4544802686688095,0.07589627031426865,0.01806997471476136,1.0017897321673275,-0.024096739878300997,-0.18212011365750763,0.9648567250309411
583475.515507847,PLAYBACK,1.9820437229936942,0.0020437230123206973,-0.41065644312199723,0.06770748455024034,0.019756008239872003,0.9442604715037763,-0.029241519264563115,-0.18777798123140244,0.9661263447013049,-0.4575361695869157,0.07630342130956384,0.017965900978092662,1.0064173247640804,-0.023193436389256757,-0.18164815588324842,0.9647199974721051
583475.524298474,PLAYBACK,1.991018666070886,0.001018666080199182,-0.41410894941634346,0.06770748455024034,0.019756008239872003,0.9469457541771575,-0.028857907454080595,-0.18739436942091992,0.9657427328908206,-0.4606471961886604,0.07670974126686589,0.017870322757804164,1.0111956252045218,-0.022237077504309477,-0.18116800590659693,0.9645639584891075
583475.533046068,PLAYBACK,2.0000596749596298,5.9674959629774094e-05,-0.4171778439002072,0.06809109636072286,0.019372396429389482,0.9511654840924688,-0.028474295643596298,-0.1866271457999531,0.9657427328908206,-0.46378004853293264,0.077112032459151,0.0177846584020828,1.0160806383735466,-0.021237343117978667,-0.18068619278786163,0.9643890187670914
583475.537628978,PLAYBACK,2.0050603200215846,6.032001692801714e-05,-0.41871229114213904,0.06809109636072286,0.019372396429389482,0.9550016021972993,-0.028474295643596298,-0.1866271457999531,0.9653591210803381,-0.465512079846714,0.07733207587170493,0.017741849094223078,1.018814608145421,-0.02066920102303193,-0.18042108870413345,0.9642844210621246
583475.546270978,PLAYBACK,2.0134554050164297,0.0034554050071164966,-0.42178118562600275,0.06809109636072286,0.019372396429389482,0.9573032730601962,-0.027707072022631257,-0.18624353398947058,0.9653591210803381,-0.46841788994488653,0.0776984754861214,0.017677276436491335,1.0234571634124567,-0.019692032960359502,-0.179979237782963,0.9640960405001676
583475.555122563,PLAYBACK,2.0201211080420762,0.00012110802344977856,-0.4233156328679346,0.06809109636072286,0.018988784618905186,0.9619066147859918,-0.027323460212148737,-0.18585992217898806,0.9653591210803381,-0.4707226892378487,0.0779875147896556,0.017632479392908372,1.0271913037641174,-0.018896197793043044,-0.17963209676458539,0.9639349177919787
583475.55989577,PLAYBACK,2.030035339994356,3.533996641635895e-05,-0.4283025864042127,0.06809109636072286,0.018988784618905186,0.9668935683222699,-0.02655623659118192,-0.18509269855802124,0.9649755092698555,-0.4741451313786354,0.07841609742731358,0.01757632766286719,1.032824903900295,-0.017681946806486493,-0.17912357153305888,0.9636761749890147
583475.568216631,PLAYBACK,2.0350551310693845,5.5131036788225174e-05,-0.42983703364614456,0.06809109636072286,0.018605172808422665,0.9688116273746843,-0.0261726247806994,-0.18470908674753872,0.9649755092698555,-0.47587474219466236,0.07863324428743516,0.017552607731344816,1.0357138854794197,-0.01705414001443441,-0.17887035645453575,0.9635364184959541
583475.577234056,PLAYBACK,2.0407986979698762,0.0007986979326233268,-0.4309878690775939,0.06847470817120538,0.018605172808422665,0.9734149691004799,-0.02540540115973436,-0.1843254749370562,0.9649755092698555,-0.4778505169229851,0.07888245270533091,0.01752928508807512,1.0390496758269898,-0.01632588268450654,-0.17858470669581802,0.9633692856000715
583475.581542236,PLAYBACK,2.050071674049832,7.167400326579809e-05,-0.4340567635614576,0.06847470817120538,0.018605172808422665,0.978401922636758,-0.025021789349250062,-0.18394186312657368,0.964591897459373,-0.48103204669434546,0.07928797582237966,0.017500047328914855,1.0445035747259326,-0.01512957650118464,-0.17813391048044894,0.9630831910412575
583475.590353843,PLAYBACK,2.0573437850689515,0.0023437850177288055,-0.43712565804532133,0.06847470817120538,0.018221560997940145,0.9807035934996566,-0.02463817753876754,-0.18355825131608938,0.964591897459373,-0.48351892063361435,0.0796102581653361,0.017484186837218134,1.0488397054141458,-0.014175476683695964,-0.17779048634525083,0.9628448206110221
583475.59956994,PLAYBACK,2.0661782369716093,0.0011782370274886489,-0.44019455252918327,0.06885831998168968,0.018221560997940145,0.9849233234149697,-0.0238709539178025,-0.18317463950560686,0.964591897459373,-0.48652935428351063,0.08000899696591261,0.017472962435761068,1.0541772630715263,-0.013000068823872007,-0.1773866844870208,0.9625387505735871
583475.60863166,PLAYBACK,2.075680735055357,0.0006807351019233465,-0.44287983520256446,0.0692419317921722,0.017454337376973328,0.9918283360036622,-0.023103730296835684,-0.18279102769512434,0.9638246738384062,-0.4897533092555503,0.08044960165405324,0.01747029752557794,1.0600039944592816,-0.01171890527258736,-0.1769704483172718,0.9621894485609473
583475.612935001,PLAYBACK,2.080063789966516,6.379000842571259e-05,-0.4444142824444963,0.0692419317921722,0.017454337376973328,0.9918283360036622,-0.022720118486353164,-0.18279102769512434,0.9638246738384062,-0.49123521550002913,0.08065786140074745,0.017472205750853127,1.062721478555933,-0.011123035293450441,-0.1767852676589518,0.9620213432316115
583475.621931655,PLAYBACK,2.0891823190031573,0.004182319040410221,-0.4470995651178775,0.06962554360265472,0.017454337376973328,0.9987333485923564,-0.021952894865386346,-0.18240741588464182,0.9638246738384062,-0.49430750306550725,0.08110331917253547,0.01748219597574751,1.068435410047076,-0.009875355911785415,-0.17641470198095363,0.9616575102195571
583475.631239799,PLAYBACK,2.095233428059146,0.00023342808708548546,-0.4486340123598094,0.06962554360265472,0.017454337376973328,1.0010350194552533,-0.021185671244421306,-0.18202380407415752,0.9630574502174412,-0.49633828072703184,0.08140935236231751,0.017493097292247618,1.072272290854389,-0.009042603897101518,-0.17618026198038103,0.9614055485495383
583475.635524535,PLAYBACK,2.1050606119679287,6.061198655515909e-05,-0.4520865186541556,0.07000915541313724,0.017070725566490808,1.0067891966124982,-0.02003483581297197,-0.181640192263675,0.9626738384069569,-0.4996228373368821,0.0819270927292142,0.017517574242361753,1.0785801126919858,-0.0076845763978467705,-0.17582001716001,0.9609783973062725
583475.644015063,PLAYBACK,2.111067035002634,0.0010670350166037679,-0.45553902494850185,0.07039276722362153,0.017070725566490808,1.0090908674753951,-0.019651224002489448,-0.18087296864270996,0.9630574502174412,-0.5016223354990664,0.08225784133119368,0.017536394777164895,1.0824821106578537,-0.006852410375515852,-0.1756127745837969,0.9607062883099353
583475.648801375,PLAYBACK,2.115166933974251,0.00016693398356437683,-0.4570734721904337,0.07077637903410405,0.017070725566490808,1.0117761501487763,-0.019267612192006928,-0.18087296864270996,0.9626738384069569,-0.5029837543589406,0.08249051488216101,0.017550815177196907,1.0851657936044237,-0.006283951225029301,-0.17547710333316893,0.960515692799416
583475.657350497,PLAYBACK,2.1243266720557585,0.004326672060415149,-0.4601423666742974,0.07115999084458657,0.017070725566490808,1.0167631036850544,-0.01888400038152263,-0.18010574502174315,0.9626738384069569,-0.5060155497519172,0.08303253604383493,0.017587334582171047,1.0912201546811653,-0.0050140522857175076,-0.17519131095784507,0.9600754475203478
583475.666157315,PLAYBACK,2.130070479004644,7.04789999872446e-05,-0.4616768139162293,0.07115999084458657,0.017070725566490808,1.0225172808422993,-0.01773316495007507,-0.18010574502174315,0.9626738384069569,-0.5079097493641476,0.08338939991834839,0.01761304711566739,1.0950569767785192,-0.004218827017643554,-0.1750244974536215,0.9597890716958412
583475.670719355,PLAYBACK,2.140058142016642,5.8142002671957016e-05,-0.464745708400093,0.07192721446555339,0.016687113756008287,1.0275042343785774,-0.01734955313959255,-0.1793385214007781,0.9622902265964743,-0.5111896056700255,0.08404410666974955,0.017662371303286597,1.1017974373840385,-0.0028407901737837393,-0.17475753952082757,0.9592719035370979
583475.679736709,PLAYBACK,2.147652434068732,0.002652434050105512,-0.4674309910734742,0.07192721446555339,0.017070725566490808,1.0324911879148555,-0.016582329518625732,-0.1793385214007781,0.9619066147859918,-0.5136695110678422,0.08457302607908805,0.017703334016237766,1.1069736033102484,-0.0017996196292808927,-0.1745743588283598,0.9588622821219638
583475.688472791,PLAYBACK,2.155550381052308,0.0005503810243681073,-0.4701162737468536,0.07269443808651843,0.017070725566490808,1.0374781414511336,-0.015815105897660692,-0.1789549095902938,0.9615230029755093,-0.516232430993276,0.08515324488345441,0.01774861399716893,1.112392763757586,-0.0007258622414206164,-0.1744020197980115,0.9584213920022687
583475.694122787,PLAYBACK,2.1600723940646276,7.239403203129768e-05,-0.47165072098878547,0.07269443808651843,0.017070725566490808,1.0401634241245148,-0.015815105897660692,-0.1785712977798113,0.9615230029755093,-0.5176910923223926,0.08549976299653668,0.01777558804872168,1.1155076437325855,-0.00011630067212061221,-0.17431161352179642,0.9581622082184094
583475.701204381,PLAYBACK,2.1700795149663463,7.951492443680763e-05,-0.4747196154726492,0.07307804989700095,0.017070725566490808,1.0455339894712754,-0.014280658655728834,-0.17818768596932877,0.9607557793545425,-0.5208932961658806,0.08630487768002243,0.01783748641953532,1.1224202301627209,0.0012165076776022923,-0.17413245684987552,0.9575713467899385
583475.705954283,PLAYBACK,2.1750626959837973,6.269593723118305e-05,-0.4758704509040985,0.07346166170748347,0.017070725566490808,1.0478356603341723,-0.013513435034762017,-0.17818768596932877,0.9607557793545425,-0.5224738732071533,0.08672604655514704,0.017869231602266687,1.1258682494105685,0.001871078346440384,-0.17405365012533786,0.957268223911687
583475.714557929,PLAYBACK,2.1811715960502625,0.0011715959990397096,-0.47893934538796223,0.07422888532845029,0.017070725566490808,1.050137331197071,-0.013129823224279497,-0.17780407415884625,0.9599885557335774,-0.5243987254103847,0.08726138535034261,0.017908798136063164,1.1300976739492166,0.002664775649431393,-0.17396606285337568,0.9568884337528245
583475.724265032,PLAYBACK,2.190612495993264,0.000612496049143374,-0.48162462806134165,0.07461249713893281,0.017070725566490808,1.055124284733349,-0.011978987792830159,-0.17780407415884625,0.9599885557335774,-0.5273469421599988,0.08813153685769116,0.017971012817100455,1.1366363196853424,0.0038721542358175097,-0.17384921969123054,0.956283235371312
583475.732569432,PLAYBACK,2.2002488219877705,0.00024882203433662653,-0.48469352254520537,0.07537972075989963,0.017070725566490808,1.0635637445639734,-0.010444540550898301,-0.17742046234836373,0.9596049439230931,-0.5303259753645173,0.08907599598669927,0.018035394405771378,1.1433112132824044,0.005080692081446954,-0.17375144812187399,0.9556415955143149
583475.736503352,PLAYBACK,2.205075612058863,7.561210077255964e-05,-0.4866115815976215,0.07576333257038215,0.017070725566490808,1.0666326390478371,-0.010060928740415781,-0.17742046234836373,0.9592213321126106,-0.5318079640057338,0.08957144907863782,0.018067831225711924,1.1466547191809664,0.0056772253745895306,-0.17371000373708984,0.9553106859707109
583475.74322389,PLAYBACK,2.2100577410310507,5.774106830358505e-05,-0.4881460288395516,0.07614694438086467,0.017070725566490808,1.0693179217212183,-0.009293705119448964,-0.17703685053787943,0.9592213321126106,-0.5333312732428086,0.09009908630970506,0.018101369880996,1.150105846148485,0.006286962489860375,-0.1736721318346723,0.9549622034379868
583475.75045365,PLAYBACK,2.2174908430315554,0.0024908430641517043,-0.4915985351338996,0.07691416800183148,0.017070725566490808,1.072386816205082,-0.008910093308966444,-0.17703685053787943,0.9588377203021281,-0.5355932221935042,0.09091791779100875,0.018151405743772095,1.1552547827153938,0.007185685927600886,-0.17362428232847968,0.9544287594994463
583475.75941726,PLAYBACK,2.225110823987052,0.00011082401033490896,-0.49428381780727904,0.07768139162279653,0.017070725566490808,1.0785246051728095,-0.008142869688001403,-0.1766532387273969,0.9580704966811613,-0.5379004973768314,0.09179800926996028,0.01820255075499209,1.1605331867386985,0.008093905698144806,-0.1735851044333386,0.9538644376381106
583475.764564047,PLAYBACK,2.2350576389580965,5.763897206634283e-05,-0.49773632410162527,0.07921583886472838,0.016687113756008287,1.0850460059510194,-0.007375646067034586,-0.1762696269169144,0.9580704966811613,-0.5408981536152665,0.09301138007225918,0.018268842376972058,1.1674234248819797,0.009260632375285412,-0.1735473392499401,0.9530999391494354
583475.772775789,PLAYBACK,2.2400710680522025,7.10680615156889e-05,-0.49927077134355713,0.0795994506752109,0.016687113756008287,1.0877312886243988,-0.006608422446069545,-0.1762696269169144,0.9580704966811613,-0.5424042623697667,0.09365163664040058,0.01830197057469737,1.1708962773069245,0.00984107989093771,-0.17353340541895615,0.9527021768990201
583475.776842243,PLAYBACK,2.2450616440037265,6.164400838315487e-05,-0.5004216067750065,0.08036667429617772,0.016687113756008287,1.0931018539711612,-0.006224810635587025,-0.17588601510643187,0.9580704966811613,-0.543901075606962,0.09430864769048224,0.018334716794819784,1.1743533052878132,0.010414109815070925,-0.17352255723445917,0.9522976705440361
583475.786377405,PLAYBACK,2.2541757239960134,0.004175723996013403,-0.5034905012588702,0.08113389791714276,0.017070725566490808,1.0992396429388887,-0.00430675158317087,-0.17588601510643187,0.9576868848706788,-0.5466302066603722,0.09556058017579731,0.018393839283585532,1.1806667366282302,0.011449091476699527,-0.17350961801813425,0.9515362340174854
583475.795064022,PLAYBACK,2.261837246012874,0.0018372460035607219,-0.5061757839322514,0.0822847333485921,0.016687113756008287,1.1046102082856493,-0.00392313977268835,-0.17588601510643187,0.9569196612497137,-0.5489219704326287,0.09666661351767453,0.01844277852738306,1.1859739188272513,0.012308517516172611,-0.1735045915582063,0.9508727183811736
583475.803844188,PLAYBACK,2.2709776170086116,0.0009776169899851084,-0.5088610666056308,0.08343556878004144,0.016687113756008287,1.1103643854428942,-0.0027723043412390125,-0.17588601510643187,0.9565360494392312,-0.5516559385469836,0.09805237584671236,0.018500168972323008,1.192305137720672,0.013322490478964702,-0.17350416069304592,0.9500521682865795
583475.808244947,PLAYBACK,2.275201565003954,0.00020156498067080975,-0.5103955138475627,0.08420279240100648,0.016687113756008287,1.1103643854428942,-0.0020050807202739718,-0.17550240329594757,0.9557688258182644,-0.5529200132437703,0.09871769815424153,0.018526305845987332,1.1952304910875078,0.013787285388328718,-0.1735055911368716,0.9496620905685919
583475.817069099,PLAYBACK,2.2838207919849083,0.0038207919569686055,-0.5130807965209438,0.08573723964293833,0.016687113756008287,1.1165021744106198,-0.000470633478342114,-0.17511879148546505,0.9553852140077819,-0.555501717466351,0.10012514276312584,0.018578858166442527,1.2011974250968425,0.014728994709047339,-0.1735108710406137,0.9488444695116323
583475.825946713,PLAYBACK,2.2900962029816583,9.620294440537691e-05,-0.5142316319523932,0.08612085145342085,0.016687113756008287,1.1218727397573822,0.00029659014262470307,-0.17511879148546505,0.9550016021972993,-0.557383466020409,0.10119221680450732,0.018616443014324975,1.205537290408542,0.015409279086408666,-0.17351611024520194,0.948230930179103
583475.830231098,PLAYBACK,2.300061122048646,6.11220020800829e-05,-0.5173005264362569,0.08727168688487019,0.017070725566490808,1.1276269169146254,0.0014474255740722641,-0.17473517967498253,0.954617990386815,-0.5603736055430458,0.10295926502370155,0.018674915924055447,1.2124112624399797,0.01648046492871552,-0.17352553782661592,0.9472259500643881
583475.838949977,PLAYBACK,2.3074628630420193,0.002462862990796566,-0.5199858091096363,0.08880613412680205,0.016687113756008287,1.1337647058823528,0.002981872816004122,-0.17473517967498253,0.954617990386815,-0.5625934765829013,0.1043275858134483,0.018717365398236378,1.2174925656868492,0.01726862247505642,-0.17353248000513294,0.9464565122561199
583475.843201258,PLAYBACK,2.3100564799970016,5.647994112223387e-05,-0.5215202563515682,0.08957335774776887,0.016687113756008287,1.1337647058823528,0.002981872816004122,-0.17473517967498253,0.9542343785763325,-0.5633704899395635,0.10481783085177127,0.018732040678855734,1.2192660481334932,0.017543201915163054,-0.173534749589388,0.9461826009035247
583475.852581742,PLAYBACK,2.319119362044148,0.004119362100027502,-0.5242055390249494,0.09110780498970072,0.016687113756008287,1.1395188830395977,0.003749096436970939,-0.17473517967498253,0.9534671549553675,-0.5660798185656789,0.10657265507213708,0.01878252927990513,1.225426687317747,0.01849591764008373,-0.17354148427071628,0.9452094467926184
583475.862263666,PLAYBACK,2.328413228970021,0.003413229016587138,-0.5268908216983306,0.09225864042114829,0.016687113756008287,1.1491091783016714,0.005283543678902797,-0.1743515678645,0.9526999313344007,-0.5688457681387257,0.10843602802119848,0.018833124868567724,1.231674763804059,0.019462071980976138,-0.1735456335946726,0.9441881417362736
583475.871349101,PLAYBACK,2.3350677599664778,6.776000373065472e-05,-0.5284252689402624,0.0930258640421151,0.016687113756008287,1.152178072785535,0.006434379110350358,-0.1743515678645,0.9519327077134356,-0.5708172337629466,0.10980765509096609,0.018868737397726678,1.2360999521873555,0.02014756303013106,-0.17354636976364415,0.9434440361301022
583475.87532911,PLAYBACK,2.34505836898461,5.836901254951954e-05,-0.5314941634241261,0.09456031128404696,0.017070725566490808,1.1590830853742276,0.007585214541799695,-0.17396795605401572,0.9515490959029513,-0.573762617084829,0.11192264650931179,0.018921519140911922,1.2426636700583729,0.02116827929973443,-0.17354332680097184,0.9423091932937893
583475.883946633,PLAYBACK,2.35076806996949,0.0007680699927732348,-0.5341794460975056,0.09609475852597882,0.017070725566490808,1.1617683680476087,0.008352438162766512,-0.17396795605401572,0.9515490959029513,-0.5754383628725361,0.11316023350851741,0.018951473562238898,1.2463711061995724,0.021747903216529727,-0.1735391343439709,0.9416521740515837
583475.888739137,PLAYBACK,2.355615118984133,0.0006151190027594566,-0.5353302815289549,0.09647837033646134,0.017070725566490808,1.1648372625314725,0.008736049973249033,-0.17396795605401572,0.9511654840924688,-0.5768567778528422,0.11422669312240237,0.018976875566818596,1.2494932905402971,0.022238290247869823,-0.1735340963724756,0.9410901940569435
583475.897824462,PLAYBACK,2.3653267200570554,0.005326720071025193,-0.5380155642023361,0.09762920576791068,0.017070725566490808,1.1736603341725793,0.00988688540469837,-0.17396795605401572,0.9503982604715038,-0.5796876862825351,0.11640550093843863,0.019027980241286525,1.25567945926578,0.02321751508970166,-0.17351979939828588,0.9399542708824379
583475.906157928,PLAYBACK,2.3700664120260626,6.641203071922064e-05,-0.5391663996337837,0.0980128175783932,0.017070725566490808,1.176729228656443,0.011037720836145931,-0.17396795605401572,0.9500146486610195,-0.5810641034385406,0.11748835498962719,0.019053163251641952,1.2586649183510394,0.02369440043041511,-0.17351076625175146,0.9393959337251596
583475.910139219,PLAYBACK,2.380063915043138,6.391503848135471e-05,-0.5414680704966823,0.09916365300984253,0.017070725566490808,1.1820997940032036,0.012572168078077789,-0.17396795605401572,0.9484802014190876,-0.5839565242676202,0.11981185088055232,0.019107215994264088,1.264889777795161,0.024699699902860705,-0.1734873379332566,0.9382122050358587
583475.919258118,PLAYBACK,2.385945035959594,0.000945035950280726,-0.5437697413595792,0.1003144884412901,0.017070725566490808,1.1851686884870674,0.012572168078077789,-0.17396795605401572,0.9480965896086051,-0.5856512006364998,0.12120220748671537,0.019139843501825942,1.2685057144252847,0.025291538138325142,-0.1734708597212135,0.9375134615946833
583475.92824337,PLAYBACK,2.3951211660169065,0.00012116599828004837,-0.5460714122224779,0.10108171206225691,0.017070725566490808,1.1905392538338297,0.014106615320009647,-0.1735843442435332,0.9473293659876401,-0.5882852732355194,0.12340361486223658,0.019192439884333553,1.2740796559115755,0.02621715175798042,-0.1734413801973529,0.9364223390349564
583475.932550499,PLAYBACK,2.4000713829882443,7.138296496123075e-05,-0.5472222476539255,0.10184893568322195,0.017070725566490808,1.1962934309910729,0.014873838940976464,-0.17396795605401572,0.9469457541771575,-0.5897011177704448,0.12460626286641896,0.01922186724928954,1.2770522545479959,0.02671819922986484,-0.17342368968543384,0.9358343834934387
583475.941151891,PLAYBACK,2.40769681497477,0.0026968149468302727,-0.5499075303273067,0.10261615930418877,0.017070725566490808,1.198978713664454,0.015641062561941504,-0.1735843442435332,0.9461785305561907,-0.5918749138192597,0.12647767567122142,0.019268956609084703,1.2815842066490573,0.02749326200885925,-0.1733942068395074,0.9349313269328932
583475.950329474,PLAYBACK,2.418067567050457,0.0030675670132040977,-0.5522092011902053,0.10376699473563633,0.017070725566490808,1.2081853971160452,0.017175509803873362,-0.1735843442435332,0.9457949187457082,-0.5948168501506218,0.12905553055879324,0.01933711152085696,1.2876560847225944,0.02855548328491266,-0.1733503026039714,0.9337119542418907
583475.95941021,PLAYBACK,2.425059598055668,5.959800910204649e-05,-0.5548944838635848,0.10453421835660315,0.017070725566490808,1.211254291599909,0.017559121614355883,-0.1735843442435332,0.9450276951247414,-0.5967904860347985,0.13081188688629844,0.019386255594896238,1.2916901622147332,0.02927819968771063,-0.173318659249616,0.9328982234794284
583475.968057881,PLAYBACK,2.4350816380465403,8.163799066096544e-05,-0.557579766536966,0.10645227740901753,0.017070725566490808,1.2173920805676364,0.01870995704580522,-0.17320073243305067,0.9438768596932938,-0.5996047484647747,0.13335042848726483,0.01946203657111176,1.2973886827344916,0.030325268024288442,-0.17327118889710946,0.9317477967833153
583475.97266078,PLAYBACK,2.440065650967881,6.565102376043797e-05,-0.5591142137788978,0.10721950102998434,0.017070725566490808,1.223529869535362,0.01909356885628774,-0.17320073243305067,0.9434932478828095,-0.6009975154877645,0.1346203689854875,0.019502385358599033,1.3001858661389933,0.030851555091266792,-0.1732469463797011,0.9311841610083506
583475.976881562,PLAYBACK,2.4450572379864752,5.723803769797087e-05,-0.5602650492103471,0.10798672465094938,0.017070725566490808,1.2265987640192257,0.019860792477254557,-0.17320073243305067,0.943109636072327,-0.602387640318703,0.13589615786251888,0.019544771908143365,1.3029628556383444,0.03138275977989535,-0.17322243286927186,0.9306262188385319
583475.986135652,PLAYBACK,2.4520635979715735,0.0020635980181396008,-0.5629503318837266,0.10952117189288124,0.017070725566490808,1.229284046692607,0.020244404287737078,-0.17320073243305067,0.9427260242618445,-0.6043304382450233,0.1376919115490926,0.01960791065244404,1.306819469357662,0.03213590322027674,-0.17318791593384492,0.9298554309532937
583475.995065738,PLAYBACK,2.462077841977589,0.0020778420148417354,-0.5652520027466252,0.1110556191348131,0.016687113756008287,1.2373398947127487,0.020628016098219598,-0.17281712062256815,0.942342412451362,-0.6070890499007944,0.14026441806933207,0.019706389980347794,1.3122481048956758,0.033229124046080236,-0.17313914896744884,0.9287822002928562
583476.003859351,PLAYBACK,2.472109350026585,0.002109350054524839,-0.568320897230489,0.11297367818722748,0.016687113756008287,1.2434776836804762,0.022162463340151456,-0.17281712062256815,0.9415751888303951,-0.6098290106685188,0.14284170151217263,0.019816052566528495,1.3175874318518628,0.03434608677535132,-0.17309216738273592,0.9277455683517172
583476.008565638,PLAYBACK,2.475062879966572,6.287998985499144e-05,-0.5694717326619365,0.1137409018081943,0.016687113756008287,1.2434776836804762,0.022162463340151456,-0.17281712062256815,0.9411915770199126,-0.6106309226187348,0.1435994913816266,0.01985066202523622,1.3191406510974633,0.034679447664912336,-0.17307889272537216,0.9274484642104123
583476.017279818,PLAYBACK,2.483796557993628,0.003796558012254536,-0.5717734035248352,0.11565896086060867,0.016687113756008287,1.2488482490272368,0.022929686961118273,-0.17281712062256815,0.9400407415884633,-0.6129884823292231,0.1458347267670667,0.019959769559928318,1.323683506590786,0.03567797475933903,-0.17304164429218538,0.9265933739416196
583476.026458643,PLAYBACK,2.49007244000677,7.244001608341932e-05,-0.5729242389562845,0.11642618448157371,0.016687113756008287,1.2542188143739992,0.024080522392565834,-0.17281712062256815,0.9396571297779808,-0.614669148595824,0.14743356369721697,0.020044884265162186,1.3269017406197021,0.03640786224923561,-0.17301713198597815,0.9260019420116367
583476.035494232,PLAYBACK,2.5002186179626733,0.00021861796267330647,-0.575609521629664,0.11872785534447239,0.016687113756008287,1.2592057679102773,0.02446413420305013,-0.17243350881208386,0.9381226825360489,-0.6173604110050833,0.14999970762763956,0.02019556719797108,1.3320229638624712,0.03761107438742797,-0.17298249503856827,0.9250897149987696
583476.039513155,PLAYBACK,2.5100737269967794,7.372698746621609e-05,-0.5790620279240102,0.12064591439688677,0.017070725566490808,1.2641927214465554,0.025614969634497692,-0.17243350881208386,0.9377390707255664,-0.6199410376792756,0.1524629424276441,0.020358962186540142,1.3369006877307286,0.03880871036564577,-0.17295599188768573,0.9242592256240876
583476.048721808,PLAYBACK,2.5154482619836926,0.0004482619697228074,-0.5802128633554595,0.12294758525978366,0.016687113756008287,1.2664943923094523,0.02599858144498199,-0.17281712062256815,0.9373554589150839,-0.6213332807398018,0.1537911699488136,0.020455794819586273,1.3395206910505912,0.039474383623571065,-0.17294498790329485,0.9238306527026513
583476.052774376,PLAYBACK,2.5200609889579937,6.098893936723471e-05,-0.5813636987869089,0.124098420691233,0.016687113756008287,1.269563286793316,0.02676580506594703,-0.17281712062256815,0.9369718471045996,-0.6225190914705179,0.15492130594758366,0.020543544610397618,1.341746771282285,0.04005294678205948,-0.17293769088282057,0.9234769932749605
583476.061842307,PLAYBACK,2.5297237060731277,0.004723706049844623,-0.5840489814602883,0.12640009155413168,0.016687113756008287,1.2772355230029753,0.027533028686913846,-0.17281712062256815,0.9362046234836345,-0.624974058660541,0.15725534408774927,0.020742159226219525,1.3463424625389449,0.04128703650724925,-0.17292940956709335,0.9227796337824883
583476.070462746,PLAYBACK,2.5377381179714575,0.002738117938861251,-0.5867342641336695,0.12870176241702858,0.017070725566490808,1.2822224765392534,0.028300252307878887,-0.17243350881208386,0.9350537880521852,-0.6269781320221159,0.15915235025336738,0.020923149873097853,1.3500849614789787,0.0423336495679968,-0.17293035266552226,0.9222467251389693
583476.079759578,PLAYBACK,2.5461890300503,0.0011890300083905458,-0.5894195468070507,0.13100343327992547,0.017070725566490808,1.2849077592126346,0.028683864118361407,-0.17243350881208386,0.9346701762417027,-0.6290570839545225,0.16110922586642434,0.021131195299837927,1.353963459203922,0.04346001905110796,-0.17293964384896884,0.9217298081409757
583476.088434162,PLAYBACK,2.5550583690637723,5.836901254951954e-05,-0.5921048294804319,0.13330510414282415,0.016687113756008287,1.2906619363698777,0.029834699549810745,-0.17243350881208386,0.9339029526207359,-0.6311981410741299,0.16310958211600834,0.021369846272516365,1.3579595097826418,0.04466709194232565,-0.17295908770798576,0.92123645714442
583476.092353543,PLAYBACK,2.560070766019635,7.0765963755548e-05,-0.5936392767223619,0.1344559395742735,0.017070725566490808,1.2933472190432589,0.030218311360293265,-0.17204989700160134,0.9339029526207359,-0.6323884609127366,0.16421381780167751,0.0215144380890252,1.3601843974810492,0.045360368083070854,-0.1729746237160727,0.9209793440601047
583476.096791624,PLAYBACK,2.5650624140398577,6.241409573704004e-05,-0.5947901121538113,0.13560677500572105,0.017070725566490808,1.298334172579537,0.030985534981260082,-0.17243350881208386,0.9339029526207359,-0.6335590552470177,0.16529350377366728,0.021665724535112493,1.3623763879239013,0.046058595142108215,-0.17299342243846022,0.9207383183573552
583476.105946263,PLAYBACK,2.5726333709899336,0.0026333710411563516,-0.597859006637675,0.1375248340581372,0.017070725566490808,1.3010194552529182,0.03175275860222512,-0.17243350881208386,0.9335193408102533,-0.635305242603867,0.1668912185426884,0.02190963567804499,1.3656567453443396,0.04713218582213906,-0.17302833036185555,0.9204000365307103
583476.115414636,PLAYBACK,2.583244526060298,0.003244526102207601,-0.5997770656900894,0.13944289311055158,0.017070725566490808,1.3075408560311281,0.03328720584415698,-0.17243350881208386,0.9327521171892883,-0.6376907278322628,0.16904548106449513,0.022282315365816343,1.370167743645891,0.048665550911561634,-0.17309024211241045,0.9199767430074955
583476.124791142,PLAYBACK,2.5913921740138903,0.0013921740464866161,-0.6024623483634706,0.14136095216296596,0.017454337376973328,1.3125278095674062,0.03443804127560632,-0.17243350881208386,0.931601281757839,-0.6394715994398843,0.17062927156752922,0.02259427358566771,1.3735668455597467,0.04986487737493125,-0.17314794727305854,0.9196869787793133
583476.133194452,PLAYBACK,2.6000629200134426,6.29200367256999e-05,-0.6047640192263675,0.14327901121538034,0.017070725566490808,1.3152130922407874,0.03482165308608884,-0.17243350881208386,0.9304504463263896,-0.6413171382858539,0.1722454978978791,0.02295229022728551,1.3771277113306597,0.05116151261462505,-0.17321880657872987,0.9194063022485045
583476.137875561,PLAYBACK,2.6050626629730687,6.266299169510603e-05,-0.6059148546578168,0.14442984664682967,0.017070725566490808,1.3175147631036843,0.03520526489657136,-0.17243350881208386,0.9300668345159071,-0.6423577410231891,0.17314443815358158,0.023171470603182205,1.3791568026442416,0.05191850483382159,-0.17326395994837882,0.9192549119300563
583476.146441516,PLAYBACK,2.6100020799785852,2.0799925550818443e-06,-0.6070656900892661,0.145580682078279,0.017454337376973328,1.3213508812085148,0.036356100328020696,-0.17243350881208386,0.9292996108949403,-0.6433687240398025,0.17400857571831052,0.023397491682554783,1.3811455685265819,0.052672953278248995,-0.17331155123235936,0.9191111670427707
583476.151109049,PLAYBACK,2.6200643270276487,6.432703230530024e-05,-0.609367360952163,0.14711512932021087,0.017454337376973328,1.3259542229343086,0.037506935759470034,-0.17243350881208386,0.9285323872739752,-0.6453754044497884,0.17569470447115548,0.023888185598648134,1.385153519188566,0.05422976103395608,-0.1734172680041298,0.9188301768896926
583476.159861853,PLAYBACK,2.626380747067742,0.0013807470677420497,-0.6112854200045792,0.14941680018310777,0.017454337376973328,1.3274886701762405,0.037890547569952554,-0.17243350881208386,0.9281487754634927,-0.646598580038757,0.1767019472478355,0.024217718387942903,1.3876435570733001,0.05522033771607509,-0.173489296486667,0.918657188284896
583476.169228009,PLAYBACK,2.637216895003803,0.0022168949944898486,-0.6135870908674761,0.15171847104600467,0.017454337376973328,1.3340100709544505,0.03980860662236693,-0.17243350881208386,0.9269979400320434,-0.6486305616855454,0.17833733815880445,0.024823276132495135,1.391877311305352,0.056942603168403404,-0.17362212015761724,0.9183549704898678
583476.1779272,PLAYBACK,2.64507178904023,7.17890216037631e-05,-0.6155051499198905,0.15402014190890334,0.017454337376973328,1.3382298008697635,0.04019221843284945,-0.17243350881208386,0.9262307164110783,-0.650050066115493,0.17944925888932176,0.02529491797437113,1.3949216904636519,0.058207973643724195,-0.1737249186363719,0.918122713509801
583476.181815381,PLAYBACK,2.6500068369787186,6.836955435574055e-06,-0.6170395971618223,0.15517097734035268,0.017454337376973328,1.3401478599221779,0.04057583024333375,-0.17243350881208386,0.925847104600594,-0.6509184091923057,0.18011607264494156,0.0256055360728151,1.3968256882743004,0.05900961743177529,-0.17379193873593576,0.9179673871136025
583476.191100591,PLAYBACK,2.6576560260728,0.002656026044860482,-0.6189576562142367,0.15747264820324958,0.017454337376973328,1.342065918974594,0.04211027748526561,-0.17204989700160134,0.9254634927901115,-0.6522275828516662,0.18110094278567518,0.02610887592466623,1.3997653235335525,0.06026112388070234,-0.1738989793215616,0.9177072723329835
583476.20005848,PLAYBACK,2.6665449519641697,0.0015449519269168377,-0.6212593270771354,0.15939070725566395,0.017454337376973328,1.3466692607003878,0.04326111291671317,-0.17204989700160134,0.9246962691691465,-0.6536911158217696,0.1821708422142592,0.026726910729782522,1.4031654741496673,0.0617268269021074,-0.17402721431878054,0.9173674246444178
583476.208766939,PLAYBACK,2.675876941997558,0.0008769419509917498,-0.6239446097505148,0.16169237811856263,0.017837949187457625,1.3531906614785978,0.044411948348162505,-0.17243350881208386,0.9239290455481797,-0.6551580219267117,0.18320767082177106,0.02741283446752295,1.4067170638230728,0.06327468484949943,-0.1741647940007278,0.9169564349444849
583476.213208386,PLAYBACK,2.6800559740513563,5.597400013357401e-05,-0.6250954451819641,0.1628432135500102,0.017837949187457625,1.3531906614785978,0.04517917196912932,-0.17243350881208386,0.9235454337376972,-0.6557910225948435,0.1836433708528185,0.02773172739261983,1.4083011112007622,0.06396951216629607,-0.1742269277571783,0.916751513101532
583476.222712148,PLAYBACK,2.685074142063968,7.414200808852911e-05,-0.6262462806134135,0.163610437170977,0.018221560997940145,1.3554923323414965,0.04594639559009436,-0.17243350881208386,0.9231618219272146,-0.6565310708228086,0.18414332766667604,0.028123689918178412,1.4101974007673415,0.06480422339064157,-0.17430164706224724,0.9164866303114491
583476.231226753,PLAYBACK,2.6950664749601856,6.647501140832901e-05,-0.6289315632867947,0.16552849622339139,0.018605172808422665,1.361630121309224,0.04824806645299304,-0.17243350881208386,0.9227782101167303,-0.6579380465005423,0.1850643587954494,0.02893124005909369,1.413951682285086,0.06646403535331741,-0.1744497213751408,0.9158930312817259
583476.236247196,PLAYBACK,2.7050703989807516,7.03990226611495e-05,-0.630849622339209,0.16667933165484072,0.019372396429389482,1.3650826276035701,0.049782513694924896,-0.17243350881208386,0.9220109864957653,-0.6592561175815302,0.18588980833571986,0.029771185014761746,1.4176760550948657,0.06811690857088346,-0.17459526523629074,0.9152035860909691
583476.245402525,PLAYBACK,2.712186280055903,0.0021862800931558013,-0.6327676813916234,0.16821377889677258,0.019756008239872003,1.3685351338979164,0.05054973731589171,-0.17243350881208386,0.9220109864957653,-0.6601382365264207,0.18642062743226842,0.030384478833801534,1.4203009296705325,0.06928386254956817,-0.17469610864492818,0.9146520125634092
583476.25421299,PLAYBACK,2.720845894073136,0.0008458941010758281,-0.6346857404440378,0.16936461432822014,0.020523231860837043,1.3719876401922626,0.051700572747339274,-0.17281712062256815,0.920860151064316,-0.6611503129403141,0.18700694161721734,0.03114499937595638,1.4234651410063721,0.07069152733019714,-0.17481491555247317,0.9139102687307291
583476.26312413,PLAYBACK,2.7303238050080836,0.0003238050267100334,-0.6366037994964522,0.17051544975966948,0.02090684367132134,1.3754401464866106,0.05361863179975543,-0.17281712062256815,0.9197093156328666,-0.6621829557543017,0.1875786659379415,0.03199111606125737,1.426888617175983,0.07221474413773463,-0.17493919752144194,0.9130088348239155
583476.26735448,PLAYBACK,2.7350642890669405,6.428908091038465e-05,-0.637371023117419,0.1712826733806363,0.02129045548180386,1.3769745937285425,0.05400224361023795,-0.17281712062256815,0.9197093156328666,-0.6626711238653242,0.18783912722007365,0.03241839259062322,1.428585260573492,0.07296958150630792,-0.17499889878857317,0.912522865539941
583476.276564586,PLAYBACK,2.7444486200110987,0.004448620020411909,-0.6389054703593509,0.17204989700160134,0.0220576791027689,1.3800434882124062,0.05592030266265233,-0.17281712062256815,0.9189420920119016,-0.6635846134013441,0.18830868974094403,0.03327003751134898,1.4319143270982637,0.07445071035899618,-0.17511201267665985,0.911492307786595
583476.285483229,PLAYBACK,2.7522366349585354,0.002236634958535433,-0.6404399176012827,0.17281712062256815,0.022441290913253198,1.3819615472648206,0.057838361715066705,-0.17281712062256815,0.9181748683909365,-0.6642922662002629,0.18865569422073503,0.033980975408285916,1.4346492779249111,0.07566799744974988,-0.17520068993957524,0.9105686064362897
583476.294261533,PLAYBACK,2.76150401099585,0.0015040109865367413,-0.6415907530327303,0.1735843442435332,0.02282490272373572,1.3869485008010987,0.05937280895699856,-0.17281712062256815,0.9174076447699697,-0.6650790531172343,0.1890233241658015,0.03482996823713457,1.4378748895734397,0.07710527435155903,-0.1753001122534024,0.9093896025147157
583476.303241144,PLAYBACK,2.7702275790506974,0.00022757903207093477,-0.6431252002746621,0.1743515678645,0.02282490272373572,1.3892501716639973,0.06090725619893042,-0.17281712062256815,0.9166404211490047,-0.6657689347376536,0.18932903042611146,0.03563074509766282,1.440887258322949,0.07845043128707821,-0.1753878003755518,0.908201418818385
583476.307385188,PLAYBACK,2.775311544071883,0.0003115440485998988,-0.643892423895629,0.17511879148546505,0.02282490272373572,1.3927026779583436,0.06167447981989724,-0.17281712062256815,0.9162568093385204,-0.666149891003208,0.1894908401425941,0.03609771248225201,1.4426341198243533,0.07923238126788265,-0.17543635384256384,0.9074742162101315
583476.316798274,PLAYBACK,2.7800703829852864,7.038295734673738e-05,-0.644659647516594,0.17550240329594757,0.02320851453421824,1.394620737010758,0.0632089270618291,-0.17320073243305067,0.9158731975280379,-0.6664932155894646,0.18963222502817254,0.03653482162031449,1.4442645645562466,0.07996383782577797,-0.17548015657506416,0.9067704613352016
583476.320776049,PLAYBACK,2.790060139959678,6.013992242515087e-05,-0.6458104829480433,0.17588601510643187,0.02359212634470076,1.3980732433051042,0.06435976249327666,-0.17320073243305067,0.9151059739070728,-0.6671747014941765,0.1898998668165951,0.03745189494208256,1.4476760561010902,0.08150065300080302,-0.1755671331103284,0.9052209293044953
583476.329741072,PLAYBACK,2.7982888650149107,0.003288864973001182,-0.6473449301899752,0.1766532387273969,0.023975738155185056,1.4019093614099347,0.065510597924726,-0.17320073243305067,0.914338750286106,-0.667698868449512,0.19009338029732387,0.038206248484689356,1.4504789666337357,0.08277130096077442,-0.1756339616145591,0.9038713458544669
583476.338966026,PLAYBACK,2.8051089950604364,0.00010899500921368599,-0.6484957656214245,0.17703685053787943,0.024359349965667576,1.4034438086518666,0.06627782154569281,-0.17320073243305067,0.9139551384756235,-0.6681096954883603,0.19023714206298098,0.038830382587357576,1.4528000711496836,0.0838301844494046,-0.1756862382589806,0.902702791771186
583476.342544791,PLAYBACK,2.8100711960578337,7.11960019543767e-05,-0.6492629892423896,0.17742046234836373,0.024359349965667576,1.405361867704281,0.06666143335617533,-0.17320073243305067,0.913571526665141,-0.6683959121040225,0.1903330150065671,0.03928371137117114,1.4544889627782052,0.08460499538998,-0.1757225841822177,0.9018241282675477
583476.351826243,PLAYBACK,2.8183425420429558,0.0033425420988351107,-0.6504138246738389,0.17818768596932877,0.024742961776150096,1.4088143739986272,0.06781226878762467,-0.17320073243305067,0.9128043030441741,-0.6688505217931703,0.19047775491910035,0.040037595873634604,1.4573064743965378,0.0859067627468869,-0.17578015811714615,0.9003062867017533
583476.360979159,PLAYBACK,2.8276872070273384,0.002687207073904574,-0.6515646601052882,0.1785712977798113,0.025126573586632617,1.4141849393453878,0.06896310421907223,-0.17320073243305067,0.9120370794232091,-0.6693322913453386,0.19062056104535874,0.040886158153302245,1.4604965125181848,0.08739626047882215,-0.17584092926704972,0.8985114553429564
583476.370276562,PLAYBACK,2.836873196065426,0.0018731961026787758,-0.6530991073472201,0.1793385214007781,0.025893797207599434,1.4180210574502183,0.07011393965052157,-0.17320073243305067,0.9108862439917598,-0.6697751343543051,0.19074167582238494,0.041716413520837284,1.4636433486048097,0.08888396485305156,-0.17589655056744588,0.8966643273661369
583476.379506756,PLAYBACK,2.845961346058175,0.000961346086114645,-0.654633554589152,0.18010574502174315,0.026277409018081954,1.4195555046921502,0.0712647750819709,-0.17320073243305067,0.9097354085603104,-0.6701851986127363,0.19084464269171025,0.042533352170262044,1.4667708561878614,0.09038272028128039,-0.1759478544803853,0.894756071297567
583476.388607721,PLAYBACK,2.855060518020764,6.0518039390444756e-05,-0.6561680018310838,0.18087296864270996,0.027044632639046995,1.423391622796979,0.07279922232390276,-0.17320073243305067,0.9089681849393454,-0.6705694954593248,0.19093265737807205,0.043346134340893884,1.4699194416731833,0.09191392934959379,-0.17599578793333848,0.8927649290296416
583476.392716187,PLAYBACK,2.8600673240143806,6.732402835041285e-05,-0.6569352254520489,0.18125658045319248,0.02742824444953129,1.4253096818493933,0.07318283413438528,-0.1735843442435332,0.9085845731288629,-0.6707703004305506,0.1909752220502166,0.04379091231618589,1.4716603805724937,0.09277091419796113,-0.17602079618642988,0.8916348976585748
583476.40131308,PLAYBACK,2.8650987980654463,9.879807475954294e-05,-0.6577024490730157,0.181640192263675,0.028195468070496332,1.4287621881437413,0.07471728137631714,-0.1735843442435332,0.9082009613183786,-0.6709647768784074,0.19101411380982475,0.04423597072840083,1.4734165181253,0.09364324393343557,-0.17604500630368466,0.8904746782186822
583476.405379275,PLAYBACK,2.8750582369975746,5.8236997574567795e-05,-0.6592368963149475,0.18240741588464182,0.028579079880978853,1.4322146944380876,0.07586811680776648,-0.1735843442435332,0.9062829022659642,-0.6713289532234463,0.19108051644711593,0.04511079078508043,1.47691396901809,0.0954052759525764,-0.1760903742764485,0.8881052861025618
583476.414761261,PLAYBACK,2.8814619350014254,0.0014619349967688322,-0.6603877317463951,0.18317463950560686,0.02972991531242819,1.4337491416800194,0.076251728618249,-0.17320073243305067,0.9058992904554817,-0.6715491276745907,0.19111641836906826,0.045668595122346306,1.479178954924874,0.09656483330950463,-0.17611787635957044,0.8865306793120771
583476.423327255,PLAYBACK,2.8906382060376927,0.000638206023722887,-0.6615385671778444,0.18355825131608938,0.03011352712291071,1.438352483405815,0.07740256404969834,-0.17320073243305067,0.9043648432135498,-0.6718464517305816,0.1911595572948397,0.04646089483547832,1.4824486728262785,0.09826570098654963,-0.17615520580466035,0.8842044996749363
583476.427814511,PLAYBACK,2.8950615080539137,6.150803528726101e-05,-0.6623057907988095,0.1843254749370562,0.030880750743877527,1.438352483405815,0.0785533994811459,-0.17320073243305067,0.9039812314030673,-0.6719823993456832,0.19117715350912726,0.04683965431799349,1.4840355590977052,0.09910307593218545,-0.1761723876180974,0.8830538003092137
583476.436878375,PLAYBACK,2.9047473500249907,0.004747350001707673,-0.6630730144197763,0.18470908674753872,0.03164797436484257,1.4429558251316088,0.08047145853356028,-0.1735843442435332,0.9024467841611354,-0.6722640150772289,0.19120915770011399,0.047661308995091405,1.4875365045917843,0.10097901832093706,-0.17620832672951117,0.8804672654302507
583476.445422927,PLAYBACK,2.912236458971165,0.0022364589385688305,-0.6638402380407413,0.18547631036850554,0.032798809796291906,1.4444902723735407,0.08085507034404457,-0.1735843442435332,0.9009123369192036,-0.6724671847050295,0.19122836758295966,0.04828885608881247,1.4902694171215873,0.10247157676268204,-0.17623466506810628,0.878404449693763
583476.454978648,PLAYBACK,2.921304319985211,0.0013043199433013797,-0.6646074616617081,0.18624353398947058,0.03356603341725872,1.4475591668574044,0.08238951758597643,-0.1735843442435332,0.8986106660563049,-0.672696901259208,0.19124597811160926,0.04903894280182626,1.493610742053634,0.10433106456954666,-0.17626504763813378,0.87583337723603
583476.463442246,PLAYBACK,2.9301347139989957,0.00013471394777297974,-0.6653746852826732,0.1870107576104374,0.034716868848706284,1.450628061341268,0.08392396482790829,-0.1735843442435332,0.897076218814373,-0.6729041486980861,0.1912579568613366,0.04975838806959048,1.4969004685927154,0.10620006599362655,-0.17629322361700045,0.8732525208635106
583476.467820511,PLAYBACK,2.9350607950473204,6.0794991441071033e-05,-0.6657582970931575,0.1870107576104374,0.0354840924696731,1.4521625085832,0.08469118844887333,-0.1735843442435332,0.896308995193408,-0.6730129534711455,0.1912627057243508,0.050154717276688916,1.498751695133765,0.10726881431122312,-0.17630840029118036,0.871779874127036
583476.471973673,PLAYBACK,2.9400959870545194,9.598711039870977e-05,-0.66614190890364,0.18739436942091992,0.03586770428015562,1.4548477912565811,0.08545841206984015,-0.17396795605401572,0.8955417715724412,-0.6731192658575426,0.19126629324425212,0.05055590786492919,1.5006560792466628,0.10838119845575972,-0.17632354788812776,0.8702504622043016
583476.481882194,PLAYBACK,2.9485687509877607,0.0035687510389834642,-0.6665255207141225,0.18816159304188496,0.03663492790112066,1.4583002975509274,0.08737647112225452,-0.17396795605401572,0.8940073243305093,-0.6732872507886921,0.19126979217010195,0.051221524640183876,1.5038885483186704,0.1102996944338693,-0.1763482740484191,0.8676226883713138
583476.490367403,PLAYBACK,2.960112862987444,0.005112863029353321,-0.6665255207141225,0.18854520485236748,0.03740215152208748,1.4609855802243086,0.08967814198515142,-0.1743515678645,0.8917056534676124,-0.6734947755504784,0.19127035782119736,0.05210749349042093,1.5083476323352683,0.1130094370539626,-0.17638058221067324,0.863937385407154
583476.499704433,PLAYBACK,2.9662126960465685,0.0012126960791647434,-0.666909132524605,0.1893124284733343,0.038552986953536816,1.4632872510872055,0.09082897741660076,-0.17396795605401572,0.8905548180361631,-0.6735947654873529,0.19126912719083788,0.05256478521397437,1.5107270824022445,0.11448551992785697,-0.1763970666318293,0.8619448440453218
583476.508740823,PLAYBACK,2.975068488973193,6.848899647593498e-05,-0.6672927443350893,0.1896960402838168,0.03932021057450186,1.4667397573815517,0.09274703646901514,-0.1743515678645,0.8890203707942312,-0.6737283529293512,0.19126596376167743,0.05321366238481503,1.5142050023984746,0.1166806288881521,-0.17642031383346807,0.8590033607667018
583476.513081767,PLAYBACK,2.980395913007669,0.0003959130262956023,-0.6672927443350893,0.1896960402838168,0.03970382238498438,1.4698086518654154,0.09351426008998195,-0.1743515678645,0.8882531471732662,-0.6738022516816096,0.19126348339403282,0.05359464066982241,1.5163074084557115,0.1180290730892804,-0.1764339114265612,0.8572100437746929
583476.522255171,PLAYBACK,2.9850776430685073,7.764308247715235e-05,-0.6672927443350893,0.19007965209429933,0.040087434195468674,1.4713430991073473,0.09466509552142952,-0.17396795605401572,0.8871023117418169,-0.6738632780838494,0.19126105889746084,0.05392318048775781,1.518159234816141,0.11923008329362626,-0.17644561818182664,0.8556219125001507
583476.52573175,PLAYBACK,2.9950572609668598,5.726097151637077e-05,-0.6672927443350893,0.19007965209429933,0.041238269626916235,1.474411993591211,0.09735037819481071,-0.1743515678645,0.885567864499885,-0.6739815187912036,0.1912554704340818,0.05460266349363868,1.522112993007745,0.12183533424044249,-0.17646979614203845,0.8522074715848161
583476.534868032,PLAYBACK,3.002039483981207,0.002039483981207013,-0.6672927443350893,0.19046326390478363,0.04200549324788305,1.4759464408331429,0.09811760181577575,-0.1743515678645,0.8836498054474706,-0.6740550669359506,0.19125149189810275,0.05506038739300911,1.5248792829632007,0.1236906894868637,-0.17648606615229,0.849802114292925
583476.543873373,PLAYBACK,3.0124571659835055,0.0024571659741923213,-0.6672927443350893,0.19084687571526615,0.04277271686884809,1.4805497825589384,0.10157010811012376,-0.1743515678645,0.8809645227740894,-0.6741516959052354,0.19124590299526417,0.05571557251525474,1.5290002641688358,0.1265028297142432,-0.1765093240391593,0.8461991924676245
583476.548124344,PLAYBACK,3.0150619649793953,6.196496542543173e-05,-0.666909132524605,0.19084687571526615,0.04277271686884809,1.4805497825589384,0.10157010811012376,-0.1743515678645,0.8809645227740894,-0.6741735465498998,0.19124462291633426,0.05587421243441195,1.5300290822087121,0.12721365017576444,-0.17651494625372355,0.8452967914032563
583476.557777743,PLAYBACK,3.023824117030017,0.0038241170113906264,-0.666909132524605,0.19123048752574867,0.04353994048981491,1.4840022888532847,0.10310455535205562,-0.17473517967498253,0.8778956282902257,-0.6742407396467791,0.19124080231192864,0.05639295064775503,1.5334854553040147,0.12962649172720256,-0.1765332860615245,0.8422589702041672
583476.566249315,PLAYBACK,3.0330229100072756,0.0030229099793359637,-0.666909132524605,0.19123048752574867,0.04469077592126247,1.4878384069581152,0.10502261440447,-0.17473517967498253,0.8744431219958795,-0.674301550464876,0.19123777815382983,0.05691359043703688,1.5371088741025987,0.1321955725246465,-0.17655158417888425,0.8390678889700514
583476.575146167,PLAYBACK,3.0400667110225186,6.671098526567221e-05,-0.666909132524605,0.19123048752574867,0.04507438773174677,1.4912909132524614,0.10694067345688438,-0.17473517967498253,0.8717578393224983,-0.6743419726005279,0.19123627431707718,0.057296440551757546,1.5398824914721567,0.13418827289654173,-0.17656492901722717,0.8366239084690104
583476.584255468,PLAYBACK,3.0500595449702814,5.954492371529341e-05,-0.6672927443350893,0.19123048752574867,0.04584161135271181,1.4947434195468077,0.10924234431978128,-0.17473517967498253,0.8686889448386363,-0.6743910454857894,0.1912355090424644,0.05781731635211514,1.5438210335823492,0.1370547658035874,-0.17658286023519745,0.8331564417307499
583476.592845799,PLAYBACK,3.060059832991101,5.9832935221493244e-05,-0.6672927443350893,0.19123048752574867,0.04775967040512619,1.498195925841154,0.11154401518267995,-0.17473517967498253,0.8663872739757377,-0.6744314067547391,0.19123650214186635,0.05831397771985559,1.5477735928594407,0.13997224320041377,-0.17659961840649,0.8296861638511331
583476.597227391,PLAYBACK,3.065331430057995,0.0003314301138743758,-0.6672927443350893,0.19123048752574867,0.04814328221561048,1.5012648203250176,0.11346207423509433,-0.17473517967498253,0.8652364385442883,-0.6744494989360147,0.19123777925663965,0.05856644916005659,1.5498642697545715,0.14153087935437045,-0.17660797139765375,0.8278567147167258
583476.601909803,PLAYBACK,3.070058327051811,5.832710303366184e-05,-0.6672927443350893,0.19123048752574867,0.048526894026093004,1.503182879377432,0.11461290966654367,-0.17473517967498253,0.8637019913023565,-0.6744640001297804,0.19123938335035753,0.0587876054911856,1.551744362726545,0.14294114348898984,-0.1766151784532148,0.8262162172396933
583476.611004616,PLAYBACK,3.077712864964269,0.0027128650108352304,-0.6672927443350893,0.19123048752574867,0.049294117647058044,1.5051009384298464,0.115763745097993,-0.17511879148546505,0.8610167086289771,-0.6744842782183426,0.19124292385478975,0.05913569433627036,1.5548021205638045,0.14525128010482724,-0.1766262841853352,0.8235594861660586
583476.619919773,PLAYBACK,3.086958097992465,0.001958098029717803,-0.6672927443350893,0.19123048752574867,0.05006134126802486,1.5100878919661245,0.11768180415040738,-0.17511879148546505,0.8583314259555959,-0.6745039651037191,0.1912487879812789,0.0595404318533354,1.558521846001448,0.14808713785575334,-0.17663877922477128,0.8203504049421121
583476.629076105,PLAYBACK,3.0957464310340583,0.0007464310619980097,-0.6672927443350893,0.19123048752574867,0.0508285648889899,1.5120059510185406,0.11959986320282176,-0.17550240329594757,0.8556461432822147,-0.6745183544996709,0.1912559969108598,0.05991025737681775,1.5620903486574549,0.15083169891182877,-0.1766497569178959,0.8172999870886944
583476.63326236,PLAYBACK,3.1001835600472987,0.00018356007058173418,-0.6672927443350893,0.19123048752574867,0.0508285648889899,1.5131567864499882,0.1207506986342711,-0.17511879148546505,0.8544953078507671,-0.6745241894413653,0.19126024411790063,0.060091760901747344,1.5639058467718703,0.15223622704294537,-0.1766549834113645,0.8157601885568241
583476.642229367,PLAYBACK,3.1085310929920524,0.0035310930106788874,-0.6672927443350893,0.19123048752574867,0.05159578850995672,1.5166092927443362,0.12266875768668548,-0.17550240329594757,0.8518100251773859,-0.674532855668837,0.19126933148230796,0.06042419881258218,1.5673488505517217,0.15491363236665115,-0.1766642872367886,0.8128651612697015
583476.651206624,PLAYBACK,3.1195767850149423,0.004576785024255514,-0.6672927443350893,0.19123048752574867,0.05274662394140606,1.5215962462806143,0.1261212639810317,-0.17550240329594757,0.8491247425040047,-0.6745403148328665,0.19128350541780692,0.060846765401474226,1.571962448960669,0.15852640743708796,-0.1766756889737022,0.8090433947669577
583476.660396881,PLAYBACK,3.127446528058499,0.002446528058499098,-0.6672927443350893,0.19123048752574867,0.0535138475623711,1.5250487525749605,0.1284229348439286,-0.17550240329594757,0.846055848020141,-0.6745433433417168,0.19129501885198433,0.06113618167642158,1.5752881716649882,0.16114592144314474,-0.17668335200046975,0.8063340548101142
583476.668886207,PLAYBACK,3.1350583230378106,5.83230284973979e-05,-0.6672927443350893,0.19123048752574867,0.05389745937285362,1.526966811627375,0.12919015846489543,-0.17550240329594757,0.8433705653467616,-0.6745448505985032,0.1913071772108781,0.061407003957876974,1.5785310334588216,0.1637105124448526,-0.17669058664830364,0.8037325437833955
583476.673338345,PLAYBACK,3.140057525015436,5.752500146627426e-05,-0.6676763561455719,0.19123048752574867,0.05428107118333614,1.5288848706797893,0.13072460570682728,-0.17550240329594757,0.8418361181048297,-0.674545240906357,0.19131565455188868,0.061580012208567306,1.5806719259275057,0.16540844065701116,-0.17669534625514982,0.8020382918811503
583476.67745626,PLAYBACK,3.1450620980467647,6.209802813827991e-05,-0.6676763561455719,0.19123048752574867,0.05428107118333614,1.5323373769741355,0.13187544113827662,-0.17550240329594757,0.8406852826733804,-0.6745452647986664,0.19132448745312286,0.06174936506470502,1.582821624744117,0.16711670652819,-0.1767002042485451,0.8003565793686835
583476.68674188,PLAYBACK,3.153386426041834,0.003386426018550992,-0.6676763561455719,0.1916140993362312,0.055048294804302955,1.5357898832684835,0.13456072381165604,-0.17550240329594757,0.8379999999999992,-0.6745447366594751,0.19133983415058167,0.06202267075291431,1.586406599519533,0.1699719130492642,-0.17670873521660063,0.7975975179031218
583476.695807267,PLAYBACK,3.1627360499696806,0.002736049937084317,-0.6676763561455719,0.1916140993362312,0.055431906614785476,1.5392423895628298,0.13686239467455472,-0.17550240329594757,0.8356983291371023,-0.6745437231037036,0.1913578273228277,0.062317627014686496,1.5904392449233804,0.17319143583638413,-0.17671953094573595,0.7945651846103804
583476.704572425,PLAYBACK,3.17307871801313,0.0030787179712206125,-0.6680599679560544,0.1916140993362312,0.055815518425267996,1.542694895857176,0.1414657364003503,-0.17550240329594757,0.8326294346532386,-0.6745426623990696,0.19137833087818676,0.06263027493163273,1.594900349070471,0.17676039680376737,-0.17673398429881795,0.7913028756572783
583476.713477452,PLAYBACK,3.180074797011912,7.479696068912745e-05,-0.6676763561455719,0.19123048752574867,0.05619913023575229,1.544996566720073,0.14261657183179785,-0.17588601510643187,0.8295605401693749,-0.6745422577798414,0.19139237406311888,0.06283449112984853,1.5979161714061596,0.17917659356956522,-0.1767459569217631,0.7891542352904798
583476.718749439,PLAYBACK,3.1850609839893878,6.098393350839615e-05,-0.6680599679560544,0.19123048752574867,0.05658274204623481,1.5465310139620048,0.1437674072632472,-0.17588601510643187,0.828026092927443,-0.6745422156764852,0.19140239597078834,0.06297684242261166,1.600064436461409,0.1808992296710383,-0.17675591167003543,0.7876521625561866
583476.72756758,PLAYBACK,3.1901833929587156,0.00018339301459491253,-0.6680599679560544,0.1916140993362312,0.05658274204623481,1.549983520256351,0.14645268993662838,-0.17550240329594757,0.8264916456855111,-0.6745424331980777,0.1914126566201328,0.06312056716765581,1.6022703138794279,0.18266933024785342,-0.17676762883450445,0.7861346610366535
583476.73137232,PLAYBACK,3.200060102972202,6.010301876813173e-05,-0.6680599679560544,0.19123048752574867,0.05696635385671733,1.5538196383611815,0.14990519623097462,-0.17588601510643187,0.8230391393911649,-0.6745437075261634,0.1914321909145242,0.0633912991646516,1.606519969715011,0.1860833479663884,-0.17679546121527864,0.7832822696906385
583476.740528642,PLAYBACK,3.2072927380213514,0.002292738063260913,-0.6684435797665369,0.1916140993362312,0.05696635385671733,1.555737697413596,0.15105603166242396,-0.17588601510643187,0.8195866330968187,-0.6745454086851913,0.19144615395273418,0.06358491607766575,1.6096280826125202,0.18858416587998128,-0.17682122867499736,0.7812549029855665
583476.749272669,PLAYBACK,3.2165134539827704,0.001513454015366733,-0.6684435797665369,0.19123048752574867,0.05773357747768415,1.5611082627603565,0.15412492614628767,-0.17588601510643187,0.8161341268024724,-0.6745485183140508,0.1914633522659703,0.06382699852101364,1.6135836735041909,0.1917731332889913,-0.17686230203487885,0.7787450289340755
583476.758649786,PLAYBACK,3.226949491072446,0.0019494910957291722,-0.6684435797665369,0.19123048752574867,0.05773357747768415,1.564944380865187,0.15834465606159895,-0.1762696269169144,0.8119143968871594,-0.6745531835291708,0.19148176680530374,0.06409572850793538,1.6180471585223386,0.1953830482935694,-0.17692235567291634,0.7760038007576259
583476.762584447,PLAYBACK,3.2302453820593655,0.00024538207799196243,-0.6684435797665369,0.19123048752574867,0.05811718928816667,1.564944380865187,0.15834465606159895,-0.1762696269169144,0.8119143968871594,-0.6745548670178636,0.1914873097498743,0.06417964407537462,1.6194528898064326,0.19652319898716364,-0.17694480141077173,0.7751595377173132
583476.771742452,PLAYBACK,3.2385844390373677,0.00358443905133754,-0.6688271915770212,0.1916140993362312,0.05811718928816667,1.5687804989700158,0.16141355054546266,-0.17588601510643187,0.8092291142137782,-0.6745594508357238,0.19150067374648783,0.06439031770352438,1.6229989582356608,0.1994079950820168,-0.1770100921645347,0.7730680840923324
583476.780980862,PLAYBACK,3.247045180061832,0.0020451800664886832,-0.6688271915770212,0.19123048752574867,0.05811718928816667,1.572233005264362,0.16409883321884386,-0.17588601510643187,0.8065438315403988,-0.6745643628575445,0.1915131768055429,0.06460216861863889,1.6265779724893377,0.2023349038755289,-0.17709019749771637,0.7710091677677732
583476.78997442,PLAYBACK,3.2566535730147734,0.0016535730101168156,-0.6688271915770212,0.1916140993362312,0.05850080109864919,1.5776035706111244,0.16678411589222328,-0.1762696269169144,0.8038585488670176,-0.6745698543245491,0.19152596588052892,0.06484123297018127,1.6306140017399615,0.20565884176360347,-0.17720035067556655,0.7687434350258957
583476.798508122,PLAYBACK,3.2655930060427636,0.0005930060287937522,-0.6692108033875037,0.1916140993362312,0.05888441290913171,1.5795216296635388,0.169853010376087,-0.17588601510643187,0.8015568780041207,-0.6745744228983616,0.19153642779074767,0.06506295061167443,1.6343362458253547,0.20875144486499128,-0.1773232826899797,0.7666993831276914
583476.803057647,PLAYBACK,3.270059923059307,5.992304068058729e-05,-0.6692108033875037,0.1916140993362312,0.05926802471961601,1.5814396887159532,0.17100384580753633,-0.1762696269169144,0.8004060425726713,-0.6745763568142663,0.1915411166012323,0.06517371375741844,1.6361826033525793,0.2102968472990566,-0.1773927157733652,0.7656992747510475
583476.811650904,PLAYBACK,3.2751245610415936,0.00012456101831048727,-0.6692108033875037,0.1916140993362312,0.05926802471961601,1.585275806820782,0.17368912848091753,-0.1762696269169144,0.799255207141222,-0.6745781636391829,0.19154599015210338,0.06529942329683172,1.6382639265817693,0.21204912612544402,-0.17747826623661053,0.7645812292276071
583476.81573871,PLAYBACK,3.285056035965681,5.603593308478594e-05,-0.6692108033875037,0.1916140993362312,0.05965163653009853,1.58872831311513,0.17637441115429695,-0.1762696269169144,0.7969535362783251,-0.6745801676089656,0.19155416947147472,0.0655467962500448,1.6423043594488347,0.215485608605302,-0.1776681820316196,0.7624334948179328
583476.824798235,PLAYBACK,3.2914934089640155,0.0014934089267626405,-0.6695944151979862,0.1916140993362312,0.05965163653009853,1.5906463721675443,0.1779088583962288,-0.1762696269169144,0.7942682536049439,-0.6745801053045133,0.19155849802307326,0.06570812599407942,1.6448916213949079,0.21771339205043247,-0.1778077125487409,0.7610695289203757
583476.833514389,PLAYBACK,3.300578573020175,0.0005785729736089706,-0.6695944151979862,0.1916140993362312,0.05965163653009853,1.5956333257038224,0.18059414106961,-0.1762696269169144,0.791966582742047,-0.674577771577588,0.1915633258572824,0.06593774947142268,1.6484966688562428,0.22085803537789064,-0.17802762106372438,0.7591766287888856
583476.837525407,PLAYBACK,3.305058244965039,5.8244913816452026e-05,-0.6695944151979862,0.1916140993362312,0.06003524834058105,1.5956333257038224,0.18212858831154186,-0.1762696269169144,0.7908157473105977,-0.6745755156682351,0.19156516739510854,0.06605202064246218,1.6502529929673506,0.22240883909309508,-0.17814622184816906,0.7582552307151303
583476.846787653,PLAYBACK,3.313621212961152,0.0036212129052728415,-0.6695944151979862,0.1916140993362312,0.06003524834058105,1.5998530556191355,0.18519748279540557,-0.1766532387273969,0.787746852826734,-0.6745689102771769,0.19156773383176212,0.06627283601061593,1.6535689369306608,0.22537372584684603,-0.17839200931314658,0.7565121906319757
583476.85635704,PLAYBACK,3.323444338981062,0.0034443390322849154,-0.6695944151979862,0.1916140993362312,0.06041886015106357,1.6056072327763786,0.19018443633168367,-0.1762696269169144,0.7854451819638353,-0.6745572292113226,0.19156921404658944,0.0665308035843257,1.6573028230426188,0.22877571923547865,-0.17870519335579277,0.7545362102932237
583476.865480408,PLAYBACK,3.330086737056263,8.673709817230701e-05,-0.6695944151979862,0.1916140993362312,0.06041886015106357,1.607525291828793,0.19210249538409804,-0.1762696269169144,0.7827598992904559,-0.6745466142011395,0.19156938906081258,0.06670861904141602,1.659783425017071,0.23107653620675953,-0.17893595174372678,0.7532106903087271
583476.869607249,PLAYBACK,3.3400878160027787,8.781603537499905e-05,-0.6695944151979862,0.1916140993362312,0.060802471961547866,1.611745021744106,0.19517138986796176,-0.1766532387273969,0.7804582284275572,-0.6745261913700363,0.19156850648664278,0.06698243908641908,1.6634485793278484,0.2345409817159577,-0.17931207850356196,0.7512259557079718
583476.878480155,PLAYBACK,3.345339796040207,0.00033979606814682484,-0.6699780270084688,0.1916140993362312,0.060802471961547866,1.6128958571755554,0.19670583710989362,-0.1766532387273969,0.7793073929961096,-0.6745132332198581,0.19156753931704784,0.06712956427491029,1.6653389385297659,0.23636015369478433,-0.1795232074637926,0.7501872443763404
583476.882966679,PLAYBACK,3.3500624450389296,6.244506221264601e-05,-0.6695944151979862,0.1916140993362312,0.06156969558251291,1.6151975280384523,0.19824028435182547,-0.1766532387273969,0.7781565575646603,-0.674500228547991,0.19156640041537779,0.06726404129221891,1.667018185865552,0.23799566614919931,-0.17972090197371127,0.7492545329425158
583476.891845306,PLAYBACK,3.3582167560234666,0.0032167560420930386,-0.6695944151979862,0.1916140993362312,0.06156969558251291,1.6186500343327985,0.2013091788356892,-0.17703685053787943,0.7762384985122459,-0.6744747074921332,0.1915638905087914,0.06750155611337201,1.6698710323359631,0.24081824906107327,-0.18007930166299538,0.7476458083633057
583476.900847901,PLAYBACK,3.367399618960917,0.0023996189702302217,-0.6695944151979862,0.1916140993362312,0.062336919203479724,1.622486152437629,0.20399446150907038,-0.17703685053787943,0.7739368276493472,-0.6744412735467673,0.19156034713101466,0.06777797146209674,1.6730117706153012,0.24399312425931383,-0.18050775931614038,0.7458353384853146
583476.909666552,PLAYBACK,3.3761567510664463,0.0011567510664463043,-0.6695944151979862,0.1916140993362312,0.062336919203479724,1.6263222705424578,0.2070633559929341,-0.17742046234836373,0.7712515449759678,-0.6744047759111366,0.19155638761328037,0.06805143975274729,1.6759344150614701,0.24701454231171088,-0.18093943939907337,0.7441092771218961
583476.918309274,PLAYBACK,3.386366141960025,0.001366141950711608,-0.6695944151979862,0.1916140993362312,0.06272053101396224,1.631309224078736,0.21128308590824538,-0.17780407415884625,0.7689498741130691,-0.6743566712246214,0.19155122571070246,0.06838385784181768,1.67925055314131,0.2505250073158451,-0.18146887162255854,0.7420981805962406
583476.922792673,PLAYBACK,3.3900707389693707,7.073895540088415e-05,-0.6695944151979862,0.1916140993362312,0.06310414282444476,1.631309224078736,0.21128308590824538,-0.17780407415884625,0.7681826504921041,-0.6743377848194868,0.19154924345340937,0.06850841791077025,1.6804292307696977,0.25179457662002674,-0.1816673948764106,0.7413691496125027
583476.931798604,PLAYBACK,3.3979695179732516,0.0029695179546251893,-0.6695944151979862,0.1916140993362312,0.06310414282444476,1.6347617303730821,0.2143519803921091,-0.17818768596932877,0.766264591439688,-0.674295079436183,0.19154488337879977,0.06878156226542423,1.682898096862307,0.2544920356200018,-0.1821010614566111,0.7398170517889313
583476.940465724,PLAYBACK,3.405068014981225,6.80149532854557e-05,-0.6695944151979862,0.1916140993362312,0.06348775463492728,1.6382142366674302,0.2174208748759728,-0.1785712977798113,0.763962920576791,-0.6742539976189594,0.19154086863070202,0.06903638507921438,1.6850650620012178,0.25690324343017584,-0.18250179379400291,0.7384261724877467
583476.9492456,PLAYBACK,3.4151253120508045,0.00012531201355159283,-0.6695944151979862,0.1916140993362312,0.0638713664454098,1.6416667429617764,0.220106157549354,-0.1785712977798113,0.7620448615243767,-0.6741917181935074,0.19153514753182846,0.06941382763153967,1.688050857528738,0.26029420580701457,-0.18308504623733213,0.736465164672585
583476.9584427,PLAYBACK,3.425019095069729,1.9095023162662983e-05,-0.6699780270084688,0.1916140993362312,0.0638713664454098,1.6451192492561226,0.22317505203321772,-0.1789549095902938,0.7601268024719623,-0.6741262047730521,0.1915296270826119,0.06980544265112959,1.6908912408634502,0.2635958166610095,-0.18367360502065264,0.7345514571571419
583476.962722255,PLAYBACK,3.43005883495789,5.883490666747093e-05,-0.6699780270084688,0.1916140993362312,0.0642549782558941,1.6466536964980545,0.22432588746466528,-0.1793385214007781,0.7593595788509955,-0.6740913675910285,0.19152690484469068,0.07001320684440729,1.6923011232409595,0.265262702492608,-0.18397801657865578,0.7335841924193122
583476.966518199,PLAYBACK,3.4350577370496467,5.773699376732111e-05,-0.6699780270084688,0.1916140993362312,0.0642549782558941,1.6497225909819182,0.227394781948529,-0.1793385214007781,0.7585923552300304,-0.6740559195489043,0.1915242892290289,0.07022509039154178,1.6936749422025938,0.26690515905798395,-0.18428249082571574,0.7326307308856879
583476.976008685,PLAYBACK,3.4434818470617756,0.0034818471176549792,-0.6699780270084688,0.1916140993362312,0.0642549782558941,1.652791485465782,0.22931284100094515,-0.17972213321126063,0.7570579079880986,-0.6739943486324784,0.1915201210330694,0.07059580146665238,1.6959346164948819,0.2696463478189607,-0.18480016605292138,0.7310394175326281
583476.985143014,PLAYBACK,3.4521381160011515,0.002138116047717631,-0.6699780270084688,0.1916140993362312,0.06463859006637662,1.6558603799496456,0.23353257091625643,-0.18010574502174315,0.7555234607461667,-0.6739289633461805,0.1915162243021733,0.07099543482976409,1.6981841222878344,0.272425003730197,-0.18533636419292907,0.7294276629998429
583476.993928621,PLAYBACK,3.4610743729863316,0.001074373023584485,-0.6699780270084688,0.1916140993362312,0.06463859006637662,1.65777843900206,0.2354506299686708,-0.18010574502174315,0.7536054016937523,-0.6738595625539064,0.19151269849002475,0.0714289145051774,1.7004294957795836,0.27524904255825405,-0.18589230966783785,0.7277927399932326
583476.998891894,PLAYBACK,3.4652712190290913,0.0002712190616875887,-0.6703616388189513,0.1916140993362312,0.06463859006637662,1.6593128862439919,0.23698507721060266,-0.18048935683222567,0.7528381780727855,-0.6738264046739579,0.19151124062147895,0.07164011599413363,1.7014571056483754,0.2765585667460912,-0.1861536403443058,0.7270362603202479
583477.007587037,PLAYBACK,3.4739830850157887,0.003983085043728352,-0.6703616388189513,0.1916140993362312,0.06540581368734166,1.662765392538338,0.24005397169446638,-0.18087296864270996,0.7509201190203711,-0.6737566284448278,0.19150866379950124,0.07209463146266745,1.703535431196887,0.27924034808380077,-0.18669538848786807,0.7254915213254494
583477.011817338,PLAYBACK,3.4800585500197485,5.855003837496042e-05,-0.6703616388189513,0.1916140993362312,0.06540581368734166,1.6658342870222018,0.24350647798881261,-0.18087296864270996,0.7497692835889218,-0.6737073502300718,0.19150725534679922,0.07242482360686323,1.7049411293890617,0.28107978807405953,-0.18707180459593165,0.7244363186708442
583477.021048614,PLAYBACK,3.4874926030170172,0.002492603030987084,-0.6703616388189513,0.1916140993362312,0.06578942549782596,1.6673687342641337,0.24504092523074447,-0.18125658045319248,0.7486184481574725,-0.6736465371371964,0.1915060024361515,0.07284408117046275,1.7066125031576207,0.2832941680739365,-0.18752982869665955,0.7231718870432048
583477.030012104,PLAYBACK,3.4981530230725184,0.003153023077175021,-0.6703616388189513,0.1916140993362312,0.066556649118791,1.671588464179445,0.24926065514605752,-0.18240741588464182,0.745933165484093,-0.6735586883269753,0.19150517848526263,0.07347542188003814,1.7089162627939267,0.28639580567091816,-0.1881797135624473,0.7214141069331625
583477.038730432,PLAYBACK,3.505357875023037,0.00035787501838058233,-0.6707452506294356,0.1916140993362312,0.066556649118791,1.673506523231861,0.2507951023879894,-0.18240741588464182,0.7443987182421612,-0.6734991132246492,0.19150531479782498,0.07392280490599913,1.7104116677850045,0.28844034447170225,-0.1886130265598163,0.7202657103008151
583477.042769253,PLAYBACK,3.5100608660141006,6.0866004787385464e-05,-0.6703616388189513,0.1916140993362312,0.06694026092927352,1.6746573586633087,0.25232954962992127,-0.18279102769512434,0.7436314946211944,-0.6734602185359034,0.19150572102968294,0.07422406229570953,1.7113612310209936,0.28975157261624884,-0.1888928392093046,0.7195342453963496
583477.052339312,PLAYBACK,3.518763073021546,0.0037630730075761676,-0.6703616388189513,0.1916140993362312,0.06732387273975782,1.6777262531471724,0.25501483230330246,-0.18355825131608938,0.74171343556878,-0.6733883748053375,0.19150716073396162,0.07480114734927426,1.7130634757352954,0.29212777572113513,-0.18940348191251843,0.7182201480552597
583477.061019206,PLAYBACK,3.528057159972377,0.003057159949094057,-0.6703616388189513,0.1916140993362312,0.06809109636072286,1.681562371252003,0.2577001149766819,-0.18355825131608938,0.7397953765163656,-0.6733120198562109,0.19150972437655067,0.07544637350856555,1.7148040087989653,0.29459203197985134,-0.18993755194469542,0.7168752545864526
583477.069974169,PLAYBACK,3.5350643909769133,6.439094431698322e-05,-0.6703616388189513,0.1916140993362312,0.06809109636072286,1.6830968184939348,0.2603853976500631,-0.1843254749370562,0.7378773174639512,-0.6732548364202141,0.19151238558260894,0.07595314649941032,1.7160642849827628,0.29639861853351407,-0.19033176209927155,0.7159026425664404
583477.078981875,PLAYBACK,3.545102652045898,0.00010265200398862362,-0.6703616388189513,0.1916140993362312,0.06885831998168968,1.6853984893568317,0.26268706851296,-0.18470908674753872,0.7355756466010526,-0.6731736574450795,0.19151732978073233,0.07671056726030219,1.717793515199949,0.29890856590926995,-0.190882875831817,0.7145729760464773
583477.083352716,PLAYBACK,3.5512925180373713,0.0012925179908052087,-0.6703616388189513,0.1916140993362312,0.0692419317921722,1.6877001602197303,0.26422151575489183,-0.18470908674753872,0.7348084229800875,-0.6731241015108463,0.19152106330726618,0.07719666563260215,1.7188160443311138,0.3004100242310549,-0.19121430693841512,0.7137911149471112
583477.092197938,PLAYBACK,3.5550687729846686,6.877293344587088e-05,-0.6703616388189513,0.1916140993362312,0.06962554360265472,1.688850995651178,0.2657559629968237,-0.18509269855802124,0.7336575875486382,-0.673094073490534,0.19152360406161173,0.07750057177503623,1.7194237940343013,0.3013086191532231,-0.19141324662918502,0.713328548617977
583477.096494126,PLAYBACK,3.565066055045463,6.605510134249926e-05,-0.6703616388189513,0.1916140993362312,0.07000915541313724,1.6911526665140766,0.26997569291213674,-0.18547631036850554,0.7321231403067063,-0.6730153676242852,0.19153131675313886,0.07833291841056748,1.7209752384090329,0.3036238145564082,-0.1919276898812758,0.7121571596954167
583477.105764126,PLAYBACK,3.5724482689984143,0.0024482690496370196,-0.6703616388189513,0.1919977111467155,0.07039276722362153,1.6919198901350416,0.2711265283435861,-0.18585992217898806,0.7305886930647745,-0.6729580101931132,0.19153795524876815,0.07897440992541783,1.7220685481131102,0.3052740612755528,-0.1922959266591627,0.7113420490028098
583477.114763365,PLAYBACK,3.5818018700229004,0.0018018700648099184,-0.6707452506294356,0.1916140993362312,0.07077637903410405,1.6942215609979403,0.2738118110169655,-0.1866271457999531,0.7290542458228426,-0.6728862716145713,0.191547557018402,0.07982171244828394,1.7233919903747743,0.3072928604015709,-0.19274802841591157,0.7103703404407199
583477.123712498,PLAYBACK,3.5905818269820884,0.0005818270146846771,-0.6703616388189513,0.1916140993362312,0.0715436026550691,1.6965232318608372,0.2768807055008292,-0.1870107576104374,0.7271361867704282,-0.672819858298679,0.19155782239354255,0.08065407320559217,1.7245733056756485,0.3091148810053384,-0.19315753026737237,0.7095203445515216
583477.127961905,PLAYBACK,3.595058973063715,5.8973091654479504e-05,-0.6707452506294356,0.1916140993362312,0.07192721446555339,1.6976740672922865,0.2784151527427611,-0.18739436942091992,0.7263689631494632,-0.672786319125751,0.19156353879720264,0.08109303497175543,1.7251535863874117,0.31001692952512544,-0.19336077681971142,0.7091100125583716
583477.137086105,PLAYBACK,3.6000751180108637,7.511803414672613e-05,-0.6707452506294356,0.1916140993362312,0.07231082627603591,1.699592126344701,0.27994959998469293,-0.18739436942091992,0.7256017395284964,-0.6727489867979195,0.1915703403476146,0.08159700336582948,1.7257863802414992,0.311005969471719,-0.19358402029068703,0.7086687541980758
583477.141248915,PLAYBACK,3.610058012069203,5.801208317279816e-05,-0.6707452506294356,0.1916140993362312,0.07269443808651843,1.7018937972075978,0.28378571808952346,-0.18816159304188496,0.724450904097047,-0.6726753794641481,0.19158516233128922,0.0826401036179458,1.726992424863347,0.3129066512333949,-0.19401427555644468,0.7078483628995634
583477.15031341,PLAYBACK,3.616847443045117,0.0018474430544301867,-0.6707452506294356,0.1919977111467155,0.07307804989700095,1.7026610208285646,0.284936553520971,-0.18854520485236748,0.7233000686655995,-0.6726257593197977,0.19159625520770807,0.08338178230880616,1.7277730938258884,0.31414801921801266,-0.19429626872574654,0.7073340256483422
583477.159419054,PLAYBACK,3.625563826994039,0.0005638269940391183,-0.6711288624399181,0.1916140993362312,0.07422888532845029,1.7041954680704965,0.2872382243838697,-0.18892881666285177,0.7221492332341501,-0.6725624365671549,0.19161174967009223,0.08437487983549971,1.7287295731776329,0.3156808516513582,-0.19464577265290509,0.7067249299170741
583477.168688143,PLAYBACK,3.635281871072948,0.00028187106363475323,-0.6711288624399181,0.1916140993362312,0.07499610894941533,1.7072643625543602,0.2899235070572491,-0.1896960402838168,0.7209983978027008,-0.6724921153300596,0.19163075951409766,0.08554007602006414,1.72973663482153,0.3173087925120162,-0.19501896678925018,0.7061128901369963
583477.172672399,PLAYBACK,3.6400598370237276,5.983700975775719e-05,-0.6711288624399181,0.1916140993362312,0.07537972075989963,1.7072643625543602,0.29069073067821594,-0.1896960402838168,0.7202311741817358,-0.6724575570605592,0.19164080444814804,0.08613677472867487,1.7302091993516329,0.31807755738533305,-0.19519612212886664,0.705837569029548
583477.181486892,PLAYBACK,3.6483745370060205,0.0033745369873940945,-0.6715124742504006,0.1919977111467155,0.07576333257038215,1.708798809796292,0.29299240154111283,-0.19007965209429933,0.719463950560769,-0.672397283056291,0.1916594275704126,0.08721483821750982,1.730996499003513,0.31936489276548,-0.19549450718676062,0.7053981053925059
583477.190719671,PLAYBACK,3.6593178319744766,0.004317831946536899,-0.6715124742504006,0.1916140993362312,0.07691416800183148,1.711100480659189,0.29644490783546085,-0.19084687571526615,0.7179295033188371,-0.6723173275752881,0.19168624098824466,0.08871503300414985,1.7319652319012064,0.320959095901075,-0.19586808232164415,0.7048950780845773
583477.199665337,PLAYBACK,3.666652993997559,0.0016529939603060484,-0.6715124742504006,0.1916140993362312,0.07768139162279653,1.7126349279011208,0.2972121314564259,-0.19123048752574867,0.717162279697872,-0.6722630540278145,0.1917057387605834,0.08977530003328617,1.732571665006999,0.32196172183301375,-0.19610628335970545,0.7046046445819045
583477.208704874,PLAYBACK,3.67506618401967,6.618397310376167e-05,-0.6718960860608831,0.1916140993362312,0.07844861524376334,1.7134021515220876,0.29874657869835775,-0.19123048752574867,0.7160114442664227,-0.6721998251815681,0.19172966050019588,0.09104800089548784,1.7332245900728378,0.3230436663039963,-0.19636736437553162,0.704316155299446
583477.212638452,PLAYBACK,3.680090403999202,9.040394797921181e-05,-0.6718960860608831,0.1916140993362312,0.07883222705424586,1.7141693751430527,0.2998974141298071,-0.1916140993362312,0.7156278324559402,-0.6721614357830595,0.19174475592764853,0.09183767551453606,1.7335926333502545,0.3236538251500351,-0.1965170660266166,0.7041658029810944
583477.221935155,PLAYBACK,3.6886001899838448,0.0036001899279654026,-0.6718960860608831,0.1916140993362312,0.0795994506752109,1.715320210574502,0.30143186137173894,-0.1916140993362312,0.7148606088349734,-0.6720950853275269,0.19177172240889342,0.09322668371500727,1.7341784251470986,0.3246234793684023,-0.196759987415406,0.7039466498660228
583477.230647551,PLAYBACK,3.695079474011436,7.947406265884638e-05,-0.6718960860608831,0.1916140993362312,0.0799830624856952,1.7164710460059514,0.3033499204241533,-0.192381322957198,0.7140933852140083,-0.6720432391413046,0.19179343697478438,0.09432795926629631,1.7345926020463227,0.32530607504981895,-0.19693597711885327,0.7038078652139705
583477.240041431,PLAYBACK,3.705063380068168,6.338011007755995e-05,-0.6718960860608831,0.1916140993362312,0.08113389791714276,1.717621881437399,0.3048843676660852,-0.19276493476768053,0.7133261615930415,-0.6719606336710108,0.1918288829218195,0.09609846392962644,1.7351768772326643,0.32625991881884475,-0.1971920935177677,0.7036366098203141
583477.248819734,PLAYBACK,3.7150682570645586,6.825709715485573e-05,-0.6722796978713674,0.1916140993362312,0.08190112153810958,1.7187727168688482,0.30641881490801703,-0.19276493476768053,0.712175326161594,-0.6718738901288661,0.19186677383136527,0.09796047472159104,1.735697357682833,0.3270926937856284,-0.1974308088202911,0.7035089642793168
583477.252718325,PLAYBACK,3.720056627993472,5.662802141159773e-05,-0.6722796978713674,0.1916140993362312,0.08305195696955714,1.7195399404898133,0.3071860385289821,-0.19314854657816305,0.7117917143511097,-0.6718289045059594,0.1918865303401316,0.09892080878059853,1.7359330361120735,0.32746095840989914,-0.19754336109919252,0.7034585047416514
583477.261849829,PLAYBACK,3.7288893460063264,0.0038893460296094418,-0.6722796978713674,0.1916140993362312,0.08420279240100648,1.7206907759212626,0.30987132120236327,-0.19353215838864735,0.7110244907301446,-0.6717459855971748,0.19192288305648275,0.10067169414842407,1.7363127496297022,0.32803588076840995,-0.19773265724810785,0.7033848131412631
583477.271086355,PLAYBACK,3.7352810309967026,0.00028103101067245007,-0.67266330968185,0.1916140993362312,0.084586404211489,1.7214579995422294,0.3102549330128458,-0.19353215838864735,0.7106408789196621,-0.6716830652578445,0.1919502546863718,0.10197769972193793,1.7365587498553379,0.3283906268909334,-0.1978621570063191,0.7033395964733163
583477.275205892,PLAYBACK,3.7450605030171573,6.050302181392908e-05,-0.67266330968185,0.1916140993362312,0.08573723964293833,1.7222252231631945,0.31178938025477765,-0.19391577019912987,0.7102572671091778,-0.6715813747975443,0.19199381882713312,0.10403690488026862,1.7368912962241645,0.3288352108302436,-0.1980492764689114,0.7032741902928937
583477.284237103,PLAYBACK,3.7508068450260907,0.0008068450260907412,-0.67266330968185,0.1916140993362312,0.08650446326390515,1.722608834973677,0.31255660387574447,-0.1942993820096124,0.7102572671091778,-0.6715182048298536,0.1920203512145296,0.10528020623901285,1.7370636350707331,0.3290422101869524,-0.19815363635939082,0.7032330115831043
583477.293286338,PLAYBACK,3.760056997067295,5.699705798178911e-05,-0.6730469214923325,0.1916140993362312,0.08803891050583701,1.7245268940260932,0.3140910511176763,-0.1942993820096124,0.7098736552986953,-0.6714105346975391,0.19206450351500678,0.10733181555549713,1.737308444325146,0.3292938411654845,-0.1983140992864042,0.7031536349654008
583477.296979624,PLAYBACK,3.765678749070503,0.000678749056532979,-0.6730469214923325,0.1916140993362312,0.08880613412680205,1.7249105058365757,0.3152418865491239,-0.1946829938200949,0.7094900434882128,-0.6713411442169055,0.19209220940469596,0.1086082201415266,1.7374393097456646,0.3293992682761163,-0.19840766684903688,0.7030930260153565
583477.306132108,PLAYBACK,3.7732978189596906,0.003297818941064179,-0.673430533302815,0.1916140993362312,0.08995696955825139,1.7252941176470582,0.3163927219805732,-0.1950666056305792,0.708722819867246,-0.6712418608933599,0.19213082745675944,0.11037286285738471,1.7375974202057056,0.32948732981660345,-0.198530444110939,0.7029900759095772
583477.315557498,PLAYBACK,3.7820859310450032,0.002085931017063558,-0.673430533302815,0.1916140993362312,0.09110780498970072,1.726061341268025,0.31754355741202256,-0.19545021744106172,0.708722819867246,-0.6711191969502823,0.19217693963459379,0.11245665471657405,1.737755640930412,0.3295144097135083,-0.1986672183782875,0.7028335093280695
583477.324489558,PLAYBACK,3.791169321979396,0.0011693219421431422,-0.673430533302815,0.1916140993362312,0.0926422522316308,1.72682856488899,0.3186943928434701,-0.19545021744106172,0.708722819867246,-0.6709823993752991,0.19222644993573834,0.11466317535064363,1.7378963231575648,0.32946397143524453,-0.19880410574173005,0.7026190715741399
583477.33369801,PLAYBACK,3.800432990072295,0.00043299002572894096,-0.673430533302815,0.1916140993362312,0.09456031128404696,1.7279794003204394,0.31946161646443694,-0.19583382925154424,0.7083392080567634,-0.6708315206489622,0.192279013970925,0.11696655982958029,1.738020515168988,0.3293369438471711,-0.1989396773250867,0.7023351671995448
583477.338669759,PLAYBACK,3.8052226080326363,0.00022260798141360283,-0.6730469214923325,0.1916140993362312,0.09494392309452948,1.7279794003204394,0.320228840085402,-0.19583382925154424,0.7079555962462809,-0.6707487359295684,0.19230707300444638,0.1181777371715543,1.7380785660018352,0.3292436620885399,-0.1990082333803185,0.702159582523374
583477.347124479,PLAYBACK,3.813848096993752,0.0038480969378724694,-0.673430533302815,0.1916140993362312,0.09647837033646134,1.7287466239414044,0.3213796755168513,-0.19621744106202677,0.7075719844357984,-0.6705910211677077,0.19235925346738023,0.12039241424008269,1.7381748085906872,0.32903232197485943,-0.19912884194729819,0.7017897362444825
583477.356300097,PLAYBACK,3.820079553988762,7.955403998494148e-05,-0.673430533302815,0.1916140993362312,0.09724559395742638,1.729130235751887,0.32214689913781813,-0.19660105287251106,0.7075719844357984,-0.6704699050392364,0.19239838540439816,0.12201834190890343,1.7382391485264777,0.32884787982014835,-0.19921335593545875,0.7014773342653732
583477.360174262,PLAYBACK,3.8300669559976086,6.69560395181179e-05,-0.673430533302815,0.1916140993362312,0.09878004119935824,1.7302810711833363,0.3232977345692657,-0.19698466468299358,0.7068047608148316,-0.6702626653407202,0.19246392061220474,0.12466801570489718,1.7383360562725698,0.3285032853768405,-0.1993430419792591,0.7008938202605988
583477.369205002,PLAYBACK,3.836340232985094,0.0013402330223470926,-0.673430533302815,0.1916140993362312,0.1003144884412901,1.7302810711833363,0.32368134637975,-0.19698466468299358,0.7068047608148316,-0.6701239134218052,0.19250706897205894,0.12635914441554258,1.7383944374470235,0.32825977830944536,-0.1994199378885156,0.7004738271614916
583477.377991711,PLAYBACK,3.845278284046799,0.0002782840747386217,-0.673430533302815,0.1916140993362312,0.10184893568322195,1.7314319066147856,0.32444857000071503,-0.19698466468299358,0.7068047608148316,-0.6699142934839778,0.1925715631547496,0.12880371317638337,1.7384761037824958,0.32788239230580435,-0.19952166765819665,0.6998032971099463
583477.382377922,PLAYBACK,3.850100705982186,0.00010070600546896458,-0.673430533302815,0.1916140993362312,0.10299977111467129,1.7318155184252682,0.32444857000071503,-0.19698466468299358,0.706421149004349,-0.6697951665779899,0.19260800011421633,0.13013968820968025,1.738520005252009,0.3276660717544755,-0.19957192903083668,0.6994063752996298
583477.391207194,PLAYBACK,3.8580842580413446,0.0030842580599710345,-0.673430533302815,0.1916140993362312,0.10453421835660315,1.7318155184252682,0.32521579362168185,-0.1973682764934761,0.7068047608148316,-0.6695882812854386,0.19267116446821428,0.13237774115058898,1.7385932106536175,0.3272918996619262,-0.1996464835747345,0.6986958273128084
583477.399949498,PLAYBACK,3.866513559012674,0.001513559021987021,-0.673430533302815,0.1916140993362312,0.10645227740901753,1.732582742046235,0.32559940543216437,-0.1973682764934761,0.706421149004349,-0.6693561940122904,0.19274217213982545,0.13477671946703398,1.7386719544260425,0.32687964637010836,-0.19971123177695277,0.6978751022604482
583477.40908052,PLAYBACK,3.8756476880516857,0.0006476880516856909,-0.673430533302815,0.1919977111467155,0.1083703364614319,1.7329663538567175,0.3259830172426469,-0.1973682764934761,0.7060375371938665,-0.6690879859188232,0.19282484743177145,0.13741850062951633,1.7387595829685984,0.3264191037160474,-0.19976174967705151,0.6969078277002572
583477.41307173,PLAYBACK,3.880001896992326,1.8969876691699028e-06,-0.673430533302815,0.1919977111467155,0.10952117189288124,1.7333499656672,0.3259830172426469,-0.1973682764934761,0.705653925383384,-0.6689537064368184,0.1928666019440499,0.13869334597146726,1.7388022582867122,0.32619635382840173,-0.19977749003697978,0.6964198544168941
583477.422371328,PLAYBACK,3.8850719949696213,7.199496030807495e-05,-0.673430533302815,0.1919977111467155,0.11028839551384806,1.7333499656672,0.3263666290531294,-0.19775188830395862,0.7052703135728997,-0.6687918951503535,0.19291730566722828,0.1401903252900887,1.7388526400795883,0.3259355910173036,-0.1997882169064432,0.695831234769337
583477.431057173,PLAYBACK,3.895235277013853,0.00023527699522674084,-0.673430533302815,0.1919977111467155,0.11259006637674496,1.7337335774776825,0.3267502408636137,-0.19775188830395862,0.7045030899519347,-0.6684490389994312,0.19302631849408225,0.14323060143511734,1.7389553921316698,0.32541230531757376,-0.19978233839478993,0.6945913569565444
583477.434885088,PLAYBACK,3.905072691035457,7.26910075172782e-05,-0.673430533302815,0.1916140993362312,0.11489173723964186,1.7341171892881668,0.3267502408636137,-0.19775188830395862,0.7033522545204853,-0.6680922685605881,0.19314219574683894,0.14621999151855886,1.7390557711469923,0.32491080196801336,-0.19973779189431998,0.6933272627072419
583477.443950405,PLAYBACK,3.9106749549973756,0.0006749549647793174,-0.6730469214923325,0.1916140993362312,0.11680979629205801,1.7341171892881668,0.3267502408636137,-0.19813550011444114,0.7033522545204853,-0.6678774917700975,0.19321315151823953,0.147940255288061,1.7391125072132638,0.32462953679736356,-0.19969388806634772,0.6925857394445152
583477.44798107,PLAYBACK,3.9150733799906448,7.337995339185e-05,-0.673430533302815,0.1919977111467155,0.11796063172350557,1.7345008010986493,0.3271338526740962,-0.19813550011444114,0.7029686427100028,-0.6677027015800568,0.1932715252060869,0.14929848587167716,1.7391564225613907,0.3244115187005459,-0.19964964265388074,0.6919954345445282
583477.457111823,PLAYBACK,3.92616375698708,0.006163756945170462,-0.673430533302815,0.1916140993362312,0.12026230258640425,1.7352680247196144,0.3271338526740962,-0.19851911192492544,0.702201419089036,-0.6672367421765673,0.19342955667327882,0.15274523129075362,1.7392627269568202,0.32387384049333406,-0.19949986500592873,0.6904881377511028
583477.46614624,PLAYBACK,3.9331763290101662,0.003176328958943486,-0.673430533302815,0.1916140993362312,0.12218036163881862,1.7356516365300987,0.3271338526740962,-0.19813550011444114,0.7018178072785535,-0.6669224842311,0.1935377059561371,0.154933792922978,1.7393250323011804,0.32354229083019403,-0.1993782218811687,0.6895313237872364
583477.474956194,PLAYBACK,3.9421797459945083,0.002179746050387621,-0.6730469214923325,0.1916140993362312,0.12486564431219982,1.7360352483405812,0.3271338526740962,-0.19851911192492544,0.7006669718471041,-0.6664952215015315,0.193685931764362,0.15774314572586398,1.7393972863287794,0.3231230608885822,-0.19919578943718347,0.6883115447491424
583477.484155108,PLAYBACK,3.950058795977384,5.8796023949980736e-05,-0.673430533302815,0.1919977111467155,0.12601647974364738,1.7364188601510637,0.3271338526740962,-0.19851911192492544,0.6995161364156566,-0.6660979740702246,0.1938240605759969,0.16019178153538666,1.7394518976379383,0.3227570656764758,-0.19901805410604267,0.6872605567645614
583477.492604938,PLAYBACK,3.9600580719998106,5.807203706353903e-05,-0.673430533302815,0.1919977111467155,0.1294689860379954,1.7371860837720305,0.3267502408636137,-0.19851911192492544,0.6987489127946898,-0.6655600978498468,0.194009943540599,0.16327215357507813,1.7395080176430258,0.322282633498839,-0.19878103411212275,0.6859574810123404
583477.496992191,PLAYBACK,3.965062163071707,6.216310430318117e-05,-0.6730469214923325,0.1919977111467155,0.13100343327992547,1.7371860837720305,0.3271338526740962,-0.19851911192492544,0.6983653009842072,-0.6652758558628683,0.1941070405793122,0.16479769063096938,1.7395302437881204,0.32203607394236305,-0.19866319824127587,0.6853197482465758
583477.501067353,PLAYBACK,3.9700604639947414,6.046402268111706e-05,-0.6730469214923325,0.1919977111467155,0.1321542687113748,1.7371860837720305,0.3271338526740962,-0.19890272373540796,0.6975980773632422,-0.6649813885923989,0.1942064729989726,0.1663083765952958,1.7395484807908157,0.3217805088004647,-0.1985496067535231,0.6846924269449275
583477.510052104,PLAYBACK,3.978628742042929,0.0036287420662119985,-0.6730469214923325,0.1916140993362312,0.134839551384756,1.737569695582513,0.3267502408636137,-0.19851911192492544,0.6968308537422754,-0.6644510124110551,0.1943819658737171,0.16886307951132654,1.739570635604867,0.3213136119080642,-0.19837246353193136,0.6836383071214711
583477.519025854,PLAYBACK,3.9856527659576386,0.00065276597160846,-0.67266330968185,0.1916140993362312,0.1371412222476529,1.737569695582513,0.3267502408636137,-0.19890272373540796,0.695680018310826,-0.6639911646319502,0.19452984995293313,0.17092027886068878,1.739580519019584,0.32089635303201886,-0.19825208322870044,0.6827918499438586
583477.523256595,PLAYBACK,3.9901536180404946,0.00015361804980784655,-0.67266330968185,0.1916140993362312,0.1371412222476529,1.737569695582513,0.3263666290531294,-0.19851911192492544,0.6952964065003435,-0.6636842874884009,0.19462616051263887,0.17221927873029366,1.7395831425414514,0.3206094247988526,-0.19819035747120475,0.6822563890541687
583477.532159168,PLAYBACK,3.9987775629851967,0.0037775629898533225,-0.6722796978713674,0.1919977111467155,0.13944289311055158,1.7379533073929956,0.3263666290531294,-0.19851911192492544,0.6941455710688942,-0.6630691765267367,0.1948132794185025,0.1746632497246452,1.7395806741536073,0.3200107934559245,-0.19811293405218583,0.6812418328171481
583477.541057502,PLAYBACK,4.005061230040155,6.123003549873829e-05,-0.6722796978713674,0.1919977111467155,0.14174456397344848,1.738336919203478,0.3263666290531294,-0.19851911192492544,0.6933783474479291,-0.662598427577749,0.19495111838857984,0.17640468006124288,1.7395732186240371,0.3195300554291438,-0.19809533338908808,0.6805089184133423
583477.54984871,PLAYBACK,4.015072189038619,7.218902464956045e-05,-0.6718960860608831,0.1919977111467155,0.14404623483634715,1.738336919203478,0.3263666290531294,-0.19851911192492544,0.6914602883955148,-0.6618094827902516,0.19517195364503936,0.17910698255978566,1.7395527977088647,0.31867965661215586,-0.19814385513744023,0.6793452919956453
583477.554818656,PLAYBACK,4.025067006004974,6.700598169118166e-05,-0.6718960860608831,0.1919977111467155,0.14634790569924405,1.738336919203478,0.3259830172426469,-0.19851911192492544,0.6903094529640654,-0.6609752655320675,0.1953923291895462,0.1817136412440331,1.7395236384131958,0.3177218263946451,-0.1982940348866603,0.6781800711506051
583477.563181709,PLAYBACK,4.031391430995427,0.0013914309674873948,-0.6715124742504006,0.1919977111467155,0.14903318837262525,1.738336919203478,0.32559940543216437,-0.19851911192492544,0.6895422293430986,-0.6604242227733524,0.1955310077809557,0.18331544484961923,1.7395014911931632,0.31705847479727994,-0.19844393796186938,0.6774370065055321
583477.568036994,PLAYBACK,4.035060891066678,6.0891034081578255e-05,-0.6715124742504006,0.1919977111467155,0.1501840238040728,1.7387205310139606,0.32559940543216437,-0.19851911192492544,0.6887750057221336,-0.6600965142489154,0.19561104204487995,0.1842280522776717,1.7394875305641038,0.3166532792196781,-0.19855066039100475,0.6770028700649192
583477.577045812,PLAYBACK,4.043872197973542,0.0038721979362890124,-0.6711288624399181,0.1919977111467155,0.152869306477454,1.738336919203478,0.32559940543216437,-0.19851911192492544,0.6876241702906842,-0.6592862511086397,0.19580162048186742,0.18637038012357499,1.7394511712896512,0.31562011071205764,-0.19886600176779318,0.6759489014351187
583477.586134673,PLAYBACK,4.052689527045004,0.002689526998437941,-0.6711288624399181,0.1919977111467155,0.1555545891508352,1.7387205310139606,0.32483218181119755,-0.19813550011444114,0.6864733348592367,-0.6584431348524852,0.19598972282653565,0.18844782713258984,1.7394114371012899,0.31450289556285055,-0.19926389018171786,0.6748742612718164
583477.594519007,PLAYBACK,4.061376063036732,0.0013760629808530211,-0.6711288624399181,0.1919977111467155,0.1578562600137321,1.7387205310139606,0.32444857000071503,-0.19813550011444114,0.6857061112382699,-0.6575812688067971,0.19617229674737088,0.1904344542023859,1.7393696263027953,0.31332309929304664,-0.19973422204590008,0.6737918004824655
583477.603521082,PLAYBACK,4.070325365988538,0.0003253660397604108,-0.6707452506294356,0.192381322957198,0.1605415426871133,1.7387205310139606,0.3240649581902325,-0.19813550011444114,0.6845552758068205,-0.6566605177307173,0.1963575884424541,0.19242514721702306,1.7393241978031009,0.31202787218772005,-0.2002972980994537,0.6726476641218213
583477.60812418,PLAYBACK,4.075078192981891,7.819302845746279e-05,-0.6703616388189513,0.1919977111467155,0.16169237811856263,1.739104142824445,0.3240649581902325,-0.19851911192492544,0.684171663996338,-0.6561576173307152,0.19645490729841505,0.1934616580189206,1.7392991799364874,0.3113078349596024,-0.20062771130621168,0.6720266250206053
583477.616631011,PLAYBACK,4.080075741978362,7.57420202717185e-05,-0.6703616388189513,0.192381322957198,0.1628432135500102,1.739104142824445,0.32368134637975,-0.19851911192492544,0.683404440375373,-0.6556180626101498,0.19655649333629377,0.19453760462726838,1.739272222711101,0.3105270411822381,-0.2009979836552758,0.671362661184987
583477.620804081,PLAYBACK,4.0900583050679415,5.830510053783655e-05,-0.6703616388189513,0.192381322957198,0.16514488441290887,1.739104142824445,0.32253051094830065,-0.19851911192492544,0.6826372167544061,-0.6545057298370295,0.19675741383865464,0.19664912655838399,1.7392163234817628,0.308895719614735,-0.20180577832584226,0.6699998355901864
583477.629821635,PLAYBACK,4.096723717986606,0.0017237180145457387,-0.6695944151979862,0.192381322957198,0.1662957198443582,1.739104142824445,0.32214689913781813,-0.19851911192492544,0.6814863813229568,-0.6537358260708487,0.19689035109684838,0.19803508033591227,1.7391773604821736,0.3077539063949365,-0.20239426887962428,0.6690603223701669
583477.639035528,PLAYBACK,4.105701245018281,0.0007012450369074941,-0.6692108033875037,0.192381322957198,0.16974822613870444,1.739104142824445,0.32176328732733384,-0.19890272373540796,0.6811027695124743,-0.6526617634811935,0.1970682843719537,0.19987718402524549,1.7391225255159735,0.3061502063577372,-0.20324705694789047,0.667753918753302
583477.643144645,PLAYBACK,4.110084510059096,8.451007306575775e-05,-0.6692108033875037,0.192381322957198,0.16974822613870444,1.739104142824445,0.3213796755168513,-0.19851911192492544,0.6807191577019918,-0.6521209255289552,0.1971548352745926,0.2007679900209989,1.739094648294204,0.3053399534298509,-0.2036879256015906,0.6670978224722307
583477.652131721,PLAYBACK,4.1188694660086185,0.0038694660179316998,-0.6688271915770212,0.192381322957198,0.17243350881208386,1.739104142824445,0.3206124518958863,-0.19928633554589048,0.6795683222705424,-0.6510023257982998,0.19732796268909378,0.20253951641875736,1.7390362773239527,0.3036626758470196,-0.2046186979616734,0.6657443999858378
583477.66116759,PLAYBACK,4.1278078380273655,0.0028078380273655057,-0.6680599679560544,0.192381322957198,0.17588601510643187,1.7394877546349274,0.31946161646443694,-0.19928633554589048,0.6784174868390949,-0.6498137066020869,0.19750404760837287,0.20432652821773456,1.7389729571069272,0.30188392158455246,-0.20562868714415397,0.6643115807931043
583477.670290217,PLAYBACK,4.138223565998487,0.0032235659891739488,-0.6676763561455719,0.19276493476768053,0.17818768596932877,1.7394877546349274,0.3179271692225051,-0.19928633554589048,0.677650263218128,-0.6483597053367531,0.19770975106551705,0.20639326982415218,1.7388932388620273,0.2997216885985392,-0.2068827732441338,0.6625666929051621
583477.679991007,PLAYBACK,4.145014991052449,1.499103382229805e-05,-0.666909132524605,0.19276493476768053,0.1793385214007781,1.7394877546349274,0.31754355741202256,-0.199669947356373,0.676883039597163,-0.647369500623146,0.19784446412707932,0.20773288833837497,1.738837264534371,0.298262075442463,-0.20774328156861052,0.6613836377138704
583477.68863919,PLAYBACK,4.155079182004556,7.91819766163826e-05,-0.6665255207141225,0.19276493476768053,0.18240741588464182,1.7394877546349274,0.3163927219805732,-0.2000535591668573,0.6757322041657137,-0.6458385955115877,0.19804531802097647,0.20970617986688436,1.7387476137361353,0.2960319335255481,-0.2090767993996674,0.6595635147189556
583477.692606764,PLAYBACK,4.160060810041614,6.081000901758671e-05,-0.6657582970931575,0.19276493476768053,0.18355825131608938,1.7394877546349274,0.3156254983596082,-0.20043717097733982,0.6753485923552311,-0.6450523833852306,0.19814538519702315,0.21067686994835935,1.738699948195246,0.2949009470150034,-0.20976092997911341,0.6586331947438547
583477.696627231,PLAYBACK,4.165060764062218,6.076402496546507e-05,-0.6653746852826732,0.19276493476768053,0.1843254749370562,1.7394877546349274,0.31485827473864136,-0.20082078278782234,0.6749649805447469,-0.6442444277325051,0.19824630425899095,0.21164622310953568,1.7386497183170306,0.2937497794254555,-0.21046232683102542,0.657680389654826
583477.705787921,PLAYBACK,4.172865301021375,0.002865300979465246,-0.6646074616617081,0.19276493476768053,0.1866271457999531,1.7394877546349274,0.313707439307192,-0.20120439459830486,0.673430533302815,-0.6429463645818958,0.1984048717594208,0.21314723155649232,1.7385661954106604,0.2919253010594673,-0.2115840036265358,0.6561566717230402
583477.714862796,PLAYBACK,4.181692669051699,0.0016926690004765987,-0.6638402380407413,0.19276493476768053,0.18816159304188496,1.7394877546349274,0.31217299206526017,-0.20158800640878916,0.6722796978713674,-0.6414267927306975,0.19858585269769924,0.21482210175487748,1.7384636688576283,0.28983063404080667,-0.21288668270974376,0.6543842221839061
583477.723978479,PLAYBACK,4.190060571068898,6.057112477719784e-05,-0.6634566262302588,0.19276493476768053,0.1896960402838168,1.7394877546349274,0.3106385448233283,-0.2023552300297542,0.6715124742504006,-0.6399408921339028,0.1987591254393303,0.21638051611823092,1.7383580811585946,0.2878267205435402,-0.21414816151305666,0.652662904643769
583477.727833987,PLAYBACK,4.1952200919622555,0.00022009201347827911,-0.6626894026092938,0.19276493476768053,0.19123048752574867,1.73987136644541,0.3102549330128458,-0.2023552300297542,0.6707452506294356,-0.6390055280228962,0.1988668555554515,0.21732393362920663,1.7382887462890522,0.2865879405330103,-0.21493590798087123,0.6515853033016994
583477.732043909,PLAYBACK,4.200055569061078,5.556910764425993e-05,-0.6623057907988095,0.19276493476768053,0.192381322957198,1.7394877546349274,0.30948770939188075,-0.20273884184023672,0.6703616388189513,-0.6381175503051082,0.19896849036320588,0.21819410491857474,1.7382207809380654,0.2854279826223139,-0.21567947427918785,0.6505664594053143
583477.741043769,PLAYBACK,4.20748584496323,0.0024858450051397085,-0.6615385671778444,0.19314854657816305,0.19314854657816305,1.7394877546349274,0.30756965033946637,-0.20350606546120353,0.6695944151979862,-0.6367354625145228,0.19912606759062054,0.21950159461054095,1.7381106787904177,0.28365297520338123,-0.21682959106174218,0.6489884657644152
583477.749716819,PLAYBACK,4.216834367020056,0.0018343670526519418,-0.6611549553673619,0.19314854657816305,0.19583382925154424,1.7394877546349274,0.3056515912870502,-0.20427328908216857,0.6684435797665369,-0.6349748966127696,0.1993271658495562,0.2210894145410155,1.7379624616440772,0.2814427801550771,-0.21828575427165312,0.6469911159638072
583477.758922767,PLAYBACK,4.225601669051684,0.0006016690749675035,-0.6600041199359126,0.19314854657816305,0.19736827649347788,1.73987136644541,0.30373353223463584,-0.2050405127031354,0.666909132524605,-0.633312466220757,0.19951934020038395,0.22251440841521045,1.7378139063079516,0.27940309921245904,-0.2196583644533684,0.6451165825508827
583477.762751253,PLAYBACK,4.230060430010781,6.043002940714359e-05,-0.6600041199359126,0.19314854657816305,0.19851911192492544,1.73987136644541,0.3029663086136708,-0.2054241245136179,0.66614190890364,-0.6324663086074136,0.19961869563947007,0.22321373840844277,1.7377349545100198,0.27838030801240027,-0.22035912578495506,0.6441660218211465
583477.772308116,PLAYBACK,4.235059480997734,5.948101170361042e-05,-0.6592368963149475,0.19314854657816305,0.19928633554589226,1.73987136644541,0.302199084992704,-0.20580773632410043,0.6653746852826732,-0.6315193216840007,0.199731613300256,0.2239767121067083,1.7376438411813389,0.2772460647719716,-0.22114755413359088,0.6431044356072205
583477.781020272,PLAYBACK,4.245059589040466,5.9589045122265816e-05,-0.6588532845044632,0.19353215838864735,0.20120439459830664,1.73987136644541,0.29913019050884027,-0.2073421835660323,0.6642238498512256,-0.6296381149394984,0.19996315988618157,0.22543427823385673,1.7374539477529976,0.27501756108429226,-0.22273718986490906,0.6410000724544472
583477.785777628,PLAYBACK,4.255061518982984,6.151897832751274e-05,-0.6580860608834982,0.19353215838864735,0.2027388418402385,1.73987136644541,0.2972121314564259,-0.2081094071869991,0.6623057907988095,-0.6277875270154248,0.20020379415087913,0.22679871086957923,1.737255157974854,0.27284084141246956,-0.22435270885732822,0.638930531838239
583477.794662316,PLAYBACK,4.261745658004656,0.0017456579953432083,-0.6573188372625314,0.19353215838864735,0.20465690089265287,1.7394877546349274,0.29644490783546085,-0.20849301899748163,0.6615385671778444,-0.6265760430176489,0.2003705025532682,0.22765812612938574,1.737118321205853,0.2714126289450518,-0.22545302390666525,0.6375723296020467
583477.803989557,PLAYBACK,4.271087105968036,0.001087105949409306,-0.6565516136415663,0.19353215838864735,0.20657495994506903,1.73987136644541,0.294910460593529,-0.20964385442893096,0.65962050812543,-0.6249268740428983,0.2006123587166573,0.22878939904963247,1.7369231768862539,0.26944707172499,-0.22702750944416614,0.6357136163526776
583477.808052866,PLAYBACK,4.275663684005849,0.000663683982565999,-0.6561680018310838,0.19353215838864735,0.20695857175555155,1.7394877546349274,0.29375962516207965,-0.21002746623941349,0.6584696726939807,-0.6241407668834237,0.20073487472876617,0.22931438964124579,1.736826431586544,0.2684951064830282,-0.22781740504828316,0.6348215971336141
583477.816610414,PLAYBACK,4.2837475390406325,0.0037475390126928687,-0.655400778210117,0.19353215838864735,0.2077257953765166,1.73987136644541,0.2922251779201478,-0.21117830167086282,0.6573188372625314,-0.6227921897074784,0.20095803803281656,0.23019592142796486,1.736654630770192,0.26682780498997094,-0.22924680534949823,0.6332785465870374
583477.825539929,PLAYBACK,4.292262344970368,0.002262344933114946,-0.654633554589152,0.19391577019912987,0.21002746623941526,1.7394877546349274,0.2899235070572491,-0.21232913710231038,0.6557843900205995,-0.6214323148918067,0.20120260144814298,0.2310633571979989,1.7364736031222732,0.26508672074447603,-0.2308043414811049,0.6317010507268003
583477.834960179,PLAYBACK,4.30007141106762,7.141102105379105e-05,-0.6534827191577026,0.19391577019912987,0.2107946898603803,1.7394877546349274,0.28838905981531904,-0.21386358434424224,0.6538663309681851,-0.6202442311603448,0.20143544535799307,0.23180648995801573,1.7363086876526257,0.26349916680070345,-0.2322833118733923,0.6302995940617571
583477.839618644,PLAYBACK,4.310057180002332,5.717994645237923e-05,-0.6523318837262533,0.19391577019912987,0.21232913710231216,1.7394877546349274,0.2868546125733872,-0.21463080796520906,0.6519482719157708,-0.6188117158891058,0.20174477660757542,0.23268843156835248,1.736100900373912,0.26147607455917843,-0.2342482610518615,0.6285724181355491
583477.847973552,PLAYBACK,4.315056362072937,5.636212881654501e-05,-0.6519482719157708,0.19391577019912987,0.21386358434424402,1.73987136644541,0.28608738895242036,-0.2153980315861741,0.6511810482948039,-0.6181319737386057,0.20190431959053048,0.23310303650690029,1.7359986634015083,0.2604643203322638,-0.23526357313042678,0.6277352896352051
583477.852263397,PLAYBACK,4.320002672960982,2.6730122044682503e-06,-0.6515646601052882,0.19391577019912987,0.21463080796521083,1.7394877546349274,0.28570377714193784,-0.21616525520714092,0.6500302128633564,-0.617484133622316,0.20206510635897157,0.23349670864571903,1.7358989116863746,0.25946303001314497,-0.23628889715529267,0.6269249866611047
583477.860991895,PLAYBACK,4.32779762102291,0.0027976210694760084,-0.6500302128633564,0.19391577019912987,0.2161652552071427,1.7394877546349274,0.284169329900006,-0.21731609063858848,0.648879377431907,-0.6165127960733002,0.20232411983245013,0.23408575444240742,1.735744875405639,0.2578831668495288,-0.2379461731857714,0.6256837514606151
583477.869786309,PLAYBACK,4.336222212994471,0.0012222130317240953,-0.648879377431907,0.19391577019912987,0.21731609063859025,1.7394877546349274,0.2822512708475916,-0.21885053788052033,0.6465777065690101,-0.6155300888545254,0.20261129335268357,0.2346825983905247,1.7355831705187874,0.25617105798686424,-0.23979309443297422,0.6243901044557048
583477.878368434,PLAYBACK,4.345064189052209,6.418908014893532e-05,-0.6477285420004577,0.1942993820096124,0.2184669260700396,1.7394877546349274,0.28033321179517545,-0.2203849851224522,0.644659647516594,-0.6145713782495703,0.20292008828154323,0.2352688114673273,1.7354191889550454,0.25436690135437406,-0.24179148877687165,0.6230836920630992
583477.8826018,PLAYBACK,4.350428094039671,0.0004280940629541874,-0.6469613183794927,0.19391577019912987,0.21923414969100463,1.7394877546349274,0.2795659881742104,-0.221152208743419,0.643892423895629,-0.6140248076914091,0.20311078125064805,0.23560615855988126,1.7353226968918523,0.2532681969300699,-0.24303236795773303,0.6223157367317117
583477.886848844,PLAYBACK,4.355060960049741,6.096006836742163e-05,-0.6465777065690101,0.1942993820096124,0.22000137331197145,1.739104142824445,0.27879876455324537,-0.22191943236438405,0.6427415884641796,-0.6135733268543104,0.20327735738859865,0.23588725550203923,1.7352412141030853,0.25231650468679423,-0.2441206613676216,0.6216668514810854
583477.896392892,PLAYBACK,4.362762799020857,0.0027627990348264575,-0.644659647516594,0.1942993820096124,0.22038498512245397,1.739104142824445,0.2772643173113135,-0.2234538796063159,0.6408235294117652,-0.6128636661700398,0.20355776041001178,0.2363349346975721,1.7351096274242013,0.2507288261388854,-0.2459618567996437,0.6206167420543441
583477.905326945,PLAYBACK,4.3721072929911315,0.002107292995788157,-0.6431252002746621,0.1946829938200949,0.22191943236438583,1.739104142824445,0.27534625825889736,-0.22498832684824777,0.6389054703593509,-0.612068490241634,0.2039029791713348,0.236847799975564,1.73495656984426,0.24879418782665366,-0.24824453322749013,0.6193890467083876
583477.914314171,PLAYBACK,4.381161377998069,0.0011613779934123158,-0.6415907530327303,0.1946829938200949,0.22345387960631768,1.739104142824445,0.273428199206483,-0.22690638590066214,0.6366037994964522,-0.6113636196236683,0.20424150623935297,0.23731580184160742,1.734815279174867,0.24691360855433994,-0.2504997405221776,0.6182465632533941
583477.923502354,PLAYBACK,4.3900620070053264,6.200699135661125e-05,-0.6396726939803159,0.1950666056305792,0.2242211032272845,1.7387205310139606,0.2711265283435861,-0.228440833142594,0.6354529640650046,-0.6107305663295755,0.20457673672737348,0.2377503059947398,1.7346832249555053,0.24506352098234369,-0.25274894286517585,0.6171678520835898
583477.927566274,PLAYBACK,4.395060447044671,6.0447026044130325e-05,-0.6385218585488683,0.1950666056305792,0.22460471503776702,1.7387205310139606,0.27035930472261926,-0.22959166857404334,0.6346857404440378,-0.6104000258271003,0.20476545456519932,0.2379838207715748,1.7346120841025692,0.2440261652360864,-0.2540219270346878,0.6165813368185766
583477.936765138,PLAYBACK,4.400057574966922,5.7574943639338017e-05,-0.637371023117419,0.1950666056305792,0.22498832684824954,1.7387205310139606,0.2688248574806874,-0.23035889219501016,0.6335349050125885,-0.6100869133941463,0.20495406010635428,0.23821001868887234,1.7345431566978764,0.24299183264492716,-0.25529892262387166,0.6160089032920526
583477.940896368,PLAYBACK,4.410063714021817,6.37139892205596e-05,-0.6354529640650046,0.19545021744106172,0.22613916227969888,1.738336919203478,0.26690679842827303,-0.23304417486838958,0.6320004577706566,-0.6095100875511019,0.2053302017015196,0.23864188025846358,1.7344117950604523,0.240934697615288,-0.2578594969580439,0.6149049568923889
583477.950207007,PLAYBACK,4.416764906025492,0.0017649059882387519,-0.6335349050125885,0.19545021744106172,0.22690638590066392,1.738336919203478,0.266139574807308,-0.2338113984893564,0.630849622339209,-0.6091595152851628,0.20557987732557112,0.23891588767472602,1.7343288116596547,0.23957236300886786,-0.25956899171901854,0.6141975451261785
583477.958597412,PLAYBACK,4.425578547059558,0.0005785470129922032,-0.6312332341496916,0.19583382925154424,0.22805722133211326,1.738336919203478,0.26422151575489183,-0.23572945754177077,0.6293151750972772,-0.608739524789742,0.20590400172067927,0.23925833509382746,1.7342257469250106,0.23780639958670505,-0.26179946188461256,0.6133065264696507
583477.962783177,PLAYBACK,4.430085891042836,8.589099161326885e-05,-0.6304660105287265,0.19583382925154424,0.22844083314259578,1.738336919203478,0.2630706803234443,-0.2364966811627358,0.6285479514763104,-0.608541844917111,0.20606739941035837,0.23942580593653395,1.7341756799131371,0.2369169366695224,-0.26292854138200966,0.612868208613897
583477.971927235,PLAYBACK,4.438561451039277,0.0035614509833976626,-0.6281643396658279,0.19621744106202677,0.22844083314259578,1.7379533073929956,0.2607690094605456,-0.23879835202563449,0.6277807278553453,-0.6081995057426992,0.2063694524270822,0.23972713334101353,1.7340862749695454,0.235273603547287,-0.2650236454709259,0.6120756859421073
583477.981198248,PLAYBACK,4.447778330068104,0.0027783301193267107,-0.626629892423896,0.19660105287251106,0.22997528038452764,1.7379533073929956,0.2588509504081312,-0.24033279926756634,0.6270135042343785,-0.6078676631828723,0.20668913510811093,0.24003543106515682,1.733995856845684,0.23353506833328544,-0.2672518018078628,0.611260189536889
583477.989701501,PLAYBACK,4.457627766998485,0.0026277670403942466,-0.6250954451819641,0.19698466468299536,0.23074250400549445,1.738336919203478,0.25616566773475,-0.2418672465094982,0.6262462806134135,-0.6075551578970435,0.20701943712886595,0.24034371075198552,1.7339066801606307,0.231738945592257,-0.26956506345737463,0.6104406415623315
583477.999135357,PLAYBACK,4.465819620061666,0.0008196200942620635,-0.6235609979400323,0.19698466468299536,0.23112611581597697,1.738336919203478,0.25463122049281817,-0.2441689173723951,0.6254790569924467,-0.607324998305836,0.20728460628741,0.24058439250822425,1.7338380201801054,0.23029678002524606,-0.2714299599218118,0.6097983305929894
583478.008848392,PLAYBACK,4.475167230004445,0.00016723002772778273,-0.6224101625085829,0.19736827649347788,0.23189333943694201,1.738336919203478,0.2527131614404038,-0.24608697642480948,0.6247118333714816,-0.6070918001822809,0.2075761803836152,0.24084267926280573,1.7337653658638241,0.22871050023405856,-0.2734882265605953,0.609106970472445
583478.012730922,PLAYBACK,4.480067522032186,6.752205081284046e-05,-0.6220265506981004,0.1977518883039604,0.2322769512474263,1.7387205310139606,0.25194593781943875,-0.2468542000457763,0.6243282215609991,-0.6069809229334322,0.2077242702142477,0.2409714911848813,1.7337295550699279,0.22790455516171582,-0.274536588791243,0.6087614790920665
583478.016786636,PLAYBACK,4.485054951044731,5.495105870068073e-05,-0.6216429388876179,0.19813550011444292,0.2322769512474263,1.7387205310139606,0.25002787876702437,-0.24762142366674134,0.6239446097505148,-0.6068754520515998,0.20787161365481585,0.24109815934446627,1.733694627936192,0.2271024509833766,-0.2755816015487281,0.6084213370419609
583478.025837174,PLAYBACK,4.492988807032816,0.002988807042129338,-0.6208757152666529,0.19851911192492544,0.23266056305790883,1.738336919203478,0.24926065514605752,-0.2495394827191575,0.6231773861295498,-0.6067218455037171,0.20809899063762044,0.24129084938553366,1.7336420642234227,0.2258641744134416,-0.2771979403624924,0.6079032307675439
583478.035131442,PLAYBACK,4.501765246968716,0.001765246968716383,-0.620108491645686,0.19890272373540974,0.23342778667887387,1.738336919203478,0.24734259609364315,-0.25107392996108935,0.6227937743190672,-0.6065703385353961,0.20834056506484053,0.24149207898019878,1.7335879341374025,0.224547852730481,-0.2789199969391727,0.6073614202530054
583478.0438296,PLAYBACK,4.511807364993729,0.0018073649844154716,-0.6197248798352035,0.19928633554589226,0.23342778667887387,1.738336919203478,0.24504092523074447,-0.2529919890135037,0.6216429388876179,-0.606418047352786,0.20860436660951767,0.24170797341155859,1.7335307683563377,0.22310946203282456,-0.28080598368045895,0.6067794490391657
583478.048144875,PLAYBACK,4.515061946003698,6.194598972797394e-05,-0.6197248798352035,0.19966994735637478,0.23342778667887387,1.738336919203478,0.24504092523074447,-0.25375921263446877,0.6212593270771354,-0.6063730612311545,0.20868702407400216,0.24177483363363206,1.733513262589408,0.22265854748453184,-0.28139807733376576,0.6065991046154382
583478.056937546,PLAYBACK,4.523805011063814,0.0038050110451877117,-0.619341268024721,0.2000535591668573,0.2341950102998407,1.738336919203478,0.2438900897992969,-0.25567727168688315,0.620108491645686,-0.60626181720648,0.20890232155369504,0.2419473026936577,1.7334685517994488,0.22148352837750762,-0.2829428354438775,0.6061337047667158
583478.066082936,PLAYBACK,4.532873062998988,0.002873062971048057,-0.619341268024721,0.2004371709773416,0.2341950102998407,1.738336919203478,0.24235564255736505,-0.2575953307392993,0.619341268024721,-0.6061599216883176,0.20911541683359808,0.24211571199397863,1.733425531070027,0.22031974718031988,-0.28447533828910543,0.6056790609132553
583478.07504824,PLAYBACK,4.540086411056109,8.641101885586977e-05,-0.619341268024721,0.2004371709773416,0.2345786221103232,1.738336919203478,0.2408211953154332,-0.2595133897917137,0.6185740444037542,-0.6060876471389022,0.20927768056900828,0.24224248684102268,1.7333935746385076,0.21943302678799703,-0.28564460155498694,0.6053367367937516
583478.083843305,PLAYBACK,4.550069516059011,6.95160124450922e-05,-0.619341268024721,0.20082078278782411,0.23496223392080573,1.7379533073929956,0.23928674807350134,-0.26143144884412806,0.6178068207827891,-0.6059990661840243,0.20949195684547747,0.2424080416199989,1.733352415695426,0.2182613159582083,-0.28719169680723305,0.6048896627838939
583478.088368875,PLAYBACK,4.55505822703708,5.822698585689068e-05,-0.619341268024721,0.20082078278782411,0.23534584573129003,1.7379533073929956,0.23890313626301882,-0.2621986724650949,0.6178068207827891,-0.6059593241149547,0.20959468237031584,0.24248668265717171,1.7333330989539295,0.2176992709354621,-0.287934600831167,0.6046773047611663
583478.092080666,PLAYBACK,4.560074112028815,7.411197293549776e-05,-0.619341268024721,0.20082078278782411,0.23572945754177255,1.737569695582513,0.23775230083156948,-0.2629658960860599,0.6170395971618223,-0.6059221538302917,0.20969512765344514,0.2425631328947634,1.7333144694886078,0.2171494942253551,-0.2886617749882244,0.6044708809828537
583478.101452343,PLAYBACK,4.569126954069361,0.004126954125240445,-0.6189576562142367,0.20082078278782411,0.23611306935225507,1.737569695582513,0.23621785358963762,-0.2648839551384743,0.6162723735408573,-0.6058615946364708,0.20986941579754598,0.24269476086289232,1.7332827489705875,0.21619504142628795,-0.2899253214104164,0.6041155414967905
583478.111025488,PLAYBACK,4.577046933001839,0.002046933048404753,-0.619341268024721,0.20082078278782411,0.2364966811627376,1.7379533073929956,0.23468340634770576,-0.26680201419088867,0.6155051499198905,-0.605814887816567,0.2100147492982906,0.24280354702102466,1.7332568826548032,0.21539864426155214,-0.29098068893042883,0.6038219615557622
583478.11975154,PLAYBACK,4.58669397002086,0.0016939700581133366,-0.6189576562142367,0.20120439459830664,0.2368802929732201,1.737569695582513,0.23353257091625643,-0.26833646143282053,0.6147379262989254,-0.6057650469281984,0.21018308853962192,0.24292847485321023,1.7332275811495856,0.21447558204537115,-0.29220508441544074,0.6034849643923689
583478.129074964,PLAYBACK,4.595063686021604,6.368604954332113e-05,-0.6185740444037542,0.20158800640878916,0.2368802929732201,1.737569695582513,0.23199812367432457,-0.2702545204852367,0.6135870908674761,-0.6057273987377954,0.2103216289638701,0.24303044546355393,1.733203990036151,0.21371542536698304,-0.29321431031669465,0.6032100334770223
583478.133217616,PLAYBACK,4.600173220969737,0.00017322099301964045,-0.6185740444037542,0.20158800640878916,0.2372639047837044,1.7371860837720305,0.23123090005335953,-0.2710217441062017,0.6132034790569936,-0.6057067157223042,0.2104028522572956,0.24308988466000217,1.7331903755240143,0.21326955299046982,-0.2938066485771123,0.6030498400712546
583478.141889905,PLAYBACK,4.605074104038067,7.410405669361353e-05,-0.6185740444037542,0.20158800640878916,0.23764751659418692,1.7371860837720305,0.230847288242877,-0.27217257953765106,0.6128198672465093,-0.6056883842730437,0.21047841470063974,0.24314495763472477,1.7331778519659597,0.21285461594737923,-0.2943581320506752,0.602901460765043
583478.146237321,PLAYBACK,4.615058601018973,5.860102828592062e-05,-0.6181904325932717,0.20197161821927345,0.23764751659418692,1.7371860837720305,0.22854561737997833,-0.2748578622110305,0.6116690318150617,-0.6056552123776718,0.2106254268054887,0.2432514985570932,1.7331538766840404,0.21204693482806775,-0.2954322612680312,0.6026145549632911
583478.155622734,PLAYBACK,4.6235889460658655,0.00358894607052207,-0.6178068207827891,0.20197161821927345,0.23803112840466945,1.7368024719615462,0.227394781948529,-0.2756250858319973,0.6109018081940949,-0.6056308784483151,0.21074393637158037,0.2433368036304863,1.7331349274976782,0.21139545671352475,-0.29629928497972446,0.6023849858917842
583478.164067294,PLAYBACK,4.631238766014576,0.0012387660099193454,-0.6178068207827891,0.20197161821927345,0.23803112840466945,1.7368024719615462,0.22701117013804648,-0.27715953307392915,0.6101345845731299,-0.6056118757078689,0.21084497046238293,0.24340911609262672,1.7331190473040115,0.210839752874743,-0.2970392938331166,0.6021905056992217
583478.168772259,PLAYBACK,4.635119793005288,0.0001197929959744215,-0.6174232089723048,0.20197161821927345,0.23803112840466945,1.7368024719615462,0.22624394651708143,-0.2783103685053785,0.6097509727626473,-0.6056031790187054,0.21089443798332333,0.24344437905023203,1.7331113682437203,0.21056756803094206,-0.29740190501306685,0.6020957157088711
583478.177365987,PLAYBACK,4.644153108005412,0.004153107991442084,-0.6174232089723048,0.2027388418402385,0.23841474021515197,1.7368024719615462,0.2250931110856321,-0.27946120393682605,0.609367360952163,-0.6055852252676649,0.21100520712700832,0.24352299047228881,1.7330944144901483,0.20995781052296072,-0.29821461628315926,0.6018845326221767
583478.186249042,PLAYBACK,4.65006362600252,6.362597923725843e-05,-0.6174232089723048,0.2027388418402385,0.23841474021515197,1.7368024719615462,0.22394227565418276,-0.2806120393682754,0.6089837491416805,-0.6055751046524406,0.21107457767859833,0.2435719664276807,1.733083975987394,0.2095757344955378,-0.298724138678825,0.6017530680117815
583478.195025973,PLAYBACK,4.660117757041007,0.00011775700841099024,-0.6170395971618223,0.2027388418402385,0.23879835202563626,1.7368024719615462,0.22279144022273342,-0.28253009842068977,0.6074493018997487,-0.6055606139361366,0.21118736696866452,0.24365115706384805,1.7330673184669785,0.20895414217563005,-0.29955354285552704,0.6015407007152059
583478.199566551,PLAYBACK,4.670062417979352,6.241793744266033e-05,-0.6170395971618223,0.203122453650721,0.23918196383611878,1.7368024719615462,0.22164060479128586,-0.2840645456626216,0.6070656900892661,-0.6055493808158181,0.21129285602200976,0.24372471160251832,1.7330521117990942,0.20837232359127364,-0.30033042345191724,0.6013437050157724
583478.208596018,PLAYBACK,4.677089967997745,0.0020899679511785507,-0.6170395971618223,0.203122453650721,0.2395655756466013,1.7364188601510637,0.22048976935983652,-0.28444815747310415,0.6066820782787836,-0.6055431284569073,0.21136385844280778,0.24377393571336262,1.7330420874607046,0.20798044829032994,-0.3008539836540465,0.6012120266937248
583478.213456713,PLAYBACK,4.680058105965145,5.8105913922190666e-05,-0.6170395971618223,0.2035060654612053,0.2395655756466013,1.7364188601510637,0.22048976935983652,-0.28483176928358844,0.6062984664682993,-0.6055408736253872,0.21139295356937857,0.24379404055143278,1.7330380293632854,0.20781980354530433,-0.3010686816735265,0.6011582826262226
583478.222189379,PLAYBACK,4.689035163028166,0.004035162972286344,-0.6170395971618223,0.2035060654612053,0.23994918745708382,1.7364188601510637,0.21972254573887148,-0.2863662165255203,0.6059148546578168,-0.6055353267514687,0.2114775823739296,0.2438523035165911,1.733026389363299,0.20735232547598245,-0.3016936857856554,0.6010026635456704
583478.231060691,PLAYBACK,4.697815148974769,0.002815149025991559,-0.6170395971618223,0.2035060654612053,0.24033279926756812,1.7360352483405812,0.21818809849693963,-0.28751705195696786,0.6051476310368518,-0.6055315507249162,0.21155511530148846,0.24390540480404352,1.733015937061681,0.20692376721341202,-0.3022669500816916,0.600861002739831
583478.240193417,PLAYBACK,4.705071610049345,7.16100912541151e-05,-0.6166559853513398,0.2035060654612053,0.24071641107805064,1.7360352483405812,0.2174208748759728,-0.2886678873884172,0.604380407415885,-0.6055294752684721,0.21161490169227395,0.24394617612583294,1.733008013049588,0.20659312190922138,-0.3027094272926047,0.6007523488475829
583478.244576192,PLAYBACK,4.71505724999588,5.725002847611904e-05,-0.6166559853513398,0.20388967727168783,0.24071641107805064,1.7360352483405812,0.21627003944452347,-0.289435111009384,0.6039967956054024,-0.6055278788563677,0.211690148715942,0.24399727924760617,1.7329982052228632,0.20617675101374142,-0.3032668494360518,0.6006163035161239
583478.253436663,PLAYBACK,4.720116446958855,0.00011644698679447174,-0.6162723735408573,0.20427328908217035,0.24110002288853316,1.7360352483405812,0.21627003944452347,-0.29020233463034906,0.6039967956054024,-0.6055275198949129,0.21172490577617456,0.24402080578090474,1.732993736609971,0.20598434337167573,-0.303524520924796,0.6005537262064048
583478.257544799,PLAYBACK,4.725056816008873,5.681603215634823e-05,-0.6162723735408573,0.20427328908217035,0.24110002288853316,1.7360352483405812,0.21550281582355843,-0.2905859464408316,0.6036131837949199,-0.6055274010135681,0.21175651710669988,0.24404216030197926,1.7329897063137016,0.2058093036573096,-0.3037589786775425,0.6004969566069825
583478.266525191,PLAYBACK,4.735081359976903,0.005081359995529056,-0.615888761730373,0.20427328908217035,0.24148363469901568,1.7360352483405812,0.2143519803921091,-0.2913531700617984,0.6028459601739531,-0.6055276896441049,0.21181320825223335,0.24408035437150505,1.7329825604548825,0.2054952783149289,-0.3041797102574024,0.6003954951298315
583478.275380463,PLAYBACK,4.742257717065513,0.0022577170748263597,-0.6155051499198905,0.20427328908217035,0.24148363469901568,1.7360352483405812,0.21358475677114405,-0.29212039368276344,0.6024623483634706,-0.6055281854496322,0.21184739640712447,0.24410332220593203,1.7329783037121298,0.20530582943931,-0.3044336034638038,0.6003345307286397
583478.284170198,PLAYBACK,4.751100204070099,0.0011002040700986981,-0.6155051499198905,0.20504051270313717,0.24186724650949998,1.7360352483405812,0.21281753315017723,-0.29288761730373025,0.6016951247425055,-0.6055289515258697,0.21188199273559252,0.2441265108156864,1.7329740394597162,0.2051140583014085,-0.3046906654259609,0.6002730214710772
583478.293566582,PLAYBACK,4.760310670011677,0.0003106700023636222,-0.6147379262989254,0.20504051270313717,0.2422508583199825,1.7356516365300987,0.2120503095292122,-0.2936548409246953,0.6013115129320212,-0.6055297647774729,0.2119092532166733,0.2441447403743957,1.7329707137948351,0.20496290217994942,-0.30489332900101773,0.6002246996899524
583478.297425998,PLAYBACK,4.765063317026943,6.331701297312975e-05,-0.6147379262989254,0.20504051270313717,0.2422508583199825,1.7352680247196144,0.21166669771872967,-0.2936548409246953,0.6016951247425055,-0.6055301427035301,0.21191994508735418,0.2441518784378471,1.7329694191163751,0.20490360330872243,-0.30497284679252523,0.600205788083662
583478.306741216,PLAYBACK,4.770073108957149,7.310893852263689e-05,-0.6143543144884411,0.20504051270313717,0.2422508583199825,1.7352680247196144,0.21051586228728034,-0.2940384527351778,0.6013115129320212,-0.6055304890050907,0.2119288760342043,0.24415783479342937,1.7329683427029665,0.20485406363465794,-0.30503928425168003,0.6001900123166823
583478.316055963,PLAYBACK,4.780116009991616,0.00011600996367633343,-0.6132034790569936,0.2054241245136197,0.2422508583199825,1.7352680247196144,0.21013225047679782,-0.29480567635614463,0.6009279011215387,-0.6055309838231638,0.21194029358253633,0.24416543923954448,1.7329669751638361,0.20479071857143277,-0.30512424693421575,0.6001698801333136
583478.319808042,PLAYBACK,4.7900725330691785,7.253303192555904e-05,-0.6124362554360268,0.2058077363241022,0.2422508583199825,1.7348844129091319,0.20974863866631352,-0.29557289997710967,0.6009279011215387,-0.6055312057270301,0.21194482913245122,0.24416845507203186,1.7329664360933674,0.20476554911276004,-0.3051580111679329,0.6001619002243561
583478.329326622,PLAYBACK,4.795870483969338,0.0008704839274287224,-0.6120526436255442,0.20619134813458473,0.2422508583199825,1.7348844129091319,0.209365026855831,-0.29557289997710967,0.6005442893110562,-0.6055312399640942,0.21194547322846768,0.24416888281939436,1.7329663599892164,0.2047619741298791,-0.30516280748369223,0.6001607688701015
583478.33787404,PLAYBACK,4.8,6.388698238879442e-05,-0.6109018081940949,0.20657495994506903,0.24263447013046502,1.7348844129091319,0.20898141504534848,-0.2963401235980765,0.6001606775005737,-0.6055312428473343,0.21194552529182964,0.24416891737239688,1.7329663538567175,0.20476168513003543,-0.30516319523918334,0.6001606775005737
583478.338287477,ENDPOINT SOFT HOLD,0,0,-0.6105181963836124,0.20657495994506903,0.24263447013046502,1.7348844129091319,0.20859780323486596,-0.2963401235980765,0.6001606775005737,-0.6055312428473343,0.21194552529182964,0.24416891737239688,1.7329663538567175,0.20476168513003543,-0.30516319523918334,0.6001606775005737
583478.358902907,ENDPOINT SOFT HOLD,0,0,-0.608600137331198,0.20734218356603407,0.24263447013046502,1.7348844129091319,0.20783057961389914,-0.2974909590295258,0.5997770656900894,-0.6055312428473343,0.21194552529182964,0.24416891737239688,1.7329663538567175,0.20476168513003543,-0.30516319523918334,0.6001606775005737
583478.379528426,ENDPOINT SOFT HOLD,0,0,-0.6062984664682993,0.2077257953765166,0.24301808194094754,1.7345008010986493,0.20744696780341662,-0.29787457084000835,0.5997770656900894,-0.6055312428473343,0.21194552529182964,0.24416891737239688,1.7329663538567175,0.20476168513003543,-0.30516319523918334,0.6001606775005737
583478.400491095,ENDPOINT SOFT HOLD,0,0,-0.6051476310368518,0.2081094071869991,0.24301808194094754,1.7345008010986493,0.2066797441824498,-0.2990254062714577,0.5997770656900894,-0.6055312428473343,0.21194552529182964,0.24416891737239688,1.7329663538567175,0.20476168513003543,-0.30516319523918334,0.6001606775005737
583478.422535609,ENDPOINT SOFT HOLD,0,0,-0.6036131837949199,0.2084930189974834,0.24301808194094754,1.7345008010986493,0.20629613237196728,-0.30017624170290524,0.5993934538796069,-0.6055312428473343,0.21194552529182964,0.24416891737239688,1.7329663538567175,0.20476168513003543,-0.30516319523918334,0.6001606775005737
583478.443669397,ENDPOINT SOFT HOLD,0,0,-0.6024623483634706,0.20887663080796592,0.24301808194094754,1.7348844129091319,0.20591252056148476,-0.30094346532387206,0.5993934538796069,-0.6055312428473343,0.21194552529182964,0.24416891737239688,1.7329663538567175,0.20476168513003543,-0.30516319523918334,0.6001606775005737
583478.465540847,ENDPOINT SOFT HOLD,0,0,-0.6024623483634706,0.20964385442893096,0.24340169375143184,1.7348844129091319,0.20591252056148476,-0.3017106889448371,0.5993934538796069,-0.6055312428473343,0.21194552529182964,0.24416891737239688,1.7329663538567175,0.20476168513003543,-0.30516319523918334,0.6001606775005737
583478.487160743,ENDPOINT SOFT HOLD,0,0,-0.6024623483634706,0.21041107804989778,0.24340169375143184,1.7345008010986493,0.20552890875100224,-0.3024779125658039,0.5990098420691243,-0.6055312428473343,0.21194552529182964,0.24416891737239688,1.7329663538567175,0.20476168513003543,-0.30516319523918334,0.6001606775005737
583478.508194759,ENDPOINT SOFT HOLD,0,0,-0.6028459601739531,0.2107946898603803,0.24340169375143184,1.7345008010986493,0.20552890875100224,-0.30286152437628644,0.5990098420691243,-0.6055312428473343,0.21194552529182964,0.24416891737239688,1.7329663538567175,0.20476168513003543,-0.30516319523918334,0.6001606775005737
583478.530220226,ENDPOINT SOFT HOLD,0,0,-0.6028459601739531,0.21156191348134712,0.24378530556191436,1.7345008010986493,0.20552890875100224,-0.3036287479972515,0.5990098420691243,-0.6055312428473343,0.21194552529182964,0.24416891737239688,1.7329663538567175,0.20476168513003543,-0.30516319523918334,0.6001606775005737
583478.550504328,ENDPOINT SOFT HOLD,0,0,-0.6024623483634706,0.21156191348134712,0.24378530556191436,1.7341171892881668,0.20514529694051795,-0.3036287479972515,0.5990098420691243,-0.6055312428473343,0.21194552529182964,0.24416891737239688,1.7329663538567175,0.20476168513003543,-0.30516319523918334,0.6001606775005737
583478.570821844,ENDPOINT SOFT HOLD,0,0,-0.6024623483634706,0.21232913710231216,0.24378530556191436,1.7337335774776825,0.20552890875100224,-0.3036287479972515,0.5990098420691243,-0.6055312428473343,0.21194552529182964,0.24416891737239688,1.7329663538567175,0.20476168513003543,-0.30516319523918334,0.6001606775005737
583478.592589784,ENDPOINT SOFT HOLD,0,0,-0.6024623483634706,0.21271274891279468,0.24378530556191436,1.7337335774776825,0.20552890875100224,-0.3040123598077358,0.5990098420691243,-0.6055312428473343,0.21194552529182964,0.24416891737239688,1.7329663538567175,0.20476168513003543,-0.30516319523918334,0.6001606775005737
583478.613729625,ENDPOINT SOFT HOLD,0,0,-0.6024623483634706,0.21271274891279468,0.24378530556191436,1.7337335774776825,0.20514529694051795,-0.3040123598077358,0.5990098420691243,-0.6055312428473343,0.21194552529182964,0.24416891737239688,1.7329663538567175,0.20476168513003543,-0.30516319523918334,0.6001606775005737
583478.63418652,ENDPOINT SOFT HOLD,0,0,-0.6024623483634706,0.21309636072327898,0.24378530556191436,1.7337335774776825,0.20514529694051795,-0.3043959716182183,0.5990098420691243,-0.6055312428473343,0.21194552529182964,0.24416891737239688,1.7329663538567175,0.20476168513003543,-0.30516319523918334,0.6001606775005737
583478.655151312,ENDPOINT SOFT HOLD,0,0,-0.6024623483634706,0.2134799725337615,0.24378530556191436,1.7333499656672,0.20514529694051795,-0.3043959716182183,0.5986262302586418,-0.6055312428473343,0.21194552529182964,0.24416891737239688,1.7329663538567175,0.20476168513003543,-0.30516319523918334,0.6001606775005737
583478.675323138,ENDPOINT SOFT HOLD,0,0,-0.6024623483634706,0.2134799725337615,0.24378530556191436,1.7333499656672,0.20476168513003543,-0.3043959716182183,0.5990098420691243,-0.6055312428473343,0.21194552529182964,0.24416891737239688,1.7329663538567175,0.20476168513003543,-0.30516319523918334,0.6001606775005737
583478.696869141,ENDPOINT SOFT HOLD,0,0,-0.6024623483634706,0.2134799725337615,0.24378530556191436,1.7333499656672,0.20476168513003543,-0.3043959716182183,0.5990098420691243,-0.6055312428473343,0.21194552529182964,0.24416891737239688,1.7329663538567175,0.20476168513003543,-0.30516319523918334,0.6001606775005737
583478.717423303,ENDPOINT SOFT HOLD,0,0,-0.6024623483634706,0.21386358434424402,0.24416891737239688,1.7329663538567175,0.20514529694051795,-0.3047795834287008,0.5990098420691243,-0.6055312428473343,0.21194552529182964,0.24416891737239688,1.7329663538567175,0.20476168513003543,-0.30516319523918334,0.6001606775005737
583478.737777069,ENDPOINT SOFT HOLD,0,0,-0.6024623483634706,0.2134799725337615,0.24416891737239688,1.732582742046235,0.20514529694051795,-0.3047795834287008,0.5990098420691243,-0.6055312428473343,0.21194552529182964,0.24416891737239688,1.7329663538567175,0.20476168513003543,-0.30516319523918334,0.6001606775005737
583478.758884076,ENDPOINT SOFT HOLD,0,0,-0.6028459601739531,0.21386358434424402,0.24416891737239688,1.7329663538567175,0.20514529694051795,-0.3047795834287008,0.5990098420691243,-0.6055312428473343,0.21194552529182964,0.24416891737239688,1.7329663538567175,0.20476168513003543,-0.30516319523918334,0.6001606775005737
583478.780064805,ENDPOINT SOFT HOLD,0,0,-0.6028459601739531,0.21386358434424402,0.2445525291828794,1.732582742046235,0.20476168513003543,-0.30516319523918334,0.5990098420691243,-0.6055312428473343,0.21194552529182964,0.24416891737239688,1.7329663538567175,0.20476168513003543,-0.30516319523918334,0.6001606775005737
583478.801332512,ENDPOINT SOFT HOLD,0,0,-0.6024623483634706,0.21386358434424402,0.24416891737239688,1.732582742046235,0.20476168513003543,-0.30516319523918334,0.5993934538796069,-0.6055312428473343,0.21194552529182964,0.24416891737239688,1.7329663538567175,0.20476168513003543,-0.30516319523918334,0.6001606775005737
583478.82226362,ENDPOINT SOFT HOLD,0,0,-0.6024623483634706,0.21386358434424402,0.24416891737239688,1.732582742046235,0.20476168513003543,-0.30516319523918334,0.5993934538796069,-0.6055312428473343,0.21194552529182964,0.24416891737239688,1.7329663538567175,0.20476168513003543,-0.30516319523918334,0.6001606775005737
583478.844546533,ENDPOINT SOFT HOLD,0,0,-0.6024623483634706,0.21386358434424402,0.24416891737239688,1.732582742046235,0.20476168513003543,-0.30554680704966763,0.5990098420691243,-0.6055312428473343,0.21194552529182964,0.24416891737239688,1.7329663538567175,0.20476168513003543,-0.30516319523918334,0.6001606775005737
583478.866113556,ENDPOINT SOFT HOLD,0,0,-0.6024623483634706,0.21386358434424402,0.24416891737239688,1.732582742046235,0.20476168513003543,-0.30554680704966763,0.5990098420691243,-0.6055312428473343,0.21194552529182964,0.24416891737239688,1.7329663538567175,0.20476168513003543,-0.30516319523918334,0.6001606775005737
583478.886321932,ENDPOINT SOFT HOLD,0,0,-0.6024623483634706,0.21386358434424402,0.24416891737239688,1.732582742046235,0.20476168513003543,-0.30516319523918334,0.5993934538796069,-0.6055312428473343,0.21194552529182964,0.24416891737239688,1.7329663538567175,0.20476168513003543,-0.30516319523918334,0.6001606775005737
583478.907376388,ENDPOINT SOFT HOLD,0,0,-0.6028459601739531,0.21386358434424402,0.24416891737239688,1.732582742046235,0.20476168513003543,-0.30516319523918334,0.5993934538796069,-0.6055312428473343,0.21194552529182964,0.24416891737239688,1.7329663538567175,0.20476168513003543,-0.30516319523918334,0.6001606775005737
583478.928516098,ENDPOINT SOFT HOLD,0,0,-0.6024623483634706,0.21386358434424402,0.24416891737239688,1.732582742046235,0.20514529694051795,-0.30516319523918334,0.5993934538796069,-0.6055312428473343,0.21194552529182964,0.24416891737239688,1.7329663538567175,0.20476168513003543,-0.30516319523918334,0.6001606775005737
583478.950475929,ENDPOINT SOFT HOLD,0,0,-0.6024623483634706,0.21386358434424402,0.24416891737239688,1.732582742046235,0.20476168513003543,-0.30516319523918334,0.5993934538796069,-0.6055312428473343,0.21194552529182964,0.24416891737239688,1.7329663538567175,0.20476168513003543,-0.30516319523918334,0.6001606775005737
583478.972604544,ENDPOINT SOFT HOLD,0,0,-0.6028459601739531,0.21386358434424402,0.24416891737239688,1.732582742046235,0.20514529694051795,-0.30554680704966763,0.5993934538796069,-0.6055312428473343,0.21194552529182964,0.24416891737239688,1.7329663538567175,0.20476168513003543,-0.30516319523918334,0.6001606775005737
583478.9945571,ENDPOINT SOFT HOLD,0,0,-0.6028459601739531,0.21386358434424402,0.24416891737239688,1.732582742046235,0.20514529694051795,-0.30554680704966763,0.5993934538796069,-0.6055312428473343,0.21194552529182964,0.24416891737239688,1.7329663538567175,0.20476168513003543,-0.30516319523918334,0.6001606775005737
583479.016663182,ENDPOINT SOFT HOLD,0,0,-0.6028459601739531,0.2134799725337615,0.24416891737239688,1.732582742046235,0.20476168513003543,-0.30516319523918334,0.5993934538796069,-0.6055312428473343,0.21194552529182964,0.24416891737239688,1.7329663538567175,0.20476168513003543,-0.30516319523918334,0.6001606775005737
583479.037078728,ENDPOINT SOFT HOLD,0,0,-0.6028459601739531,0.21386358434424402,0.24416891737239688,1.7321991302357507,0.20514529694051795,-0.30554680704966763,0.5993934538796069,-0.6055312428473343,0.21194552529182964,0.24416891737239688,1.7329663538567175,0.20476168513003543,-0.30516319523918334,0.6001606775005737
583479.058980386,ENDPOINT SOFT HOLD,0,0,-0.6028459601739531,0.2134799725337615,0.24416891737239688,1.732582742046235,0.20476168513003543,-0.30516319523918334,0.5993934538796069,-0.6055312428473343,0.21194552529182964,0.24416891737239688,1.7329663538567175,0.20476168513003543,-0.30516319523918334,0.6001606775005737
583479.079022491,ENDPOINT SOFT HOLD,0,0,-0.6024623483634706,0.21386358434424402,0.24416891737239688,1.732582742046235,0.20476168513003543,-0.30554680704966763,0.5997770656900894,-0.6055312428473343,0.21194552529182964,0.24416891737239688,1.7329663538567175,0.20476168513003543,-0.30516319523918334,0.6001606775005737
583479.101060883,ENDPOINT SOFT HOLD,0,0,-0.6028459601739531,0.2134799725337615,0.24416891737239688,1.732582742046235,0.20476168513003543,-0.30554680704966763,0.5993934538796069,-0.6055312428473343,0.21194552529182964,0.24416891737239688,1.7329663538567175,0.20476168513003543,-0.30516319523918334,0.6001606775005737
583479.122175805,ENDPOINT SOFT HOLD,0,0,-0.6028459601739531,0.2134799725337615,0.24416891737239688,1.7321991302357507,0.20514529694051795,-0.30554680704966763,0.5993934538796069,-0.6055312428473343,0.21194552529182964,0.24416891737239688,1.7329663538567175,0.20476168513003543,-0.30516319523918334,0.6001606775005737
583479.142311781,ENDPOINT SOFT HOLD,0,0,-0.6028459601739531,0.21386358434424402,0.24416891737239688,1.732582742046235,0.20476168513003543,-0.30554680704966763,0.5993934538796069,-0.6055312428473343,0.21194552529182964,0.24416891737239688,1.7329663538567175,0.20476168513003543,-0.30516319523918334,0.6001606775005737
583479.163629014,ENDPOINT SOFT HOLD,0,0,-0.6028459601739531,0.2134799725337615,0.24416891737239688,1.732582742046235,0.20514529694051795,-0.30554680704966763,0.5993934538796069,-0.6055312428473343,0.21194552529182964,0.24416891737239688,1.7329663538567175,0.20476168513003543,-0.30516319523918334,0.6001606775005737
583479.724899501,ENDPOINT HOLD,0,0,-0.6051476310368518,0.21232913710231216,0.2445525291828794,1.7329663538567175,0.20476168513003543,-0.30516319523918334,0.6001606775005737,-0.6055312428473343,0.21194552529182964,0.24416891737239688,1.7329663538567175,0.20476168513003543,-0.30516319523918334,0.6001606775005737
583479.745049675,ENDPOINT HOLD,0,0,-0.6051476310368518,0.21232913710231216,0.24416891737239688,1.7329663538567175,0.20476168513003543,-0.30516319523918334,0.6001606775005737,-0.6055312428473343,0.21194552529182964,0.24416891737239688,1.7329663538567175,0.20476168513003543,-0.30516319523918334,0.6001606775005737
583479.76614543,ENDPOINT HOLD,0,0,-0.6051476310368518,0.21232913710231216,0.2445525291828794,1.7329663538567175,0.20476168513003543,-0.30516319523918334,0.6005442893110562,-0.6055312428473343,0.21194552529182964,0.24416891737239688,1.7329663538567175,0.20476168513003543,-0.30516319523918334,0.6001606775005737
583479.787733394,ENDPOINT HOLD,0,0,-0.6051476310368518,0.21232913710231216,0.2445525291828794,1.7329663538567175,0.20476168513003543,-0.30516319523918334,0.6001606775005737,-0.6055312428473343,0.21194552529182964,0.24416891737239688,1.7329663538567175,0.20476168513003543,-0.30516319523918334,0.6001606775005737
583479.808655976,ENDPOINT HOLD,0,0,-0.6051476310368518,0.21232913710231216,0.2445525291828794,1.7329663538567175,0.20476168513003543,-0.30516319523918334,0.6001606775005737,-0.6055312428473343,0.21194552529182964,0.24416891737239688,1.7329663538567175,0.20476168513003543,-0.30516319523918334,0.6001606775005737
583479.829570683,ENDPOINT HOLD,0,0,-0.6051476310368518,0.21232913710231216,0.2445525291828794,1.7329663538567175,0.20514529694051795,-0.30516319523918334,0.6001606775005737,-0.6055312428473343,0.21194552529182964,0.24416891737239688,1.7329663538567175,0.20476168513003543,-0.30516319523918334,0.6001606775005737
583479.850920247,ENDPOINT HOLD,0,0,-0.6047640192263675,0.21232913710231216,0.2445525291828794,1.7329663538567175,0.20476168513003543,-0.3047795834287008,0.6005442893110562,-0.6055312428473343,0.21194552529182964,0.24416891737239688,1.7329663538567175,0.20476168513003543,-0.30516319523918334,0.6001606775005737
583479.872678209,ENDPOINT HOLD,0,0,-0.6051476310368518,0.21232913710231216,0.2445525291828794,1.7333499656672,0.20514529694051795,-0.30516319523918334,0.6001606775005737,-0.6055312428473343,0.21194552529182964,0.24416891737239688,1.7329663538567175,0.20476168513003543,-0.30516319523918334,0.6001606775005737
583479.892736445,ENDPOINT HOLD,0,0,-0.6051476310368518,0.21232913710231216,0.2445525291828794,1.7329663538567175,0.20514529694051795,-0.3047795834287008,0.6005442893110562,-0.6055312428473343,0.21194552529182964,0.24416891737239688,1.7329663538567175,0.20476168513003543,-0.30516319523918334,0.6001606775005737
583479.913819706,ENDPOINT HOLD,0,0,-0.6051476310368518,0.21232913710231216,0.2445525291828794,1.7333499656672,0.20476168513003543,-0.30516319523918334,0.6005442893110562,-0.6055312428473343,0.21194552529182964,0.24416891737239688,1.7329663538567175,0.20476168513003543,-0.30516319523918334,0.6001606775005737
583479.934262303,ENDPOINT HOLD,0,0,-0.6055312428473343,0.21232913710231216,0.24416891737239688,1.7329663538567175,0.20514529694051795,-0.30516319523918334,0.6005442893110562,-0.6055312428473343,0.21194552529182964,0.24416891737239688,1.7329663538567175,0.20476168513003543,-0.30516319523918334,0.6001606775005737
583479.956428802,ENDPOINT HOLD,0,0,-0.6055312428473343,0.21232913710231216,0.2445525291828794,1.7329663538567175,0.20476168513003543,-0.30516319523918334,0.6005442893110562,-0.6055312428473343,0.21194552529182964,0.24416891737239688,1.7329663538567175,0.20476168513003543,-0.30516319523918334,0.6001606775005737
583479.977549375,ENDPOINT HOLD,0,0,-0.6055312428473343,0.21194552529182964,0.2445525291828794,1.7333499656672,0.20476168513003543,-0.30516319523918334,0.6001606775005737,-0.6055312428473343,0.21194552529182964,0.24416891737239688,1.7329663538567175,0.20476168513003543,-0.30516319523918334,0.6001606775005737
583479.999945827,ENDPOINT HOLD,0,0,-0.6055312428473343,0.21232913710231216,0.24416891737239688,1.7329663538567175,0.20514529694051795,-0.30516319523918334,0.6005442893110562,-0.6055312428473343,0.21194552529182964,0.24416891737239688,1.7329663538567175,0.20476168513003543,-0.30516319523918334,0.6001606775005737
583480.020725533,ENDPOINT HOLD,0,0,-0.6055312428473343,0.21194552529182964,0.24416891737239688,1.7333499656672,0.20514529694051795,-0.30516319523918334,0.6005442893110562,-0.6055312428473343,0.21194552529182964,0.24416891737239688,1.7329663538567175,0.20476168513003543,-0.30516319523918334,0.6001606775005737
583480.04183742,ENDPOINT HOLD,0,0,-0.6055312428473343,0.21232913710231216,0.2445525291828794,1.7329663538567175,0.20476168513003543,-0.3047795834287008,0.6005442893110562,-0.6055312428473343,0.21194552529182964,0.24416891737239688,1.7329663538567175,0.20476168513003543,-0.30516319523918334,0.6001606775005737
583480.06258276,ENDPOINT HOLD,0,0,-0.6051476310368518,0.21194552529182964,0.2445525291828794,1.7329663538567175,0.20476168513003543,-0.3047795834287008,0.6005442893110562,-0.6055312428473343,0.21194552529182964,0.24416891737239688,1.7329663538567175,0.20476168513003543,-0.30516319523918334,0.6001606775005737
583480.083281851,ENDPOINT HOLD,0,0,-0.6051476310368518,0.21232913710231216,0.2445525291828794,1.7329663538567175,0.20514529694051795,-0.30516319523918334,0.6005442893110562,-0.6055312428473343,0.21194552529182964,0.24416891737239688,1.7329663538567175,0.20476168513003543,-0.30516319523918334,0.6001606775005737
583480.103867143,ENDPOINT HOLD,0,0,-0.6051476310368518,0.21232913710231216,0.2445525291828794,1.7329663538567175,0.20514529694051795,-0.3047795834287008,0.6001606775005737,-0.6055312428473343,0.21194552529182964,0.24416891737239688,1.7329663538567175,0.20476168513003543,-0.30516319523918334,0.6001606775005737
583480.125410351,ENDPOINT HOLD,0,0,-0.6051476310368518,0.21232913710231216,0.2445525291828794,1.7329663538567175,0.20514529694051795,-0.30516319523918334,0.6005442893110562,-0.6055312428473343,0.21194552529182964,0.24416891737239688,1.7329663538567175,0.20476168513003543,-0.30516319523918334,0.6001606775005737
583480.146461631,ENDPOINT HOLD,0,0,-0.6055312428473343,0.21232913710231216,0.2445525291828794,1.7329663538567175,0.20514529694051795,-0.30516319523918334,0.6005442893110562,-0.6055312428473343,0.21194552529182964,0.24416891737239688,1.7329663538567175,0.20476168513003543,-0.30516319523918334,0.6001606775005737
583480.166714272,ENDPOINT HOLD,0,0,-0.6055312428473343,0.21232913710231216,0.2445525291828794,1.7329663538567175,0.20514529694051795,-0.30516319523918334,0.6001606775005737,-0.6055312428473343,0.21194552529182964,0.24416891737239688,1.7329663538567175,0.20476168513003543,-0.30516319523918334,0.6001606775005737
583480.18690297,ENDPOINT HOLD,0,0,-0.6055312428473343,0.21232913710231216,0.2445525291828794,1.7329663538567175,0.20514529694051795,-0.30516319523918334,0.6001606775005737,-0.6055312428473343,0.21194552529182964,0.24416891737239688,1.7329663538567175,0.20476168513003543,-0.30516319523918334,0.6001606775005737
583480.208390931,ENDPOINT HOLD,0,0,-0.6055312428473343,0.21232913710231216,0.24416891737239688,1.7329663538567175,0.20514529694051795,-0.30516319523918334,0.6005442893110562,-0.6055312428473343,0.21194552529182964,0.24416891737239688,1.7329663538567175,0.20476168513003543,-0.30516319523918334,0.6001606775005737
583480.2296652,ENDPOINT HOLD,0,0,-0.6055312428473343,0.21232913710231216,0.2445525291828794,1.7333499656672,0.20514529694051795,-0.30516319523918334,0.6005442893110562,-0.6055312428473343,0.21194552529182964,0.24416891737239688,1.7329663538567175,0.20476168513003543,-0.30516319523918334,0.6001606775005737
583480.250319996,ENDPOINT HOLD,0,0,-0.6051476310368518,0.21232913710231216,0.2445525291828794,1.7329663538567175,0.20514529694051795,-0.3047795834287008,0.6005442893110562,-0.6055312428473343,0.21194552529182964,0.24416891737239688,1.7329663538567175,0.20476168513003543,-0.30516319523918334,0.6001606775005737
583480.270953912,ENDPOINT HOLD,0,0,-0.6055312428473343,0.21232913710231216,0.24416891737239688,1.7329663538567175,0.20514529694051795,-0.30516319523918334,0.6005442893110562,-0.6055312428473343,0.21194552529182964,0.24416891737239688,1.7329663538567175,0.20476168513003543,-0.30516319523918334,0.6001606775005737
583480.291958642,ENDPOINT HOLD,0,0,-0.6051476310368518,0.21194552529182964,0.2445525291828794,1.7333499656672,0.20514529694051795,-0.3047795834287008,0.6005442893110562,-0.6055312428473343,0.21194552529182964,0.24416891737239688,1.7329663538567175,0.20476168513003543,-0.30516319523918334,0.6001606775005737
583480.313838378,ENDPOINT HOLD,0,0,-0.6051476310368518,0.21232913710231216,0.2445525291828794,1.7329663538567175,0.20476168513003543,-0.30516319523918334,0.6005442893110562,-0.6055312428473343,0.21194552529182964,0.24416891737239688,1.7329663538567175,0.20476168513003543,-0.30516319523918334,0.6001606775005737
