monotonic_s,phase,trajectory_time_s,lateness_s,q1,q2,q3,q4,q5,q6,q7,target1,target2,target3,target4,target5,target6,target7
843521.578117117,START HOLD,0,0,0.030497138933395007,0.025126573586632617,0.03586770428015562,0.03932021057450186,-0.0656846412604434,-0.1950666056305792,1.3389970244907303,0.03011352712291071,0.025510185397115137,0.03586770428015562,0.03893659876401934,-0.0656846412604434,-0.19545021744106172,1.338613412680246
843521.598829093,START HOLD,0,0,0.030497138933395007,0.025893797207599434,0.03586770428015562,0.03932021057450186,-0.0656846412604434,-0.19545021744106172,1.338613412680246,0.03011352712291071,0.025510185397115137,0.03586770428015562,0.03893659876401934,-0.0656846412604434,-0.19545021744106172,1.338613412680246
843521.621724996,START HOLD,0,0,0.03011352712291071,0.026277409018081954,0.03586770428015562,0.03932021057450186,-0.06530102944996088,-0.19545021744106172,1.338613412680246,0.03011352712291071,0.025510185397115137,0.03586770428015562,0.03893659876401934,-0.0656846412604434,-0.19545021744106172,1.338613412680246
843521.642581139,START HOLD,0,0,0.030497138933395007,0.026277409018081954,0.03625131609063814,0.03893659876401934,-0.06530102944996088,-0.19545021744106172,1.338613412680246,0.03011352712291071,0.025510185397115137,0.03586770428015562,0.03893659876401934,-0.0656846412604434,-0.19545021744106172,1.338613412680246
843521.663256345,START HOLD,0,0,0.03011352712291071,0.026277409018081954,0.03586770428015562,0.03932021057450186,-0.06530102944996088,-0.19545021744106172,1.338613412680246,0.03011352712291071,0.025510185397115137,0.03586770428015562,0.03893659876401934,-0.0656846412604434,-0.19545021744106172,1.338613412680246
843521.685338368,START HOLD,0,0,0.03011352712291071,0.026277409018081954,0.03625131609063814,0.03932021057450186,-0.06530102944996088,-0.19545021744106172,1.3389970244907303,0.03011352712291071,0.025510185397115137,0.03586770428015562,0.03893659876401934,-0.0656846412604434,-0.19545021744106172,1.338613412680246
843521.707739983,START HOLD,0,0,0.03011352712291071,0.026277409018081954,0.03625131609063814,0.03893659876401934,-0.06530102944996088,-0.19545021744106172,1.338613412680246,0.03011352712291071,0.025510185397115137,0.03586770428015562,0.03893659876401934,-0.0656846412604434,-0.19545021744106172,1.338613412680246
843521.728106658,START HOLD,0,0,0.03011352712291071,0.025893797207599434,0.03625131609063814,0.03932021057450186,-0.06530102944996088,-0.1950666056305792,1.338613412680246,0.03011352712291071,0.025510185397115137,0.03586770428015562,0.03893659876401934,-0.0656846412604434,-0.19545021744106172,1.338613412680246
843521.749670868,START HOLD,0,0,0.03011352712291071,0.025893797207599434,0.03586770428015562,0.03932021057450186,-0.06530102944996088,-0.1950666056305792,1.338613412680246,0.03011352712291071,0.025510185397115137,0.03586770428015562,0.03893659876401934,-0.0656846412604434,-0.19545021744106172,1.338613412680246
843521.76994274,START HOLD,0,0,0.03011352712291071,0.025893797207599434,0.03586770428015562,0.03932021057450186,-0.06530102944996088,-0.1950666056305792,1.3389970244907303,0.03011352712291071,0.025510185397115137,0.03586770428015562,0.03893659876401934,-0.0656846412604434,-0.19545021744106172,1.338613412680246
843521.791565362,START HOLD,0,0,0.030497138933395007,0.025893797207599434,0.03586770428015562,0.03893659876401934,-0.06530102944996088,-0.1950666056305792,1.3389970244907303,0.03011352712291071,0.025510185397115137,0.03586770428015562,0.03893659876401934,-0.0656846412604434,-0.19545021744106172,1.338613412680246
843521.813435709,START HOLD,0,0,0.030497138933395007,0.025893797207599434,0.03625131609063814,0.03932021057450186,-0.0656846412604434,-0.1950666056305792,1.3389970244907303,0.03011352712291071,0.025510185397115137,0.03586770428015562,0.03893659876401934,-0.0656846412604434,-0.19545021744106172,1.338613412680246
843521.83551154,START HOLD,0,0,0.030497138933395007,0.025126573586632617,0.03625131609063814,0.03932021057450186,-0.0656846412604434,-0.19545021744106172,1.3389970244907303,0.03011352712291071,0.025510185397115137,0.03586770428015562,0.03893659876401934,-0.0656846412604434,-0.19545021744106172,1.338613412680246
843521.856964156,START HOLD,0,0,0.030497138933395007,0.024742961776150096,0.03586770428015562,0.03932021057450186,-0.0656846412604434,-0.19545021744106172,1.3389970244907303,0.03011352712291071,0.025510185397115137,0.03586770428015562,0.03893659876401934,-0.0656846412604434,-0.19545021744106172,1.338613412680246
843521.87835295,START HOLD,0,0,0.030497138933395007,0.025126573586632617,0.03586770428015562,0.03932021057450186,-0.0656846412604434,-0.1950666056305792,1.3389970244907303,0.03011352712291071,0.025510185397115137,0.03586770428015562,0.03893659876401934,-0.0656846412604434,-0.19545021744106172,1.338613412680246
843521.898370465,START HOLD,0,0,0.03011352712291071,0.025126573586632617,0.03586770428015562,0.03932021057450186,-0.06606825307092593,-0.1950666056305792,1.3389970244907303,0.03011352712291071,0.025510185397115137,0.03586770428015562,0.03893659876401934,-0.0656846412604434,-0.19545021744106172,1.338613412680246
843521.919792573,START HOLD,0,0,0.03011352712291071,0.025510185397115137,0.03586770428015562,0.03893659876401934,-0.0656846412604434,-0.19545021744106172,1.3389970244907303,0.03011352712291071,0.025510185397115137,0.03586770428015562,0.03893659876401934,-0.0656846412604434,-0.19545021744106172,1.338613412680246
843521.941618204,START HOLD,0,0,0.03011352712291071,0.025510185397115137,0.03586770428015562,0.03893659876401934,-0.0656846412604434,-0.19545021744106172,1.338613412680246,0.03011352712291071,0.025510185397115137,0.03586770428015562,0.03893659876401934,-0.0656846412604434,-0.19545021744106172,1.338613412680246
843521.963107601,START HOLD,0,0,0.03011352712291071,0.025893797207599434,0.03625131609063814,0.03893659876401934,-0.0656846412604434,-0.19545021744106172,1.338613412680246,0.03011352712291071,0.025510185397115137,0.03586770428015562,0.03893659876401934,-0.0656846412604434,-0.19545021744106172,1.338613412680246
843521.98388345,START HOLD,0,0,0.03011352712291071,0.025893797207599434,0.03625131609063814,0.03893659876401934,-0.0656846412604434,-0.1950666056305792,1.338613412680246,0.03011352712291071,0.025510185397115137,0.03586770428015562,0.03893659876401934,-0.0656846412604434,-0.19545021744106172,1.338613412680246
843522.006195363,START HOLD,0,0,0.03011352712291071,0.025893797207599434,0.03625131609063814,0.03893659876401934,-0.06530102944996088,-0.1950666056305792,1.338613412680246,0.03011352712291071,0.025510185397115137,0.03586770428015562,0.03893659876401934,-0.0656846412604434,-0.19545021744106172,1.338613412680246
843522.02623464,START HOLD,0,0,0.030497138933395007,0.025893797207599434,0.03625131609063814,0.03893659876401934,-0.0656846412604434,-0.1950666056305792,1.338613412680246,0.03011352712291071,0.025510185397115137,0.03586770428015562,0.03893659876401934,-0.0656846412604434,-0.19545021744106172,1.338613412680246
843522.047140488,START HOLD,0,0,0.030497138933395007,0.025893797207599434,0.03625131609063814,0.03932021057450186,-0.0656846412604434,-0.1950666056305792,1.3389970244907303,0.03011352712291071,0.025510185397115137,0.03586770428015562,0.03893659876401934,-0.0656846412604434,-0.19545021744106172,1.338613412680246
843522.068802436,START HOLD,0,0,0.030497138933395007,0.025893797207599434,0.03625131609063814,0.03932021057450186,-0.0656846412604434,-0.19545021744106172,1.338613412680246,0.03011352712291071,0.025510185397115137,0.03586770428015562,0.03893659876401934,-0.0656846412604434,-0.19545021744106172,1.338613412680246
843522.089958022,START HOLD,0,0,0.030497138933395007,0.025893797207599434,0.03625131609063814,0.03932021057450186,-0.0656846412604434,-0.19545021744106172,1.3389970244907303,0.03011352712291071,0.025510185397115137,0.03586770428015562,0.03893659876401934,-0.0656846412604434,-0.19545021744106172,1.338613412680246
843522.112041798,START HOLD,0,0,0.030497138933395007,0.025893797207599434,0.03625131609063814,0.03932021057450186,-0.06530102944996088,-0.19545021744106172,1.338613412680246,0.03011352712291071,0.025510185397115137,0.03586770428015562,0.03893659876401934,-0.0656846412604434,-0.19545021744106172,1.338613412680246
843522.133096822,START HOLD,0,0,0.030497138933395007,0.025126573586632617,0.03586770428015562,0.03932021057450186,-0.0656846412604434,-0.19545021744106172,1.338613412680246,0.03011352712291071,0.025510185397115137,0.03586770428015562,0.03893659876401934,-0.0656846412604434,-0.19545021744106172,1.338613412680246
843522.153373955,START HOLD,0,0,0.03011352712291071,0.025510185397115137,0.03586770428015562,0.03932021057450186,-0.06530102944996088,-0.1950666056305792,1.338613412680246,0.03011352712291071,0.025510185397115137,0.03586770428015562,0.03893659876401934,-0.0656846412604434,-0.19545021744106172,1.338613412680246
843522.174790642,START HOLD,0,0,0.03011352712291071,0.025510185397115137,0.03586770428015562,0.03932021057450186,-0.0656846412604434,-0.19545021744106172,1.338613412680246,0.03011352712291071,0.025510185397115137,0.03586770428015562,0.03893659876401934,-0.0656846412604434,-0.19545021744106172,1.338613412680246
843522.225044463,PLAYBACK,9.920913726091385e-07,9.920913726091385e-07,0.030497138933395007,0.025510185397115137,0.03586770428015562,0.03893659876401934,-0.06530102944996088,-0.19545021744106172,1.3389970244907303,0.030113527122910714,0.02551018539711514,0.035867704280155635,0.03893659876401936,-0.06568464126044342,-0.19545021744106175,1.3386134126802463
843522.228969687,PLAYBACK,0.005052966997027397,5.296699237078428e-05,0.030497138933395007,0.025510185397115137,0.03625131609063814,0.03893659876401934,-0.06530102944996088,-0.1950666056305792,1.3389970244907303,0.030113130615275655,0.025510191499085517,0.035867702197484246,0.038937267837399675,-0.0656845979605557,-0.1954502187699096,1.338613188145857
843522.234273505,PLAYBACK,0.010124900029040873,0.0001249000197276473,0.030497138933395007,0.025893797207599434,0.03586770428015562,0.03893659876401934,-0.06530102944996088,-0.1950666056305792,1.3389970244907303,0.030110439302913194,0.02551023289394239,0.035867688069027584,0.038941809946205566,-0.06568430425486764,-0.19545022777765186,1.3386116629962912
843522.242221272,PLAYBACK,0.015082244062796235,8.224404882639647e-05,0.030497138933395007,0.025893797207599434,0.03586770428015562,0.03893659876401934,-0.06530102944996088,-0.1950666056305792,1.3389970244907303,0.030103643460407926,0.02551033735403287,0.03586765241602385,0.03895328143069952,-0.0656835631881707,-0.19545025048825507,1.3386078085651134
843522.246362761,PLAYBACK,0.02005711104720831,5.711102858185768e-05,0.03011352712291071,0.025510185397115137,0.03586770428015562,0.03893659876401934,-0.06530102944996088,-0.19545021744106172,1.3389970244907303,0.03009102772677548,0.02551053114017278,0.03586758627579071,0.03897458136010007,-0.06568218862134541,-0.1954502925781984,1.3386006466934508
843522.255247263,PLAYBACK,0.027817749069072306,0.002817749045789242,0.03011352712291071,0.025893797207599434,0.03625131609063814,0.03932021057450186,-0.06530102944996088,-0.1950666056305792,1.3389970244907303,0.030056515537756706,0.025511060750079213,0.03586740551868218,0.03903286764343839,-0.06567843277687024,-0.19545040744738118,1.3385810286469206
843522.264746123,PLAYBACK,0.036405061022378504,0.0014050609897822142,0.030497138933395007,0.025893797207599434,0.03625131609063814,0.03893659876401934,-0.06530102944996088,-0.1950666056305792,1.338613412680246,0.029992932565136323,0.025512035165081416,0.03586707295219363,0.039140293498081055,-0.06567152448495187,-0.19545061838890682,1.3385448213392623
843522.273619815,PLAYBACK,0.04590256907977164,0.0009025690378621221,0.03011352712291071,0.025893797207599434,0.03625131609063814,0.03893659876401934,-0.06530102944996088,-0.19545021744106172,1.3389970244907303,0.029887035195652615,0.025513655378738523,0.035866519982414746,0.03931929945258423,-0.06566004176045327,-0.1954509683055162,1.338484386227368
843522.282733697,PLAYBACK,0.0550549840554595,5.4984004236757755e-05,0.03011352712291071,0.025893797207599434,0.03586770428015562,0.03893659876401934,-0.06530102944996088,-0.1950666056305792,1.3389970244907303,0.029746917209199322,0.025515795106988058,0.03586578971473184,0.039556284911259176,-0.0656448833340587,-0.1954514291650876,1.3384042216049767
843522.286968315,PLAYBACK,0.06006472802255303,6.47279666736722e-05,0.03011352712291071,0.025893797207599434,0.03586770428015562,0.03932021057450186,-0.06530102944996088,-0.19545021744106172,1.338613412680246,0.029653993687448775,0.025517211914190877,0.035865306177446946,0.03971352230947941,-0.06563484966747964,-0.19545173363215693,1.3383509486247687
843522.295633166,PLAYBACK,0.06506788008846343,6.788014434278011e-05,0.03011352712291071,0.025893797207599434,0.03586770428015562,0.03932021057450186,-0.06530102944996088,-0.1950666056305792,1.3389970244907303,0.029549753582151738,0.02551879932212281,0.035864764420224814,0.03988997282740248,-0.065623610795376,-0.1954520741575053,1.3382910921025701
843522.304940399,PLAYBACK,0.07507720799185336,7.720803841948509e-05,0.03011352712291071,0.025893797207599434,0.03586770428015562,0.03932021057450186,-0.06530102944996088,-0.1950666056305792,1.3389970244907303,0.02930761530730538,0.02552247922315965,0.035863508541322635,0.040300094496345557,-0.06559756846208258,-0.19545286123683395,1.3381516839789818
843522.308897805,PLAYBACK,0.08505717106163502,5.717109888792038e-05,0.03011352712291071,0.025893797207599434,0.03586770428015562,0.03893659876401934,-0.06530102944996088,-0.1950666056305792,1.3389970244907303,0.029023647735675506,0.025526782114393576,0.03586204006694613,0.04078148379769695,-0.06556713672989667,-0.195453777613559,1.3379875674579618
843522.31820633,PLAYBACK,0.0906647410010919,0.0006647410336881876,0.030497138933395007,0.025893797207599434,0.03586770428015562,0.03932021057450186,-0.06530102944996088,-0.19545021744106172,1.338613412680246,0.028846675972221788,0.025529456947849957,0.03586112721822685,0.041081714415104185,-0.06554822964657249,-0.19545434515599963,1.3378849548310354
843522.322044639,PLAYBACK,0.09506157005671412,6.157008465379477e-05,0.03011352712291071,0.025893797207599434,0.03586770428015562,0.03932021057450186,-0.06530102944996088,-0.19545021744106172,1.338613412680246,0.028699707682133764,0.025531674364712213,0.03586037047740309,0.04133117401570374,-0.0655325618500454,-0.19545481441825846,1.3377995457010372
843522.331443908,PLAYBACK,0.10496801102999598,0.004968011053279042,0.03011352712291071,0.025893797207599434,0.03586770428015562,0.03932021057450186,-0.06530102944996088,-0.19545021744106172,1.3389970244907303,0.028344032190588266,0.025537025906674563,0.03585854416053041,0.0419353743682138,-0.06549477171662832,-0.19545594232311014,1.337592121507457
843522.340275529,PLAYBACK,0.11264006909914315,0.002640069113112986,0.030497138933395007,0.025893797207599434,0.03586770428015562,0.03932021057450186,-0.06530102944996088,-0.1950666056305792,1.338613412680246,0.028047180869625973,0.025541476226430812,0.03585702541033969,0.04244017948610037,-0.06546337044581599,-0.19545687523412297,1.3374182095303073
843522.348741889,PLAYBACK,0.12139457208104432,0.0013945720857009292,0.030497138933395007,0.025510185397115137,0.03586770428015562,0.03932021057450186,-0.06530102944996088,-0.1950666056305792,1.338613412680246,0.027687922714965355,0.025546842287210457,0.0358551941484899,0.04305176270365681,-0.0654255383470524,-0.19545799388900287,1.3372067620533425
843522.358133985,PLAYBACK,0.13009111408609897,9.111408144235611e-05,0.030497138933395007,0.025510185397115137,0.03586770428015562,0.03932021057450186,-0.06530102944996088,-0.19545021744106172,1.338613412680246,0.027311225858546603,0.02555244538117052,0.03585328198619692,0.04369380382635269,-0.06538607131944574,-0.19545915459482877,1.336983901212279
843522.362058749,PLAYBACK,0.1351668550632894,0.00016685505397617817,0.030497138933395007,0.025510185397115137,0.03586770428015562,0.03970382238498438,-0.06530102944996088,-0.19545021744106172,1.338613412680246,0.027082754279768237,0.025555832117915768,0.03585212618846138,0.04408359199278509,-0.06536223383705153,-0.19545985251507908,1.3368481641698402
843522.366201681,PLAYBACK,0.14022023207508028,0.00022023206111043692,0.030497138933395007,0.025510185397115137,0.03586770428015562,0.03970382238498438,-0.06530102944996088,-0.19545021744106172,1.338613412680246,0.026849123731384848,0.025559286424192043,0.03585094732005438,0.044482474289818906,-0.06533793458233315,-0.1954605615502643,1.3367089262186933
843522.37508986,PLAYBACK,0.14760804502293468,0.0026080450043082237,0.030497138933395007,0.025510185397115137,0.03586770428015562,0.03932021057450186,-0.06530102944996088,-0.1950666056305792,1.338613412680246,0.02649642671072336,0.025564484636703095,0.035849173271635185,0.04508518409742796,-0.0653013935176878,-0.1954616233212334,1.3364979190554163
843522.384190838,PLAYBACK,0.15769048407673836,0.0026904840487986803,0.030497138933395007,0.025510185397115137,0.03586770428015562,0.03970382238498438,-0.06530102944996088,-0.19545021744106172,1.338613412680246,0.025992910974728795,0.025571873150699264,0.03584665163726672,0.0459466892623185,-0.0652495061658032,-0.19546312219567902,1.336195092856261
843522.393038219,PLAYBACK,0.16537656902801245,0.0003765689907595515,0.030497138933395007,0.025510185397115137,0.03586770428015562,0.040087434195468674,-0.06530102944996088,-0.1950666056305792,1.338613412680246,0.025590685848116995,0.025577749989239847,0.035844645839782426,0.046635718892349305,-0.06520827427503569,-0.1954643063831474,1.335951949143289
843522.39755589,PLAYBACK,0.1700615599984303,6.155995652079582e-05,0.030497138933395007,0.025510185397115137,0.03586770428015562,0.040087434195468674,-0.06530102944996088,-0.19545021744106172,1.338613412680246,0.025337141770969903,0.025581443818998944,0.035843385069921574,0.047070399952673606,-0.06518237494931337,-0.19546504731790298,1.3357981639704892
843522.407069428,PLAYBACK,0.1785105080343783,0.0035105079878121614,0.030497138933395007,0.025510185397115137,0.03625131609063814,0.040087434195468674,-0.06530102944996088,-0.19545021744106172,1.338613412680246,0.024862756488378185,0.025588334594281528,0.03584103301998024,0.047884363715164045,-0.06513409198801819,-0.1954664230474868,1.3355094361674882
843522.415931738,PLAYBACK,0.18874322506599128,0.003743225010111928,0.03011352712291071,0.025510185397115137,0.03586770428015562,0.040471046005951195,-0.06530102944996088,-0.19545021744106172,1.338613412680246,0.02425657147770261,0.02559710414745163,0.035838039459680684,0.04892563841719926,-0.06507270007096347,-0.19546816257684474,1.3351387593196478
843522.424816711,PLAYBACK,0.19505668804049492,5.668809171766043e-05,0.03011352712291071,0.025510185397115137,0.03586770428015562,0.040854657816433715,-0.06530102944996088,-0.1950666056305792,1.3382298008697635,0.02386417683645139,0.025602760935909217,0.03583610832417109,0.049600323228203284,-0.06503313021332792,-0.1954692783586862,1.334897850357488
843522.434377249,PLAYBACK,0.2051049720030278,0.0001049720449373126,0.02972991531242819,0.025510185397115137,0.03625131609063814,0.041238269626916235,-0.06530102944996088,-0.19545021744106172,1.337846189059281,0.023209367676759383,0.025612167365093398,0.03583289685411043,0.050727290023741274,-0.06496738301658438,-0.19547112318471685,1.3344942223342202
843522.439214052,PLAYBACK,0.21506282209884375,6.282213144004345e-05,0.02972991531242819,0.025510185397115137,0.03586770428015562,0.04162188143740053,-0.06530102944996088,-0.1950666056305792,1.337846189059281,0.02252267852795144,0.02562198767399494,0.035829543698966376,0.051910558029981436,-0.06489881154168786,-0.1954730352033366,1.3340688163559749
843522.447667428,PLAYBACK,0.2200571660650894,5.716609302908182e-05,0.02972991531242819,0.025510185397115137,0.03586770428015562,0.04200549324788305,-0.06530102944996088,-0.19545021744106172,1.337846189059281,0.02216383073212579,0.025627101649011066,0.03582779736287318,0.05252948792745156,-0.06486313050887293,-0.19547402520717413,1.3338456466521824
843522.451942604,PLAYBACK,0.2250665300525725,6.653007585555315e-05,0.02934630350194567,0.025510185397115137,0.03586770428015562,0.04200549324788305,-0.06530102944996088,-0.1950666056305792,1.337846189059281,0.021794083762227575,0.025632358106118157,0.03582600224889722,0.05316763364746847,-0.06482647542994818,-0.19547503870056754,1.3336150800196453
843522.460705443,PLAYBACK,0.23328742000740021,0.003287420026026666,0.02934630350194567,0.025510185397115137,0.03586770428015562,0.04277271686884809,-0.06491741763947659,-0.1950666056305792,1.3374625772487985,0.02116569594785021,0.025641261669697307,0.03582296132771981,0.05425313567589218,-0.06476443448998215,-0.1954767458736602,1.3332217946267764
843522.469996575,PLAYBACK,0.24219393404200673,0.0021939340513199568,0.02896269169146315,0.025510185397115137,0.03586770428015562,0.04315632867933239,-0.06491741763947659,-0.1950666056305792,1.3374625772487985,0.020454005482143784,0.025651300634703715,0.03581953214864226,0.05548399501683071,-0.06469455229724246,-0.19547865640214288,1.3327742140091974
843522.478537518,PLAYBACK,0.25005502509884536,5.502509884536266e-05,0.02896269169146315,0.025510185397115137,0.03586770428015562,0.04392355230029743,-0.06491741763947659,-0.19545021744106172,1.3370789654383142,0.0197984005313311,0.025660507098516718,0.035816386872669,0.05661919609662486,-0.06463053012910165,-0.19548039525479233,1.332359919322386
843522.48271119,PLAYBACK,0.25525408203247935,0.0002540820278227329,0.02896269169146315,0.025510185397115137,0.03586770428015562,0.04430716411077995,-0.06491741763947659,-0.19545021744106172,1.3370789654383142,0.01935027651368438,0.025666777645401758,0.035814244346790945,0.0573958601090635,-0.06458695954296212,-0.19548157243296221,1.3320756673092353
843522.486904208,PLAYBACK,0.2600613880204037,6.138801109045744e-05,0.028579079880978853,0.025510185397115137,0.03586770428015562,0.04469077592126247,-0.06530102944996088,-0.19545021744106172,1.3370789654383142,0.018925396161724867,0.025672706517962943,0.035812218354868475,0.05813277095043897,-0.06454578891033286,-0.19548268019279863,1.3318053725444592
843522.495996489,PLAYBACK,0.2694453380536288,0.004445338039658964,0.028579079880978853,0.025510185397115137,0.03625131609063814,0.04584161135271181,-0.06530102944996088,-0.19545021744106172,1.3366953536278317,0.018066242554653993,0.02568464738021722,0.03580813732261606,0.05962443351751861,-0.06446294592589781,-0.19548489583829692,1.3312565147619793
843522.50534433,PLAYBACK,0.27745456201955676,0.0024545619962736964,0.028195468070496332,0.025510185397115137,0.03586770428015562,0.04622522316319433,-0.06530102944996088,-0.19545021744106172,1.3363117418173491,0.017301134684661736,0.025695228032487485,0.03580452041197052,0.06095452907108293,-0.06438962345311165,-0.19548684200635777,1.3307652005046655
843522.513762287,PLAYBACK,0.2858874190133065,0.0008874189807102084,0.027811856260013812,0.025510185397115137,0.03586770428015562,0.047376058594643666,-0.06530102944996088,-0.19545021744106172,1.3363117418173491,0.016463271025728227,0.025706758154203535,0.0358005780744399,0.06241293384380367,-0.06430981071869275,-0.1954889445496161,1.3302244651650017
843522.523605127,PLAYBACK,0.2957190270535648,0.000719027011655271,0.02742824444953129,0.025893797207599434,0.03586770428015562,0.048526894026093004,-0.06491741763947659,-0.19545021744106172,1.3359281300068666,0.015443956898242366,0.025720706122396648,0.03579580776628417,0.06418972520945589,-0.06421338652950691,-0.19549146242582452,1.3295628600124254
843522.532575915,PLAYBACK,0.3050628600176424,6.28599664196372e-05,0.027044632639046995,0.025893797207599434,0.03625131609063814,0.05044495307850738,-0.06491741763947659,-0.1950666056305792,1.3355445181963823,0.014432187577876798,0.025734465669558605,0.035791100450317886,0.06595610543972223,-0.06411839988461944,-0.19549391870577532,1.3289021061238366
843522.536609298,PLAYBACK,0.31008641002699733,8.640997111797333e-05,0.026661020828564475,0.025510185397115137,0.03625131609063814,0.0512121766994742,-0.06491741763947659,-0.1950666056305792,1.3355445181963823,0.013870659558923536,0.02574206585552948,0.03578849967875039,0.0669376063275805,-0.06406599102324052,-0.1954952636539241,1.3285336686128624
843522.5453895,PLAYBACK,0.31506074708886445,6.074714474380016e-05,0.026277409018081954,0.025510185397115137,0.03586770428015562,0.05197940032043924,-0.06491741763947659,-0.19545021744106172,1.3351609063858998,0.013302395627426482,0.025749731011359543,0.03578587618437053,0.06793172207364197,-0.06401317587228741,-0.19549661156764564,1.3281595708657623
843522.549605603,PLAYBACK,0.32505005702842027,5.005707498639822e-05,0.025893797207599434,0.025893797207599434,0.03625131609063814,0.05389745937285362,-0.06491741763947659,-0.1950666056305792,1.3343936827649348,0.012124057088947772,0.02576554186992448,0.03578046309493354,0.0699957722014721,-0.06390436740410345,-0.19549936470956158,1.3273799063430674
843522.558515504,PLAYBACK,0.33087640709709376,0.0008764071390032768,0.025126573586632617,0.025893797207599434,0.03586770428015562,0.054664682993820435,-0.06530102944996088,-0.19545021744106172,1.3343936827649348,0.011413641566758165,0.025775020085015317,0.03577721698071332,0.07124191230646863,-0.06383922583312113,-0.19550099747628608,1.3269072965507949
843522.563122025,PLAYBACK,0.3351224370999262,0.00012243713717907667,0.024742961776150096,0.025893797207599434,0.03586770428015562,0.055431906614785476,-0.06530102944996088,-0.19545021744106172,1.3340100709544505,0.01088508736503107,0.025782045651784453,0.035774810295133394,0.07216989079430458,-0.0637909828602558,-0.19550219911911326,1.326554432231503
843522.571936573,PLAYBACK,0.3444552890723571,0.004455289104953408,0.024359349965667576,0.025893797207599434,0.03586770428015562,0.05696635385671733,-0.06491741763947659,-0.1950666056305792,1.3340100709544505,0.009690996698764618,0.025797835190401144,0.03576939959840522,0.07426897959709688,-0.06368269174528472,-0.19550487270902175,1.3257533773003032
843522.581146259,PLAYBACK,0.3533304240554571,0.0033304240787401795,0.023975738155185056,0.025893797207599434,0.03586770428015562,0.05811718928816667,-0.06491741763947659,-0.1950666056305792,1.333626459143968,0.0085139415792449,0.02581328795722764,0.03576410173773713,0.07634168191456205,-0.06357688947224924,-0.19550745260205174,1.3249585120881922
843522.590032485,PLAYBACK,0.3600161810172722,1.6181031242012978e-05,0.023975738155185056,0.025893797207599434,0.03586770428015562,0.05926802471961601,-0.06491741763947659,-0.19545021744106172,1.3332428473334854,0.007600298694615414,0.025825206382818995,0.03576001375677673,0.07795296461719038,-0.06349540898056936,-0.19550941727670235,1.3243379576361614
843522.594616913,PLAYBACK,0.3700608470244333,6.084702908992767e-05,0.02320851453421824,0.025893797207599434,0.03625131609063814,0.06041886015106357,-0.06491741763947659,-0.19545021744106172,1.332859235523003,0.006183773406398406,0.025843553360004098,0.035753717465783486,0.0804553079511217,-0.06337019211222773,-0.19551239811870566,1.3233696880686165
843522.603628399,PLAYBACK,0.3776197580154985,0.002619758015498519,0.02320851453421824,0.025893797207599434,0.03586770428015562,0.06156969558251291,-0.06491741763947659,-0.19545021744106172,1.332092011902036,0.005082835973966974,0.02585770232690275,0.03574885890558326,0.08240366602168828,-0.06327380548151057,-0.19551466020229036,1.3226119817219089
843522.612167079,PLAYBACK,0.3850859310477972,8.593103848397732e-05,0.022441290913253198,0.025893797207599434,0.03625131609063814,0.06348775463492728,-0.06453380582899407,-0.19545021744106172,1.3317084000915536,0.003965764259673546,0.025871959710217513,0.035743960359999334,0.08438371756074045,-0.0631768412717443,-0.19551690661517698,1.32183856286481
843522.616472673,PLAYBACK,0.390057573094964,5.7573080994188786e-05,0.0220576791027689,0.025510185397115137,0.03625131609063814,0.0642549782558941,-0.06453380582899407,-0.1950666056305792,1.331324788281071,0.0032055148993230358,0.025881605789700893,0.03574064451146315,0.08573309865395926,-0.063111331730205,-0.19551840733675888,1.3213095389928908
843522.625462938,PLAYBACK,0.39785611303523183,0.002856113016605377,0.02129045548180386,0.025510185397115137,0.03586770428015562,0.06540581368734166,-0.06453380582899407,-0.1950666056305792,1.3305575646601042,0.001986473029490497,0.025896976204298625,0.035735358010014574,0.0878998652077836,-0.06300710498123152,-0.19552076611835442,1.3204567677244383
843522.634581459,PLAYBACK,0.4070166250457987,0.0020166250178590417,0.020139620050354523,0.025510185397115137,0.03625131609063814,0.06847470817120538,-0.06453380582899407,-0.19545021744106172,1.3297903410391392,0.0005130425635585413,0.025915394225614233,0.03572901832072345,0.09052384457009136,-0.0628824747908478,-0.1955235387522551,1.3194186378392274
843522.644061553,PLAYBACK,0.41570121399126947,0.0007012139540165663,0.018988784618905186,0.025510185397115137,0.03625131609063814,0.06962554360265472,-0.06453380582899407,-0.19545021744106172,1.3294067292286567,-0.0009253498155063854,0.025933204496635963,0.03572288226881843,0.09309078292340991,-0.06276223684341029,-0.19552616246629193,1.3183973537034541
843522.653077317,PLAYBACK,0.4254322190536186,0.0004322190070524812,0.017837949187457625,0.025510185397115137,0.03625131609063814,0.07307804989700095,-0.06415019401851155,-0.19545021744106172,1.3286395056076898,-0.002585161121106144,0.02595354636745966,0.035715866795520565,0.09605947709425461,-0.06262525556717936,-0.19552908772711297,1.3172091859584463
843522.657437776,PLAYBACK,0.43158471409697086,0.0015847140457481146,0.017070725566490808,0.025510185397115137,0.03586770428015562,0.07422888532845029,-0.06415019401851155,-0.19545021744106172,1.3282558937972073,-0.003660849696777791,0.025966608385286034,0.03571135762482413,0.09798723233393274,-0.06253749810973165,-0.19553092468571978,1.3164335964527534
843522.666226996,PLAYBACK,0.4350576720898971,5.767203401774168e-05,0.016303501945525767,0.025893797207599434,0.03625131609063814,0.07537972075989963,-0.06415019401851155,-0.19545021744106172,1.3278722819867248,-0.0042770400200071714,0.025974047540553012,0.03570878792203897,0.09909287104019972,-0.06248759029337376,-0.19553195601759737,1.3159873326791667
843522.675369203,PLAYBACK,0.4451560110319406,0.00015601108316332102,0.01515266651407643,0.025510185397115137,0.03625131609063814,0.077297779812314,-0.06415019401851155,-0.19545021744106172,1.327105058365758,-0.006105567996257891,0.02599593633047849,0.035701219675668056,0.10237967498318527,-0.0623410558226469,-0.19553492621100377,1.3146545193873211
843522.679047124,PLAYBACK,0.45506767299957573,6.767304148525e-05,0.013234607461662051,0.025510185397115137,0.03625131609063814,0.07883222705424586,-0.06415019401851155,-0.19545021744106172,1.3259542229343086,-0.00795352872919624,0.026017771094260393,0.035693658558895,0.10571037600403042,-0.06219536548947788,-0.19553778983015044,1.3132944698930122
843522.688470449,PLAYBACK,0.46052574599161744,0.0005257460288703442,0.012467383840695234,0.025893797207599434,0.03625131609063814,0.0795994506752109,-0.06415019401851155,-0.19545021744106172,1.3255706111238261,-0.008993618300109075,0.026029932129614908,0.03568944191550635,0.10758900076455755,-0.062114439700454514,-0.19553933997529319,1.3125231618401823
843522.692231048,PLAYBACK,0.46515535202343017,0.00015535205602645874,0.012083772030212714,0.025893797207599434,0.03586770428015562,0.08036667429617772,-0.06415019401851155,-0.1950666056305792,1.3251869993133436,-0.009888315153492866,0.026040318538711638,0.03568583731697451,0.10920734119465994,-0.06204545060550336,-0.19554063767894467,1.3118562888431073
843522.70133926,PLAYBACK,0.473546558059752,0.0035465580876916647,0.010165712977798336,0.025510185397115137,0.03586770428015562,0.08190112153810958,-0.06376658220802903,-0.19545021744106172,1.3240361638818943,-0.011539077394818683,0.026059298975979736,0.03567924186109287,0.112198956981484,-0.06191969121398181,-0.19554294460154795,1.3106175943576062
843522.71081203,PLAYBACK,0.4846554649993777,0.004655465018004179,0.008631265735866478,0.025510185397115137,0.03586770428015562,0.0849700160219733,-0.06376658220802903,-0.19545021744106172,1.3228853284504467,-0.01378194546472052,0.026084701707519614,0.03567039647599427,0.11627559616361109,-0.061752042497315446,-0.19554589545882098,1.3089172068757295
843522.719639553,PLAYBACK,0.4920450620120391,0.0020450620213523507,0.00709681849393462,0.025510185397115137,0.03586770428015562,0.08612085145342085,-0.06376658220802903,-0.19545021744106172,1.3217344930189974,-0.01530993287018467,0.026101748979180515,0.03566444761583327,0.11906087634090332,-0.0616399854473544,-0.19554778320582997,1.3077471730094734
843522.72866718,PLAYBACK,0.5010225219884887,0.0010225219884887338,0.004795147631037722,0.025510185397115137,0.03586770428015562,0.08880613412680205,-0.06376658220802903,-0.19545021744106172,1.3202000457770655,-0.01720470095338097,0.026122591832237297,0.03565715867395111,0.12252389171535688,-0.06150349737339788,-0.1955499842813674,1.3062830217208359
843522.737711669,PLAYBACK,0.5101220870856196,0.00012208707630634308,0.002877088578621567,0.025510185397115137,0.03586770428015562,0.09110780498970072,-0.06338297039754473,-0.19545021744106172,1.3190492103456162,-0.01916793063379037,0.026143835342660255,0.03564971019883825,0.1261228819412933,-0.06136500677115374,-0.19555209943628027,1.3047502677123635
843522.741633467,PLAYBACK,0.515060184057802,6.018404383212328e-05,0.0013426413366897094,0.025510185397115137,0.03586770428015562,0.09379308766308014,-0.06338297039754473,-0.19545021744106172,1.3186655985351337,-0.02025116293742144,0.026155400532505334,0.03564564615411979,0.1281134562793252,-0.06128988912161702,-0.1955531935075442,1.3038976255641668
843522.750802304,PLAYBACK,0.5200571130262688,5.711300764232874e-05,0.0005754177157246687,0.025510185397115137,0.03586770428015562,0.09494392309452948,-0.06338297039754473,-0.19545021744106172,1.3178983749141668,-0.021359977413799427,0.026167122191328357,0.03564152012380454,0.13015461519027088,-0.061213964696387284,-0.1955542590828348,1.3030196865474084
843522.759748435,PLAYBACK,0.530063115991652,6.311596371233463e-05,-0.0013426413366897094,0.025510185397115137,0.03586770428015562,0.09762920576791068,-0.06338297039754473,-0.19545021744106172,1.3159803158617525,-0.023618290349853778,0.026190624849154975,0.03563322409278653,0.13432315675732023,-0.06106240019611751,-0.19555625735793597,1.3012152551035678
843522.764115928,PLAYBACK,0.5400743481004611,7.434806320816278e-05,-0.004411535820553425,0.025510185397115137,0.03586770428015562,0.09993087663080757,-0.06338297039754473,-0.19545021744106172,1.3148294804303031,-0.025927867562749878,0.026214136065499768,0.03562489070872475,0.13860231737183934,-0.06091173535039023,-0.19555805878830723,1.2993468349908508
843522.773625429,PLAYBACK,0.5454387420322746,0.000438741990365088,-0.005178759441520242,0.025893797207599434,0.03586770428015562,0.10069810025177439,-0.06299935858706221,-0.19545021744106172,1.314062256809338,-0.027185754930113437,0.026226713136818715,0.03562041708748586,0.140939842127935,-0.0608315597299869,-0.19555893528699475,1.298319265204207
843522.782865242,PLAYBACK,0.555345033062622,0.0003450330113992095,-0.00709681849393462,0.025893797207599434,0.03586770428015562,0.10415060654612063,-0.06299935858706221,-0.19545021744106172,1.3125278095674062,-0.029545381937226126,0.026249862627883855,0.0356121506143285,0.1453381358870676,-0.06068481421415495,-0.1955603772890097,1.2963724345845886
843522.786599541,PLAYBACK,0.560063599026762,6.359897088259459e-05,-0.008247653925383958,0.025893797207599434,0.03586770428015562,0.10568505378805249,-0.06299935858706221,-0.19545021744106172,1.3117605859464412,-0.030685851027510883,0.026260840342983403,0.035608214491794014,0.14747031009299705,-0.06061562440517547,-0.19556097849841272,1.295422360510643
843522.795983391,PLAYBACK,0.5686610520351678,0.0036610520910471678,-0.010165712977798336,0.025893797207599434,0.03586770428015562,0.10721950102998434,-0.06299935858706221,-0.19545021744106172,1.3102261387045093,-0.032790818225039535,0.026280733183572606,0.03560105225883279,0.15141675031329355,-0.06049094868093696,-0.1955619218810459,1.2936529570945252
843522.804818378,PLAYBACK,0.5775592899881303,0.0025592900346964598,-0.011700160219730193,0.025893797207599434,0.03586770428015562,0.1110556191348131,-0.06261574677657969,-0.19545021744106172,1.30907530327306,-0.03500549656046536,0.026301135883927157,0.03559366214193916,0.1555846525082097,-0.060364093909480325,-0.19556267834385738,1.291768812045838
843522.813810317,PLAYBACK,0.5860232760896906,0.0010232761269435287,-0.013618219272144572,0.025893797207599434,0.03586770428015562,0.11259006637674496,-0.06261574677657969,-0.19545021744106172,1.3079244678416106,-0.03714542276371932,0.026320324315942625,0.035586664881967496,0.1596275340317549,-0.060245818957791616,-0.19556317565077752,1.2899259575333784
843522.822949447,PLAYBACK,0.5950754700461403,7.547007407993078e-05,-0.01591989013504147,0.025893797207599434,0.03586770428015562,0.11527534905012615,-0.06261574677657969,-0.19545021744106172,1.3067736324101613,-0.039469194511911616,0.02634056189586394,0.03557922799137519,0.16403551157822505,-0.060122271527221896,-0.19556345159996552,1.2878995409610703
843522.827109142,PLAYBACK,0.6000697640702128,6.97640934959054e-05,-0.016687113756008287,0.025893797207599434,0.03586770428015562,0.11642618448157371,-0.06223213496609717,-0.19545021744106172,1.3060064087891963,-0.040766486696853024,0.026351582876276102,0.03557515001194501,0.16650452598476018,-0.06005555330206859,-0.19556348455433473,1.2867566689877215
843522.835903541,PLAYBACK,0.6087514780228958,0.003751478041522205,-0.018605172808422665,0.025893797207599434,0.0354840924696731,0.11987869077592173,-0.06223213496609717,-0.19545021744106172,1.304855573357747,-0.04304677712625729,0.02637046363309673,0.03556811126308233,0.170858803709015,-0.05994226771170234,-0.19556332963820616,1.284727427185491
843522.845008656,PLAYBACK,0.6174893100978807,0.0024893101071938872,-0.020523231860837043,0.025893797207599434,0.03586770428015562,0.12294758525978366,-0.06223213496609717,-0.19545021744106172,1.303321126115815,-0.04537331682275427,0.026389068819727753,0.03556110075557139,0.1753206202675546,-0.05983201626755044,-0.1955628887984417,1.2826299216035537
843522.854046363,PLAYBACK,0.6250685390550643,6.853905506432056e-05,-0.02167406729228638,0.025510185397115137,0.03586770428015562,0.1267837033646142,-0.06223213496609717,-0.19545021744106172,1.3017866788738832,-0.0474162560168169,0.02640484518311706,0.03555508819022555,0.17925482379612337,-0.05973973195725965,-0.19556226340000196,1.2807652270455767
843522.863459979,PLAYBACK,0.6350723369978368,7.233698852360249e-05,-0.024742961776150096,0.025893797207599434,0.03586770428015562,0.13061982146944295,-0.06184852315561287,-0.19545021744106172,1.3002522316319514,-0.05014702162321725,0.026425094686882776,0.03554726180280496,0.18453777452749198,-0.059623123056640255,-0.1955610754559445,1.2782388887407368
843522.86773742,PLAYBACK,0.6401667940663174,0.00016679405234754086,-0.025893797207599434,0.025893797207599434,0.03586770428015562,0.13253788052185733,-0.06184852315561287,-0.19545021744106172,1.2998686198214688,-0.05155224053162587,0.02643513345071782,0.03554332860510383,0.18726723792116026,-0.05956617659544364,-0.19556030580690423,1.2769236270979103
843522.876510218,PLAYBACK,0.6454419670626521,0.00044196704402565956,-0.027044632639046995,0.025893797207599434,0.03586770428015562,0.13637399862668786,-0.06184852315561287,-0.19545021744106172,1.2991013962005038,-0.05301739101150646,0.02644531945926097,0.035539295915211634,0.19012110781224145,-0.05950904812318792,-0.19555938790617322,1.2755411489166184
843522.881032558,PLAYBACK,0.6550603460054845,6.0345977544784546e-05,-0.02934630350194567,0.025510185397115137,0.03586770428015562,0.14059372854199914,-0.06184852315561287,-0.19545021744106172,1.2979505607690545,-0.05571451449534221,0.02646330753611308,0.03553205457724818,0.19539624362091937,-0.05940996672952893,-0.19555738808446654,1.2729662959472674
843522.889756071,PLAYBACK,0.6622380770277232,0.002238076995126903,-0.03126436255436005,0.025893797207599434,0.03586770428015562,0.1425117875944153,-0.06184852315561287,-0.19545021744106172,1.2967997253376051,-0.05774816647053079,0.026476204627354494,0.03552675051415073,0.19939245569456124,-0.05934055255360742,-0.19555561280541117,1.270999002148689
843522.899567921,PLAYBACK,0.6716461729956791,0.0016461729537695646,-0.033182421606774426,0.025893797207599434,0.0354840924696731,0.1478823529411759,-0.06184852315561287,-0.19545021744106172,1.2952652780956733,-0.06043990713162335,0.02649237541414814,0.035519935382447396,0.20470691289708107,-0.059255798083885515,-0.1955529074353936,1.2683606723126262
843522.908634543,PLAYBACK,0.6806779680773616,0.0006779680261388421,-0.035100480659188804,0.025893797207599434,0.03586770428015562,0.1505676356145571,-0.06146491134513035,-0.19545021744106172,1.2937308308537414,-0.06305123440924348,0.02650706330496463,0.03551354573656535,0.20989022200370508,-0.05918145549412552,-0.19554989417614618,1.2657634633955346
843522.917614909,PLAYBACK,0.6901078160153702,0.00010781607124954462,-0.03740215152208748,0.025893797207599434,0.03586770428015562,0.15670542458228454,-0.06146491134513035,-0.19545021744106172,1.2914291599908445,-0.06580550836726506,0.026521465395988406,0.03550704023369828,0.21538707405668503,-0.05911159080124829,-0.19554630026196637,1.2629836756818578
843522.921421086,PLAYBACK,0.6950587270548567,5.872710607945919e-05,-0.038552986953536816,0.025893797207599434,0.03586770428015562,0.15900709544518143,-0.06146491134513035,-0.19545021744106172,1.291045548180362,-0.06726275501850063,0.026528625046589933,0.03550369404969466,0.21830785655564605,-0.059078220913628306,-0.19554422617081255,1.261496120290691
843522.93093745,PLAYBACK,0.7000587920192629,5.879206582903862e-05,-0.03932021057450186,0.025893797207599434,0.03586770428015562,0.1605415426871133,-0.06146491134513035,-0.19545021744106172,1.2898947127489127,-0.06874216211427266,0.026535563411552547,0.035500363784832054,0.2212819379830248,-0.0590469123294089,-0.1955419985707078,1.2599740443527065
843522.939478654,PLAYBACK,0.7101006039883941,0.00010060402564704418,-0.041238269626916235,0.025893797207599434,0.03586770428015562,0.16514488441290887,-0.06108129953464783,-0.19545021744106172,1.2872094300755315,-0.07173623237238547,0.026548574610448673,0.03549382590062454,0.22732848442140619,-0.05899153728066793,-0.19553711569126314,1.2568570043118474
843522.943965536,PLAYBACK,0.72005829308182,5.829310975968838e-05,-0.04392355230029743,0.025893797207599434,0.03586770428015562,0.16974822613870444,-0.06108129953464783,-0.19545021744106172,1.2849077592126346,-0.07473439342345707,0.026560200761686067,0.03548754196897227,0.23342032610351784,-0.05894689959846997,-0.19553172751565878,1.2536868421226863
843522.953056794,PLAYBACK,0.7254212150583044,0.0004212150815874338,-0.04507438773174677,0.025510185397115137,0.03586770428015562,0.17204989700160134,-0.06069768772416531,-0.19545021744106172,1.2841405355916677,-0.07636034128656499,0.02656591113593186,0.035484239999064485,0.23673954552922485,-0.0589272498944712,-0.19552859906194134,1.2519473365464657
843522.95685206,PLAYBACK,0.7300677020102739,6.77020289003849e-05,-0.04584161135271181,0.025893797207599434,0.03586770428015562,0.1743515678645,-0.06069768772416531,-0.19545021744106172,1.2826060883497359,-0.07777474473026116,0.026570535513501446,0.03548142600992056,0.23963578798102328,-0.05891277389125301,-0.1955257609814967,1.250422659754843
843522.965897982,PLAYBACK,0.7386476810788736,0.0036476810928434134,-0.04775967040512619,0.025893797207599434,0.03586770428015562,0.17818768596932877,-0.06069768772416531,-0.19545021744106172,1.280304417486839,-0.08039759845045688,0.026578260762406068,0.0354763456683165,0.24502833206235633,-0.05889238606567189,-0.19552021480555207,1.2475673504201887
843522.975451197,PLAYBACK,0.7475420320406556,0.002542032045312226,-0.048910505836575524,0.025893797207599434,0.03586770428015562,0.18240741588464182,-0.06069768772416531,-0.19545021744106172,1.2780027466239403,-0.08312502395173513,0.026585116016662347,0.03547124176737919,0.250665720280058,-0.0588800804968291,-0.19551406509002667,1.2445603358794373
843522.983975057,PLAYBACK,0.7564340990502387,0.0014340990455821157,-0.0508285648889899,0.025893797207599434,0.03586770428015562,0.1870107576104374,-0.060314075913681015,-0.19545021744106172,1.275317463950561,-0.08584990227657463,0.026590761602640105,0.03546630941451094,0.25632790177338965,-0.05887680705496143,-0.19550754350590482,1.2415185971327172
843522.993041028,PLAYBACK,0.7650772290071473,7.722899317741394e-05,-0.05313023575188858,0.025510185397115137,0.03586770428015562,0.1919977111467155,-0.060314075913681015,-0.19545021744106172,1.2726321812771797,-0.08848652264758673,0.02659508051571618,0.0354616783930748,0.26183483523007484,-0.05888214864079797,-0.1955008874491792,1.2385408738745551
843522.997123895,PLAYBACK,0.7700851290719584,8.512905333191156e-05,-0.05428107118333614,0.025893797207599434,0.03586770428015562,0.1942993820096124,-0.060314075913681015,-0.19545021744106172,1.2710977340352478,-0.09000576845817711,0.026597060535246696,0.03545906580617067,0.2650203315395504,-0.05888898350137573,-0.19549690380548193,1.2368102149794054
843523.001199889,PLAYBACK,0.7750603370368481,6.033701356500387e-05,-0.055431906614785476,0.025510185397115137,0.03586770428015562,0.19928633554589226,-0.060314075913681015,-0.19545021744106172,1.269563286793316,-0.09150788090718301,0.026598655089386428,0.0354565179864641,0.2681786189251678,-0.05889840748258146,-0.19549286249778597,1.2350887574505267
843523.010249117,PLAYBACK,0.7831277929944918,0.0031277929665520787,-0.057349965667199854,0.025510185397115137,0.03586770428015562,0.20197161821927345,-0.059930464103198494,-0.19545021744106172,1.2668780041199348,-0.09392748118326878,0.026600471570730318,0.03545247705514186,0.2732838231541314,-0.05891907470552693,-0.19548614739664677,1.2322951086071405
843523.019538195,PLAYBACK,0.7918276820564643,0.0018276820192113519,-0.05965163653009853,0.025893797207599434,0.03586770428015562,0.20964385442893096,-0.059930464103198494,-0.19545021744106172,1.2645763332570379,-0.09651466327789782,0.026601403199832372,0.03544822320021457,0.27876624101441777,-0.058948488908331924,-0.19547870340329654,1.2292812154447577
843523.029334135,PLAYBACK,0.8014387470902875,0.0014387470437213778,-0.062336919203479724,0.025510185397115137,0.03586770428015562,0.21539803158617588,-0.059546852292715974,-0.19545021744106172,1.2618910505836567,-0.09934809556769895,0.026601255406147956,0.03544361357528685,0.2847972776047983,-0.05898906976643629,-0.19547026453336072,1.225951218470226
843523.038370809,PLAYBACK,0.81018666701857,0.00018666696269065142,-0.06463859006637662,0.025893797207599434,0.03586770428015562,0.22000137331197145,-0.059546852292715974,-0.19545021744106172,1.2595893797207598,-0.10190703478394478,0.026600108460331007,0.03543946393663326,0.29026682244934304,-0.059032893138647194,-0.19546241301034945,1.2229201238636682
843523.042510826,PLAYBACK,0.8150750590721145,7.50591279938817e-05,-0.06617303730830848,0.025893797207599434,0.03586770428015562,0.22000137331197145,-0.059546852292715974,-0.19545021744106172,1.2584385442893105,-0.10332965682729289,0.026599070253949666,0.03543715074429846,0.29331640350703325,-0.05906005994291498,-0.19545796394554876,1.2212262820497597
843523.051566436,PLAYBACK,0.820067570079118,6.757013034075499e-05,-0.06694026092927352,0.025893797207599434,0.03586770428015562,0.22575555046921636,-0.059546852292715974,-0.19545021744106172,1.2569040970473786,-0.1047777594580563,0.026597730047316342,0.03543478417279601,0.2964267519576434,-0.05908967710371224,-0.1954533800458976,1.219496328940164
843523.055357234,PLAYBACK,0.8300619800575078,6.198009941726923e-05,-0.06885831998168968,0.025893797207599434,0.03586770428015562,0.23112611581597697,-0.059546852292715974,-0.19545021744106172,1.2546024261844817,-0.1076640542160505,0.026594244922560593,0.03543000613337443,0.3026434885675797,-0.05915428205974754,-0.19544410000729162,1.2160330659040062
843523.064764568,PLAYBACK,0.8367514740675688,0.001751474104821682,-0.07192721446555339,0.025893797207599434,0.03586770428015562,0.23342778667887387,-0.059546852292715974,-0.19545021744106172,1.252300755321583,-0.10958816682453285,0.026591354845791906,0.03542675432284115,0.3067996019857546,-0.059201174959805467,-0.19543782631343498,1.2137149439299346
843523.073722301,PLAYBACK,0.8459813590161502,0.0009813590440899134,-0.07384527351796777,0.025893797207599434,0.03586770428015562,0.23841474021515197,-0.059546852292715974,-0.1950666056305792,1.2496154726482036,-0.11223544862509907,0.02658670011483111,0.03542215790679899,0.3125314932831454,-0.059270177210946795,-0.19542911179213926,1.2105163922234843
843523.082674714,PLAYBACK,0.8550650530960411,6.505311466753483e-05,-0.07614694438086467,0.025893797207599434,0.03586770428015562,0.24378530556191436,-0.059546852292715974,-0.19545021744106172,1.2469301899748224,-0.11483528358507675,0.026581441180680957,0.03541746520793254,0.31817411922248573,-0.05934237764794636,-0.19542049559357735,1.2073683864845657
843523.087182756,PLAYBACK,0.8603347260504961,0.00033472606446594,-0.07768139162279653,0.025893797207599434,0.03586770428015562,0.24915587090867497,-0.059546852292715974,-0.19545021744106172,1.245779354543373,-0.11634232329661776,0.026578117146188122,0.03541464579080767,0.3214501730621363,-0.05938595496008043,-0.19541549051193582,1.2055421008168876
843523.095769768,PLAYBACK,0.8683400830486789,0.0033400830579921603,-0.08036667429617772,0.025893797207599434,0.03586770428015562,0.25107392996108935,-0.05916324048223345,-0.19545021744106172,1.2430940718699937,-0.11863185590880095,0.026572733164241878,0.03541019803482165,0.32643329344615357,-0.059454171038208756,-0.19540789321570928,1.202767655336194
843523.105034299,PLAYBACK,0.875079843099229,7.984309922903776e-05,-0.08151750972762706,0.025893797207599434,0.03586770428015562,0.25606088349736744,-0.05916324048223345,-0.19545021744106172,1.2404087891966125,-0.12056109173152083,0.026567931608556677,0.035406274613646885,0.33063682051402477,-0.059513172061501834,-0.19540151570829656,1.200431775417991
843523.109268767,PLAYBACK,0.8850673300912604,6.733008194714785e-05,-0.0849700160219733,0.025893797207599434,0.03586770428015562,0.26143144884412983,-0.05916324048223345,-0.19545021744106172,1.2373398947127487,-0.12342604132139884,0.026560461392593288,0.035400105766288735,0.3368845566531442,-0.05960255527931875,-0.195392123563893,1.1969702118131098
843523.118375164,PLAYBACK,0.8905932940542698,0.000593294040299952,-0.08612085145342085,0.025893797207599434,0.03586770428015562,0.264116731517511,-0.05916324048223345,-0.19545021744106172,1.2358054474708169,-0.1250158305373559,0.026556193711450723,0.0353964842379535,0.3403531995396966,-0.05965267839415941,-0.19538696952548992,1.1950549366603946
843523.122489342,PLAYBACK,0.8950557190692052,5.571905057877302e-05,-0.08765529869535271,0.025893797207599434,0.03586770428015562,0.26680201419089045,-0.05916324048223345,-0.19545021744106172,1.2338873884184025,-0.12630278610988485,0.026552700984773667,0.035393438553500495,0.34316149839620197,-0.0596933402294106,-0.1953828353547584,1.1935082692352217
843523.131144464,PLAYBACK,0.9037813360337168,0.0037813360104337335,-0.09034058136873391,0.025893797207599434,0.03586770428015562,0.27217257953765284,-0.05916324048223345,-0.19545021744106172,1.2308184939345388,-0.12882911993012855,0.02654581213984658,0.03538713787531078,0.3486740562392984,-0.05977291745859559,-0.19537483747973197,1.1904839796405107
843523.14055766,PLAYBACK,0.9141445840941742,0.004144584061577916,-0.0926422522316308,0.025893797207599434,0.03586770428015562,0.28061203936827717,-0.059546852292715974,-0.19545021744106172,1.227749599450675,-0.13185043835453766,0.026537667851879422,0.035378987536827694,0.3552636982383904,-0.05986661998338592,-0.19536551539708777,1.1868921226038616
843523.149466249,PLAYBACK,0.9217800220940262,0.001780022052116692,-0.09571114671549452,0.025893797207599434,0.03586770428015562,0.28329732204165836,-0.05916324048223345,-0.19545021744106172,1.2246807049668114,-0.1340939942946009,0.026531811024461043,0.03537245827341722,0.3601529113205399,-0.05993432791626353,-0.19535879198575565,1.1842457830794249
843523.158776317,PLAYBACK,0.9315078310901299,0.0015078310389071703,-0.09878004119935824,0.025893797207599434,0.03586770428015562,0.29135317006180017,-0.05916324048223345,-0.19545021744106172,1.2219954222934302,-0.13697768246744552,0.026524688335928873,0.03536341381004031,0.3664296357181739,-0.060017922778751245,-0.19535043028676133,1.1808744148076389
843523.167676028,PLAYBACK,0.9400588540593162,5.8854115195572376e-05,-0.10146532387273943,0.025893797207599434,0.03586770428015562,0.2944220645456621,-0.059546852292715974,-0.19545021744106172,1.2189265278095665,-0.13953913469856563,0.026518892945538764,0.03535471774015946,0.37199608779845306,-0.06008799904469991,-0.19534328895406888,1.1779111052226436
843523.172039544,PLAYBACK,0.9450617349939421,6.173504516482353e-05,-0.10299977111467129,0.025893797207599434,0.0354840924696731,0.2971073472190433,-0.05916324048223345,-0.19545021744106172,1.2173920805676364,-0.14105045975267524,0.026515767427024144,0.035349276670707225,0.3752759055176741,-0.060127140906043874,-0.19533920803447521,1.1761775156375822
843523.176451883,PLAYBACK,0.9500593560514972,5.935609806329012e-05,-0.10415060654612063,0.025893797207599434,0.0354840924696731,0.3024779125658057,-0.05916324048223345,-0.19545021744106172,1.2158576333257045,-0.14257020059430503,0.026512879948599622,0.03534356295274791,0.37857028845990726,-0.06016464248356834,-0.19533520620820574,1.174445882781381
843523.185142974,PLAYBACK,0.9576747650280595,0.0026747650699689984,-0.10683588921950005,0.025893797207599434,0.03586770428015562,0.30554680704966763,-0.05916324048223345,-0.19545021744106172,1.2124051270313565,-0.1449062031982146,0.02650900708862749,0.03533428819019558,0.38362642603016395,-0.06021828016611609,-0.19532925651131,1.1718076326089222
843523.194362178,PLAYBACK,0.9675501470919698,0.002550147124566138,-0.10913756008239872,0.025893797207599434,0.03586770428015562,0.3128354314488444,-0.05916324048223345,-0.19545021744106172,1.209719844357977,-0.14797323721314834,0.026505117884716583,0.03532116423219821,0.39024995611918206,-0.06028049397185236,-0.19532181586172714,1.168388221633127
843523.202971223,PLAYBACK,0.9752623720560223,0.0002623720793053508,-0.11182284275577814,0.025893797207599434,0.03586770428015562,0.3178223849851225,-0.05916324048223345,-0.19545021744106172,1.2066509498741134,-0.1503980117842991,0.02650314350312603,0.03530999237180921,0.3954741264155581,-0.0603223678089328,-0.1953162261470632,1.1657213064297935
843523.207108083,PLAYBACK,0.9800630460958928,6.304611451923847e-05,-0.11335728999771,0.025893797207599434,0.03586770428015562,0.3178223849851225,-0.059546852292715974,-0.19545021744106172,1.205500114442664,-0.15191962885117352,0.026502456623308024,0.0353026091737621,0.39874684226293844,-0.06034507761176034,-0.19531284626231815,1.1640642839313666
843523.216297129,PLAYBACK,0.9887128880945966,0.0037128881085664034,-0.1160425726710912,0.025893797207599434,0.03586770428015562,0.3231929503318831,-0.05916324048223345,-0.19545021744106172,1.2028148317692828,-0.15468180165756934,0.026502402214052187,0.03528844839186873,0.404676873871935,-0.06037880084533289,-0.19530695091287098,1.161088779132145
843523.225413256,PLAYBACK,0.9950598260620609,5.9826066717505455e-05,-0.11757701991302305,0.025893797207599434,0.03586770428015562,0.3285635156786455,-0.059546852292715974,-0.19545021744106172,1.2016639963378353,-0.15672214167401902,0.02650343084193358,0.03527734240017809,0.4090484748324488,-0.06039715499847976,-0.19530278337387333,1.1589174142465322
843523.234376699,PLAYBACK,1.0050594150088727,5.941500421613455e-05,-0.12026230258640425,0.025893797207599434,0.03586770428015562,0.33431769283588864,-0.059546852292715974,-0.19545021744106172,1.1974442664225222,-0.15995284987054692,0.02650709649262828,0.03525859659436036,0.4159562761978241,-0.060414120399593714,-0.19529647857719568,1.1555241556637583
843523.239185749,PLAYBACK,1.0150728219887242,7.28219747543335e-05,-0.12486564431219982,0.025893797207599434,0.03586770428015562,0.34045548180361607,-0.05916324048223345,-0.19545021744106172,1.1943753719386585,-0.16320074779877708,0.026513534838432648,0.035238269338635005,0.4228849391633926,-0.06041539011078865,-0.19529045528082345,1.1521659881806825
843523.247351794,PLAYBACK,1.0211952300742269,0.0011952300556004047,-0.12601647974364738,0.025893797207599434,0.03586770428015562,0.3465932707713435,-0.05916324048223345,-0.19545021744106172,1.1928409246967266,-0.16519065525246499,0.026518960892760627,0.03522505839365993,0.42712315750060365,-0.060407970426111256,-0.19528689408330369,1.150133377001759
843523.251908119,PLAYBACK,1.02506593009457,6.593007128685713e-05,-0.12755092698557924,0.025893797207599434,0.03586770428015562,0.3496621652552072,-0.05916324048223345,-0.19545021744106172,1.1913064774547948,-0.16644990884168753,0.026523012178198517,0.035216394262700276,0.4298028953424195,-0.060399952013029834,-0.1952846823026697,1.1488563344346014
843523.260620571,PLAYBACK,1.0330366099951789,0.003036609967239201,-0.13023620965896043,0.025893797207599434,0.03586770428015562,0.3519638361181041,-0.059546852292715974,-0.19545021744106172,1.188237582970931,-0.1690453119679508,0.026532953101598086,0.03519777861478975,0.43532134583438786,-0.06037508539940976,-0.1952802050377528,1.1462455468339945
843523.269971057,PLAYBACK,1.0422896890668198,0.0022896890295669436,-0.13292149233234163,0.025893797207599434,0.0354840924696731,0.36117051956969526,-0.059546852292715974,-0.19545021744106172,1.1847850766765848,-0.17206109168685282,0.02654736038846651,0.035174834902398075,0.4417278049431468,-0.06033168542907819,-0.1952750963678534,1.1432450280119804
843523.279200381,PLAYBACK,1.051968413987197,0.001968413940630853,-0.13560677500572105,0.025893797207599434,0.0354840924696731,0.36692469672694017,-0.059546852292715974,-0.19545021744106172,1.1813325703822386,-0.17521719768754956,0.026565977519564507,0.035149266807310654,0.4484290296468982,-0.060269023894529546,-0.19526979028815142,1.1401384263421106
843523.288217707,PLAYBACK,1.060055498033762,5.549797788262367e-05,-0.13867566948958476,0.025893797207599434,0.0354840924696731,0.3699935912108039,-0.059546852292715974,-0.19545021744106172,1.1778800640878924,-0.17785416418175895,0.02658451637895595,0.03512664605583722,0.45402828884586954,-0.060202749815132746,-0.19526533290003184,1.1375651442794432
843523.292428039,PLAYBACK,1.0650622160173953,6.221607327461243e-05,-0.14021011673151662,0.025893797207599434,0.03586770428015562,0.3726788738841833,-0.059546852292715974,-0.19545021744106172,1.175962005035478,-0.17948608334383784,0.02659743450849113,0.03511205798811307,0.4574948054356668,-0.060155243612804325,-0.1952625413353182,1.135981178706138
843523.301605994,PLAYBACK,1.0701008359901607,0.00010083604138344526,-0.14097734035248344,0.025893797207599434,0.0354840924696731,0.3784330510414282,-0.059546852292715974,-0.19545021744106172,1.1744275577935461,-0.18112754517972568,0.026611597213587763,0.03509692060503453,0.46098341820843614,-0.06010236827446974,-0.19525969414030503,1.134393478501697
843523.30627766,PLAYBACK,1.0800647680880502,6.476812995970249e-05,-0.14366262302586286,0.025893797207599434,0.03586770428015562,0.38457084000915565,-0.059546852292715974,-0.19545021744106172,1.1713586633096824,-0.18436976315346543,0.026643203460756076,0.03506562011843504,0.46788221248473183,-0.05998266074247554,-0.19525390909234477,1.131270128664184
843523.315351325,PLAYBACK,1.0876602990319952,0.00266029906924814,-0.14634790569924405,0.025893797207599434,0.03586770428015562,0.38725612268253684,-0.059546852292715974,-0.19545021744106172,1.1686733806363012,-0.18683660563412274,0.026670680776749493,0.03504052283064445,0.47314119596512133,-0.05987774267216235,-0.19524931824499592,1.1289012267940133
843523.325751854,PLAYBACK,1.0963314319960773,0.0013314320240169764,-0.14864957656214273,0.025893797207599434,0.03586770428015562,0.39262668802929745,-0.059546852292715974,-0.1950666056305792,1.16598809796292,-0.18964611460807781,0.026705846118647954,0.03501054190797763,0.4791449160558689,-0.05974337486085234,-0.19524383454977406,1.126206352498797
843523.333213218,PLAYBACK,1.1053283200599253,0.00032832007855176926,-0.15133485923552215,0.025893797207599434,0.0354840924696731,0.39838086518654237,-0.059546852292715974,-0.19545021744106172,1.1629192034790563,-0.19255178165379527,0.02674685785758914,0.03497791310293928,0.48537419408174654,-0.0595874136539641,-0.19523781788192937,1.1234173112757644
843523.337656005,PLAYBACK,1.1100681870011613,6.818701513111591e-05,-0.15248569466697148,0.025893797207599434,0.0354840924696731,0.4014497596704043,-0.059546852292715974,-0.19545021744106172,1.1613847562371244,-0.19407804568093304,0.026770410506851177,0.03496009145688038,0.48865599362034245,-0.05949844980589566,-0.19523449582089494,1.121949512636766
843523.346715503,PLAYBACK,1.1184341550106183,0.003434155019931495,-0.15593820096131772,0.025893797207599434,0.0354840924696731,0.40758754863813174,-0.059546852292715974,-0.1950666056305792,1.158699473563745,-0.19676312502490376,0.026815418706963353,0.03492755793379738,0.49444844569577306,-0.05932996945980378,-0.19522834772553171,1.1193592189783954
843523.355736657,PLAYBACK,1.1288853810401633,0.003885381040163338,-0.15900709544518143,0.025893797207599434,0.03586770428015562,0.4167942320897229,-0.059546852292715974,-0.1950666056305792,1.1556305790798813,-0.20009944494203807,0.026878129439670027,0.03488495387959588,0.5016846987993299,-0.0590989751677131,-0.19522010876775792,1.1161197591758314
843523.364670294,PLAYBACK,1.1367317630210891,0.0017317630117759109,-0.16207598992904515,0.025893797207599434,0.0354840924696731,0.4202467383840691,-0.059546852292715974,-0.1950666056305792,1.1529452964065001,-0.20258924091059505,0.026930218629417815,0.03485151248542549,0.5071174004188536,-0.05891063632992072,-0.19521348160748597,1.113681666130737
843523.373771452,PLAYBACK,1.1450592980254441,5.929800681769848e-05,-0.16476127260242635,0.025893797207599434,0.03586770428015562,0.42638452735179655,-0.059546852292715974,-0.1950666056305792,1.1506436255436032,-0.2052159809988179,0.02699047098814283,0.034814630800936754,0.5128832372396711,-0.05869684920745099,-0.1952060087775096,1.1110852588867306
843523.382394733,PLAYBACK,1.1550704200053588,7.041997741907835e-05,-0.16744655527580576,0.025893797207599434,0.03586770428015562,0.4355912108033877,-0.059546852292715974,-0.1950666056305792,1.147958342870222,-0.20835015578579108,0.02707006007937706,0.03476836439722866,0.5198147394414716,-0.05842107095377503,-0.1951964043758359,1.1079478989899112
843523.386402687,PLAYBACK,1.1600606170250103,6.061699241399765e-05,-0.16821377889677258,0.025893797207599434,0.0354840924696731,0.4386601052872514,-0.059546852292715974,-0.19545021744106172,1.1464238956282902,-0.20990204807397356,0.027112795663089842,0.03474450265498404,0.5232698395467874,-0.058276029485526536,-0.19519135983841057,1.106376110070579
843523.390724482,PLAYBACK,1.165068157017231,6.815697997808456e-05,-0.16936461432822014,0.025893797207599434,0.03586770428015562,0.4417289997711151,-0.059546852292715974,-0.1950666056305792,1.1448894483863583,-0.211451976357086,0.027157815494099187,0.03472001514081109,0.5267369351086341,-0.058125468995599366,-0.19518612592942824,1.1047928142256296
843523.400467501,PLAYBACK,1.1719656100030988,0.0019656099611893296,-0.17204989700160134,0.025893797207599434,0.03586770428015562,0.44518150606546136,-0.059546852292715974,-0.1950666056305792,1.1422041657129771,-0.21357426357160522,0.027223455198493913,0.03468538332611859,0.5315125330285329,-0.05790993909033937,-0.19517863836101715,1.102601093224294
843523.409440323,PLAYBACK,1.1835345689905807,0.003534568939357996,-0.17511879148546505,0.025893797207599434,0.03586770428015562,0.4536209658960857,-0.05916324048223345,-0.1950666056305792,1.137217212176699,-0.21709935048554752,0.02734346793455736,0.03462490157483957,0.5395224555141923,-0.057527559068948,-0.19516538280390697,1.0988935886130595
843523.418039949,PLAYBACK,1.1903629699954763,0.00036297005135565996,-0.17780407415884625,0.025893797207599434,0.03586770428015562,0.45707347219043193,-0.059546852292715974,-0.1950666056305792,1.1352991531242846,-0.21915863071527686,0.027420450918036948,0.034587763004842405,0.5442501202277299,-0.05728980871117318,-0.19515717713924188,1.0966851463983003
843523.42207247,PLAYBACK,1.195057329023257,5.732907447963953e-05,-0.1793385214007781,0.025893797207599434,0.0354840924696731,0.46052597848477816,-0.059546852292715974,-0.1950666056305792,1.1341483176928353,-0.22056479867834303,0.027476152036510874,0.03456159736527728,0.5475002385851908,-0.05712126258576256,-0.19515138705841054,1.0951576740186646
843523.431122099,PLAYBACK,1.203343034023419,0.0033430340699851513,-0.18202380407415752,0.025893797207599434,0.03586770428015562,0.4662801556420231,-0.05916324048223345,-0.1950666056305792,1.1310794232089734,-0.22302728566537752,0.027580221233802518,0.034514128647369906,0.5532367245079859,-0.056813805092860666,-0.19514090606310977,1.0924425894036593
843523.440389505,PLAYBACK,1.2126794030191377,0.0026794030563905835,-0.18470908674753872,0.025893797207599434,0.0354840924696731,0.4724179446097505,-0.05916324048223345,-0.1950666056305792,1.1280105287251097,-0.2257715861281132,0.027706707888672116,0.03445862741940086,0.5597004182740896,-0.05645242522465072,-0.19512876873764254,1.0893532574718172
843523.449220045,PLAYBACK,1.221684807096608,0.0016848071245476604,-0.18739436942091992,0.025893797207599434,0.03586770428015562,0.47855573357747794,-0.05877962867174916,-0.1950666056305792,1.1253252460517285,-0.22838732030621905,0.027838482489461098,0.03440301406100938,0.5659344111475347,-0.05608927758631914,-0.19511683515394723,1.0863429590150364
843523.458242231,PLAYBACK,1.2300776470219716,7.764704059809446e-05,-0.19007965209429933,0.025893797207599434,0.03586770428015562,0.48469352254520537,-0.05877962867174916,-0.1950666056305792,1.1226399633783473,-0.23079670584548087,0.02797038649605985,0.034349296421879394,0.5717426903688801,-0.05573839207476534,-0.19510561848469776,1.0835109915524221
843523.462255835,PLAYBACK,1.2364368280395865,0.0014368280535563827,-0.1919977111467155,0.025893797207599434,0.03586770428015562,0.490831311512931,-0.058396016861266636,-0.19545021744106172,1.1211055161364154,-0.23260329364534268,0.02807641071499829,0.034307362360646375,0.5761408261388891,-0.055464875391165736,-0.1950971271246447,1.0813492901855368
843523.466662173,PLAYBACK,1.2401533230440691,0.0001533230533823371,-0.19353215838864735,0.025893797207599434,0.03586770428015562,0.4935165941863122,-0.058396016861266636,-0.1950666056305792,1.1199546807049678,-0.23365119006550011,0.028140865725377964,0.03428236020608763,0.5787092099006648,-0.05530210629921586,-0.19509219078980214,1.0800801507920064
843523.475413801,PLAYBACK,1.247374317026697,0.002374317031353712,-0.19660105287251106,0.025893797207599434,0.03586770428015562,0.49658548867017593,-0.058396016861266636,-0.19545021744106172,1.1172693980315866,-0.23566955297790423,0.02827145167366805,0.03423274216561299,0.5836925910097058,-0.05498003960723323,-0.1950827045304295,1.0776037742319904
843523.484601134,PLAYBACK,1.2568932350259274,0.0018932350212708116,-0.19928633554589048,0.025893797207599434,0.03586770428015562,0.5054085603112828,-0.058012405050784116,-0.1950666056305792,1.114967727168688,-0.2382921299566829,0.02845456450328159,0.03416525942023367,0.5902405395060909,-0.05454469544010314,-0.19507053363831886,1.0743231191739455
843523.493089337,PLAYBACK,1.2658633620012552,0.000863361987285316,-0.20158800640878916,0.025893797207599434,0.0354840924696731,0.5115463492790102,-0.058012405050784116,-0.1950666056305792,1.1122824444953086,-0.2407212961201233,0.028638730465796815,0.03409953626038302,0.5963799569018428,-0.05412447651171042,-0.1950595717202676,1.0712212306445479
843523.497291994,PLAYBACK,1.2700642549898475,6.425497122108936e-05,-0.203122453650721,0.025893797207599434,0.0354840924696731,0.5115463492790102,-0.058012405050784116,-0.1950666056305792,1.1107479972533767,-0.24184453109650283,0.028728920212554465,0.034068046138406596,0.5992431180452101,-0.05392467757279794,-0.19505465200031638,1.069766672276839
843523.506701583,PLAYBACK,1.2786313500255346,0.0036313500022515655,-0.2050405127031354,0.025893797207599434,0.03586770428015562,0.5180677500572202,-0.057628793240301596,-0.1950666056305792,1.1080627145799955,-0.2441072660965024,0.02892082674644308,0.034002395688320086,0.6050575447342126,-0.053511746439296196,-0.19504512012972733,1.066798510651319
843523.51616217,PLAYBACK,1.2915084559936076,0.00650845596101135,-0.20849301899748163,0.025893797207599434,0.0354840924696731,0.5268908216983288,-0.0572451814298173,-0.1950666056305792,1.1038429846646824,-0.24744226958559634,0.029230193323741858,0.033899939684783637,0.6137397015630086,-0.052878172364475284,-0.1950322709694657,1.0623352062328286
843523.526449321,PLAYBACK,1.2978402450680733,0.002840245026163757,-0.21002746623941349,0.026277409018081954,0.0354840924696731,0.5326449988555737,-0.05686156961933478,-0.1950666056305792,1.101924925612268,-0.24905587989974992,0.029391971189674383,0.03384778918666958,0.6179874460135678,-0.05256125119985028,-0.19502669882102047,1.060140228494261
843523.529182531,PLAYBACK,1.3050614390522242,6.143900100141764e-05,-0.21232913710231038,0.025893797207599434,0.0354840924696731,0.5357138933394356,-0.05686156961933478,-0.1950666056305792,1.0984724193179218,-0.2508775562111137,0.029584640806039095,0.03378678604220185,0.6228184498574781,-0.05219563726514654,-0.19502101229369434,1.0576367633592998
843523.538229876,PLAYBACK,1.310443597030826,0.0004435969749465585,-0.21386358434424224,0.026277409018081954,0.0354840924696731,0.5387827878232994,-0.05686156961933478,-0.1950666056305792,1.09693797207599,-0.2522237450126303,0.029734119869711327,0.0337402027005939,0.626411873157632,-0.051920301946937426,-0.1950172691266576,1.0557707545837087
843523.542593912,PLAYBACK,1.3150669510941952,6.695115007460117e-05,-0.21501441977569158,0.026277409018081954,0.0354840924696731,0.5422352941176474,-0.05647795780885226,-0.1950666056305792,1.0950199130235756,-0.2533731092508912,0.02986667585306726,0.03369938699441909,0.6294950361897177,-0.05168188509338186,-0.19501441028515884,1.0541677533331848
843523.551544542,PLAYBACK,1.3240502020344138,0.004050202085636556,-0.2180833142595553,0.025893797207599434,0.0354840924696731,0.5479894712748905,-0.05609434599836974,-0.19545021744106172,1.0919510185397119,-0.25559031421329387,0.03013565300045665,0.03361784346680484,0.6354800034616324,-0.05121369561763237,-0.19500984969455762,1.0510529011711705
843523.560286711,PLAYBACK,1.331461220048368,0.001461220090277493,-0.2207685969329365,0.025893797207599434,0.0354840924696731,0.5541272602426179,-0.05571073418788722,-0.1950666056305792,1.0888821240558482,-0.2574064353848733,0.030369438280092267,0.03354819687284852,0.6404163664063824,-0.05082260560115249,-0.1950071287963113,1.0484830016064606
843523.564530136,PLAYBACK,1.3400571190286428,5.711906123906374e-05,-0.22191943236438405,0.026277409018081954,0.0354840924696731,0.5606486610208279,-0.05532712237740292,-0.1950666056305792,1.085429617761502,-0.2595022125005705,0.030654842929966827,0.03346450152335004,0.6461470013084851,-0.050363577240958836,-0.19500521756977943,1.045501982767462
843523.573525211,PLAYBACK,1.346062833094038,0.0010628331219777465,-0.22498832684824777,0.026277409018081954,0.035100480659188804,0.5633339436942091,-0.05532712237740292,-0.1950666056305792,1.0842787823300526,-0.26096201022970894,0.03086380377221192,0.03340402904201708,0.6501577228880466,-0.05003945152461753,-0.19500470777021106,1.0434190865212873
843523.577703481,PLAYBACK,1.3504110890207812,0.00041108904406428337,-0.22652277409017962,0.026277409018081954,0.035100480659188804,0.5664028381780728,-0.0549435105669204,-0.1950666056305792,1.083127946898605,-0.26201770807447733,0.031020228676047902,0.033359153452468523,0.6530667398314713,-0.04980303980540346,-0.19500477483504156,1.0419109884700997
843523.587090306,PLAYBACK,1.3591702310368419,0.004170231055468321,-0.2288244449530783,0.026661020828564475,0.035100480659188804,0.5721570153353159,-0.05455989875643788,-0.1950666056305792,1.0804426642252238,-0.26414388842033737,0.031349028524933265,0.03326578737757925,0.6589438118574529,-0.04932244903025494,-0.1950060477344688,1.0388733016408276
843523.595963497,PLAYBACK,1.368090252042748,0.0030902520520612597,-0.23150972762645772,0.026661020828564475,0.035100480659188804,0.5786784161135259,-0.05455989875643788,-0.1950666056305792,1.0769901579308776,-0.2663123009119365,0.031703599084643666,0.03316634358126003,0.6649568608624338,-0.04882731727190986,-0.19500893390995971,1.0357817464818597
843523.60474376,PLAYBACK,1.3750338640529662,3.386405296623707e-05,-0.23304417486838958,0.026661020828564475,0.035100480659188804,0.5848162050812533,-0.05417628694595536,-0.1950666056305792,1.0754557106889457,-0.2680043838745594,0.0319939462420684,0.03308569938851919,0.669657526835562,-0.04843840406837258,-0.1950122965712933,1.0333795420731324
843523.614107441,PLAYBACK,1.3850909940665588,9.099405724555254e-05,-0.2364966811627358,0.026661020828564475,0.035100480659188804,0.5909539940489825,-0.05379267513547106,-0.1950666056305792,1.0708523689631502,-0.2704612343611338,0.03243697593721954,0.03296373198339263,0.6764871626091175,-0.04787143031362763,-0.19501886097611268,1.0299172696261725
843523.619120862,PLAYBACK,1.3950526510598138,5.265104118734598e-05,-0.23879835202563449,0.026661020828564475,0.034716868848706284,0.59709178301671,-0.05302545151450602,-0.1950666056305792,1.0685506981002515,-0.2728965485415906,0.03290116411518403,0.032837004738559515,0.6832507840684956,-0.04730892574004503,-0.19502720857705433,1.0265272536838705
843523.627388442,PLAYBACK,1.4000612730160356,6.127299275249243e-05,-0.23956557564659953,0.026661020828564475,0.034716868848706284,0.5997770656900894,-0.0526418397040235,-0.1950666056305792,1.0670162508583196,-0.27411907263889373,0.033143509851965715,0.03277116036489422,0.6866397439001048,-0.047027142959583816,-0.19503202549697712,1.0248453272246463
843523.631238834,PLAYBACK,1.4050730720628053,7.307203486561775e-05,-0.24033279926756634,0.026661020828564475,0.034716868848706284,0.6055312428473343,-0.0526418397040235,-0.1950666056305792,1.0662490272373546,-0.27533987779482433,0.03339166208062529,0.03270390494326243,0.6900174985803751,-0.04674657651432811,-0.19503720839043548,1.0231811585637711
843523.640350482,PLAYBACK,1.4126447680173442,0.0026447679847478867,-0.24225085831998072,0.027044632639046995,0.034716868848706284,0.6082165255207155,-0.051874616083056685,-0.1950666056305792,1.0639473563744577,-0.2771784864170157,0.03377681996512681,0.0325997540805266,0.6950888315338026,-0.04632627928166973,-0.19504562586140298,1.0207072759044382
843523.649187213,PLAYBACK,1.4215277270413935,0.0015277269994840026,-0.2445525291828794,0.02742824444953129,0.03433325703822376,0.6143543144884411,-0.051874616083056685,-0.1950666056305792,1.0604948500801097,-0.27932679156678136,0.03424385848981889,0.03247366884543519,0.7009837108128587,-0.0458399215111275,-0.1950561945686787,1.0178721632245227
843523.658873092,PLAYBACK,1.4305153370369226,0.0005153369856998324,-0.2468542000457763,0.02742824444953129,0.03394964522774124,0.6204921034561686,-0.051107392462091644,-0.1950666056305792,1.0570423437857634,-0.28149324687443356,0.034732780024192944,0.03234169258078932,0.7068865598457703,-0.04535627525326289,-0.1950673565438522,1.0150808813994052
843523.668270869,PLAYBACK,1.4402925110189244,0.0002925110748037696,-0.2495394827191575,0.027811856260013812,0.03394964522774124,0.6289315632867947,-0.05072378065160735,-0.1950666056305792,1.0535898374914172,-0.28384653274066046,0.0352833602741374,0.03219282352493966,0.7132410312826842,-0.044840643991914245,-0.19507963843203752,1.0121340197256683
843523.672049061,PLAYBACK,1.445916071999818,0.0009160720510408282,-0.25069031815060505,0.027811856260013812,0.03394964522774124,0.6327676813916234,-0.05072378065160735,-0.1950666056305792,1.0520553902494854,-0.28520059578224144,0.035608929633647486,0.032104564701800446,0.7168664063342771,-0.04454931494194761,-0.19508659091973626,1.01048152891654
843523.681179015,PLAYBACK,1.4500574819976464,5.748204421252012e-05,-0.2518411535820544,0.027811856260013812,0.03356603341725872,0.6354529640650046,-0.05034016884112483,-0.1950666056305792,1.050137331197071,-0.28619883755956443,0.03585287204073348,0.03203828536672293,0.719523288916918,-0.04433732071232683,-0.19509158846293728,1.009284408778817
843523.68561038,PLAYBACK,1.4600566910812631,5.669111851602793e-05,-0.2545264362554356,0.027811856260013812,0.03356603341725872,0.6412071412222478,-0.049572945220159786,-0.1950666056305792,1.0470684367132073,-0.2886155502259652,0.03645657998895802,0.03187358478997791,0.725895555427212,-0.04383474606514169,-0.19510296350619208,1.006463388451574
843523.694732117,PLAYBACK,1.4668251971015707,0.001825197134166956,-0.257211718928815,0.028195468070496332,0.03356603341725872,0.643892423895629,-0.049572945220159786,-0.1950666056305792,1.044383154039826,-0.29025899138466305,0.03687713805314844,0.031758184294904686,0.7301769937407364,-0.04350229079499387,-0.19510987513157474,1.0046094944077415
843523.703779552,PLAYBACK,1.4756352270487696,0.0006352270720526576,-0.25912977798123116,0.028195468070496332,0.03356603341725872,0.6504138246738389,-0.04880572159919297,-0.1950666056305792,1.0409306477454798,-0.29241062004688245,0.03743906933158887,0.03160299976514195,0.7357142767872686,-0.04307935131813453,-0.19511755690003543,1.0022637341017109
843523.712363128,PLAYBACK,1.4850589730776846,5.8973091654479504e-05,-0.2618150606546106,0.028579079880978853,0.033182421606774426,0.65962050812543,-0.04803849797822793,-0.1950666056305792,1.0378617532616161,-0.294731742619885,0.038058475208069584,0.03143047473489372,0.7415964202516002,-0.04263972418733603,-0.19512366326200759,0.9998388234665678
843523.716895607,PLAYBACK,1.4900589790195227,5.897902883589268e-05,-0.2629658960860599,0.028579079880978853,0.033182421606774426,0.6630730144197763,-0.04765488616774363,-0.1950666056305792,1.0363273060196843,-0.2959730119946872,0.038394863385654884,0.03133607977884136,0.7447015202033451,-0.04241202651884587,-0.19512582878605605,0.998587587579217
843523.725753969,PLAYBACK,1.4991219940129668,0.004121994017623365,-0.2652675669489568,0.028579079880978853,0.033182421606774426,0.6688271915770212,-0.04688766254677859,-0.1950666056305792,1.0336420233463048,-0.298242775920435,0.03901837941450266,0.031159722128511397,0.7503041294317037,-0.0420094600531426,-0.19512750474199048,0.996382088360839
843523.73480945,PLAYBACK,1.50709862599615,0.0020986259914934635,-0.26718562600137297,0.02896269169146315,0.033182421606774426,0.6715124742504006,-0.04612043892581355,-0.1950666056305792,1.0309567406729236,-0.30026418283320483,0.03958192710191785,0.030998692512570477,0.7552098980201896,-0.041666303866065436,-0.19512621707492692,0.9945076062832428
843523.744045997,PLAYBACK,1.5150607300456613,6.0730031691491604e-05,-0.26910368505378734,0.02896269169146315,0.033182421606774426,0.6772666514076455,-0.045736827115329254,-0.1950666056305792,1.028655069810025,-0.3023067075345402,0.040158313417719,0.03083231523038863,0.760085317320987,-0.04133450946848024,-0.1951219534076813,0.992698767117047
843523.749115977,PLAYBACK,1.525059879058972,5.987903568893671e-05,-0.27140535591668424,0.02934630350194567,0.033182421606774426,0.683404440375373,-0.04535321530484673,-0.1950666056305792,1.0259697871366456,-0.30491068042058006,0.04090186776887935,0.030615081569058525,0.7661807712595226,-0.04093345815246447,-0.19511177588408762,0.9905152274194639
843523.757219823,PLAYBACK,1.5300776390358806,7.76390079408884e-05,-0.2725561913481336,0.02972991531242819,0.033182421606774426,0.6891586175326161,-0.04496960349436421,-0.1950666056305792,1.0244353398947137,-0.3062350873851689,0.0412832849873298,0.03050248096051844,0.7692291830645674,-0.040738908752175076,-0.19510441169988121,0.9894564457956183
843523.761077529,PLAYBACK,1.5350726050091907,7.260497659444809e-05,-0.2733234149691004,0.02972991531242819,0.032798809796291906,0.6918439002059973,-0.04458599168388169,-0.1950666056305792,1.0229008926527818,-0.3075659875219863,0.04166847630750889,0.030387948353088626,0.7722574203319218,-0.040549771168701156,-0.19509544426800773,0.9884270095511729
843523.770456479,PLAYBACK,1.5425605600466952,0.00256056000944227,-0.2752414740215148,0.03011352712291071,0.032798809796291906,0.6945291828793785,-0.044202379873397396,-0.1950666056305792,1.0205992217898832,-0.30958574342995765,0.0422562060802961,0.030211589875681327,0.7767861129187765,-0.04027480912029794,-0.19507870956599135,0.9869296460460913
843523.779072216,PLAYBACK,1.5528869070112705,0.0028869069647043943,-0.2775431448844117,0.030880750743877527,0.032031586175326865,0.7029686427100028,-0.043051544441949835,-0.1950666056305792,1.0186811627374688,-0.31242255461813656,0.043086926065426384,0.02995897446195336,0.7830120284286387,-0.03991273709880887,-0.19504854121760762,0.9849549827603907
843523.78851015,PLAYBACK,1.5609401650726795,0.0009401650168001652,-0.27946120393682605,0.03126436255436005,0.03164797436484257,0.7083392080567634,-0.043051544441949835,-0.1950666056305792,1.0159958800640894,-0.3146789261887026,0.043750950787717194,0.029754207724459972,0.7878535449490501,-0.0396443125526606,-0.19501873574649273,0.9834876757025559
843523.792950893,PLAYBACK,1.5651772380806506,0.00017723813652992249,-0.2806120393682754,0.03126436255436005,0.03164797436484257,0.7083392080567634,-0.043051544441949835,-0.1950666056305792,1.0152286564431225,-0.31588231433440733,0.044105957239577054,0.029643693090766046,0.7903963769625436,-0.039508029679739896,-0.1950006652083567,0.98274126247548
843523.801797884,PLAYBACK,1.574231997015886,0.00423199706710875,-0.28253009842068977,0.032031586175326865,0.03126436255436005,0.7148606088349734,-0.04266793263146554,-0.1950666056305792,1.0125433737697414,-0.318493022169326,0.04487750430959069,0.02940100506743289,0.7958210020800565,-0.03922825423963659,-0.19495612593475634,0.9812053124817038
843523.810792618,PLAYBACK,1.5831632090266794,0.0031632090685889125,-0.28444815747310415,0.032415197985809385,0.030880750743877527,0.7229164568551152,-0.04228432082098302,-0.1950666056305792,1.009858091096362,-0.32112201633897997,0.045655421324880936,0.02915284788512431,0.801159668843346,-0.03896759210533637,-0.19490372671388412,0.9797693307659933
843523.81986985,PLAYBACK,1.5900569760706276,5.6976103223860264e-05,-0.2855989929045535,0.032415197985809385,0.030880750743877527,0.7259853513389789,-0.0419007090105005,-0.1950666056305792,1.0075564202334633,-0.32318900762984565,0.04626703567520883,0.02895530940674589,0.8052725379540421,-0.038776726680131775,-0.19485710026564418,0.9787146408917093
843523.823988536,PLAYBACK,1.6000571270706132,5.71270938962698e-05,-0.2890514991988997,0.033182421606774426,0.030880750743877527,0.7321231403067063,-0.04151709720001798,-0.1946829938200949,1.0048711375600838,-0.3262470138121015,0.047170814917622934,0.028659520015156627,0.8112259007946008,-0.0385156618981797,-0.1947792073552367,0.9772679630623562
843523.833504018,PLAYBACK,1.6069443410960957,0.0019443411147221923,-0.29020233463034906,0.033182421606774426,0.030497138933395007,0.7378773174639512,-0.04113348538953368,-0.1946829938200949,1.0037203021286345,-0.3283943547769021,0.04780404380896784,0.02844954188553897,0.8153161820030055,-0.03834655137271119,-0.19471808028138546,0.9763290133954012
843523.842226941,PLAYBACK,1.615059378091246,5.937810055911541e-05,-0.29250400549324773,0.03394964522774124,0.030497138933395007,0.7432478828107119,-0.04113348538953368,-0.1946829938200949,1.0014186312657358,-0.33096719018287335,0.04856054145123591,0.028195773986474933,0.8201231678894135,-0.03815818360806098,-0.1946377904910578,0.9752828362087712
843523.846881564,PLAYBACK,1.6201351390918717,0.0001351390965282917,-0.2936548409246953,0.03394964522774124,0.03011352712291071,0.745933165484093,-0.04074987357905116,-0.1946829938200949,1.0006514076447708,-0.3325992831343863,0.049038900353483524,0.02803369203053773,0.8231214722026313,-0.03804618512937837,-0.1945828529970021,0.9746616027782905
843523.855400776,PLAYBACK,1.6279724040068686,0.002972404006868601,-0.2963401235980765,0.034716868848706284,0.03011352712291071,0.7490020599679568,-0.04036626176856864,-0.1946829938200949,0.9983497367818721,-0.33515216563847594,0.04978432734993339,0.027778663245945637,0.8277351623446055,-0.03788172336132358,-0.19449066235836915,0.97375248839206
843523.864340495,PLAYBACK,1.6366567719960585,0.001656771986745298,-0.2986417944609734,0.035100480659188804,0.02934630350194567,0.7547562371251999,-0.04036626176856864,-0.1946829938200949,0.9964316777294577,-0.33802386678238916,0.05061815330673728,0.027489911054929754,0.8328188948760948,-0.03771090668047023,-0.19437781192131465,0.9728160869905821
843523.873082344,PLAYBACK,1.6457017220091075,0.000701721990481019,-0.30055985351338954,0.03586770428015562,0.02934630350194567,0.7605104142824448,-0.03998264995808612,-0.1946829938200949,0.9941300068665608,-0.3410563541508396,0.05149252386896445,0.027183269954635998,0.838072026843269,-0.03754481014584954,-0.19424811867886535,0.9719197239204207
843523.877557072,PLAYBACK,1.6500570520292968,5.7052006013691425e-05,-0.3020943007553214,0.03586770428015562,0.02934630350194567,0.763195696955826,-0.03959903814760182,-0.1946829938200949,0.9937463950560783,-0.34252932854521284,0.051914736503041174,0.027033824317362957,0.8405830818484455,-0.03746876921606393,-0.19418122203200686,0.9715165396388347
843523.886643923,PLAYBACK,1.6550849810009822,8.49809730425477e-05,-0.30324513618676896,0.03625131609063814,0.02896269169146315,0.7685662623025866,-0.03998264995808612,-0.1946829938200949,0.992595559624629,-0.3442384183438269,0.05240244265256658,0.026860106642948713,0.8434648879503617,-0.03738388376050394,-0.19410040772961568,0.971073748230729
843523.896016411,PLAYBACK,1.665061487001367,6.148696411401033e-05,-0.30554680704966763,0.03701853971160496,0.028579079880978853,0.7735532158388647,-0.03959903814760182,-0.1946829938200949,0.9910611123826971,-0.34765163243147695,0.053368966178986725,0.02651247526616176,0.8491229101298848,-0.03722356056924599,-0.19392875765725454,0.9702654236734525
843523.89994891,PLAYBACK,1.6750623800326139,6.237998604774475e-05,-0.30823208972304705,0.03778576333257,0.028579079880978853,0.7789237811856253,-0.0392154263371193,-0.1946829938200949,0.9891430533302827,-0.35109429390519153,0.05433302488992934,0.026161441090708712,0.8547068787617927,-0.03707157998238952,-0.1937418091338383,0.9695452272136802
843523.909387023,PLAYBACK,1.681374411098659,0.001374411047436297,-0.31053376058594573,0.038552986953536816,0.028195468070496332,0.781225452048524,-0.0392154263371193,-0.1946829938200949,0.9883758297093159,-0.3532743205959053,0.054937532025706164,0.025939233092234955,0.8581834930724905,-0.03697893623859663,-0.19361626801267148,0.9691346946100194
843523.918893519,PLAYBACK,1.6907085850834846,0.0007085851393640041,-0.3128354314488426,0.03893659876401934,0.027811856260013812,0.7888976882581833,-0.03883181452663678,-0.1946829938200949,0.9868413824673841,-0.3565045539747669,0.055824277804816524,0.025610486583979467,0.8632562317342936,-0.036844802270825996,-0.1934200700934248,0.968586238095664
843523.927844839,PLAYBACK,1.7001964250812307,0.00019642512779682875,-0.3155207141222238,0.03970382238498438,0.027811856260013812,0.795035477225909,-0.03883181452663678,-0.1946829938200949,0.9853069352254522,-0.35979263065050043,0.05671538113935538,0.02527693606952582,0.8683301507358114,-0.036709783128113765,-0.19320790967359905,0.9680956444480359
843523.932043489,PLAYBACK,1.7050627040443942,6.270408630371094e-05,-0.3170551613641557,0.03970382238498438,0.027811856260013812,0.7977207598992901,-0.03883181452663678,-0.1946829938200949,0.9841560997940046,-0.36148006909524194,0.05716800431434891,0.025106347913425343,0.8709014005269087,-0.03664024315347466,-0.19309416476488941,0.9678683915257656
843523.940966585,PLAYBACK,1.7149851060239598,0.0049851060612127185,-0.3201240558480194,0.040471046005951195,0.02742824444953129,0.8030913252460525,-0.03844820271615426,-0.1942993820096124,0.9833888761730378,-0.3649217565108265,0.05808095325794199,0.024760004439984537,0.8760820263760754,-0.03649612037750372,-0.19285197024875433,0.9674524018533518
843523.949856628,PLAYBACK,1.722051021992229,0.0020510220201686025,-0.3228093385213988,0.041238269626916235,0.027044632639046995,0.8053929961089494,-0.038064590905669965,-0.1942993820096124,0.9826216525520728,-0.36737296644107154,0.05872255800768573,0.02451488236473487,0.8797231901325329,-0.036390331883461295,-0.19267114822109865,0.9671921990775465
843523.959030716,PLAYBACK,1.7312990420032293,0.001299042021855712,-0.32549462119478,0.04200549324788305,0.026661020828564475,0.81076356145571,-0.038064590905669965,-0.1942993820096124,0.9814708171206217,-0.370581188203969,0.059551138040741074,0.024196371615869974,0.8844330255412889,-0.03624605553811863,-0.19242404233428587,0.9668929705213553
843523.967684857,PLAYBACK,1.7400587550364435,5.8755045756697655e-05,-0.3285635156786437,0.04277271686884809,0.026277409018081954,0.816517738612955,-0.037680979095187445,-0.19391577019912987,0.9803199816891723,-0.37361988522458317,0.06032392249869207,0.023897467158357787,0.8888405704003892,-0.03610150805083718,-0.1921791064970173,0.9666490063328652
843523.972058982,PLAYBACK,1.7450731880962849,7.31881009414792e-05,-0.3300979629205756,0.04315632867933239,0.026277409018081954,0.8188194094758519,-0.037297367284704924,-0.19391577019912987,0.9799363698786898,-0.3753592872683405,0.060760890803162486,0.023727725584472472,0.8913420593269006,-0.03601459817379832,-0.19203414559868462,0.9665251964145547
843523.976227163,PLAYBACK,1.7500662200618535,6.622006185352802e-05,-0.3312487983520249,0.04353994048981491,0.025893797207599434,0.8245735866330968,-0.037297367284704924,-0.1942993820096124,0.9795527580682073,-0.3770912071975055,0.061192010960840884,0.02355977715352145,0.8938183598739905,-0.03592463589548934,-0.19188637502918168,0.966412570798415
843523.985131253,PLAYBACK,1.7575594360241666,0.0025594360195100307,-0.33431769283588864,0.04430716411077995,0.025893797207599434,0.827258869306478,-0.037297367284704924,-0.19391577019912987,0.978401922636758,-0.37969025330520295,0.06183143053263609,0.023309872350284873,0.8975093310645139,-0.03578251332424148,-0.191658203897323,0.9662621523709064
843523.993885506,PLAYBACK,1.7681968290125951,0.0031968289986252785,-0.33700297550926805,0.04545799954222929,0.025126573586632617,0.834547493705653,-0.036913755474222404,-0.19353215838864735,0.9780183108262754,-0.3833796670621676,0.06272322408403545,0.022959895846310075,0.90270187439027,-0.035564216129731686,-0.19132112082979483,0.966083450468783
843524.002611445,PLAYBACK,1.7755752840312198,0.0005752840079367161,-0.34007186999313177,0.04622522316319433,0.024742961776150096,0.8391508354314485,-0.036913755474222404,-0.19353215838864735,0.9768674753948261,-0.38593864792806526,0.06333059940467899,0.022720722415093132,0.9062747695126631,-0.03540000020794416,-0.19107826004601397,0.9659809582449433
843524.007114067,PLAYBACK,1.7800620259949937,6.202596705406904e-05,-0.3412227054245811,0.046608834973678626,0.024742961776150096,0.8391508354314485,-0.036913755474222404,-0.19353215838864735,0.9768674753948261,-0.3874946885562395,0.06369537410425251,0.02257681686095169,0.9084371241678565,-0.03529453329312244,-0.19092696709235674,0.9659263697297005
843524.01635869,PLAYBACK,1.78817528905347,0.003175289020873606,-0.3442915999084448,0.04775967040512619,0.024359349965667576,0.8437541771572441,-0.036913755474222404,-0.19353215838864735,0.9764838635843436,-0.3903083678106475,0.06434610301402166,0.022319704623846772,0.9123296366583361,-0.035092239415693095,-0.19064647267537135,0.9658411130250095
843524.02535662,PLAYBACK,1.7950574330752715,5.743303336203098e-05,-0.34544243533989416,0.048526894026093004,0.024359349965667576,0.8487411306935222,-0.036913755474222404,-0.19353215838864735,0.9761002517738611,-0.39269503498959735,0.06488900443796712,0.02210490664309289,0.9156157490023804,-0.034908167625528404,-0.1904015840522362,0.965781049209168
843524.03517374,PLAYBACK,1.8050618030829355,6.180303171277046e-05,-0.35004577706568973,0.04967772945754234,0.023975738155185056,0.8537280842298003,-0.036913755474222404,-0.19314854657816305,0.9745658045319292,-0.39616438616491567,0.06566310030450598,0.021798399084683628,0.9203711154416164,-0.03461855201746006,-0.19003426687903383,0.9657111234710684
843524.038922717,PLAYBACK,1.8150573649909347,5.736504681408405e-05,-0.35349828336003597,0.0508285648889899,0.02359212634470076,0.8583314259555959,-0.036913755474222404,-0.19314854657816305,0.9741821927214467,-0.39963061840669756,0.06641836604192547,0.021499375571422532,0.9251020517846402,-0.03430110497865593,-0.1896539554187973,0.9656585848829807
843524.04839146,PLAYBACK,1.8219797160709277,0.001979716122150421,-0.3550327306019678,0.05236301213092176,0.02282490272373572,0.863318379491874,-0.03614653185325559,-0.19276493476768053,0.9737985809109624,-0.40203110795811453,0.06693063825284229,0.02129676227713623,0.9283696133435525,-0.03406365194226405,-0.1893828344105727,0.9656305244791366
843524.052546856,PLAYBACK,1.8250562240136787,5.6224060244858265e-05,-0.3565671778438997,0.05274662394140606,0.02282490272373572,0.863318379491874,-0.03614653185325559,-0.19276493476768053,0.9734149691004799,-0.40309795649973984,0.06715544915316982,0.021207937439171678,0.9298200925538821,-0.03395327502375048,-0.1892603212904123,0.9656198974762086
843524.061461697,PLAYBACK,1.833552222000435,0.0035522220423445106,-0.3600196841382459,0.05428107118333614,0.02282490272373572,0.8679217212176695,-0.036530143663739884,-0.19276493476768053,0.9730313572899973,-0.40604413068604417,0.06776707125790496,0.02096669004285718,0.9338219022880382,-0.03363233624553977,-0.18891559025022023,0.965595465476841
843524.07049775,PLAYBACK,1.842518761055544,0.002518761088140309,-0.36270496681162534,0.055815518425267996,0.022441290913253198,0.8732922865644301,-0.036530143663739884,-0.1919977111467155,0.9726477454795148,-0.40915347803596086,0.06839778755540608,0.020718775822193468,0.9380423440474949,-0.03326683978529086,-0.18854167205348116,0.9655758348655973
843524.079534134,PLAYBACK,1.8500596480444074,5.964806769043207e-05,-0.3646230258640415,0.05619913023575229,0.0220576791027689,0.8778956282902257,-0.03614653185325559,-0.1916140993362312,0.9722641336690305,-0.41176845910205156,0.06891637772923426,0.020515837729111204,0.9415922899446552,-0.03293712346213633,-0.1882192942866862,0.9655626534153934
843524.083978163,PLAYBACK,1.8600597900804132,5.979009438306093e-05,-0.36884275577935277,0.05850080109864919,0.0220576791027689,0.8824989700160213,-0.035762920042773066,-0.1916140993362312,0.971880521858548,-0.41523626812356673,0.06958729447357472,0.02025489817412033,0.9463050850959419,-0.0324669125106128,-0.18778083785763125,0.965547623612448
843524.092406241,PLAYBACK,1.8650552370818332,5.523709114640951e-05,-0.37037720302128463,0.05926802471961601,0.0220576791027689,0.8844170290684357,-0.035762920042773066,-0.1916140993362312,0.971880521858548,-0.4169685806507437,0.06991524301955779,0.020128167385808596,0.9486630812680888,-0.03221742436465537,-0.18755722609318556,0.9655403809273482
843524.096805635,PLAYBACK,1.8700232710689306,2.327107358723879e-05,-0.3719116502632165,0.05965163653009853,0.02167406729228638,0.8890203707942312,-0.035762920042773066,-0.1916140993362312,0.9714969100480655,-0.418691394752793,0.07023662658670166,0.020004594622671606,0.9510115643226627,-0.031959364991804774,-0.18733186958827194,0.9655329123093479
843524.105733581,PLAYBACK,1.8795675380388275,0.004567538038827479,-0.3749805447470802,0.060802471961547866,0.0220576791027689,0.8936237125200268,-0.034995696421808026,-0.19123048752574867,0.971113298237583,-0.4220011743768923,0.07084071671142703,0.019774276782156982,0.9555354593435909,-0.03143502449473906,-0.1868907992826311,0.9655166637196066
843524.114928929,PLAYBACK,1.8873468519886956,0.002346851979382336,-0.3780494392309439,0.06195330739299543,0.0220576791027689,0.8959253833829255,-0.034995696421808026,-0.19084687571526615,0.9699624628061336,-0.4246989155011948,0.0713201588537754,0.019593647632537025,0.9592374444179841,-0.03097905302127856,-0.18652361921975838,0.9655003364470003
843524.124165737,PLAYBACK,1.8961723610991612,0.0011723610805347562,-0.38111833371480763,0.06310414282444476,0.0220576791027689,0.9001451132982368,-0.03461208461132373,-0.19046326390478363,0.9695788509956511,-0.42775946915657986,0.07185010098537638,0.019396698124044476,0.9634568863540443,-0.03042974217168753,-0.18609906499870538,0.9654769654398733
843524.132933035,PLAYBACK,1.9054365220945328,0.00043652206659317017,-0.38418722819867135,0.0638713664454098,0.0220576791027689,0.9066665140764467,-0.03422847280084121,-0.19046326390478363,0.9695788509956511,-0.4309721406442878,0.07239057564843339,0.019199345100653676,0.9679126243569438,-0.02981559535565012,-0.18564473471820506,0.9654453072169145
843524.137459042,PLAYBACK,1.9100593340117484,5.9333979152143e-05,-0.3857216754406032,0.0642549782558941,0.0220576791027689,0.9066665140764467,-0.03422847280084121,-0.19007965209429933,0.9691952391851668,-0.4325752587735596,0.07265430053231474,0.019104546263529292,0.9701476285957259,-0.029494490728556182,-0.18541488082117774,0.9654262810415836
843524.146031396,PLAYBACK,1.9150879239896312,8.792395237833261e-05,-0.38725612268253506,0.06463859006637662,0.0220576791027689,0.9105026321812772,-0.03384486099035869,-0.19007965209429933,0.9691952391851668,-0.43431908953382564,0.07293672696537008,0.01900425860690041,0.9725884755729568,-0.029133984058637843,-0.1851626010247819,0.9654028478419578
843524.150958061,PLAYBACK,1.9250701310811564,7.01310345903039e-05,-0.3907086289768813,0.06578942549782596,0.02167406729228638,0.9151059739070728,-0.03346124917987617,-0.1896960402838168,0.9688116273746843,-0.43778072892948455,0.0734839038720732,0.01881407240587432,0.9774664977305186,-0.028383335692860955,-0.18465530635903465,0.9653469893325568
843524.15997631,PLAYBACK,1.9342170270392671,0.004217026988044381,-0.3937775234607468,0.06617303730830848,0.02167406729228638,0.9197093156328666,-0.03307763736939187,-0.1896960402838168,0.9684280155642018,-0.44095265849867643,0.07397002927030384,0.018650384215392463,0.9819787319436096,-0.02765419190523407,-0.18418358850090583,0.9652836942685791
843524.169461905,PLAYBACK,1.941439333022572,0.0014393330784514546,-0.3968464179446105,0.066556649118791,0.02167406729228638,0.9220109864957653,-0.03269402555890935,-0.1893124284733343,0.9680444037537193,-0.4434571470154011,0.07434396088605713,0.01852842010733446,0.9855733283419384,-0.027050336793427197,-0.18380705871411118,0.96522470795026
843524.178477288,PLAYBACK,1.950524470070377,0.000524470116943121,-0.4002989242389585,0.06732387273975782,0.02167406729228638,0.9262307164110783,-0.03231041374842683,-0.18892881666285177,0.9680444037537193,-0.4466075473408256,0.07480250822718323,0.018384264348201083,0.9901387185624809,-0.026255351828655637,-0.1833290916284644,0.9651382958717977
843524.182423083,PLAYBACK,1.955144267063588,0.00014426710549741983,-0.4018333714808886,0.06770748455024034,0.02129045548180386,0.9285323872739752,-0.03231041374842683,-0.18892881666285177,0.967660791943235,-0.44820949273716026,0.07503085983797787,0.018314963945774757,0.9924802308138284,-0.025835979775154175,-0.18308449397126766,0.9650888354737057
843524.190911276,PLAYBACK,1.9637723880587146,0.0037723880959674716,-0.4049022659647523,0.06770748455024034,0.02129045548180386,0.9327521171892883,-0.03192680193794431,-0.18854520485236748,0.9672771801327524,-0.451201268459953,0.07544915289567541,0.018192832910021096,0.9968920845030599,-0.02502552142261002,-0.18262548521624244,0.9649859570256156
843524.200246212,PLAYBACK,1.9724574980791658,0.0024574981071054935,-0.4075875486381335,0.06809109636072286,0.02090684367132134,0.9369718471045996,-0.031543190127460013,-0.18816159304188496,0.9668935683222699,-0.45421265141693357,0.07586019372333996,0.0180795686884157,1.0013874464093602,-0.024174120590654324,-0.18216141853491452,0.9648679394862801
843524.209250694,PLAYBACK,1.9800630389945582,6.303901318460703e-05,-0.41065644312199723,0.06847470817120538,0.02090684367132134,0.9411915770199126,-0.030775966506494973,-0.18777798123140244,0.9665099565117874,-0.4568495094943488,0.0762126741145286,0.017988407641720282,1.0053719628365205,-0.023399549567753076,-0.18175422254348772,0.9647521257156536
843524.213975873,PLAYBACK,1.9900568780722097,5.6878081522881985e-05,-0.41410894941634346,0.06847470817120538,0.020139620050354523,0.9457949187457082,-0.030008742885528156,-0.18777798123140244,0.9661263447013049,-0.4603138461901093,0.07666655638468785,0.017880062922356256,1.0106802423045385,-0.022341304041292753,-0.1812193988108844,0.9645815105528064
843524.222021667,PLAYBACK,1.9950561620062217,5.616201087832451e-05,-0.4156433966582753,0.06885831998168968,0.020139620050354523,0.9477129777981226,-0.030008742885528156,-0.18739436942091992,0.9657427328908206,-0.4620464289184069,0.07689017662241063,0.017830750483667317,1.013368074352572,-0.021795054608127404,-0.18095251516828353,0.9644880682386485
843524.226330939,PLAYBACK,2.000054775038734,5.477503873407841e-05,-0.4171778439002072,0.06885831998168968,0.019756008239872003,0.9523163195239182,-0.029625131075045635,-0.18739436942091992,0.9657427328908206,-0.4637783510666385,0.07711181606639762,0.017784701944603742,1.0160779708061412,-0.021237894588889198,-0.18068645312125647,0.9643891184979548
843524.235450502,PLAYBACK,2.0077799150021747,0.0027799149975180626,-0.4198631265735884,0.0692419317921722,0.019372396429389482,0.95385076676585,-0.029241519264563115,-0.1870107576104374,0.9653591210803381,-0.4664537215825579,0.07745113817529,0.01771993123346076,1.0203112678460184,-0.02035580465726624,-0.1802774627986271,0.964225158665082
843524.244195928,PLAYBACK,2.016923935036175,0.0019239350222051144,-0.4229320210574521,0.0692419317921722,0.018988784618905186,0.9607557793545425,-0.028474295643596298,-0.1866271457999531,0.9653591210803381,-0.4696175202877711,0.07784903170304854,0.017653254270357695,1.0253949008595846,-0.019280057388465614,-0.17979813836896746,0.9640134825146468
843524.253456511,PLAYBACK,2.0254988441010937,0.0004988440778106451,-0.4263845273517983,0.0692419317921722,0.018988784618905186,0.9634410620279237,-0.028090683833113778,-0.18624353398947058,0.9649755092698555,-0.47258006634502514,0.07822005247948527,0.01760047734332662,1.0302352416740315,-0.018241928485125153,-0.17935497473364215,0.9637974123742474
843524.257664879,PLAYBACK,2.030132106039673,0.00013210601173341274,-0.4283025864042127,0.0692419317921722,0.018988784618905186,0.9657427328908206,-0.027707072022631257,-0.18585992217898806,0.9649755092698555,-0.4741784956039411,0.07842028012280797,0.017575840710318483,1.0328803616501192,-0.01766992438576404,-0.17911866115069106,0.9636735365828023
843524.266255729,PLAYBACK,2.0410927090561017,0.006092709023505449,-0.4313714808880764,0.06962554360265472,0.018221560997940145,0.9730313572899973,-0.026939848401666217,-0.18509269855802124,0.964591897459373,-0.477951555674197,0.07889524140258129,0.017528199614728724,1.039221303608939,-0.016288331030520888,-0.17857020994058517,0.963360522696103
843524.275875481,PLAYBACK,2.0450448360061273,4.483596421778202e-05,-0.4329059281300083,0.06962554360265472,0.018221560997940145,0.9753330281528942,-0.02655623659118192,-0.18509269855802124,0.9649755092698555,-0.47930871428515637,0.07906753939602539,0.01751462204023567,1.0415365705806252,-0.015781093608888314,-0.17837660218989942,0.9632407713227067
843524.280716532,PLAYBACK,2.055063953041099,6.39529898762703e-05,-0.435974822613872,0.06962554360265472,0.017837949187457625,0.9799363698786898,-0.0261726247806994,-0.1843254749370562,0.9649755092698555,-0.48274010085396546,0.07950872273455034,0.017488504076420382,1.047474726816043,-0.01447598472652574,-0.1778971287344366,0.9629208723533564
843524.289703982,PLAYBACK,2.061715896008536,0.0017158959526568651,-0.4386601052872532,0.06962554360265472,0.017837949187457625,0.9822380407415885,-0.02578901297021688,-0.18394186312657368,0.964591897459373,-0.48501029126795786,0.079806459004891,0.017477550607636887,1.0514716482705844,-0.013595855250947655,-0.17758872133780518,0.9626956039246228
843524.298275935,PLAYBACK,2.070439219009131,0.00043921906035393476,-0.4417289997711151,0.06962554360265472,0.017837949187457625,0.9868413824673841,-0.025021789349250062,-0.18355825131608938,0.964591897459373,-0.48797685936966606,0.08020487024159571,0.017470592286903175,1.0567790402912214,-0.012427544950143662,-0.17719761579461715,0.9623846896343083
843524.302536453,PLAYBACK,2.075082862051204,8.286209776997566e-05,-0.443263447013047,0.06962554360265472,0.017837949187457625,0.9887594415197984,-0.02463817753876754,-0.18317463950560686,0.9642082856488887,-0.4895509137189336,0.08042145847473194,0.017470187775730846,1.0596347770161714,-0.0117999624046519,-0.17699605008455663,0.9622120375229758
843524.3114806,PLAYBACK,2.083866751054302,0.003866751096211374,-0.4463323414969107,0.06962554360265472,0.017837949187457625,0.993362783245594,-0.0238709539178025,-0.18317463950560686,0.9638246738384062,-0.4925183012534061,0.08084152028714094,0.017475403421449032,1.0650945946913069,-0.01060388606285989,-0.1766282587090404,0.9618719189509357
843524.320974621,PLAYBACK,2.09006496402435,6.496405694633722e-05,-0.44748317692836004,0.07000915541313724,0.017454337376973328,0.9979661249713896,-0.022720118486353164,-0.18279102769512434,0.9638246738384062,-0.49460412040080654,0.08114740604534225,0.017483579424873334,1.0689928362073047,-0.009754094262882531,-0.1763799229001037,0.9616212810746007
843524.329626548,PLAYBACK,2.1000663680024445,6.636802572757006e-05,-0.4509356832227063,0.07000915541313724,0.017454337376973328,1.003336690318152,-0.021952894865386346,-0.18240741588464182,0.9630574502174412,-0.4979556701682741,0.08166055843464735,0.01750412077059346,1.075362586945069,-0.008375438650310844,-0.1759998655938784,0.9611982651084335
843524.338995589,PLAYBACK,2.1100660080555826,6.600806955248117e-05,-0.45592263675898437,0.07039276722362153,0.017454337376973328,1.00832364385443,-0.021185671244421306,-0.181640192263675,0.9626738384069569,-0.5012895155778136,0.08220190465002966,0.017533064480806996,1.0818293550293545,-0.00699116632169658,-0.17564661760898506,0.9607522233906621
843524.344031954,PLAYBACK,2.1200917180394754,9.171804413199425e-05,-0.4589915312428481,0.07077637903410405,0.017454337376973328,1.0136942092011907,-0.02003483581297197,-0.18125658045319248,0.9626738384069569,-0.5046154923439369,0.08277796797317546,0.017569736487988007,1.0884109690578152,-0.005601049427647953,-0.17532044750494624,0.9602814865850002
843524.352266892,PLAYBACK,2.125061506056227,6.150605622678995e-05,-0.46052597848477994,0.07077637903410405,0.017454337376973328,1.0190647745479513,-0.019651224002489448,-0.18087296864270996,0.9626738384069569,-0.5062581876398214,0.0830774321051298,0.01759050818517299,1.0917093183535402,-0.0049122445744123906,-0.17516943274740776,0.9600392564513837
843524.361260503,PLAYBACK,2.130187042057514,0.0001870420528575778,-0.4620604257267118,0.07115999084458657,0.017454337376973328,1.02136644541085,-0.01888400038152263,-0.18087296864270996,0.9626738384069569,-0.5079481324081084,0.08339678564245635,0.017613589943988074,1.095135151088887,-0.004202704485905784,-0.1750212121505988,0.9597831769586913
843524.365265942,PLAYBACK,2.140069278073497,6.927805952727795e-05,-0.46551293202105803,0.0715436026550691,0.017454337376973328,1.0267370107576106,-0.01773316495007507,-0.18010574502174315,0.9622902265964743,-0.5111932517558014,0.08404486208838455,0.017662429312099746,1.1018049978628621,-0.00283925846211016,-0.17475725835510597,0.9592713132326013
843524.374133021,PLAYBACK,2.1476384380366653,0.002638438018038869,-0.46858182650492175,0.07192721446555339,0.017070725566490808,1.0317239642938887,-0.01734955313959255,-0.18010574502174315,0.9619066147859918,-0.5136649536705304,0.08457202553714668,0.017703256065061748,1.1069640293304819,-0.0018015314529248028,-0.17457468064753395,0.9588630500098628
843524.383196557,PLAYBACK,2.1556871990906075,0.0006871990626677871,-0.47126710917830295,0.07231082627603591,0.017454337376973328,1.0367109178301668,-0.016582329518625732,-0.17972213321126063,0.9615230029755093,-0.5162766632472777,0.08516357442140586,0.01774941969435861,1.1124868972409365,-0.0007073591787363407,-0.17439919666307532,0.9584136218706002
843524.387385007,PLAYBACK,2.1600567960413173,5.6796008720993996e-05,-0.4728015564202348,0.07231082627603591,0.017070725566490808,1.0367109178301668,-0.016198717708143212,-0.1793385214007781,0.9615230029755093,-0.5176860727918615,0.08549854949355853,0.01777549383222409,1.1154968876403355,-0.00011839596244143386,-0.17431191512291702,0.9581631106193549
843524.397079723,PLAYBACK,2.168578453012742,0.003578452975489199,-0.475486839093616,0.07269443808651843,0.017070725566490808,1.0420814831769292,-0.015047882276693875,-0.1789549095902938,0.961139391165025,-0.5204153381211909,0.08618068489260632,0.017828032691688585,1.1213821560770032,0.0010181092449682916,-0.17415752945792462,0.9576614923152267
843524.406363481,PLAYBACK,2.1779938240069896,0.0029938239604234695,-0.4781721217669954,0.07307804989700095,0.017454337376973328,1.0497537193865885,-0.013897046845244537,-0.1789549095902938,0.9607557793545425,-0.5233991812052522,0.08698025636011637,0.017888135617005536,1.1278973376197072,0.0022531192634481895,-0.1740104084884403,0.9570871319302395
843524.415259095,PLAYBACK,2.1850861300481483,8.612999226897955e-05,-0.4800901808194098,0.07346166170748347,0.017454337376973328,1.0528226138704522,-0.012746211413796976,-0.1785712977798113,0.96037216754406,-0.5256249486704007,0.08761574970671625,0.017934460142568442,1.132808625583537,0.003168232614613163,-0.17391496435059595,0.956640231642054
843524.418997752,PLAYBACK,2.1950596710667014,5.9671117924153805e-05,-0.48469352254520537,0.07422888532845029,0.017454337376973328,1.0581931792172128,-0.011595375982347639,-0.17818768596932877,0.9599885557335774,-0.528725323041337,0.08856014793863559,0.018000643678275658,1.1397167450639298,0.0044328493920222835,-0.17380152092207002,0.9559902008055461
843524.428261532,PLAYBACK,2.2012824210105464,0.001282421057112515,-0.4862279697871372,0.07461249713893281,0.017454337376973328,1.0604948500801097,-0.010828152361380822,-0.17818768596932877,0.9596049439230931,-0.5306438645055133,0.08918080924905811,0.018042333144692824,1.1440271826240056,0.005208920312502668,-0.1737421664773063,0.9555712810309333
843524.432763042,PLAYBACK,2.2050599430222064,5.9943064115941525e-05,-0.4877624170290691,0.07499610894941533,0.017454337376973328,1.0639473563744577,-0.010444540550898301,-0.17780407415884625,0.9596049439230931,-0.5318031632148104,0.08956981588362396,0.01806772581013358,1.1466438652419206,0.005675298193530859,-0.1737101305633855,0.9553117707648243
843524.441478741,PLAYBACK,2.2136359640862793,0.003635964123532176,-0.4908313115129328,0.07576333257038215,0.017454337376973328,1.0693179217212183,-0.008910093308966444,-0.17780407415884625,0.9596049439230931,-0.5344216668196708,0.09048846672081147,0.018125464849568153,1.1525844920785848,0.0067212128705370355,-0.1736478494445444,0.9547074638339117
843524.450241962,PLAYBACK,2.222715861047618,0.0027158610755577683,-0.4939002059967965,0.07653055619134719,0.017454337376973328,1.0754557106889457,-0.008142869688001403,-0.17742046234836373,0.9588377203021281,-0.5371764543702424,0.09151686509963487,0.0181865014415953,1.1588741807027063,0.0078098413705260305,-0.1735964013779772,0.9540437550497256
843524.45945804,PLAYBACK,2.2301000769948587,0.00010007701348513365,-0.49696910048066023,0.07691416800183148,0.017454337376973328,1.0819771114671557,-0.0069920342565520655,-0.17703685053787943,0.9584541084916456,-0.5394058653644346,0.09239730969917474,0.01823588473256325,1.1639892788164121,0.008681707956983722,-0.17356438660804058,0.953485002456942
843524.464660183,PLAYBACK,2.240088787046261,8.878705557435751e-05,-0.4996543831540414,0.07806500343327905,0.017454337376973328,1.0877312886243988,-0.006224810635587025,-0.1766532387273969,0.9584541084916456,-0.542409580748641,0.093653934376162,0.01830208726445177,1.1709085514427642,0.00984312271507734,-0.17353336173390055,0.9527007559282491
843524.472547474,PLAYBACK,2.2451561220223084,0.0001561220269650221,-0.5015724422064558,0.07883222705424586,0.017454337376973328,1.09041657129778,-0.005457587014620208,-0.1766532387273969,0.9584541084916456,-0.5439293924390978,0.09432127784947057,0.018335334320471,1.1744187513214734,0.010424913581807272,-0.17352237914321086,0.952289929038252
843524.476541972,PLAYBACK,2.2500661450903863,6.614509038627148e-05,-0.5023396658274208,0.07921583886472838,0.017454337376973328,1.096170748455025,-0.004690363393655167,-0.1766532387273969,0.9580704966811613,-0.5454001885788704,0.09498763248732026,0.01836729602579964,1.177819983362433,0.010984190667632093,-0.17351442836146572,0.9518832564020129
843524.485661675,PLAYBACK,2.2593093450414017,0.004309345036745071,-0.5054085603112846,0.0799830624856952,0.017454337376973328,1.1023085374227524,-0.0027723043412390125,-0.1762696269169144,0.9576868848706788,-0.5481659214569642,0.09629616313375934,0.018426712415020488,1.1842228388160567,0.012025961093996493,-0.17350572599709957,0.9510940564390812
843524.494807429,PLAYBACK,2.266846585087478,0.0018465850735083222,-0.5080938429846658,0.08113389791714276,0.017454337376973328,1.1049938200961318,-0.0020050807202739718,-0.1762696269169144,0.9569196612497137,-0.5504201639921081,0.09741701370566012,0.018474369692501345,1.1894438096865427,0.012865661894813484,-0.17350369797430457,0.9504269791112471
843524.504402113,PLAYBACK,2.27606729301624,0.0010672929929569364,-0.510779125658047,0.0822847333485921,0.017454337376973328,1.1107479972533767,-0.0008542452888246344,-0.17588601510643187,0.9557688258182644,-0.5531791755466959,0.09885603341563731,0.018531632014796958,1.1958299983142533,0.013882271989870361,-0.17350598987750507,0.9495812822025599
843524.512778321,PLAYBACK,2.2850606340216473,6.063398905098438e-05,-0.5134644083314264,0.08343556878004144,0.017454337376973328,1.1168857862211041,0.00029659014262470307,-0.17588601510643187,0.9550016021972993,-0.5558733656232304,0.10033313594825712,0.018586329649457025,1.2020552708473033,0.014863748808378773,-0.17351183332450346,0.9487244646222676
843524.517040944,PLAYBACK,2.290071180090308,7.118005305528641e-05,-0.5149988555733582,0.084586404211489,0.017454337376973328,1.1195710688944835,0.0010638137635897438,-0.17588601510643187,0.9550016021972993,-0.5573759596407393,0.101187891131171,0.018616294301006933,1.2055199976109887,0.015406575197149039,-0.1735160877846438,0.9482334068565011
843524.526032952,PLAYBACK,2.2950756940990686,7.56940571591258e-05,-0.5161496910048076,0.08535362783245581,0.017070725566490808,1.124941634241246,0.002214649195039081,-0.17588601510643187,0.9550016021972993,-0.5588775360151128,0.10206420327196748,0.018645850032329783,1.2089757856768384,0.0159459571987611,-0.1735207397423738,0.9477333460196393
843524.535762765,PLAYBACK,2.305094371084124,9.437103290110826e-05,-0.5188349736781888,0.08650446326390515,0.017454337376973328,1.1310794232089734,0.0033654846264866423,-0.17588601510643187,0.9542343785763325,-0.5618834516295286,0.1038847179218886,0.018703873764295654,1.215869587185188,0.017017143172514147,-0.17353031703287652,0.9467047432477387
843524.539543654,PLAYBACK,2.3150584331015125,5.843315739184618e-05,-0.5219038681620525,0.08842252231631953,0.017454337376973328,1.137217212176699,0.004132708247453459,-0.17550240329594757,0.9534671549553675,-0.5648670872035002,0.10577848273055089,0.01876005540118047,1.2226737512772252,0.01807032814113531,-0.17353873470221526,0.9456484688182318
843524.548693375,PLAYBACK,2.320977671071887,0.000977671123109758,-0.5249727626459162,0.08995696955825139,0.017070725566490808,1.140669718471047,0.0048999318684185,-0.17511879148546505,0.9530835431448832,-0.5666339784065089,0.10694020987512971,0.01879273596558367,1.226682001876549,0.01868996432438549,-0.17354256953065586,0.9450070258735714
843524.557609248,PLAYBACK,2.330165636027232,0.00016563606914132833,-0.5276580453192956,0.09149141680018325,0.017070725566490808,1.1498764019226364,0.0060507672998678375,-0.17511879148546505,0.9526999313344007,-0.5693656822742743,0.10879427324421254,0.01884254741734748,1.2328441423301693,0.019643072139634395,-0.17354602444202546,0.9439931726170296
843524.56193458,PLAYBACK,2.335062113008462,6.211304571479559e-05,-0.5291924925612275,0.09225864042114829,0.017070725566490808,1.1529452964065001,0.0068179909208346545,-0.17511879148546505,0.9523163195239182,-0.5708155640754652,0.10980647832951898,0.018868707359031095,1.236096214865117,0.0201469833767997,-0.17354637002719212,0.9434446717688377
843524.570704213,PLAYBACK,2.3435138660715893,0.003513866104185581,-0.5318777752346087,0.09379308766308014,0.017070725566490808,1.1560141908903638,0.007585214541799695,-0.17511879148546505,0.9515490959029513,-0.5733083886329038,0.11159142446014772,0.01891339800935758,1.241655301491078,0.021011063634386824,-0.17354414580967722,0.9424859166281033
843524.580090668,PLAYBACK,2.3525197310373187,0.002519731060601771,-0.5345630579079899,0.095327534905012,0.017070725566490808,1.1621519798580913,0.008736049973249033,-0.17473517967498253,0.9511654840924688,-0.5759513930854787,0.11354398260049524,0.018960652519823772,1.2475020863995863,0.02192528109603513,-0.17353747259855162,0.9414495057569418
843524.588846403,PLAYBACK,2.3600602470105514,6.024702452123165e-05,-0.5372483405813693,0.09647837033646134,0.017454337376973328,1.1682897688258187,0.009503273594214073,-0.17511879148546505,0.9503982604715038,-0.5781543216943109,0.11521714090218327,0.019000209792567214,1.2523362872948443,0.022686947036377466,-0.1735282537234395,0.9405717742851522
843524.593972831,PLAYBACK,2.3700570930959657,5.709310062229633e-05,-0.539550011444268,0.09839642938887572,0.017454337376973328,1.1744275577935461,0.011037720836145931,-0.17473517967498253,0.949631036850537,-0.5810614004816003,0.11748621382686907,0.019053113511328983,1.2586590701671074,0.02369346317802169,-0.1735107853326502,0.9393970336131258
843524.602499999,PLAYBACK,2.3750975960865617,9.759608656167984e-05,-0.5410844586861998,0.09878004119935824,0.017454337376973328,1.1771128404669255,0.011421332646628451,-0.17511879148546505,0.9492474250400544,-0.5825215282614674,0.11865113493590096,0.019080177136882533,1.2618098220159322,0.024200306234953884,-0.17349971050437113,0.9388010746882957
843524.607087574,PLAYBACK,2.3800970499869436,9.704998228698969e-05,-0.5422352941176474,0.09954726482032505,0.017454337376973328,1.183250629434653,0.011804944457112748,-0.17511879148546505,0.9488638132295719,-0.5839660863813184,0.1198196369739458,0.01910739784886301,1.2649102456406098,0.02470303258489445,-0.173487250586902,0.9382082717592608
843524.615484482,PLAYBACK,2.3878322400851175,0.002832240075804293,-0.5449205767910286,0.10108171206225691,0.017454337376973328,1.1859359121080342,0.01295577988856031,-0.17511879148546505,0.9480965896086051,-0.5861939413864387,0.12165185297031829,0.019150477814035973,1.2696588351916498,0.025481640084046644,-0.17346516382275648,0.9372890611840262
843524.625079647,PLAYBACK,2.3973887810716406,0.0023887810530140996,-0.5472222476539255,0.10223254749370447,0.017454337376973328,1.1916900892652773,0.014106615320009647,-0.17511879148546505,0.9473293659876401,-0.5889343008296384,0.12395327845727447,0.019205818195563225,1.2754443442816428,0.026446494976115047,-0.17343342510142626,0.9361528908458638
843524.634109148,PLAYBACK,2.405070818029344,7.081800140440464e-05,-0.5499075303273067,0.10299977111467129,0.017454337376973328,1.198211490043489,0.014873838940976464,-0.17473517967498253,0.9465621423666732,-0.5911273141622638,0.12583075139296548,0.01925247902450691,1.2800299714885515,0.02722585204710153,-0.17340465017466214,0.9352418434157429
843524.639146164,PLAYBACK,2.4150630650110543,6.306497380137444e-05,-0.5522092011902053,0.10453421835660315,0.017837949187457625,1.2043492790112147,0.016024674372424025,-0.17511879148546505,0.9461785305561907,-0.5939663030188589,0.12830514004832255,0.019316823159467256,1.2859078761967302,0.028246645037989813,-0.1733634279520474,0.9340638856525951
843524.646811289,PLAYBACK,2.420349750085734,0.00034975004382431507,-0.5537436484321372,0.10530144197756819,0.017454337376973328,1.2104870679789421,0.01640828618290832,-0.17473517967498253,0.9457949187457082,-0.5954619334833569,0.12962731110939443,0.01935284509179471,1.2889780770797141,0.02879073849686984,-0.17334013419227967,0.9334454920533976
843524.651839228,PLAYBACK,2.4250556820770726,5.5682030506432056e-05,-0.5548944838635848,0.10568505378805249,0.017454337376973328,1.2135559624628058,0.017175509803873362,-0.17473517967498253,0.9454113069352257,-0.5967893829712176,0.13081089955237277,0.019386227265982454,1.2916879163153003,0.029277793243495272,-0.17331867735798015,0.9328986769094519
843524.660606065,PLAYBACK,2.4333545620320365,0.0033545619808137417,-0.5579633783474485,0.10760311284046686,0.017454337376973328,1.2196937514305333,0.01794273342484018,-0.1743515678645,0.9446440833142589,-0.5991210492882403,0.13291142562062488,0.019448486653558607,1.296413703398845,0.030143800703057767,-0.17327950878783344,0.9319445107518824
843524.669597844,PLAYBACK,2.441898431046866,0.001898431102745235,-0.5602650492103471,0.1087539482719162,0.017454337376973328,1.2254479285877782,0.01870995704580522,-0.1743515678645,0.9434932478828095,-0.6015084966634436,0.13508839342680645,0.019517710465680863,1.3012083459622583,0.03104610479671428,-0.17323796512351983,0.9309785017121173
843524.678832738,PLAYBACK,2.45095139706973,0.0009513971162959933,-0.5633339436942109,0.11067200732433058,0.017070725566490808,1.2289004348821244,0.019477180666772037,-0.1743515678645,0.943109636072327,-0.6040227136598707,0.13740654130952962,0.019597587979736653,1.3062104818220486,0.0320157325816712,-0.17319338896377867,0.9299767583735842
843524.687667496,PLAYBACK,2.460064568091184,6.456812843680382e-05,-0.5656356145571078,0.11220645456626244,0.017070725566490808,1.2373398947127487,0.020244404287737078,-0.17396795605401572,0.9427260242618445,-0.6065362600813642,0.1397469747234587,0.019685756877793625,1.311164630970903,0.03300766480195347,-0.17314884696944507,0.9289950559927919
843524.691948994,PLAYBACK,2.4650592940161005,5.929404869675636e-05,-0.5671700617990396,0.11297367818722748,0.017070725566490808,1.24002517738613,0.020628016098219598,-0.17396795605401572,0.942342412451362,-0.6079059380623496,0.14103070841425894,0.019737763985304475,1.31384531189482,0.033558707019691394,-0.1731249284944739,0.9284698435965223
843524.695818131,PLAYBACK,2.4700566940009594,5.66940288990736e-05,-0.5679372854200047,0.1137409018081943,0.017070725566490808,1.2427104600595094,0.021395239719186415,-0.17396795605401572,0.9419588006408777,-0.6092703748380504,0.14231467084179555,0.019792642919026788,1.3165029287626355,0.03411564172813152,-0.17310156159348186,0.9279542937824083
843524.704661926,PLAYBACK,2.4788578170118853,0.0038578170351684093,-0.5706225680933859,0.11565896086060867,0.017070725566490808,1.2484646372167543,0.022162463340151456,-0.17396795605401572,0.9411915770199126,-0.611657899088305,0.14457192830620583,0.019896794417547388,1.3211237932664146,0.03511093655837176,-0.17306230943764223,0.927072500687517
843524.713876571,PLAYBACK,2.4863897970644757,0.0013897970784455538,-0.5725406271458002,0.11757701991302305,0.017070725566490808,1.2534515907530324,0.022546075150633976,-0.17396795605401572,0.9404243533989458,-0.613684359859427,0.14649626864022292,0.01999422858484714,1.325017985899287,0.03597828033340625,-0.17303126122093693,0.9263465703585967
843524.722659389,PLAYBACK,2.495077352039516,7.735204417258501e-05,-0.5752259098191814,0.11949507896543743,0.017070725566490808,1.256520485236896,0.023313298771600793,-0.17396795605401572,0.938889906157014,-0.61600084230504,0.14870267636580956,0.02011710757368346,1.3294405515153085,0.036997711490217376,-0.17299920573282387,0.9255449613963215
843524.726674577,PLAYBACK,2.500058041070588,5.8041070587933064e-05,-0.5763767452506308,0.12064591439688677,0.017070725566490808,1.258822156099793,0.024080522392565834,-0.1735843442435332,0.938889906157014,-0.6173180809308152,0.1499593106823625,0.020193048810898256,1.331942699430305,0.03759180083925746,-0.17298298893149255,0.925103710683767
843524.736063486,PLAYBACK,2.5085173579864204,0.00351735798176378,-0.5786784161135277,0.12256397344930114,0.017070725566490808,1.2634254978255886,0.02484774601353265,-0.1735843442435332,0.9381226825360489,-0.6195358214890347,0.1520761917644312,0.020331967754040548,1.3361366994090298,0.03861761557190995,-0.17295965356006102,0.9243865896375169
843524.744648144,PLAYBACK,2.5173694590339437,0.002369459019973874,-0.5809800869764263,0.12448203250171552,0.017070725566490808,1.268796063172351,0.02599858144498199,-0.17396795605401572,0.9373554589150839,-0.6218282152971452,0.1542630281205263,0.020491809064768926,1.3404503827061618,0.039714534713884475,-0.17294169944466048,0.9236817469115343
843524.753765513,PLAYBACK,2.5261348030762747,0.0011348030529916286,-0.5832817578393232,0.12716731517509672,0.017454337376973328,1.2741666285191116,0.02676580506594703,-0.1735843442435332,0.9369718471045996,-0.6240669972536227,0.15639405456925137,0.020665974196036344,1.344646203080516,0.040825149106779444,-0.1729313310981305,0.9230316985136967
843524.762908622,PLAYBACK,2.53503787110094,3.7871068343520164e-05,-0.5859670405127044,0.1290853742275111,0.017454337376973328,1.2795371938658722,0.027533028686913846,-0.1735843442435332,0.935821011673152,-0.6263063239655258,0.15851745487405042,0.020860450610250846,1.3488310298005113,0.04197867413054861,-0.17292920466340983,0.9224216326747511
843524.766905945,PLAYBACK,2.5400648390641436,6.48390268906951e-05,-0.5875014877546363,0.13061982146944295,0.017454337376973328,1.2818388647287708,0.027916640497396367,-0.1735843442435332,0.935821011673152,-0.6275541355559413,0.15969578070665622,0.020978618269986562,1.351159732781509,0.042641435528838166,-0.17293203850466496,0.9220998014318055
843524.77132129,PLAYBACK,2.5450556071009487,5.560705903917551e-05,-0.5886523231860838,0.1317706569008923,0.017070725566490808,1.2872094300755315,0.028300252307878887,-0.1735843442435332,0.9354373998626677,-0.6287803987055548,0.16084954306428315,0.021102224410377856,1.353447314194708,0.043307599052190976,-0.17293788436658009,0.9217964614788455
843524.781046304,PLAYBACK,2.5530496920691803,0.003049692022614181,-0.591337605859465,0.1340723277637892,0.017454337376973328,1.2902783245593952,0.029067475928845704,-0.1735843442435332,0.9346701762417027,-0.6307170709501871,0.16266162744478344,0.0213139051873802,1.3570611533174062,0.04439150564039094,-0.1729537914541114,0.9213438439187278
843524.78982304,PLAYBACK,2.5618953000521287,0.0018952999962493777,-0.5940228885328462,0.13560677500572105,0.017454337376973328,1.297566948958572,0.029834699549810745,-0.17320073243305067,0.9342865644312202,-0.6328180730358902,0.16461081888068876,0.02156887873002563,1.3609883325890402,0.04561468454018609,-0.17298110809211353,0.9208895345376783
843524.798830739,PLAYBACK,2.5712656649993733,0.0012656650505959988,-0.59709178301671,0.13790844586861972,0.017454337376973328,1.3006358434424357,0.0313691467917426,-0.17320073243305067,0.9339029526207359,-0.6349924604970371,0.166606240406913,0.02186425171787256,1.3650680354106806,0.046936959141295365,-0.17302145215842046,0.9204588009386204
843524.80814183,PLAYBACK,2.5807541750837117,0.0007541751256212592,-0.5993934538796069,0.1398265049210341,0.017454337376973328,1.3075408560311281,0.03251998222319194,-0.17320073243305067,0.9331357289997708,-0.6371375148850144,0.16854906144580467,0.02219151135686851,1.3691178433919913,0.0483027402531708,-0.17307435686258751,0.9200711293288634
843524.812289411,PLAYBACK,2.5875205569900572,0.002520557027310133,-0.6009279011215387,0.14059372854199914,0.017454337376973328,1.3102261387045093,0.0336708176546395,-0.17320073243305067,0.932368505378804,-0.6386309482268697,0.16988444967699784,0.022443155815844107,1.3719583572155982,0.04929264317593834,-0.1731194383118081,0.9198211967549437
843524.82097916,PLAYBACK,2.593235453008674,0.0032354530412703753,-0.6036131837949199,0.142128175783931,0.017454337376973328,1.3125278095674062,0.0340544294651238,-0.17320073243305067,0.9319848935683215,-0.6398682504277402,0.17097888810681316,0.02266809134159559,1.3743285255639193,0.05013878871257111,-0.17316220563440743,0.9196251249926549
843524.829819639,PLAYBACK,2.6000721500022337,7.215002551674843e-05,-0.604380407415885,0.14327901121538034,0.017454337376973328,1.3167475394827193,0.035588876707055656,-0.17320073243305067,0.9312176699473564,-0.6413190752862086,0.17224717979269683,0.02295268612250835,1.377131472866651,0.0511629038566881,-0.173218887083406,0.9194060164398985
843524.839215482,PLAYBACK,2.610065659042448,6.565905641764402e-05,-0.6078329137102312,0.1448134584573122,0.017454337376973328,1.3209672693980306,0.03673971213850322,-0.17320073243305067,0.9300668345159071,-0.6433816262414455,0.17401954281263501,0.023400463594644566,1.381171070347831,0.05268270669722735,-0.17331218274147808,0.919109348277498
843524.844066051,PLAYBACK,2.6200597590068355,5.975901149213314e-05,-0.6097509727626473,0.1474987411306934,0.017454337376973328,1.3255706111238261,0.037506935759470034,-0.1735843442435332,0.9292996108949403,-0.6453745096267608,0.175693961708475,0.023887953381840923,1.3851517116771106,0.05422904831877586,-0.1734172174461245,0.9188303023015777
843524.852137164,PLAYBACK,2.6250597740290686,5.9774029068648815e-05,-0.6109018081940949,0.14826596475165843,0.017837949187457625,1.327105058365758,0.038274159380435074,-0.1735843442435332,0.9289159990844578,-0.646345115764965,0.17649457746701766,0.02414739738385457,1.38712428765711,0.055012343541602435,-0.17347388859408244,0.9186933709533158
843524.856072449,PLAYBACK,2.630068186088465,6.81860838085413e-05,-0.6120526436255442,0.14903318837262525,0.017837949187457625,1.331324788281071,0.03942499481188441,-0.17320073243305067,0.9285323872739752,-0.6472995244181667,0.1772716156266885,0.02441800429829252,1.3890892386362692,0.05580323132980696,-0.17353323561550904,0.9185557432917023
843524.865385453,PLAYBACK,2.637385003035888,0.00238500302657485,-0.6143543144884411,0.15133485923552215,0.017454337376973328,1.3332428473334854,0.03980860662236693,-0.17320073243305067,0.9277651636530102,-0.6486614162262219,0.17836178397398303,0.024833079466030413,1.3919426631546878,0.056969540475524466,-0.17362426617347793,0.9183501510572474
843524.874151478,PLAYBACK,2.6466594940284267,0.0016594940098002553,-0.6162723735408573,0.15325291828793652,0.017837949187457625,1.3389970244907303,0.04095944205381627,-0.17320073243305067,0.9266143282215609,-0.6503314293550416,0.17966646776924597,0.025393641712755387,1.3955349269033366,0.05846534587982606,-0.1737462888628333,0.9180736614824927
843524.88344209,PLAYBACK,2.655433294014074,0.0004332939861342311,-0.6185740444037542,0.1555545891508352,0.017454337376973328,1.3412986953536272,0.04249388929574813,-0.17281712062256815,0.925847104600594,-0.6518518251807449,0.18082086600925562,0.025959875442275484,1.3989124699340776,0.05989641608004765,-0.1738675163647434,0.917785602890296
843524.887899174,PLAYBACK,2.660108337062411,0.00010833702981472015,-0.6197248798352035,0.15670542458228454,0.017837949187457625,1.3432167544060416,0.04287750110623065,-0.17281712062256815,0.925847104600594,-0.6526376502362454,0.18140413013568815,0.02627585493429945,1.4007050300561954,0.06066440070976639,-0.17393399637631618,0.9176179481090909
843524.896359153,PLAYBACK,2.668513951008208,0.003513950970955193,-0.6224101625085829,0.15900709544518143,0.017837949187457625,1.3478200961318372,0.044028336537679985,-0.17281712062256815,0.925079880979629,-0.65400665731795,0.1823969707808869,0.026868536865254436,1.4039164066764367,0.062052800954168645,-0.17405604700061705,0.9172856999633592
843524.905595981,PLAYBACK,2.6750633280025795,6.332795601338148e-05,-0.6231773861295498,0.15977431906614648,0.018221560997940145,1.3520398260471502,0.04556278377961184,-0.17320073243305067,0.9246962691691465,-0.6550330417801233,0.1831207908232551,0.02735157280724189,1.4064081848798153,0.0631394897703054,-0.17415272202247736,0.9169947552684348
843524.910217632,PLAYBACK,2.6850613350979984,6.133504211902618e-05,-0.625862668802931,0.16169237811856263,0.018221560997940145,1.3562595559624615,0.0470972310215437,-0.17281712062256815,0.9235454337376972,-0.6565292103126688,0.184142083815718,0.028122677472466853,1.4101925698208277,0.0648020933116326,-0.1743014564375395,0.9164873335492859
843524.919414754,PLAYBACK,2.6925653010839596,0.0025653011398389935,-0.6285479514763104,0.16399404898145953,0.018605172808422665,1.3604792858777746,0.04786445464250874,-0.17320073243305067,0.9235454337376972,-0.6575942891051052,0.1848430160509255,0.028725928936017383,1.4130149034366422,0.06604913610274243,-0.17441283046677006,0.9160502406449923
843524.928394559,PLAYBACK,2.7006456720409915,0.0006456720875576138,-0.630849622339209,0.16552849622339139,0.018988784618905186,1.362397344930189,0.049398901884442376,-0.17281712062256815,0.9223945983062478,-0.6586843803478081,0.1855363762074433,0.029396176657632306,1.416033413984283,0.06738735521750956,-0.17453135176971643,0.9155207003481903
843524.93313638,PLAYBACK,2.705407641013153,0.0004076410550624132,-0.6316168459601741,0.16667933165484072,0.019372396429389482,1.3643154039826033,0.049782513694924896,-0.17320073243305067,0.9223945983062478,-0.6592989621670231,0.18591600108469802,0.029799977979437554,1.4178009339767461,0.06817239894955457,-0.17460010157470482,0.9151786102308248
843524.941381627,PLAYBACK,2.7136842880863696,0.0036842881236225367,-0.6339185168230728,0.16821377889677258,0.019372396429389482,1.3681515220874338,0.051316960936856754,-0.17320073243305067,0.9220109864957653,-0.6603181013193944,0.18652663618950374,0.030515017983969207,1.4208507222988522,0.06952840286933776,-0.17471698871668834,0.914529268971738
843524.950613936,PLAYBACK,2.7200734270736575,7.34271015971899e-05,-0.6346857404440378,0.16898100251773762,0.020139620050354523,1.37160402838178,0.05285140817878861,-0.17320073243305067,0.9212437628747985,-0.661062731860576,0.18695719781036374,0.031076615413885646,1.4231842760378772,0.0705665614676063,-0.17480451134372016,0.9139796054443613
843524.959334665,PLAYBACK,2.7300699120387435,6.991205736994743e-05,-0.637371023117419,0.17051544975966948,0.02090684367132134,1.375056534676128,0.05476946723120299,-0.17320073243305067,0.9200929274433509,-0.6621562871696711,0.1875642516358469,0.03196829954577015,1.426797455452177,0.07217418504527828,-0.17493595257775385,0.913034203452736
843524.964148554,PLAYBACK,2.740063441102393,6.344111170619726e-05,-0.6389054703593509,0.17243350881208386,0.02129045548180386,1.3785090409704743,0.05592030266265233,-0.1735843442435332,0.9193257038223841,-0.6631662926015589,0.18809660673305809,0.0328712491776657,1.4303634720508571,0.07376069311611977,-0.17506000405379665,0.911985160505028
843524.97284173,PLAYBACK,2.7470225320430472,0.002022532047703862,-0.6396726939803159,0.17281712062256815,0.02167406729228638,1.3819615472648206,0.057454749904584185,-0.1735843442435332,0.9189420920119016,-0.663823387467737,0.18842745359018925,0.03350466419200998,1.4328208728450431,0.0748541180553236,-0.17514184235682953,0.9111938554781732
843524.977053214,PLAYBACK,2.7500595740275458,5.957402754575014e-05,-0.6404399176012827,0.17320073243305067,0.0220576791027689,1.3819615472648206,0.057454749904584185,-0.1735843442435332,0.9185584802014191,-0.6640988677006215,0.18856236039511762,0.03378195099985686,1.4338871292428041,0.07532869153077484,-0.17517637592578908,0.9108330228983891
843524.986170893,PLAYBACK,2.7585558930877596,0.003555893083103001,-0.6419743648432146,0.17396795605401572,0.0220576791027689,1.3850304417486843,0.05898919714651604,-0.1735843442435332,0.9177912565804522,-0.6648350053702313,0.1889114035892285,0.03455963235285606,1.436851873237102,0.07664916675036837,-0.17526919497567023,0.9097740125176382
843524.995077799,PLAYBACK,2.767341346014291,0.0023413460003212094,-0.6431252002746621,0.17473517967498253,0.02282490272373572,1.3888665598535148,0.0605236443884479,-0.1735843442435332,0.9170240329594872,-0.665545876064872,0.1892319447280813,0.03536570406705391,1.4398928607792956,0.07800598449879537,-0.17535940850672332,0.9086028966448622
843525.004438064,PLAYBACK,2.7764329951023683,0.0014329950790852308,-0.644659647516594,0.17550240329594757,0.02320851453421824,1.392319066147861,0.06205809163037976,-0.1735843442435332,0.9166404211490047,-0.6662319305511061,0.1895250128794758,0.03620072451110552,1.4430187221006296,0.07940477131936981,-0.17544681784590577,0.9073103766695336
843525.012839711,PLAYBACK,2.7864584859926254,0.0014584859600290656,-0.6461940947585258,0.1762696269169144,0.02359212634470076,1.3976896314946217,0.06397615068279414,-0.1735843442435332,0.9158731975280379,-0.6669349165617484,0.1898077144966653,0.037121379317865986,1.4464475199493998,0.08094611578575626,-0.17553653365281904,0.9057908426641985
843525.017589387,PLAYBACK,2.7900964700384066,9.64700011536479e-05,-0.6465777065690101,0.1766532387273969,0.023975738155185056,1.3976896314946217,0.06397615068279414,-0.1735843442435332,0.9154895857175553,-0.6671770872803887,0.1899007724532166,0.03745522797169551,1.4476884418150269,0.0815062506043061,-0.1755674375059226,0.9052151160096868
843525.026105683,PLAYBACK,2.7950611180858687,6.111804395914078e-05,-0.6473449301899752,0.1766532387273969,0.023975738155185056,1.401142137788968,0.06474337430376095,-0.1735843442435332,0.9154895857175553,-0.6674970863301899,0.19002019771828368,0.03791049945006621,1.44938000819931,0.08227213722785147,-0.17560824898013971,0.9044085935132085
843525.035639691,PLAYBACK,2.8050678920699283,6.789201870560646e-05,-0.6484957656214245,0.17703685053787943,0.024742961776150096,1.4045946440833141,0.06627782154569281,-0.1735843442435332,0.9147223620965885,-0.6681072809015373,0.19023631807751923,0.0388266246360811,1.4527860834626913,0.08382378326482343,-0.1756859313530735,0.9027099699064406
843525.03972342,PLAYBACK,2.815074075013399,7.407506927847862e-05,-0.6500302128633564,0.17742046234836373,0.025126573586632617,1.4084307621881447,0.06742865697714037,-0.1735843442435332,0.913571526665141,-0.6686741478289434,0.19042272226472348,0.03973997873059967,1.4561926152092293,0.08539068019935987,-0.1757578459037977,0.9009140196506473
843525.049342131,PLAYBACK,2.8210387700237334,0.001038770074956119,-0.6511810482948039,0.17818768596932877,0.025126573586632617,1.410348821240559,0.06857949240858971,-0.1735843442435332,0.9131879148546567,-0.6689928951038705,0.19052111722395423,0.04028280273449061,1.4582259755725027,0.0863343046619262,-0.1757981446971661,0.8997971366584421
843525.057794164,PLAYBACK,2.8302409120369703,0.00024091207887977362,-0.6523318837262533,0.1789549095902938,0.025510185397115137,1.4138013275349053,0.06934671602955475,-0.1735843442435332,0.9120370794232091,-0.6694583714329421,0.19065605868449054,0.041117385949112926,1.461370082349462,0.08780732797364307,-0.17585678866207147,0.8980061911492857
843525.062295023,PLAYBACK,2.8350635370006785,6.353703793138266e-05,-0.6530991073472201,0.1789549095902938,0.025893797207599434,1.4153357747768371,0.07011393965052157,-0.1735843442435332,0.9116534676127248,-0.6696902069017893,0.19071922938386082,0.04155318939164947,1.4630223808846932,0.08858884668542703,-0.17588590158545392,0.8970347082964966
843525.070845054,PLAYBACK,2.8435693540377542,0.0035693540703505278,-0.654633554589152,0.17972213321126063,0.025893797207599434,1.4184046692607009,0.0712647750819709,-0.1735843442435332,0.9105026321812772,-0.6700798777364296,0.190819067991184,0.042318804438946686,1.4659461494794566,0.08998543868344047,-0.1759346947482492,0.8952661182070911
843525.080297145,PLAYBACK,2.853286884026602,0.003286884049884975,-0.6557843900205995,0.18010574502174315,0.027044632639046995,1.423391622796979,0.07279922232390276,-0.1735843442435332,0.9097354085603104,-0.6704965756725357,0.19091660963388293,0.04318814218225418,1.4693042145900646,0.09161287867828437,-0.1759867013007161,0.8931593763305085
843525.08942282,PLAYBACK,2.860057885060087,5.788507405668497e-05,-0.6573188372625314,0.18048935683222567,0.027044632639046995,1.4253096818493933,0.0735664459448678,-0.1735843442435332,0.9085845731288629,-0.6707699287734434,0.1909751455063157,0.043790075555659634,1.4716570924690384,0.09276928839634922,-0.17602074991439126,0.8916370510118371
843525.098048507,PLAYBACK,2.8700719630578533,7.196306250989437e-05,-0.6584696726939807,0.181640192263675,0.028195468070496332,1.4291457999542239,0.07510089318679966,-0.1735843442435332,0.9074337376974135,-0.671150007812405,0.19104895696427798,0.04467386626820506,1.4751592629591561,0.09451703221797254,-0.17606807078380432,0.8893036400468785
843525.102258879,PLAYBACK,2.8750570700503886,5.70700503885746e-05,-0.6592368963149475,0.181640192263675,0.02896269169146315,1.4306802471961557,0.07548450499728218,-0.17396795605401572,0.9066665140764467,-0.6713289121227121,0.19108050944041116,0.04511068878949557,1.476913557465703,0.09540506660461391,-0.17609036914978904,0.8881055693946779
843525.106471705,PLAYBACK,2.8800811920082197,8.119200356304646e-05,-0.6600041199359126,0.18202380407415752,0.02934630350194567,1.4337491416800194,0.076251728618249,-0.17396795605401572,0.9058992904554817,-0.6715025536238508,0.191109098966742,0.04554865102051689,1.4786894576037948,0.09631296813937795,-0.17611205124451218,0.8868735767984023
843525.11526859,PLAYBACK,2.8879790829960257,0.0029790829867124557,-0.6611549553673619,0.18240741588464182,0.03011352712291071,1.4356672007324338,0.07701895223921404,-0.17396795605401572,0.9047484550240323,-0.6717624438363834,0.19114800727366074,0.04623218888131057,1.481498129406005,0.09776787876051485,-0.17614462874114867,0.8848870526651951
843525.124901277,PLAYBACK,2.896979548037052,0.001979548018425703,-0.6623057907988095,0.18279102769512434,0.03126436255436005,1.4379688715953307,0.0785533994811459,-0.1735843442435332,0.9039812314030673,-0.6720398992397018,0.19118418144452423,0.04700322141391152,1.4847259411999183,0.09946986972447756,-0.1761796834086223,0.8825488864303591
843525.133416692,PLAYBACK,2.9052293240092695,0.0002293239813297987,-0.6630730144197763,0.18355825131608938,0.03164797436484257,1.441421377889677,0.08008784672307775,-0.17396795605401572,0.9024467841611354,-0.6722774665108501,0.19121053203807362,0.04770190553480497,1.4877116862255588,0.1010739418220317,-0.17621005820026125,0.8803361612272969
843525.138073409,PLAYBACK,2.910188341047615,0.00018834101501852274,-0.6634566262302588,0.18394186312657368,0.032031586175326865,1.4425722133211263,0.08047145853356028,-0.17396795605401572,0.9016795605401686,-0.672412852755061,0.19122355819424736,0.04811793652364982,1.4895196856794197,0.10205961091824446,-0.1762275796662716,0.8789740374803119
843525.14232991,PLAYBACK,2.915090189082548,9.018904529511929e-05,-0.6638402380407413,0.1843254749370562,0.033182421606774426,1.4441066605630581,0.08123868215452709,-0.17396795605401572,0.9009123369192036,-0.6725413690691243,0.19123454054708378,0.04852609911513564,1.4913170543158412,0.10305044986118414,-0.1762443965266612,0.8776039788004802
843525.151417983,PLAYBACK,2.9231186100514606,0.0031186100095510483,-0.6646074616617081,0.18509269855802124,0.03394964522774124,1.4475591668574044,0.08315674120694147,-0.17396795605401572,0.8989942778667892,-0.6727407847256569,0.1912488297872427,0.04918767170186016,1.4942836945737121,0.10471027402732856,-0.17627094443645938,0.8753093164751441
843525.16032565,PLAYBACK,2.9330426360247657,0.0030426359735429287,-0.6653746852826732,0.18547631036850554,0.0354840924696731,1.4521625085832,0.08545841206984015,-0.17396795605401572,0.897076218814373,-0.6729689568109034,0.19126091544634805,0.04999279460478112,1.4979918564850323,0.10682865042612275,-0.17630222680802682,0.8723860377741026
843525.169319652,PLAYBACK,2.9419806110672653,0.0019806111231446266,-0.6657582970931575,0.18624353398947058,0.03663492790112066,1.4536969558251318,0.0866092475012877,-0.17396795605401572,0.8951581597619587,-0.6731578038425052,0.19126733276917493,0.05070501391108547,1.5013720574859724,0.10880283310553279,-0.17632912787147817,0.8696717943996691
843525.178474113,PLAYBACK,2.950782305095345,0.0007823051419109106,-0.6665255207141225,0.1870107576104374,0.03740215152208748,1.4567658503089955,0.08814369474321956,-0.17396795605401572,0.8936237125200268,-0.6733289281535778,0.19127024184030725,0.051393355105080855,1.5047387757699373,0.11081069704200636,-0.17635458721520686,0.8669252004131909
843525.182830104,PLAYBACK,2.956616089097224,0.0016160891391336918,-0.6665255207141225,0.1870107576104374,0.03778576333257,1.4598347447928592,0.09006175379563394,-0.1743515678645,0.8928564888990618,-0.6734344672208739,0.19127062644760526,0.051841847661405954,1.5069905569497424,0.11217696677862175,-0.1763709536154704,0.865065949971058
843525.191556593,PLAYBACK,2.9600609129993245,6.0913036577403545e-05,-0.666909132524605,0.18739436942091992,0.03816937514305252,1.4598347447928592,0.09006175379563394,-0.1743515678645,0.892089265278095,-0.6734938956118515,0.19127036430218944,0.052103565063236025,1.5083274322518154,0.11299699571931114,-0.17638044013022475,0.8639542269432594
843525.200507173,PLAYBACK,2.9700845800107345,8.458003867417574e-05,-0.666909132524605,0.18816159304188496,0.03932021057450186,1.4648216983291373,0.09274703646901514,-0.1743515678645,0.8905548180361631,-0.6736548418160501,0.191267917997849,0.052850772135211874,1.512244638654819,0.1154378586766857,-0.17640732954371205,0.8606654115587118
843525.204868955,PLAYBACK,2.9800632200203836,6.322003901004791e-05,-0.666909132524605,0.18892881666285177,0.03970382238498438,1.4682742046234836,0.094281483710947,-0.17473517967498253,0.8878695353627837,-0.673797776589372,0.1912636479986625,0.05357106693644009,1.5161759446988672,0.11794428314426786,-0.17643307083600102,0.8573224916440152
843525.214188462,PLAYBACK,2.9865471000084653,0.0015471000224351883,-0.6672927443350893,0.1893124284733343,0.040854657816433715,1.4698086518654154,0.09504870733191381,-0.17473517967498253,0.8871023117418169,-0.6738816898408851,0.19126026326309076,0.054025042614585836,1.5187410363599354,0.1196099615284824,-0.176449245164494,0.855121414105052
843525.222984945,PLAYBACK,2.9953924079891294,0.00039240799378603697,-0.666909132524605,0.1896960402838168,0.04162188143740053,1.4724939345387966,0.09658315457384567,-0.1743515678645,0.8851842526894025,-0.6739852177414652,0.19125527847581794,0.05462497218183961,1.522245813597916,0.1219238110288274,-0.1764705894092307,0.8520922644572552
843525.226838724,PLAYBACK,3.0000555280130357,5.552801303565502e-05,-0.6672927443350893,0.1896960402838168,0.04200549324788305,1.4740283817807285,0.09773399000529323,-0.1743515678645,0.8844170290684357,-0.674034910569734,0.19125261371625804,0.05493183917457693,1.5240934938727895,0.1231609764488403,-0.1764814981840705,0.8504865886401736
843525.236131259,PLAYBACK,3.0097701320191845,0.004770132014527917,-0.6672927443350893,0.19007965209429933,0.04315632867933239,1.4790153353170066,0.10041927267867443,-0.1743515678645,0.8821153582055388,-0.6741282108489872,0.19124728044300324,0.05554976261953775,1.5279382829948605,0.12577272698529257,-0.17650344303792484,0.8471295797957381
843525.244969453,PLAYBACK,3.017400681041181,0.002400681027211249,-0.666909132524605,0.19046326390478363,0.04353994048981491,1.4805497825589384,0.10157010811012376,-0.1743515678645,0.8801972991531244,-0.6741924164698625,0.19124352557348953,0.05601490282906421,1.5309522628820775,0.1278543972455315,-0.1765199278460099,0.8444862502731172
843525.253992781,PLAYBACK,3.026284230989404,0.0012842309661209583,-0.6672927443350893,0.19123048752574867,0.04430716411077995,1.4843859006637672,0.10348816716253814,-0.1743515678645,0.8771284046692607,-0.6742579395439332,0.1912398854191958,0.056534545852521746,1.5344548693429796,0.13030993229135285,-0.17653827587826657,0.8414056654417099
843525.263629596,PLAYBACK,3.0350554070901126,5.5407057516276836e-05,-0.6672927443350893,0.19123048752574867,0.04507438773174677,1.4878384069581152,0.10540622621495252,-0.17473517967498253,0.874059510185397,-0.6743137382198469,0.19123726743848887,0.05702543828174762,1.537909165538707,0.1327682656525488,-0.17655549440248017,0.8383626999746089
843525.272702901,PLAYBACK,3.0450673210434616,6.732100155204535e-05,-0.6672927443350893,0.1916140993362312,0.04584161135271181,1.4932089723048758,0.1073242852673669,-0.17473517967498253,0.8713742275120158,-0.6743676870732516,0.1912356813939708,0.05756027495155257,1.5418525075980174,0.13561680165962126,-0.1765740495316226,0.834888748281012
843525.276632024,PLAYBACK,3.0500908819958568,9.08819492906332e-05,-0.6672927443350893,0.1916140993362312,0.046608834973678626,1.4951270313572902,0.10924234431978128,-0.1743515678645,0.8698397802700839,-0.6743911850924783,0.1912355093282029,0.05781891025458877,1.5438333980535044,0.13706383020536708,-0.17658291460870398,0.8331455675877625
843525.280761841,PLAYBACK,3.0550603690790012,6.036902777850628e-05,-0.6672927443350893,0.1919977111467155,0.046992446784161146,1.496661478599222,0.11039317975123061,-0.17473517967498253,0.868305333028152,-0.674412259014283,0.19123577670763392,0.05806865205781718,1.545795714328344,0.13850740992255733,-0.17659138952121686,0.8314210973072299
843525.29011902,PLAYBACK,3.0626782630570233,0.0026782630011439323,-0.6676763561455719,0.1919977111467155,0.04775967040512619,1.4985795376516364,0.11154401518267995,-0.17473517967498253,0.8656200503547726,-0.6744406541000144,0.19123706983100305,0.058440163783398814,1.548811313087039,0.14074459180332077,-0.1766038089647276,0.8287774778445703
843525.298833467,PLAYBACK,3.0709745780332014,0.0009745780844241381,-0.6676763561455719,0.192381322957198,0.048526894026093004,1.5020320439459827,0.11346207423509433,-0.17473517967498253,0.8629347676813914,-0.6744666311231413,0.19123974530745189,0.058829916959958525,1.5521094681223946,0.14321592579307837,-0.17661654454940112,0.8258982173786303
843525.307552632,PLAYBACK,3.080315486062318,0.0003154861042276025,-0.6676763561455719,0.192381322957198,0.04967772945754234,1.5054845502403307,0.115763745097993,-0.17511879148546505,0.8598658731975277,-0.674490327490859,0.19124439755955266,0.05925132288420201,1.5558460722012593,0.14604443753377588,-0.17662990231220463,0.8226561212726691
843525.311798833,PLAYBACK,3.085066494066268,6.649410352110863e-05,-0.6672927443350893,0.192381322957198,0.05006134126802486,1.508937056534677,0.11653096871895804,-0.17511879148546505,0.8587150377660784,-0.6745003363052984,0.1912474452703627,0.05945896557164752,1.5577581212954388,0.14750271578310453,-0.17663630318516463,0.8210070063933967
843525.321182703,PLAYBACK,3.09319750207942,0.003197502112016082,-0.6672927443350893,0.192381322957198,0.05044495307850738,1.5104715037766088,0.11883263958185494,-0.17511879148546505,0.856029755092699,-0.6745145828069993,0.1912537413583314,0.059804433064943895,1.561051751684912,0.15003063061476088,-0.17664666043501373,0.8181846665934946
843525.329749797,PLAYBACK,3.1000677440315485,6.774405483156443e-05,-0.6676763561455719,0.192381322957198,0.0508285648889899,1.5135403982604725,0.1207506986342711,-0.17511879148546505,0.8537280842298003,-0.6745240485054727,0.19126012808961057,0.060087066478356016,1.5638583341071153,0.15219940313072436,-0.17665484957033298,0.8158003742818332
843525.334267157,PLAYBACK,3.110060931998305,6.0932012274861336e-05,-0.6676763561455719,0.192381322957198,0.05197940032043924,1.5173765163653012,0.123052369497168,-0.17511879148546505,0.8514264133669034,-0.6745341434870724,0.19127115053514318,0.06048388351657145,1.5679838936783055,0.15540930174829315,-0.17666592318817861,0.8123350339098993
843525.343055636,PLAYBACK,3.1169722710037604,0.001972271013073623,-0.6676763561455719,0.192381322957198,0.05236301213092176,1.5208290226596475,0.12535404036006667,-0.17550240329594757,0.8498919661249715,-0.674538922010144,0.19127994860773972,0.060748861893603325,1.5708686780938532,0.15766754246452816,-0.1766730799789465,0.8099430553703446
843525.347186726,PLAYBACK,3.1200619150185958,6.191502325236797e-05,-0.6676763561455719,0.19276493476768053,0.05274662394140606,1.5208290226596475,0.12535404036006667,-0.17511879148546505,0.8479739070725572,-0.6745405514404696,0.19128418217982163,0.06086488442806202,1.5721665723681657,0.15868684376625364,-0.1766761703165252,0.8088759561657274
843525.356736985,PLAYBACK,3.128895530011505,0.0038955300115048885,-0.6676763561455719,0.192381322957198,0.0535138475623711,1.524665140764478,0.12765571122296357,-0.17511879148546505,0.845288624399176,-0.6745437276437142,0.19129725909788514,0.06118842528584814,1.5759036785915579,0.1616319553400776,-0.17668473664558415,0.8058371255043343
843525.365400384,PLAYBACK,3.1379038100130856,0.002903810003772378,-0.6680599679560544,0.192381322957198,0.05389745937285362,1.5285012588693068,0.13034099389634476,-0.17550240329594757,0.8426033417257948,-0.6745451230618185,0.19131195768117637,0.061505949841005894,1.5797486918793127,0.16467579654632852,-0.1766932890235301,0.8027665842787743
843525.37475625,PLAYBACK,3.1450633560307324,6.335601210594177e-05,-0.6680599679560544,0.192381322957198,0.05389745937285362,1.531953765163653,0.13264266475924166,-0.17511879148546505,0.8399180590524153,-0.6745452647662257,0.1913244897135695,0.061749407154061804,1.5828221657608728,0.16711713683768595,-0.17670020548851315,0.8003561586538896
843525.379130245,PLAYBACK,3.155085359001532,8.535897359251976e-05,-0.6680599679560544,0.192381322957198,0.05428107118333614,1.5357898832684835,0.13571155924310538,-0.17550240329594757,0.8372327763790341,-0.6745445713870135,0.19134305189766876,0.062077190979877274,1.5871391207587235,0.17055617768755807,-0.17671058068379092,0.7970409849935909
843525.388343529,PLAYBACK,3.160300948075019,0.00030094804242253304,-0.6684435797665369,0.192381322957198,0.054664682993820435,1.5373243305104136,0.13724600648503724,-0.17550240329594757,0.8360819409475848,-0.6745440025274316,0.19135307904589907,0.06224198422442622,1.5893887323843807,0.1723520597191934,-0.1767165533088101,0.7953476384631254
843525.393046525,PLAYBACK,3.1650608140043914,6.0813967138528824e-05,-0.6684435797665369,0.192381322957198,0.055048294804302955,1.5396260013733123,0.1387804537269691,-0.17550240329594757,0.8349311055161355,-0.6745434589422192,0.19136239365376045,0.06238909678497122,1.5914421544733142,0.17399317802098974,-0.17672250658094454,0.7938231946851256
843525.401563894,PLAYBACK,3.174996722023934,0.00499672198202461,-0.6680599679560544,0.192381322957198,0.055431906614785476,1.5446129549095904,0.14261657183179785,-0.17550240329594757,0.8318622110322735,-0.6745425174378242,0.19138217348106157,0.06268681116109359,1.5957273252389297,0.17742269222454496,-0.1767370614206024,0.7907090787544295
843525.410725999,PLAYBACK,3.180098803015426,9.880296420305967e-05,-0.6684435797665369,0.192381322957198,0.055431906614785476,1.5465310139620048,0.1437674072632472,-0.17550240329594757,0.8299441519798574,-0.6745422570363949,0.19139242233183343,0.06283518260973535,1.5979265165982792,0.17918488617676784,-0.1767460017820599,0.7891469448914173
843525.414584606,PLAYBACK,3.190056494087912,5.6494143791496754e-05,-0.6680599679560544,0.192381322957198,0.055815518425267996,1.5503671320668353,0.1468363017471109,-0.17550240329594757,0.8253408102540618,-0.6745424243441343,0.19141240318338734,0.0631170356623071,1.6022156810162562,0.1826254744815825,-0.17676731831860026,0.7861719400994871
843525.423808129,PLAYBACK,3.1964443899923936,0.0014443900436162949,-0.6684435797665369,0.192381322957198,0.05619913023575229,1.5519015793087672,0.14798713717856024,-0.17550240329594757,0.8234227512016474,-0.6745431035661446,0.19142509054008472,0.06329309721065618,1.604964847427231,0.18483338004017905,-0.17678438061659726,0.7843152380165164
843525.433274628,PLAYBACK,3.205602638074197,0.000602638116106391,-0.6684435797665369,0.192381322957198,0.05658274204623481,1.5553540856031134,0.15067241985193966,-0.17550240329594757,0.8203538567177837,-0.6745449520671879,0.19144292376038657,0.06353998870831828,1.6089021478394165,0.18799973105433562,-0.17681474293715047,0.7817240153280699
843525.437305756,PLAYBACK,3.2100609850604087,6.098509766161442e-05,-0.6684435797665369,0.192381322957198,0.05658274204623481,1.5572721446555278,0.151823255283389,-0.17550240329594757,0.8184357976653693,-0.6745462337334335,0.19145139613723647,0.06365811459050037,1.6108165584283887,0.18954148362808154,-0.17683251514089765,0.7804926230362402
843525.446744341,PLAYBACK,3.2187062490265816,0.003706249059177935,-0.6684435797665369,0.1919977111467155,0.05658274204623481,1.5611082627603565,0.1548921497672527,-0.17550240329594757,0.8153669031815056,-0.6745494046717616,0.1914673224631959,0.06388388498476762,1.6145228941296401,0.19253159816466325,-0.17687362997109077,0.7781603661974837
843525.455787188,PLAYBACK,3.2291988449869677,0.004198845010250807,-0.6684435797665369,0.192381322957198,0.05696635385671733,1.566478828107119,0.15872826787208147,-0.17550240329594757,0.8122980086976419,-0.6745543231390828,0.19148556499044792,0.06415304249969012,1.619006764889226,0.19616116718467325,-0.17693747888107292,0.7754265156192192
843525.464771792,PLAYBACK,3.2365075669949874,0.0015075670089572668,-0.6688271915770212,0.192381322957198,0.05696635385671733,1.5687804989700158,0.16026271511401333,-0.17550240329594757,0.8096127260242625,-0.6745582743983688,0.1914974379714662,0.06433804650348553,1.6221173586671578,0.19868952242978483,-0.17699263065157683,0.7735830778406727
843525.473995686,PLAYBACK,3.245069582015276,6.958201993256807e-05,-0.6688271915770212,0.192381322957198,0.057349965667199854,1.572233005264362,0.16294799778739452,-0.17588601510643187,0.8069274433508813,-0.6745632082149275,0.1915103578429068,0.0645528387518399,1.625744184264518,0.20165146578512066,-0.1770701495102644,0.7714844212558682
843525.47907328,PLAYBACK,3.2550623890710995,6.238906644284725e-05,-0.6692108033875037,0.192381322957198,0.05773357747768415,1.5760691233691926,0.16601689227125824,-0.17588601510643187,0.8046257724879826,-0.6745689720445535,0.1915239561925032,0.06480171941894156,1.6299479730114033,0.20510838246222293,-0.17718059807419423,0.7691135607791004
843525.48683476,PLAYBACK,3.260067615075968,6.761506665498018e-05,-0.6692108033875037,0.192381322957198,0.05811718928816667,1.5795216296635388,0.16716772770270757,-0.17588601510643187,0.803474937056535,-0.6745716873956161,0.19153012883554918,0.0649259479672688,1.632039599716257,0.20683991597523882,-0.17724486002947049,0.7679558347163661
843525.490682587,PLAYBACK,3.2650567800737917,5.6780059821903706e-05,-0.6692108033875037,0.192381322957198,0.05811718928816667,1.5810560769054707,0.169853010376087,-0.17588601510643187,0.8023241016250857,-0.6745741725030632,0.19153584053519535,0.06504965670004458,1.6341139639195104,0.20856593261170422,-0.17731531604403097,0.7668203619790194
843525.49986449,PLAYBACK,3.2721286580199376,0.0021286580013111234,-0.6692108033875037,0.192381322957198,0.05850080109864919,1.582974135957885,0.17100384580753633,-0.17588601510643187,0.8000224307621888,-0.674577149221031,0.19154316437679475,0.06522503918452206,1.6370343583179696,0.21101258219791405,-0.17742676772699797,0.7652406100906634
843525.509598892,PLAYBACK,3.2828000760637224,0.002800076035782695,-0.6692108033875037,0.192381322957198,0.05888441290913171,1.5883447013046457,0.1756071875333319,-0.17588601510643187,0.7977207598992901,-0.6745799180092675,0.19155247186516797,0.06549046785840172,1.6413915915587605,0.21470495359741207,-0.17762238902020697,0.7629164987668208
843525.518817135,PLAYBACK,3.2910904500167817,0.0010904499795287848,-0.6692108033875037,0.192381322957198,0.05926802471961601,1.5921808194094762,0.17714163477526376,-0.17588601510643187,0.795035477225909,-0.6745801452518224,0.19155824935725063,0.06569799789376142,1.6447304422962483,0.21757393122459273,-0.17779858771460444,0.7611543196256345
843525.527597989,PLAYBACK,3.300057982094586,5.798204801976681e-05,-0.6692108033875037,0.192381322957198,0.05965163653009853,1.594482490272373,0.18021052925912748,-0.17588601510643187,0.7923501945525295,-0.6745779839485715,0.19156308905182956,0.06592451878898993,1.64829163182839,0.22067782499958147,-0.17801427803558081,0.7592841836820439
843525.531993737,PLAYBACK,3.3050599120324478,5.991198122501373e-05,-0.6695944151979862,0.192381322957198,0.05965163653009853,1.5983186083772036,0.18174497650105934,-0.17588601510643187,0.7908157473105977,-0.6745755146818513,0.19156516801555315,0.06605206331484427,1.6502536438594175,0.22240941624306182,-0.1781462672523795,0.7582548891395977
843525.541037725,PLAYBACK,3.3128880290314555,0.0028880289755761623,-0.6695944151979862,0.192381322957198,0.06003524834058105,1.600236667429618,0.18481387098492305,-0.1762696269169144,0.788514076447699,-0.6745696007487902,0.1915675618535457,0.06625379321169486,1.65328719867248,0.22511983866705346,-0.17836997567759247,0.7566606006728344
843525.5496103,PLAYBACK,3.3218813510611653,0.0018813511123880744,-0.6695944151979862,0.1919977111467155,0.06041886015106357,1.6040727855344468,0.1882663772792693,-0.17588601510643187,0.7854451819638353,-0.6745594002356925,0.19156907853355043,0.06648938107030726,1.6567138724236223,0.2282343663988517,-0.17865311993232655,0.7548492252576708
843525.558601047,PLAYBACK,3.330086922040209,8.692208211869001e-05,-0.6695944151979862,0.192381322957198,0.060802471961547866,1.6079089036392773,0.191335271763133,-0.1762696269169144,0.7835271229114209,-0.6745466138735066,0.1915693890569017,0.06670862403564723,1.6597834935904563,0.2310766002852624,-0.17893595838287124,0.7532106534891246
843525.564112062,PLAYBACK,3.3400854310020804,8.543103467673063e-05,-0.6695944151979862,0.192381322957198,0.061186083772030386,1.6113614099336235,0.19440416624699672,-0.1762696269169144,0.781225452048524,-0.6745261968992997,0.1915685068505905,0.06698237282492288,1.6634477154598928,0.23454015555473676,-0.1793119847373404,0.7512264278457754
843525.572271044,PLAYBACK,3.345059015089646,5.901511758565903e-05,-0.6695944151979862,0.192381322957198,0.06156969558251291,1.6128958571755554,0.19593861348892858,-0.1762696269169144,0.7800746166170747,-0.6745139658259713,0.19156759920549962,0.06712163575265379,1.6652384836570437,0.23626290443457265,-0.17951168626637812,0.750242731967224
843525.576445497,PLAYBACK,3.3500420190393925,4.201906267553568e-05,-0.6695944151979862,0.192381322957198,0.06156969558251291,1.6163483634699016,0.198623896162308,-0.1762696269169144,0.7789237811856253,-0.6745002875825848,0.1915664058619609,0.067263454988347,1.6670109652702394,0.2379885933022623,-0.17972003112856974,0.7492585650102567
843525.585203537,PLAYBACK,3.357736951089464,0.0027369511080905795,-0.6695944151979862,0.192381322957198,0.06195330739299543,1.618266422522316,0.20015834340423985,-0.1766532387273969,0.7766221103227284,-0.6744763175242655,0.19156405586831696,0.06748738271305948,1.669704820260525,0.2406522336945574,-0.1800576273015481,0.7477404284336475
843525.594273385,PLAYBACK,3.3664225430693477,0.001422543078660965,-0.6695944151979862,0.192381322957198,0.062336919203479724,1.6221025406271465,0.20322723788810357,-0.17703685053787943,0.7739368276493472,-0.6744450675004269,0.19156075620551316,0.06774807684079089,1.672681260891534,0.243655575448591,-0.18046096237060488,0.7460279493487598
843525.603229806,PLAYBACK,3.375767268007621,0.0007672680076211691,-0.6699780270084688,0.192381322957198,0.062336919203479724,1.6278567177843897,0.2066797441824498,-0.1766532387273969,0.7712515449759678,-0.6744064938297801,0.1915565739753536,0.06803905734038186,1.6758059509567078,0.24688033416988325,-0.18091978400962191,0.7441860336944245
843525.607722149,PLAYBACK,3.380057953996584,5.7953991927206516e-05,-0.6695944151979862,0.192381322957198,0.062336919203479724,1.6278567177843897,0.20783057961389914,-0.17703685053787943,0.7701007095445185,-0.6743870889460225,0.19155447485071084,0.06817665082695587,1.6772132619850493,0.2483577554614629,-0.18113856312602183,0.7433405593673325
843525.616433319,PLAYBACK,3.385066886083223,6.688607390969992e-05,-0.6699780270084688,0.192381322957198,0.06272053101396224,1.631309224078736,0.209365026855831,-0.17703685053787943,0.7689498741130691,-0.6743631173024667,0.19155190891651802,0.06834068561149247,1.6788340529203531,0.25007916130762536,-0.18140002667164104,0.7423539790976912
843525.620288941,PLAYBACK,3.395062219002284,6.22189836576581e-05,-0.6699780270084688,0.192381322957198,0.06310414282444476,1.6343781185625996,0.21358475677114405,-0.17742046234836373,0.7670318150606548,-0.6743111761042542,0.1915465055784035,0.06867979289088515,1.681996415575606,0.2535008051665487,-0.18193986423264963,0.7403878893911799
843525.630333347,PLAYBACK,3.4024166280869395,0.0024166280636563897,-0.6703616388189513,0.192381322957198,0.06310414282444476,1.636296177615014,0.2151192040130759,-0.17742046234836373,0.7651137560082404,-0.6742696317083563,0.1915423746537938,0.06894012752246209,1.6842614245137888,0.2560042030296205,-0.18235097451709345,0.7389451439425841
843525.639362868,PLAYBACK,3.411434978013858,0.001434977981261909,-0.6703616388189513,0.192381322957198,0.06310414282444476,1.6416667429617764,0.21818809849693963,-0.17742046234836373,0.763195696955826,-0.6742151013245605,0.19153724248430906,0.06927300682794699,1.686966795327681,0.259053714232323,-0.18286909722891098,0.737183157093981
843525.648381929,PLAYBACK,3.420440082089044,0.00044008204713463783,-0.6703616388189513,0.192381322957198,0.06348775463492728,1.6439684138246733,0.22164060479128586,-0.17780407415884625,0.7612776379034099,-0.674157018899234,0.1915321589263103,0.06962158503930589,1.6895886152735449,0.2620723629743625,-0.18339959176303827,0.7354349267962852
843525.652606198,PLAYBACK,3.427477432996966,0.002477432950399816,-0.6703616388189513,0.192381322957198,0.06348775463492728,1.647037308308537,0.22470949927514958,-0.17818768596932877,0.7593595788509955,-0.6741093285498889,0.19152828966944568,0.06990606762937471,1.6915820848320873,0.2644102418193374,-0.1838217482314725,0.7340789256915229
843525.661222787,PLAYBACK,3.4336563689867035,0.003656368935480714,-0.6703616388189513,0.192381322957198,0.0638713664454098,1.6481881437399863,0.22586033470659714,-0.17818768596932877,0.7585923552300304,-0.67406594290383,0.19152501294122154,0.07016509696819741,1.6932922869446996,0.26644586086184696,-0.18419690538314154,0.7328973788451
843525.670331299,PLAYBACK,3.440069775097072,6.977515295147896e-05,-0.6703616388189513,0.192381322957198,0.0638713664454098,1.65125703822385,0.22892922919046085,-0.1785712977798113,0.7578251316090636,-0.6740195497904706,0.19152176914902772,0.0704435400892628,1.6950277512749958,0.26854026767653466,-0.18458988770688478,0.7316814534517315
843525.679186776,PLAYBACK,3.4501042620977387,0.00010426214430481195,-0.6703616388189513,0.192381322957198,0.0638713664454098,1.6543259327077138,0.23199812367432457,-0.1789549095902938,0.7555234607461667,-0.6739445015707413,0.19151710031018812,0.07089978198384447,1.6976621773598815,0.27177580581625077,-0.18521009876182573,0.7298040224295067
843525.683978012,PLAYBACK,3.460058836033568,5.88360708206892e-05,-0.6703616388189513,0.192381322957198,0.0642549782558941,1.6573948271915775,0.23506701815818828,-0.1793385214007781,0.7539890135042349,-0.6738675353076834,0.1915130710757123,0.07137855035326858,1.7001782556907228,0.2749305184592992,-0.18582907554555456,0.7279769216241418
843525.692206347,PLAYBACK,3.4650687110843137,6.871111690998077e-05,-0.6703616388189513,0.192381322957198,0.06463859006637662,1.6589292744335093,0.23660146540012014,-0.1793385214007781,0.753221789883268,-0.6738280120255296,0.1915113078638834,0.07162981077889749,1.7014079155134136,0.2764956351094509,-0.186141032241972,0.7270725853883527
843525.696665305,PLAYBACK,3.4702743510715663,0.00027435109950602055,-0.6703616388189513,0.192381322957198,0.06463859006637662,1.6623817807278556,0.23851952445253452,-0.17972213321126063,0.7520709544518205,-0.673786475117781,0.1915096835980653,0.0718984459868476,1.7026596988247165,0.27810487521074,-0.1864649621728523,0.7261447484703173
843525.705685518,PLAYBACK,3.477945458027534,0.002945458050817251,-0.6703616388189513,0.192381322957198,0.06502220187685914,1.6635326161593031,0.24120480712591572,-0.18010574502174315,0.7501528953994043,-0.6737245386893069,0.19150770724289395,0.07230872632523169,1.7044562809356039,0.28044298153794,-0.1869410625919087,0.72480116983138
843525.714718876,PLAYBACK,3.487116049043834,0.002116049057804048,-0.6703616388189513,0.192381322957198,0.06540581368734166,1.6669851224536512,0.24465731342026195,-0.18048935683222567,0.74823483634699,-0.6736496284630369,0.19150605291650374,0.07282243504627145,1.706529128300194,0.28318299687707393,-0.18750671175326925,0.7232351951769709
843525.723813402,PLAYBACK,3.497250939020887,0.00225093902554363,-0.6707452506294356,0.1919977111467155,0.06578942549782596,1.671588464179445,0.248877043335575,-0.18087296864270996,0.7467003891050581,-0.6735661406893358,0.19150520171992885,0.07342059552288369,1.7087255427307495,0.28613683039825705,-0.1881250975903677,0.7215601965591685
843525.732778229,PLAYBACK,3.5054951240308583,0.0004951240262016654,-0.6707452506294356,0.1919977111467155,0.066556649118791,1.6731229114213768,0.2504114905775069,-0.18125658045319248,0.7447823300526437,-0.6734979779443241,0.19150532304907653,0.07393149254481574,1.7104396755288593,0.2884788746517983,-0.18862122796264652,0.7202441574137413
843525.737151363,PLAYBACK,3.5100643440382555,6.434402894228697e-05,-0.6707452506294356,0.192381322957198,0.06694026092927352,1.6746573586633087,0.25156232600895445,-0.181640192263675,0.7436314946211944,-0.6734601897816133,0.19150572142509617,0.07422428781758732,1.711361925532582,0.28975253537064144,-0.1888930451874662,0.7195337098903788
843525.746229096,PLAYBACK,3.518546996056102,0.0035469960421323776,-0.6711288624399181,0.192381322957198,0.06732387273975782,1.6773426413366899,0.25424760868233565,-0.18240741588464182,0.74171343556878,-0.6733901554278771,0.19150711391301636,0.07478650489102338,1.7130220635305324,0.29206957316025134,-0.1893909217010734,0.7182521441441878
843525.75559957,PLAYBACK,3.5250020420644432,2.0420411601662636e-06,-0.6707452506294356,0.192381322957198,0.06770748455024034,1.6804115358205536,0.25693289135571684,-0.18279102769512434,0.740946211947815,-0.6733370628062411,0.19150876192207889,0.07523092885546745,1.714240609441209,0.2937904920945777,-0.1897633588944001,0.7173105235478373
843525.764799989,PLAYBACK,3.53506628703326,6.628700066357851e-05,-0.6711288624399181,0.192381322957198,0.06809109636072286,1.6830968184939348,0.26000178583958056,-0.18317463950560686,0.7378773174639512,-0.6732548210002907,0.19151238638942567,0.0759532860348631,1.7160646200251821,0.2963991013336153,-0.19033186773520067,0.715902384291414
843525.769027524,PLAYBACK,3.5450159310130402,1.593097113072872e-05,-0.6711288624399181,0.192381322957198,0.06885831998168968,1.6857821011673142,0.26268706851296,-0.18394186312657368,0.7359592584115369,-0.6731743545816805,0.1915172812307885,0.07670386165612995,1.7177789546007256,0.2988872789753781,-0.19087818606283727,0.7145841375621553
843525.778225878,PLAYBACK,3.5517318070633337,0.0017318070167675614,-0.6711288624399181,0.192381322957198,0.0692419317921722,1.6877001602197303,0.2657559629968237,-0.18394186312657368,0.73519203479057,-0.6731206002251141,0.19152134854223166,0.07723172950449528,1.7188873647756968,0.30051523547019293,-0.19123757753999154,0.713736741296337
843525.782427153,PLAYBACK,3.5550659790169448,6.597896572202444e-05,-0.6711288624399181,0.192381322957198,0.06962554360265472,1.6877001602197303,0.2657559629968237,-0.1843254749370562,0.7340411993591207,-0.6730940956484405,0.1915236021071709,0.07750034482968023,1.7194233488264965,0.30130795918267206,-0.1914131003634818,0.7133288868009875
843525.791292238,PLAYBACK,3.5635504950769246,0.003550495021045208,-0.6707452506294356,0.192381322957198,0.07000915541313724,1.6900018310826272,0.2684412456702049,-0.18470908674753872,0.7328903639276731,-0.6730272236897907,0.1915300540655799,0.07820408851269843,1.72074533926899,0.3032787879168703,-0.19185085887629472,0.7123297521618452
843525.801264447,PLAYBACK,3.572748188045807,0.0027481880970299244,-0.6711288624399181,0.192381322957198,0.07077637903410405,1.6919198901350416,0.2711265283435861,-0.18547631036850554,0.730972304875257,-0.6729556937404787,0.19153824227008706,0.07900097058403101,1.7221120462725952,0.30534004271699,-0.1923106751729929,0.7113098316553791
843525.809567675,PLAYBACK,3.5819777220021933,0.0019777220441028476,-0.6711288624399181,0.192381322957198,0.0715436026550691,1.6957560082398722,0.2741954228274498,-0.18585992217898806,0.7290542458228426,-0.6728849327898884,0.19154775056460224,0.07983802448444798,1.723416223278658,0.3073300451450087,-0.19275637197552792,0.7103527260352267
843525.818097538,PLAYBACK,3.590538894990459,0.0005388950230553746,-0.6715124742504006,0.1919977111467155,0.0715436026550691,1.6965232318608372,0.2768807055008292,-0.1866271457999531,0.7271361867704282,-0.6728201809487604,0.1915577691731111,0.08064991237009644,1.724567669778447,0.30910614288699967,-0.19315556308256035,0.7095243547180933
843525.822069653,PLAYBACK,3.595056405989453,5.6406017392873764e-05,-0.6715124742504006,0.192381322957198,0.07192721446555339,1.6976740672922865,0.2784151527427611,-0.1870107576104374,0.7267525749599457,-0.6727863382958504,0.19156353542453497,0.08109278038523429,1.7251532578795101,0.3100164175326227,-0.19336066136247052,0.7091102433705296
843525.831260233,PLAYBACK,3.6000557410297915,5.574105307459831e-05,-0.6718960860608831,0.192381322957198,0.07231082627603591,1.699592126344701,0.27994959998469293,-0.1870107576104374,0.7259853513389789,-0.6727491305352008,0.19157031325511573,0.08159503127445573,1.7257839706802705,0.31100219272007057,-0.1935831670055214,0.7086704212713861
843525.840378975,PLAYBACK,3.6100719129899517,7.191300392150879e-05,-0.6718960860608831,0.192381322957198,0.07269443808651843,1.702277409018082,0.28340210627903917,-0.18816159304188496,0.7248345159075313,-0.6726752775409902,0.19158518419232398,0.08264159478456934,1.7269940556089622,0.3129092352446311,-0.19401486168653415,0.707847273889562
843525.844103886,PLAYBACK,3.6200080120470375,8.012051694095135e-06,-0.6722796978713674,0.192381322957198,0.07307804989700095,1.703811856260014,0.28608738895242036,-0.18854520485236748,0.7229164568551152,-0.6726027570974573,0.1916017079395075,0.08373642426402317,1.7281258030908602,0.31471173882861514,-0.19442462133185162,0.7071065431226444
843525.853393435,PLAYBACK,3.6253371480852365,0.0003371480852365494,-0.67266330968185,0.192381322957198,0.07346166170748347,1.704579079880979,0.2872382243838697,-0.18854520485236748,0.7225328450446327,-0.6725640793262188,0.19161132840665063,0.08434844681169919,1.7287053413071463,0.31564185676167555,-0.19463686091556853,0.7067400460745593
843525.857313771,PLAYBACK,3.6301001000683755,0.00010010006371885538,-0.67266330968185,0.192381322957198,0.07422888532845029,1.7057299153124283,0.28838905981531904,-0.18854520485236748,0.7217656214236676,-0.6725295919457457,0.19162039032573022,0.08491090528873912,1.729207364523123,0.31645143502905837,-0.1948221286657429,0.7064305007040245
843525.866372648,PLAYBACK,3.6386308040237054,0.003630804014392197,-0.67266330968185,0.192381322957198,0.07422888532845029,1.7076479743648427,0.2903071188677334,-0.18892881666285177,0.7206147859922183,-0.6724678958253473,0.19163775073681918,0.08595660714002169,1.730069408621028,0.31784983104738745,-0.19514357309956923,0.7059181596186256
843525.875759183,PLAYBACK,3.648054411052726,0.0030544110340997577,-0.67266330968185,0.192381322957198,0.07576333257038215,1.709566033417257,0.2922251779201478,-0.1893124284733343,0.719463950560769,-0.6723996091272194,0.19165868310064257,0.08717236920655085,1.7309670077760202,0.3193165291179409,-0.19548325148547735,0.7054141014222145
843525.884964051,PLAYBACK,3.6584142920328304,0.00341429200489074,-0.6730469214923325,0.192381322957198,0.07614694438086467,1.711100480659189,0.2952940724040115,-0.19007965209429933,0.7183131151293196,-0.6723239689732526,0.1916839251282305,0.08858752612426445,1.7318881473369185,0.32083187673092817,-0.19583806229708361,0.704933419883764
843525.894329245,PLAYBACK,3.666048017097637,0.0010480170603841543,-0.6730469214923325,0.192381322957198,0.07691416800183148,1.7122513160906383,0.29606129602497655,-0.19007965209429933,0.717162279697872,-0.6722675570639093,0.1917040832394814,0.08968613721188448,1.7325229552669348,0.3218810872581082,-0.19608700925227618,0.7046272083490982
843525.902977495,PLAYBACK,3.6750820060260594,8.200597949326038e-05,-0.6730469214923325,0.192381322957198,0.07806500343327905,1.7134021515220876,0.2983629668878752,-0.19084687571526615,0.7160114442664227,-0.6721997050922806,0.19172970708142617,0.09105045259519276,1.7332257748436788,0.32304563063344416,-0.19636784311283836,0.7043156565224318
843525.907700119,PLAYBACK,3.680084036081098,8.403602987527847e-05,-0.6730469214923325,0.1919977111467155,0.07844861524376334,1.7141693751430527,0.29913019050884027,-0.19084687571526615,0.7156278324559402,-0.6721614847799156,0.19174473640824366,0.09183666043203896,1.733592177276133,0.32365306924237003,-0.19651687923633768,0.7041659834637859
843525.911478022,PLAYBACK,3.6850726900156587,7.268995977938175e-05,-0.6730469214923325,0.192381322957198,0.07883222705424586,1.7149365987640195,0.3002810259402896,-0.19084687571526615,0.7152442206454577,-0.6721228101510576,0.19176033014599106,0.09264301056687288,1.7339413524351175,0.3242314446176628,-0.19666091528146212,0.704032230463082
843525.920369648,PLAYBACK,3.6932564290473238,0.003256429103203118,-0.6730469214923325,0.192381322957198,0.0799830624856952,1.7157038223849845,0.30181547318222146,-0.1916140993362312,0.7144769970244909,-0.6720579552942799,0.19178722409689453,0.09401428071942278,1.7344788548554197,0.3251189896258903,-0.19688724200680133,0.7038445836496465
843525.929784457,PLAYBACK,3.702195607009344,0.0021956070559099317,-0.6730469214923325,0.192381322957198,0.08113389791714276,1.7168546578164339,0.30373353223463584,-0.1916140993362312,0.7133261615930415,-0.6719847318785439,0.1918184568373158,0.0955808422956319,1.7350157297952922,0.3259983263845936,-0.19712038227437234,0.7036808948284736
843525.938534583,PLAYBACK,3.7118585020070896,0.0018585020443424582,-0.6730469214923325,0.192381322957198,0.0822847333485921,1.7183891050583657,0.30641881490801703,-0.1919977111467155,0.712942549782559,-0.6719021999729515,0.19185436328956507,0.09735369366789437,1.7355373898152138,0.3268391543640324,-0.19735613981690042,0.7035457337607495
843525.942807234,PLAYBACK,3.7150024900911376,2.4901237338781357e-06,-0.6730469214923325,0.192381322957198,0.0822847333485921,1.7183891050583657,0.30641881490801703,-0.1919977111467155,0.712175326161594,-0.6718744750354262,0.19186651715750108,0.09794795379111539,1.7356941458009325,0.32708762886562026,-0.19742929672334336,0.7035096818210536
843525.951876952,PLAYBACK,3.7242903460282832,0.004290346056222916,-0.673430533302815,0.192381322957198,0.08420279240100648,1.7195399404898133,0.3079532621499489,-0.19276493476768053,0.7114081025406271,-0.6717897082900519,0.19190373893255014,0.09975210966981196,1.7361209380255753,0.32774883514217124,-0.19763564801114744,0.7034210727718477
843525.960683646,PLAYBACK,3.7329698150279,0.0029698150465264916,-0.673430533302815,0.1919977111467155,0.0849700160219733,1.7206907759212626,0.30987132120236327,-0.19314854657816305,0.7110244907301446,-0.6717061201478387,0.1919402554992916,0.10150174785269206,1.7364725015843916,0.3282682596969058,-0.1978160220302321,0.7033554437364735
843525.969948738,PLAYBACK,3.7423598780296743,0.0023598780389875174,-0.673430533302815,0.1919977111467155,0.08612085145342085,1.7222252231631945,0.31178938025477765,-0.19353215838864735,0.7106408789196621,-0.6716101586311215,0.1919815872589393,0.10346102619971968,1.7368045497043185,0.32872417025626754,-0.19799885428679706,0.703292431788649
843525.978576759,PLAYBACK,3.750068176072091,6.817607209086418e-05,-0.673430533302815,0.192381322957198,0.08688807507438767,1.722608834973677,0.3133238274967095,-0.19391577019912987,0.7102572671091778,-0.671526477247124,0.1920169021085308,0.10511902990948756,1.7370423874817507,0.32901780954968934,-0.19814043474892562,0.7032385582999778
843525.98418979,PLAYBACK,3.760065993061289,6.59930519759655e-05,-0.673430533302815,0.192381322957198,0.08803891050583701,1.7237596704051263,0.31485827473864136,-0.1942993820096124,0.7098736552986953,-0.6714104261420101,0.192064547321226,0.10733384041669868,1.7373086640754536,0.32929403807050406,-0.19831425124543384,0.7031535466642582
843525.992664988,PLAYBACK,3.7684531920822337,0.0034531920682638884,-0.6738141451132993,0.192381322957198,0.08880613412680205,1.7252941176470582,0.3160091101700907,-0.1946829938200949,0.7094900434882128,-0.6713057122603316,0.1921061284114554,0.10924621962490565,1.737499330152794,0.3294385076286972,-0.19845287797914488,0.7030586003706274
843525.996350454,PLAYBACK,3.7700861430494115,8.614303078502417e-05,-0.6738141451132993,0.192381322957198,0.08918974593728457,1.7252941176470582,0.31715994560154004,-0.1946829938200949,0.7094900434882128,-0.6712844765745928,0.19211439728805657,0.10962419090517207,1.737533322422285,0.32945773447300447,-0.19847921192075033,0.7030367575463269
843526.005976428,PLAYBACK,3.777399774058722,0.0023997740354388952,-0.6738141451132993,0.1919977111467155,0.08995696955825139,1.726061341268025,0.31754355741202256,-0.1950666056305792,0.7091064316777302,-0.67118573856891,0.19215213798535458,0.11133913984119996,1.7376742529327256,0.32950961398445866,-0.19859487113466506,0.7029226002858716
843526.014522572,PLAYBACK,3.787146840011701,0.0021468399791046977,-0.6738141451132993,0.1919977111467155,0.09187502861066577,1.7272121766994726,0.31946161646443694,-0.19545021744106172,0.708722819867246,-0.6710442898999638,0.19220428581322502,0.11367955649137505,1.737836599739932,0.3294957540721246,-0.19874399703570753,0.7027212797649265
843526.023602941,PLAYBACK,3.7957690510666,0.0007690510246902704,-0.673430533302815,0.1919977111467155,0.0930258640421151,1.7275957885099569,0.320228840085402,-0.19545021744106172,0.708722819867246,-0.6709089707342898,0.192252277723941,0.11580032797526567,1.7379601382769703,0.3294100059601913,-0.19887190969383683,0.7024869225351732
843526.033147249,PLAYBACK,3.8050714450655505,7.144501432776451e-05,-0.673430533302815,0.192381322957198,0.09494392309452948,1.7287466239414044,0.3209960637063688,-0.19545021744106172,0.7083392080567634,-0.6707514000065498,0.19230617779699885,0.11813930569848935,1.7380767893338074,0.3292468785763083,-0.19900608619605034,0.7021654403350643
843526.037040042,PLAYBACK,3.810062764096074,6.276404019445181e-05,-0.673430533302815,0.1919977111467155,0.09571114671549452,1.729130235751887,0.32176328732733384,-0.19583382925154424,0.7079555962462809,-0.6706616282974288,0.1923360822983977,0.11941527554530658,1.738133740736865,0.32913165220177115,-0.19907639014959527,0.7019607801621189
843526.046260679,PLAYBACK,3.819633361999877,0.004633362055756152,-0.6738141451132993,0.192381322957198,0.09724559395742638,1.7306646829938188,0.32253051094830065,-0.19621744106202677,0.7075719844357984,-0.6704787827233861,0.1923955407864428,0.12190121338959507,1.7382346586403805,0.3288619113706384,-0.19920738703641516,0.7015010024874819
843526.055275311,PLAYBACK,3.8250579920131713,5.7992059737443924e-05,-0.673430533302815,0.192381322957198,0.0980128175783932,1.7310482948043031,0.3232977345692657,-0.19660105287251106,0.7071883726253159,-0.6703686605261346,0.1924305951809792,0.12333249575595705,1.7382882277782103,0.32868318888750536,-0.1992789911064703,0.7011994135691413
843526.06449132,PLAYBACK,3.8350660590222105,6.605905946344137e-05,-0.673430533302815,0.1919977111467155,0.09954726482032505,1.7318155184252682,0.3240649581902325,-0.19660105287251106,0.7071883726253159,-0.67015264473469,0.19249817130664115,0.12601400497413473,1.7383826817846832,0.3283107698100004,-0.1994046499403939,0.7005625054463989
843526.068993882,PLAYBACK,3.8450612110318616,6.12110598012805e-05,-0.6738141451132993,0.192381322957198,0.10108171206225691,1.7321991302357507,0.32444857000071503,-0.19660105287251106,0.7071883726253159,-0.6699195548298241,0.19256995132549135,0.12874385739686856,1.7384741286959295,0.32789193542067196,-0.1995193227739501,0.6998205863015815
843526.077229411,PLAYBACK,3.8500593930948526,5.9393118135631084e-05,-0.673430533302815,0.1919977111467155,0.10338338292515381,1.732582742046235,0.32483218181119755,-0.19660105287251106,0.7068047608148316,-0.6697962055147296,0.1926076827109593,0.1301281923796712,1.7385196286218376,0.3276679584332631,-0.19957151401867657,0.699409879627523
843526.081225742,PLAYBACK,3.8550585670163855,5.8567035011947155e-05,-0.673430533302815,0.192381322957198,0.10376699473563633,1.732582742046235,0.32521579362168185,-0.19698466468299358,0.7068047608148316,-0.6696681346687638,0.19264678618798756,0.13152566212951058,1.7385653469218059,0.3274358337221637,-0.1996196062230974,0.6989728859671158
843526.090416802,PLAYBACK,3.8628688000608236,0.0028688000747933984,-0.673430533302815,0.192381322957198,0.10491783016708567,1.7329663538567175,0.32521579362168185,-0.19698466468299358,0.706421149004349,-0.6694583131336088,0.19271088703886533,0.1337348581476842,1.7386376801845254,0.3270597307138404,-0.1996851771514454,0.6982386866759832
843526.099528982,PLAYBACK,3.873526712995954,0.0035267130006104708,-0.673430533302815,0.192381322957198,0.10760311284046686,1.7337335774776825,0.3259830172426469,-0.1973682764934761,0.7060375371938665,-0.6691518681720096,0.19280507539160832,0.13680113830477758,1.7387390058590118,0.32652699167517285,-0.19975204398854252,0.6971393812741113
843526.108884257,PLAYBACK,3.880439646076411,0.00043964607175439596,-0.673430533302815,0.192381322957198,0.10952117189288124,1.7337335774776825,0.3263666290531294,-0.19775188830395862,0.705653925383384,-0.6689399697986129,0.1928708892381281,0.13882206441775724,1.7388065799239452,0.3261738856394711,-0.19977874776542967,0.6963698820758835
843526.117460299,PLAYBACK,3.890059398021549,5.9398007579147816e-05,-0.673430533302815,0.192381322957198,0.11182284275577814,1.7341171892881668,0.3263666290531294,-0.19775188830395862,0.7052703135728997,-0.6686268025083274,0.19296951857593414,0.14167582298230974,1.7389028248218368,0.32567857353887114,-0.19979012627548617,0.6952322043924208
843526.122457439,PLAYBACK,3.895055736997165,5.573697853833437e-05,-0.673430533302815,0.192381322957198,0.11297367818722748,1.7341171892881668,0.3263666290531294,-0.19813550011444114,0.7048867017624172,-0.6684553174600528,0.19302430184913213,0.14317645185340835,1.738953562786013,0.32542152323274315,-0.19978278259765148,0.6946138914324265
843526.131874042,PLAYBACK,3.9000641390448436,6.413902156054974e-05,-0.673430533302815,0.192381322957198,0.11412451361867681,1.7345008010986493,0.3263666290531294,-0.19813550011444114,0.7045030899519347,-0.6682770792924939,0.19308185548850143,0.1446926369423611,1.7390046748802004,0.325165139513096,-0.19976551338854845,0.6939777104627232
843526.135259152,PLAYBACK,3.9100571270100772,5.712697748094797e-05,-0.673430533302815,0.1919977111467155,0.11642618448157371,1.7348844129091319,0.3263666290531294,-0.19813550011444114,0.7037358663309679,-0.6679016045954691,0.193205142022392,0.14774997835421472,1.7391062863955264,0.3246603667908731,-0.199699410578894,0.6926681379869484
843526.144869356,PLAYBACK,3.917015757993795,0.0020157579565420747,-0.673430533302815,0.1919977111467155,0.11911146715495491,1.7348844129091319,0.3263666290531294,-0.19813550011444114,0.7029686427100028,-0.6676237403296446,0.19329806953492382,0.14990013134755611,1.7391755622734082,0.32431609001583894,-0.19962734476925284,0.6917329918148268
843526.153417033,PLAYBACK,3.927035026019439,0.0020350259728729725,-0.673430533302815,0.192381322957198,0.12102952620736929,1.7360352483405812,0.3263666290531294,-0.19813550011444114,0.7018178072785535,-0.6671985477911672,0.1934426442451411,0.15301693279902182,1.7392707119092963,0.3238323222370234,-0.1994858376961377,0.6903691926156865
843526.15808918,PLAYBACK,3.9300946020521224,9.46020008996129e-05,-0.673430533302815,0.192381322957198,0.12102952620736929,1.7360352483405812,0.3263666290531294,-0.19813550011444114,0.701434195468071,-0.6670625261939521,0.19348938775191438,0.15397163339592848,1.7392982247453448,0.3236872854279072,-0.1994340973345606,0.6899515271086919
843526.166644612,PLAYBACK,3.9388633630005643,0.0038633629446849227,-0.673430533302815,0.192381322957198,0.12294758525978366,1.7364188601510637,0.3263666290531294,-0.19851911192492544,0.7006669718471041,-0.6666558147730842,0.1936301184429079,0.15670910216400005,1.739371804558898,0.3232769609131121,-0.19926602250649383,0.6887590136156915
843526.175691696,PLAYBACK,3.9450576080707833,5.760812200605869e-05,-0.673430533302815,0.192381322957198,0.12563286793316486,1.7368024719615462,0.3263666290531294,-0.19890272373540796,0.7002833600366216,-0.6663527310806495,0.1937354936952811,0.15863909736103096,1.7394182342904518,0.3229896286745699,-0.199132423210023,0.687925506337972
843526.184451671,PLAYBACK,3.955062909051776,6.290909368544817e-05,-0.673430533302815,0.192381322957198,0.12755092698557924,1.7368024719615462,0.3259830172426469,-0.19890272373540796,0.6991325246051723,-0.665833678390055,0.1939156690243546,0.16173803818177318,1.7394819018134795,0.32252190960891775,-0.19890004033258946,0.6866037677813661
843526.188880471,PLAYBACK,3.96505476499442,5.476502701640129e-05,-0.673430533302815,0.192381322957198,0.1298525978484779,1.7371860837720305,0.3259830172426469,-0.19890272373540796,0.6983653009842072,-0.6652762837970352,0.1941068951677609,0.16479544452544265,1.7395302138593831,0.3220364447135368,-0.19866337009738352,0.6853206838700072
843526.197996899,PLAYBACK,3.9701999890385196,0.00019998906645923853,-0.673430533302815,0.192381322957198,0.13100343327992547,1.737569695582513,0.3259830172426469,-0.19890272373540796,0.6979816891737247,-0.6649730136985075,0.1942092815791793,0.16635034298513196,1.7395489331803273,0.3217732173970882,-0.19854652181106394,0.6846750514106437
843526.202244211,PLAYBACK,3.975066439015791,6.643903907388449e-05,-0.6730469214923325,0.192381322957198,0.13368871595330667,1.737569695582513,0.3259830172426469,-0.19890272373540796,0.6972144655527579,-0.6646755255299475,0.1943082866750169,0.16780666011149317,1.7395628036166457,0.32151273753653403,-0.19844275198934253,0.6840734568808563
843526.211244967,PLAYBACK,3.985659367055632,0.0056593670742586255,-0.6730469214923325,0.192381322957198,0.13599038681620534,1.7379533073929956,0.3259830172426469,-0.19890272373540796,0.6960636301213103,-0.6639907215979592,0.19452999039154148,0.17092219530744834,1.7395805249390381,0.3208959440058077,-0.19825198318748274,0.6827910609768042
843526.219969143,PLAYBACK,3.9925420820945874,0.0025420821039006114,-0.67266330968185,0.192381322957198,0.13829205767910224,1.7379533073929956,0.32559940543216437,-0.19851911192492544,0.694912794689861,-0.6635175089522503,0.19467768100945704,0.1729022032851232,1.739583415793145,0.32045031367568855,-0.19816323567802382,0.681974071141049
843526.228842955,PLAYBACK,4.001244966988452,0.0012449669884517789,-0.67266330968185,0.192381322957198,0.14059372854199914,1.7379533073929956,0.32559940543216437,-0.19851911192492544,0.6937619592584117,-0.6628865943742063,0.19486729015140367,0.1753511145745332,1.7395782822592303,0.319826708089393,-0.1981018622107826,0.6809535862174344
843526.237965034,PLAYBACK,4.010309654986486,0.00030965497717261314,-0.67266330968185,0.192381322957198,0.14327901121538034,1.738336919203478,0.32559940543216437,-0.19851911192492544,0.6922275120164798,-0.6621907280025264,0.19506679951901154,0.17783266190954292,1.7395637272941729,0.31909753679199004,-0.1981085212787688,0.6798987278321051
843526.24269935,PLAYBACK,4.01505891000852,5.8909994550049305e-05,-0.6722796978713674,0.192381322957198,0.14442984664682967,1.738336919203478,0.32559940543216437,-0.19890272373540796,0.6914602883955148,-0.6618105605682197,0.1951716604038724,0.17910345819545379,1.7395528310427009,0.31868085595967016,-0.19814372478748907,0.6793468357575985
843526.252184053,PLAYBACK,4.0240857360186055,0.004085735999979079,-0.6722796978713674,0.192381322957198,0.14673151750972657,1.738336919203478,0.32521579362168185,-0.19851911192492544,0.6903094529640654,-0.6610591748949881,0.19537074407060404,0.18146180907637283,1.7395268366525378,0.317820764931754,-0.1982746217571966,0.6782948742725834
843526.260581142,PLAYBACK,4.0300669830758125,6.698304787278175e-05,-0.6718960860608831,0.192381322957198,0.14826596475165843,1.7387205310139606,0.32483218181119755,-0.19851911192492544,0.6895422293430986,-0.6605410746819441,0.19550203720368567,0.1829830395766874,1.739506338319124,0.3172010687511897,-0.19840898296965462,0.6775931192394963
843526.269811638,PLAYBACK,4.040080059086904,8.005904965102673e-05,-0.6718960860608831,0.192381322957198,0.1505676356145571,1.7387205310139606,0.32444857000071503,-0.19851911192492544,0.6880077821011685,-0.6596389642589028,0.19571989945237203,0.18545674910825163,1.7394672741237622,0.3160750972234379,-0.19872010396817266,0.6764046797149226
843526.274636698,PLAYBACK,4.050221492070705,0.00022149202413856983,-0.6715124742504006,0.192381322957198,0.15363653009842082,1.7387205310139606,0.32444857000071503,-0.19851911192492544,0.6864733348592367,-0.6586823528714237,0.1959373501898812,0.18787275700931827,1.7394228563378342,0.3148238754499174,-0.19914433513714713,0.6751773282477954
843526.283158736,PLAYBACK,4.055118220043369,0.00011821999214589596,-0.6715124742504006,0.192381322957198,0.15478736552986838,1.7387205310139606,0.3240649581902325,-0.19851911192492544,0.6860897230487524,-0.6582052894999094,0.196041045083714,0.18900903193459587,1.7393999927800479,0.3141808421742005,-0.1993876696258672,0.6745741647797109
843526.287236704,PLAYBACK,4.0600604640785605,6.046402268111706e-05,-0.6715124742504006,0.192381322957198,0.15747264820324958,1.739104142824445,0.3240649581902325,-0.19851911192492544,0.6853224994277873,-0.6577137997673652,0.19614482091997157,0.19013717549254713,1.7393761107396077,0.3135067370147465,-0.19965809496128953,0.6739574189765651
843526.296248441,PLAYBACK,4.068216140032746,0.0032161400886252522,-0.6711288624399181,0.192381322957198,0.15862348363469891,1.739104142824445,0.3232977345692657,-0.19851911192492544,0.6845552758068205,-0.6568805734917678,0.19631416495482276,0.1919607255861207,1.7393351054371722,0.3123403099702504,-0.20015756949115876,0.6729201917350689
843526.305246712,PLAYBACK,4.077684142044745,0.0026841420913115144,-0.6707452506294356,0.192381322957198,0.16207598992904515,1.739104142824445,0.3229141227587832,-0.19890272373540796,0.683404440375373,-0.6558776668039882,0.19650796990542196,0.19402440814854693,1.7392852066618263,0.3109037055981275,-0.2008178969226419,0.6716818504122724
843526.313887858,PLAYBACK,4.087026573019102,0.0020265730563551188,-0.6699780270084688,0.192381322957198,0.16476127260242635,1.7394877546349274,0.32253051094830065,-0.19851911192492544,0.6826372167544061,-0.6548485722879488,0.1966966484409955,0.19601273115236933,1.7392335989784269,0.3094011874513311,-0.20155099957166156,0.6704191352917904
843526.322912941,PLAYBACK,4.095247974037193,0.00024797406513243914,-0.6699780270084688,0.192381322957198,0.16706294346532324,1.7394877546349274,0.32176328732733384,-0.19890272373540796,0.6814863813229568,-0.6539082450243879,0.19686098894363901,0.19772968851679706,1.7391861081485183,0.3080103107662007,-0.20226065187178296,0.6692704894743302
843526.327010687,PLAYBACK,4.10006817500107,6.817502435296774e-05,-0.6695944151979862,0.192381322957198,0.1685973907072551,1.7394877546349274,0.32176328732733384,-0.19890272373540796,0.6814863813229568,-0.653340825273434,0.19695676492143308,0.198724354083301,1.7391572666695254,0.30716526579571063,-0.2027039913148227,0.6685793249706719
843526.336373296,PLAYBACK,4.105058412067592,5.8412086218595505e-05,-0.6692108033875037,0.1919977111467155,0.16974822613870444,1.7394877546349274,0.3213796755168513,-0.19890272373540796,0.6811027695124743,-0.652740151604216,0.19705557645855692,0.19974610319114527,1.7391265498799482,0.30626753605945967,-0.203183739310307,0.6678491065574951
843526.345193335,PLAYBACK,4.115063964040019,6.396404933184385e-05,-0.6688271915770212,0.192381322957198,0.17243350881208386,1.7394877546349274,0.320228840085402,-0.19928633554589048,0.679951934081025,-0.6514927155439134,0.19725300150104122,0.20177419016824505,1.7390619963505904,0.3043979497276408,-0.20420785581821294,0.6663371449422649
843526.354492904,PLAYBACK,4.125059898011386,5.98980113863945e-05,-0.6684435797665369,0.192381322957198,0.17473517967498253,1.7394877546349274,0.31946161646443694,-0.19928633554589048,0.6788010986495774,-0.6501847644052137,0.19744989275344757,0.2037785905634269,1.7389928857126522,0.3024384332019903,-0.2053115483776724,0.6647582709834104
843526.358985827,PLAYBACK,4.135063296067528,6.32960582152009e-05,-0.6676763561455719,0.19276493476768053,0.17703685053787943,1.7394877546349274,0.3183107810329876,-0.199669947356373,0.6780338750286106,-0.6488089905829281,0.19764724293696262,0.20576779776305446,1.7389181671374359,0.3003876956816029,-0.20649370913116646,0.6631049072835049
843526.368022822,PLAYBACK,4.140760728041641,0.0007607280276715755,-0.6672927443350893,0.19276493476768053,0.1789549095902938,1.7394877546349274,0.3179271692225051,-0.2000535591668573,0.677650263218128,-0.6479937596360112,0.19776001130048115,0.20689444930440948,1.738872723563954,0.2991808701391476,-0.2072003938079802,0.6621289651268916
843526.377424517,PLAYBACK,4.146131205023266,0.0011312050046399236,-0.666909132524605,0.19276493476768053,0.18010574502174315,1.7394877546349274,0.31677633379105574,-0.2000535591668573,0.6772666514076455,-0.6472034778210083,0.19786666302078224,0.2079524686191529,1.7388277318130339,0.29801857860450576,-0.20788782093808691,0.6611857157872871
843526.381500281,PLAYBACK,4.155083497054875,8.349702693521976e-05,-0.66614190890364,0.19276493476768053,0.18240741588464182,1.7394877546349274,0.3163927219805732,-0.20082078278782234,0.6761158159761962,-0.6458379226581151,0.19804540450054398,0.2097070225662259,1.7387475734346114,0.29603096123869116,-0.20907738535086628,0.6595627172270263
843526.390494985,PLAYBACK,4.162955178995617,0.002955178963020444,-0.6657582970931575,0.19314854657816305,0.18355825131608938,1.7394877546349274,0.31485827473864136,-0.20120439459830486,0.6745813687342643,-0.6445869612720733,0.19820374392170856,0.21123866161924695,1.7386711721752657,0.29423640408795104,-0.21016522118566106,0.6580839257753411
843526.39951599,PLAYBACK,4.172182067995891,0.002182067953981459,-0.6649910734721907,0.19314854657816305,0.18624353398947058,1.7394877546349274,0.313707439307192,-0.20158800640878916,0.6738141451132993,-0.6430617543639163,0.1983909375810164,0.2130165050008605,1.738573766921378,0.29208619817086406,-0.21148459873897615,0.6562917635779251
843526.408947872,PLAYBACK,4.180712462053634,0.0007124620024114847,-0.6642238498512256,0.19314854657816305,0.18892881666285177,1.7394877546349274,0.31217299206526017,-0.20197161821927168,0.6722796978713674,-0.6415980736121657,0.19856566712441243,0.21463753964398843,1.7384754938266034,0.2900644624707302,-0.2127404708710004,0.654583393077681
843526.417281339,PLAYBACK,4.1901231640949845,0.00012316415086388588,-0.6638402380407413,0.19314854657816305,0.19084687571526615,1.7394877546349274,0.3110221566338126,-0.20273884184023672,0.6715124742504006,-0.6399296268478002,0.1987604281580162,0.21639204690131686,1.7383572595661003,0.2878116969288264,-0.21415767767567429,0.6526498991140383
843526.421632421,PLAYBACK,4.195062994025648,6.299407687038183e-05,-0.6630730144197763,0.19314854657816305,0.1919977111467155,1.7394877546349274,0.3102549330128458,-0.20273884184023672,0.6707452506294356,-0.6390342018919657,0.19886356474863262,0.2172954275991542,1.7382909057817932,0.28662565656673583,-0.21491182985054355,0.6516182700637742
843526.425666304,PLAYBACK,4.200059994007461,5.999405402690172e-05,-0.6626894026092938,0.19314854657816305,0.19276493476768053,1.73987136644541,0.30872048577091393,-0.203122453650721,0.6703616388189513,-0.6381167331858588,0.19896858368312428,0.21819489456499158,1.7382207174128634,0.2854269223540983,-0.21568015671348156,0.6505655236973815
843526.434605873,PLAYBACK,4.207179864053614,0.0021798640955239534,-0.6623057907988095,0.19314854657816305,0.19391577019912987,1.7394877546349274,0.30756965033946637,-0.20388967727168605,0.6692108033875037,-0.6367927329376871,0.19911954207173715,0.21944851074951277,1.7381153482556335,0.2837258093891486,-0.21678208258974668,0.6490536721713801
843526.444156413,PLAYBACK,4.216033228090964,0.0010332281235605478,-0.6615385671778444,0.19314854657816305,0.19660105287251106,1.7394877546349274,0.3060352030975345,-0.2050405127031354,0.6680599679560544,-0.6351264323439821,0.1993097910915885,0.2209560193447734,1.7379755810242874,0.2816308929193554,-0.21816064978746463,0.6471625090863055
843526.453045294,PLAYBACK,4.2250568070448935,5.6807068176567554e-05,-0.6607713435568776,0.19314854657816305,0.19851911192492544,1.73987136644541,0.30450075585560266,-0.20619134813458473,0.6665255207141225,-0.6334158934663704,0.19950727942884544,0.22242775500797915,1.7378234000573984,0.279528783581493,-0.2195728663442641,0.6452329213341276
843526.457027639,PLAYBACK,4.230058076092973,5.807611159980297e-05,-0.6603877317463951,0.19353215838864735,0.19928633554589226,1.7394877546349274,0.30373353223463584,-0.20619134813458473,0.66614190890364,-0.6324667550803413,0.19961864286314654,0.2232133738527096,1.7377349967760478,0.2783808452393114,-0.22035875527165438,0.6441665228422373
843526.466152112,PLAYBACK,4.238209373084828,0.003209373098798096,-0.65962050812543,0.19353215838864735,0.2004371709773416,1.7394877546349274,0.30181547318222146,-0.20695857175554977,0.6649910734721907,-0.6309244074072992,0.1998036802288659,0.22444579232126113,1.7375850845391805,0.2765383022744705,-0.22164620503566995,0.6424384727586622
843526.474996117,PLAYBACK,4.247540382086299,0.0025403820909559727,-0.6588532845044632,0.19353215838864735,0.2027388418402385,1.7394877546349274,0.2998974141298071,-0.2081094071869991,0.6634566262302588,-0.6291755962904725,0.20002193202889929,0.22578146242665612,1.737405399245785,0.27447295680246,-0.22313502764792956,0.6404830539596572
843526.484727173,PLAYBACK,4.25617784098722,0.0011778409825637937,-0.6584696726939807,0.19353215838864735,0.20465690089265287,1.7394877546349274,0.2979793550773927,-0.20926024261844667,0.6623057907988095,-0.6275836069857209,0.2002312890938014,0.22694516075586968,1.7372325026135513,0.27260092136541175,-0.22453516130866136,0.6387021994441682
843526.493522035,PLAYBACK,4.265910079004243,0.0009100789902731776,-0.6573188372625314,0.19391577019912987,0.20619134813458473,1.7394877546349274,0.29606129602497655,-0.210411078049896,0.6603877317463951,-0.6258339339999858,0.20047699502913094,0.22817243485114164,1.7370317967062578,0.27053233750788924,-0.22614910948634212,0.636737694481648
843526.498437158,PLAYBACK,4.270000602002256,6.019836291670799e-07,-0.6573188372625314,0.19353215838864735,0.20619134813458473,1.7394877546349274,0.2952940724040115,-0.21079468986037853,0.65962050812543,-0.6251157276249688,0.20058366970222177,0.22866196126948835,1.7369460552583171,0.2696740583435713,-0.22684187959234325,0.635927249132468
843526.506684709,PLAYBACK,4.275004565017298,4.564994014799595e-06,-0.6565516136415663,0.19353215838864735,0.2077257953765166,1.7394877546349274,0.29299240154111283,-0.21194552529182786,0.6588532845044632,-0.6242530192979481,0.20071706171535997,0.22923994954099072,1.7368403971126378,0.268631815267673,-0.22770282328111294,0.6349492686656086
843526.510818535,PLAYBACK,4.28506530309096,6.530305836349726e-05,-0.6557843900205995,0.19353215838864735,0.20926024261844844,1.7394877546349274,0.291457954299181,-0.21271274891279468,0.6569352254520489,-0.6225775221986695,0.20099524708266478,0.23033419578319503,1.7366265844015818,0.2665574700226234,-0.22948424244763543,0.6330311285185025
843526.51988685,PLAYBACK,4.292439881013706,0.0024398809764534235,-0.654633554589152,0.19353215838864735,0.2107946898603803,1.7394877546349274,0.29069073067821594,-0.21347997253375972,0.655400778210117,-0.6214046623240341,0.20120780466295493,0.23108079792092773,1.736469837845478,0.2650505461487968,-0.23083741707186436,0.6316687013708948
843526.528680329,PLAYBACK,4.300910210004076,0.0009102099575102329,-0.6534827191577026,0.19391577019912987,0.21194552529182964,1.7394877546349274,0.28877267162580156,-0.21463080796520906,0.6538663309681851,-0.6201201098028557,0.20146093545952148,0.23188345202156982,1.7362910796260582,0.26332900457615,-0.2324451517089753,0.6301516940227604
843526.538116449,PLAYBACK,4.3105102450354025,0.0005102449795231223,-0.6523318837262533,0.19391577019912987,0.2134799725337615,1.7394877546349274,0.2872382243838697,-0.2153980315861741,0.6519482719157708,-0.618749077948488,0.2017591098909495,0.2327267219567862,1.7360915803012318,0.26138437369393547,-0.23433940580238702,0.6284957945909797
843526.542339455,PLAYBACK,4.315065038041212,6.503809709101915e-05,-0.6519482719157708,0.19391577019912987,0.21386358434424402,1.739104142824445,0.2864710007629029,-0.21616525520714092,0.6507974364843214,-0.6181308158956583,0.2019045990964314,0.2331037411784475,1.7359984871669087,0.2604625644357602,-0.23526535353893654,0.6277338527406541
843526.551373655,PLAYBACK,4.323607915081084,0.003607915132306516,-0.6504138246738389,0.19391577019912987,0.21463080796521083,1.7394877546349274,0.2845529417104885,-0.21731609063858848,0.648879377431907,-0.6170273749596423,0.2021840688627176,0.23377376475219805,1.7358271659534943,0.2587327160856624,-0.23704914464855825,0.6263455196259807
843526.55987327,PLAYBACK,4.332325378083624,0.0023253781255334616,-0.6492629892423896,0.19391577019912987,0.2165488670176252,1.739104142824445,0.28301849446855665,-0.21885053788052033,0.6469613183794927,-0.6159760959283687,0.20247756413591655,0.23441141539305274,1.7356573252409462,0.2569637311734605,-0.2389317079579162,0.6249824225042766
843526.569133714,PLAYBACK,4.341337195015512,0.001337195048108697,-0.6477285420004577,0.19391577019912987,0.21769970244907277,1.739104142824445,0.28071682360565975,-0.2203849851224522,0.6454268711375608,-0.6149665905930827,0.20278905238241143,0.23502646106905167,1.7354875723473773,0.25512838398822213,-0.24094184419824494,0.6236281067659977
843526.57846285,PLAYBACK,4.350059097050689,5.909707397222519e-05,-0.6461940947585258,0.19391577019912987,0.2184669260700396,1.739104142824445,0.2791823763637279,-0.22153582055390153,0.6435088120851464,-0.6140615805537403,0.20309758658007226,0.2355833687908672,1.7353292612542732,0.25334388751852654,-0.24294633708540606,0.6223679876660558
843526.582483428,PLAYBACK,4.35539202101063,0.00039202102925628424,-0.6454268711375608,0.19391577019912987,0.21961776150148893,1.739104142824445,0.2784151527427611,-0.22230304417486835,0.6427415884641796,-0.6135417816051812,0.20328932369300765,0.23590699300265344,1.7352354580164555,0.2522484000558885,-0.2441989980968929,0.6216209841165287
843526.590862962,PLAYBACK,4.36037077603396,0.0003707760479301214,-0.644659647516594,0.1942993820096124,0.22000137331197145,1.739104142824445,0.2764970936903467,-0.2230702677958334,0.6419743648432146,-0.6130787048920819,0.20347023655754815,0.2361984178632939,1.7351499736417366,0.251222646116569,-0.24538590802580726,0.6209391211216513
843526.595141646,PLAYBACK,4.370055042090826,5.5042095482349396e-05,-0.6427415884641796,0.1942993820096124,0.2211522087434208,1.739104142824445,0.27496264644841484,-0.22537193865873206,0.6400563057908002,-0.6122371140399918,0.20382674965479836,0.23673785792083382,1.7349895590957667,0.2492197502673281,-0.2477389850066386,0.6196544033944863
843526.604792708,PLAYBACK,4.377026077010669,0.002026077010668814,-0.6408235294117652,0.1942993820096124,0.22230304417486835,1.7387205310139606,0.2741954228274498,-0.2261391622796971,0.6385218585488683,-0.6116777565840966,0.20408648600616788,0.23710542259471382,1.734878947751898,0.2477730223842409,-0.24946498528671848,0.618762694397407
843526.614204372,PLAYBACK,4.386517173028551,0.0015171730192378163,-0.6392890821698334,0.1942993820096124,0.22345387960631768,1.7387205310139606,0.2715101401540686,-0.22805722133211148,0.6366037994964522,-0.6109757614614638,0.20444303528115396,0.2375801806989794,1.7347349974790998,0.24580015978644126,-0.2518500111542388,0.6175922077151305
843526.623204326,PLAYBACK,4.395599024021067,0.0005990240024402738,-0.6369874113069365,0.1946829938200949,0.22498832684824954,1.7387205310139606,0.27035930472261926,-0.22959166857404334,0.6346857404440378,-0.6103654543724916,0.20478579072046027,0.2380085449631075,1.7346045494621571,0.2439145313684106,-0.2541593899615046,0.6165189703489428
843526.626921873,PLAYBACK,4.40005778206978,5.7782046496868134e-05,-0.6358365758754871,0.1946829938200949,0.22537193865873206,1.7387205310139606,0.2695920811016542,-0.23035889219501016,0.6343021286335553,-0.6100869007699768,0.20495406791718263,0.23821002791588408,1.7345431538869367,0.2429917898537217,-0.25529897560613185,0.6160088798577972
843526.635887512,PLAYBACK,4.408781978068873,0.003781978040933609,-0.6339185168230728,0.1950666056305792,0.2265227740901814,1.738336919203478,0.26767402204923985,-0.23227695124742453,0.6323840695811409,-0.6095803444163953,0.2052822022852446,0.23858809765048497,1.734428123779411,0.24119685667426946,-0.2575317384226281,0.6150431931211471
843526.645320576,PLAYBACK,4.417324103997089,0.0023241039598360658,-0.6316168459601741,0.1950666056305792,0.22728999771114644,1.738336919203478,0.2657559629968237,-0.2341950102998389,0.6312332341496916,-0.6091315064867043,0.20560059999327085,0.23893821434079554,1.7343220678666462,0.23945937956332375,-0.2597112200354844,0.6141396801730953
843526.654310632,PLAYBACK,4.425057611078955,5.7611032389104366e-05,-0.6296987869077597,0.19545021744106172,0.22805722133211326,1.7379533073929956,0.26422151575489183,-0.23572945754177077,0.6300823987182422,-0.6087631004041651,0.20588500560530648,0.23923864952044388,1.7342316479162823,0.237909835254386,-0.261668398142065,0.6133579421228856
843526.66331802,PLAYBACK,4.435062722070143,6.272201426327229e-05,-0.6277807278553453,0.19545021744106172,0.22959166857404512,1.7379533073929956,0.26230345670247746,-0.23764751659418515,0.6285479514763104,-0.6083363151700718,0.20624564091306974,0.23960486143310242,1.7341224401397863,0.2359470931720865,-0.26416364034531925,0.6123978468199621
843526.667037862,PLAYBACK,4.4400570270372555,5.702709313482046e-05,-0.626629892423896,0.19583382925154424,0.22997528038452764,1.7379533073929956,0.2611526212710281,-0.23879835202563449,0.6281643396658279,-0.6081428950459993,0.2064219791278626,0.23977850743464296,1.7340711291314674,0.234987912866674,-0.2653890043904826,0.6119401033066783
843526.67154861,PLAYBACK,4.445065148058347,6.514810957014561e-05,-0.625862668802931,0.19583382925154424,0.23035889219501016,1.7379533073929956,0.26000178583958056,-0.23956557564659953,0.6277807278553453,-0.6079612005774251,0.20659604921483965,0.2399467177174458,1.73402175545517,0.23404125873533546,-0.26660188952671,0.611495296747542
843526.680367737,PLAYBACK,4.45279929600656,0.0027992960531264544,-0.6243282215609991,0.19621744106202677,0.23074250400549445,1.7379533073929956,0.2580837267871662,-0.24148363469901568,0.626629892423896,-0.6077032149808054,0.2068590386361181,0.24019523720690705,1.7339494647679212,0.23261117698167869,-0.26844034356353874,0.6108358261176623
843526.689792727,PLAYBACK,4.461785683990456,0.0017856840277090669,-0.6231773861295498,0.19698466468299536,0.2315097276264595,1.738336919203478,0.2565492795452343,-0.24301808194094754,0.6254790569924467,-0.6074351513519354,0.2071551384190972,0.2404676000110093,1.7338712270316947,0.23100095384661765,-0.2705185840251012,0.6101102661381285
843526.6989175,PLAYBACK,4.471051227999851,0.0010512280277907848,-0.6224101625085829,0.19736827649347788,0.2322769512474263,1.738336919203478,0.2538639968718531,-0.24493614099336192,0.6250954451819641,-0.6071908370280957,0.2074492550537328,0.2407310268484637,1.7337966371443732,0.22940110515604117,-0.2725912743070429,0.6094060741723104
843526.70785235,PLAYBACK,4.480378229054622,0.0003782290732488036,-0.6212593270771354,0.1977518883039604,0.23266056305790883,1.738336919203478,0.25194593781943875,-0.2468542000457763,0.6243282215609991,-0.6069741399156147,0.20773354903080302,0.24097951129858058,1.7337273350659927,0.2278540501668692,-0.2746023409784631,0.6087399540463944
843526.712298544,PLAYBACK,4.485066898050718,6.689806468784809e-05,-0.6212593270771354,0.19813550011444292,0.23304417486839135,1.738336919203478,0.25117871419847193,-0.24762142366674134,0.6239446097505148,-0.6068752079542468,0.2078719625119744,0.24109845753146536,1.73369454605892,0.2271005516030922,-0.2755840780286128,0.6084205358820692
843526.720831954,PLAYBACK,4.490067084087059,6.708409637212753e-05,-0.6208757152666529,0.19851911192492544,0.23304417486839135,1.7387205310139606,0.248877043335575,-0.24838864728770815,0.6231773861295498,-0.6067764771023741,0.2080162557744076,0.24122111586679162,1.7336610059786859,0.22631481434872475,-0.2766092957884177,0.6080908182445994
843526.725794959,PLAYBACK,4.50005987205077,5.9872050769627094e-05,-0.6204921034561686,0.19890272373540974,0.23342778667887387,1.7387205310139606,0.24734259609364315,-0.25107392996108935,0.6227937743190672,-0.6065983633514594,0.2082944355223479,0.2414539208495472,1.7335981369489961,0.22479927116097664,-0.278590788641959,0.6074642125023398
843526.735089317,PLAYBACK,4.507213667035103,0.0022136670304462314,-0.620108491645686,0.19928633554589226,0.23381139848935817,1.7387205310139606,0.24657537247267633,-0.2522247653925369,0.6220265506981004,-0.6064850955568359,0.20848534492981485,0.24161104764158875,1.7335563136752112,0.22375856326804955,-0.27995436727088713,0.60704080019234
843526.744028946,PLAYBACK,4.516539947013371,0.0015399469994008541,-0.6197248798352035,0.19928633554589226,0.2341950102998407,1.738336919203478,0.24465731342026195,-0.25414282444495306,0.6208757152666529,-0.6063532928981954,0.20872410813866246,0.24180471220937771,1.7335054705287152,0.222456210130167,-0.28166389520197344,0.6065184973449408
843526.752826032,PLAYBACK,4.52521405601874,0.00021405599545687437,-0.619341268024721,0.19966994735637478,0.2345786221103232,1.738336919203478,0.2431228661783301,-0.25644449530784996,0.620108491645686,-0.6062451233519992,0.20893610911702634,0.24197415432881744,1.7334616496884583,0.22129905664560454,-0.28318558980719694,0.6060612260625493
843526.757119523,PLAYBACK,4.5300581640331075,5.816400516778231e-05,-0.619341268024721,0.19966994735637478,0.2345786221103232,1.738336919203478,0.24235564255736505,-0.2575953307392993,0.6197248798352035,-0.6061901777780883,0.20905036489103634,0.24206453663231078,1.7334385360854085,0.2206751014394541,-0.28400713903877184,0.6058172314516053
843526.766401307,PLAYBACK,4.538551937090233,0.0035519370576366782,-0.619341268024721,0.2000535591668573,0.23496223392080573,1.7379533073929956,0.2408211953154332,-0.25912977798123116,0.6189576562142367,-0.606102411626329,0.20924369225742084,0.24221603418777932,1.7334002116643534,0.21961880240265833,-0.28539951903227223,0.6054081690732235
843526.775308895,PLAYBACK,4.547506234026514,0.002506233984604478,-0.6189576562142367,0.19966994735637478,0.23534584573129003,1.7379533073929956,0.23928674807350134,-0.26104783703364554,0.6178068207827891,-0.6060206211174823,0.20943805858918574,0.24236659336339056,1.7333626581318708,0.21855612715927278,-0.28680222306946196,0.6050015917658675
843526.783673922,PLAYBACK,4.555072760093026,7.276004180312157e-05,-0.6189576562142367,0.2000535591668573,0.23534584573129003,1.7379533073929956,0.23775230083156948,-0.26334950789654243,0.6170395971618223,-0.6059592124651659,0.20959497748304945,0.24248690791266755,1.7333330438457824,0.21769765597056995,-0.28793673619963683,0.604676696516109
843526.789114753,PLAYBACK,4.565058996086009,5.899614188820124e-05,-0.6189576562142367,0.2004371709773416,0.23611306935225507,1.7379533073929956,0.23621785358963762,-0.2652675669489568,0.6162723735408573,-0.6058878118376053,0.2097921953548522,0.24263660045782118,1.7332967086324143,0.2166180036324128,-0.2893652122125392,0.6042725366209706
843526.797324863,PLAYBACK,4.570062338025309,6.233807653188705e-05,-0.6189576562142367,0.2004371709773416,0.2364966811627376,1.737569695582513,0.2358342417791551,-0.26603479056992363,0.6155051499198905,-0.6058557864012124,0.2098869224430405,0.2427079115665638,1.7332796050514159,0.21609913355627314,-0.29005236571875176,0.6040800465672562
843526.801580221,PLAYBACK,4.575066762045026,6.676209159195423e-05,-0.6189576562142367,0.2004371709773416,0.2364966811627376,1.737569695582513,0.23429979453722324,-0.26718562600137297,0.6155051499198905,-0.605826051175125,0.2099790243459991,0.24277688686540536,1.733263191834119,0.2155944533587238,-0.29072111898268876,0.6038938992965934
843526.810441249,PLAYBACK,4.582598983077332,0.0025989831192418933,-0.6189576562142367,0.20082078278782411,0.2368802929732201,1.737569695582513,0.23353257091625643,-0.2687200732433048,0.6143543144884411,-0.6057853125275627,0.21011277841115034,0.24287643502472112,1.73323973396106,0.2148611958969732,-0.29169343626699135,0.603625322690805
843526.819250347,PLAYBACK,4.591387071064673,0.0013870710972696543,-0.6185740444037542,0.20082078278782411,0.2368802929732201,1.737569695582513,0.2323817354848071,-0.2702545204852367,0.6135870908674761,-0.6057433371896052,0.21026161861557566,0.24298636750953445,1.733214151317167,0.2140447507256326,-0.29277698015734077,0.6033288588734101
843526.828658094,PLAYBACK,4.600512857083231,0.0005128571065142751,-0.6185740444037542,0.20082078278782411,0.2372639047837044,1.7371860837720305,0.230847288242877,-0.27217257953765106,0.6124362554360268,-0.6057053989233594,0.2104081623918143,0.24309376190299933,1.7331894909715921,0.21324039779052842,-0.2938453905044956,0.603039392374177
843526.837308408,PLAYBACK,4.610115866991691,0.00011586700566112995,-0.6185740444037542,0.20120439459830664,0.2372639047837044,1.7371860837720305,0.22892922919046085,-0.2737070267795829,0.6112854200045792,-0.6056709644708255,0.2105537957917285,0.2431996865837775,1.7331654941718626,0.2124405392630981,-0.29490870169702627,0.6027540560832682
843526.841178678,PLAYBACK,4.615072670043446,7.267005275934935e-05,-0.6181904325932717,0.20120439459830664,0.23764751659418692,1.7371860837720305,0.22892922919046085,-0.27447425040054796,0.6112854200045792,-0.6056551693335059,0.21062562754093347,0.24325164348735442,1.7331538443001269,0.21204583163230495,-0.2954337289895838,0.6026141648135604
843526.850947787,PLAYBACK,4.620015767053701,1.5767058357596397e-05,-0.6181904325932717,0.20120439459830664,0.23764751659418692,1.7371860837720305,0.2277783937590133,-0.2760086976424798,0.6109018081940949,-0.6056406498593168,0.2106950671245692,0.24330168962228255,1.7331427000989654,0.2116641472131683,-0.295941628582026,0.602479465389
843526.859657334,PLAYBACK,4.630061887088232,6.188708357512951e-05,-0.6178068207827891,0.20120439459830664,0.23803112840466945,1.7371860837720305,0.22701117013804648,-0.2775431448844117,0.609367360952163,-0.6056146354850618,0.2108297365326929,0.24339823757873066,1.7331214250527816,0.21092356011546964,-0.2969276643041556,0.6022197547466592
843526.869073266,PLAYBACK,4.640116433030926,0.00011643301695585251,-0.6178068207827891,0.20158800640878916,0.23841474021515197,1.7368024719615462,0.22547672289611462,-0.27907759212634353,0.608600137331198,-0.6055928644303691,0.21095644139977196,0.243488442744406,1.7331018361773094,0.2102263024065223,-0.2978566933161556,0.6019773183553492
843526.874068142,PLAYBACK,4.6500614990945905,6.149907130748034e-05,-0.6174232089723048,0.20197161821927345,0.23841474021515197,1.7371860837720305,0.22470949927514958,-0.2806120393682754,0.6078329137102312,-0.6055751080740498,0.21107455313595513,0.24357194913622604,1.7330839796550355,0.20957586970047867,-0.2987239583360912,0.6017531144108826
843526.882330212,PLAYBACK,4.655059862066992,5.986203905194998e-05,-0.6170395971618223,0.20197161821927345,0.23879835202563626,1.7371860837720305,0.22432588746466528,-0.2813792629892422,0.6074493018997487,-0.6055674897354648,0.21113142193241502,0.24361194663770588,1.7330755308356294,0.20926252110637417,-0.29914199186295826,0.6016458189336059
843526.886242692,PLAYBACK,4.6600565710105,5.657097790390253e-05,-0.6170395971618223,0.20197161821927345,0.23879835202563626,1.7371860837720305,0.22394227565418276,-0.28214648661020725,0.6070656900892661,-0.6055606922675592,0.21118669958550132,0.2436506901268664,1.7330674158417114,0.20895782163580834,-0.2995486315121194,0.6015419521091254
843526.895669876,PLAYBACK,4.667435889015906,0.002435888978652656,-0.6170395971618223,0.20197161821927345,0.23879835202563626,1.7368024719615462,0.22279144022273342,-0.2832973220416566,0.6062984664682993,-0.6055520658034336,0.2112655663136708,0.24370573142631322,1.7330560101307781,0.20852288284166515,-0.3001293357528329,0.6013945125309442
843526.904384122,PLAYBACK,4.67654224706348,0.0015422470169141889,-0.6162723735408573,0.20235523002975597,0.2395655756466013,1.7368024719615462,0.22164060479128586,-0.28483176928358844,0.6059148546578168,-0.6055435688654863,0.2113584308181367,0.2437701809657132,1.7330428476860875,0.20801041207082077,-0.30081394227508257,0.6012220663261431
843526.913555515,PLAYBACK,4.686005339026451,0.0010053389705717564,-0.6162723735408573,0.20235523002975597,0.2395655756466013,1.7364188601510637,0.22048976935983652,-0.2855989929045535,0.6055312428473343,-0.6055369948685897,0.21144960032684237,0.24383307446675115,1.7330302111866382,0.20750692945461763,-0.3014869472922452,0.6010540024206434
843526.922505805,PLAYBACK,4.695055901072919,5.590112414211035e-05,-0.6155051499198905,0.2027388418402385,0.23994918745708382,1.7364188601510637,0.220106157549354,-0.2867498283360028,0.6047640192263675,-0.6055325774857034,0.211531338439812,0.2438891479826256,1.7330191211440122,0.20705522036234467,-0.30209108131842927,0.6009043541770002
843526.926574665,PLAYBACK,4.700079050031491,7.905007805675268e-05,-0.6155051499198905,0.20235523002975597,0.23994918745708382,1.7364188601510637,0.2193389339283872,-0.28713344014648534,0.6047640192263675,-0.6055308097010771,0.21157420283649347,0.24391843794985604,1.7330133944753485,0.20681822163336477,-0.30240817617511795,0.6008262591078454
843526.935885646,PLAYBACK,4.705062845023349,6.284506525844336e-05,-0.615121538109408,0.2027388418402385,0.24033279926756812,1.7364188601510637,0.21857171030742215,-0.28790066376745216,0.6039967956054024,-0.6055294772701391,0.21161483197060532,0.2439461286666084,1.7330080222223099,0.20659350759186806,-0.30270891107013054,0.6007524752663104
843526.940176773,PLAYBACK,4.715059461072087,5.9461104683578014e-05,-0.6147379262989254,0.2027388418402385,0.24033279926756812,1.7364188601510637,0.2174208748759728,-0.2890514991988997,0.6039967956054024,-0.6055278786403256,0.21169016441760136,0.24399728988694078,1.7329982031953592,0.20617666410464588,-0.30326696581254237,0.6006162752091321
843526.94917277,PLAYBACK,4.721055406029336,0.0010554060572758317,-0.6143543144884411,0.203122453650721,0.24033279926756812,1.7360352483405812,0.2174208748759728,-0.289435111009384,0.6032295719844356,-0.6055274810253327,0.2117310940390142,0.2440249893653122,1.7329929450890387,0.2059500809152795,-0.30357041053232814,0.6005426021156152
843526.958027576,PLAYBACK,4.730055660009384,5.5660028010606766e-05,-0.6135870908674761,0.203122453650721,0.24071641107805064,1.7360352483405812,0.21627003944452347,-0.2905859464408316,0.6028459601739531,-0.605527470126428,0.21178606254558366,0.24406208231004628,1.7329859688486051,0.20564566296089684,-0.30397820712120044,0.6004440220727711
843526.962175127,PLAYBACK,4.73599032801576,0.000990328029729426,-0.6132034790569936,0.203122453650721,0.24071641107805064,1.7360352483405812,0.21550281582355843,-0.2909695582513159,0.6028459601739531,-0.605527742273276,0.2118178384888786,0.24408346794184085,1.7329819815703973,0.20546962380690684,-0.30421408847475717,0.6003872284238416
843526.971030835,PLAYBACK,4.743575961096212,0.0035759611055254936,-0.6128198672465093,0.2035060654612053,0.24071641107805064,1.7360352483405812,0.2151192040130759,-0.29212039368276344,0.602078736552988,-0.6055282924951557,0.21185308296462158,0.24410713749679178,1.7329775997082073,0.20527431257383608,-0.30447584660581606,0.6003244074637821
843526.980820182,PLAYBACK,4.753026770078577,0.0030267700785771012,-0.6124362554360268,0.2035060654612053,0.24110002288853316,1.7356516365300987,0.2143519803921091,-0.29288761730373025,0.602078736552988,-0.6055291256494868,0.21188842727134666,0.24413081727456426,1.7329732515452378,0.2050783837001037,-0.3047384926111932,0.6002616033171264
843526.989622117,PLAYBACK,4.762017406057566,0.0020174060482531786,-0.6116690318150617,0.20388967727168783,0.24148363469901568,1.7356516365300987,0.21358475677114405,-0.2936548409246953,0.6016951247425055,-0.6055299052190167,0.21191334945780138,0.24414747595643055,1.7329702170663062,0.2049401847700131,-0.30492379136947223,0.600217451321588
843526.998528612,PLAYBACK,4.770886540063657,0.0008865400450304151,-0.6109018081940949,0.20388967727168783,0.24148363469901568,1.7356516365300987,0.21281753315017723,-0.2944220645456621,0.6013115129320212,-0.6055305393756306,0.21193011050098984,0.24415865760539485,1.732968194329229,0.20484721549824922,-0.3050484687836204,0.6001878334631948
843527.003188446,PLAYBACK,4.7752766869962215,0.000276686972938478,-0.6105181963836124,0.20427328908217035,0.24148363469901568,1.7356516365300987,0.21243392133969471,-0.29480567635614463,0.6009279011215387,-0.6055307804604623,0.21193579535760365,0.2441624449415041,1.7329675125534538,0.2048156769157436,-0.3050907693642033,0.6001778058968497
843527.012101234,PLAYBACK,4.784274867037311,0.004274867009371519,-0.6101345845731299,0.20427328908217035,0.24186724650949998,1.7356516365300987,0.21166669771872967,-0.29518928816662715,0.6005442893110562,-0.6055311067197537,0.21194286377965613,0.2441671488048618,1.732966669214074,0.2047764562707076,-0.30514337888498166,0.6001653561277477
843527.021237058,PLAYBACK,4.790058946004137,5.894596688449383e-05,-0.6097509727626473,0.20427328908217035,0.24186724650949998,1.7356516365300987,0.21051586228728034,-0.29557289997710967,0.6009279011215387,-0.6055312055812417,0.2119448263333349,0.24416845321254002,1.7329664364245967,0.2047655646482195,-0.30515799032565977,0.600161905143068
843527.025053104,PLAYBACK,4.8,6.403797306120396e-05,-0.608600137331198,0.20427328908217035,0.24186724650949998,1.7352680247196144,0.21013225047679782,-0.2963401235980765,0.6009279011215387,-0.6055312428473343,0.21194552529182964,0.24416891737239688,1.7329663538567175,0.20476168513003543,-0.30516319523918334,0.6001606775005737
843527.029908924,ENDPOINT SOFT HOLD,0,0,-0.6082165255207155,0.20465690089265287,0.24186724650949998,1.7352680247196144,0.21013225047679782,-0.2963401235980765,0.6005442893110562,-0.6055312428473343,0.21194552529182964,0.24416891737239688,1.7329663538567175,0.20476168513003543,-0.30516319523918334,0.6001606775005737
843527.050900257,ENDPOINT SOFT HOLD,0,0,-0.6066820782787836,0.20504051270313717,0.2422508583199825,1.7352680247196144,0.20859780323486596,-0.29825818265049087,0.6001606775005737,-0.6055312428473343,0.21194552529182964,0.24416891737239688,1.7329663538567175,0.20476168513003543,-0.30516319523918334,0.6001606775005737
843527.071659265,ENDPOINT SOFT HOLD,0,0,-0.6055312428473343,0.2054241245136197,0.24263447013046502,1.7352680247196144,0.20783057961389914,-0.2990254062714577,0.5997770656900894,-0.6055312428473343,0.21194552529182964,0.24416891737239688,1.7329663538567175,0.20476168513003543,-0.30516319523918334,0.6001606775005737
843527.092138688,ENDPOINT SOFT HOLD,0,0,-0.6036131837949199,0.2054241245136197,0.24263447013046502,1.7348844129091319,0.2066797441824498,-0.30017624170290524,0.5997770656900894,-0.6055312428473343,0.21194552529182964,0.24416891737239688,1.7329663538567175,0.20476168513003543,-0.30516319523918334,0.6001606775005737
843527.113185739,ENDPOINT SOFT HOLD,0,0,-0.6032295719844356,0.20619134813458473,0.24263447013046502,1.7348844129091319,0.20629613237196728,-0.30094346532387206,0.5997770656900894,-0.6055312428473343,0.21194552529182964,0.24416891737239688,1.7329663538567175,0.20476168513003543,-0.30516319523918334,0.6001606775005737
843527.135599259,ENDPOINT SOFT HOLD,0,0,-0.6028459601739531,0.20657495994506903,0.24263447013046502,1.7348844129091319,0.20591252056148476,-0.3020943007553214,0.5997770656900894,-0.6055312428473343,0.21194552529182964,0.24416891737239688,1.7329663538567175,0.20476168513003543,-0.30516319523918334,0.6001606775005737
843527.156040047,ENDPOINT SOFT HOLD,0,0,-0.6028459601739531,0.20695857175555155,0.24301808194094754,1.7348844129091319,0.20552890875100224,-0.3024779125658039,0.5993934538796069,-0.6055312428473343,0.21194552529182964,0.24416891737239688,1.7329663538567175,0.20476168513003543,-0.30516319523918334,0.6001606775005737
843527.177809002,ENDPOINT SOFT HOLD,0,0,-0.6028459601739531,0.2077257953765166,0.24340169375143184,1.7345008010986493,0.20514529694051795,-0.30286152437628644,0.5993934538796069,-0.6055312428473343,0.21194552529182964,0.24416891737239688,1.7329663538567175,0.20476168513003543,-0.30516319523918334,0.6001606775005737
843527.198740961,ENDPOINT SOFT HOLD,0,0,-0.6032295719844356,0.2081094071869991,0.24378530556191436,1.7341171892881668,0.20514529694051795,-0.30324513618676896,0.5993934538796069,-0.6055312428473343,0.21194552529182964,0.24416891737239688,1.7329663538567175,0.20476168513003543,-0.30516319523918334,0.6001606775005737
843527.220670764,ENDPOINT SOFT HOLD,0,0,-0.6032295719844356,0.2084930189974834,0.24378530556191436,1.7333499656672,0.20514529694051795,-0.3040123598077358,0.5990098420691243,-0.6055312428473343,0.21194552529182964,0.24416891737239688,1.7329663538567175,0.20476168513003543,-0.30516319523918334,0.6001606775005737
843527.241270628,ENDPOINT SOFT HOLD,0,0,-0.6032295719844356,0.2084930189974834,0.24378530556191436,1.7329663538567175,0.20476168513003543,-0.3040123598077358,0.5990098420691243,-0.6055312428473343,0.21194552529182964,0.24416891737239688,1.7329663538567175,0.20476168513003543,-0.30516319523918334,0.6001606775005737
843527.262029626,ENDPOINT SOFT HOLD,0,0,-0.6032295719844356,0.20887663080796592,0.24378530556191436,1.7329663538567175,0.20476168513003543,-0.3040123598077358,0.5993934538796069,-0.6055312428473343,0.21194552529182964,0.24416891737239688,1.7329663538567175,0.20476168513003543,-0.30516319523918334,0.6001606775005737
843527.283180415,ENDPOINT SOFT HOLD,0,0,-0.6032295719844356,0.20887663080796592,0.24378530556191436,1.7329663538567175,0.20476168513003543,-0.3043959716182183,0.5990098420691243,-0.6055312428473343,0.21194552529182964,0.24416891737239688,1.7329663538567175,0.20476168513003543,-0.30516319523918334,0.6001606775005737
843527.303931949,ENDPOINT SOFT HOLD,0,0,-0.6032295719844356,0.20887663080796592,0.24378530556191436,1.732582742046235,0.20476168513003543,-0.3047795834287008,0.5990098420691243,-0.6055312428473343,0.21194552529182964,0.24416891737239688,1.7329663538567175,0.20476168513003543,-0.30516319523918334,0.6001606775005737
843527.325079373,ENDPOINT SOFT HOLD,0,0,-0.6032295719844356,0.20926024261844844,0.24378530556191436,1.7329663538567175,0.20476168513003543,-0.3047795834287008,0.5990098420691243,-0.6055312428473343,0.21194552529182964,0.24416891737239688,1.7329663538567175,0.20476168513003543,-0.30516319523918334,0.6001606775005737
843527.345788164,ENDPOINT SOFT HOLD,0,0,-0.6032295719844356,0.20964385442893096,0.24378530556191436,1.7329663538567175,0.2043780733195529,-0.30516319523918334,0.5993934538796069,-0.6055312428473343,0.21194552529182964,0.24416891737239688,1.7329663538567175,0.20476168513003543,-0.30516319523918334,0.6001606775005737
843527.366876624,ENDPOINT SOFT HOLD,0,0,-0.6028459601739531,0.21002746623941526,0.24378530556191436,1.732582742046235,0.2043780733195529,-0.3047795834287008,0.5990098420691243,-0.6055312428473343,0.21194552529182964,0.24416891737239688,1.7329663538567175,0.20476168513003543,-0.30516319523918334,0.6001606775005737
843527.38891188,ENDPOINT SOFT HOLD,0,0,-0.6032295719844356,0.21041107804989778,0.24378530556191436,1.7329663538567175,0.20399446150907038,-0.30516319523918334,0.5993934538796069,-0.6055312428473343,0.21194552529182964,0.24416891737239688,1.7329663538567175,0.20476168513003543,-0.30516319523918334,0.6001606775005737
843527.410308471,ENDPOINT SOFT HOLD,0,0,-0.6032295719844356,0.2107946898603803,0.24378530556191436,1.732582742046235,0.2043780733195529,-0.30516319523918334,0.5993934538796069,-0.6055312428473343,0.21194552529182964,0.24416891737239688,1.7329663538567175,0.20476168513003543,-0.30516319523918334,0.6001606775005737
843527.431435525,ENDPOINT SOFT HOLD,0,0,-0.6032295719844356,0.21117830167086282,0.24378530556191436,1.732582742046235,0.2043780733195529,-0.30516319523918334,0.5993934538796069,-0.6055312428473343,0.21194552529182964,0.24416891737239688,1.7329663538567175,0.20476168513003543,-0.30516319523918334,0.6001606775005737
843527.452209462,ENDPOINT SOFT HOLD,0,0,-0.6032295719844356,0.21156191348134712,0.24378530556191436,1.732582742046235,0.2043780733195529,-0.30516319523918334,0.5993934538796069,-0.6055312428473343,0.21194552529182964,0.24416891737239688,1.7329663538567175,0.20476168513003543,-0.30516319523918334,0.6001606775005737
843527.473224261,ENDPOINT SOFT HOLD,0,0,-0.6032295719844356,0.21156191348134712,0.24378530556191436,1.7321991302357507,0.2043780733195529,-0.30516319523918334,0.5993934538796069,-0.6055312428473343,0.21194552529182964,0.24416891737239688,1.7329663538567175,0.20476168513003543,-0.30516319523918334,0.6001606775005737
843527.493871285,ENDPOINT SOFT HOLD,0,0,-0.6032295719844356,0.21194552529182964,0.24378530556191436,1.7321991302357507,0.2043780733195529,-0.30516319523918334,0.5993934538796069,-0.6055312428473343,0.21194552529182964,0.24416891737239688,1.7329663538567175,0.20476168513003543,-0.30516319523918334,0.6001606775005737
843527.515490022,ENDPOINT SOFT HOLD,0,0,-0.6032295719844356,0.21232913710231216,0.24378530556191436,1.7321991302357507,0.20399446150907038,-0.30516319523918334,0.5990098420691243,-0.6055312428473343,0.21194552529182964,0.24416891737239688,1.7329663538567175,0.20476168513003543,-0.30516319523918334,0.6001606775005737
843527.536351297,ENDPOINT SOFT HOLD,0,0,-0.6032295719844356,0.21271274891279468,0.24378530556191436,1.7321991302357507,0.20399446150907038,-0.30516319523918334,0.5993934538796069,-0.6055312428473343,0.21194552529182964,0.24416891737239688,1.7329663538567175,0.20476168513003543,-0.30516319523918334,0.6001606775005737
843527.556903279,ENDPOINT SOFT HOLD,0,0,-0.6032295719844356,0.21309636072327898,0.24378530556191436,1.7321991302357507,0.2043780733195529,-0.30554680704966763,0.5993934538796069,-0.6055312428473343,0.21194552529182964,0.24416891737239688,1.7329663538567175,0.20476168513003543,-0.30516319523918334,0.6001606775005737
843527.577768451,ENDPOINT SOFT HOLD,0,0,-0.6032295719844356,0.2134799725337615,0.24378530556191436,1.7321991302357507,0.20399446150907038,-0.30516319523918334,0.5993934538796069,-0.6055312428473343,0.21194552529182964,0.24416891737239688,1.7329663538567175,0.20476168513003543,-0.30516319523918334,0.6001606775005737
843527.598322657,ENDPOINT SOFT HOLD,0,0,-0.6032295719844356,0.21386358434424402,0.24378530556191436,1.7321991302357507,0.20399446150907038,-0.30516319523918334,0.5993934538796069,-0.6055312428473343,0.21194552529182964,0.24416891737239688,1.7329663538567175,0.20476168513003543,-0.30516319523918334,0.6001606775005737
843527.618399889,ENDPOINT SOFT HOLD,0,0,-0.6032295719844356,0.21386358434424402,0.24378530556191436,1.7321991302357507,0.20399446150907038,-0.30516319523918334,0.5993934538796069,-0.6055312428473343,0.21194552529182964,0.24416891737239688,1.7329663538567175,0.20476168513003543,-0.30516319523918334,0.6001606775005737
843527.640235572,ENDPOINT SOFT HOLD,0,0,-0.6032295719844356,0.21386358434424402,0.24378530556191436,1.7321991302357507,0.2043780733195529,-0.30516319523918334,0.5997770656900894,-0.6055312428473343,0.21194552529182964,0.24416891737239688,1.7329663538567175,0.20476168513003543,-0.30516319523918334,0.6001606775005737
843527.662020517,ENDPOINT SOFT HOLD,0,0,-0.6032295719844356,0.21386358434424402,0.24378530556191436,1.7321991302357507,0.2043780733195529,-0.30516319523918334,0.5993934538796069,-0.6055312428473343,0.21194552529182964,0.24416891737239688,1.7329663538567175,0.20476168513003543,-0.30516319523918334,0.6001606775005737
843527.682775688,ENDPOINT SOFT HOLD,0,0,-0.6032295719844356,0.21386358434424402,0.24378530556191436,1.7321991302357507,0.2043780733195529,-0.30516319523918334,0.5993934538796069,-0.6055312428473343,0.21194552529182964,0.24416891737239688,1.7329663538567175,0.20476168513003543,-0.30516319523918334,0.6001606775005737
843527.705041536,ENDPOINT SOFT HOLD,0,0,-0.6032295719844356,0.21386358434424402,0.24378530556191436,1.7321991302357507,0.2043780733195529,-0.30516319523918334,0.5993934538796069,-0.6055312428473343,0.21194552529182964,0.24416891737239688,1.7329663538567175,0.20476168513003543,-0.30516319523918334,0.6001606775005737
843527.726404463,ENDPOINT SOFT HOLD,0,0,-0.6032295719844356,0.21386358434424402,0.24378530556191436,1.7321991302357507,0.2043780733195529,-0.30516319523918334,0.5997770656900894,-0.6055312428473343,0.21194552529182964,0.24416891737239688,1.7329663538567175,0.20476168513003543,-0.30516319523918334,0.6001606775005737
843527.747038893,ENDPOINT SOFT HOLD,0,0,-0.6032295719844356,0.21386358434424402,0.24378530556191436,1.7321991302357507,0.20476168513003543,-0.30516319523918334,0.5997770656900894,-0.6055312428473343,0.21194552529182964,0.24416891737239688,1.7329663538567175,0.20476168513003543,-0.30516319523918334,0.6001606775005737
843527.767536961,ENDPOINT SOFT HOLD,0,0,-0.6032295719844356,0.21386358434424402,0.24378530556191436,1.7321991302357507,0.2043780733195529,-0.30516319523918334,0.5997770656900894,-0.6055312428473343,0.21194552529182964,0.24416891737239688,1.7329663538567175,0.20476168513003543,-0.30516319523918334,0.6001606775005737
843527.788399749,ENDPOINT SOFT HOLD,0,0,-0.6036131837949199,0.21386358434424402,0.24378530556191436,1.7321991302357507,0.20476168513003543,-0.30516319523918334,0.5997770656900894,-0.6055312428473343,0.21194552529182964,0.24416891737239688,1.7329663538567175,0.20476168513003543,-0.30516319523918334,0.6001606775005737
843527.808858702,ENDPOINT SOFT HOLD,0,0,-0.6036131837949199,0.21386358434424402,0.24378530556191436,1.7321991302357507,0.20476168513003543,-0.30516319523918334,0.5997770656900894,-0.6055312428473343,0.21194552529182964,0.24416891737239688,1.7329663538567175,0.20476168513003543,-0.30516319523918334,0.6001606775005737
843527.831322349,ENDPOINT SOFT HOLD,0,0,-0.6036131837949199,0.21386358434424402,0.24378530556191436,1.7321991302357507,0.20476168513003543,-0.30516319523918334,0.5997770656900894,-0.6055312428473343,0.21194552529182964,0.24416891737239688,1.7329663538567175,0.20476168513003543,-0.30516319523918334,0.6001606775005737
843527.85325631,ENDPOINT SOFT HOLD,0,0,-0.6036131837949199,0.21386358434424402,0.24378530556191436,1.7321991302357507,0.20476168513003543,-0.30516319523918334,0.5997770656900894,-0.6055312428473343,0.21194552529182964,0.24416891737239688,1.7329663538567175,0.20476168513003543,-0.30516319523918334,0.6001606775005737
843527.874035718,ENDPOINT SOFT HOLD,0,0,-0.6036131837949199,0.21386358434424402,0.24416891737239688,1.7321991302357507,0.2043780733195529,-0.30516319523918334,0.5997770656900894,-0.6055312428473343,0.21194552529182964,0.24416891737239688,1.7329663538567175,0.20476168513003543,-0.30516319523918334,0.6001606775005737
843527.895982093,ENDPOINT SOFT HOLD,0,0,-0.6036131837949199,0.21386358434424402,0.24378530556191436,1.7321991302357507,0.20476168513003543,-0.30554680704966763,0.5997770656900894,-0.6055312428473343,0.21194552529182964,0.24416891737239688,1.7329663538567175,0.20476168513003543,-0.30516319523918334,0.6001606775005737
843527.916161099,ENDPOINT SOFT HOLD,0,0,-0.6036131837949199,0.21386358434424402,0.24378530556191436,1.7321991302357507,0.20476168513003543,-0.30516319523918334,0.5997770656900894,-0.6055312428473343,0.21194552529182964,0.24416891737239688,1.7329663538567175,0.20476168513003543,-0.30516319523918334,0.6001606775005737
843527.936363191,ENDPOINT SOFT HOLD,0,0,-0.6032295719844356,0.21386358434424402,0.24378530556191436,1.7321991302357507,0.2043780733195529,-0.30516319523918334,0.5997770656900894,-0.6055312428473343,0.21194552529182964,0.24416891737239688,1.7329663538567175,0.20476168513003543,-0.30516319523918334,0.6001606775005737
843527.958419767,ENDPOINT SOFT HOLD,0,0,-0.6036131837949199,0.21386358434424402,0.24378530556191436,1.7321991302357507,0.2043780733195529,-0.30516319523918334,0.5997770656900894,-0.6055312428473343,0.21194552529182964,0.24416891737239688,1.7329663538567175,0.20476168513003543,-0.30516319523918334,0.6001606775005737
843527.979922031,ENDPOINT SOFT HOLD,0,0,-0.6036131837949199,0.21386358434424402,0.24378530556191436,1.7321991302357507,0.20476168513003543,-0.30516319523918334,0.5997770656900894,-0.6055312428473343,0.21194552529182964,0.24416891737239688,1.7329663538567175,0.20476168513003543,-0.30516319523918334,0.6001606775005737
843528.000829224,ENDPOINT SOFT HOLD,0,0,-0.6036131837949199,0.21386358434424402,0.24378530556191436,1.7321991302357507,0.20476168513003543,-0.30516319523918334,0.5997770656900894,-0.6055312428473343,0.21194552529182964,0.24416891737239688,1.7329663538567175,0.20476168513003543,-0.30516319523918334,0.6001606775005737
843528.02307872,ENDPOINT SOFT HOLD,0,0,-0.6036131837949199,0.21386358434424402,0.24378530556191436,1.7321991302357507,0.20476168513003543,-0.30516319523918334,0.5997770656900894,-0.6055312428473343,0.21194552529182964,0.24416891737239688,1.7329663538567175,0.20476168513003543,-0.30516319523918334,0.6001606775005737
843528.043303885,ENDPOINT SOFT HOLD,0,0,-0.6036131837949199,0.21386358434424402,0.24378530556191436,1.7321991302357507,0.20476168513003543,-0.30516319523918334,0.5997770656900894,-0.6055312428473343,0.21194552529182964,0.24416891737239688,1.7329663538567175,0.20476168513003543,-0.30516319523918334,0.6001606775005737
843528.065364339,ENDPOINT SOFT HOLD,0,0,-0.6036131837949199,0.21386358434424402,0.24378530556191436,1.7321991302357507,0.20476168513003543,-0.30516319523918334,0.5997770656900894,-0.6055312428473343,0.21194552529182964,0.24416891737239688,1.7329663538567175,0.20476168513003543,-0.30516319523918334,0.6001606775005737
843528.086800596,ENDPOINT SOFT HOLD,0,0,-0.6036131837949199,0.21386358434424402,0.24378530556191436,1.7321991302357507,0.20476168513003543,-0.30516319523918334,0.5997770656900894,-0.6055312428473343,0.21194552529182964,0.24416891737239688,1.7329663538567175,0.20476168513003543,-0.30516319523918334,0.6001606775005737
843528.109359285,ENDPOINT SOFT HOLD,0,0,-0.6036131837949199,0.2134799725337615,0.24378530556191436,1.7321991302357507,0.20476168513003543,-0.30516319523918334,0.5997770656900894,-0.6055312428473343,0.21194552529182964,0.24416891737239688,1.7329663538567175,0.20476168513003543,-0.30516319523918334,0.6001606775005737
843528.673320684,ENDPOINT HOLD,0,0,-0.6051476310368518,0.21232913710231216,0.24416891737239688,1.7329663538567175,0.20514529694051795,-0.30516319523918334,0.6005442893110562,-0.6055312428473343,0.21194552529182964,0.24416891737239688,1.7329663538567175,0.20476168513003543,-0.30516319523918334,0.6001606775005737
843528.695059902,ENDPOINT HOLD,0,0,-0.6051476310368518,0.21232913710231216,0.2445525291828794,1.7333499656672,0.20514529694051795,-0.30516319523918334,0.6005442893110562,-0.6055312428473343,0.21194552529182964,0.24416891737239688,1.7329663538567175,0.20476168513003543,-0.30516319523918334,0.6001606775005737
843528.715582448,ENDPOINT HOLD,0,0,-0.6051476310368518,0.21232913710231216,0.2445525291828794,1.7329663538567175,0.20476168513003543,-0.30516319523918334,0.6005442893110562,-0.6055312428473343,0.21194552529182964,0.24416891737239688,1.7329663538567175,0.20476168513003543,-0.30516319523918334,0.6001606775005737
843528.737699841,ENDPOINT HOLD,0,0,-0.6055312428473343,0.21232913710231216,0.2445525291828794,1.7329663538567175,0.20476168513003543,-0.30516319523918334,0.6005442893110562,-0.6055312428473343,0.21194552529182964,0.24416891737239688,1.7329663538567175,0.20476168513003543,-0.30516319523918334,0.6001606775005737
843528.758454251,ENDPOINT HOLD,0,0,-0.6051476310368518,0.21232913710231216,0.2445525291828794,1.7329663538567175,0.20476168513003543,-0.30516319523918334,0.6001606775005737,-0.6055312428473343,0.21194552529182964,0.24416891737239688,1.7329663538567175,0.20476168513003543,-0.30516319523918334,0.6001606775005737
843528.779581386,ENDPOINT HOLD,0,0,-0.6051476310368518,0.21232913710231216,0.2445525291828794,1.7329663538567175,0.20476168513003543,-0.30516319523918334,0.6001606775005737,-0.6055312428473343,0.21194552529182964,0.24416891737239688,1.7329663538567175,0.20476168513003543,-0.30516319523918334,0.6001606775005737
843528.80095306,ENDPOINT HOLD,0,0,-0.6051476310368518,0.21194552529182964,0.24416891737239688,1.7333499656672,0.20476168513003543,-0.30516319523918334,0.6001606775005737,-0.6055312428473343,0.21194552529182964,0.24416891737239688,1.7329663538567175,0.20476168513003543,-0.30516319523918334,0.6001606775005737
843528.822121754,ENDPOINT HOLD,0,0,-0.6051476310368518,0.21232913710231216,0.2445525291828794,1.7333499656672,0.20476168513003543,-0.3047795834287008,0.6005442893110562,-0.6055312428473343,0.21194552529182964,0.24416891737239688,1.7329663538567175,0.20476168513003543,-0.30516319523918334,0.6001606775005737
843528.84227411,ENDPOINT HOLD,0,0,-0.6051476310368518,0.21232913710231216,0.2449361409933637,1.7333499656672,0.20514529694051795,-0.3047795834287008,0.6005442893110562,-0.6055312428473343,0.21194552529182964,0.24416891737239688,1.7329663538567175,0.20476168513003543,-0.30516319523918334,0.6001606775005737
843528.863764913,ENDPOINT HOLD,0,0,-0.6051476310368518,0.21232913710231216,0.2445525291828794,1.7333499656672,0.20514529694051795,-0.3047795834287008,0.6005442893110562,-0.6055312428473343,0.21194552529182964,0.24416891737239688,1.7329663538567175,0.20476168513003543,-0.30516319523918334,0.6001606775005737
843528.885218152,ENDPOINT HOLD,0,0,-0.6051476310368518,0.21232913710231216,0.2445525291828794,1.7333499656672,0.20514529694051795,-0.30516319523918334,0.6001606775005737,-0.6055312428473343,0.21194552529182964,0.24416891737239688,1.7329663538567175,0.20476168513003543,-0.30516319523918334,0.6001606775005737
843528.907060759,ENDPOINT HOLD,0,0,-0.6051476310368518,0.21232913710231216,0.2445525291828794,1.7333499656672,0.20476168513003543,-0.30516319523918334,0.6001606775005737,-0.6055312428473343,0.21194552529182964,0.24416891737239688,1.7329663538567175,0.20476168513003543,-0.30516319523918334,0.6001606775005737
843528.927851429,ENDPOINT HOLD,0,0,-0.6051476310368518,0.21232913710231216,0.2445525291828794,1.7333499656672,0.20476168513003543,-0.30516319523918334,0.6001606775005737,-0.6055312428473343,0.21194552529182964,0.24416891737239688,1.7329663538567175,0.20476168513003543,-0.30516319523918334,0.6001606775005737
843528.948741319,ENDPOINT HOLD,0,0,-0.6051476310368518,0.21232913710231216,0.2445525291828794,1.7333499656672,0.20514529694051795,-0.3047795834287008,0.6005442893110562,-0.6055312428473343,0.21194552529182964,0.24416891737239688,1.7329663538567175,0.20476168513003543,-0.30516319523918334,0.6001606775005737
843528.969271389,ENDPOINT HOLD,0,0,-0.6051476310368518,0.21232913710231216,0.2445525291828794,1.7333499656672,0.20476168513003543,-0.30516319523918334,0.6005442893110562,-0.6055312428473343,0.21194552529182964,0.24416891737239688,1.7329663538567175,0.20476168513003543,-0.30516319523918334,0.6001606775005737
843528.991343435,ENDPOINT HOLD,0,0,-0.6055312428473343,0.21194552529182964,0.2445525291828794,1.7329663538567175,0.20514529694051795,-0.3047795834287008,0.6005442893110562,-0.6055312428473343,0.21194552529182964,0.24416891737239688,1.7329663538567175,0.20476168513003543,-0.30516319523918334,0.6001606775005737
843529.012896487,ENDPOINT HOLD,0,0,-0.6055312428473343,0.21232913710231216,0.2445525291828794,1.7329663538567175,0.20514529694051795,-0.3047795834287008,0.6001606775005737,-0.6055312428473343,0.21194552529182964,0.24416891737239688,1.7329663538567175,0.20476168513003543,-0.30516319523918334,0.6001606775005737
843529.034115277,ENDPOINT HOLD,0,0,-0.6051476310368518,0.21232913710231216,0.2445525291828794,1.7329663538567175,0.20514529694051795,-0.3047795834287008,0.6001606775005737,-0.6055312428473343,0.21194552529182964,0.24416891737239688,1.7329663538567175,0.20476168513003543,-0.30516319523918334,0.6001606775005737
843529.05545542,ENDPOINT HOLD,0,0,-0.6055312428473343,0.21232913710231216,0.2445525291828794,1.7329663538567175,0.20476168513003543,-0.3047795834287008,0.6005442893110562,-0.6055312428473343,0.21194552529182964,0.24416891737239688,1.7329663538567175,0.20476168513003543,-0.30516319523918334,0.6001606775005737
843529.077235708,ENDPOINT HOLD,0,0,-0.6055312428473343,0.21232913710231216,0.24416891737239688,1.7329663538567175,0.20514529694051795,-0.3047795834287008,0.6005442893110562,-0.6055312428473343,0.21194552529182964,0.24416891737239688,1.7329663538567175,0.20476168513003543,-0.30516319523918334,0.6001606775005737
843529.097558089,ENDPOINT HOLD,0,0,-0.6051476310368518,0.21232913710231216,0.2445525291828794,1.7329663538567175,0.20514529694051795,-0.30516319523918334,0.6005442893110562,-0.6055312428473343,0.21194552529182964,0.24416891737239688,1.7329663538567175,0.20476168513003543,-0.30516319523918334,0.6001606775005737
843529.118788222,ENDPOINT HOLD,0,0,-0.6051476310368518,0.21232913710231216,0.2445525291828794,1.7333499656672,0.20476168513003543,-0.3047795834287008,0.6001606775005737,-0.6055312428473343,0.21194552529182964,0.24416891737239688,1.7329663538567175,0.20476168513003543,-0.30516319523918334,0.6001606775005737
843529.140163883,ENDPOINT HOLD,0,0,-0.6051476310368518,0.21232913710231216,0.24416891737239688,1.7329663538567175,0.20476168513003543,-0.3047795834287008,0.6001606775005737,-0.6055312428473343,0.21194552529182964,0.24416891737239688,1.7329663538567175,0.20476168513003543,-0.30516319523918334,0.6001606775005737
843529.162589678,ENDPOINT HOLD,0,0,-0.6055312428473343,0.21194552529182964,0.24416891737239688,1.7329663538567175,0.20514529694051795,-0.3047795834287008,0.6001606775005737,-0.6055312428473343,0.21194552529182964,0.24416891737239688,1.7329663538567175,0.20476168513003543,-0.30516319523918334,0.6001606775005737
843529.183649273,ENDPOINT HOLD,0,0,-0.6055312428473343,0.21232913710231216,0.2445525291828794,1.7333499656672,0.20476168513003543,-0.3047795834287008,0.6005442893110562,-0.6055312428473343,0.21194552529182964,0.24416891737239688,1.7329663538567175,0.20476168513003543,-0.30516319523918334,0.6001606775005737
843529.204200023,ENDPOINT HOLD,0,0,-0.6055312428473343,0.21194552529182964,0.24416891737239688,1.7329663538567175,0.20476168513003543,-0.3047795834287008,0.6001606775005737,-0.6055312428473343,0.21194552529182964,0.24416891737239688,1.7329663538567175,0.20476168513003543,-0.30516319523918334,0.6001606775005737
843529.226145426,ENDPOINT HOLD,0,0,-0.6055312428473343,0.21232913710231216,0.2445525291828794,1.7329663538567175,0.20476168513003543,-0.3047795834287008,0.6001606775005737,-0.6055312428473343,0.21194552529182964,0.24416891737239688,1.7329663538567175,0.20476168513003543,-0.30516319523918334,0.6001606775005737
843529.247114168,ENDPOINT HOLD,0,0,-0.6055312428473343,0.21232913710231216,0.24416891737239688,1.7333499656672,0.20476168513003543,-0.30516319523918334,0.6001606775005737,-0.6055312428473343,0.21194552529182964,0.24416891737239688,1.7329663538567175,0.20476168513003543,-0.30516319523918334,0.6001606775005737
843529.267319555,ENDPOINT HOLD,0,0,-0.6055312428473343,0.21194552529182964,0.2445525291828794,1.7333499656672,0.20476168513003543,-0.30516319523918334,0.6001606775005737,-0.6055312428473343,0.21194552529182964,0.24416891737239688,1.7329663538567175,0.20476168513003543,-0.30516319523918334,0.6001606775005737
