monotonic_s,phase,side,motor,position_rad,state,velocity_raw,torque_raw,temperature_c
573508.801274333,CONNECT,left,1,0.0021098649576565265,0,32799,32767,31.0
573508.80138735,CONNECT,left,2,0.004411535820553425,0,32974,32767,32.0
573508.80140299,CONNECT,left,3,-0.055048294804302955,0,32525,32767,32.0
573508.801429712,CONNECT,right,1,0.030497138933395007,2,32738,32616,31.0
573508.801445743,CONNECT,right,2,0.026277409018081954,2,32727,32888,32.0
573508.801457265,CONNECT,right,3,0.03625131609063814,2,32818,32744,32.0
573508.80366676,CONNECT,left,4,0.018988784618905186,0,32877,32767,32.0
573508.803730132,CONNECT,left,5,-0.9166404211490047,0,32759,32767,35.0
573508.803752675,CONNECT,left,6,0.03356603341725872,0,32769,32767,35.0
573508.803762855,CONNECT,left,7,0.008631265735866478,0,32777,32767,33.0
573508.803808162,CONNECT,right,4,0.03932021057450186,2,32851,31907,31.0
573508.803842638,CONNECT,right,5,-0.06530102944996088,2,32778,32803,35.0
573508.803855353,CONNECT,right,6,-0.1950666056305792,2,32793,32766,35.0
573508.803865412,CONNECT,right,7,1.3389970244907303,2,32757,31416,33.0
573508.803873999,CONNECT,right,8,0.12256397344930114,2,32730,32830,32.0
573508.806156083,CONNECT,left,8,-0.10069810025177439,0,32720,32767,32.0
573508.820550763,START HOLD,right,1,0.030497138933395007,2,32671,32622,31.0
573508.820575922,START HOLD,right,2,0.026277409018081954,2,32817,32865,32.0
573508.820586893,START HOLD,right,3,0.03625131609063814,2,32759,32745,32.0
573508.82059568,START HOLD,right,4,0.03893659876401934,2,32866,32073,31.0
573508.820605358,START HOLD,right,5,-0.06530102944996088,2,32707,32808,35.0
573508.820614656,START HOLD,right,6,-0.19545021744106172,2,32803,32692,35.0
573508.820623092,START HOLD,right,7,1.3389970244907303,2,32747,31231,33.0
573508.820631078,START HOLD,right,8,0.12256397344930114,2,32670,32858,32.0
573508.82320283,START HOLD,right,1,0.030497138933395007,2,32695,32589,31.0
573508.823280229,START HOLD,right,2,0.026277409018081954,2,32840,32870,32.0
573508.823297753,START HOLD,right,3,0.03625131609063814,2,32729,32796,32.0
573508.825775595,START HOLD,right,4,0.03932021057450186,2,32492,31908,31.0
573508.825804941,START HOLD,right,5,-0.06530102944996088,2,32832,32736,35.0
573508.825815972,START HOLD,right,6,-0.19545021744106172,2,32681,32594,35.0
573508.825823787,START HOLD,right,7,1.338613412680246,2,32745,31214,33.0
573508.825832624,START HOLD,right,8,0.12218036163881862,2,32707,32940,32.0
573508.828088308,START HOLD,right,1,0.030497138933395007,2,32691,32565,31.0
573508.828137313,START HOLD,right,2,0.025893797207599434,2,32700,32836,32.0
573508.828148614,START HOLD,right,3,0.03625131609063814,2,32626,32792,32.0
573508.830433905,START HOLD,right,4,0.03932021057450186,2,32716,31998,31.0
573508.830528297,START HOLD,right,5,-0.06530102944996088,2,32820,32748,35.0
573508.830547694,START HOLD,right,6,-0.1950666056305792,2,32786,32736,35.0
573508.830560459,START HOLD,right,7,1.338613412680246,2,32770,31073,33.0
573508.835072718,START HOLD,right,1,0.030497138933395007,2,32885,32613,31.0
573508.835114408,START HOLD,right,2,0.025893797207599434,2,32778,32836,32.0
573508.835125139,START HOLD,right,3,0.03625131609063814,2,32937,32739,32.0
573508.837406612,START HOLD,right,4,0.03893659876401934,2,32735,32034,31.0
573508.837437372,START HOLD,right,5,-0.06530102944996088,2,32822,32597,35.0
573508.837448192,START HOLD,right,6,-0.1950666056305792,2,32821,32787,35.0
573508.837456789,START HOLD,right,7,1.3389970244907303,2,32748,31278,33.0
573508.839680591,START HOLD,right,8,0.12218036163881862,2,32692,32759,32.0
573508.844451929,START HOLD,right,1,0.030497138933395007,2,32717,32587,31.0
573508.844495373,START HOLD,right,2,0.026277409018081954,2,32812,32875,32.0
573508.844511765,START HOLD,right,3,0.03625131609063814,2,32833,32816,32.0
573508.844523287,START HOLD,right,4,0.03893659876401934,2,32724,31877,31.0
573508.846914211,START HOLD,right,5,-0.06530102944996088,2,32768,32709,35.0
573508.846954358,START HOLD,right,6,-0.19545021744106172,2,32719,32647,35.0
573508.846965039,START HOLD,right,7,1.338613412680246,2,32789,31261,33.0
573508.849234569,START HOLD,right,1,0.03011352712291071,2,32735,32584,31.0
573508.849263926,START HOLD,right,2,0.026277409018081954,2,32796,32866,32.0
573508.849282201,START HOLD,right,3,0.03586770428015562,2,32964,32730,32.0
573508.849303001,START HOLD,right,4,0.03893659876401934,2,32940,32082,31.0
573508.851601337,START HOLD,left,1,0.0021098649576565265,0,32820,32767,31.0
573508.851630623,START HOLD,left,2,0.004411535820553425,0,32858,32767,32.0
573508.851640312,START HOLD,left,3,-0.055048294804302955,0,32806,32767,32.0
573508.85166015,START HOLD,right,5,-0.06530102944996088,2,32707,32586,35.0
573508.851671522,START HOLD,right,6,-0.1950666056305792,2,32732,32725,35.0
573508.851684197,START HOLD,right,7,1.3389970244907303,2,32701,31158,33.0
573508.851694026,START HOLD,right,8,0.12256397344930114,2,32789,32786,32.0
573508.85391408,START HOLD,left,4,0.018988784618905186,0,32846,32767,32.0
573508.853959428,START HOLD,left,5,-0.9166404211490047,0,32761,32767,35.0
573508.853974306,START HOLD,left,6,0.033182421606774426,0,32810,32767,34.0
573508.853987812,START HOLD,left,7,0.008631265735866478,0,32811,32767,33.0
573508.856188551,START HOLD,left,8,-0.10108171206225691,0,32719,32767,32.0
573508.858498539,START HOLD,right,1,0.030497138933395007,2,32735,32589,31.0
573508.858525601,START HOLD,right,2,0.025893797207599434,2,32850,32832,32.0
573508.858536442,START HOLD,right,3,0.03586770428015562,2,32767,32852,32.0
573508.860722602,START HOLD,right,4,0.03893659876401934,2,32563,31851,31.0
573508.860755906,START HOLD,right,5,-0.06530102944996088,2,32684,32599,35.0
573508.860767418,START HOLD,right,6,-0.1950666056305792,2,32791,32719,35.0
573508.86077896,START HOLD,right,7,1.338613412680246,2,32713,31105,33.0
573508.865777185,START HOLD,right,8,0.12256397344930114,2,32768,32867,32.0
573508.865817342,START HOLD,right,1,0.03011352712291071,2,32834,32588,31.0
573508.865829155,START HOLD,right,2,0.025893797207599434,2,32728,32866,32.0
573508.865837722,START HOLD,right,3,0.03586770428015562,2,32921,32825,32.0
573508.865845817,START HOLD,right,4,0.03932021057450186,2,32634,31837,31.0
573508.868082034,START HOLD,right,5,-0.06530102944996088,2,32781,32301,35.0
573508.868112783,START HOLD,right,6,-0.1950666056305792,2,32778,32769,35.0
573508.868122953,START HOLD,right,7,1.3389970244907303,2,32684,31439,33.0
573508.870423062,START HOLD,right,1,0.030497138933395007,2,32799,32624,31.0
573508.870451397,START HOLD,right,2,0.025893797207599434,2,32765,32862,32.0
573508.870462047,START HOLD,right,3,0.03586770428015562,2,32833,32818,32.0
573508.872747849,START HOLD,right,4,0.03893659876401934,2,32764,31893,31.0
573508.872782676,START HOLD,right,5,-0.06530102944996088,2,32857,32612,35.0
573508.872792725,START HOLD,right,6,-0.1950666056305792,2,32753,32610,35.0
573508.872800901,START HOLD,right,7,1.338613412680246,2,32807,31180,33.0
573508.875034713,START HOLD,right,8,0.12218036163881862,2,32802,32805,32.0
573508.881793528,START HOLD,right,1,0.03011352712291071,2,32745,32569,31.0
573508.881833335,START HOLD,right,2,0.025893797207599434,2,32760,32863,32.0
573508.881844196,START HOLD,right,3,0.03625131609063814,2,32785,32800,32.0
573508.884047508,START HOLD,right,4,0.03893659876401934,2,32799,31896,31.0
573508.884071985,START HOLD,right,5,-0.06530102944996088,2,32756,32530,35.0
573508.884079941,START HOLD,right,6,-0.1950666056305792,2,32803,32668,35.0
573508.884088858,START HOLD,right,7,1.338613412680246,2,32855,31124,33.0
573508.886612488,START HOLD,right,8,0.12256397344930114,2,32733,32986,32.0
573508.886651092,START HOLD,right,1,0.03011352712291071,2,32766,32579,31.0
573508.886663766,START HOLD,right,2,0.025893797207599434,2,32785,32879,32.0
573508.886673806,START HOLD,right,3,0.03586770428015562,2,32833,32747,32.0
573508.888986369,START HOLD,right,4,0.03893659876401934,2,32683,32006,31.0
573508.889060943,START HOLD,right,5,-0.06530102944996088,2,32742,32602,35.0
573508.889075421,START HOLD,right,6,-0.1950666056305792,2,32772,32798,35.0
573508.889083376,START HOLD,right,7,1.338613412680246,2,32824,31343,33.0
573508.89356708,START HOLD,right,1,0.03011352712291071,2,32939,32609,31.0
573508.893590896,START HOLD,right,2,0.025893797207599434,2,32896,32858,32.0
573508.89359835,START HOLD,right,3,0.03625131609063814,2,32702,32812,32.0
573508.895783077,START HOLD,right,4,0.03893659876401934,2,32819,31908,31.0
573508.895817463,START HOLD,right,5,-0.0656846412604434,2,32811,32521,35.0
573508.895827493,START HOLD,right,6,-0.1950666056305792,2,32717,32843,35.0
573508.895835198,START HOLD,right,7,1.3389970244907303,2,32835,31334,33.0
573508.898101161,START HOLD,right,8,0.12256397344930114,2,32716,32817,32.0
573508.898140918,START HOLD,right,8,0.12218036163881862,2,32721,33099,32.0
573508.902587671,START HOLD,left,1,0.0021098649576565265,0,32652,32767,31.0
573508.902636685,START HOLD,left,2,0.004411535820553425,0,32668,32767,32.0
573508.90264927,START HOLD,left,3,-0.055048294804302955,0,32763,32767,32.0
573508.905069931,START HOLD,left,4,0.018988784618905186,0,32914,32767,32.0
573508.905134305,START HOLD,left,5,-0.9166404211490047,0,32744,32767,35.0
573508.905142842,START HOLD,left,6,0.033182421606774426,0,32765,32767,35.0
573508.905149324,START HOLD,left,7,0.008631265735866478,0,32772,32767,33.0
573508.90515741,START HOLD,left,8,-0.10108171206225691,0,32844,32767,32.0
573508.905201805,START HOLD,right,1,0.030497138933395007,2,32746,32577,31.0
573508.905216604,START HOLD,right,2,0.025893797207599434,2,32847,32784,32.0
573508.90522536,START HOLD,right,3,0.03586770428015562,2,32800,32823,32.0
573508.907844665,START HOLD,right,4,0.03893659876401934,2,32821,31964,31.0
573508.907880303,START HOLD,right,5,-0.06530102944996088,2,32763,32756,35.0
573508.907892998,START HOLD,right,6,-0.19545021744106172,2,32733,32718,35.0
573508.90790455,START HOLD,right,7,1.338613412680246,2,32812,31279,33.0
573508.90791491,START HOLD,right,8,0.12256397344930114,2,32840,32836,32.0
573508.910063858,START HOLD,right,1,0.030497138933395007,2,32669,32555,31.0
573508.910089337,START HOLD,right,2,0.025510185397115137,2,32686,32767,32.0
573508.910098104,START HOLD,right,3,0.03586770428015562,2,32678,32761,32.0
573508.912359899,START HOLD,right,4,0.03893659876401934,2,32833,32021,31.0
573508.912399295,START HOLD,right,5,-0.06530102944996088,2,32774,32779,35.0
573508.9124123,START HOLD,right,6,-0.19545021744106172,2,32880,32661,35.0
573508.912423111,START HOLD,right,7,1.3389970244907303,2,32721,31539,33.0
573508.918392446,START HOLD,right,1,0.030497138933395007,2,32956,32582,31.0
573508.918470667,START HOLD,right,2,0.025126573586632617,2,32868,32735,32.0
573508.918484734,START HOLD,right,3,0.03586770428015562,2,32908,32797,32.0
573508.918494733,START HOLD,right,4,0.03893659876401934,2,32843,31948,31.0
573508.91850342,START HOLD,right,5,-0.06530102944996088,2,32674,32688,35.0
573508.918512207,START HOLD,right,6,-0.19545021744106172,2,32773,32680,35.0
573508.920718976,START HOLD,right,7,1.338613412680246,2,32912,31204,33.0
573508.920748253,START HOLD,right,8,0.12256397344930114,2,32746,32830,32.0
573508.9274095,START HOLD,right,1,0.03011352712291071,2,32829,32571,31.0
573508.927438196,START HOLD,right,2,0.025126573586632617,2,32856,32697,32.0
573508.927446642,START HOLD,right,3,0.03625131609063814,2,32788,32780,32.0
573508.930337368,START HOLD,right,4,0.03893659876401934,2,32692,31931,31.0
573508.930370973,START HOLD,right,5,-0.06530102944996088,2,32793,32610,35.0
573508.930399789,START HOLD,right,6,-0.1950666056305792,2,32768,32725,35.0
573508.930418074,START HOLD,right,7,1.3389970244907303,2,32674,31375,33.0
573508.930425969,START HOLD,right,8,0.12256397344930114,2,32765,32900,32.0
573508.932637558,START HOLD,right,1,0.030497138933395007,2,32821,32581,31.0
573508.932667596,START HOLD,right,2,0.024742961776150096,2,32691,32688,32.0
573508.932678928,START HOLD,right,3,0.03625131609063814,2,32966,32832,32.0
573508.932688476,START HOLD,right,4,0.03893659876401934,2,32675,31795,31.0
573508.93492327,START HOLD,right,5,-0.06530102944996088,2,32755,32591,35.0
573508.934955953,START HOLD,right,6,-0.1950666056305792,2,32766,32924,35.0
573508.934968366,START HOLD,right,7,1.338613412680246,2,32662,31121,33.0
573508.939463923,START HOLD,right,1,0.030497138933395007,2,32819,32565,31.0
573508.93952447,START HOLD,right,2,0.024742961776150096,2,32864,32645,32.0
573508.939542895,START HOLD,right,3,0.03586770428015562,2,32742,32788,32.0
573508.941795223,START HOLD,right,4,0.03893659876401934,2,32778,31860,31.0
573508.941911697,START HOLD,right,5,-0.06530102944996088,2,32790,32638,35.0
573508.941921315,START HOLD,right,6,-0.1950666056305792,2,32765,32869,35.0
573508.941928499,START HOLD,right,7,1.3389970244907303,2,32708,31129,33.0
573508.944185055,START HOLD,right,8,0.12218036163881862,2,32886,32773,32.0
573508.951249609,START HOLD,right,1,0.03011352712291071,2,32851,32631,31.0
573508.95128133,START HOLD,right,2,0.024742961776150096,2,32608,32600,32.0
573508.951291029,START HOLD,right,3,0.03586770428015562,2,32763,32767,32.0
573508.951298012,START HOLD,right,4,0.03893659876401934,2,32557,31939,31.0
573508.953849776,START HOLD,left,1,0.0021098649576565265,0,32693,32767,31.0
573508.954041295,START HOLD,left,2,0.004411535820553425,0,32890,32767,32.0
573508.954060462,START HOLD,left,3,-0.055048294804302955,0,32894,32767,32.0
573508.954089879,START HOLD,left,4,0.018988784618905186,0,33087,32767,32.0
573508.954229327,START HOLD,right,5,-0.06530102944996088,2,32760,32682,35.0
573508.954289874,START HOLD,right,6,-0.1950666056305792,2,32799,32805,35.0
573508.954310123,START HOLD,right,7,1.338613412680246,2,32751,31338,33.0
573508.954322817,START HOLD,right,8,0.12256397344930114,2,32716,32860,32.0
573508.954330682,START HOLD,right,1,0.030497138933395007,2,32830,32635,31.0
573508.956720775,START HOLD,left,5,-0.9166404211490047,0,32799,32767,35.0
573508.956795539,START HOLD,left,6,0.03356603341725872,0,32699,32767,35.0
573508.956808263,START HOLD,left,7,0.008631265735866478,0,32707,32767,33.0
573508.95681714,START HOLD,left,8,-0.10108171206225691,0,32782,32767,32.0
573508.956856085,START HOLD,right,2,0.024742961776150096,2,32778,32620,32.0
573508.956869691,START HOLD,right,3,0.03625131609063814,2,32764,32769,32.0
573508.956878017,START HOLD,right,4,0.03893659876401934,2,32913,31934,31.0
573508.956885842,START HOLD,right,5,-0.0656846412604434,2,32854,32521,35.0
573508.959310622,START HOLD,right,6,-0.1950666056305792,2,32712,32706,35.0
573508.959366339,START HOLD,right,7,1.338613412680246,2,32724,31398,33.0
573508.961739509,START HOLD,right,1,0.030497138933395007,2,32703,32618,31.0
573508.961761422,START HOLD,right,2,0.024742961776150096,2,32756,32625,32.0
573508.961771681,START HOLD,right,3,0.03586770428015562,2,32924,32698,32.0
573508.96394149,START HOLD,right,4,0.03893659876401934,2,32619,31874,31.0
573508.963968221,START HOLD,right,5,-0.0656846412604434,2,32832,32203,35.0
573508.963976256,START HOLD,right,6,-0.1950666056305792,2,32713,32749,35.0
573508.963986145,START HOLD,right,7,1.338613412680246,2,32796,31420,33.0
573508.966215308,START HOLD,right,8,0.12218036163881862,2,32863,32850,32.0
573508.971953368,START HOLD,right,1,0.030497138933395007,2,32690,32604,31.0
573508.971986331,START HOLD,right,2,0.025126573586632617,2,32726,32626,32.0
573508.971995319,START HOLD,right,3,0.03586770428015562,2,32748,32669,32.0
573508.974310567,START HOLD,right,4,0.03893659876401934,2,32749,31996,31.0
573508.974376474,START HOLD,right,5,-0.06606825307092593,2,32734,32407,35.0
573508.974393747,START HOLD,right,6,-0.1950666056305792,2,32714,32810,35.0
573508.974403346,START HOLD,right,7,1.338613412680246,2,32810,31225,33.0
573508.976754163,START HOLD,right,1,0.030497138933395007,2,32608,32588,31.0
573508.976779331,START HOLD,right,2,0.025126573586632617,2,32787,32606,32.0
573508.976786916,START HOLD,right,3,0.03586770428015562,2,32753,32619,32.0
573508.976793368,START HOLD,right,4,0.03893659876401934,2,32770,31924,31.0
573508.978977124,START HOLD,right,5,-0.06606825307092593,2,32775,32275,35.0
573508.979011169,START HOLD,right,6,-0.1950666056305792,2,32836,32654,35.0
573508.979019024,START HOLD,right,7,1.3389970244907303,2,32752,31375,33.0
573508.979048411,START HOLD,right,8,0.12256397344930114,2,32751,33145,32.0
573508.985666265,START HOLD,right,1,0.030497138933395007,2,32755,32601,31.0
573508.985690141,START HOLD,right,2,0.025126573586632617,2,32861,32636,32.0
573508.985698527,START HOLD,right,3,0.03586770428015562,2,32804,32722,32.0
573508.987852235,START HOLD,right,4,0.03893659876401934,2,32952,31991,31.0
573508.987873055,START HOLD,right,5,-0.06606825307092593,2,32828,32548,35.0
573508.98788099,START HOLD,right,6,-0.1950666056305792,2,32808,32718,35.0
573508.987888104,START HOLD,right,7,1.338613412680246,2,32854,31321,33.0
573508.990053904,START HOLD,right,8,0.12218036163881862,2,32760,32873,32.0
573508.992732292,START HOLD,right,1,0.030497138933395007,2,32846,32614,31.0
573508.992846843,START HOLD,right,2,0.025510185397115137,2,32796,32661,32.0
573508.992856481,START HOLD,right,3,0.03586770428015562,2,32729,32838,32.0
573508.992863695,START HOLD,right,4,0.03893659876401934,2,32792,32119,31.0
573508.995065725,START HOLD,right,5,-0.0656846412604434,2,32775,32581,35.0
573508.995093769,START HOLD,right,6,-0.1950666056305792,2,32791,32745,35.0
573508.995104841,START HOLD,right,7,1.338613412680246,2,32859,31100,33.0
573508.997397766,START HOLD,right,1,0.030497138933395007,2,32759,32611,31.0
573508.997436711,START HOLD,right,2,0.025510185397115137,2,32682,32660,32.0
573508.997447031,START HOLD,right,3,0.03586770428015562,2,32677,32725,32.0
573508.999657458,START HOLD,right,4,0.03893659876401934,2,32960,32154,31.0
573508.999682897,START HOLD,right,5,-0.0656846412604434,2,32766,32526,35.0
573508.999691393,START HOLD,right,6,-0.1950666056305792,2,32809,32654,35.0
573508.999699849,START HOLD,right,7,1.338613412680246,2,32883,31130,33.0
573509.001927709,START HOLD,right,8,0.12218036163881862,2,32858,32905,32.0
573509.004328833,START HOLD,left,1,0.0021098649576565265,0,32717,32767,31.0
573509.004452111,START HOLD,left,2,0.004411535820553425,0,32681,32767,32.0
573509.004675721,START HOLD,left,3,-0.055048294804302955,0,32760,32767,32.0
573509.004735526,START HOLD,left,4,0.018988784618905186,0,32605,32767,32.0
573509.008395615,START HOLD,left,5,-0.9166404211490047,0,32768,32767,35.0
573509.008428308,START HOLD,left,6,0.033182421606774426,0,32755,32767,35.0
573509.008436934,START HOLD,left,7,0.008631265735866478,0,32759,32767,33.0
573509.00844492,START HOLD,left,8,-0.10069810025177439,0,32732,32767,32.0
573509.010780237,START HOLD,right,1,0.030497138933395007,2,32761,32660,31.0
573509.010811757,START HOLD,right,2,0.025893797207599434,2,32733,32717,32.0
573509.010823089,START HOLD,right,3,0.03586770428015562,2,32913,32854,32.0
573509.013231427,START HOLD,right,4,0.03893659876401934,2,32724,31946,31.0
573509.013255012,START HOLD,right,5,-0.0656846412604434,2,32768,32603,35.0
573509.013265893,START HOLD,right,6,-0.1950666056305792,2,32849,32715,35.0
573509.013274119,START HOLD,right,7,1.3389970244907303,2,32753,31089,33.0
573509.015490908,START HOLD,right,8,0.12218036163881862,2,32695,33070,32.0
573509.015528991,START HOLD,right,8,0.12218036163881862,2,32803,33079,32.0
573509.01553861,START HOLD,right,1,0.030497138933395007,2,32651,32618,31.0
573509.015547006,START HOLD,right,2,0.025893797207599434,2,32717,32715,32.0
573509.017887713,START HOLD,right,3,0.03586770428015562,2,32883,32791,32.0
573509.017918162,START HOLD,right,4,0.03893659876401934,2,32770,31926,31.0
573509.017928392,START HOLD,right,5,-0.06530102944996088,2,32729,32718,35.0
573509.01793781,START HOLD,right,6,-0.1950666056305792,2,32756,32709,35.0
573509.021112634,START HOLD,right,7,1.338613412680246,2,32749,31299,33.0
573509.023413715,START HOLD,right,1,0.030497138933395007,2,32841,32596,31.0
573509.023439364,START HOLD,right,2,0.025893797207599434,2,32792,32723,32.0
573509.02344745,START HOLD,right,3,0.03625131609063814,2,32746,32827,32.0
573509.025690399,START HOLD,right,4,0.03893659876401934,2,32697,31958,31.0
573509.02572699,START HOLD,right,5,-0.06530102944996088,2,32765,32734,35.0
573509.025740095,START HOLD,right,6,-0.1950666056305792,2,32743,32812,35.0
573509.025750285,START HOLD,right,7,1.3389970244907303,2,32759,31263,33.0
573509.027958897,START HOLD,right,8,0.12218036163881862,2,32807,32907,32.0
573509.035164373,START HOLD,right,1,0.030497138933395007,2,32811,32627,31.0
573509.035207747,START HOLD,right,2,0.025893797207599434,2,32627,32759,32.0
573509.035223246,START HOLD,right,3,0.03625131609063814,2,32614,32782,32.0
573509.035235159,START HOLD,right,4,0.03893659876401934,2,32877,32036,31.0
573509.037638988,START HOLD,right,5,-0.06530102944996088,2,32716,32799,35.0
573509.037679607,START HOLD,right,6,-0.19545021744106172,2,32808,32818,35.0
573509.037693373,START HOLD,right,7,1.338613412680246,2,32803,31249,33.0
573509.037703322,START HOLD,right,8,0.12218036163881862,2,32819,33020,32.0
573509.039979245,START HOLD,right,1,0.03011352712291071,2,32835,32589,31.0
573509.040017589,START HOLD,right,2,0.025893797207599434,2,32789,32779,32.0
573509.040026285,START HOLD,right,3,0.03625131609063814,2,32649,32727,32.0
573509.040034151,START HOLD,right,4,0.03893659876401934,2,32692,31929,31.0
573509.042234678,START HOLD,right,5,-0.06530102944996088,2,32784,32892,35.0
573509.042270678,START HOLD,right,6,-0.1950666056305792,2,32756,32854,35.0
573509.04228208,START HOLD,right,7,1.338613412680246,2,32774,31203,33.0
573509.047011587,START HOLD,right,1,0.030497138933395007,2,32796,32623,31.0
573509.047087133,START HOLD,right,2,0.025893797207599434,2,32780,32762,32.0
573509.047102953,START HOLD,right,3,0.03625131609063814,2,32991,32776,32.0
573509.049560145,START HOLD,right,4,0.03893659876401934,2,32757,32016,31.0
573509.049701076,START HOLD,right,5,-0.06530102944996088,2,32765,32730,35.0
573509.049733078,START HOLD,right,6,-0.19545021744106172,2,32731,32815,35.0
573509.049756513,START HOLD,right,7,1.338613412680246,2,32777,31253,33.0
573509.049773125,START HOLD,right,8,0.12218036163881862,2,32781,33003,32.0
573509.054489337,START HOLD,left,1,0.0017262531471740061,0,32938,32767,31.0
573509.054568059,START HOLD,left,2,0.004411535820553425,0,32675,32767,32.0
573509.054579931,START HOLD,left,3,-0.055048294804302955,0,32869,32767,32.0
573509.057431944,START HOLD,left,4,0.018988784618905186,0,32958,32767,32.0
573509.057470458,START HOLD,left,5,-0.9166404211490047,0,32853,32767,35.0
573509.057485527,START HOLD,left,6,0.033182421606774426,0,32682,32767,35.0
573509.05749245,START HOLD,left,7,0.008631265735866478,0,32771,32767,33.0
573509.057498873,START HOLD,left,8,-0.10108171206225691,0,32736,32767,32.0
573509.057521787,START HOLD,right,1,0.03011352712291071,2,32942,32586,31.0
573509.057533128,START HOLD,right,2,0.025893797207599434,2,32758,32775,32.0
573509.057542847,START HOLD,right,3,0.03625131609063814,2,32778,32898,32.0
573509.057551764,START HOLD,right,4,0.03893659876401934,2,32700,31881,31.0
573509.059780706,START HOLD,right,5,-0.06530102944996088,2,32760,32746,35.0
573509.05980846,START HOLD,right,6,-0.19545021744106172,2,32815,32686,35.0
573509.059821294,START HOLD,right,7,1.338613412680246,2,32755,31391,33.0
573509.061990462,START HOLD,right,1,0.03011352712291071,2,32891,32584,31.0
573509.062048634,START HOLD,right,2,0.025893797207599434,2,32674,32787,32.0
573509.062056639,START HOLD,right,3,0.03625131609063814,2,32829,32803,32.0
573509.062062971,START HOLD,right,4,0.03893659876401934,2,32764,31914,31.0
573509.064282015,START HOLD,right,5,-0.06530102944996088,2,32860,32926,35.0
573509.064307293,START HOLD,right,6,-0.1950666056305792,2,32681,32770,35.0
573509.064317373,START HOLD,right,7,1.338613412680246,2,32748,31070,33.0
573509.06432634,START HOLD,right,8,0.12218036163881862,2,32797,32817,32.0
573509.07094752,START HOLD,right,1,0.030497138933395007,2,32752,32571,31.0
573509.071006544,START HOLD,right,2,0.025893797207599434,2,32750,32797,32.0
573509.071017004,START HOLD,right,3,0.03625131609063814,2,32795,32734,32.0
573509.074427752,START HOLD,right,4,0.03893659876401934,2,32762,32000,31.0
573509.074503658,START HOLD,right,5,-0.06530102944996088,2,32733,32563,35.0
573509.07452516,START HOLD,right,6,-0.19545021744106172,2,32823,32727,35.0
573509.074586678,START HOLD,right,7,1.338613412680246,2,32876,31230,33.0
573509.074600244,START HOLD,right,8,0.12218036163881862,2,32788,32690,32.0
573509.080123721,START HOLD,right,1,0.03011352712291071,2,32766,32596,31.0
573509.080203104,START HOLD,right,2,0.025893797207599434,2,32737,32807,32.0
573509.080214145,START HOLD,right,3,0.03625131609063814,2,32709,32808,32.0
573509.080222982,START HOLD,right,4,0.03893659876401934,2,32887,32033,31.0
573509.082597254,START HOLD,right,5,-0.06530102944996088,2,32827,32794,35.0
573509.082637732,START HOLD,right,6,-0.1950666056305792,2,32698,32850,35.0
573509.082649945,START HOLD,right,7,1.3389970244907303,2,32664,31297,33.0
573509.082658261,START HOLD,right,1,0.03011352712291071,2,32727,32587,31.0
573509.084911411,START HOLD,right,2,0.025893797207599434,2,32832,32780,32.0
573509.084941759,START HOLD,right,3,0.03625131609063814,2,32668,32745,32.0
573509.084949424,START HOLD,right,4,0.03893659876401934,2,32696,32014,31.0
573509.084957329,START HOLD,right,5,-0.0656846412604434,2,32679,32658,35.0
573509.087136716,START HOLD,right,6,-0.1950666056305792,2,32818,32654,35.0
573509.087163037,START HOLD,right,7,1.3389970244907303,2,32781,31133,33.0
573509.087173096,START HOLD,right,8,0.12218036163881862,2,32856,32800,32.0
573509.093823983,START HOLD,right,1,0.03011352712291071,2,32821,32588,31.0
573509.09385881,START HOLD,right,2,0.025893797207599434,2,32877,32826,32.0
573509.093867868,START HOLD,right,3,0.03625131609063814,2,32704,32732,32.0
573509.096104826,START HOLD,right,4,0.03893659876401934,2,32721,31944,31.0
573509.096132238,START HOLD,right,5,-0.0656846412604434,2,32736,32775,35.0
573509.096140023,START HOLD,right,6,-0.1950666056305792,2,32709,32734,35.0
573509.096146516,START HOLD,right,7,1.3389970244907303,2,32785,31430,33.0
573509.098316605,START HOLD,right,8,0.12256397344930114,2,32817,33040,32.0
573509.100870362,START HOLD,right,1,0.03011352712291071,2,32739,32589,31.0
573509.100912153,START HOLD,right,2,0.025893797207599434,2,32686,32767,32.0
573509.100923435,START HOLD,right,3,0.03625131609063814,2,32718,32816,32.0
573509.103321994,START HOLD,right,4,0.03932021057450186,2,32754,31905,31.0
573509.103379114,START HOLD,right,5,-0.0656846412604434,2,32717,32496,35.0
573509.103388472,START HOLD,right,6,-0.1950666056305792,2,32685,32924,35.0
573509.103396126,START HOLD,right,7,1.338613412680246,2,32790,31280,33.0
573509.105920748,START HOLD,left,1,0.0021098649576565265,0,32757,32767,31.0
573509.106050568,START HOLD,left,2,0.004411535820553425,0,32895,32767,32.0
573509.10606687,START HOLD,left,3,-0.055048294804302955,0,32653,32767,32.0
573509.106135422,START HOLD,right,1,0.03011352712291071,2,32910,32609,31.0
573509.106153537,START HOLD,right,2,0.025893797207599434,2,32703,32816,32.0
573509.106164017,START HOLD,right,3,0.03625131609063814,2,32817,32719,32.0
573509.106172172,START HOLD,right,4,0.03893659876401934,2,32921,31952,31.0
573509.10873618,START HOLD,left,4,0.018988784618905186,0,32815,32767,32.0
573509.108816945,START HOLD,left,5,-0.9166404211490047,0,32757,32767,35.0
573509.108834068,START HOLD,left,6,0.033182421606774426,0,32719,32767,35.0
573509.1088453,START HOLD,left,7,0.008631265735866478,0,32728,32767,33.0
573509.108856561,START HOLD,left,8,-0.10069810025177439,0,32697,32767,32.0
573509.108928801,START HOLD,right,5,-0.0656846412604434,2,32784,32612,35.0
573509.108955462,START HOLD,right,6,-0.1950666056305792,2,32695,32652,35.0
573509.108969288,START HOLD,right,7,1.3389970244907303,2,32748,31467,33.0
573509.108981612,START HOLD,right,8,0.12218036163881862,2,32790,32897,32.0
573509.116288072,START HOLD,right,1,0.03011352712291071,2,32642,32582,31.0
573509.116352496,START HOLD,right,2,0.025893797207599434,2,32658,32794,32.0
573509.116362616,START HOLD,right,3,0.03625131609063814,2,32633,32900,32.0
573509.118661894,START HOLD,right,4,0.03893659876401934,2,32828,31848,31.0
573509.118702652,START HOLD,right,5,-0.0656846412604434,2,32790,32517,35.0
573509.118724885,START HOLD,right,6,-0.1950666056305792,2,32783,32815,35.0
573509.11873801,START HOLD,right,7,1.338613412680246,2,32742,31231,33.0
573509.118744673,START HOLD,right,8,0.12256397344930114,2,32738,32749,32.0
573509.121247623,START HOLD,right,1,0.030497138933395007,2,32619,32557,31.0
573509.12127728,START HOLD,right,2,0.025893797207599434,2,32880,32795,32.0
573509.121285416,START HOLD,right,3,0.03586770428015562,2,32780,32805,32.0
573509.123482967,START HOLD,right,4,0.03893659876401934,2,32658,31777,31.0
573509.123534056,START HOLD,right,5,-0.06530102944996088,2,32785,32583,35.0
573509.123550487,START HOLD,right,6,-0.1950666056305792,2,32775,32894,35.0
573509.123563432,START HOLD,right,7,1.338613412680246,2,32849,31318,33.0
573509.129779423,START HOLD,right,1,0.03011352712291071,2,32995,32594,31.0
573509.129810242,START HOLD,right,2,0.025893797207599434,2,32844,32823,32.0
573509.129819069,START HOLD,right,3,0.03625131609063814,2,32926,32815,32.0
573509.131993827,START HOLD,right,4,0.03893659876401934,2,32594,31939,31.0
573509.132033563,START HOLD,right,5,-0.0656846412604434,2,32765,32683,35.0
573509.132047991,START HOLD,right,6,-0.19545021744106172,2,32798,32648,35.0
573509.132059673,START HOLD,right,7,1.3389970244907303,2,32692,31398,33.0
573509.13429083,START HOLD,right,8,0.12256397344930114,2,32772,32818,32.0
573509.14107775,START HOLD,right,1,0.03011352712291071,2,32741,32619,31.0
573509.141153446,START HOLD,right,2,0.025893797207599434,2,32697,32782,32.0
573509.141175508,START HOLD,right,3,0.03625131609063814,2,32571,32707,32.0
573509.144037529,START HOLD,right,4,0.03932021057450186,2,32800,32009,31.0
573509.144146479,START HOLD,right,5,-0.0656846412604434,2,32791,32900,35.0
573509.14415756,START HOLD,right,6,-0.1950666056305792,2,32765,32892,35.0
573509.14416781,START HOLD,right,7,1.3389970244907303,2,32748,31129,33.0
573509.144175645,START HOLD,right,8,0.12218036163881862,2,32884,33011,32.0
573509.144182999,START HOLD,right,1,0.030497138933395007,2,32727,32593,31.0
573509.146603971,START HOLD,right,2,0.025893797207599434,2,32732,32771,32.0
573509.146640943,START HOLD,right,3,0.03625131609063814,2,32721,32888,32.0
573509.146649609,START HOLD,right,4,0.03893659876401934,2,32764,31903,31.0
573509.146657034,START HOLD,right,5,-0.0656846412604434,2,32710,32559,35.0
573509.148997841,START HOLD,right,6,-0.1950666056305792,2,32778,32731,35.0
573509.149027228,START HOLD,right,7,1.3389970244907303,2,32735,31252,33.0
573509.151319121,START HOLD,right,1,0.03011352712291071,2,32907,32623,31.0
573509.151374578,START HOLD,right,2,0.025893797207599434,2,32575,32788,32.0
573509.151387102,START HOLD,right,3,0.03586770428015562,2,32646,32790,32.0
573509.153719113,START HOLD,right,4,0.03893659876401934,2,32659,31854,31.0
573509.153754401,START HOLD,right,5,-0.0656846412604434,2,32838,32654,35.0
573509.153765422,START HOLD,right,6,-0.19545021744106172,2,32810,32828,35.0
573509.153775492,START HOLD,right,7,1.3389970244907303,2,32670,31224,33.0
573509.15679159,START HOLD,left,1,0.0021098649576565265,0,32692,32767,31.0
573509.15683844,START HOLD,left,2,0.004411535820553425,0,32676,32767,32.0
573509.156851675,START HOLD,left,3,-0.055048294804302955,0,32771,32767,32.0
573509.156861434,START HOLD,left,4,0.018988784618905186,0,32645,32767,32.0
573509.156893306,START HOLD,right,8,0.12256397344930114,2,32706,32716,32.0
573509.159046882,START HOLD,left,5,-0.9166404211490047,0,32734,32767,35.0
573509.159081229,START HOLD,left,6,0.033182421606774426,0,32803,32767,35.0
573509.159090747,START HOLD,left,7,0.008631265735866478,0,32726,32767,33.0
573509.159097841,START HOLD,left,8,-0.10069810025177439,0,32695,32767,32.0
573509.161360308,START HOLD,right,1,0.030497138933395007,2,32690,32586,31.0
573509.161382059,START HOLD,right,2,0.025893797207599434,2,32749,32777,32.0
573509.161390255,START HOLD,right,3,0.03586770428015562,2,32631,32722,32.0
573509.163809855,START HOLD,right,4,0.03893659876401934,2,32726,31942,31.0
573509.163829232,START HOLD,right,5,-0.0656846412604434,2,32748,32700,35.0
573509.163840694,START HOLD,right,6,-0.1950666056305792,2,32721,32800,35.0
573509.1638695,START HOLD,right,7,1.3389970244907303,2,32791,31336,33.0
573509.166083403,START HOLD,right,8,0.12256397344930114,2,32778,32983,32.0
573509.166126806,START HOLD,right,1,0.030497138933395007,2,32618,32579,31.0
573509.166140643,START HOLD,right,2,0.025893797207599434,2,32783,32779,32.0
573509.166152426,START HOLD,right,3,0.03625131609063814,2,32774,32830,32.0
573509.168487012,START HOLD,right,4,0.03893659876401934,2,32749,31987,31.0
573509.168539352,START HOLD,right,5,-0.0656846412604434,2,32803,32646,35.0
573509.168549802,START HOLD,right,6,-0.1950666056305792,2,32706,32816,35.0
573509.168557758,START HOLD,right,7,1.3389970244907303,2,32784,31276,33.0
573509.173105996,START HOLD,right,1,0.030497138933395007,2,32723,32579,31.0
573509.173145823,START HOLD,right,2,0.025893797207599434,2,32897,32771,32.0
573509.173157275,START HOLD,right,3,0.03586770428015562,2,33089,32692,32.0
573509.175373944,START HOLD,right,4,0.03932021057450186,2,32593,31923,31.0
573509.175409542,START HOLD,right,5,-0.0656846412604434,2,32805,32561,35.0
573509.175419051,START HOLD,right,6,-0.1950666056305792,2,32692,32900,35.0
573509.175426435,START HOLD,right,7,1.3389970244907303,2,32847,31202,33.0
573509.179382012,START HOLD,right,8,0.12256397344930114,2,32788,33005,32.0
573509.179426428,START HOLD,right,8,0.12256397344930114,2,32790,32876,32.0
573509.184715943,START HOLD,right,1,0.030497138933395007,2,32754,32579,31.0
573509.184744949,START HOLD,right,2,0.025510185397115137,2,32880,32748,32.0
573509.184753776,START HOLD,right,3,0.03625131609063814,2,32627,32801,32.0
573509.184760679,START HOLD,right,4,0.03893659876401934,2,32931,31953,31.0
573509.186937461,START HOLD,right,5,-0.06530102944996088,2,32718,32646,35.0
573509.186957179,START HOLD,right,6,-0.1950666056305792,2,32735,32674,35.0
573509.186964664,START HOLD,right,7,1.338613412680246,2,32836,31362,33.0
573509.189172686,START HOLD,right,8,0.12256397344930114,2,32790,32871,32.0
573509.189236839,START HOLD,right,1,0.030497138933395007,2,32778,32616,31.0
573509.18925258,START HOLD,right,2,0.025510185397115137,2,32806,32735,32.0
573509.189261807,START HOLD,right,3,0.03586770428015562,2,32749,32759,32.0
573509.191457796,START HOLD,right,4,0.03932021057450186,2,32723,32036,31.0
573509.19148042,START HOLD,right,5,-0.06530102944996088,2,32730,32672,35.0
573509.191488756,START HOLD,right,6,-0.19545021744106172,2,32840,32790,35.0
573509.191495459,START HOLD,right,7,1.338613412680246,2,32793,31270,33.0
573509.196135945,START HOLD,right,1,0.030497138933395007,2,32813,32613,31.0
573509.196176072,START HOLD,right,2,0.025510185397115137,2,32836,32714,32.0
573509.196184408,START HOLD,right,3,0.03625131609063814,2,32545,32780,32.0
573509.198438589,START HOLD,right,4,0.03893659876401934,2,32893,32026,31.0
573509.198466673,START HOLD,right,5,-0.06530102944996088,2,32722,32595,35.0
573509.198476392,START HOLD,right,6,-0.19545021744106172,2,32834,32719,35.0
573509.198484267,START HOLD,right,7,1.338613412680246,2,32791,31047,33.0
573509.2006618,START HOLD,right,8,0.12256397344930114,2,32799,32810,32.0
573509.205515567,START HOLD,right,1,0.03011352712291071,2,32811,32599,31.0
573509.205595631,START HOLD,right,2,0.025126573586632617,2,32792,32727,32.0
573509.205613315,START HOLD,right,3,0.03586770428015562,2,32754,32685,32.0
573509.20562612,START HOLD,right,4,0.03893659876401934,2,32861,31883,31.0
573509.208069715,START HOLD,left,1,0.0017262531471740061,0,32767,32767,31.0
573509.208109081,START HOLD,left,2,0.004411535820553425,0,32814,32767,32.0
573509.208123168,START HOLD,left,3,-0.055048294804302955,0,32609,32767,32.0
573509.208168786,START HOLD,right,5,-0.0656846412604434,2,32816,32644,35.0
573509.208188625,START HOLD,right,6,-0.19545021744106172,2,32772,32832,35.0
573509.208201269,START HOLD,right,7,1.3389970244907303,2,32797,31446,33.0
573509.208211719,START HOLD,right,1,0.030497138933395007,2,32691,32566,31.0
573509.210412778,START HOLD,left,4,0.018988784618905186,0,32749,32767,32.0
573509.210444519,START HOLD,left,5,-0.9166404211490047,0,32749,32767,35.0
573509.210453466,START HOLD,left,6,0.033182421606774426,0,32711,32767,35.0
573509.210475859,START HOLD,right,2,0.025510185397115137,2,32777,32694,32.0
573509.210484947,START HOLD,right,3,0.03586770428015562,2,32732,32742,32.0
573509.210492331,START HOLD,right,4,0.03932021057450186,2,32670,31951,31.0
573509.210506709,START HOLD,right,5,-0.0656846412604434,2,32749,32631,35.0
573509.212730361,START HOLD,left,7,0.008631265735866478,0,32745,32767,33.0
573509.212759557,START HOLD,left,8,-0.10108171206225691,0,32733,32767,32.0
573509.212782451,START HOLD,right,6,-0.19545021744106172,2,32787,32920,35.0
573509.212794053,START HOLD,right,7,1.3389970244907303,2,32748,31219,33.0
573509.212801939,START HOLD,right,8,0.12256397344930114,2,32770,32574,32.0
573509.219718467,START HOLD,right,1,0.030497138933395007,2,32785,32588,31.0
573509.219808942,START HOLD,right,2,0.025510185397115137,2,32769,32729,32.0
573509.219830213,START HOLD,right,3,0.03586770428015562,2,32812,32742,32.0
573509.222229493,START HOLD,right,4,0.03893659876401934,2,32641,32018,31.0
573509.222309437,START HOLD,right,5,-0.0656846412604434,2,32713,32540,35.0
573509.222324326,START HOLD,right,6,-0.19545021744106172,2,32818,32851,35.0
573509.222333623,START HOLD,right,7,1.338613412680246,2,32863,31164,33.0
573509.222341348,START HOLD,right,8,0.12256397344930114,2,32801,32761,32.0
573509.227056168,START HOLD,right,1,0.03011352712291071,2,32915,32602,31.0
573509.227082518,START HOLD,right,2,0.025510185397115137,2,32701,32719,32.0
573509.227090784,START HOLD,right,3,0.03586770428015562,2,32828,32763,32.0
573509.229559538,START HOLD,right,4,0.03893659876401934,2,32793,31832,31.0
573509.229602291,START HOLD,right,5,-0.0656846412604434,2,32812,32629,35.0
573509.229614093,START HOLD,right,6,-0.19545021744106172,2,32749,32821,35.0
573509.229621377,START HOLD,right,7,1.338613412680246,2,32801,31299,33.0
573509.233361911,START HOLD,right,1,0.030497138933395007,2,32811,32603,31.0
573509.233395726,START HOLD,right,2,0.025510185397115137,2,32613,32711,32.0
573509.233405965,START HOLD,right,3,0.03625131609063814,2,32607,32752,32.0
573509.233414692,START HOLD,right,4,0.03932021057450186,2,32731,31815,31.0
573509.233423108,START HOLD,right,5,-0.0656846412604434,2,32769,32860,35.0
573509.233431725,START HOLD,right,6,-0.19545021744106172,2,32751,32828,35.0
573509.235622905,START HOLD,right,7,1.338613412680246,2,32750,31122,33.0
573509.235740902,START HOLD,right,8,0.12256397344930114,2,32764,32789,32.0
573509.24259967,START HOLD,right,1,0.030497138933395007,2,32785,32593,31.0
573509.242647111,START HOLD,right,2,0.025510185397115137,2,32891,32714,32.0
573509.242660016,START HOLD,right,3,0.03625131609063814,2,32708,32757,32.0
573509.245089114,START HOLD,right,4,0.03893659876401934,2,32879,31951,31.0
573509.24514948,START HOLD,right,5,-0.0656846412604434,2,32743,32671,35.0
573509.245161964,START HOLD,right,6,-0.19545021744106172,2,32731,32747,35.0
573509.245177424,START HOLD,right,7,1.338613412680246,2,32775,31090,33.0
573509.24829652,START HOLD,right,8,0.12256397344930114,2,32666,32998,32.0
573509.248333331,START HOLD,right,1,0.030497138933395007,2,32750,32588,31.0
573509.248343661,START HOLD,right,2,0.025510185397115137,2,32735,32730,32.0
573509.248351686,START HOLD,right,3,0.03625131609063814,2,32732,32718,32.0
573509.248358039,START HOLD,right,4,0.03893659876401934,2,32848,31838,31.0
573509.250611458,START HOLD,right,5,-0.0656846412604434,2,32762,32634,35.0
573509.250649201,START HOLD,right,6,-0.19545021744106172,2,32761,32753,35.0
573509.250657998,START HOLD,right,7,1.338613412680246,2,32807,31274,33.0
573509.252899935,START HOLD,right,1,0.030497138933395007,2,32831,32592,31.0
573509.252924432,START HOLD,right,2,0.025510185397115137,2,32758,32738,32.0
573509.252932267,START HOLD,right,3,0.03625131609063814,2,32700,32824,32.0
573509.255170998,START HOLD,right,4,0.03932021057450186,2,32664,31912,31.0
573509.255224662,START HOLD,right,5,-0.0656846412604434,2,32769,32454,35.0
573509.255234781,START HOLD,right,6,-0.1950666056305792,2,32716,32696,35.0
573509.25530148,START HOLD,right,7,1.338613412680246,2,32777,31098,33.0
573509.257653118,START HOLD,right,8,0.12256397344930114,2,32761,32791,32.0
573509.26003756,START HOLD,left,1,0.0021098649576565265,0,32779,32767,31.0
573509.260101603,START HOLD,left,2,0.004411535820553425,0,32816,32767,32.0
573509.260113756,START HOLD,left,3,-0.055048294804302955,0,32821,32767,32.0
573509.262336537,START HOLD,left,4,0.018988784618905186,0,32854,32767,32.0
573509.262365312,START HOLD,left,5,-0.9166404211490047,0,32792,32767,35.0
573509.262375201,START HOLD,left,6,0.033182421606774426,0,32749,32767,35.0
573509.262381834,START HOLD,left,7,0.008631265735866478,0,32722,32767,33.0
573509.264625174,START HOLD,left,8,-0.10069810025177439,0,32745,32767,32.0
573509.264703154,START HOLD,right,1,0.030497138933395007,2,32752,32604,31.0
573509.264717301,START HOLD,right,2,0.025510185397115137,2,33031,32735,32.0
573509.264725607,START HOLD,right,3,0.03625131609063814,2,32896,32719,32.0
573509.266926967,START HOLD,right,4,0.03932021057450186,2,32682,31873,31.0
573509.266972955,START HOLD,right,5,-0.0656846412604434,2,32766,32755,35.0
573509.266985349,START HOLD,right,6,-0.19545021744106172,2,32707,32849,35.0
573509.26699645,START HOLD,right,7,1.3389970244907303,2,32718,31006,33.0
573509.269609893,START HOLD,right,8,0.12256397344930114,2,32723,32805,32.0
573509.269734263,START HOLD,right,1,0.030497138933395007,2,32787,32614,31.0
573509.269748039,START HOLD,right,2,0.025510185397115137,2,32816,32784,32.0
573509.269763038,START HOLD,right,3,0.03625131609063814,2,32721,32760,32.0
573509.269779891,START HOLD,right,4,0.03932021057450186,2,32759,31706,31.0
573509.272053749,START HOLD,right,5,-0.0656846412604434,2,32784,32765,35.0
573509.272086572,START HOLD,right,6,-0.1950666056305792,2,32700,32650,35.0
573509.272094568,START HOLD,right,7,1.338613412680246,2,32833,31080,33.0
573509.276562782,START HOLD,right,1,0.03011352712291071,2,32757,32598,31.0
573509.27660304,START HOLD,right,2,0.025510185397115137,2,32852,32747,32.0
573509.276611055,START HOLD,right,3,0.03625131609063814,2,32879,32796,32.0
573509.278869815,START HOLD,right,4,0.03932021057450186,2,32723,31958,31.0
573509.278907357,START HOLD,right,5,-0.0656846412604434,2,32755,32627,35.0
573509.278916445,START HOLD,right,6,-0.19545021744106172,2,32779,32573,35.0
573509.2789242,START HOLD,right,7,1.3389970244907303,2,32746,31019,33.0
573509.281199862,START HOLD,right,8,0.12256397344930114,2,32806,32924,32.0
573509.287343653,START HOLD,right,1,0.03011352712291071,2,32676,32583,31.0
573509.287371066,START HOLD,right,2,0.025510185397115137,2,32649,32733,32.0
573509.287379231,START HOLD,right,3,0.03625131609063814,2,32731,32815,32.0
573509.289890898,START HOLD,right,4,0.03932021057450186,2,32645,31694,31.0
573509.289921197,START HOLD,right,5,-0.0656846412604434,2,32844,32501,35.0
573509.289931546,START HOLD,right,6,-0.1950666056305792,2,32718,32846,35.0
573509.289939221,START HOLD,right,7,1.3389970244907303,2,32733,31274,33.0
573509.292144548,START HOLD,right,8,0.12256397344930114,2,32728,33059,32.0
573509.292163665,START HOLD,right,1,0.030497138933395007,2,32792,32629,31.0
573509.2921717,START HOLD,right,2,0.025510185397115137,2,32745,32726,32.0
573509.292178153,START HOLD,right,3,0.03625131609063814,2,32586,32633,32.0
573509.294394571,START HOLD,right,4,0.03932021057450186,2,32672,31893,31.0
573509.294443786,START HOLD,right,5,-0.0656846412604434,2,32814,32656,35.0
573509.294458434,START HOLD,right,6,-0.19545021744106172,2,32729,32795,35.0
573509.294467501,START HOLD,right,7,1.3389970244907303,2,32744,31286,33.0
573509.296671445,START HOLD,right,8,0.12256397344930114,2,32808,32876,32.0
573509.298929584,START HOLD,right,1,0.03011352712291071,2,32832,32590,31.0
573509.298959792,START HOLD,right,2,0.025510185397115137,2,32746,32713,32.0
573509.298969511,START HOLD,right,3,0.03625131609063814,2,32569,32754,32.0
573509.301172764,START HOLD,right,4,0.03932021057450186,2,32652,31919,31.0
573509.301193574,START HOLD,right,5,-0.0656846412604434,2,32798,32594,35.0
573509.301201048,START HOLD,right,6,-0.1950666056305792,2,32665,32710,35.0
573509.301207861,START HOLD,right,7,1.3389970244907303,2,32777,31216,33.0
573509.303464827,START HOLD,right,8,0.12256397344930114,2,32830,32841,32.0
573509.311331075,START HOLD,left,1,0.0021098649576565265,0,32765,32767,31.0
573509.31136495,START HOLD,left,2,0.004411535820553425,0,32627,32767,32.0
573509.311374569,START HOLD,left,3,-0.055048294804302955,0,32933,32767,32.0
573509.311381572,START HOLD,left,4,0.018988784618905186,0,32697,32767,32.0
573509.311405428,START HOLD,right,1,0.03011352712291071,2,32760,32610,31.0
573509.311417211,START HOLD,right,2,0.025510185397115137,2,32650,32707,32.0
573509.311426649,START HOLD,right,3,0.03586770428015562,2,32913,32741,32.0
573509.311433503,START HOLD,right,4,0.03932021057450186,2,32601,31817,31.0
573509.313655481,START HOLD,left,5,-0.9166404211490047,0,32779,32767,35.0
573509.313692773,START HOLD,left,6,0.033182421606774426,0,32822,32767,35.0
573509.313701099,START HOLD,left,7,0.008631265735866478,0,32735,32767,33.0
573509.313707832,START HOLD,left,8,-0.10069810025177439,0,32806,32767,32.0
573509.31372749,START HOLD,right,5,-0.0656846412604434,2,32768,32513,35.0
573509.313737479,START HOLD,right,6,-0.19545021744106172,2,32785,32767,35.0
573509.313745254,START HOLD,right,7,1.3389970244907303,2,32748,31142,33.0
573509.313751827,START HOLD,right,8,0.12218036163881862,2,32735,32967,32.0
573509.31609542,START HOLD,right,1,0.030497138933395007,2,32697,32626,31.0
573509.316145857,START HOLD,right,2,0.025510185397115137,2,32843,32748,32.0
573509.316154514,START HOLD,right,3,0.03586770428015562,2,32721,32696,32.0
573509.316161738,START HOLD,right,4,0.03932021057450186,2,32732,31807,31.0
573509.318451186,START HOLD,right,5,-0.0656846412604434,2,32733,32549,35.0
573509.318478048,START HOLD,right,6,-0.1950666056305792,2,32790,32850,35.0
573509.318486083,START HOLD,right,7,1.3389970244907303,2,32726,30965,33.0
573509.320802144,START HOLD,right,1,0.03011352712291071,2,32818,32616,31.0
573509.320876347,START HOLD,right,2,0.025510185397115137,2,32817,32734,32.0
573509.32088825,START HOLD,right,3,0.03586770428015562,2,32873,32708,32.0
573509.32334994,START HOLD,right,4,0.03932021057450186,2,32678,31831,31.0
573509.323451175,START HOLD,right,5,-0.06530102944996088,2,32819,32615,35.0
573509.323463849,START HOLD,right,6,-0.1950666056305792,2,32804,32867,35.0
573509.323471925,START HOLD,right,7,1.338613412680246,2,32781,31085,33.0
573509.323478959,START HOLD,right,8,0.12256397344930114,2,32850,32716,32.0
573509.332807953,START HOLD,right,1,0.030497138933395007,2,32861,32612,31.0
573509.332864372,START HOLD,right,2,0.025510185397115137,2,32680,32769,32.0
573509.332876335,START HOLD,right,3,0.03586770428015562,2,32860,32771,32.0
573509.332886064,START HOLD,right,4,0.03932021057450186,2,32793,32015,31.0
573509.336430469,START HOLD,right,5,-0.0656846412604434,2,32817,32735,35.0
573509.336464505,START HOLD,right,6,-0.1950666056305792,2,32788,32757,35.0
573509.336476768,START HOLD,right,7,1.3389970244907303,2,32717,31110,33.0
573509.336486557,START HOLD,right,8,0.12256397344930114,2,32784,32881,32.0
573509.336495624,START HOLD,right,1,0.03011352712291071,2,32668,32604,31.0
573509.338671705,START HOLD,right,2,0.025510185397115137,2,32883,32712,32.0
573509.338699338,START HOLD,right,3,0.03586770428015562,2,32695,32813,32.0
573509.33871081,START HOLD,right,4,0.03932021057450186,2,32978,32004,31.0
573509.338718675,START HOLD,right,5,-0.06530102944996088,2,32806,32675,35.0
573509.340883374,START HOLD,right,6,-0.1950666056305792,2,32695,32787,35.0
573509.340909264,START HOLD,right,7,1.338613412680246,2,32795,31116,33.0
573509.343193463,START HOLD,right,1,0.030497138933395007,2,32797,32618,31.0
573509.343217439,START HOLD,right,2,0.025893797207599434,2,32714,32756,32.0
573509.343225594,START HOLD,right,3,0.03586770428015562,2,32728,32757,32.0
573509.345465498,START HOLD,right,4,0.03932021057450186,2,32862,31885,31.0
573509.34548721,START HOLD,right,5,-0.06530102944996088,2,32795,32537,35.0
573509.345518229,START HOLD,right,6,-0.1950666056305792,2,32735,32736,35.0
573509.345525373,START HOLD,right,7,1.3389970244907303,2,32833,31131,33.0
573509.347941085,START HOLD,right,8,0.12256397344930114,2,32815,32939,32.0
573509.353451687,START HOLD,right,1,0.03011352712291071,2,32827,32585,31.0
573509.35348465,START HOLD,right,2,0.025893797207599434,2,32826,32746,32.0
573509.3534951,START HOLD,right,3,0.03586770428015562,2,32775,32768,32.0
573509.353511061,START HOLD,right,4,0.03932021057450186,2,32774,31957,31.0
573509.355902226,START HOLD,right,5,-0.0656846412604434,2,32835,32697,35.0
573509.356021636,START HOLD,right,6,-0.19545021744106172,2,32773,32753,35.0
573509.356045091,START HOLD,right,7,1.338613412680246,2,32838,31207,33.0
573509.356056232,START HOLD,right,1,0.030497138933395007,2,32763,32622,31.0
573509.358409704,START HOLD,right,2,0.025893797207599434,2,32685,32737,32.0
573509.358580914,START HOLD,right,3,0.03586770428015562,2,32799,32820,32.0
573509.358626041,START HOLD,right,4,0.03932021057450186,2,32814,31958,31.0
573509.358643575,START HOLD,right,5,-0.0656846412604434,2,32771,32705,35.0
573509.361058134,START HOLD,left,1,0.0017262531471740061,0,32879,32767,31.0
573509.361091468,START HOLD,left,2,0.004411535820553425,0,32820,32767,32.0
573509.361100145,START HOLD,left,3,-0.055048294804302955,0,32631,32767,32.0
573509.361120144,START HOLD,right,6,-0.1950666056305792,2,32754,32795,35.0
573509.361130624,START HOLD,right,7,1.3389970244907303,2,32705,31471,33.0
573509.361138248,START HOLD,right,8,0.12256397344930114,2,32752,32899,32.0
573509.363346591,START HOLD,left,4,0.018988784618905186,0,32777,32767,32.0
573509.363364776,START HOLD,left,5,-0.9166404211490047,0,32757,32767,35.0
573509.363375016,START HOLD,left,6,0.033182421606774426,0,32842,32767,35.0
573509.363383883,START HOLD,left,7,0.008631265735866478,0,32806,32767,33.0
573509.365525938,START HOLD,left,8,-0.10069810025177439,0,32697,32767,32.0
573509.367791871,START HOLD,right,1,0.030497138933395007,2,32744,32606,31.0
573509.367821298,START HOLD,right,2,0.025893797207599434,2,32603,32763,32.0
573509.36783271,START HOLD,right,3,0.03625131609063814,2,32526,32743,32.0
573509.370040582,START HOLD,right,4,0.03932021057450186,2,32553,31880,31.0
573509.370077673,START HOLD,right,5,-0.06530102944996088,2,32725,32599,35.0
573509.370087162,START HOLD,right,6,-0.19545021744106172,2,32788,32772,35.0
573509.370094866,START HOLD,right,7,1.338613412680246,2,32664,31402,33.0
573509.372564071,START HOLD,right,8,0.12256397344930114,2,32695,32807,32.0
573509.375102049,START HOLD,right,1,0.030497138933395007,2,32687,32577,31.0
573509.375134862,START HOLD,right,2,0.025893797207599434,2,32696,32751,32.0
573509.375143729,START HOLD,right,3,0.03586770428015562,2,32728,32738,32.0
573509.375151674,START HOLD,right,4,0.03932021057450186,2,32574,31778,31.0
573509.377336041,START HOLD,right,5,-0.06530102944996088,2,32689,32693,35.0
573509.377363774,START HOLD,right,6,-0.19545021744106172,2,32826,32829,35.0
573509.377372461,START HOLD,right,7,1.3389970244907303,2,32691,31524,33.0
573509.379793392,START HOLD,right,1,0.03011352712291071,2,32755,32602,31.0
573509.379855793,START HOLD,right,2,0.025893797207599434,2,32640,32732,32.0
573509.379869639,START HOLD,right,3,0.03625131609063814,2,32749,32689,32.0
573509.379878146,START HOLD,right,4,0.03893659876401934,2,32766,31951,31.0
573509.382423507,START HOLD,right,5,-0.0656846412604434,2,32789,32675,35.0
573509.382485306,START HOLD,right,6,-0.1950666056305792,2,32713,33091,35.0
573509.382493632,START HOLD,right,7,1.338613412680246,2,32674,31396,33.0
573509.382500856,START HOLD,right,8,0.12256397344930114,2,32773,32973,32.0
573509.390561208,START HOLD,right,1,0.03011352712291071,2,32753,32591,31.0
573509.390646723,START HOLD,right,2,0.025893797207599434,2,32733,32749,32.0
573509.39066094,START HOLD,right,3,0.03586770428015562,2,32714,32793,32.0
573509.393024682,START HOLD,right,4,0.03893659876401934,2,32942,31672,31.0
573509.393081812,START HOLD,right,5,-0.0656846412604434,2,32811,32664,35.0
573509.393091681,START HOLD,right,6,-0.19545021744106172,2,32772,32687,35.0
573509.393098604,START HOLD,right,7,1.3389970244907303,2,32720,31102,33.0
573509.395916461,START HOLD,right,8,0.12256397344930114,2,32673,33070,32.0
573509.395959955,START HOLD,right,1,0.030497138933395007,2,32723,32594,31.0
573509.395970425,START HOLD,right,2,0.025893797207599434,2,32744,32754,32.0
573509.395977859,START HOLD,right,3,0.03586770428015562,2,32765,32874,32.0
573509.395984332,START HOLD,right,4,0.03932021057450186,2,32765,31809,31.0
573509.398265905,START HOLD,right,5,-0.06530102944996088,2,32754,32644,35.0
573509.39832067,START HOLD,right,6,-0.1950666056305792,2,32771,32849,35.0
573509.398328536,START HOLD,right,7,1.3389970244907303,2,32786,30940,33.0
573509.400714591,START HOLD,right,1,0.030497138933395007,2,32705,32569,31.0
573509.40074552,START HOLD,right,2,0.025893797207599434,2,32734,32735,32.0
573509.400753485,START HOLD,right,3,0.03586770428015562,2,32855,32722,32.0
573509.402965355,START HOLD,right,4,0.03893659876401934,2,32860,32036,31.0
573509.40300971,START HOLD,right,5,-0.0656846412604434,2,32755,32680,35.0
573509.403023246,START HOLD,right,6,-0.1950666056305792,2,32672,32539,35.0
573509.403031512,START HOLD,right,7,1.3389970244907303,2,32777,31132,33.0
573509.405343855,START HOLD,right,8,0.12218036163881862,2,32755,32894,32.0
573509.405427997,START HOLD,right,8,0.12218036163881862,2,32739,32940,32.0
573509.412489065,START HOLD,left,1,0.0017262531471740061,0,32793,32767,31.0
573509.412556434,START HOLD,left,2,0.004411535820553425,0,32816,32767,32.0
573509.412565442,START HOLD,left,3,-0.055048294804302955,0,32681,32767,32.0
573509.41259033,START HOLD,right,1,0.030497138933395007,2,32703,32586,31.0
573509.412604537,START HOLD,right,2,0.025510185397115137,2,32787,32736,32.0
573509.412617472,START HOLD,right,3,0.03586770428015562,2,32815,32756,32.0
573509.41263205,START HOLD,right,4,0.03932021057450186,2,32754,32044,31.0
573509.414863858,START HOLD,left,4,0.018988784618905186,0,32805,32767,32.0
573509.414930426,START HOLD,left,5,-0.9166404211490047,0,32765,32767,35.0
573509.414946687,START HOLD,left,6,0.033182421606774426,0,32786,32767,35.0
573509.414954883,START HOLD,left,7,0.008631265735866478,0,32711,32767,33.0
573509.414980142,START HOLD,right,5,-0.0656846412604434,2,32860,32848,35.0
573509.414992445,START HOLD,right,6,-0.19545021744106172,2,32823,32587,35.0
573509.415039346,START HOLD,right,7,1.3389970244907303,2,32779,31141,33.0
573509.415056188,START HOLD,right,8,0.12218036163881862,2,32802,32740,32.0
573509.417618051,START HOLD,left,8,-0.10108171206225691,0,32757,32767,32.0
573509.417667106,START HOLD,right,1,0.030497138933395007,2,32788,32607,31.0
573509.417678958,START HOLD,right,2,0.025893797207599434,2,32769,32779,32.0
573509.417686984,START HOLD,right,3,0.03625131609063814,2,32700,32849,32.0
573509.419923922,START HOLD,right,4,0.03932021057450186,2,32905,31941,31.0
573509.419970081,START HOLD,right,5,-0.0656846412604434,2,32695,32730,35.0
573509.42002665,START HOLD,right,6,-0.1950666056305792,2,32798,32710,35.0
573509.420041669,START HOLD,right,7,1.3389970244907303,2,32865,31449,33.0
573509.422413837,START HOLD,right,1,0.03011352712291071,2,32777,32568,31.0
573509.422455337,START HOLD,right,2,0.025510185397115137,2,32873,32769,32.0
573509.422466588,START HOLD,right,3,0.03625131609063814,2,32649,32805,32.0
573509.423446926,TEMPORARY POSITION GAINS,right,4,0.03932021057450186,2,32902,32013,31.0
573509.42346455,TEMPORARY POSITION GAINS,right,5,-0.0656846412604434,2,32708,32330,35.0
573509.42473193,TEMPORARY POSITION GAINS,right,6,-0.1950666056305792,2,32716,32730,35.0
573509.424814309,TEMPORARY POSITION GAINS,right,7,1.3389970244907303,2,32721,31365,33.0
573509.425940809,TEMPORARY POSITION GAINS,right,8,0.12256397344930114,2,32743,32839,32.0
573509.431993534,TEMPORARY POSITION GAINS,right,1,0.030497138933395007,2,32717,32609,31.0
573509.433221899,TEMPORARY POSITION GAINS,right,2,0.025510185397115137,2,32768,32712,32.0
573509.433253691,TEMPORARY POSITION GAINS,right,3,0.03625131609063814,2,32757,32913,32.0
573509.434433302,TEMPORARY POSITION GAINS,right,4,0.03893659876401934,2,32788,31828,31.0
573509.434471396,TEMPORARY POSITION GAINS,right,5,-0.06530102944996088,2,32810,32715,35.0
573509.435646258,TEMPORARY POSITION GAINS,right,6,-0.19545021744106172,2,32819,32694,35.0
573509.435695102,TEMPORARY POSITION GAINS,right,7,1.338613412680246,2,32796,31192,33.0
573509.436812434,TEMPORARY POSITION GAINS,right,8,0.12218036163881862,2,32791,32765,32.0
573509.439560947,TEMPORARY POSITION GAINS,right,1,0.03011352712291071,2,32863,32636,31.0
573509.442067143,TEMPORARY POSITION GAINS,right,1,0.030497138933395007,2,32784,32598,31.0
573509.442143249,TEMPORARY POSITION GAINS,right,2,0.025510185397115137,2,32706,32764,32.0
573509.443537815,TEMPORARY POSITION GAINS,right,3,0.03586770428015562,2,33036,32853,32.0
573509.443629201,TEMPORARY POSITION GAINS,right,4,0.03932021057450186,2,32840,31889,31.0
573509.444876703,TEMPORARY POSITION GAINS,right,5,-0.06530102944996088,2,32725,32601,35.0
573509.444993388,TEMPORARY POSITION GAINS,right,6,-0.1950666056305792,2,32781,32780,35.0
573509.446153752,TEMPORARY POSITION GAINS,right,7,1.338613412680246,2,32812,31076,33.0
573509.446185934,TEMPORARY POSITION GAINS,right,8,0.12256397344930114,2,32737,32797,32.0
573509.447301843,TEMPORARY POSITION GAINS,right,2,0.025510185397115137,2,32730,32724,32.0
573509.448702721,TEMPORARY POSITION GAINS,right,3,0.03586770428015562,2,32711,32760,32.0
573509.449983277,TEMPORARY POSITION GAINS,right,4,0.03932021057450186,2,32827,31877,31.0
573509.452418416,TEMPORARY POSITION GAINS,right,1,0.030497138933395007,2,32878,32621,31.0
573509.453578089,TEMPORARY POSITION GAINS,right,2,0.025510185397115137,2,32642,32754,32.0
573509.453628667,TEMPORARY POSITION GAINS,right,3,0.03586770428015562,2,32760,32804,32.0
573509.454823277,TEMPORARY POSITION GAINS,right,4,0.03932021057450186,2,32820,31907,31.0
573509.454917058,TEMPORARY POSITION GAINS,right,5,-0.0656846412604434,2,32836,32721,35.0
573509.456189428,TEMPORARY POSITION GAINS,right,6,-0.19545021744106172,2,32798,32742,35.0
573509.456224676,TEMPORARY POSITION GAINS,right,7,1.3389970244907303,2,32819,31373,33.0
573509.456235857,TEMPORARY POSITION GAINS,right,8,0.12256397344930114,2,32785,32709,32.0
573509.457523317,TEMPORARY POSITION GAINS,right,5,-0.06530102944996088,2,32754,32650,35.0
573509.45879206,TEMPORARY POSITION GAINS,right,6,-0.1950666056305792,2,32729,32756,35.0
573509.461149249,TEMPORARY POSITION GAINS,left,1,0.0021098649576565265,0,32757,32767,31.0
573509.461196129,TEMPORARY POSITION GAINS,right,7,1.3389970244907303,2,32745,31260,33.0
573509.462377404,TEMPORARY POSITION GAINS,left,2,0.004411535820553425,0,32965,32767,32.0
573509.462413474,TEMPORARY POSITION GAINS,left,3,-0.055048294804302955,0,32670,32767,32.0
573509.462512855,TEMPORARY POSITION GAINS,right,1,0.03011352712291071,2,32873,32621,31.0
573509.463508262,PLAYBACK,left,4,0.018988784618905186,0,32515,32767,32.0
573509.463527569,PLAYBACK,left,5,-0.9166404211490047,0,32709,32767,35.0
573509.463546115,PLAYBACK,right,2,0.025510185397115137,2,32862,32773,32.0
573509.463555232,PLAYBACK,right,3,0.03586770428015562,2,32770,32761,32.0
573509.465323347,PLAYBACK,left,6,0.033182421606774426,0,32751,32767,35.0
573509.465351361,PLAYBACK,left,7,0.008631265735866478,0,32749,32767,33.0
573509.46536142,PLAYBACK,left,8,-0.10108171206225691,0,32795,32767,32.0
573509.465399203,PLAYBACK,right,4,0.03932021057450186,2,33037,32024,31.0
573509.465409172,PLAYBACK,right,5,-0.0656846412604434,2,32771,32551,35.0
573509.465417919,PLAYBACK,right,6,-0.19545021744106172,2,32719,32804,35.0
573509.466551111,PLAYBACK,right,7,1.3389970244907303,2,32779,31427,33.0
573509.466566842,PLAYBACK,right,8,0.12218036163881862,2,32825,32840,32.0
573509.467700124,PLAYBACK,right,1,0.03011352712291071,2,32751,32629,31.0
573509.467717989,PLAYBACK,right,2,0.025510185397115137,2,32787,32748,32.0
573509.468428136,PLAYBACK,right,3,0.03586770428015562,2,32741,32857,32.0
573509.469812883,PLAYBACK,right,4,0.03932021057450186,2,33027,31960,31.0
573509.469833392,PLAYBACK,right,5,-0.0656846412604434,2,32847,32686,35.0
573509.470965151,PLAYBACK,right,6,-0.19545021744106172,2,32807,32677,35.0
573509.470992765,PLAYBACK,right,7,1.3389970244907303,2,32713,31514,33.0
573509.472119354,PLAYBACK,right,1,0.030497138933395007,2,32772,32604,31.0
573509.472140715,PLAYBACK,right,2,0.025510185397115137,2,32736,32750,32.0
573509.473408336,PLAYBACK,right,3,0.03586770428015562,2,32910,32789,32.0
573509.473422413,PLAYBACK,right,4,0.03932021057450186,2,32867,31853,31.0
573509.476107895,PLAYBACK,right,5,-0.06530102944996088,2,32783,32733,35.0
573509.476145788,PLAYBACK,right,6,-0.19545021744106172,2,32734,32889,35.0
573509.476179062,PLAYBACK,right,7,1.3389970244907303,2,32755,31250,33.0
573509.47618824,PLAYBACK,right,1,0.03011352712291071,2,32688,32572,31.0
573509.476201625,PLAYBACK,right,2,0.025510185397115137,2,32716,32777,32.0
573509.477347762,PLAYBACK,right,3,0.03586770428015562,2,32754,32705,32.0
573509.47737246,PLAYBACK,right,4,0.03932021057450186,2,33002,31929,31.0
573509.478474112,PLAYBACK,right,5,-0.0656846412604434,2,32672,32371,35.0
573509.478491265,PLAYBACK,right,6,-0.19545021744106172,2,32763,32707,35.0
573509.48005719,PLAYBACK,right,7,1.338613412680246,2,32805,31178,33.0
573509.480071347,PLAYBACK,right,1,0.030497138933395007,2,32862,32590,31.0
573509.480079012,PLAYBACK,right,2,0.025510185397115137,2,32668,32759,32.0
573509.481188799,PLAYBACK,right,3,0.03586770428015562,2,32795,32741,32.0
573509.482700771,PLAYBACK,right,4,0.03932021057450186,2,32839,31859,31.0
573509.482857252,PLAYBACK,right,5,-0.0656846412604434,2,32756,32650,35.0
573509.482881579,PLAYBACK,right,6,-0.19545021744106172,2,32845,32801,35.0
573509.485882828,PLAYBACK,right,7,1.3389970244907303,2,32744,31196,33.0
573509.485913597,PLAYBACK,right,8,0.12256397344930114,2,32831,33005,32.0
573509.485924529,PLAYBACK,right,1,0.030497138933395007,2,32705,32595,31.0
573509.485935961,PLAYBACK,right,2,0.025510185397115137,2,32830,32776,32.0
573509.485945609,PLAYBACK,right,3,0.03625131609063814,2,32768,32754,32.0
573509.488927772,PLAYBACK,right,4,0.03932021057450186,2,32874,31950,31.0
573509.488950245,PLAYBACK,right,5,-0.0656846412604434,2,32759,32519,35.0
573509.488963821,PLAYBACK,right,6,-0.1950666056305792,2,32674,32914,35.0
573509.488974792,PLAYBACK,right,7,1.3389970244907303,2,32711,31188,33.0
573509.488984231,PLAYBACK,right,1,0.030497138933395007,2,32647,32592,31.0
573509.490140658,PLAYBACK,right,2,0.025510185397115137,2,32845,32779,32.0
573509.49016786,PLAYBACK,right,3,0.03625131609063814,2,32554,32674,32.0
573509.490179372,PLAYBACK,right,4,0.03932021057450186,2,32707,31989,31.0
573509.491302154,PLAYBACK,right,5,-0.0656846412604434,2,32808,32671,35.0
573509.492489871,PLAYBACK,right,6,-0.19545021744106172,2,32738,32614,35.0
573509.492515371,PLAYBACK,right,7,1.3389970244907303,2,32722,31214,33.0
573509.493454169,PLAYBACK,right,1,0.030497138933395007,2,32888,32589,31.0
573509.493473766,PLAYBACK,right,2,0.025510185397115137,2,32819,32765,32.0
573509.498427957,PLAYBACK,right,3,0.03625131609063814,2,32786,32727,32.0
573509.498467643,PLAYBACK,right,4,0.03932021057450186,2,32787,31908,31.0
573509.498483574,PLAYBACK,right,5,-0.0656846412604434,2,32750,32768,35.0
573509.498497711,PLAYBACK,right,6,-0.19545021744106172,2,32846,32873,35.0
573509.498507049,PLAYBACK,right,7,1.3389970244907303,2,32798,31175,33.0
573509.498515625,PLAYBACK,right,8,0.12256397344930114,2,32699,32945,32.0
573509.498524122,PLAYBACK,right,1,0.030497138933395007,2,32631,32601,31.0
573509.498532267,PLAYBACK,right,2,0.025510185397115137,2,32807,32755,32.0
573509.499669317,PLAYBACK,right,3,0.03625131609063814,2,32893,32883,32.0
573509.499690698,PLAYBACK,right,4,0.03932021057450186,2,32856,31956,31.0
573509.500809372,PLAYBACK,right,5,-0.0656846412604434,2,32799,32702,35.0
573509.500827527,PLAYBACK,right,6,-0.1950666056305792,2,32747,32801,35.0
573509.501947685,PLAYBACK,right,7,1.3389970244907303,2,32807,31229,33.0
573509.501975007,PLAYBACK,right,1,0.030497138933395007,2,32719,32580,31.0
573509.503114231,PLAYBACK,right,2,0.025510185397115137,2,32819,32782,32.0
573509.503164357,PLAYBACK,right,3,0.03586770428015562,2,32865,32699,32.0
573509.503837654,PLAYBACK,right,4,0.03932021057450186,2,32760,31929,31.0
573509.507992134,PLAYBACK,right,5,-0.06530102944996088,2,32697,32723,35.0
573509.508042952,PLAYBACK,right,6,-0.1950666056305792,2,32782,32675,35.0
573509.508054614,PLAYBACK,right,7,1.3389970244907303,2,32673,31205,33.0
573509.50806257,PLAYBACK,right,8,0.12256397344930114,2,32782,32839,32.0
573509.508069693,PLAYBACK,right,1,0.030497138933395007,2,32768,32546,31.0
573509.508076857,PLAYBACK,right,2,0.025510185397115137,2,32675,32780,32.0
573509.50808335,PLAYBACK,right,3,0.03625131609063814,2,32551,32791,32.0
573509.508502677,PLAYBACK,right,4,0.03932021057450186,2,32724,31983,31.0
573509.511395217,PLAYBACK,right,5,-0.0656846412604434,2,32757,32716,35.0
573509.511421769,PLAYBACK,right,6,-0.19545021744106172,2,32789,32809,35.0
573509.511433802,PLAYBACK,right,7,1.3389970244907303,2,32758,31058,33.0
573509.511443601,PLAYBACK,right,1,0.030497138933395007,2,32873,32615,31.0
573509.511452257,PLAYBACK,right,2,0.025510185397115137,2,32816,32832,32.0
573509.512704429,PLAYBACK,left,1,0.0021098649576565265,0,32676,32767,31.0
573509.512766498,PLAYBACK,right,3,0.03625131609063814,2,32703,32743,32.0
573509.512778942,PLAYBACK,right,4,0.03932021057450186,2,32751,31869,31.0
573509.51346839,PLAYBACK,left,2,0.004411535820553425,0,32829,32767,32.0
573509.513529017,PLAYBACK,left,3,-0.055048294804302955,0,32622,32767,32.0
573509.513589894,PLAYBACK,right,5,-0.0656846412604434,2,32770,32577,35.0
573509.513608941,PLAYBACK,right,6,-0.1950666056305792,2,32748,32732,35.0
573509.515705007,PLAYBACK,left,4,0.018988784618905186,0,32759,32767,32.0
573509.515728552,PLAYBACK,left,5,-0.9166404211490047,0,32764,32767,35.0
573509.515740936,PLAYBACK,left,6,0.033182421606774426,0,32849,32767,35.0
573509.515762297,PLAYBACK,right,7,1.3389970244907303,2,32806,31244,33.0
573509.515773328,PLAYBACK,right,1,0.030497138933395007,2,32799,32589,31.0
573509.515782947,PLAYBACK,right,2,0.025510185397115137,2,32858,32771,32.0
573509.521575902,PLAYBACK,left,7,0.008631265735866478,0,32846,32767,33.0
573509.52160068,PLAYBACK,left,8,-0.10069810025177439,0,32688,32767,32.0
573509.521619386,PLAYBACK,right,3,0.03625131609063814,2,32964,32723,32.0
573509.521629325,PLAYBACK,right,4,0.03932021057450186,2,32874,31874,31.0
573509.521636589,PLAYBACK,right,5,-0.0656846412604434,2,32756,32557,35.0
573509.521643803,PLAYBACK,right,6,-0.19545021744106172,2,32824,32702,35.0
573509.521650346,PLAYBACK,right,7,1.3389970244907303,2,32709,31426,33.0
573509.521657199,PLAYBACK,right,8,0.12218036163881862,2,32839,32777,32.0
573509.521663691,PLAYBACK,right,1,0.030497138933395007,2,32763,32587,31.0
573509.521670505,PLAYBACK,right,2,0.025510185397115137,2,32617,32768,32.0
573509.521676616,PLAYBACK,right,3,0.03625131609063814,2,32820,32680,32.0
573509.521682568,PLAYBACK,right,4,0.03932021057450186,2,32782,31808,31.0
573509.524563876,PLAYBACK,right,5,-0.0656846412604434,2,32814,32659,35.0
573509.524580789,PLAYBACK,right,6,-0.1950666056305792,2,32762,32567,35.0
573509.524588333,PLAYBACK,right,7,1.3389970244907303,2,32798,31353,33.0
573509.524596038,PLAYBACK,right,1,0.030497138933395007,2,32714,32587,31.0
573509.524605657,PLAYBACK,right,2,0.025510185397115137,2,32786,32774,32.0
573509.525727377,PLAYBACK,right,3,0.03625131609063814,2,32703,32809,32.0
573509.525762705,PLAYBACK,right,4,0.03932021057450186,2,32848,31872,31.0
573509.526914032,PLAYBACK,right,5,-0.0656846412604434,2,32723,32685,35.0
573509.526932337,PLAYBACK,right,6,-0.1950666056305792,2,32782,32827,35.0
573509.530077143,PLAYBACK,right,7,1.3389970244907303,2,32702,31491,33.0
573509.530098815,PLAYBACK,right,1,0.030497138933395007,2,32768,32583,31.0
573509.530108443,PLAYBACK,right,2,0.025510185397115137,2,32725,32807,32.0
573509.530114956,PLAYBACK,right,3,0.03625131609063814,2,32773,32731,32.0
573509.530121539,PLAYBACK,right,4,0.03932021057450186,2,32748,31993,31.0
573509.534139085,PLAYBACK,right,5,-0.0656846412604434,2,32780,32605,35.0
573509.534169333,PLAYBACK,right,6,-0.19545021744106172,2,32743,32665,35.0
573509.534181407,PLAYBACK,right,7,1.3389970244907303,2,32719,31315,33.0
573509.534191045,PLAYBACK,right,8,0.12256397344930114,2,32755,32863,32.0
573509.534200964,PLAYBACK,right,1,0.030497138933395007,2,32811,32590,31.0
573509.534251952,PLAYBACK,right,2,0.025510185397115137,2,32725,32749,32.0
573509.534260289,PLAYBACK,right,3,0.03625131609063814,2,32827,32693,32.0
573509.535486069,PLAYBACK,right,4,0.03932021057450186,2,32681,31880,31.0
573509.535509685,PLAYBACK,right,5,-0.0656846412604434,2,32734,32227,35.0
573509.536673626,PLAYBACK,right,6,-0.19545021744106172,2,32856,32617,35.0
573509.536699396,PLAYBACK,right,7,1.338613412680246,2,32812,31113,33.0
573509.537833129,PLAYBACK,right,8,0.12256397344930114,2,32739,32885,32.0
573509.537846404,PLAYBACK,right,1,0.030497138933395007,2,32747,32594,31.0
573509.538847492,PLAYBACK,right,2,0.025510185397115137,2,32773,32745,32.0
573509.538869194,PLAYBACK,right,3,0.03586770428015562,2,32856,32732,32.0
573509.543030467,PLAYBACK,right,4,0.03932021057450186,2,32751,31895,31.0
573509.543069933,PLAYBACK,right,5,-0.0656846412604434,2,32815,32553,35.0
573509.543082277,PLAYBACK,right,6,-0.1950666056305792,2,32772,32956,35.0
573509.543090483,PLAYBACK,right,7,1.3389970244907303,2,32799,31263,33.0
573509.543098107,PLAYBACK,right,8,0.12256397344930114,2,32767,32730,32.0
573509.543106644,PLAYBACK,right,1,0.030497138933395007,2,32581,32607,31.0
573509.543113547,PLAYBACK,right,2,0.025510185397115137,2,32821,32764,32.0
573509.547114902,PLAYBACK,right,3,0.03625131609063814,2,32650,32747,32.0
573509.547132406,PLAYBACK,right,4,0.03932021057450186,2,32749,31753,31.0
573509.547144179,PLAYBACK,right,5,-0.0656846412604434,2,32732,32693,35.0
573509.547152355,PLAYBACK,right,6,-0.1950666056305792,2,32719,32755,35.0
573509.547162133,PLAYBACK,right,7,1.3389970244907303,2,32744,31225,33.0
573509.54717071,PLAYBACK,right,1,0.030497138933395007,2,32724,32632,31.0
573509.547180028,PLAYBACK,right,2,0.025510185397115137,2,32792,32782,32.0
573509.548423703,PLAYBACK,right,3,0.03625131609063814,2,32722,32807,32.0
573509.548444724,PLAYBACK,right,4,0.03932021057450186,2,32724,31954,31.0
573509.556234354,PLAYBACK,right,5,-0.0656846412604434,2,32710,32694,35.0
573509.556254523,PLAYBACK,right,6,-0.19545021744106172,2,32846,32566,35.0
573509.55626323,PLAYBACK,right,7,1.3389970244907303,2,32750,31201,33.0
573509.556271796,PLAYBACK,right,8,0.12256397344930114,2,32726,32791,32.0
573509.556281184,PLAYBACK,right,1,0.030497138933395007,2,32788,32611,31.0
573509.556290292,PLAYBACK,right,2,0.025510185397115137,2,32874,32784,32.0
573509.556299469,PLAYBACK,right,3,0.03625131609063814,2,32746,32625,32.0
573509.556308176,PLAYBACK,right,4,0.03932021057450186,2,32669,31741,31.0
573509.556317143,PLAYBACK,right,5,-0.0656846412604434,2,32756,32530,35.0
573509.556324497,PLAYBACK,right,6,-0.1950666056305792,2,32751,32962,35.0
573509.556330569,PLAYBACK,right,7,1.338613412680246,2,32757,31302,33.0
573509.556336801,PLAYBACK,right,1,0.030497138933395007,2,32752,32615,31.0
573509.556343003,PLAYBACK,right,2,0.025510185397115137,2,32741,32783,32.0
573509.557455064,PLAYBACK,right,3,0.03625131609063814,2,32900,32703,32.0
573509.557474141,PLAYBACK,right,4,0.03932021057450186,2,32731,31867,31.0
573509.558502472,PLAYBACK,right,5,-0.0656846412604434,2,32817,32752,35.0
573509.565556816,PLAYBACK,right,6,-0.19545021744106172,2,32745,32660,35.0
573509.565601632,PLAYBACK,right,7,1.338613412680246,2,32770,31375,33.0
573509.565620819,PLAYBACK,right,1,0.030497138933395007,2,32914,32622,31.0
573509.565637391,PLAYBACK,right,2,0.025510185397115137,2,32738,32754,32.0
573509.565651468,PLAYBACK,right,3,0.03625131609063814,2,32721,32720,32.0
573509.56566278,PLAYBACK,right,4,0.03932021057450186,2,32986,31980,31.0
573509.565674923,PLAYBACK,right,5,-0.0656846412604434,2,32787,32699,35.0
573509.565685444,PLAYBACK,right,6,-0.19545021744106172,2,32793,32864,35.0
573509.565696795,PLAYBACK,right,7,1.338613412680246,2,32735,31353,33.0
573509.565706163,PLAYBACK,right,8,0.12218036163881862,2,32873,32885,32.0
573509.56574086,PLAYBACK,right,1,0.030497138933395007,2,32747,32637,31.0
573509.565748054,PLAYBACK,right,2,0.025510185397115137,2,32807,32754,32.0
573509.565754266,PLAYBACK,right,3,0.03625131609063814,2,32688,32722,32.0
573509.566941533,PLAYBACK,left,1,0.0021098649576565265,0,32870,32767,31.0
573509.566969146,PLAYBACK,right,4,0.03932021057450186,2,32674,31782,31.0
573509.56809319,PLAYBACK,left,2,0.004411535820553425,0,32676,32767,32.0
573509.568114912,PLAYBACK,left,3,-0.055048294804302955,0,32812,32767,32.0
573509.568131785,PLAYBACK,right,5,-0.0656846412604434,2,32782,32545,35.0
573509.568139179,PLAYBACK,right,6,-0.19545021744106172,2,32815,32917,35.0
573509.56840957,PLAYBACK,left,4,0.018988784618905186,0,32781,32767,32.0
573509.568421583,PLAYBACK,right,7,1.338613412680246,2,32780,31339,33.0
573509.569262913,PLAYBACK,left,5,-0.9166404211490047,0,32819,32767,35.0
573509.569279996,PLAYBACK,right,1,0.03011352712291071,2,32715,32614,31.0
573509.576434904,PLAYBACK,left,6,0.033182421606774426,0,32887,32767,35.0
573509.576461796,PLAYBACK,left,7,0.008631265735866478,0,32759,32767,33.0
573509.576469991,PLAYBACK,left,8,-0.10069810025177439,0,32746,32767,32.0
573509.576498126,PLAYBACK,right,2,0.025510185397115137,2,32877,32748,32.0
573509.576509167,PLAYBACK,right,3,0.03625131609063814,2,32767,32784,32.0
573509.576519437,PLAYBACK,right,4,0.03932021057450186,2,32845,31943,31.0
573509.576529987,PLAYBACK,right,5,-0.0656846412604434,2,32798,32615,35.0
573509.576540487,PLAYBACK,right,6,-0.19545021744106172,2,32827,32667,35.0
573509.576550456,PLAYBACK,right,7,1.338613412680246,2,32822,31482,33.0
573509.576559955,PLAYBACK,right,8,0.12218036163881862,2,32752,32826,32.0
573509.576569273,PLAYBACK,right,1,0.030497138933395007,2,32867,32616,31.0
573509.576577118,PLAYBACK,right,2,0.025510185397115137,2,32821,32772,32.0
573509.57658361,PLAYBACK,right,3,0.03625131609063814,2,32812,32800,32.0
573509.576606645,PLAYBACK,right,4,0.03932021057450186,2,32676,32015,31.0
573509.576612646,PLAYBACK,right,5,-0.0656846412604434,2,32779,32788,35.0
573509.576618728,PLAYBACK,right,6,-0.19545021744106172,2,32804,32916,35.0
573509.578778457,PLAYBACK,right,7,1.338613412680246,2,32761,31518,33.0
573509.578853101,PLAYBACK,right,1,0.030497138933395007,2,32774,32610,31.0
573509.578862489,PLAYBACK,right,2,0.025510185397115137,2,32862,32754,32.0
573509.580030678,PLAYBACK,right,3,0.03625131609063814,2,32572,32802,32.0
573509.580055466,PLAYBACK,right,4,0.03932021057450186,2,32785,31949,31.0
573509.583465623,PLAYBACK,right,5,-0.0656846412604434,2,32750,32707,35.0
573509.583494368,PLAYBACK,right,6,-0.1950666056305792,2,32724,32866,35.0
573509.583503836,PLAYBACK,right,7,1.338613412680246,2,32709,31413,33.0
573509.583511591,PLAYBACK,right,1,0.030497138933395007,2,32733,32635,31.0
573509.583518324,PLAYBACK,right,2,0.025893797207599434,2,32754,32788,32.0
573509.583525258,PLAYBACK,right,3,0.03625131609063814,2,32782,32709,32.0
573509.587796393,PLAYBACK,right,4,0.03932021057450186,2,32783,31864,31.0
573509.587829707,PLAYBACK,right,5,-0.0656846412604434,2,32850,32732,35.0
573509.587842772,PLAYBACK,right,6,-0.19545021744106172,2,32734,32821,35.0
573509.587853412,PLAYBACK,right,7,1.338613412680246,2,32767,31190,33.0
573509.587863552,PLAYBACK,right,8,0.12256397344930114,2,32702,32691,32.0
573509.587873261,PLAYBACK,right,1,0.030497138933395007,2,32746,32627,31.0
573509.587882358,PLAYBACK,right,2,0.025510185397115137,2,32731,32729,32.0
573509.588815395,PLAYBACK,right,3,0.03625131609063814,2,32774,32830,32.0
573509.588848118,PLAYBACK,right,4,0.03932021057450186,2,32818,31841,31.0
573509.591748443,PLAYBACK,right,5,-0.0656846412604434,2,32849,32757,35.0
573509.591769944,PLAYBACK,right,6,-0.19545021744106172,2,32819,32781,35.0
573509.591780996,PLAYBACK,right,7,1.338613412680246,2,32813,31247,33.0
573509.591790925,PLAYBACK,right,1,0.03011352712291071,2,32773,32641,31.0
573509.591800183,PLAYBACK,right,2,0.025893797207599434,2,32849,32741,32.0
573509.596772799,PLAYBACK,right,3,0.03625131609063814,2,33023,32794,32.0
573509.596798308,PLAYBACK,right,4,0.03932021057450186,2,32925,31816,31.0
573509.596806694,PLAYBACK,right,5,-0.0656846412604434,2,32780,32660,35.0
573509.596813838,PLAYBACK,right,6,-0.19545021744106172,2,32674,32866,35.0
573509.596820591,PLAYBACK,right,7,1.338613412680246,2,32775,31488,33.0
573509.596826612,PLAYBACK,right,8,0.12256397344930114,2,32783,32799,32.0
573509.596832904,PLAYBACK,right,1,0.030497138933395007,2,32724,32632,31.0
573509.596839427,PLAYBACK,right,2,0.025510185397115137,2,32826,32746,32.0
573509.600839149,PLAYBACK,right,3,0.03625131609063814,2,32821,32844,32.0
573509.600865871,PLAYBACK,right,4,0.03932021057450186,2,32701,31823,31.0
573509.60087608,PLAYBACK,right,5,-0.0656846412604434,2,32679,32320,35.0
573509.600925205,PLAYBACK,right,6,-0.19545021744106172,2,32806,32698,35.0
573509.600932068,PLAYBACK,right,7,1.338613412680246,2,32731,31405,33.0
573509.600938871,PLAYBACK,right,1,0.03011352712291071,2,32634,32647,31.0
573509.600945865,PLAYBACK,right,2,0.025510185397115137,2,32858,32738,32.0
573509.602046264,PLAYBACK,right,3,0.03625131609063814,2,33018,32765,32.0
573509.602063577,PLAYBACK,right,4,0.03932021057450186,2,32586,31769,31.0
573509.606124878,PLAYBACK,right,5,-0.0656846412604434,2,32693,32551,35.0
573509.606169474,PLAYBACK,right,6,-0.1950666056305792,2,32769,32728,35.0
573509.606182268,PLAYBACK,right,7,1.338613412680246,2,32782,31101,33.0
573509.606192969,PLAYBACK,right,1,0.03011352712291071,2,32907,32665,31.0
573509.606202998,PLAYBACK,right,2,0.025893797207599434,2,32643,32791,32.0
573509.606212777,PLAYBACK,right,3,0.03586770428015562,2,32730,32775,32.0
573509.606222977,PLAYBACK,right,4,0.03970382238498438,2,32533,31834,31.0
573509.609685064,PLAYBACK,right,5,-0.0656846412604434,2,32731,32558,35.0
573509.609714641,PLAYBACK,right,6,-0.19545021744106172,2,32811,32710,35.0
573509.609725792,PLAYBACK,right,7,1.338613412680246,2,32859,31233,33.0
573509.609736493,PLAYBACK,right,8,0.12256397344930114,2,32826,32723,32.0
573509.609746502,PLAYBACK,right,1,0.03011352712291071,2,32764,32634,31.0
573509.609755559,PLAYBACK,right,2,0.025893797207599434,2,32682,32759,32.0
573509.610892689,PLAYBACK,right,3,0.03586770428015562,2,32811,32788,32.0
573509.610910603,PLAYBACK,right,4,0.03932021057450186,2,32758,31836,31.0
573509.612368571,PLAYBACK,right,5,-0.06530102944996088,2,32684,32372,35.0
573509.6124767,PLAYBACK,right,6,-0.1950666056305792,2,32720,32627,35.0
573509.61466322,PLAYBACK,right,7,1.338613412680246,2,32750,31632,33.0
573509.614687456,PLAYBACK,right,1,0.030497138933395007,2,32739,32654,31.0
573509.614696454,PLAYBACK,right,2,0.025893797207599434,2,32679,32734,32.0
573509.614703838,PLAYBACK,right,3,0.03586770428015562,2,32690,32721,32.0
573509.618508625,PLAYBACK,right,4,0.03932021057450186,2,32698,31635,31.0
573509.618530898,PLAYBACK,right,5,-0.06530102944996088,2,32738,32649,35.0
573509.618541889,PLAYBACK,right,6,-0.19545021744106172,2,32786,32784,35.0
573509.618555004,PLAYBACK,right,7,1.338613412680246,2,32662,31311,33.0
573509.618573139,PLAYBACK,right,8,0.12256397344930114,2,32733,33238,32.0
573509.618580754,PLAYBACK,right,1,0.03011352712291071,2,32751,32652,31.0
573509.618588138,PLAYBACK,right,2,0.025893797207599434,2,32758,32755,32.0
573509.619908842,PLAYBACK,left,1,0.0021098649576565265,0,32825,32767,31.0
573509.619961433,PLAYBACK,right,3,0.03586770428015562,2,32832,32879,32.0
573509.619973987,PLAYBACK,right,4,0.03970382238498438,2,32544,31846,31.0
573509.621121096,PLAYBACK,left,2,0.004411535820553425,0,32670,32767,32.0
573509.621200749,PLAYBACK,left,3,-0.055048294804302955,0,32580,32767,32.0
573509.621221088,PLAYBACK,left,4,0.018988784618905186,0,32579,32767,32.0
573509.621280112,PLAYBACK,right,5,-0.06530102944996088,2,32717,32683,35.0
573509.621311022,PLAYBACK,right,6,-0.19545021744106172,2,32777,32741,35.0
573509.622514098,PLAYBACK,left,5,-0.9166404211490047,0,32752,32767,35.0
573509.622569735,PLAYBACK,left,6,0.033182421606774426,0,32733,32767,35.0
573509.62264998,PLAYBACK,right,7,1.338613412680246,2,32759,31256,33.0
573509.622668165,PLAYBACK,right,1,0.03011352712291071,2,32751,32641,31.0
573509.623596332,PLAYBACK,left,7,0.008631265735866478,0,32761,32767,33.0
573509.623615549,PLAYBACK,left,8,-0.10069810025177439,0,32720,32767,32.0
573509.623630258,PLAYBACK,right,2,0.025893797207599434,2,32742,32746,32.0
573509.623638113,PLAYBACK,right,3,0.03586770428015562,2,32691,32841,32.0
573509.627850565,PLAYBACK,right,4,0.03970382238498438,2,32914,31613,31.0
573509.627871405,PLAYBACK,right,5,-0.06530102944996088,2,32715,32541,35.0
573509.627881484,PLAYBACK,right,6,-0.19545021744106172,2,32798,32760,35.0
573509.627889179,PLAYBACK,right,7,1.338613412680246,2,32800,31303,33.0
573509.627899219,PLAYBACK,right,8,0.12256397344930114,2,32844,32895,32.0
573509.627908035,PLAYBACK,right,1,0.03011352712291071,2,32837,32655,31.0
573509.627917784,PLAYBACK,right,2,0.025893797207599434,2,32775,32772,32.0
573509.629199342,PLAYBACK,right,3,0.03625131609063814,2,32706,32728,32.0
573509.629220162,PLAYBACK,right,4,0.03970382238498438,2,32616,31664,31.0
573509.631813366,PLAYBACK,right,5,-0.06530102944996088,2,32787,32456,35.0
573509.631854165,PLAYBACK,right,6,-0.19545021744106172,2,32747,32837,35.0
573509.631932475,PLAYBACK,right,7,1.338613412680246,2,32777,31584,33.0
573509.631944308,PLAYBACK,right,1,0.03011352712291071,2,32793,32666,31.0
573509.631951342,PLAYBACK,right,2,0.025893797207599434,2,32703,32739,32.0
573509.633122437,PLAYBACK,right,3,0.03625131609063814,2,32707,32869,32.0
573509.63314486,PLAYBACK,right,4,0.03970382238498438,2,32769,31786,31.0
573509.637050801,PLAYBACK,right,5,-0.06530102944996088,2,32794,32746,35.0
573509.637082082,PLAYBACK,right,6,-0.19545021744106172,2,32796,32764,35.0
573509.63709143,PLAYBACK,right,7,1.338613412680246,2,32664,31376,33.0
573509.637150834,PLAYBACK,right,8,0.12256397344930114,2,32791,32851,32.0
573509.63715923,PLAYBACK,right,1,0.03011352712291071,2,32688,32675,31.0
573509.637170151,PLAYBACK,right,2,0.025510185397115137,2,32850,32729,32.0
573509.637180551,PLAYBACK,right,3,0.03625131609063814,2,33040,32871,32.0
573509.640997993,PLAYBACK,right,4,0.03970382238498438,2,32837,31769,31.0
573509.641047628,PLAYBACK,right,5,-0.0656846412604434,2,32776,32583,35.0
573509.641061815,PLAYBACK,right,6,-0.19545021744106172,2,32782,32858,35.0
573509.641076253,PLAYBACK,right,7,1.3382298008697635,2,32796,31393,33.0
573509.641086573,PLAYBACK,right,1,0.03011352712291071,2,32713,32678,31.0
573509.641094378,PLAYBACK,right,2,0.025510185397115137,2,32813,32740,32.0
573509.642293247,PLAYBACK,right,3,0.03625131609063814,2,32604,32711,32.0
573509.642319097,PLAYBACK,right,4,0.03970382238498438,2,32662,31768,31.0
573509.643484751,PLAYBACK,right,5,-0.06530102944996088,2,32765,32502,35.0
573509.643505,PLAYBACK,right,6,-0.19545021744106172,2,32788,32859,35.0
573509.65061916,PLAYBACK,right,7,1.3382298008697635,2,32776,31383,33.0
573509.650643988,PLAYBACK,right,1,0.03011352712291071,2,32744,32684,31.0
573509.650653827,PLAYBACK,right,2,0.025510185397115137,2,32847,32749,32.0
573509.650661762,PLAYBACK,right,3,0.03625131609063814,2,32820,32779,32.0
573509.650669437,PLAYBACK,right,4,0.040087434195468674,2,32697,31750,31.0
573509.650676901,PLAYBACK,right,5,-0.06530102944996088,2,32692,32670,35.0
573509.650684696,PLAYBACK,right,6,-0.19545021744106172,2,32791,32851,35.0
573509.650692311,PLAYBACK,right,7,1.3382298008697635,2,32785,31475,33.0
573509.650699425,PLAYBACK,right,8,0.12256397344930114,2,32742,32764,32.0
573509.650706338,PLAYBACK,right,1,0.02972991531242819,2,32869,32689,31.0
573509.650731697,PLAYBACK,right,2,0.025510185397115137,2,32697,32739,32.0
573509.650776403,PLAYBACK,right,3,0.03625131609063814,2,32667,32668,32.0
573509.652112275,PLAYBACK,right,4,0.040087434195468674,2,32767,31746,31.0
573509.652230353,PLAYBACK,right,5,-0.0656846412604434,2,32761,32572,35.0
573509.65226528,PLAYBACK,right,6,-0.19545021744106172,2,32782,32709,35.0
573509.65350665,PLAYBACK,right,7,1.337846189059281,2,32792,31402,33.0
573509.653543191,PLAYBACK,right,8,0.12256397344930114,2,32795,32912,32.0
573509.659151831,PLAYBACK,right,1,0.03011352712291071,2,32773,32687,31.0
573509.65919265,PLAYBACK,right,2,0.025510185397115137,2,32780,32746,32.0
573509.659206978,PLAYBACK,right,3,0.03625131609063814,2,32735,32743,32.0
573509.659219021,PLAYBACK,right,4,0.040087434195468674,2,32780,31687,31.0
573509.659227607,PLAYBACK,right,5,-0.06530102944996088,2,32838,32530,35.0
573509.659235643,PLAYBACK,right,6,-0.19545021744106172,2,32787,32902,35.0
573509.659243428,PLAYBACK,right,7,1.3382298008697635,2,32752,31247,33.0
573509.659251062,PLAYBACK,right,8,0.12256397344930114,2,32696,32784,32.0
573509.659257856,PLAYBACK,right,1,0.02972991531242819,2,32869,32685,31.0
573509.659266131,PLAYBACK,right,2,0.025510185397115137,2,32716,32762,32.0
573509.660473887,PLAYBACK,right,3,0.03625131609063814,2,32669,32682,32.0
573509.660509847,PLAYBACK,right,4,0.040471046005951195,2,32655,31647,31.0
573509.661666183,PLAYBACK,right,5,-0.0656846412604434,2,32838,32557,35.0
573509.6617578,PLAYBACK,right,6,-0.19545021744106172,2,32719,32744,35.0
573509.662951528,PLAYBACK,right,7,1.337846189059281,2,32777,31521,33.0
573509.662974693,PLAYBACK,right,1,0.02972991531242819,2,32821,32679,31.0
573509.663458364,PLAYBACK,right,2,0.025510185397115137,2,32835,32727,32.0
573509.668465958,PLAYBACK,right,3,0.03586770428015562,2,32904,32825,32.0
573509.668496787,PLAYBACK,right,4,0.040471046005951195,2,32728,31757,31.0
573509.668505103,PLAYBACK,right,5,-0.0656846412604434,2,32724,32690,35.0
573509.668512046,PLAYBACK,right,6,-0.19545021744106172,2,32793,32867,35.0
573509.668518729,PLAYBACK,right,7,1.337846189059281,2,32774,31492,33.0
573509.668525001,PLAYBACK,right,8,0.12256397344930114,2,32777,32761,32.0
573509.668532345,PLAYBACK,right,1,0.02972991531242819,2,32705,32671,31.0
573509.66854006,PLAYBACK,right,2,0.025510185397115137,2,32839,32737,32.0
573509.672591642,PLAYBACK,right,3,0.03586770428015562,2,32764,32759,32.0
573509.672609356,PLAYBACK,right,4,0.040854657816433715,2,32575,31680,31.0
573509.672618113,PLAYBACK,right,5,-0.0656846412604434,2,32786,32503,35.0
573509.672625888,PLAYBACK,right,6,-0.1950666056305792,2,32767,32847,35.0
573509.672633202,PLAYBACK,right,7,1.3374625772487985,2,32792,31408,33.0
573509.672640426,PLAYBACK,right,1,0.02934630350194567,2,32849,32695,31.0
573509.67264734,PLAYBACK,right,2,0.025893797207599434,2,32784,32737,32.0
573509.673545499,PLAYBACK,left,1,0.0021098649576565265,0,32799,32767,31.0
573509.67358755,PLAYBACK,right,3,0.03586770428015562,2,33032,32854,32.0
573509.673600435,PLAYBACK,right,4,0.040854657816433715,2,32868,31708,31.0
573509.676413141,PLAYBACK,left,2,0.004411535820553425,0,32696,32767,32.0
573509.676436486,PLAYBACK,left,3,-0.055048294804302955,0,32801,32767,32.0
573509.676444391,PLAYBACK,left,4,0.018988784618905186,0,32816,32767,32.0
573509.676451255,PLAYBACK,left,5,-0.9166404211490047,0,32772,32767,35.0
573509.676482044,PLAYBACK,right,5,-0.0656846412604434,2,32832,32730,35.0
573509.67649033,PLAYBACK,right,6,-0.19545021744106172,2,32744,32830,35.0
573509.676497784,PLAYBACK,right,7,1.3374625772487985,2,32708,31325,33.0
573509.676504277,PLAYBACK,right,1,0.02934630350194567,2,32815,32678,31.0
573509.676510799,PLAYBACK,right,2,0.025510185397115137,2,32729,32710,32.0
573509.683162859,PLAYBACK,left,6,0.033182421606774426,0,32759,32767,35.0
573509.68319966,PLAYBACK,left,7,0.008631265735866478,0,32785,32767,33.0
573509.683212184,PLAYBACK,left,8,-0.10108171206225691,0,32773,32767,32.0
573509.683236761,PLAYBACK,right,3,0.03586770428015562,2,32667,32766,32.0
573509.683248815,PLAYBACK,right,4,0.041238269626916235,2,32637,31626,31.0
573509.683258694,PLAYBACK,right,5,-0.0656846412604434,2,32775,32652,35.0
573509.683268132,PLAYBACK,right,6,-0.19545021744106172,2,32770,32906,35.0
573509.683277219,PLAYBACK,right,7,1.3374625772487985,2,32805,31247,33.0
573509.683286537,PLAYBACK,right,8,0.12218036163881862,2,32839,32639,32.0
573509.683296086,PLAYBACK,right,1,0.02934630350194567,2,32833,32695,31.0
573509.683305464,PLAYBACK,right,2,0.025510185397115137,2,32681,32703,32.0
573509.683315373,PLAYBACK,right,3,0.03625131609063814,2,32674,32788,32.0
573509.68332404,PLAYBACK,right,4,0.041238269626916235,2,32729,31563,31.0
573509.683357053,PLAYBACK,right,5,-0.0656846412604434,2,32692,32528,35.0
573509.685628668,PLAYBACK,right,6,-0.19545021744106172,2,32727,32794,35.0
573509.685652343,PLAYBACK,right,7,1.3374625772487985,2,32793,31407,33.0
573509.685664036,PLAYBACK,right,1,0.02934630350194567,2,32814,32710,31.0
573509.68567167,PLAYBACK,right,2,0.025510185397115137,2,32736,32720,32.0
573509.686791437,PLAYBACK,right,3,0.03625131609063814,2,32876,32837,32.0
573509.686856642,PLAYBACK,right,4,0.04162188143740053,2,32680,31632,31.0
573509.690773234,PLAYBACK,right,5,-0.0656846412604434,2,32759,32588,35.0
573509.690799295,PLAYBACK,right,6,-0.19545021744106172,2,32797,32716,35.0
573509.690808422,PLAYBACK,right,7,1.3374625772487985,2,32761,31540,33.0
573509.690815275,PLAYBACK,right,1,0.02896269169146315,2,32758,32688,31.0
573509.690821898,PLAYBACK,right,2,0.025510185397115137,2,32645,32721,32.0
573509.69082811,PLAYBACK,right,3,0.03625131609063814,2,32833,32728,32.0
573509.690834262,PLAYBACK,right,4,0.04162188143740053,2,32821,31724,31.0
573509.694447029,PLAYBACK,right,5,-0.06530102944996088,2,32720,32665,35.0
573509.694469091,PLAYBACK,right,6,-0.19545021744106172,2,32782,32628,35.0
573509.694478349,PLAYBACK,right,7,1.3374625772487985,2,32803,31238,33.0
573509.694485443,PLAYBACK,right,8,0.12256397344930114,2,32832,32700,32.0
573509.694491885,PLAYBACK,right,1,0.02934630350194567,2,32798,32724,31.0
573509.694498929,PLAYBACK,right,2,0.025893797207599434,2,32779,32745,32.0
573509.695618345,PLAYBACK,right,3,0.03625131609063814,2,32718,32736,32.0
573509.695635728,PLAYBACK,right,4,0.04200549324788305,2,32674,31747,31.0
573509.696786244,PLAYBACK,right,5,-0.0656846412604434,2,32767,32525,35.0
573509.696830289,PLAYBACK,right,6,-0.1950666056305792,2,32742,32839,35.0
573509.698008056,PLAYBACK,right,7,1.3374625772487985,2,32783,31361,33.0
573509.698030229,PLAYBACK,right,1,0.02896269169146315,2,32696,32716,31.0
573509.699436377,PLAYBACK,right,2,0.025510185397115137,2,32862,32717,32.0
573509.699451136,PLAYBACK,right,3,0.03625131609063814,2,32681,32734,32.0
573509.703465296,PLAYBACK,right,4,0.04238910505836557,2,32871,31783,31.0
573509.703497187,PLAYBACK,right,5,-0.0656846412604434,2,32832,32593,35.0
573509.703508509,PLAYBACK,right,6,-0.1950666056305792,2,32762,32728,35.0
573509.703517656,PLAYBACK,right,7,1.3370789654383142,2,32803,31406,33.0
573509.703526413,PLAYBACK,right,8,0.12256397344930114,2,32748,32917,32.0
573509.703535681,PLAYBACK,right,1,0.02896269169146315,2,32878,32720,31.0
573509.7035454,PLAYBACK,right,2,0.025510185397115137,2,32892,32765,32.0
573509.704773384,PLAYBACK,right,3,0.03625131609063814,2,32864,32786,32.0
573509.70482312,PLAYBACK,right,4,0.04277271686884809,2,32727,31704,31.0
573509.705996079,PLAYBACK,right,5,-0.06530102944996088,2,32671,32534,35.0
573509.706177067,PLAYBACK,right,6,-0.19545021744106172,2,32831,32861,35.0
573509.707511427,PLAYBACK,right,7,1.3370789654383142,2,32771,31371,33.0
573509.707623243,PLAYBACK,right,1,0.02896269169146315,2,32753,32701,31.0
573509.707665083,PLAYBACK,right,2,0.025510185397115137,2,32780,32734,32.0
573509.708468851,PLAYBACK,right,3,0.03625131609063814,2,32953,32778,32.0
573509.712436491,PLAYBACK,right,4,0.04277271686884809,2,32736,31541,31.0
573509.712469525,PLAYBACK,right,5,-0.0656846412604434,2,32832,32534,35.0
573509.712477881,PLAYBACK,right,6,-0.19545021744106172,2,32738,32834,35.0
573509.712486888,PLAYBACK,right,7,1.3370789654383142,2,32753,31535,33.0
573509.712494894,PLAYBACK,right,8,0.12256397344930114,2,32769,32810,32.0
573509.712502068,PLAYBACK,right,1,0.028579079880978853,2,32843,32731,31.0
573509.712509442,PLAYBACK,right,2,0.025893797207599434,2,32684,32748,32.0
573509.713431698,PLAYBACK,right,3,0.03625131609063814,2,32724,32734,32.0
573509.716801918,PLAYBACK,right,4,0.04353994048981491,2,32616,31591,31.0
573509.716823389,PLAYBACK,right,5,-0.06530102944996088,2,32786,32563,35.0
573509.716834841,PLAYBACK,right,6,-0.19545021744106172,2,32760,32724,35.0
573509.716844259,PLAYBACK,right,7,1.3370789654383142,2,32788,31501,33.0
573509.716852896,PLAYBACK,right,1,0.028579079880978853,2,32799,32727,31.0
573509.716861613,PLAYBACK,right,2,0.025893797207599434,2,32741,32749,32.0
573509.718154382,PLAYBACK,right,3,0.03586770428015562,2,32926,32769,32.0
573509.718178589,PLAYBACK,right,4,0.04353994048981491,2,32634,31665,31.0
573509.718185823,PLAYBACK,right,5,-0.06530102944996088,2,32796,32599,35.0
573509.720894258,PLAYBACK,right,6,-0.19545021744106172,2,32789,32786,35.0
573509.72093146,PLAYBACK,right,7,1.3366953536278317,2,32738,31306,33.0
573509.720940908,PLAYBACK,right,8,0.12256397344930114,2,32799,32763,32.0
573509.720948443,PLAYBACK,right,1,0.028195468070496332,2,32815,32733,31.0
573509.725806728,PLAYBACK,right,2,0.025510185397115137,2,32859,32811,32.0
573509.725832488,PLAYBACK,right,3,0.03625131609063814,2,32665,32789,32.0
573509.725842337,PLAYBACK,right,4,0.04430716411077995,2,32514,31695,31.0
573509.72584937,PLAYBACK,right,5,-0.06530102944996088,2,32781,32701,35.0
573509.725856534,PLAYBACK,right,6,-0.19545021744106172,2,32786,32888,35.0
573509.725863317,PLAYBACK,right,7,1.3363117418173491,2,32891,31310,33.0
573509.72586976,PLAYBACK,right,1,0.028195468070496332,2,32771,32743,31.0
573509.725876252,PLAYBACK,right,2,0.025510185397115137,2,32869,32757,32.0
573509.729817802,PLAYBACK,left,1,0.0021098649576565265,0,32779,32767,31.0
573509.729832932,PLAYBACK,left,2,0.004411535820553425,0,32826,32767,32.0
573509.729840346,PLAYBACK,left,3,-0.055048294804302955,0,32823,32767,32.0
573509.729847139,PLAYBACK,left,4,0.018988784618905186,0,32695,32767,32.0
573509.729853581,PLAYBACK,left,5,-0.9166404211490047,0,32797,32767,35.0
573509.729860505,PLAYBACK,left,6,0.033182421606774426,0,32733,32767,35.0
573509.729872598,PLAYBACK,right,3,0.03625131609063814,2,32706,32777,32.0
573509.729879451,PLAYBACK,right,4,0.04430716411077995,2,32731,31686,31.0
573509.729886194,PLAYBACK,right,5,-0.06530102944996088,2,32717,32552,35.0
573509.729892817,PLAYBACK,right,6,-0.1950666056305792,2,32723,32803,35.0
573509.729899139,PLAYBACK,right,7,1.3363117418173491,2,32812,31487,33.0
573509.729905411,PLAYBACK,right,1,0.028195468070496332,2,32884,32742,31.0
573509.729911934,PLAYBACK,right,2,0.025893797207599434,2,32744,32719,32.0
573509.731071366,PLAYBACK,left,7,0.009014877546348998,0,32704,32767,33.0
573509.731116173,PLAYBACK,left,8,-0.10108171206225691,0,32843,32767,32.0
573509.731144888,PLAYBACK,right,3,0.03625131609063814,2,32790,32736,32.0
573509.731159296,PLAYBACK,right,4,0.04469077592126247,2,32646,31719,31.0
573509.735855669,PLAYBACK,right,5,-0.06530102944996088,2,32694,32548,35.0
573509.735880808,PLAYBACK,right,6,-0.19545021744106172,2,32827,32821,35.0
573509.73589248,PLAYBACK,right,7,1.3363117418173491,2,32691,31546,33.0
573509.735901407,PLAYBACK,right,1,0.028195468070496332,2,32885,32757,31.0
573509.735909293,PLAYBACK,right,2,0.025510185397115137,2,32856,32722,32.0
573509.735916096,PLAYBACK,right,3,0.03625131609063814,2,32789,32740,32.0
573509.735922378,PLAYBACK,right,4,0.04545799954222929,2,32596,31737,31.0
573509.735928289,PLAYBACK,right,5,-0.06530102944996088,2,32751,32460,35.0
573509.73856123,PLAYBACK,right,6,-0.19545021744106172,2,32790,32798,35.0
573509.738578332,PLAYBACK,right,7,1.3359281300068666,2,32780,31261,33.0
573509.738586709,PLAYBACK,right,8,0.12256397344930114,2,32769,32831,32.0
573509.738596107,PLAYBACK,right,1,0.027811856260013812,2,32870,32749,31.0
573509.739719239,PLAYBACK,right,2,0.025510185397115137,2,32833,32751,32.0
573509.739736953,PLAYBACK,right,3,0.03625131609063814,2,32598,32748,32.0
573509.739744408,PLAYBACK,right,4,0.04584161135271181,2,32528,31855,31.0
573509.740886427,PLAYBACK,right,5,-0.06530102944996088,2,32862,32425,35.0
573509.74091405,PLAYBACK,right,6,-0.19545021744106172,2,32696,32797,35.0
573509.742097199,PLAYBACK,right,7,1.3359281300068666,2,32842,31369,34.0
573509.742137837,PLAYBACK,right,1,0.027811856260013812,2,32875,32754,31.0
573509.743550748,PLAYBACK,right,2,0.025510185397115137,2,32878,32734,32.0
573509.743571969,PLAYBACK,right,3,0.03625131609063814,2,32812,32680,32.0
573509.747601508,PLAYBACK,right,4,0.04622522316319433,2,32452,31798,31.0
573509.747651474,PLAYBACK,right,5,-0.06530102944996088,2,32734,32668,35.0
573509.747664079,PLAYBACK,right,6,-0.19545021744106172,2,32791,32835,35.0
573509.747679919,PLAYBACK,right,7,1.3359281300068666,2,32823,31487,33.0
573509.747703575,PLAYBACK,right,8,0.12256397344930114,2,32802,32831,32.0
573509.74772188,PLAYBACK,right,1,0.027811856260013812,2,32731,32767,31.0
573509.747736037,PLAYBACK,right,2,0.025510185397115137,2,32779,32750,32.0
573509.748466213,PLAYBACK,right,3,0.03625131609063814,2,32545,32794,32.0
573509.751864107,PLAYBACK,right,4,0.046608834973678626,2,32546,31790,31.0
573509.751883243,PLAYBACK,right,5,-0.06530102944996088,2,32779,32684,35.0
573509.751892692,PLAYBACK,right,6,-0.1950666056305792,2,32738,32884,35.0
573509.751900416,PLAYBACK,right,7,1.3359281300068666,2,32720,31334,33.0
573509.751907751,PLAYBACK,right,1,0.02742824444953129,2,32747,32748,31.0
573509.751914734,PLAYBACK,right,2,0.025510185397115137,2,32904,32752,32.0
573509.75303425,PLAYBACK,right,3,0.03586770428015562,2,32908,32780,32.0
573509.753232963,PLAYBACK,right,4,0.047376058594643666,2,32697,31838,31.0
573509.756743052,PLAYBACK,right,5,-0.06530102944996088,2,32717,32544,35.0
573509.756794351,PLAYBACK,right,6,-0.19545021744106172,2,32768,32712,35.0
573509.75680947,PLAYBACK,right,7,1.3355445181963823,2,32878,31254,33.0
573509.756820982,PLAYBACK,right,8,0.12256397344930114,2,32845,32843,32.0
573509.756831402,PLAYBACK,right,1,0.02742824444953129,2,32715,32753,31.0
573509.756841842,PLAYBACK,right,2,0.025893797207599434,2,32590,32730,32.0
573509.760802159,PLAYBACK,right,3,0.03625131609063814,2,32692,32755,32.0
573509.760834812,PLAYBACK,right,4,0.04775967040512619,2,32627,31860,31.0
573509.760864779,PLAYBACK,right,5,-0.06530102944996088,2,32744,32575,35.0
573509.760884898,PLAYBACK,right,6,-0.19545021744106172,2,32790,32814,35.0
573509.760895468,PLAYBACK,right,7,1.3355445181963823,2,32795,31518,33.0
573509.760910057,PLAYBACK,right,1,0.027044632639046995,2,33003,32761,31.0
573509.760923412,PLAYBACK,right,2,0.025510185397115137,2,32646,32752,32.0
573509.762068467,PLAYBACK,right,3,0.03625131609063814,2,32691,32780,32.0
573509.762108705,PLAYBACK,right,4,0.048526894026093004,2,32440,31880,31.0
573509.763266624,PLAYBACK,right,5,-0.06530102944996088,2,32758,32627,35.0
573509.763283547,PLAYBACK,right,6,-0.19545021744106172,2,32793,32820,35.0
573509.766441989,PLAYBACK,right,7,1.3355445181963823,2,32772,31555,33.0
573509.766464693,PLAYBACK,right,1,0.027044632639046995,2,32863,32767,31.0
573509.766477277,PLAYBACK,right,2,0.025510185397115137,2,32781,32751,32.0
573509.766487547,PLAYBACK,right,3,0.03625131609063814,2,32757,32831,32.0
573509.766496484,PLAYBACK,right,4,0.048910505836575524,2,32681,31901,31.0
573509.77017622,PLAYBACK,right,5,-0.06530102944996088,2,32684,32577,35.0
573509.770196519,PLAYBACK,right,6,-0.19545021744106172,2,32783,32829,35.0
573509.770216808,PLAYBACK,right,7,1.3355445181963823,2,32703,31266,33.0
573509.770223862,PLAYBACK,right,8,0.12256397344930114,2,32787,32769,32.0
573509.770231016,PLAYBACK,right,1,0.026661020828564475,2,32997,32749,31.0
573509.770237909,PLAYBACK,right,2,0.025510185397115137,2,32666,32739,32.0
573509.770244462,PLAYBACK,right,3,0.03586770428015562,2,32879,32800,32.0
573509.771422049,PLAYBACK,right,4,0.05006134126802486,2,32285,31932,31.0
573509.772567305,PLAYBACK,right,5,-0.06530102944996088,2,32798,32406,35.0
573509.772591161,PLAYBACK,right,6,-0.19545021744106172,2,32721,32753,35.0
573509.773459543,PLAYBACK,right,7,1.3351609063858998,2,32866,31505,33.0
573509.773495131,PLAYBACK,right,8,0.12256397344930114,2,32781,32842,32.0
573509.779229865,PLAYBACK,right,1,0.026661020828564475,2,32976,32752,31.0
573509.779248932,PLAYBACK,right,2,0.025510185397115137,2,32694,32743,32.0
573509.779256877,PLAYBACK,right,3,0.03586770428015562,2,32816,32845,32.0
573509.779264321,PLAYBACK,right,4,0.0508285648889899,2,32528,31941,31.0
573509.779271345,PLAYBACK,right,5,-0.06530102944996088,2,32772,32501,35.0
573509.779278689,PLAYBACK,right,6,-0.19545021744106172,2,32749,32845,35.0
573509.779285853,PLAYBACK,right,7,1.3351609063858998,2,32822,31639,33.0
573509.779293427,PLAYBACK,right,8,0.12256397344930114,2,32730,32811,32.0
573509.779299609,PLAYBACK,right,1,0.026277409018081954,2,32921,32763,31.0
573509.779305811,PLAYBACK,right,2,0.025510185397115137,2,32813,32729,32.0
573509.780497776,PLAYBACK,left,1,0.0021098649576565265,0,32733,32767,31.0
573509.780587048,PLAYBACK,right,3,0.03586770428015562,2,32756,32763,32.0
573509.780617888,PLAYBACK,right,4,0.05159578850995672,2,32378,32090,31.0
573509.781774805,PLAYBACK,left,2,0.004411535820553425,0,32811,32767,32.0
573509.781809362,PLAYBACK,left,3,-0.055048294804302955,0,32839,32767,32.0
573509.781839861,PLAYBACK,right,5,-0.06530102944996088,2,32804,32714,35.0
573509.781855641,PLAYBACK,right,6,-0.19545021744106172,2,32720,32854,35.0
573509.783019392,PLAYBACK,left,4,0.018988784618905186,0,32693,32767,32.0
573509.783052667,PLAYBACK,left,5,-0.9166404211490047,0,32839,32767,35.0
573509.783071112,PLAYBACK,right,7,1.3347772945754173,2,32772,31402,33.0
573509.783079238,PLAYBACK,right,1,0.025893797207599434,2,32838,32766,31.0
573509.7835064,PLAYBACK,left,6,0.033182421606774426,0,32764,32767,35.0
573509.783539163,PLAYBACK,right,2,0.025510185397115137,2,32842,32713,32.0
573509.788242621,PLAYBACK,left,7,0.008631265735866478,0,32748,32767,33.0
573509.78826824,PLAYBACK,left,8,-0.10108171206225691,0,32791,32767,32.0
573509.788290583,PLAYBACK,right,3,0.03586770428015562,2,32966,32761,32.0
573509.788301845,PLAYBACK,right,4,0.05274662394140606,2,32260,31960,31.0
573509.788309229,PLAYBACK,right,5,-0.06530102944996088,2,32817,32455,35.0
573509.788319038,PLAYBACK,right,6,-0.19545021744106172,2,32730,32601,35.0
573509.788326222,PLAYBACK,right,7,1.3343936827649348,2,32844,31403,33.0
573509.788333656,PLAYBACK,right,8,0.12256397344930114,2,32775,32859,32.0
573509.78834075,PLAYBACK,right,1,0.025893797207599434,2,32934,32751,31.0
573509.788347723,PLAYBACK,right,2,0.025893797207599434,2,32741,32728,32.0
573509.789864323,PLAYBACK,right,3,0.03625131609063814,2,32633,32761,32.0
573509.789887688,PLAYBACK,right,4,0.0535138475623711,2,32363,32078,31.0
573509.789896666,PLAYBACK,right,5,-0.06530102944996088,2,32790,32567,35.0
573509.792408142,PLAYBACK,right,6,-0.19545021744106172,2,32740,32644,35.0
573509.792435174,PLAYBACK,right,7,1.3343936827649348,2,32817,31533,33.0
573509.792443951,PLAYBACK,right,1,0.025510185397115137,2,32990,32733,31.0
573509.792451886,PLAYBACK,right,2,0.025510185397115137,2,32886,32727,32.0
573509.793641327,PLAYBACK,right,3,0.03586770428015562,2,32758,32815,32.0
573509.793682065,PLAYBACK,right,4,0.05428107118333614,2,32427,32111,31.0
573509.801615693,PLAYBACK,right,5,-0.06530102944996088,2,32772,32451,35.0
573509.80163465,PLAYBACK,right,6,-0.1950666056305792,2,32773,33225,35.0
573509.801643396,PLAYBACK,right,7,1.3343936827649348,2,32789,31570,33.0
573509.801651041,PLAYBACK,right,8,0.12256397344930114,2,32833,32655,32.0
573509.801658596,PLAYBACK,right,1,0.025126573586632617,2,32965,32743,31.0
573509.80166616,PLAYBACK,right,2,0.025510185397115137,2,32824,32758,32.0
573509.801672983,PLAYBACK,right,3,0.03625131609063814,2,32665,32824,32.0
573509.801680117,PLAYBACK,right,4,0.055431906614785476,2,32394,32220,31.0
573509.801686429,PLAYBACK,right,5,-0.06530102944996088,2,32831,32393,35.0
573509.801693022,PLAYBACK,right,6,-0.19545021744106172,2,32740,32890,35.0
573509.801699354,PLAYBACK,right,7,1.3343936827649348,2,32781,31496,34.0
573509.801705336,PLAYBACK,right,1,0.024742961776150096,2,32707,32759,31.0
573509.801711898,PLAYBACK,right,2,0.025510185397115137,2,32757,32744,32.0
573509.802888454,PLAYBACK,right,3,0.03625131609063814,2,32835,32730,32.0
573509.802933631,PLAYBACK,right,4,0.05619913023575229,2,32515,32111,31.0
573509.803518387,PLAYBACK,right,5,-0.06530102944996088,2,32761,32380,35.0
573509.805930091,PLAYBACK,right,6,-0.19545021744106172,2,32869,32672,35.0
573509.805978445,PLAYBACK,right,7,1.333626459143968,2,32809,31629,33.0
573509.805996359,PLAYBACK,right,1,0.024359349965667576,2,32956,32749,31.0
573509.806028431,PLAYBACK,right,2,0.025893797207599434,2,32798,32740,32.0
573509.806072666,PLAYBACK,right,3,0.03586770428015562,2,32814,32753,32.0
573509.810612308,PLAYBACK,right,4,0.05696635385671733,2,32345,32201,31.0
573509.810665831,PLAYBACK,right,5,-0.06530102944996088,2,32781,32496,35.0
573509.810676261,PLAYBACK,right,6,-0.19545021744106172,2,32852,32884,35.0
573509.810689276,PLAYBACK,right,7,1.333626459143968,2,32864,31636,33.0
573509.810711048,PLAYBACK,right,8,0.12256397344930114,2,32735,32678,32.0
573509.810729423,PLAYBACK,right,1,0.023975738155185056,2,33000,32785,31.0
573509.81074869,PLAYBACK,right,2,0.025510185397115137,2,32759,32724,32.0
573509.814870077,PLAYBACK,right,3,0.03586770428015562,2,32836,32746,32.0
573509.814889194,PLAYBACK,right,4,0.05773357747768415,2,32448,32111,31.0
573509.814898021,PLAYBACK,right,5,-0.06530102944996088,2,32707,32529,35.0
573509.814906006,PLAYBACK,right,6,-0.19545021744106172,2,32805,32814,35.0
573509.814913851,PLAYBACK,right,7,1.3332428473334854,2,32804,31449,33.0
573509.814922057,PLAYBACK,right,1,0.023975738155185056,2,32867,32763,31.0
573509.814931305,PLAYBACK,right,2,0.025510185397115137,2,32732,32741,32.0
573509.816044709,PLAYBACK,right,3,0.03586770428015562,2,33009,32786,32.0
573509.816110355,PLAYBACK,right,4,0.05850080109864919,2,32470,32132,31.0
573509.819551051,PLAYBACK,right,5,-0.06530102944996088,2,32727,32454,35.0
573509.819582331,PLAYBACK,right,6,-0.19545021744106172,2,32747,32859,35.0
573509.819593493,PLAYBACK,right,7,1.3332428473334854,2,32811,31568,33.0
573509.819603562,PLAYBACK,right,1,0.02359212634470076,2,33064,32779,31.0
573509.819613311,PLAYBACK,right,2,0.025510185397115137,2,32798,32733,32.0
573509.819622308,PLAYBACK,right,3,0.03586770428015562,2,32808,32853,32.0
573509.823773903,PLAYBACK,right,4,0.05926802471961601,2,32427,32073,31.0
573509.823801796,PLAYBACK,right,5,-0.06491741763947659,2,32784,32513,35.0
573509.82381417,PLAYBACK,right,6,-0.19545021744106172,2,32767,32696,35.0
573509.823825161,PLAYBACK,right,7,1.332859235523003,2,32851,31641,33.0
573509.823834199,PLAYBACK,right,8,0.12256397344930114,2,32734,32771,32.0
573509.823844649,PLAYBACK,right,1,0.02320851453421824,2,33038,32789,31.0
573509.823854107,PLAYBACK,right,2,0.025510185397115137,2,32839,32729,32.0
573509.825077153,PLAYBACK,right,3,0.03586770428015562,2,32867,32755,32.0
573509.82513781,PLAYBACK,right,4,0.06003524834058105,2,32364,32152,31.0
573509.826324845,PLAYBACK,right,5,-0.06530102944996088,2,32827,32448,35.0
573509.826344874,PLAYBACK,right,6,-0.19545021744106172,2,32738,32845,35.0
573509.828425009,PLAYBACK,right,7,1.332859235523003,2,32895,31519,33.0
573509.828442844,PLAYBACK,right,1,0.02282490272373572,2,33074,32788,31.0
573509.82845134,PLAYBACK,right,2,0.025893797207599434,2,32768,32717,32.0
573509.828458484,PLAYBACK,right,3,0.03586770428015562,2,32886,32768,32.0
573509.832654545,PLAYBACK,right,4,0.060802471961547866,2,32399,32144,31.0
573509.832670465,PLAYBACK,right,5,-0.06491741763947659,2,32769,32516,35.0
573509.832678911,PLAYBACK,right,6,-0.19545021744106172,2,32747,32652,35.0
573509.832686666,PLAYBACK,right,7,1.3324756237125204,2,32874,31524,33.0
573509.832693169,PLAYBACK,right,8,0.12256397344930114,2,32693,32813,32.0
573509.832699812,PLAYBACK,right,1,0.02282490272373572,2,32921,32802,31.0
573509.832707296,PLAYBACK,right,2,0.025893797207599434,2,32708,32733,32.0
573509.833475946,PLAYBACK,right,3,0.03586770428015562,2,32825,32754,32.0
573509.836771533,PLAYBACK,left,1,0.0021098649576565265,0,32663,32767,31.0
573509.836785229,PLAYBACK,left,2,0.004411535820553425,0,32974,32767,32.0
573509.836792483,PLAYBACK,left,3,-0.055048294804302955,0,32778,32767,32.0
573509.836798805,PLAYBACK,left,4,0.018988784618905186,0,32737,32767,32.0
573509.836804827,PLAYBACK,left,5,-0.9166404211490047,0,32716,32767,35.0
573509.836811119,PLAYBACK,left,6,0.033182421606774426,0,32859,32767,35.0
573509.8368223,PLAYBACK,right,4,0.06156969558251291,2,32508,32235,31.0
573509.836829644,PLAYBACK,right,5,-0.06530102944996088,2,32798,32496,35.0
573509.836836838,PLAYBACK,right,6,-0.19545021744106172,2,32818,32793,35.0
573509.836845184,PLAYBACK,right,7,1.332092011902036,2,32897,31476,33.0
573509.83685344,PLAYBACK,right,1,0.022441290913253198,2,33053,32798,31.0
573509.836861005,PLAYBACK,right,2,0.025893797207599434,2,32791,32736,32.0
573509.843609741,PLAYBACK,left,7,0.008631265735866478,0,32744,32767,33.0
573509.843642935,PLAYBACK,left,8,-0.10108171206225691,0,32803,32767,32.0
573509.84367706,PLAYBACK,right,3,0.03586770428015562,2,32772,32749,32.0
573509.843689294,PLAYBACK,right,4,0.062336919203479724,2,32373,31851,31.0
573509.843697339,PLAYBACK,right,5,-0.06491741763947659,2,32750,32505,35.0
573509.843705645,PLAYBACK,right,6,-0.1950666056305792,2,32776,32957,35.0
573509.843712649,PLAYBACK,right,7,1.3317084000915536,2,32819,31447,34.0
573509.843722157,PLAYBACK,right,8,0.12256397344930114,2,32807,32745,32.0
573509.843730894,PLAYBACK,right,1,0.0220576791027689,2,32963,32772,31.0
573509.843740603,PLAYBACK,right,2,0.025893797207599434,2,32752,32730,32.0
573509.843747456,PLAYBACK,right,3,0.03586770428015562,2,32815,32801,32.0
573509.843753608,PLAYBACK,right,4,0.06348775463492728,2,32578,31986,31.0
573509.84376001,PLAYBACK,right,5,-0.06491741763947659,2,32702,32427,35.0
573509.843766072,PLAYBACK,right,6,-0.19545021744106172,2,32780,32860,35.0
573509.845905912,PLAYBACK,right,7,1.331324788281071,2,32777,31319,33.0
573509.845929167,PLAYBACK,right,1,0.02167406729228638,2,32943,32785,31.0
573509.84594089,PLAYBACK,right,2,0.025893797207599434,2,32706,32728,32.0
573509.847058252,PLAYBACK,right,3,0.03586770428015562,2,32715,32771,32.0
573509.8470833,PLAYBACK,right,4,0.0642549782558941,2,32566,32073,31.0
573509.850800448,PLAYBACK,right,5,-0.06491741763947659,2,32794,32510,35.0
573509.850821629,PLAYBACK,right,6,-0.1950666056305792,2,32711,32746,35.0
573509.850829754,PLAYBACK,right,7,1.331324788281071,2,32875,31179,33.0
573509.850836948,PLAYBACK,right,1,0.02129045548180386,2,33022,32784,31.0
573509.850843862,PLAYBACK,right,2,0.025893797207599434,2,32759,32723,32.0
573509.850850404,PLAYBACK,right,3,0.03586770428015562,2,32742,32869,32.0
573509.855621221,PLAYBACK,right,4,0.06502220187685914,2,32109,32002,31.0
573509.8556673,PLAYBACK,right,5,-0.06491741763947659,2,32666,32406,35.0
573509.855680345,PLAYBACK,right,6,-0.1950666056305792,2,32776,32772,35.0
573509.855691557,PLAYBACK,right,7,1.3309411764705885,2,32900,31509,34.0
573509.855700344,PLAYBACK,right,8,0.12256397344930114,2,32807,32853,32.0
573509.85570877,PLAYBACK,right,1,0.02090684367132134,2,32987,32781,31.0
573509.855717136,PLAYBACK,right,2,0.025893797207599434,2,32663,32715,32.0
573509.855727636,PLAYBACK,right,3,0.03586770428015562,2,32632,32837,32.0
573509.857102864,PLAYBACK,right,4,0.06578942549782596,2,32483,32158,31.0
573509.857162379,PLAYBACK,right,5,-0.06491741763947659,2,32730,32658,35.0
573509.857175604,PLAYBACK,right,6,-0.19545021744106172,2,32760,32639,35.0
573509.860183356,PLAYBACK,right,7,1.3305575646601042,2,32803,31402,33.0
573509.860224365,PLAYBACK,right,1,0.020139620050354523,2,32983,32766,31.0
573509.860240416,PLAYBACK,right,2,0.025510185397115137,2,32815,32719,32.0
573509.860251748,PLAYBACK,right,3,0.03586770428015562,2,32758,32787,32.0
573509.860262359,PLAYBACK,right,4,0.06694026092927352,2,32277,32164,31.0
573509.864174713,PLAYBACK,right,5,-0.06491741763947659,2,32752,32357,35.0
573509.864201654,PLAYBACK,right,6,-0.1950666056305792,2,32831,32884,35.0
573509.864213397,PLAYBACK,right,7,1.3305575646601042,2,32846,31421,33.0
573509.864223226,PLAYBACK,right,8,0.12256397344930114,2,32781,32725,32.0
573509.864233436,PLAYBACK,right,1,0.019756008239872003,2,32954,32720,31.0
573509.864243655,PLAYBACK,right,2,0.025893797207599434,2,32684,32735,32.0
573509.864252923,PLAYBACK,right,3,0.03586770428015562,2,32638,32816,32.0
573509.865398479,PLAYBACK,right,4,0.06809109636072286,2,32492,32214,31.0
573509.866576568,PLAYBACK,right,5,-0.06453380582899407,2,32780,32545,35.0
573509.866620322,PLAYBACK,right,6,-0.1950666056305792,2,32707,32767,35.0
573509.86663501,PLAYBACK,right,7,1.3301739528496217,2,32767,31533,33.0
573509.867785336,PLAYBACK,right,1,0.018988784618905186,2,33046,32699,31.0
573509.867876571,PLAYBACK,right,2,0.025510185397115137,2,32952,32736,32.0
573509.868817553,PLAYBACK,right,3,0.03586770428015562,2,32652,32678,32.0
573509.872946404,PLAYBACK,right,4,0.0692419317921722,2,32344,32223,31.0
573509.872988866,PLAYBACK,right,5,-0.06453380582899407,2,32737,32393,35.0
573509.872999025,PLAYBACK,right,6,-0.1950666056305792,2,32719,32725,35.0
573509.873012822,PLAYBACK,right,7,1.3297903410391392,2,32827,31355,33.0
573509.873019845,PLAYBACK,right,8,0.12218036163881862,2,32732,32713,32.0
573509.873026348,PLAYBACK,right,1,0.018221560997940145,2,33188,32690,31.0
573509.873033862,PLAYBACK,right,2,0.025893797207599434,2,32694,32738,32.0
573509.873464903,PLAYBACK,right,3,0.03586770428015562,2,32737,32736,32.0
573509.876702938,PLAYBACK,right,4,0.07039276722362153,2,32258,32240,31.0
573509.876714991,PLAYBACK,right,5,-0.06453380582899407,2,32760,32640,35.0
573509.876722776,PLAYBACK,right,6,-0.19545021744106172,2,32778,32607,35.0
573509.87673017,PLAYBACK,right,7,1.3294067292286567,2,32825,31493,34.0
573509.87674548,PLAYBACK,right,1,0.017837949187457625,2,33155,32669,31.0
573509.876754207,PLAYBACK,right,2,0.025510185397115137,2,32676,32728,32.0
573509.877876238,PLAYBACK,right,3,0.03625131609063814,2,32474,32827,32.0
573509.877896917,PLAYBACK,right,4,0.0715436026550691,2,32275,32248,31.0
573509.881721773,PLAYBACK,right,5,-0.06453380582899407,2,32755,32434,35.0
573509.881755047,PLAYBACK,right,6,-0.1950666056305792,2,32769,32860,35.0
573509.881762992,PLAYBACK,right,7,1.3286395056076898,2,32877,31221,33.0
573509.881770597,PLAYBACK,right,8,0.12256397344930114,2,32727,32719,32.0
573509.881776759,PLAYBACK,right,1,0.017070725566490808,2,33103,32658,31.0
573509.881783141,PLAYBACK,right,2,0.025510185397115137,2,32834,32734,32.0
573509.881789393,PLAYBACK,right,3,0.03586770428015562,2,32718,32824,32.0
573509.885915619,PLAYBACK,right,4,0.07269443808651843,2,32328,32261,31.0
573509.885934435,PLAYBACK,right,5,-0.06453380582899407,2,32756,32512,35.0
573509.885942641,PLAYBACK,right,6,-0.19545021744106172,2,32791,32531,35.0
573509.885950286,PLAYBACK,right,7,1.3282558937972073,2,32815,31146,33.0
573509.885969272,PLAYBACK,right,1,0.016303501945525767,2,33132,32662,31.0
573509.886031682,PLAYBACK,right,2,0.025510185397115137,2,32896,32745,32.0
573509.886038746,PLAYBACK,right,3,0.03586770428015562,2,32746,32760,32.0
573509.887223858,PLAYBACK,left,1,0.0021098649576565265,0,32745,32767,31.0
573509.887262402,PLAYBACK,right,4,0.07384527351796777,2,32359,32252,31.0
573509.88727147,PLAYBACK,right,5,-0.06415019401851155,2,32682,32178,35.0
573509.888570481,PLAYBACK,left,2,0.004411535820553425,0,32626,32767,32.0
573509.888593736,PLAYBACK,left,3,-0.055048294804302955,0,32674,32767,32.0
573509.888605489,PLAYBACK,left,4,0.018988784618905186,0,32560,32767,32.0
573509.888625067,PLAYBACK,right,6,-0.1950666056305792,2,32749,32720,35.0
573509.888634925,PLAYBACK,right,7,1.3282558937972073,2,32796,31313,33.0
573509.895151574,PLAYBACK,left,5,-0.9166404211490047,0,32745,32767,35.0
573509.895177194,PLAYBACK,left,6,0.033182421606774426,0,32790,32767,35.0
573509.895189057,PLAYBACK,left,7,0.009014877546348998,0,32725,32767,33.0
573509.895198204,PLAYBACK,left,8,-0.10069810025177439,0,32779,32767,32.0
573509.89521668,PLAYBACK,right,1,0.01553627832455895,2,33191,32633,31.0
573509.895227731,PLAYBACK,right,2,0.025510185397115137,2,32757,32726,32.0
573509.895236708,PLAYBACK,right,3,0.03586770428015562,2,32623,32819,32.0
573509.895245335,PLAYBACK,right,4,0.07461249713893281,2,32479,32210,31.0
573509.895254102,PLAYBACK,right,5,-0.06415019401851155,2,32832,32364,35.0
573509.895263039,PLAYBACK,right,6,-0.1950666056305792,2,32716,32758,35.0
573509.895272297,PLAYBACK,right,7,1.3278722819867248,2,32856,31253,33.0
573509.895280412,PLAYBACK,right,8,0.12256397344930114,2,32722,32784,32.0
573509.895288448,PLAYBACK,right,1,0.014769054703593909,2,33150,32627,31.0
573509.895296423,PLAYBACK,right,2,0.025510185397115137,2,32741,32711,32.0
573509.895304198,PLAYBACK,right,3,0.03586770428015562,2,33025,32775,32.0
573509.897710833,PLAYBACK,right,4,0.07576333257038215,2,32556,32115,31.0
573509.897741432,PLAYBACK,right,5,-0.06415019401851155,2,32751,32631,35.0
573509.8977507,PLAYBACK,right,6,-0.19545021744106172,2,32776,32758,35.0
573509.897758725,PLAYBACK,right,7,1.3274886701762405,2,32809,31302,33.0
573509.898556662,PLAYBACK,right,8,0.12256397344930114,2,32749,32789,32.0
573509.899559573,PLAYBACK,right,1,0.014001831082627092,2,33215,32603,31.0
573509.899575063,PLAYBACK,right,2,0.025510185397115137,2,32715,32728,32.0
573509.904846925,PLAYBACK,right,3,0.03586770428015562,2,32753,32807,32.0
573509.904910407,PLAYBACK,right,4,0.07653055619134719,2,32541,32028,31.0
573509.904921899,PLAYBACK,right,5,-0.06415019401851155,2,32752,32621,35.0
573509.904934874,PLAYBACK,right,6,-0.1950666056305792,2,32810,32761,35.0
573509.904943381,PLAYBACK,right,7,1.3274886701762405,2,32806,31432,33.0
573509.904952809,PLAYBACK,right,8,0.12218036163881862,2,32802,32638,32.0
573509.904961385,PLAYBACK,right,1,0.013234607461662051,2,33093,32602,31.0
573509.904971525,PLAYBACK,right,2,0.025893797207599434,2,32635,32709,32.0
573509.904978899,PLAYBACK,right,3,0.03586770428015562,2,32754,32842,32.0
573509.908730233,PLAYBACK,right,4,0.077297779812314,2,32584,32029,31.0
573509.908896293,PLAYBACK,right,5,-0.06415019401851155,2,32725,32433,35.0
573509.908932623,PLAYBACK,right,6,-0.1950666056305792,2,32749,32656,35.0
573509.908960787,PLAYBACK,right,7,1.327105058365758,2,32808,31402,33.0
573509.908973231,PLAYBACK,right,1,0.012467383840695234,2,33039,32612,31.0
573509.908986907,PLAYBACK,right,2,0.025510185397115137,2,32790,32702,32.0
573509.909012827,PLAYBACK,right,3,0.03586770428015562,2,32826,32796,32.0
573509.910190074,PLAYBACK,right,4,0.07806500343327905,2,32388,31996,31.0
573509.910214291,PLAYBACK,right,5,-0.06415019401851155,2,32775,32327,35.0
573509.913687559,PLAYBACK,right,6,-0.19545021744106172,2,32870,32646,35.0
573509.913727797,PLAYBACK,right,7,1.326337834744793,2,32870,31436,33.0
573509.913735702,PLAYBACK,right,1,0.011700160219730193,2,32985,32639,31.0
573509.913743126,PLAYBACK,right,2,0.025510185397115137,2,32567,32718,32.0
573509.913750039,PLAYBACK,right,3,0.03586770428015562,2,32816,32810,32.0
573509.913755931,PLAYBACK,right,4,0.07883222705424586,2,32418,31922,31.0
573509.917263806,PLAYBACK,right,5,-0.06415019401851155,2,32764,32605,35.0
573509.917279787,PLAYBACK,right,6,-0.19545021744106172,2,32711,32853,35.0
573509.917287862,PLAYBACK,right,7,1.3259542229343086,2,32862,31624,33.0
573509.917295196,PLAYBACK,right,8,0.12218036163881862,2,32735,33103,32.0
573509.91730215,PLAYBACK,right,1,0.010932936598763376,2,33069,32632,31.0
573509.918427857,PLAYBACK,right,2,0.025893797207599434,2,32787,32709,32.0
573509.918446994,PLAYBACK,right,3,0.03586770428015562,2,32908,32886,32.0
573509.921979978,PLAYBACK,right,4,0.0795994506752109,2,32518,31936,31.0
573509.922015666,PLAYBACK,right,5,-0.06415019401851155,2,32734,32505,35.0
573509.922025145,PLAYBACK,right,6,-0.19545021744106172,2,32683,32730,35.0
573509.922032409,PLAYBACK,right,7,1.3255706111238261,2,32875,31348,33.0
573509.922038831,PLAYBACK,right,1,0.010549324788280856,2,33232,32627,31.0
573509.922045905,PLAYBACK,right,2,0.025510185397115137,2,32810,32754,32.0
573509.926612068,PLAYBACK,right,3,0.03586770428015562,2,32634,32832,32.0
573509.926703053,PLAYBACK,right,4,0.0799830624856952,2,32610,31882,31.0
573509.926714545,PLAYBACK,right,5,-0.06415019401851155,2,32763,32332,35.0
573509.92672214,PLAYBACK,right,6,-0.1950666056305792,2,32839,32774,35.0
573509.926728923,PLAYBACK,right,7,1.324803387502861,2,32957,31171,33.0
573509.926745365,PLAYBACK,right,8,0.12218036163881862,2,32827,32810,32.0
573509.926752108,PLAYBACK,right,1,0.009398489356831519,2,33244,32628,31.0
573509.92675842,PLAYBACK,right,2,0.025510185397115137,2,32805,32751,32.0
573509.926764371,PLAYBACK,right,3,0.03586770428015562,2,32679,32806,32.0
573509.930786366,PLAYBACK,right,4,0.08113389791714276,2,32484,31932,31.0
573509.930845931,PLAYBACK,right,5,-0.06415019401851155,2,32785,32490,35.0
573509.930855369,PLAYBACK,right,6,-0.1950666056305792,2,32678,32753,35.0
573509.930905746,PLAYBACK,right,7,1.3244197756923768,2,32841,30966,33.0
573509.930926376,PLAYBACK,right,1,0.009014877546348998,2,33135,32643,31.0
573509.930944952,PLAYBACK,right,2,0.025510185397115137,2,32809,32750,32.0
573509.932060861,PLAYBACK,right,3,0.03586770428015562,2,32734,32748,32.0
573509.932087271,PLAYBACK,right,4,0.08151750972762706,2,32499,31891,31.0
573509.935556432,PLAYBACK,right,5,-0.06376658220802903,2,32773,32590,35.0
573509.935579847,PLAYBACK,right,6,-0.19545021744106172,2,32845,32724,35.0
573509.935588514,PLAYBACK,right,7,1.3236525520714117,2,32932,30898,33.0
573509.935595507,PLAYBACK,right,1,0.008247653925383958,2,33069,32637,31.0
573509.93560233,PLAYBACK,right,2,0.025510185397115137,2,32661,32736,32.0
573509.935608472,PLAYBACK,right,3,0.03586770428015562,2,32546,32816,32.0
573509.940126212,PLAYBACK,right,4,0.0822847333485921,2,32378,31842,31.0
573509.94016177,PLAYBACK,right,5,-0.06415019401851155,2,32819,32606,35.0
573509.94019277,PLAYBACK,right,6,-0.19545021744106172,2,32753,32832,35.0
573509.940211947,PLAYBACK,right,7,1.3232689402609292,2,32841,30949,33.0
573509.940294796,PLAYBACK,right,8,0.12256397344930114,2,32699,32814,32.0
573509.940361395,PLAYBACK,right,1,0.00709681849393462,2,33193,32643,31.0
573509.940380011,PLAYBACK,right,2,0.025510185397115137,2,32739,32741,32.0
573509.940393286,PLAYBACK,right,3,0.03586770428015562,2,32699,32803,32.0
573509.941713469,PLAYBACK,left,1,0.0021098649576565265,0,32701,32767,31.0
573509.941759477,PLAYBACK,right,4,0.08343556878004144,2,32490,31776,31.0
573509.941770088,PLAYBACK,right,5,-0.06415019401851155,2,32765,32411,35.0
573509.941779325,PLAYBACK,right,6,-0.1950666056305792,2,32742,32749,35.0
573509.94305391,PLAYBACK,left,2,0.004411535820553425,0,32816,32767,32.0
573509.943161527,PLAYBACK,left,3,-0.055048294804302955,0,32740,32767,32.0
573509.943178079,PLAYBACK,left,4,0.018988784618905186,0,32704,32767,32.0
573509.943257231,PLAYBACK,right,7,1.3225017166399624,2,32868,30966,33.0
573509.943273102,PLAYBACK,right,1,0.006329594872967803,2,33248,32639,31.0
573509.944126806,PLAYBACK,left,5,-0.9166404211490047,0,32737,32767,35.0
573509.944153928,PLAYBACK,right,2,0.025510185397115137,2,32806,32742,32.0
573509.944166252,PLAYBACK,right,3,0.03586770428015562,2,32779,32776,32.0
573509.948406497,PLAYBACK,left,6,0.03356603341725872,0,32756,32767,35.0
573509.948425764,PLAYBACK,left,7,0.008631265735866478,0,32762,32767,33.0
573509.948435914,PLAYBACK,left,8,-0.10108171206225691,0,32830,32767,32.0
573509.948452926,PLAYBACK,right,4,0.08420279240100648,2,32196,31794,31.0
573509.948465,PLAYBACK,right,5,-0.06415019401851155,2,32749,32514,35.0
573509.948473516,PLAYBACK,right,6,-0.19545021744106172,2,32737,32727,35.0
573509.948482664,PLAYBACK,right,7,1.3217344930189974,2,32882,30958,33.0
573509.94849095,PLAYBACK,right,8,0.12218036163881862,2,32760,32636,32.0
573509.948499035,PLAYBACK,right,1,0.005178759441520242,2,33347,32620,31.0
573509.948508423,PLAYBACK,right,2,0.025510185397115137,2,32765,32708,32.0
573509.950887445,PLAYBACK,right,3,0.03586770428015562,2,32927,32773,32.0
573509.950924406,PLAYBACK,right,4,0.08573723964293833,2,32279,32023,31.0
573509.950934696,PLAYBACK,right,5,-0.06376658220802903,2,32751,32430,35.0
573509.950943382,PLAYBACK,right,6,-0.1950666056305792,2,32766,32745,35.0
573509.952189091,PLAYBACK,right,7,1.3209672693980306,2,32899,30601,33.0
573509.952285918,PLAYBACK,right,1,0.004027924010070905,2,33273,32626,31.0
573509.953460059,PLAYBACK,right,2,0.025893797207599434,2,32557,32744,32.0
573509.953485908,PLAYBACK,right,3,0.03586770428015562,2,32826,32732,32.0
573509.957062616,PLAYBACK,right,4,0.08612085145342085,2,32453,31908,31.0
573509.957083566,PLAYBACK,right,5,-0.06376658220802903,2,32797,32407,35.0
573509.957093515,PLAYBACK,right,6,-0.1950666056305792,2,32663,32554,35.0
573509.957104877,PLAYBACK,right,7,1.320583657587548,2,32962,30650,33.0
573509.957112712,PLAYBACK,right,8,0.12256397344930114,2,32771,32754,32.0
573509.957119365,PLAYBACK,right,1,0.002877088578621567,2,33368,32622,31.0
573509.957127651,PLAYBACK,right,2,0.025510185397115137,2,32816,32715,32.0
573509.958287024,PLAYBACK,right,3,0.03586770428015562,2,32817,32794,32.0
573509.958319697,PLAYBACK,right,4,0.08765529869535271,2,32284,31927,31.0
573509.961579655,PLAYBACK,right,5,-0.06376658220802903,2,32744,32506,35.0
573509.961616165,PLAYBACK,right,6,-0.1950666056305792,2,32814,32775,35.0
573509.961626325,PLAYBACK,right,7,1.3202000457770655,2,32873,30935,33.0
573509.961633879,PLAYBACK,right,1,0.0021098649576565265,2,33294,32625,31.0
573509.961640813,PLAYBACK,right,2,0.025510185397115137,2,32705,32734,32.0
573509.962892573,PLAYBACK,right,3,0.03625131609063814,2,32556,32853,32.0
573509.962935045,PLAYBACK,right,4,0.08880613412680205,2,32346,32034,31.0
573509.963445017,PLAYBACK,right,5,-0.06376658220802903,2,32757,32385,35.0
573509.965666775,PLAYBACK,right,6,-0.19545021744106172,2,32792,32939,35.0
573509.965693096,PLAYBACK,right,7,1.3194328221560987,2,32893,30643,34.0
573509.965705129,PLAYBACK,right,8,0.12256397344930114,2,32709,32870,32.0
573509.965715279,PLAYBACK,right,1,0.0009590295262071891,2,33166,32606,31.0
573509.970718323,PLAYBACK,right,2,0.025510185397115137,2,32722,32731,32.0
573509.970752929,PLAYBACK,right,3,0.03586770428015562,2,32794,32785,32.0
573509.970762598,PLAYBACK,right,4,0.09034058136873391,2,32346,32077,31.0
573509.970772337,PLAYBACK,right,5,-0.06376658220802903,2,32645,32407,35.0
573509.970783639,PLAYBACK,right,6,-0.1950666056305792,2,32779,32679,35.0
573509.970793287,PLAYBACK,right,7,1.3186655985351337,2,32847,30510,33.0
573509.970802866,PLAYBACK,right,1,-0.00019180590524214836,2,33487,32656,31.0
573509.970814638,PLAYBACK,right,2,0.025510185397115137,2,32764,32719,32.0
573509.970823766,PLAYBACK,right,3,0.03586770428015562,2,32931,32814,32.0
573509.974919543,PLAYBACK,right,4,0.09149141680018325,2,32208,32043,31.0
573509.974953258,PLAYBACK,right,5,-0.06376658220802903,2,32701,32139,35.0
573509.974966433,PLAYBACK,right,6,-0.19545021744106172,2,32767,32701,35.0
573509.974976853,PLAYBACK,right,7,1.3178983749141668,2,32962,30692,34.0
573509.974985761,PLAYBACK,right,1,-0.0009590295262071891,2,33292,32637,31.0
573509.974994277,PLAYBACK,right,2,0.025510185397115137,2,32928,32701,32.0
573509.975011901,PLAYBACK,right,3,0.03586770428015562,2,32977,32840,32.0
573509.976161605,PLAYBACK,right,4,0.0926422522316308,2,32565,32108,31.0
573509.976183848,PLAYBACK,right,5,-0.06376658220802903,2,32823,32208,35.0
573509.979394981,PLAYBACK,right,6,-0.1950666056305792,2,32705,32785,35.0
573509.979437864,PLAYBACK,right,7,1.3175147631036843,2,32802,30881,33.0
573509.979447733,PLAYBACK,right,1,-0.0021098649576565265,2,33379,32649,31.0
573509.979455147,PLAYBACK,right,2,0.025510185397115137,2,32748,32724,32.0
573509.979465127,PLAYBACK,right,3,0.03586770428015562,2,32855,32817,32.0
573509.983862294,PLAYBACK,right,4,0.09379308766308014,2,32338,32004,31.0
573509.983893524,PLAYBACK,right,5,-0.06376658220802903,2,32741,32483,35.0
573509.983904245,PLAYBACK,right,6,-0.19545021744106172,2,32751,32617,35.0
573509.983913653,PLAYBACK,right,7,1.3167475394827193,2,32887,30502,33.0
573509.983924735,PLAYBACK,right,8,0.12256397344930114,2,32774,33017,32.0
573509.983933491,PLAYBACK,right,1,-0.003260700389105864,2,33401,32657,31.0
573509.983941347,PLAYBACK,right,2,0.025510185397115137,2,32875,32719,32.0
573509.983948611,PLAYBACK,right,3,0.03586770428015562,2,32717,32766,32.0
573509.985214087,PLAYBACK,right,4,0.095327534905012,2,32065,31895,31.0
573509.985248133,PLAYBACK,right,5,-0.06376658220802903,2,32744,32456,35.0
573509.986417054,PLAYBACK,right,6,-0.19545021744106172,2,32786,32759,35.0
573509.986452011,PLAYBACK,right,7,1.3159803158617525,2,32971,30652,33.0
573509.988628673,PLAYBACK,right,1,-0.004027924010070905,2,33179,32610,31.0
573509.988671565,PLAYBACK,right,2,0.025510185397115137,2,32810,32735,32.0
573509.988682777,PLAYBACK,right,3,0.03586770428015562,2,32905,32860,32.0
573509.988692816,PLAYBACK,right,4,0.09647837033646134,2,32305,31882,31.0
573509.992173249,PLAYBACK,right,5,-0.06376658220802903,2,32776,32461,35.0
573509.992199048,PLAYBACK,right,6,-0.19545021744106172,2,32774,32752,35.0
573509.992389796,PLAYBACK,right,7,1.31559670405127,2,32900,30695,33.0
573509.992404223,PLAYBACK,right,8,0.12256397344930114,2,32797,32917,32.0
573509.992413872,PLAYBACK,right,1,-0.005178759441520242,2,33225,32585,31.0
573509.992422919,PLAYBACK,right,2,0.025510185397115137,2,32767,32752,32.0
573509.993479163,PLAYBACK,left,1,0.0021098649576565265,0,32779,32767,31.0
573509.993513569,PLAYBACK,right,3,0.03586770428015562,2,32651,32821,32.0
573509.993525262,PLAYBACK,right,4,0.09762920576791068,2,32394,31762,31.0
573509.996843712,PLAYBACK,left,2,0.004411535820553425,0,33008,32767,32.0
573509.996859573,PLAYBACK,left,3,-0.055048294804302955,0,32834,32767,32.0
573509.996868059,PLAYBACK,left,4,0.018988784618905186,0,32845,32767,32.0
573509.996874772,PLAYBACK,left,5,-0.9166404211490047,0,32826,32767,35.0
573509.996881746,PLAYBACK,left,6,0.033182421606774426,0,32680,32767,35.0
573509.996888278,PLAYBACK,left,7,0.008631265735866478,0,32753,32767,33.0
573509.996900071,PLAYBACK,right,5,-0.06338297039754473,2,32733,32336,35.0
573509.996908086,PLAYBACK,right,6,-0.1950666056305792,2,32757,32752,35.0
573509.996914599,PLAYBACK,right,7,1.3152130922407874,2,32875,30736,33.0
573509.996920681,PLAYBACK,right,1,-0.005945983062485283,2,33147,32543,31.0
573509.996927143,PLAYBACK,right,2,0.025510185397115137,2,32858,32754,32.0
573510.003392604,PLAYBACK,left,8,-0.10069810025177439,0,32714,32767,32.0
573510.003445566,PLAYBACK,right,3,0.03586770428015562,2,33013,32838,32.0
573510.003460995,PLAYBACK,right,4,0.09878004119935824,2,32283,31576,31.0
573510.003470854,PLAYBACK,right,5,-0.06338297039754473,2,32663,32428,35.0
573510.003480663,PLAYBACK,right,6,-0.1950666056305792,2,32819,32715,35.0
573510.003488368,PLAYBACK,right,7,1.3144458686198206,2,32897,30742,33.0
573510.003496143,PLAYBACK,right,8,0.12256397344930114,2,32714,32780,32.0
573510.003504229,PLAYBACK,right,1,-0.00709681849393462,2,33057,32604,31.0
573510.003511823,PLAYBACK,right,2,0.025510185397115137,2,32725,32739,32.0
573510.003519909,PLAYBACK,right,3,0.03586770428015562,2,32611,32865,32.0
573510.003526592,PLAYBACK,right,4,0.09993087663080757,2,32333,31632,31.0
573510.003533475,PLAYBACK,right,5,-0.06338297039754473,2,32704,32447,35.0
573510.005521533,PLAYBACK,right,6,-0.19545021744106172,2,32781,32996,35.0
573510.005567842,PLAYBACK,right,7,1.3136786449988556,2,32957,30876,33.0
573510.005578332,PLAYBACK,right,1,-0.007864042114899661,2,33207,32554,31.0
573510.005589374,PLAYBACK,right,2,0.025510185397115137,2,32880,32756,32.0
573510.006816808,PLAYBACK,right,3,0.03586770428015562,2,32733,32838,32.0
573510.006842998,PLAYBACK,right,4,0.10108171206225691,2,32368,31678,31.0
573510.00799191,PLAYBACK,right,5,-0.06338297039754473,2,32759,32169,35.0
573510.008026206,PLAYBACK,right,6,-0.1950666056305792,2,32746,32876,35.0
573510.010895241,PLAYBACK,right,7,1.3129114213778887,2,32980,30798,33.0
573510.010926792,PLAYBACK,right,1,-0.008631265735866478,2,33122,32558,31.0
573510.010938986,PLAYBACK,right,2,0.025893797207599434,2,32750,32760,32.0
573510.010948183,PLAYBACK,right,3,0.03586770428015562,2,32610,32858,32.0
573510.01095688,PLAYBACK,right,4,0.10223254749370447,2,32250,31598,31.0
573510.015138633,PLAYBACK,right,5,-0.06299935858706221,2,32702,32489,35.0
573510.015162148,PLAYBACK,right,6,-0.1950666056305792,2,32809,32721,35.0
573510.015174362,PLAYBACK,right,7,1.3125278095674062,2,32891,30956,33.0
573510.015184682,PLAYBACK,right,8,0.12256397344930114,2,32818,32820,32.0
573510.015193659,PLAYBACK,right,1,-0.009782101167315815,2,33195,32545,31.0
573510.015204279,PLAYBACK,right,2,0.025510185397115137,2,32744,32762,32.0
573510.015213587,PLAYBACK,right,3,0.03586770428015562,2,32809,32822,32.0
573510.016343773,PLAYBACK,right,4,0.10338338292515381,2,32332,31663,31.0
573510.016381927,PLAYBACK,right,5,-0.06338297039754473,2,32794,32350,35.0
573510.017532352,PLAYBACK,right,6,-0.1950666056305792,2,32748,32894,35.0
573510.017586076,PLAYBACK,right,7,1.3113769741359569,2,32870,30670,33.0
573510.018442545,PLAYBACK,right,8,0.12218036163881862,2,32817,32724,32.0
573510.018465399,PLAYBACK,right,1,-0.010549324788280856,2,33180,32521,31.0
573510.02384596,PLAYBACK,right,2,0.025510185397115137,2,32802,32745,32.0
573510.023866119,PLAYBACK,right,3,0.03586770428015562,2,32584,32731,32.0
573510.023875387,PLAYBACK,right,4,0.10453421835660315,2,32401,31617,31.0
573510.023883934,PLAYBACK,right,5,-0.06299935858706221,2,32731,32503,35.0
573510.023892149,PLAYBACK,right,6,-0.1950666056305792,2,32731,32588,35.0
573510.023900445,PLAYBACK,right,7,1.3106097505149918,2,32919,30585,33.0
573510.023909112,PLAYBACK,right,8,0.12256397344930114,2,32783,32901,32.0
573510.023917238,PLAYBACK,right,1,-0.011316548409247673,2,33103,32493,31.0
573510.023953317,PLAYBACK,right,2,0.025510185397115137,2,32715,32750,32.0
573510.025286334,PLAYBACK,right,3,0.03586770428015562,2,32846,32735,32.0
573510.02532055,PLAYBACK,right,4,0.106068665598535,2,32177,31589,31.0
573510.026479121,PLAYBACK,right,5,-0.06299935858706221,2,32696,32408,35.0
573510.026511864,PLAYBACK,right,6,-0.1950666056305792,2,32782,32652,35.0
573510.027681446,PLAYBACK,right,7,1.309842526894025,2,32863,30792,33.0
573510.027718448,PLAYBACK,right,1,-0.012083772030212714,2,33117,32505,31.0
573510.028470896,PLAYBACK,right,2,0.025893797207599434,2,32790,32714,32.0
573510.032688398,PLAYBACK,right,3,0.03586770428015562,2,32983,32822,32.0
573510.032760978,PLAYBACK,right,4,0.10760311284046686,2,32497,31487,31.0
573510.032772009,PLAYBACK,right,5,-0.06299935858706221,2,32755,32353,35.0
573510.032780155,PLAYBACK,right,6,-0.1950666056305792,2,32786,32611,35.0
573510.032788301,PLAYBACK,right,7,1.3094589150835425,2,32886,30733,34.0
573510.03280348,PLAYBACK,right,8,0.12218036163881862,2,32797,32854,32.0
573510.032814451,PLAYBACK,right,1,-0.012850995651179531,2,33072,32473,31.0
573510.032821635,PLAYBACK,right,2,0.025510185397115137,2,32863,32724,32.0
573510.033443743,PLAYBACK,right,3,0.03586770428015562,2,32845,32674,32.0
573510.03729022,PLAYBACK,right,4,0.1087539482719162,2,32298,31748,31.0
573510.037365786,PLAYBACK,right,5,-0.06299935858706221,2,32774,32186,35.0
573510.037376546,PLAYBACK,right,6,-0.1950666056305792,2,32831,32697,35.0
573510.037384932,PLAYBACK,right,7,1.3086916914625775,2,32944,30764,33.0
573510.037393389,PLAYBACK,right,1,-0.013618219272144572,2,33140,32493,31.0
573510.037402055,PLAYBACK,right,2,0.025510185397115137,2,32742,32728,32.0
573510.038468038,PLAYBACK,right,3,0.03586770428015562,2,32604,32761,32.0
573510.038506582,PLAYBACK,right,4,0.11028839551384806,2,32156,31588,31.0
573510.045935879,PLAYBACK,right,5,-0.06261574677657969,2,32755,32527,35.0
573510.045956669,PLAYBACK,right,6,-0.19545021744106172,2,32774,32698,35.0
573510.045966498,PLAYBACK,right,7,1.3079244678416106,2,32913,30831,34.0
573510.045975495,PLAYBACK,right,8,0.12256397344930114,2,32829,32937,32.0
573510.045985074,PLAYBACK,right,1,-0.014769054703593909,2,33182,32480,31.0
573510.04599378,PLAYBACK,right,2,0.025510185397115137,2,32817,32752,32.0
573510.046028016,PLAYBACK,right,3,0.03586770428015562,2,32906,32733,32.0
573510.046039418,PLAYBACK,right,4,0.11143923094529562,2,32178,31722,31.0
573510.046048917,PLAYBACK,right,5,-0.06261574677657969,2,32700,32377,35.0
573510.046058285,PLAYBACK,right,6,-0.1950666056305792,2,32816,32837,35.0
573510.046067071,PLAYBACK,right,7,1.3075408560311281,2,32841,30944,33.0
573510.046075668,PLAYBACK,right,1,-0.01553627832455895,2,33202,32472,31.0
573510.046086379,PLAYBACK,right,2,0.025893797207599434,2,32785,32748,32.0
573510.047295727,PLAYBACK,left,1,0.0017262531471740061,0,32809,32767,31.0
573510.0473233,PLAYBACK,right,3,0.03586770428015562,2,32693,32806,32.0
573510.04733338,PLAYBACK,right,4,0.11297367818722748,2,32266,31677,31.0
573510.04841857,PLAYBACK,left,2,0.004411535820553425,0,32738,32767,32.0
573510.048433649,PLAYBACK,left,3,-0.055048294804302955,0,32776,32767,32.0
573510.048448698,PLAYBACK,right,5,-0.06261574677657969,2,32709,32409,35.0
573510.048458006,PLAYBACK,right,6,-0.1950666056305792,2,32724,32740,35.0
573510.050109726,PLAYBACK,left,4,0.018988784618905186,0,32814,32767,32.0
573510.050127861,PLAYBACK,left,5,-0.9166404211490047,0,32702,32767,35.0
573510.050145465,PLAYBACK,left,6,0.033182421606774426,0,32776,32767,35.0
573510.050160494,PLAYBACK,right,7,1.3071572442206456,2,32835,31134,33.0
573510.050169672,PLAYBACK,right,1,-0.016303501945525767,2,33278,32475,31.0
573510.050177687,PLAYBACK,right,2,0.025510185397115137,2,32791,32729,32.0
573510.057349979,PLAYBACK,left,7,0.009014877546348998,0,32726,32767,33.0
573510.057411668,PLAYBACK,left,8,-0.10108171206225691,0,32783,32767,32.0
573510.057434231,PLAYBACK,right,3,0.03586770428015562,2,32992,32795,32.0
573510.057442918,PLAYBACK,right,4,0.11412451361867681,2,32289,31805,31.0
573510.057450172,PLAYBACK,right,5,-0.06261574677657969,2,32742,32304,35.0
573510.057457716,PLAYBACK,right,6,-0.1950666056305792,2,32779,32672,35.0
573510.05746462,PLAYBACK,right,7,1.3063900205996788,2,32896,31108,34.0
573510.057471894,PLAYBACK,right,8,0.12218036163881862,2,32807,32875,32.0
573510.057479398,PLAYBACK,right,1,-0.017070725566490808,2,33092,32441,31.0
573510.057487123,PLAYBACK,right,2,0.025893797207599434,2,32600,32717,32.0
573510.057493255,PLAYBACK,right,3,0.03586770428015562,2,32913,32879,32.0
573510.057499136,PLAYBACK,right,4,0.11565896086060867,2,32258,31720,31.0
573510.057508825,PLAYBACK,right,5,-0.06261574677657969,2,32745,32315,35.0
573510.057517171,PLAYBACK,right,6,-0.1950666056305792,2,32779,32723,35.0
573510.058976461,PLAYBACK,right,7,1.3060064087891963,2,32875,31154,33.0
573510.058993203,PLAYBACK,right,1,-0.018221560997940145,2,33043,32450,31.0
573510.060144891,PLAYBACK,right,2,0.025510185397115137,2,32848,32742,32.0
573510.060188916,PLAYBACK,right,3,0.03586770428015562,2,32866,32884,32.0
573510.060200098,PLAYBACK,right,4,0.11719340810254053,2,32291,31700,31.0
573510.064143812,PLAYBACK,right,5,-0.06261574677657969,2,32754,32252,35.0
573510.064185252,PLAYBACK,right,6,-0.1950666056305792,2,32737,32726,35.0
573510.064201753,PLAYBACK,right,7,1.3056227969787138,2,32941,31232,34.0
573510.06421011,PLAYBACK,right,1,-0.018988784618905186,2,33028,32440,31.0
573510.064219718,PLAYBACK,right,2,0.025510185397115137,2,32983,32746,32.0
573510.064228755,PLAYBACK,right,3,0.03586770428015562,2,32956,32803,32.0
573510.06812039,PLAYBACK,right,4,0.11872785534447239,2,32103,31657,31.0
573510.068148283,PLAYBACK,right,5,-0.06261574677657969,2,32804,32364,35.0
573510.068160166,PLAYBACK,right,6,-0.1950666056305792,2,32832,32687,35.0
573510.068169775,PLAYBACK,right,7,1.304855573357747,2,32979,31495,33.0
573510.068179714,PLAYBACK,right,8,0.12218036163881862,2,32906,32901,32.0
573510.068188731,PLAYBACK,right,1,-0.019756008239872003,2,33272,32450,31.0
573510.068200995,PLAYBACK,right,2,0.025893797207599434,2,32626,32736,32.0
573510.07285668,PLAYBACK,right,3,0.03586770428015562,2,32767,32835,32.0
573510.072881147,PLAYBACK,right,4,0.12026230258640425,2,32169,31842,31.0
573510.072890876,PLAYBACK,right,5,-0.06261574677657969,2,32783,32163,35.0
573510.072899372,PLAYBACK,right,6,-0.1950666056305792,2,32768,32714,35.0
573510.072907328,PLAYBACK,right,7,1.3044719615472644,2,32906,31337,33.0
573510.072914872,PLAYBACK,right,1,-0.020523231860837043,2,33067,32505,31.0
573510.072921695,PLAYBACK,right,2,0.025510185397115137,2,32708,32720,32.0
573510.072928458,PLAYBACK,right,3,0.03586770428015562,2,32816,32806,32.0
573510.07756663,PLAYBACK,right,4,0.1217967498283361,2,32186,31625,31.0
573510.077655331,PLAYBACK,right,5,-0.06261574677657969,2,32761,32157,35.0
573510.077667845,PLAYBACK,right,6,-0.19545021744106172,2,32809,32809,35.0
573510.077676592,PLAYBACK,right,7,1.3037047379262994,2,32923,31271,33.0
573510.077683735,PLAYBACK,right,8,0.12256397344930114,2,32726,32703,32.0
573510.077690669,PLAYBACK,right,1,-0.02167406729228638,2,33251,32458,31.0
573510.077697021,PLAYBACK,right,2,0.025510185397115137,2,32704,32718,32.0
573510.077702922,PLAYBACK,right,3,0.03586770428015562,2,32844,32714,32.0
573510.080984602,PLAYBACK,right,4,0.124098420691233,2,31981,31939,31.0
573510.081013137,PLAYBACK,right,5,-0.06223213496609717,2,32807,32342,35.0
573510.081021864,PLAYBACK,right,6,-0.1950666056305792,2,32644,32848,35.0
573510.081028657,PLAYBACK,right,7,1.3029375143053326,2,32972,31213,33.0
573510.08103557,PLAYBACK,right,1,-0.022441290913253198,2,33169,32462,31.0
573510.082164133,PLAYBACK,right,2,0.025893797207599434,2,32778,32716,32.0
573510.082185645,PLAYBACK,right,3,0.03586770428015562,2,32870,32822,32.0
573510.08338792,PLAYBACK,right,4,0.12601647974364738,2,31945,31919,31.0
573510.083403881,PLAYBACK,right,5,-0.06261574677657969,2,32830,32376,35.0
573510.090227301,PLAYBACK,right,6,-0.1950666056305792,2,32820,32564,35.0
573510.090276105,PLAYBACK,right,7,1.3021702906843675,2,33009,31199,34.0
573510.090312044,PLAYBACK,right,1,-0.02359212634470076,2,33216,32500,31.0
573510.090327103,PLAYBACK,right,2,0.025510185397115137,2,32756,32738,32.0
573510.09034099,PLAYBACK,right,3,0.03586770428015562,2,32901,32858,32.0
573510.090354486,PLAYBACK,right,4,0.12793453879606353,2,31939,32047,31.0
573510.090363263,PLAYBACK,right,5,-0.06223213496609717,2,32699,32328,35.0
573510.090373071,PLAYBACK,right,6,-0.1950666056305792,2,32758,32855,35.0
573510.090380386,PLAYBACK,right,7,1.3014030670634007,2,32885,31275,33.0
573510.090387319,PLAYBACK,right,8,0.12256397344930114,2,32739,32724,32.0
573510.090393952,PLAYBACK,right,1,-0.024742961776150096,2,33292,32499,31.0
573510.090399913,PLAYBACK,right,2,0.025510185397115137,2,32733,32715,32.0
573510.091515411,PLAYBACK,right,3,0.03586770428015562,2,32613,32802,32.0
573510.091533255,PLAYBACK,right,4,0.1298525978484779,2,31975,32055,31.0
573510.092656759,PLAYBACK,right,5,-0.06223213496609717,2,32761,32173,35.0
573510.092685093,PLAYBACK,right,6,-0.1950666056305792,2,32764,32710,35.0
573510.093525903,PLAYBACK,right,7,1.3006358434424357,2,32871,31231,33.0
573510.099169,PLAYBACK,right,1,-0.025893797207599434,2,33350,32514,31.0
573510.09919007,PLAYBACK,right,2,0.025893797207599434,2,32763,32726,32.0
573510.099198576,PLAYBACK,right,3,0.03586770428015562,2,32580,32761,32.0
573510.099206351,PLAYBACK,right,4,0.1317706569008923,2,31936,32156,31.0
573510.099213635,PLAYBACK,right,5,-0.06223213496609717,2,32720,32181,35.0
573510.09922123,PLAYBACK,right,6,-0.1950666056305792,2,32800,32744,35.0
573510.099228153,PLAYBACK,right,7,1.2998686198214688,2,32973,31379,33.0
573510.099234916,PLAYBACK,right,8,0.12256397344930114,2,32715,32852,32.0
573510.099241239,PLAYBACK,right,1,-0.02742824444953129,2,33419,32537,31.0
573510.099247461,PLAYBACK,right,2,0.025510185397115137,2,32852,32760,32.0
573510.100391293,PLAYBACK,left,1,0.0021098649576565265,0,32568,32767,31.0
573510.100404549,PLAYBACK,right,3,0.03586770428015562,2,32658,32732,32.0
573510.100411352,PLAYBACK,right,4,0.1340723277637892,2,32018,32053,31.0
573510.101515869,PLAYBACK,left,2,0.004411535820553425,0,32729,32767,32.0
573510.101528974,PLAYBACK,left,3,-0.055048294804302955,0,32841,32767,32.0
573510.101541278,PLAYBACK,right,5,-0.06223213496609717,2,32804,32272,35.0
573510.101547931,PLAYBACK,right,6,-0.1950666056305792,2,32736,32728,35.0
573510.102658499,PLAYBACK,left,4,0.018988784618905186,0,32901,32767,32.0
573510.102680001,PLAYBACK,left,5,-0.9166404211490047,0,32755,32767,35.0
573510.102695821,PLAYBACK,right,7,1.2994850080109863,2,32913,31318,33.0
573510.102704368,PLAYBACK,right,1,-0.028195468070496332,2,33255,32551,31.0
573510.103445405,PLAYBACK,left,6,0.033182421606774426,0,32759,32767,35.0
573510.103477045,PLAYBACK,right,2,0.025510185397115137,2,32743,32702,32.0
573510.104486619,PLAYBACK,left,7,0.008631265735866478,0,32767,32767,33.0
573510.104519252,PLAYBACK,left,8,-0.10069810025177439,0,32746,32767,32.0
573510.104546194,PLAYBACK,right,3,0.03586770428015562,2,32874,32794,32.0
573510.104558618,PLAYBACK,right,4,0.13599038681620534,2,31977,32011,31.0
573510.110008603,PLAYBACK,right,5,-0.06184852315561287,2,32655,32218,35.0
573510.110123094,PLAYBACK,right,6,-0.1950666056305792,2,32727,32771,35.0
573510.110138674,PLAYBACK,right,7,1.2987177843900195,2,32907,31502,34.0
573510.110150847,PLAYBACK,right,8,0.12256397344930114,2,32735,33054,32.0
573510.11016291,PLAYBACK,right,1,-0.02934630350194567,2,33274,32555,31.0
573510.110173661,PLAYBACK,right,2,0.025510185397115137,2,32940,32721,32.0
573510.110197377,PLAYBACK,right,3,0.03586770428015562,2,32942,32769,32.0
573510.110206925,PLAYBACK,right,4,0.13790844586861972,2,32094,31979,31.0
573510.110216243,PLAYBACK,right,5,-0.06184852315561287,2,32836,32323,35.0
573510.112327228,PLAYBACK,right,6,-0.1950666056305792,2,32714,32712,35.0
573510.112341225,PLAYBACK,right,7,1.298334172579537,2,32851,31657,33.0
573510.11234875,PLAYBACK,right,1,-0.030497138933395007,2,33262,32590,31.0
573510.112356124,PLAYBACK,right,2,0.025510185397115137,2,32834,32737,32.0
573510.113444951,PLAYBACK,right,3,0.03586770428015562,2,32748,32788,32.0
573510.116424007,PLAYBACK,right,4,0.1398265049210341,2,32063,31903,31.0
573510.116449186,PLAYBACK,right,5,-0.06184852315561287,2,32711,32356,35.0
573510.116461429,PLAYBACK,right,6,-0.1950666056305792,2,32796,32734,35.0
573510.116470958,PLAYBACK,right,7,1.297566948958572,2,32885,31543,34.0
573510.116480436,PLAYBACK,right,1,-0.03126436255436005,2,33260,32617,31.0
573510.116490095,PLAYBACK,right,2,0.025510185397115137,2,32694,32728,32.0
573510.121373639,PLAYBACK,right,3,0.03586770428015562,2,32557,32759,32.0
573510.121397445,PLAYBACK,right,4,0.14136095216296596,2,32193,31741,31.0
573510.121408135,PLAYBACK,right,5,-0.06184852315561287,2,32747,32191,35.0
573510.121417864,PLAYBACK,right,6,-0.1950666056305792,2,32743,32624,35.0
573510.12142595,PLAYBACK,right,7,1.2971833371480876,2,32896,31738,34.0
573510.121432562,PLAYBACK,right,8,0.12218036163881862,2,32787,32859,32.0
573510.121439315,PLAYBACK,right,1,-0.032415197985809385,2,33239,32650,31.0
573510.12144707,PLAYBACK,right,2,0.025510185397115137,2,32839,32741,32.0
573510.12554938,PLAYBACK,right,3,0.03586770428015562,2,32847,32768,32.0
573510.125574749,PLAYBACK,right,4,0.14366262302586286,2,31961,31773,31.0
573510.125584067,PLAYBACK,right,5,-0.06184852315561287,2,32729,32110,35.0
573510.125592062,PLAYBACK,right,6,-0.19545021744106172,2,32769,32798,35.0
573510.125598835,PLAYBACK,right,7,1.2964161135271226,2,32883,31825,33.0
573510.125605127,PLAYBACK,right,1,-0.033182421606774426,2,33238,32674,31.0
573510.12561176,PLAYBACK,right,2,0.025510185397115137,2,32885,32731,32.0
573510.126758989,PLAYBACK,right,3,0.03586770428015562,2,32932,32797,32.0
573510.126785941,PLAYBACK,right,4,0.14519707026779471,2,32030,31703,31.0
573510.131543132,PLAYBACK,right,5,-0.06184852315561287,2,32748,32162,35.0
573510.131615582,PLAYBACK,right,6,-0.1950666056305792,2,32734,32831,35.0
573510.13164042,PLAYBACK,right,7,1.2952652780956733,2,32927,31590,34.0
573510.131652793,PLAYBACK,right,1,-0.03394964522774124,2,33156,32673,31.0
573510.131669786,PLAYBACK,right,2,0.025893797207599434,2,32751,32732,32.0
573510.131686148,PLAYBACK,right,3,0.03586770428015562,2,32850,32820,32.0
573510.131699032,PLAYBACK,right,4,0.14673151750972657,2,32123,31872,31.0
573510.13170797,PLAYBACK,right,5,-0.06146491134513035,2,32744,32285,35.0
573510.135096845,PLAYBACK,right,6,-0.1950666056305792,2,32742,32807,35.0
573510.135112736,PLAYBACK,right,7,1.2944980544747082,2,32952,31474,33.0
573510.135121313,PLAYBACK,right,8,0.12256397344930114,2,32757,32791,32.0
573510.135129518,PLAYBACK,right,1,-0.035100480659188804,2,33222,32708,31.0
573510.135137233,PLAYBACK,right,2,0.025510185397115137,2,32896,32731,32.0
573510.135144036,PLAYBACK,right,3,0.03586770428015562,2,32944,32809,32.0
573510.136270806,PLAYBACK,right,4,0.14864957656214273,2,32054,31761,31.0
573510.136331654,PLAYBACK,right,5,-0.06146491134513035,2,32723,32234,35.0
573510.137488742,PLAYBACK,right,6,-0.19545021744106172,2,32825,32770,35.0
573510.137509021,PLAYBACK,right,7,1.2933472190432589,2,32958,31415,34.0
573510.140532172,PLAYBACK,right,8,0.12256397344930114,2,32722,32874,32.0
573510.14055678,PLAYBACK,right,1,-0.03625131609063814,2,33251,32714,31.0
573510.140568232,PLAYBACK,right,2,0.025510185397115137,2,32920,32721,32.0
573510.140575907,PLAYBACK,right,3,0.03586770428015562,2,32768,32815,32.0
573510.140583431,PLAYBACK,right,4,0.15095124742503963,2,31965,31710,31.0
573510.144065827,PLAYBACK,right,5,-0.06146491134513035,2,32774,32339,35.0
573510.144090194,PLAYBACK,right,6,-0.19545021744106172,2,32710,32989,35.0
573510.144101346,PLAYBACK,right,7,1.2925799954222938,2,32999,31242,33.0
573510.144111094,PLAYBACK,right,8,0.12256397344930114,2,32775,32953,32.0
573510.144120753,PLAYBACK,right,1,-0.03701853971160496,2,33189,32713,31.0
573510.144131484,PLAYBACK,right,2,0.025510185397115137,2,32966,32722,32.0
573510.145256831,PLAYBACK,right,3,0.03586770428015562,2,32672,32815,32.0
573510.145286698,PLAYBACK,right,4,0.152869306477454,2,32119,31746,31.0
573510.146500125,PLAYBACK,right,5,-0.06146491134513035,2,32734,32190,35.0
573510.146541084,PLAYBACK,right,6,-0.19545021744106172,2,32808,32701,35.0
573510.147675088,PLAYBACK,right,7,1.2914291599908445,2,33034,31319,33.0
573510.14770779,PLAYBACK,right,1,-0.03778576333257,2,33286,32718,31.0
573510.149165047,PLAYBACK,right,2,0.025893797207599434,2,32734,32714,32.0
573510.149186037,PLAYBACK,right,3,0.03586770428015562,2,32905,32775,32.0
573510.153183244,PLAYBACK,right,4,0.15440375371938586,2,32156,31500,31.0
573510.153231137,PLAYBACK,right,5,-0.06146491134513035,2,32714,32321,35.0
573510.153241807,PLAYBACK,right,6,-0.19545021744106172,2,32805,32823,35.0
573510.153249422,PLAYBACK,right,7,1.2906619363698777,2,32981,31361,34.0
573510.153256806,PLAYBACK,right,8,0.12218036163881862,2,32799,32849,32.0
573510.153262858,PLAYBACK,right,1,-0.03893659876401934,2,33248,32720,31.0
573510.153269971,PLAYBACK,right,2,0.025510185397115137,2,32826,32732,32.0
573510.157676096,PLAYBACK,left,1,0.0021098649576565265,0,32920,32767,31.0
573510.157696966,PLAYBACK,left,2,0.004411535820553425,0,32824,32767,32.0
573510.157706585,PLAYBACK,left,3,-0.055048294804302955,0,32777,32767,32.0
573510.157713799,PLAYBACK,left,4,0.018988784618905186,0,32942,32767,32.0
573510.157720792,PLAYBACK,left,5,-0.9166404211490047,0,32765,32767,35.0
573510.157727886,PLAYBACK,left,6,0.033182421606774426,0,32740,32767,35.0
573510.157744568,PLAYBACK,right,3,0.03586770428015562,2,32731,32744,32.0
573510.157754467,PLAYBACK,right,4,0.15632181277180024,2,32099,31521,31.0
573510.157763585,PLAYBACK,right,5,-0.06108129953464783,2,32746,32264,35.0
573510.157774085,PLAYBACK,right,6,-0.19545021744106172,2,32783,32983,35.0
573510.157783503,PLAYBACK,right,7,1.2895111009384301,2,32983,31178,34.0
573510.157791629,PLAYBACK,right,1,-0.03970382238498438,2,33166,32674,31.0
573510.157798221,PLAYBACK,right,2,0.025893797207599434,2,32790,32697,32.0
573510.16354093,PLAYBACK,left,7,0.008631265735866478,0,32754,32767,33.0
573510.16356681,PLAYBACK,left,8,-0.10108171206225691,0,32802,32767,32.0
573510.163587921,PLAYBACK,right,3,0.03586770428015562,2,32622,32878,32.0
573510.163596898,PLAYBACK,right,4,0.1582398718242164,2,31865,31442,31.0
573510.163604222,PLAYBACK,right,5,-0.06146491134513035,2,32812,32243,35.0
573510.163611837,PLAYBACK,right,6,-0.19545021744106172,2,32738,32724,35.0
573510.16361866,PLAYBACK,right,7,1.2887438773174633,2,33020,31095,34.0
573510.163625102,PLAYBACK,right,8,0.12256397344930114,2,32740,32978,32.0
573510.163635532,PLAYBACK,right,1,-0.040471046005951195,2,33121,32675,31.0
573510.163642626,PLAYBACK,right,2,0.025893797207599434,2,32816,32715,32.0
573510.163652625,PLAYBACK,right,3,0.03586770428015562,2,32770,32757,32.0
573510.163677774,PLAYBACK,right,4,0.1605415426871133,2,32014,31801,31.0
573510.166155756,PLAYBACK,right,5,-0.06108129953464783,2,32753,32185,35.0
573510.166197035,PLAYBACK,right,6,-0.19545021744106172,2,32834,32670,35.0
573510.166208768,PLAYBACK,right,7,1.287593041886014,2,32943,31036,34.0
573510.166217885,PLAYBACK,right,1,-0.041238269626916235,2,33159,32648,31.0
573510.167406173,PLAYBACK,right,2,0.025510185397115137,2,32866,32707,32.0
573510.167426833,PLAYBACK,right,3,0.03586770428015562,2,32784,32821,32.0
573510.16743539,PLAYBACK,right,4,0.16245960173952767,2,32051,31528,31.0
573510.16863538,PLAYBACK,right,5,-0.06108129953464783,2,32729,32327,35.0
573510.168669907,PLAYBACK,right,6,-0.19545021744106172,2,32835,32907,35.0
573510.175301898,PLAYBACK,right,7,1.2864422064545664,2,33009,31006,33.0
573510.175346624,PLAYBACK,right,1,-0.04238910505836557,2,33238,32643,31.0
573510.175392282,PLAYBACK,right,2,0.025893797207599434,2,32835,32709,32.0
573510.175407592,PLAYBACK,right,3,0.03586770428015562,2,32656,32800,32.0
573510.175419034,PLAYBACK,right,4,0.16437766079194205,2,32060,31632,31.0
573510.17542752,PLAYBACK,right,5,-0.06108129953464783,2,32741,32216,35.0
573510.175436888,PLAYBACK,right,6,-0.1950666056305792,2,32754,32827,35.0
573510.175445425,PLAYBACK,right,7,1.2856749828335996,2,33003,31268,34.0
573510.175452167,PLAYBACK,right,8,0.12256397344930114,2,32738,32962,32.0
573510.175460544,PLAYBACK,right,1,-0.04315632867933239,2,33147,32597,31.0
573510.175467397,PLAYBACK,right,2,0.025510185397115137,2,32700,32705,32.0
573510.176597834,PLAYBACK,right,3,0.03586770428015562,2,32901,32760,32.0
573510.17662721,PLAYBACK,right,4,0.16706294346532324,2,31965,31792,31.0
573510.177833954,PLAYBACK,right,5,-0.06108129953464783,2,32792,32251,35.0
573510.177910822,PLAYBACK,right,6,-0.19545021744106172,2,32770,32752,35.0
573510.178469829,PLAYBACK,right,7,1.284524147402152,2,32999,31083,33.0
573510.179458102,PLAYBACK,right,1,-0.04430716411077995,2,33242,32593,31.0
573510.179472349,PLAYBACK,right,2,0.025510185397115137,2,32691,32670,32.0
573510.184398355,PLAYBACK,right,3,0.03586770428015562,2,32814,32801,32.0
573510.184428273,PLAYBACK,right,4,0.16936461432822014,2,31839,31841,31.0
573510.184439855,PLAYBACK,right,5,-0.06069768772416531,2,32690,32419,35.0
573510.184449975,PLAYBACK,right,6,-0.19545021744106172,2,32741,32790,35.0
573510.184459182,PLAYBACK,right,7,1.2833733119707027,2,33062,30901,34.0
573510.184468931,PLAYBACK,right,8,0.12256397344930114,2,32744,32700,32.0
573510.184477788,PLAYBACK,right,1,-0.04507438773174677,2,33266,32574,31.0
573510.184486815,PLAYBACK,right,2,0.025510185397115137,2,32816,32697,32.0
573510.188663108,PLAYBACK,right,3,0.03586770428015562,2,32811,32716,32.0
573510.188680481,PLAYBACK,right,4,0.17166628519111882,2,31743,31849,31.0
573510.188688607,PLAYBACK,right,5,-0.06069768772416531,2,32776,32283,35.0
573510.188696021,PLAYBACK,right,6,-0.1950666056305792,2,32794,32886,35.0
573510.188707834,PLAYBACK,right,7,1.2822224765392534,2,33045,30982,33.0
573510.18871608,PLAYBACK,right,1,-0.04622522316319433,2,33304,32594,31.0
573510.188727542,PLAYBACK,right,2,0.025510185397115137,2,32897,32695,32.0
573510.189871485,PLAYBACK,right,3,0.03586770428015562,2,32618,32782,32.0
573510.189896443,PLAYBACK,right,4,0.17396795605401572,2,31760,31804,31.0
573510.193662375,PLAYBACK,right,5,-0.06069768772416531,2,32776,32154,35.0
573510.19368562,PLAYBACK,right,6,-0.19545021744106172,2,32803,32662,35.0
573510.193694737,PLAYBACK,right,7,1.2814552529182883,2,32978,31005,34.0
573510.193702903,PLAYBACK,right,1,-0.046992446784161146,2,33223,32582,31.0
573510.193710828,PLAYBACK,right,2,0.025893797207599434,2,32833,32707,32.0
573510.193718683,PLAYBACK,right,3,0.03586770428015562,2,32762,32756,32.0
573510.193726398,PLAYBACK,right,4,0.17588601510643187,2,31864,31581,31.0
573510.197573627,PLAYBACK,right,5,-0.06069768772416531,2,32780,32147,35.0
573510.197590279,PLAYBACK,right,6,-0.19545021744106172,2,32845,32863,35.0
573510.197597994,PLAYBACK,right,7,1.280304417486839,2,33043,30932,34.0
573510.197605208,PLAYBACK,right,8,0.12218036163881862,2,32807,32626,32.0
573510.197611981,PLAYBACK,right,1,-0.04814328221561048,2,33132,32599,31.0
573510.197619084,PLAYBACK,right,2,0.025510185397115137,2,32723,32711,32.0
573510.198481204,PLAYBACK,right,3,0.03586770428015562,2,32808,32776,32.0
573510.198498067,PLAYBACK,right,4,0.1785712977798113,2,31690,31659,31.0
573510.201463818,PLAYBACK,right,5,-0.06069768772416531,2,32851,32247,35.0
573510.201577767,PLAYBACK,right,6,-0.1950666056305792,2,32748,32850,35.0
573510.201613035,PLAYBACK,right,7,1.2791535820553896,2,32960,31034,33.0
573510.201638244,PLAYBACK,right,1,-0.048910505836575524,2,33141,32635,31.0
573510.201668172,PLAYBACK,right,2,0.025510185397115137,2,32828,32686,32.0
573510.206954661,PLAYBACK,right,3,0.03586770428015562,2,32906,32708,32.0
573510.206988667,PLAYBACK,right,4,0.18048935683222567,2,32022,31763,31.0
573510.207013154,PLAYBACK,right,5,-0.06069768772416531,2,32723,32514,35.0
573510.207063822,PLAYBACK,right,6,-0.1950666056305792,2,32700,32713,35.0
573510.207071997,PLAYBACK,right,7,1.2783863584344246,2,32967,30973,34.0
573510.207081586,PLAYBACK,right,8,0.12256397344930114,2,32725,33349,32.0
573510.207091094,PLAYBACK,right,1,-0.04967772945754234,2,33097,32615,31.0
573510.207098418,PLAYBACK,right,2,0.025893797207599434,2,32706,32670,32.0
573510.207105322,PLAYBACK,right,3,0.03586770428015562,2,32844,32823,32.0
573510.210765169,PLAYBACK,left,1,0.0021098649576565265,0,32800,32767,31.0
573510.210784406,PLAYBACK,left,2,0.004411535820553425,0,32907,32767,32.0
573510.210792292,PLAYBACK,left,3,-0.055048294804302955,0,32821,32767,32.0
573510.210800968,PLAYBACK,left,4,0.018988784618905186,0,32697,32767,32.0
573510.210813312,PLAYBACK,left,5,-0.9166404211490047,0,32798,32767,35.0
573510.210837018,PLAYBACK,right,4,0.18279102769512434,2,31983,31598,31.0
573510.210848089,PLAYBACK,right,5,-0.06069768772416531,2,32740,32412,35.0
573510.210857748,PLAYBACK,right,6,-0.19545021744106172,2,32829,32849,35.0
573510.210867236,PLAYBACK,right,7,1.2772355230029753,2,32932,30936,34.0
573510.2108747,PLAYBACK,right,1,-0.05044495307850738,2,33235,32637,31.0
573510.210881784,PLAYBACK,right,2,0.025893797207599434,2,32795,32721,32.0
573510.212070914,PLAYBACK,left,6,0.033182421606774426,0,32759,32767,35.0
573510.212134877,PLAYBACK,left,7,0.009014877546348998,0,32773,32767,33.0
573510.212170967,PLAYBACK,right,3,0.03586770428015562,2,32892,32680,32.0
573510.21218296,PLAYBACK,right,4,0.18509269855802124,2,31853,31812,31.0
573510.216832223,PLAYBACK,left,8,-0.10108171206225691,0,32699,32767,32.0
573510.216896607,PLAYBACK,right,5,-0.06069768772416531,2,32732,32022,35.0
573510.216927096,PLAYBACK,right,6,-0.1950666056305792,2,32773,32986,35.0
573510.216958005,PLAYBACK,right,7,1.276084687571526,2,32969,30994,33.0
573510.216972994,PLAYBACK,right,1,-0.0512121766994742,2,33246,32649,31.0
573510.216982121,PLAYBACK,right,2,0.025893797207599434,2,32746,32708,32.0
573510.216990868,PLAYBACK,right,3,0.03586770428015562,2,32634,32758,32.0
573510.216998774,PLAYBACK,right,4,0.18739436942091992,2,31561,31750,31.0
573510.217014965,PLAYBACK,right,5,-0.06069768772416531,2,32766,32254,35.0
573510.219710946,PLAYBACK,right,6,-0.1950666056305792,2,32727,32934,35.0
573510.219727719,PLAYBACK,right,7,1.2749338521400784,2,32968,31107,33.0
573510.219734682,PLAYBACK,right,8,0.12256397344930114,2,32716,32770,32.0
573510.219741395,PLAYBACK,right,1,-0.05236301213092176,2,33144,32673,31.0
573510.219748479,PLAYBACK,right,2,0.025893797207599434,2,32720,32701,32.0
573510.220862965,PLAYBACK,right,3,0.03586770428015562,2,32699,32734,32.0
573510.220879226,PLAYBACK,right,4,0.1896960402838168,2,31833,31903,31.0
573510.222006116,PLAYBACK,right,5,-0.06069768772416531,2,32810,32349,35.0
573510.223125502,PLAYBACK,right,6,-0.1950666056305792,2,32755,32757,35.0
573510.223142264,PLAYBACK,right,7,1.2733994048981465,2,33072,30850,33.0
573510.224886743,PLAYBACK,right,1,-0.05313023575188858,2,33238,32658,31.0
573510.224925969,PLAYBACK,right,2,0.025893797207599434,2,32703,32709,32.0
573510.22493717,PLAYBACK,right,3,0.03586770428015562,2,32937,32742,32.0
573510.228734192,PLAYBACK,right,4,0.1919977111467155,2,31669,31805,31.0
573510.228756856,PLAYBACK,right,5,-0.06069768772416531,2,32768,32437,35.0
573510.228765653,PLAYBACK,right,6,-0.1950666056305792,2,32773,32633,35.0
573510.228773358,PLAYBACK,right,7,1.2722485694666972,2,33118,30848,34.0
573510.228780401,PLAYBACK,right,8,0.12218036163881862,2,32864,33201,32.0
573510.228787876,PLAYBACK,right,1,-0.05428107118333614,2,33342,32672,31.0
573510.22879554,PLAYBACK,right,2,0.025893797207599434,2,32725,32701,32.0
573510.229999188,PLAYBACK,right,3,0.03586770428015562,2,32564,32710,32.0
573510.230080835,PLAYBACK,right,4,0.1950666056305792,2,31745,32053,31.0
573510.231249787,PLAYBACK,right,5,-0.060314075913681015,2,32662,32342,35.0
573510.231320954,PLAYBACK,right,6,-0.1950666056305792,2,32803,32787,35.0
573510.2324925,PLAYBACK,right,7,1.2707141222247653,2,33121,30967,33.0
573510.232524101,PLAYBACK,right,1,-0.055048294804302955,2,33242,32699,31.0
573510.233456285,PLAYBACK,right,2,0.025510185397115137,2,32771,32676,32.0
573510.233486644,PLAYBACK,right,3,0.03586770428015562,2,32834,32786,32.0
573510.237585307,PLAYBACK,right,4,0.19736827649347788,2,31733,31925,31.0
573510.237658899,PLAYBACK,right,5,-0.06069768772416531,2,32830,32217,35.0
573510.237673667,PLAYBACK,right,6,-0.19545021744106172,2,32831,32784,35.0
573510.23768574,PLAYBACK,right,7,1.269563286793316,2,33013,30962,33.0
573510.237696481,PLAYBACK,right,8,0.12218036163881862,2,32773,32742,32.0
573510.237704416,PLAYBACK,right,1,-0.05658274204623481,2,33196,32696,31.0
573510.237712051,PLAYBACK,right,2,0.025510185397115137,2,32822,32696,32.0
573510.238454701,PLAYBACK,right,3,0.03586770428015562,2,32703,32806,32.0
573510.242272794,PLAYBACK,right,4,0.2000535591668573,2,31942,32066,31.0
573510.242308492,PLAYBACK,right,5,-0.06069768772416531,2,32809,32292,35.0
573510.242323902,PLAYBACK,right,6,-0.1950666056305792,2,32789,32760,35.0
573510.242333501,PLAYBACK,right,7,1.2680288395513841,2,33044,30879,33.0
573510.242341746,PLAYBACK,right,1,-0.057349965667199854,2,33331,32702,31.0
573510.242351505,PLAYBACK,right,2,0.025510185397115137,2,32874,32715,32.0
573510.242361174,PLAYBACK,right,3,0.03586770428015562,2,32776,32785,32.0
573510.243504596,PLAYBACK,right,4,0.20235523002975597,2,31804,32063,31.0
573510.243538671,PLAYBACK,right,5,-0.06069768772416531,2,32762,32353,35.0
573510.25064205,PLAYBACK,right,6,-0.1950666056305792,2,32779,32835,35.0
573510.250660626,PLAYBACK,right,7,1.2664943923094523,2,33093,30750,34.0
573510.250670084,PLAYBACK,right,8,0.12256397344930114,2,32735,32774,32.0
573510.25067805,PLAYBACK,right,1,-0.05888441290913171,2,33332,32718,31.0
573510.250685935,PLAYBACK,right,2,0.025510185397115137,2,32827,32704,32.0
573510.250693599,PLAYBACK,right,3,0.03586770428015562,2,32907,32832,32.0
573510.250701144,PLAYBACK,right,4,0.2058077363241022,2,31488,32066,31.0
573510.250708719,PLAYBACK,right,5,-0.06069768772416531,2,32721,32253,35.0
573510.250717465,PLAYBACK,right,6,-0.1950666056305792,2,32743,32841,35.0
573510.25072525,PLAYBACK,right,7,1.2653435568780047,2,33042,30895,34.0
573510.250732565,PLAYBACK,right,1,-0.06003524834058105,2,33384,32734,31.0
573510.250740209,PLAYBACK,right,2,0.025510185397115137,2,32627,32695,32.0
573510.251939489,PLAYBACK,right,3,0.03586770428015562,2,32946,32780,32.0
573510.251989174,PLAYBACK,right,4,0.2081094071869991,2,31824,32083,31.0
573510.253183815,PLAYBACK,right,5,-0.060314075913681015,2,32742,32304,35.0
573510.25321231,PLAYBACK,right,6,-0.1950666056305792,2,32789,32740,35.0
573510.255911137,PLAYBACK,right,7,1.2641927214465554,2,33030,30771,33.0
573510.255942397,PLAYBACK,right,1,-0.061186083772030386,2,33463,32750,31.0
573510.255954861,PLAYBACK,right,2,0.025510185397115137,2,32753,32684,32.0
573510.255965281,PLAYBACK,right,3,0.03586770428015562,2,32805,32761,32.0
573510.260918019,PLAYBACK,right,4,0.21117830167086282,2,31590,31991,31.0
573510.260972594,PLAYBACK,right,5,-0.060314075913681015,2,32709,32372,35.0
573510.260984016,PLAYBACK,right,6,-0.1950666056305792,2,32710,32682,35.0
573510.260991771,PLAYBACK,right,7,1.263041886015106,2,33097,30962,34.0
573510.260998985,PLAYBACK,right,8,0.12256397344930114,2,32768,32798,32.0
573510.261019514,PLAYBACK,right,1,-0.06272053101396224,2,33453,32785,31.0
573510.261026518,PLAYBACK,right,2,0.025510185397115137,2,32727,32723,32.0
573510.261035946,PLAYBACK,right,3,0.03586770428015562,2,32999,32804,32.0
573510.261045975,PLAYBACK,right,4,0.21386358434424402,2,31827,31873,31.0
573510.264521317,PLAYBACK,left,1,0.0021098649576565265,0,32774,32767,31.0
573510.264546055,PLAYBACK,left,2,0.004411535820553425,0,32646,32767,32.0
573510.264556545,PLAYBACK,left,3,-0.055048294804302955,0,32688,32767,32.0
573510.264566855,PLAYBACK,left,4,0.018988784618905186,0,32757,32767,32.0
573510.264577115,PLAYBACK,left,5,-0.9166404211490047,0,32753,32767,35.0
573510.264593296,PLAYBACK,right,5,-0.060314075913681015,2,32796,32194,35.0
573510.264601742,PLAYBACK,right,6,-0.1950666056305792,2,32783,32630,35.0
573510.264608756,PLAYBACK,right,7,1.2615074387731742,2,33046,31034,33.0
573510.264618474,PLAYBACK,right,8,0.12218036163881862,2,32801,32779,32.0
573510.264625849,PLAYBACK,right,1,-0.0638713664454098,2,33331,32796,31.0
573510.264632411,PLAYBACK,right,2,0.025510185397115137,2,32714,32700,32.0
573510.265811021,PLAYBACK,left,6,0.033182421606774426,0,32780,32767,35.0
573510.265860536,PLAYBACK,left,7,0.008631265735866478,0,32735,32767,33.0
573510.26588329,PLAYBACK,right,3,0.03586770428015562,2,32888,32787,32.0
573510.265893991,PLAYBACK,right,4,0.21693247882810773,2,31791,31807,31.0
573510.267047632,PLAYBACK,left,8,-0.10108171206225691,0,32785,32767,32.0
573510.267089623,PLAYBACK,right,5,-0.06069768772416531,2,32829,32258,35.0
573510.267100364,PLAYBACK,right,6,-0.1950666056305792,2,32715,32749,35.0
573510.271422256,PLAYBACK,right,7,1.2599729915312423,2,33110,31011,33.0
573510.271462704,PLAYBACK,right,1,-0.06502220187685914,2,33374,32859,31.0
573510.271476821,PLAYBACK,right,2,0.025510185397115137,2,32803,32715,32.0
573510.27148642,PLAYBACK,right,3,0.03586770428015562,2,32548,32721,32.0
573510.271495898,PLAYBACK,right,4,0.21923414969100463,2,31883,31926,31.0
573510.271505196,PLAYBACK,right,5,-0.060314075913681015,2,32669,32294,35.0
573510.271515706,PLAYBACK,right,6,-0.1950666056305792,2,32721,32710,35.0
573510.273791619,PLAYBACK,right,7,1.2592057679102773,2,32993,31411,34.0
573510.273847928,PLAYBACK,right,8,0.12256397344930114,2,32904,32985,32.0
573510.273861273,PLAYBACK,right,1,-0.06617303730830848,2,33260,32892,31.0
573510.273879478,PLAYBACK,right,2,0.025510185397115137,2,32777,32705,32.0
573510.275088536,PLAYBACK,right,3,0.03586770428015562,2,32879,32731,32.0
573510.275115468,PLAYBACK,right,4,0.22230304417486835,2,31924,31860,31.0
573510.276263499,PLAYBACK,right,5,-0.060314075913681015,2,32772,32206,35.0
573510.276286724,PLAYBACK,right,6,-0.1950666056305792,2,32819,32666,35.0
573510.27742687,PLAYBACK,right,7,1.258054932478828,2,32980,31351,33.0
573510.277457669,PLAYBACK,right,1,-0.06732387273975782,2,33388,32908,31.0
573510.279181608,PLAYBACK,right,2,0.025510185397115137,2,32865,32728,32.0
573510.279220393,PLAYBACK,right,3,0.03586770428015562,2,32751,32754,32.0
573510.279227978,PLAYBACK,right,4,0.22460471503776702,2,31808,31940,31.0
573510.28297327,PLAYBACK,right,5,-0.060314075913681015,2,32809,32169,35.0
573510.283030721,PLAYBACK,right,6,-0.1950666056305792,2,32785,32711,35.0
573510.283041652,PLAYBACK,right,7,1.2569040970473786,2,33126,31189,34.0
573510.283050228,PLAYBACK,right,8,0.12256397344930114,2,32838,32872,32.0
573510.283058624,PLAYBACK,right,1,-0.06847470817120538,2,33272,32921,31.0
573510.283067221,PLAYBACK,right,2,0.025510185397115137,2,32773,32733,32.0
573510.283455739,PLAYBACK,right,3,0.03586770428015562,2,32787,32719,32.0
573510.286868351,PLAYBACK,right,4,0.22728999771114644,2,31987,31997,31.0
573510.286888469,PLAYBACK,right,5,-0.060314075913681015,2,32775,32281,35.0
573510.286897848,PLAYBACK,right,6,-0.1950666056305792,2,32824,32754,35.0
573510.286905502,PLAYBACK,right,7,1.255753261615931,2,33086,31527,34.0
573510.286912325,PLAYBACK,right,1,-0.0692419317921722,2,33208,32917,31.0
573510.286919229,PLAYBACK,right,2,0.025510185397115137,2,32731,32732,32.0
573510.288074814,PLAYBACK,right,3,0.03586770428015562,2,32937,32731,32.0
573510.288094713,PLAYBACK,right,4,0.22997528038452764,2,31895,31845,31.0
573510.291924137,PLAYBACK,right,5,-0.060314075913681015,2,32719,32161,35.0
573510.291948534,PLAYBACK,right,6,-0.1950666056305792,2,32697,32740,35.0
573510.29195704,PLAYBACK,right,7,1.2546024261844817,2,33006,31790,33.0
573510.291966198,PLAYBACK,right,8,0.12256397344930114,2,32839,32966,32.0
573510.291974634,PLAYBACK,right,1,-0.07077637903410405,2,33279,32908,31.0
573510.2919829,PLAYBACK,right,2,0.025510185397115137,2,32693,32730,32.0
573510.296338417,PLAYBACK,right,3,0.03625131609063814,2,32692,32640,32.0
573510.296496662,PLAYBACK,right,4,0.23266056305790883,2,31970,31931,31.0
573510.296525277,PLAYBACK,right,5,-0.060314075913681015,2,32834,32258,35.0
573510.2965945,PLAYBACK,right,6,-0.1950666056305792,2,32815,32526,35.0
573510.296603628,PLAYBACK,right,7,1.2530679789425498,2,33032,31567,34.0
573510.296611323,PLAYBACK,right,1,-0.07192721446555339,2,33459,32891,31.0
573510.296619128,PLAYBACK,right,2,0.025510185397115137,2,32804,32706,32.0
573510.296626061,PLAYBACK,right,3,0.03625131609063814,2,32662,32683,32.0
573510.297865217,PLAYBACK,right,4,0.2345786221103232,2,31910,31469,31.0
573510.297909453,PLAYBACK,right,5,-0.060314075913681015,2,32687,32358,35.0
573510.298584663,PLAYBACK,right,6,-0.1950666056305792,2,32701,32851,35.0
573510.305540417,PLAYBACK,right,7,1.251533531700618,2,33075,31404,34.0
573510.305590083,PLAYBACK,right,1,-0.07307804989700095,2,33330,32900,31.0
573510.305602387,PLAYBACK,right,2,0.025510185397115137,2,32907,32712,32.0
573510.30561448,PLAYBACK,right,3,0.03625131609063814,2,32945,32724,32.0
573510.30562501,PLAYBACK,right,4,0.2372639047837044,2,31767,31787,31.0
573510.305636222,PLAYBACK,right,5,-0.060314075913681015,2,32655,32156,35.0
573510.305648345,PLAYBACK,right,6,-0.1950666056305792,2,32715,32777,35.0
573510.305659106,PLAYBACK,right,7,1.2503826962691686,2,33096,31435,34.0
573510.30566641,PLAYBACK,right,8,0.12256397344930114,2,32641,32710,32.0
573510.30567698,PLAYBACK,right,1,-0.07422888532845029,2,33344,32865,31.0
573510.305685437,PLAYBACK,right,2,0.025893797207599434,2,32777,32736,32.0
573510.305693482,PLAYBACK,right,3,0.03586770428015562,2,32880,32712,32.0
573510.306931306,PLAYBACK,right,4,0.23994918745708382,2,31821,31643,31.0
573510.306962156,PLAYBACK,right,5,-0.059930464103198494,2,32841,32196,35.0
573510.30814334,PLAYBACK,right,6,-0.1950666056305792,2,32823,32589,35.0
573510.308171925,PLAYBACK,right,7,1.2492318608377193,2,32992,31445,34.0
573510.309520943,PLAYBACK,right,1,-0.07499610894941533,2,33321,32868,31.0
573510.309542915,PLAYBACK,right,2,0.025893797207599434,2,32674,32707,32.0
573510.3146293,PLAYBACK,right,3,0.03586770428015562,2,32880,32731,32.0
573510.314752958,PLAYBACK,right,4,0.2422508583199825,2,31860,31761,31.0
573510.314763839,PLAYBACK,right,5,-0.059930464103198494,2,32774,32257,35.0
573510.314773708,PLAYBACK,right,6,-0.1946829938200949,2,32704,32741,35.0
573510.314782405,PLAYBACK,right,7,1.2476974135957875,2,33037,31463,33.0
573510.31479026,PLAYBACK,right,8,0.12256397344930114,2,32726,32723,32.0
573510.314798326,PLAYBACK,right,1,-0.07614694438086467,2,33295,32843,31.0
573510.314808936,PLAYBACK,right,2,0.025510185397115137,2,32952,32671,32.0
573510.31481619,PLAYBACK,right,3,0.03625131609063814,2,32944,32769,32.0
573510.318095525,PLAYBACK,left,1,0.0021098649576565265,0,32770,32767,31.0
573510.318123469,PLAYBACK,left,2,0.004411535820553425,0,32700,32767,32.0
573510.318133368,PLAYBACK,left,3,-0.055048294804302955,0,32752,32767,32.0
573510.318142035,PLAYBACK,left,4,0.018988784618905186,0,32879,32767,32.0
573510.318149208,PLAYBACK,left,5,-0.9166404211490047,0,32726,32767,35.0
573510.318171541,PLAYBACK,right,4,0.2449361409933637,2,32064,31690,31.0
573510.318183414,PLAYBACK,right,5,-0.059930464103198494,2,32736,32204,35.0
573510.318193484,PLAYBACK,right,6,-0.1950666056305792,2,32767,32649,35.0
573510.31820214,PLAYBACK,right,7,1.2469301899748224,2,33005,31683,34.0
573510.318209785,PLAYBACK,right,1,-0.07768139162279653,2,33336,32803,31.0
573510.31821766,PLAYBACK,right,2,0.025893797207599434,2,32738,32696,32.0
573510.322451393,PLAYBACK,left,6,0.033182421606774426,0,32678,32767,35.0
573510.322473876,PLAYBACK,left,7,0.008631265735866478,0,32778,32767,33.0
573510.322484176,PLAYBACK,left,8,-0.10108171206225691,0,32750,32767,32.0
573510.322500668,PLAYBACK,right,3,0.03586770428015562,2,32853,32747,32.0
573510.322510387,PLAYBACK,right,4,0.24685420004577807,2,31976,31474,31.0
573510.322519033,PLAYBACK,right,5,-0.059930464103198494,2,32688,32455,35.0
573510.322528291,PLAYBACK,right,6,-0.1950666056305792,2,32796,32699,35.0
573510.322537278,PLAYBACK,right,7,1.2453957427328906,2,33020,31555,33.0
573510.322545554,PLAYBACK,right,1,-0.07883222705424586,2,33353,32750,31.0
573510.32255354,PLAYBACK,right,2,0.025893797207599434,2,32691,32696,32.0
573510.328993751,PLAYBACK,right,3,0.03586770428015562,2,32842,32711,32.0
573510.329030432,PLAYBACK,right,4,0.2495394827191575,2,31759,31661,31.0
573510.329041333,PLAYBACK,right,5,-0.059930464103198494,2,32682,32322,35.0
573510.329051342,PLAYBACK,right,6,-0.1950666056305792,2,32778,32756,35.0
573510.32906047,PLAYBACK,right,7,1.2442449073014412,2,33033,31600,33.0
573510.329069437,PLAYBACK,right,8,0.12256397344930114,2,32791,32717,32.0
573510.329078064,PLAYBACK,right,1,-0.08036667429617772,2,33479,32709,31.0
573510.329086941,PLAYBACK,right,2,0.025893797207599434,2,32776,32723,32.0
573510.329095517,PLAYBACK,right,3,0.03586770428015562,2,32710,32799,32.0
573510.329103843,PLAYBACK,right,4,0.2522247653925387,2,31980,31717,31.0
573510.329112129,PLAYBACK,right,5,-0.059930464103198494,2,32784,32293,35.0
573510.331278231,PLAYBACK,right,6,-0.1950666056305792,2,32809,32735,35.0
573510.331296897,PLAYBACK,right,7,1.2427104600595094,2,33104,31411,33.0
573510.331306425,PLAYBACK,right,1,-0.08113389791714276,2,33391,32696,31.0
573510.331314571,PLAYBACK,right,2,0.025510185397115137,2,32860,32697,32.0
573510.332461028,PLAYBACK,right,3,0.03586770428015562,2,32784,32736,32.0
573510.332482901,PLAYBACK,right,4,0.25452643625543736,2,31928,31652,31.0
573510.333549575,PLAYBACK,right,5,-0.059930464103198494,2,32740,32342,35.0
573510.340811409,PLAYBACK,right,6,-0.1950666056305792,2,32800,32908,35.0
573510.340835134,PLAYBACK,right,7,1.2419432364385443,2,33038,31621,33.0
573510.340844583,PLAYBACK,right,1,-0.08266834515907462,2,33381,32674,31.0
573510.34085375,PLAYBACK,right,2,0.025893797207599434,2,32794,32701,32.0
573510.340861776,PLAYBACK,right,3,0.03625131609063814,2,32702,32777,32.0
573510.340869681,PLAYBACK,right,4,0.25682810711833426,2,31964,31610,31.0
573510.340878378,PLAYBACK,right,5,-0.059546852292715974,2,32750,32309,35.0
573510.340893858,PLAYBACK,right,6,-0.1950666056305792,2,32768,32797,35.0
573510.340903316,PLAYBACK,right,7,1.2404087891966125,2,33033,31520,34.0
573510.340912974,PLAYBACK,right,8,0.12218036163881862,2,32871,32836,32.0
573510.340925238,PLAYBACK,right,1,-0.08381918059052396,2,33362,32676,31.0
573510.340934546,PLAYBACK,right,2,0.025893797207599434,2,32794,32687,32.0
573510.340942611,PLAYBACK,right,3,0.03586770428015562,2,32807,32801,32.0
573510.342123335,PLAYBACK,right,4,0.25951338979171545,2,31890,31775,31.0
573510.342177059,PLAYBACK,right,5,-0.059546852292715974,2,32728,32345,35.0
573510.343494525,PLAYBACK,right,6,-0.19545021744106172,2,32783,32754,35.0
573510.34351774,PLAYBACK,right,7,1.2392579537651631,2,33083,31387,33.0
573510.344484161,PLAYBACK,right,1,-0.084586404211489,2,33345,32674,31.0
573510.344503158,PLAYBACK,right,2,0.025893797207599434,2,32754,32728,32.0
573510.349427551,PLAYBACK,right,3,0.03586770428015562,2,32794,32802,32.0
573510.349454583,PLAYBACK,right,4,0.26181506065461235,2,31972,31865,31.0
573510.349463119,PLAYBACK,right,5,-0.059546852292715974,2,32754,32332,35.0
573510.349470754,PLAYBACK,right,6,-0.1950666056305792,2,32767,32744,35.0
573510.349477347,PLAYBACK,right,7,1.2377235065232313,2,33103,31180,34.0
573510.34948421,PLAYBACK,right,8,0.12256397344930114,2,32724,32732,32.0
573510.349490953,PLAYBACK,right,1,-0.08612085145342085,2,33504,32685,31.0
573510.349497926,PLAYBACK,right,2,0.025510185397115137,2,32908,32712,32.0
573510.353114952,PLAYBACK,right,3,0.03586770428015562,2,32825,32701,32.0
573510.353131023,PLAYBACK,right,4,0.26488395513847607,2,31924,31918,31.0
573510.353138828,PLAYBACK,right,5,-0.059930464103198494,2,32801,32210,35.0
573510.353146172,PLAYBACK,right,6,-0.1950666056305792,2,32736,32744,35.0
573510.353153055,PLAYBACK,right,7,1.2358054474708169,2,33214,31037,34.0
573510.353159608,PLAYBACK,right,1,-0.08727168688487019,2,33439,32686,31.0
573510.353420971,PLAYBACK,right,2,0.025893797207599434,2,32683,32701,32.0
573510.357560422,PLAYBACK,right,3,0.03625131609063814,2,32819,32774,32.0
573510.357577866,PLAYBACK,right,4,0.2679528496223398,2,31639,31831,31.0
573510.357586031,PLAYBACK,right,5,-0.059546852292715974,2,32720,32363,35.0
573510.357601511,PLAYBACK,right,6,-0.1950666056305792,2,32787,32733,35.0
573510.357608074,PLAYBACK,right,7,1.234271000228885,2,33082,30723,33.0
573510.357614276,PLAYBACK,right,1,-0.08880613412680205,2,33381,32671,31.0
573510.357620979,PLAYBACK,right,2,0.025510185397115137,2,32868,32710,32.0
573510.362413948,PLAYBACK,right,3,0.03586770428015562,2,32777,32791,32.0
573510.362435149,PLAYBACK,right,4,0.270638132295721,2,31847,31585,31.0
573510.362443866,PLAYBACK,right,5,-0.059546852292715974,2,32776,32313,35.0
573510.362451691,PLAYBACK,right,6,-0.1950666056305792,2,32821,32728,35.0
573510.362459697,PLAYBACK,right,7,1.2323529411764707,2,33230,30513,33.0
573510.362468063,PLAYBACK,right,8,0.12256397344930114,2,32750,32841,32.0
573510.362474525,PLAYBACK,right,1,-0.09034058136873391,2,33399,32674,31.0
573510.362480707,PLAYBACK,right,2,0.025893797207599434,2,32767,32700,32.0
573510.36682373,PLAYBACK,right,3,0.03625131609063814,2,32816,32749,32.0
573510.366848798,PLAYBACK,right,4,0.2733234149691004,2,31738,31753,31.0
573510.366859098,PLAYBACK,right,5,-0.059546852292715974,2,32828,32341,35.0
573510.366868957,PLAYBACK,right,6,-0.1950666056305792,2,32779,32777,35.0
573510.366876933,PLAYBACK,right,7,1.2308184939345388,2,33038,30555,33.0
573510.366885028,PLAYBACK,right,1,-0.09149141680018325,2,33461,32696,31.0
573510.366892873,PLAYBACK,right,2,0.025510185397115137,2,32840,32711,32.0
573510.368066223,PLAYBACK,left,1,0.0021098649576565265,0,32833,32767,31.0
573510.368115438,PLAYBACK,right,3,0.03625131609063814,2,32692,32723,32.0
573510.368130808,PLAYBACK,right,4,0.2760086976424816,2,31759,31821,31.0
573510.371946355,PLAYBACK,left,2,0.004411535820553425,0,32903,32767,32.0
573510.371974559,PLAYBACK,left,3,-0.055048294804302955,0,32657,32767,32.0
573510.371984869,PLAYBACK,left,4,0.018988784618905186,0,32844,32767,32.0
573510.371993396,PLAYBACK,left,5,-0.9166404211490047,0,32794,32767,35.0
573510.372007282,PLAYBACK,left,6,0.033182421606774426,0,32730,32767,35.0
573510.372015098,PLAYBACK,left,7,0.008631265735866478,0,32753,32767,33.0
573510.372022131,PLAYBACK,left,8,-0.10108171206225691,0,32751,32767,32.0
573510.372039284,PLAYBACK,right,5,-0.059546852292715974,2,32775,32222,35.0
573510.372048321,PLAYBACK,right,6,-0.1950666056305792,2,32740,32811,35.0
573510.372056708,PLAYBACK,right,7,1.229284046692607,2,33140,30776,33.0
573510.372064753,PLAYBACK,right,1,-0.0930258640421151,2,33496,32713,31.0
573510.37207863,PLAYBACK,right,2,0.025510185397115137,2,32892,32691,32.0
573510.372089371,PLAYBACK,right,3,0.03586770428015562,2,32582,32653,32.0
573510.372097797,PLAYBACK,right,4,0.2790775921263453,2,31889,31958,31.0
573510.37609272,PLAYBACK,right,5,-0.059546852292715974,2,32810,32522,35.0
573510.376125533,PLAYBACK,right,6,-0.1950666056305792,2,32741,32759,35.0
573510.376140221,PLAYBACK,right,7,1.227749599450675,2,33155,30751,34.0
573510.376151703,PLAYBACK,right,8,0.12256397344930114,2,32711,32729,32.0
573510.376163165,PLAYBACK,right,1,-0.09456031128404696,2,33432,32738,31.0
573510.376177232,PLAYBACK,right,2,0.025893797207599434,2,32799,32683,32.0
573510.376186681,PLAYBACK,right,3,0.03586770428015562,2,32778,32732,32.0
573510.377361443,PLAYBACK,right,4,0.282146486610209,2,31631,31951,31.0
573510.377394577,PLAYBACK,right,5,-0.059930464103198494,2,32850,32351,35.0
573510.378454207,PLAYBACK,right,6,-0.1950666056305792,2,32746,32706,35.0
573510.385226779,PLAYBACK,right,7,1.2262151522087432,2,33125,30801,33.0
573510.385241648,PLAYBACK,right,1,-0.09609475852597882,2,33499,32784,31.0
573510.385250254,PLAYBACK,right,2,0.025893797207599434,2,32747,32690,32.0
573510.385258139,PLAYBACK,right,3,0.03586770428015562,2,32873,32732,32.0
573510.385265353,PLAYBACK,right,4,0.28483176928358844,2,31673,31825,31.0
573510.385272207,PLAYBACK,right,5,-0.059930464103198494,2,32779,32415,35.0
573510.38527909,PLAYBACK,right,6,-0.1950666056305792,2,32806,32872,35.0
573510.385286173,PLAYBACK,right,7,1.2246807049668114,2,33083,31085,34.0
573510.385292526,PLAYBACK,right,8,0.12256397344930114,2,32779,32820,32.0
573510.385299439,PLAYBACK,right,1,-0.09724559395742638,2,33491,32806,31.0
573510.385305841,PLAYBACK,right,2,0.025510185397115137,2,32685,32675,32.0
573510.385312294,PLAYBACK,right,3,0.03586770428015562,2,32721,32787,32.0
573510.386529668,PLAYBACK,right,4,0.28751705195696964,2,31754,31723,31.0
573510.386550057,PLAYBACK,right,5,-0.059930464103198494,2,32725,32346,35.0
573510.387717556,PLAYBACK,right,6,-0.1950666056305792,2,32707,32800,35.0
573510.387752453,PLAYBACK,right,7,1.223529869535362,2,33016,31281,33.0
573510.388693926,PLAYBACK,right,1,-0.09878004119935824,2,33524,32831,31.0
573510.388713012,PLAYBACK,right,2,0.025893797207599434,2,32838,32685,32.0
573510.39405501,PLAYBACK,right,3,0.03586770428015562,2,32612,32772,32.0
573510.394079387,PLAYBACK,right,4,0.29020233463035083,2,31901,31810,31.0
573510.394090949,PLAYBACK,right,5,-0.059546852292715974,2,32761,32473,35.0
573510.39410199,PLAYBACK,right,6,-0.1950666056305792,2,32835,32697,35.0
573510.394111368,PLAYBACK,right,7,1.2219954222934302,2,33033,31399,34.0
573510.394125015,PLAYBACK,right,8,0.12256397344930114,2,32728,32842,32.0
573510.394133541,PLAYBACK,right,8,0.12256397344930114,2,32818,32763,32.0
573510.394141697,PLAYBACK,right,1,-0.1003144884412901,2,33458,32846,31.0
573510.394152037,PLAYBACK,right,2,0.025510185397115137,2,32807,32706,32.0
573510.395264358,PLAYBACK,right,3,0.03625131609063814,2,32612,32743,32.0
573510.395277554,PLAYBACK,right,4,0.29327122911421455,2,31853,31775,31.0
573510.396384555,PLAYBACK,right,5,-0.059546852292715974,2,32796,32397,35.0
573510.397501086,PLAYBACK,right,6,-0.1950666056305792,2,32811,32866,35.0
573510.397521765,PLAYBACK,right,7,1.2200773632410158,2,33086,31412,34.0
573510.399327112,PLAYBACK,right,1,-0.10184893568322195,2,33392,32864,31.0
573510.399438386,PLAYBACK,right,2,0.025510185397115137,2,32773,32689,32.0
573510.399459427,PLAYBACK,right,3,0.03586770428015562,2,32802,32684,32.0
573510.403135165,PLAYBACK,right,4,0.29557289997711145,2,31845,31702,31.0
573510.403155344,PLAYBACK,right,5,-0.059546852292715974,2,32768,32429,35.0
573510.403164482,PLAYBACK,right,6,-0.1950666056305792,2,32669,32845,35.0
573510.403172477,PLAYBACK,right,7,1.2193101396200507,2,33031,31295,34.0
573510.403179981,PLAYBACK,right,8,0.12256397344930114,2,32709,33029,32.0
573510.403187235,PLAYBACK,right,1,-0.10299977111467129,2,33320,32889,31.0
573510.403202034,PLAYBACK,right,2,0.025893797207599434,2,32857,32710,32.0
573510.407700426,PLAYBACK,right,3,0.03586770428015562,2,32846,32756,32.0
573510.407724312,PLAYBACK,right,4,0.29864179446097516,2,31782,31828,31.0
573510.407733089,PLAYBACK,right,5,-0.059546852292715974,2,32756,32397,35.0
573510.407742167,PLAYBACK,right,6,-0.1950666056305792,2,32709,32653,35.0
573510.40774906,PLAYBACK,right,7,1.2173920805676364,2,33154,31165,34.0
573510.407756695,PLAYBACK,right,1,-0.10415060654612063,2,33347,32912,31.0
573510.407763728,PLAYBACK,right,2,0.025510185397115137,2,32793,32702,32.0
573510.407770291,PLAYBACK,right,3,0.03586770428015562,2,32839,32736,32.0
573510.408468165,PLAYBACK,right,4,0.30094346532387384,2,31778,31780,31.0
573510.411333102,PLAYBACK,right,5,-0.059930464103198494,2,32752,32356,35.0
573510.411354403,PLAYBACK,right,6,-0.1950666056305792,2,32756,32875,35.0
573510.411362739,PLAYBACK,right,7,1.2158576333257045,2,33134,31002,33.0
573510.411370113,PLAYBACK,right,8,0.12218036163881862,2,32842,32894,32.0
573510.411377347,PLAYBACK,right,1,-0.10530144197756819,2,33488,32888,31.0
573510.416500803,PLAYBACK,right,2,0.025893797207599434,2,32650,32683,32.0
573510.416548325,PLAYBACK,right,3,0.03586770428015562,2,32988,32728,32.0
573510.416563825,PLAYBACK,right,4,0.30362874799725326,2,31834,31869,31.0
573510.416575517,PLAYBACK,right,5,-0.059930464103198494,2,32762,32370,35.0
573510.416586508,PLAYBACK,right,6,-0.1950666056305792,2,32716,32708,35.0
573510.41659787,PLAYBACK,right,7,1.2139395742732884,2,33136,30858,33.0
573510.416612789,PLAYBACK,right,1,-0.10645227740901753,2,33347,32855,31.0
573510.416630754,PLAYBACK,right,2,0.025893797207599434,2,32810,32676,32.0
573510.420281734,PLAYBACK,right,3,0.03586770428015562,2,32793,32838,32.0
573510.420318224,PLAYBACK,right,4,0.30593041886015193,2,31723,31534,31.0
573510.420332953,PLAYBACK,right,5,-0.059930464103198494,2,32835,32295,35.0
573510.42034215,PLAYBACK,right,6,-0.1950666056305792,2,32754,32729,35.0
573510.420349254,PLAYBACK,right,7,1.2124051270313565,2,33123,30898,34.0
573510.420355807,PLAYBACK,right,1,-0.10760311284046686,2,33296,32810,31.0
573510.420362329,PLAYBACK,right,2,0.025510185397115137,2,32851,32711,32.0
573510.421558563,PLAYBACK,left,1,0.0021098649576565265,0,32741,32767,31.0
573510.421580135,PLAYBACK,right,3,0.03586770428015562,2,32737,32834,32.0
573510.42158819,PLAYBACK,right,4,0.30861570153353135,2,31794,31526,31.0
573510.425372097,PLAYBACK,left,2,0.004411535820553425,0,32862,32767,32.0
573510.425416963,PLAYBACK,left,3,-0.055048294804302955,0,32815,32767,32.0
573510.425429868,PLAYBACK,left,4,0.018988784618905186,0,32730,32767,32.0
573510.425437202,PLAYBACK,left,5,-0.9166404211490047,0,32740,32767,35.0
573510.425443745,PLAYBACK,left,6,0.033182421606774426,0,32835,32767,35.0
573510.425450949,PLAYBACK,left,7,0.008631265735866478,0,32796,32767,33.0
573510.425466308,PLAYBACK,right,5,-0.059930464103198494,2,32759,32360,35.0
573510.425474354,PLAYBACK,right,6,-0.1950666056305792,2,32726,32824,35.0
573510.425480956,PLAYBACK,right,7,1.2108706797894246,2,33159,31021,34.0
573510.425487188,PLAYBACK,right,1,-0.10913756008239872,2,33410,32785,31.0
573510.425493771,PLAYBACK,right,2,0.025893797207599434,2,32718,32683,32.0
573510.425499943,PLAYBACK,right,3,0.03586770428015562,2,32709,32732,32.0
573510.429321883,PLAYBACK,left,8,-0.10069810025177439,0,32722,32767,32.0
573510.429349506,PLAYBACK,right,4,0.31091737239643,2,31855,31484,31.0
573510.429359215,PLAYBACK,right,5,-0.059930464103198494,2,32822,32337,35.0
573510.429366599,PLAYBACK,right,6,-0.1950666056305792,2,32762,32654,35.0
573510.429373813,PLAYBACK,right,7,1.2093362325474928,2,33166,30903,34.0
573510.429380766,PLAYBACK,right,8,0.12218036163881862,2,32764,32766,32.0
573510.429387279,PLAYBACK,right,1,-0.11028839551384806,2,33342,32731,31.0
573510.430519649,PLAYBACK,right,2,0.025893797207599434,2,32788,32670,32.0
573510.430546922,PLAYBACK,right,3,0.03586770428015562,2,32807,32755,32.0
573510.431670365,PLAYBACK,right,4,0.31398626688029374,2,31698,31429,31.0
573510.431687789,PLAYBACK,right,5,-0.059930464103198494,2,32764,32474,35.0
573510.436343124,PLAYBACK,right,6,-0.1950666056305792,2,32815,32728,35.0
573510.43649723,PLAYBACK,right,7,1.2074181734950784,2,33109,31071,33.0
573510.436514173,PLAYBACK,right,1,-0.11182284275577814,2,33500,32735,31.0
573510.436530104,PLAYBACK,right,2,0.025893797207599434,2,32781,32692,32.0
573510.436543029,PLAYBACK,right,3,0.03586770428015562,2,32716,32770,32.0
573510.436552737,PLAYBACK,right,4,0.31628793774319064,2,31754,31082,31.0
573510.436563909,PLAYBACK,right,5,-0.059930464103198494,2,32802,32356,35.0
573510.436574689,PLAYBACK,right,6,-0.1950666056305792,2,32769,32761,35.0
573510.438914425,PLAYBACK,right,7,1.2062673380636308,2,33073,31099,34.0
573510.438945225,PLAYBACK,right,8,0.12256397344930114,2,32718,33032,32.0
573510.438973429,PLAYBACK,right,1,-0.11297367818722748,2,33327,32703,31.0
573510.438992105,PLAYBACK,right,2,0.025510185397115137,2,32772,32701,32.0
573510.440245358,PLAYBACK,right,3,0.03586770428015562,2,32706,32818,32.0
573510.440283692,PLAYBACK,right,4,0.31897322041657183,2,31970,31515,31.0
573510.441732642,PLAYBACK,right,5,-0.059546852292715974,2,32772,32356,35.0
573510.441805783,PLAYBACK,right,6,-0.1950666056305792,2,32754,32738,35.0
573510.441822234,PLAYBACK,right,7,1.204732890821699,2,33072,31197,33.0
573510.443603775,PLAYBACK,right,1,-0.11412451361867681,2,33455,32678,31.0
573510.443630998,PLAYBACK,right,2,0.025893797207599434,2,32770,32666,32.0
573510.443641097,PLAYBACK,right,3,0.03586770428015562,2,32830,32842,32.0
573510.44782273,PLAYBACK,right,4,0.32127489127946873,2,31788,31250,31.0
573510.447867045,PLAYBACK,right,5,-0.059546852292715974,2,32771,32329,35.0
573510.447879269,PLAYBACK,right,6,-0.1950666056305792,2,32792,32713,35.0
573510.447889308,PLAYBACK,right,7,1.2035820553902496,2,33002,31604,34.0
573510.447899688,PLAYBACK,right,8,0.12256397344930114,2,32796,32850,32.0
573510.447908775,PLAYBACK,right,1,-0.11565896086060867,2,33426,32635,31.0
573510.447916039,PLAYBACK,right,2,0.025893797207599434,2,32713,32679,32.0
573510.448651686,PLAYBACK,right,3,0.03586770428015562,2,32703,32831,32.0
573510.448676343,PLAYBACK,right,4,0.32396017395284993,2,31792,31516,31.0
573510.451859854,PLAYBACK,right,5,-0.059930464103198494,2,32890,32349,35.0
573510.451880494,PLAYBACK,right,6,-0.1950666056305792,2,32743,32751,35.0
573510.4518889,PLAYBACK,right,7,1.2028148317692828,2,33014,31810,34.0
573510.451896765,PLAYBACK,right,1,-0.11680979629205801,2,33479,32622,31.0
573510.45190464,PLAYBACK,right,2,0.025510185397115137,2,32767,32675,32.0
573510.456862948,PLAYBACK,right,3,0.03586770428015562,2,32667,32821,32.0
573510.456899899,PLAYBACK,right,4,0.3266454566262311,2,31867,31499,31.0
573510.456912624,PLAYBACK,right,5,-0.059546852292715974,2,32750,32384,35.0
573510.456926631,PLAYBACK,right,6,-0.1950666056305792,2,32787,32703,35.0
573510.456936249,PLAYBACK,right,7,1.2016639963378353,2,33035,31941,33.0
573510.45694676,PLAYBACK,right,8,0.12218036163881862,2,32778,32918,32.0
573510.456956208,PLAYBACK,right,1,-0.11834424353398987,2,33413,32598,31.0
573510.456966007,PLAYBACK,right,2,0.025510185397115137,2,32838,32717,32.0
573510.460849195,PLAYBACK,right,3,0.03586770428015562,2,32514,32911,32.0
573510.460865486,PLAYBACK,right,4,0.32971435111009484,2,31757,31637,31.0
573510.460873762,PLAYBACK,right,5,-0.059930464103198494,2,32845,32204,35.0
573510.460883571,PLAYBACK,right,6,-0.19545021744106172,2,32762,32892,35.0
573510.460891797,PLAYBACK,right,7,1.200513160906386,2,33067,31967,33.0
573510.460902487,PLAYBACK,right,1,-0.11949507896543743,2,33407,32612,31.0
573510.460912096,PLAYBACK,right,2,0.025893797207599434,2,32614,32692,32.0
573510.462037213,PLAYBACK,right,3,0.03586770428015562,2,32750,32831,32.0
573510.462058534,PLAYBACK,right,4,0.33201602197299174,2,31817,31433,31.0
573510.465862008,PLAYBACK,right,5,-0.059930464103198494,2,32781,32442,35.0
573510.465886174,PLAYBACK,right,6,-0.19545021744106172,2,32796,32852,35.0
573510.465896595,PLAYBACK,right,7,1.198978713664454,2,33028,31846,33.0
573510.465905422,PLAYBACK,right,1,-0.12102952620736929,2,33402,32613,31.0
573510.465914459,PLAYBACK,right,2,0.025510185397115137,2,32928,32705,32.0
573510.465923056,PLAYBACK,right,3,0.03586770428015562,2,32638,32737,32.0
573510.469982944,PLAYBACK,right,4,0.33470130464637293,2,31737,31687,31.0
573510.47001222,PLAYBACK,right,5,-0.059930464103198494,2,32791,32138,35.0
573510.470023011,PLAYBACK,right,6,-0.1950666056305792,2,32799,32871,35.0
573510.47003301,PLAYBACK,right,7,1.1978278782330047,2,33121,31647,33.0
573510.470042188,PLAYBACK,right,8,0.12256397344930114,2,32791,32913,32.0
573510.470051295,PLAYBACK,right,1,-0.12256397344930114,2,33590,32635,31.0
573510.470060192,PLAYBACK,right,2,0.025893797207599434,2,32775,32672,32.0
573510.471189417,PLAYBACK,right,3,0.03586770428015562,2,32620,32745,32.0
573510.471209155,PLAYBACK,right,4,0.33815381094071917,2,31384,31819,31.0
573510.472378056,PLAYBACK,left,1,0.0021098649576565265,0,32766,32767,31.0
573510.472399306,PLAYBACK,right,5,-0.059930464103198494,2,32752,32332,35.0
573510.472407572,PLAYBACK,right,6,-0.19545021744106172,2,32816,32967,35.0
573510.474478821,PLAYBACK,left,2,0.004411535820553425,0,32754,32767,32.0
573510.474501735,PLAYBACK,left,3,-0.055048294804302955,0,32851,32767,32.0
573510.474512737,PLAYBACK,left,4,0.018988784618905186,0,32817,32767,32.0
573510.474529018,PLAYBACK,right,7,1.1962934309910729,2,33090,31627,34.0
573510.474538406,PLAYBACK,right,1,-0.12371480888075048,2,33426,32648,31.0
573510.474545439,PLAYBACK,right,2,0.025510185397115137,2,32906,32697,32.0
573510.474552052,PLAYBACK,right,3,0.03586770428015562,2,32825,32742,32.0
573510.47884053,PLAYBACK,left,5,-0.9166404211490047,0,32785,32767,35.0
573510.478924161,PLAYBACK,left,6,0.033182421606774426,0,32789,32767,35.0
573510.478957045,PLAYBACK,left,7,0.009014877546348998,0,32743,32767,33.0
573510.47907919,PLAYBACK,left,8,-0.10108171206225691,0,32768,32767,32.0
573510.479113316,PLAYBACK,right,4,0.34083909361410036,2,31404,31723,31.0
573510.479127102,PLAYBACK,right,5,-0.059930464103198494,2,32798,32282,35.0
573510.479140007,PLAYBACK,right,6,-0.19545021744106172,2,32768,32857,35.0
573510.479149125,PLAYBACK,right,7,1.194758983749141,2,33115,31290,33.0
573510.479158733,PLAYBACK,right,8,0.12256397344930114,2,32756,32806,32.0
573510.479166999,PLAYBACK,right,1,-0.12524925612268234,2,33380,32683,31.0
573510.479175936,PLAYBACK,right,2,0.025893797207599434,2,32755,32671,32.0
573510.479184743,PLAYBACK,right,3,0.03586770428015562,2,32881,32724,32.0
573510.480340218,PLAYBACK,right,4,0.3442915999084466,2,31697,31728,31.0
573510.481481276,PLAYBACK,right,5,-0.059930464103198494,2,32779,32380,35.0
573510.481508077,PLAYBACK,right,6,-0.1950666056305792,2,32755,32917,35.0
573510.482632302,PLAYBACK,right,7,1.1928409246967266,2,33203,31117,34.0
573510.482651259,PLAYBACK,right,1,-0.1267837033646142,2,33340,32729,31.0
573510.483473893,PLAYBACK,right,2,0.025893797207599434,2,32796,32686,32.0
573510.483494001,PLAYBACK,right,3,0.03586770428015562,2,32958,32828,32.0
573510.488140629,PLAYBACK,right,4,0.3473604943923103,2,31820,31724,31.0
573510.488184063,PLAYBACK,right,5,-0.059930464103198494,2,32752,32393,35.0
573510.488200996,PLAYBACK,right,6,-0.1950666056305792,2,32721,32803,35.0
573510.488215854,PLAYBACK,right,7,1.1913064774547948,2,33136,30959,33.0
573510.48822917,PLAYBACK,right,8,0.12256397344930114,2,32811,32839,32.0
573510.488239951,PLAYBACK,right,1,-0.12831815060654606,2,33419,32744,31.0
573510.488251242,PLAYBACK,right,2,0.025893797207599434,2,32790,32679,32.0
573510.488261051,PLAYBACK,right,3,0.03586770428015562,2,32769,32783,32.0
573510.48996895,PLAYBACK,right,4,0.35042938887617403,2,31790,31543,31.0
573510.490068702,PLAYBACK,right,5,-0.059930464103198494,2,32757,32263,35.0
573510.491964894,PLAYBACK,right,6,-0.1950666056305792,2,32847,32772,35.0
573510.491982739,PLAYBACK,right,7,1.1893884184023804,2,33122,30893,33.0
573510.491992788,PLAYBACK,right,1,-0.1294689860379954,2,33485,32809,31.0
573510.492010732,PLAYBACK,right,2,0.025510185397115137,2,32945,32693,32.0
573510.493135608,PLAYBACK,right,3,0.03586770428015562,2,32998,32815,32.0
573510.493156459,PLAYBACK,right,4,0.35311467154955345,2,31730,31575,31.0
573510.497332741,PLAYBACK,right,5,-0.059930464103198494,2,32801,32422,35.0
573510.497352679,PLAYBACK,right,6,-0.1950666056305792,2,32712,32956,35.0
573510.497360194,PLAYBACK,right,7,1.1878539711604486,2,33124,30610,33.0
573510.497366626,PLAYBACK,right,8,0.12256397344930114,2,32711,32700,32.0
573510.497372868,PLAYBACK,right,1,-0.13100343327992547,2,33398,32836,31.0
573510.49737923,PLAYBACK,right,2,0.025510185397115137,2,32770,32677,32.0
573510.497385382,PLAYBACK,right,3,0.03586770428015562,2,32732,32816,32.0
573510.50194357,PLAYBACK,right,4,0.35618356603341716,2,31858,31580,31.0
573510.501981032,PLAYBACK,right,5,-0.059930464103198494,2,32785,32508,35.0
573510.501994818,PLAYBACK,right,6,-0.1950666056305792,2,32665,32807,35.0
573510.502023484,PLAYBACK,right,7,1.1863195239185167,2,33100,30681,33.0
573510.502033423,PLAYBACK,right,1,-0.1321542687113748,2,33275,32877,31.0
573510.502042791,PLAYBACK,right,2,0.025893797207599434,2,32806,32679,32.0
573510.502050756,PLAYBACK,right,3,0.03586770428015562,2,32594,32828,32.0
573510.502058261,PLAYBACK,right,4,0.35886884870679836,2,31512,31557,31.0
573510.503241449,PLAYBACK,right,5,-0.059930464103198494,2,32770,32051,35.0
573510.503269964,PLAYBACK,right,6,-0.19545021744106172,2,32838,32609,35.0
573510.506817315,PLAYBACK,right,7,1.1847850766765848,2,33071,30879,34.0
573510.506896467,PLAYBACK,right,1,-0.13330510414282415,2,33348,32927,31.0
573510.506913019,PLAYBACK,right,2,0.025510185397115137,2,32882,32685,32.0
573510.506923229,PLAYBACK,right,3,0.03586770428015562,2,32679,32797,32.0
573510.50693431,PLAYBACK,right,4,0.3615541313801778,2,31704,31608,31.0
573510.506943789,PLAYBACK,right,5,-0.059930464103198494,2,32832,32382,35.0
573510.510693389,PLAYBACK,right,6,-0.1950666056305792,2,32728,32889,35.0
573510.510713478,PLAYBACK,right,7,1.183250629434653,2,33140,30972,34.0
573510.510726153,PLAYBACK,right,8,0.12218036163881862,2,32805,32647,32.0
573510.510733938,PLAYBACK,right,8,0.12256397344930114,2,32761,32591,32.0
573510.51074053,PLAYBACK,right,1,-0.134839551384756,2,33291,32942,31.0
573510.510748335,PLAYBACK,right,2,0.025893797207599434,2,32833,32704,32.0
573510.511928768,PLAYBACK,right,3,0.03586770428015562,2,32750,32921,32.0
573510.511951843,PLAYBACK,right,4,0.3650066376745258,2,31812,31787,31.0
573510.513048655,PLAYBACK,right,5,-0.059930464103198494,2,32845,32438,35.0
573510.513067351,PLAYBACK,right,6,-0.1950666056305792,2,32778,32758,35.0
573510.519899658,PLAYBACK,right,7,1.1813325703822386,2,33155,30734,34.0
573510.519922582,PLAYBACK,right,1,-0.13599038681620534,2,33331,32943,31.0
573510.51993187,PLAYBACK,right,2,0.025510185397115137,2,32761,32678,32.0
573510.519943242,PLAYBACK,right,3,0.0354840924696731,2,32823,32766,32.0
573510.519950375,PLAYBACK,right,4,0.3680755321583895,2,31678,31537,31.0
573510.519965675,PLAYBACK,right,5,-0.059930464103198494,2,32758,32366,35.0
573510.519998007,PLAYBACK,right,6,-0.1950666056305792,2,32771,32610,35.0
573510.520021753,PLAYBACK,right,7,1.1794145113298242,2,33106,30867,34.0
573510.520029187,PLAYBACK,right,8,0.12256397344930114,2,32714,32683,32.0
573510.52003596,PLAYBACK,right,1,-0.1375248340581372,2,33492,32902,31.0
573510.520042603,PLAYBACK,right,2,0.025893797207599434,2,32705,32671,32.0
573510.520048985,PLAYBACK,right,3,0.03586770428015562,2,32722,32852,32.0
573510.521217666,PLAYBACK,right,4,0.37114442664225145,2,31847,31658,31.0
573510.521238766,PLAYBACK,right,5,-0.059930464103198494,2,32733,32356,35.0
573510.522400564,PLAYBACK,left,1,0.0021098649576565265,0,32784,32767,31.0
573510.522444859,PLAYBACK,right,6,-0.1950666056305792,2,32801,32698,35.0
573510.523429265,PLAYBACK,left,2,0.004411535820553425,0,32953,32767,32.0
573510.523443572,PLAYBACK,left,3,-0.055048294804302955,0,32699,32767,32.0
573510.523456377,PLAYBACK,right,7,1.1774964522774098,2,33165,30756,33.0
573510.523462729,PLAYBACK,right,1,-0.13867566948958476,2,33295,32904,31.0
573510.528815377,PLAYBACK,left,4,0.018988784618905186,0,32771,32767,32.0
573510.528840134,PLAYBACK,left,5,-0.9166404211490047,0,32727,32767,35.0
573510.528851526,PLAYBACK,left,6,0.033182421606774426,0,32789,32767,35.0
573510.528860914,PLAYBACK,left,7,0.009014877546348998,0,32780,32767,33.0
573510.528867848,PLAYBACK,left,8,-0.10069810025177439,0,32785,32767,32.0
573510.528882887,PLAYBACK,right,2,0.025893797207599434,2,32773,32673,32.0
573510.528890682,PLAYBACK,right,3,0.0354840924696731,2,32811,32895,32.0
573510.528897294,PLAYBACK,right,4,0.37382970931563264,2,31779,31277,31.0
573510.528904248,PLAYBACK,right,5,-0.059546852292715974,2,32714,32398,35.0
573510.528911391,PLAYBACK,right,6,-0.1950666056305792,2,32709,32847,35.0
573510.528918185,PLAYBACK,right,7,1.175962005035478,2,33139,30688,34.0
573510.528924988,PLAYBACK,right,8,0.12256397344930114,2,32729,33168,32.0
573510.528931851,PLAYBACK,right,1,-0.14021011673151662,2,33277,32885,31.0
573510.528938614,PLAYBACK,right,2,0.025893797207599434,2,32676,32647,32.0
573510.530044464,PLAYBACK,right,3,0.0354840924696731,2,32762,32877,32.0
573510.53006343,PLAYBACK,right,4,0.37689860379949636,2,31539,31593,31.0
573510.531168238,PLAYBACK,right,5,-0.059930464103198494,2,32737,32408,35.0
573510.531181864,PLAYBACK,right,6,-0.1950666056305792,2,32773,32751,35.0
573510.532313934,PLAYBACK,right,7,1.1744275577935461,2,33123,30744,34.0
573510.532344412,PLAYBACK,right,1,-0.14136095216296596,2,33396,32882,31.0
573510.533518584,PLAYBACK,right,2,0.025893797207599434,2,32778,32664,32.0
573510.533539103,PLAYBACK,right,3,0.03586770428015562,2,32875,32775,32.0
573510.537734552,PLAYBACK,right,4,0.37958388647287755,2,31722,31341,31.0
573510.537753369,PLAYBACK,right,5,-0.059930464103198494,2,32796,32460,35.0
573510.537763087,PLAYBACK,right,6,-0.1950666056305792,2,32794,32653,35.0
573510.537770732,PLAYBACK,right,7,1.1732767223620968,2,33035,30923,34.0
573510.537787094,PLAYBACK,right,8,0.12256397344930114,2,32742,32917,32.0
573510.537795169,PLAYBACK,right,1,-0.1425117875944153,2,33409,32864,31.0
573510.537801822,PLAYBACK,right,2,0.025510185397115137,2,32826,32665,32.0
573510.539533116,PLAYBACK,right,3,0.03586770428015562,2,32725,32856,32.0
573510.539553295,PLAYBACK,right,4,0.38265278095674127,2,31610,31654,31.0
573510.539560879,PLAYBACK,right,5,-0.059546852292715974,2,32824,32508,35.0
573510.542142421,PLAYBACK,right,6,-0.1950666056305792,2,32768,32922,35.0
573510.542174372,PLAYBACK,right,7,1.1713586633096824,2,33123,30797,34.0
573510.542187027,PLAYBACK,right,1,-0.14366262302586286,2,33383,32833,31.0
573510.542196104,PLAYBACK,right,2,0.025893797207599434,2,32734,32666,32.0
573510.542209089,PLAYBACK,right,3,0.03586770428015562,2,32791,32849,32.0
573510.544923606,PLAYBACK,right,4,0.3853380636301207,2,31670,31251,31.0
573510.544954105,PLAYBACK,right,5,-0.059546852292715974,2,32734,32342,35.0
573510.544967661,PLAYBACK,right,6,-0.1950666056305792,2,32750,32726,35.0
573510.544979113,PLAYBACK,right,7,1.170207827878233,2,33134,31104,33.0
573510.551118987,PLAYBACK,right,8,0.12256397344930114,2,32754,32843,32.0
573510.551151148,PLAYBACK,right,1,-0.14519707026779471,2,33368,32784,31.0
573510.551160807,PLAYBACK,right,2,0.025510185397115137,2,32726,32677,32.0
573510.551168752,PLAYBACK,right,3,0.03586770428015562,2,32782,32841,32.0
573510.55117813,PLAYBACK,right,4,0.3884069581139844,2,31764,31490,31.0
573510.55118827,PLAYBACK,right,5,-0.059930464103198494,2,32812,32335,35.0
573510.551197658,PLAYBACK,right,6,-0.1950666056305792,2,32788,32807,35.0
573510.551205122,PLAYBACK,right,7,1.1686733806363012,2,33053,31256,34.0
573510.551211986,PLAYBACK,right,1,-0.14634790569924405,2,33457,32796,31.0
573510.551220051,PLAYBACK,right,2,0.025893797207599434,2,32686,32646,32.0
573510.551227155,PLAYBACK,right,3,0.0354840924696731,2,32938,32838,32.0
573510.55242913,PLAYBACK,right,4,0.3907086289768831,2,31590,31153,31.0
573510.552450541,PLAYBACK,right,5,-0.059546852292715974,2,32796,32496,35.0
573510.553477539,PLAYBACK,right,6,-0.1946829938200949,2,32709,32777,35.0
573510.553498258,PLAYBACK,right,7,1.1671389333943694,2,33054,31115,34.0
573510.554880961,PLAYBACK,right,1,-0.1474987411306934,2,33306,32740,31.0
573510.555058703,PLAYBACK,right,2,0.025893797207599434,2,32854,32692,32.0
573510.559617953,PLAYBACK,right,3,0.03586770428015562,2,32731,32876,32.0
573510.559640055,PLAYBACK,right,4,0.3933939116502625,2,31662,31212,31.0
573510.559651778,PLAYBACK,right,5,-0.059930464103198494,2,32743,32324,35.0
573510.559669562,PLAYBACK,right,6,-0.1950666056305792,2,32762,32722,35.0
573510.559680894,PLAYBACK,right,7,1.16598809796292,2,33137,31283,33.0
573510.559688639,PLAYBACK,right,8,0.12256397344930114,2,32823,33152,32.0
573510.559696244,PLAYBACK,right,1,-0.14903318837262525,2,33422,32760,31.0
573510.559705061,PLAYBACK,right,2,0.025893797207599434,2,32674,32710,32.0
573510.563596174,PLAYBACK,right,3,0.03586770428015562,2,32697,32825,32.0
573510.563615872,PLAYBACK,right,4,0.3964628061341262,2,31588,31511,31.0
573510.563623847,PLAYBACK,right,5,-0.059546852292715974,2,32744,32271,35.0
573510.563631532,PLAYBACK,right,6,-0.1950666056305792,2,32753,32618,35.0
573510.563638335,PLAYBACK,right,7,1.1644536507209882,2,33018,31427,34.0
573510.563645699,PLAYBACK,right,1,-0.1501840238040728,2,33359,32725,31.0
573510.563658103,PLAYBACK,right,2,0.025893797207599434,2,32832,32672,32.0
573510.564827134,PLAYBACK,right,3,0.0354840924696731,2,32724,32828,32.0
573510.564862332,PLAYBACK,right,4,0.3995317006179899,2,31593,31624,31.0
573510.56600899,PLAYBACK,right,5,-0.059546852292715974,2,32798,32291,35.0
573510.568837297,PLAYBACK,right,6,-0.1946829938200949,2,32715,32799,35.0
573510.568872725,PLAYBACK,right,7,1.1633028152895406,2,33104,31167,33.0
573510.568881702,PLAYBACK,right,1,-0.15171847104600467,2,33486,32713,31.0
573510.568889928,PLAYBACK,right,2,0.025893797207599434,2,32885,32692,32.0
573510.568896731,PLAYBACK,right,3,0.03586770428015562,2,32812,32890,32.0
573510.572946039,PLAYBACK,right,4,0.4022169832913711,2,31627,31543,31.0
573510.57297776,PLAYBACK,right,5,-0.059546852292715974,2,32722,32285,35.0
573510.57298829,PLAYBACK,right,6,-0.1946829938200949,2,32781,32700,35.0
573510.572996476,PLAYBACK,right,7,1.1613847562371244,2,33151,31068,34.0
573510.573014881,PLAYBACK,right,8,0.12256397344930114,2,32760,32839,32.0
573510.573021965,PLAYBACK,right,1,-0.152869306477454,2,33427,32700,31.0
573510.573030331,PLAYBACK,right,2,0.025893797207599434,2,32642,32679,32.0
573510.573534752,PLAYBACK,right,3,0.03586770428015562,2,32915,32819,32.0
573510.577416678,PLAYBACK,left,1,0.0021098649576565265,0,32790,32767,31.0
573510.577448539,PLAYBACK,left,2,0.004411535820553425,0,32755,32767,32.0
573510.577462917,PLAYBACK,left,3,-0.055048294804302955,0,32675,32767,32.0
573510.57748016,PLAYBACK,left,4,0.018988784618905186,0,32884,32767,32.0
573510.577492083,PLAYBACK,left,5,-0.9166404211490047,0,32783,32767,35.0
573510.577502042,PLAYBACK,left,6,0.03356603341725872,0,32738,32767,34.0
573510.577524846,PLAYBACK,right,4,0.40566948958571736,2,31467,31838,31.0
573510.577538893,PLAYBACK,right,5,-0.059930464103198494,2,32784,32380,35.0
573510.577549624,PLAYBACK,right,6,-0.1946829938200949,2,32757,32716,35.0
573510.577560876,PLAYBACK,right,7,1.1598503089951944,2,33162,31142,33.0
573510.577571957,PLAYBACK,right,1,-0.15440375371938586,2,33526,32707,31.0
573510.577583439,PLAYBACK,right,2,0.025893797207599434,2,32791,32677,32.0
573510.577593438,PLAYBACK,right,3,0.03586770428015562,2,32700,32902,32.0
573510.582037546,PLAYBACK,left,7,0.008631265735866478,0,32785,32767,33.0
573510.582067213,PLAYBACK,left,8,-0.10108171206225691,0,32843,32767,32.0
573510.582094406,PLAYBACK,right,4,0.4087383840695811,2,31749,31483,31.0
573510.582105267,PLAYBACK,right,5,-0.059930464103198494,2,32783,32280,35.0
573510.582116158,PLAYBACK,right,6,-0.1950666056305792,2,32761,32523,35.0
573510.582125756,PLAYBACK,right,7,1.158699473563745,2,33097,31303,34.0
573510.582135334,PLAYBACK,right,8,0.12218036163881862,2,32801,32891,32.0
573510.582144121,PLAYBACK,right,1,-0.15593820096131772,2,33497,32701,31.0
573510.58215368,PLAYBACK,right,2,0.025893797207599434,2,32652,32687,32.0
573510.585953607,PLAYBACK,right,3,0.03586770428015562,2,32633,32810,32.0
573510.585999446,PLAYBACK,right,4,0.4118072785534448,2,31742,31646,31.0
573510.586028542,PLAYBACK,right,5,-0.059930464103198494,2,32844,32136,35.0
573510.586040855,PLAYBACK,right,6,-0.1950666056305792,2,32720,32687,35.0
573510.586049201,PLAYBACK,right,7,1.1571650263218132,2,33053,31205,34.0
573510.586056606,PLAYBACK,right,1,-0.15747264820324958,2,33534,32697,31.0
573510.586063349,PLAYBACK,right,2,0.025893797207599434,2,32839,32675,32.0
573510.587190429,PLAYBACK,right,3,0.03586770428015562,2,32710,32759,32.0
573510.587209105,PLAYBACK,right,4,0.4148761730373085,2,31765,31518,31.0
573510.588461878,PLAYBACK,right,5,-0.059930464103198494,2,32828,32336,35.0
573510.588483269,PLAYBACK,right,6,-0.1950666056305792,2,32702,32682,35.0
573510.594986893,PLAYBACK,right,7,1.1563978027008464,2,33051,31415,33.0
573510.595023804,PLAYBACK,right,1,-0.15939070725566395,2,33594,32724,31.0
573510.595032471,PLAYBACK,right,2,0.025893797207599434,2,32796,32698,32.0
573510.595040085,PLAYBACK,right,3,0.03586770428015562,2,32805,32803,32.0
573510.595046778,PLAYBACK,right,4,0.4179450675211722,2,31440,31595,31.0
573510.595053992,PLAYBACK,right,5,-0.059546852292715974,2,32702,32428,35.0
573510.595061456,PLAYBACK,right,6,-0.1950666056305792,2,32777,32754,35.0
573510.59506835,PLAYBACK,right,7,1.1548633554589145,2,33123,31382,34.0
573510.595074872,PLAYBACK,right,8,0.12256397344930114,2,32773,32983,32.0
573510.595081415,PLAYBACK,right,1,-0.16130876630807833,2,33588,32742,31.0
573510.595087577,PLAYBACK,right,2,0.025510185397115137,2,32737,32646,32.0
573510.597921484,PLAYBACK,right,3,0.03586770428015562,2,32650,32810,32.0
573510.598025755,PLAYBACK,right,4,0.42139757381551846,2,31710,31594,31.0
573510.598048419,PLAYBACK,right,5,-0.059930464103198494,2,32861,32317,35.0
573510.598062375,PLAYBACK,right,6,-0.1950666056305792,2,32794,32682,35.0
573510.598112322,PLAYBACK,right,7,1.1533289082169826,2,33050,31259,33.0
573510.599497689,PLAYBACK,right,1,-0.16245960173952767,2,33411,32805,31.0
573510.59951906,PLAYBACK,right,2,0.025893797207599434,2,32794,32698,32.0
573510.604388898,PLAYBACK,right,3,0.03586770428015562,2,32696,32768,32.0
573510.604420699,PLAYBACK,right,4,0.42408285648889965,2,31671,31607,31.0
573510.604429747,PLAYBACK,right,5,-0.059930464103198494,2,32794,32210,35.0
573510.604437892,PLAYBACK,right,6,-0.1946829938200949,2,32774,32628,35.0
573510.604445447,PLAYBACK,right,7,1.152178072785535,2,33032,31395,34.0
573510.604452791,PLAYBACK,right,8,0.12218036163881862,2,32834,32679,32.0
573510.604460356,PLAYBACK,right,1,-0.16399404898145953,2,33350,32848,31.0
573510.60446806,PLAYBACK,right,2,0.025893797207599434,2,32771,32676,32.0
573510.609161799,PLAYBACK,right,3,0.03586770428015562,2,32898,32744,32.0
573510.609244448,PLAYBACK,right,4,0.42715175097276337,2,31788,31420,31.0
573510.609259638,PLAYBACK,right,5,-0.059546852292715974,2,32756,32417,35.0
573510.609272432,PLAYBACK,right,6,-0.1946829938200949,2,32817,32828,35.0
573510.609281149,PLAYBACK,right,7,1.1510272373540857,2,33051,31612,34.0
573510.609291128,PLAYBACK,right,1,-0.16552849622339139,2,33431,32927,31.0
573510.609299134,PLAYBACK,right,2,0.025893797207599434,2,32606,32678,32.0
573510.609309243,PLAYBACK,right,3,0.03586770428015562,2,32981,32827,32.0
573510.609316788,PLAYBACK,right,4,0.4302206454566253,2,31547,31472,31.0
573510.610482292,PLAYBACK,right,5,-0.059930464103198494,2,32795,32384,35.0
573510.613646656,PLAYBACK,right,6,-0.1946829938200949,2,32775,32689,35.0
573510.61368012,PLAYBACK,right,7,1.1502600137331207,2,32950,31781,33.0
573510.613702924,PLAYBACK,right,1,-0.16667933165484072,2,33336,32952,31.0
573510.613725217,PLAYBACK,right,2,0.025510185397115137,2,32860,32674,32.0
573510.613742681,PLAYBACK,right,3,0.03586770428015562,2,32621,32772,32.0
573510.613766657,PLAYBACK,right,4,0.4329059281300065,2,31571,31392,31.0
573510.61717487,PLAYBACK,right,5,-0.059546852292715974,2,32711,32344,35.0
573510.617236709,PLAYBACK,right,6,-0.1950666056305792,2,32772,32727,35.0
573510.617259022,PLAYBACK,right,7,1.1487255664911888,2,33041,31577,34.0
573510.617269512,PLAYBACK,right,8,0.12218036163881862,2,32805,32884,32.0
573510.617281025,PLAYBACK,right,1,-0.16744655527580576,2,33178,33038,31.0
573510.617295923,PLAYBACK,right,2,0.025510185397115137,2,32858,32657,32.0
573510.618695037,PLAYBACK,right,3,0.03586770428015562,2,32926,32820,32.0
573510.61871743,PLAYBACK,right,4,0.43635843442435274,2,31512,31695,31.0
573510.621564253,PLAYBACK,right,5,-0.059546852292715974,2,32762,32256,35.0
573510.62158384,PLAYBACK,right,6,-0.1946829938200949,2,32766,32728,35.0
573510.621592227,PLAYBACK,right,7,1.147191119249257,2,33170,31259,33.0
573510.621599881,PLAYBACK,right,1,-0.16821377889677258,2,33188,33047,31.0
573510.621607005,PLAYBACK,right,2,0.025510185397115137,2,32809,32653,32.0
573510.626979972,PLAYBACK,right,3,0.03586770428015562,2,32479,32759,32.0
573510.627007795,PLAYBACK,right,4,0.43904371709773393,2,31625,31680,31.0
573510.627015961,PLAYBACK,right,5,-0.059546852292715974,2,32751,32228,35.0
573510.627023265,PLAYBACK,right,6,-0.1950666056305792,2,32804,32591,35.0
573510.627030118,PLAYBACK,right,7,1.1456566720073251,2,33140,31127,33.0
573510.627037132,PLAYBACK,right,8,0.12218036163881862,2,32806,32903,32.0
573510.627044115,PLAYBACK,right,1,-0.16936461432822014,2,33395,33049,31.0
573510.627050828,PLAYBACK,right,2,0.025510185397115137,2,32807,32670,32.0
573510.627057381,PLAYBACK,right,3,0.03586770428015562,2,32637,32869,32.0
573510.630923986,PLAYBACK,left,1,0.0021098649576565265,0,32577,32767,31.0
573510.630938013,PLAYBACK,left,2,0.004411535820553425,0,32678,32767,32.0
573510.630945528,PLAYBACK,left,3,-0.055048294804302955,0,32765,32767,32.0
573510.630953062,PLAYBACK,left,4,0.018988784618905186,0,32628,32767,32.0
573510.630959635,PLAYBACK,left,5,-0.9166404211490047,0,32800,32767,35.0
573510.630965446,PLAYBACK,left,6,0.033182421606774426,0,32753,32767,35.0
573510.630978542,PLAYBACK,right,4,0.44249622339208017,2,31571,31682,31.0
573510.630986106,PLAYBACK,right,5,-0.059546852292715974,2,32745,32332,35.0
573510.630993019,PLAYBACK,right,6,-0.1950666056305792,2,32810,32713,35.0
573510.631007858,PLAYBACK,right,7,1.1441222247653933,2,33041,31180,34.0
573510.631015503,PLAYBACK,right,1,-0.17051544975966948,2,33423,33038,31.0
573510.631022075,PLAYBACK,right,2,0.025893797207599434,2,32736,32650,32.0
573510.631028027,PLAYBACK,right,3,0.03586770428015562,2,32721,32755,32.0
573510.63213586,PLAYBACK,left,7,0.009014877546348998,0,32751,32767,33.0
573510.632155578,PLAYBACK,left,8,-0.10108171206225691,0,32710,32767,32.0
573510.632173313,PLAYBACK,right,4,0.4455651178759439,2,31655,31581,31.0
573510.632181258,PLAYBACK,right,5,-0.059546852292715974,2,32803,32268,35.0
573510.636225877,PLAYBACK,right,6,-0.1946829938200949,2,32746,32807,35.0
573510.636281724,PLAYBACK,right,7,1.1425877775234614,2,33135,31073,34.0
573510.636307263,PLAYBACK,right,8,0.12256397344930114,2,32684,32820,32.0
573510.636322352,PLAYBACK,right,1,-0.17243350881208386,2,33603,32963,31.0
573510.636335818,PLAYBACK,right,2,0.025510185397115137,2,32814,32671,32.0
573510.63635249,PLAYBACK,right,3,0.03586770428015562,2,32960,32795,32.0
573510.636369042,PLAYBACK,right,4,0.4486340123598076,2,31653,31367,31.0
573510.639802284,PLAYBACK,right,5,-0.059546852292715974,2,32726,32249,35.0
573510.639862369,PLAYBACK,right,6,-0.1946829938200949,2,32781,32651,35.0
573510.639887147,PLAYBACK,right,7,1.140669718471047,2,33168,30842,34.0
573510.639899651,PLAYBACK,right,8,0.12256397344930114,2,32771,32811,32.0
573510.639915041,PLAYBACK,right,1,-0.17396795605401572,2,33626,32955,31.0
573510.639930721,PLAYBACK,right,2,0.025893797207599434,2,32729,32660,32.0
573510.641068231,PLAYBACK,right,3,0.03586770428015562,2,32863,32808,32.0
573510.64109845,PLAYBACK,right,4,0.45208651865415383,2,31642,31655,31.0
573510.642340181,PLAYBACK,right,5,-0.059930464103198494,2,32850,32216,35.0
573510.642402581,PLAYBACK,right,6,-0.1946829938200949,2,32800,32636,35.0
573510.645118461,PLAYBACK,right,7,1.1391352712291152,2,33191,30685,34.0
573510.645143439,PLAYBACK,right,1,-0.17511879148546505,2,33549,32950,31.0
573510.645158488,PLAYBACK,right,2,0.025893797207599434,2,32674,32680,32.0
573510.645166323,PLAYBACK,right,3,0.03586770428015562,2,32947,32745,32.0
573510.645174629,PLAYBACK,right,4,0.4543881895170525,2,31745,31263,31.0
573510.648771856,PLAYBACK,right,5,-0.059930464103198494,2,32814,32309,35.0
573510.648814208,PLAYBACK,right,6,-0.1946829938200949,2,32754,32778,35.0
573510.648833956,PLAYBACK,right,7,1.1376008239871833,2,33040,30811,34.0
573510.648860377,PLAYBACK,right,8,0.12256397344930114,2,32696,32741,32.0
573510.648894532,PLAYBACK,right,1,-0.1766532387273969,2,33566,32912,31.0
573510.648916014,PLAYBACK,right,2,0.025893797207599434,2,32860,32644,32.0
573510.651473198,PLAYBACK,right,3,0.03586770428015562,2,32857,32820,32.0
573510.651512163,PLAYBACK,right,4,0.45784069581139875,2,31569,31482,31.0
573510.651524697,PLAYBACK,right,5,-0.059546852292715974,2,32764,32303,35.0
573510.651534917,PLAYBACK,right,6,-0.1946829938200949,2,32710,32818,35.0
573510.65267369,PLAYBACK,right,7,1.1356827649347672,2,33088,30700,34.0
573510.652696374,PLAYBACK,right,1,-0.17780407415884625,2,33395,32918,31.0
573510.65353602,PLAYBACK,right,2,0.025510185397115137,2,32829,32644,32.0
573510.653554255,PLAYBACK,right,3,0.03586770428015562,2,32707,32720,32.0
573510.657501266,PLAYBACK,right,4,0.46052597848477816,2,31733,31237,31.0
573510.65751868,PLAYBACK,right,5,-0.059546852292715974,2,32803,32265,35.0
573510.657589366,PLAYBACK,right,6,-0.1946829938200949,2,32795,32780,35.0
573510.657722292,PLAYBACK,right,7,1.1341483176928353,2,33148,30985,33.0
573510.657741419,PLAYBACK,right,8,0.12218036163881862,2,32798,32912,32.0
573510.657750596,PLAYBACK,right,1,-0.1789549095902938,2,33433,32862,31.0
573510.65775774,PLAYBACK,right,2,0.025893797207599434,2,32713,32651,32.0
573510.658441437,PLAYBACK,right,3,0.03586770428015562,2,32769,32837,32.0
573510.66225462,PLAYBACK,right,4,0.4635948729686419,2,31602,31283,31.0
573510.662291601,PLAYBACK,right,5,-0.059546852292715974,2,32776,32010,35.0
573510.662302863,PLAYBACK,right,6,-0.1946829938200949,2,32726,32875,35.0
573510.662313293,PLAYBACK,right,7,1.1326138704509034,2,33047,31051,34.0
573510.662322751,PLAYBACK,right,1,-0.18048935683222567,2,33657,32824,31.0
573510.662332309,PLAYBACK,right,2,0.025510185397115137,2,32838,32636,32.0
573510.663579571,PLAYBACK,right,3,0.03586770428015562,2,32684,32778,32.0
573510.663628155,PLAYBACK,right,4,0.4666637674525056,2,31685,31441,31.0
573510.670961427,PLAYBACK,right,5,-0.05916324048223345,2,32701,32226,35.0
573510.670983249,PLAYBACK,right,6,-0.1946829938200949,2,32774,32710,35.0
573510.670992857,PLAYBACK,right,7,1.1314630350194559,2,33067,30707,33.0
573510.671013607,PLAYBACK,right,8,0.12256397344930114,2,32768,32816,32.0
573510.671022033,PLAYBACK,right,1,-0.18202380407415752,2,33509,32782,31.0
573510.671029718,PLAYBACK,right,2,0.025893797207599434,2,32760,32641,32.0
573510.671036371,PLAYBACK,right,3,0.03586770428015562,2,32846,32827,32.0
573510.671044597,PLAYBACK,right,4,0.4693490501258868,2,31653,31556,31.0
573510.671051209,PLAYBACK,right,5,-0.05916324048223345,2,32649,32391,35.0
573510.671059916,PLAYBACK,right,6,-0.1946829938200949,2,32790,32730,35.0
573510.671068984,PLAYBACK,right,7,1.129928587777524,2,33037,30925,34.0
573510.67107737,PLAYBACK,right,1,-0.18317463950560686,2,33359,32755,31.0
573510.671085586,PLAYBACK,right,2,0.025893797207599434,2,32819,32656,32.0
573510.672224318,PLAYBACK,right,3,0.03586770428015562,2,32682,32785,32.0
573510.672250769,PLAYBACK,right,4,0.4724179446097505,2,31507,31197,31.0
573510.673518971,PLAYBACK,right,5,-0.05916324048223345,2,32728,32179,35.0
573510.673548118,PLAYBACK,right,6,-0.1946829938200949,2,32790,32717,35.0
573510.675147267,PLAYBACK,right,7,1.1283941405355922,2,33065,30972,33.0
573510.675167236,PLAYBACK,right,1,-0.1843254749370562,2,33471,32740,31.0
573510.675176463,PLAYBACK,right,2,0.025893797207599434,2,32731,32658,32.0
573510.679697489,PLAYBACK,right,3,0.03586770428015562,2,32863,32817,32.0
573510.679726044,PLAYBACK,right,4,0.4751032272831317,2,31602,31453,31.0
573510.679738128,PLAYBACK,right,5,-0.05916324048223345,2,32795,32107,35.0
573510.679748217,PLAYBACK,right,6,-0.1946829938200949,2,32805,32830,35.0
573510.679755892,PLAYBACK,right,7,1.1268596932936603,2,33174,30890,33.0
573510.679762484,PLAYBACK,right,8,0.12256397344930114,2,32711,32759,32.0
573510.679769909,PLAYBACK,right,1,-0.18585992217898806,2,33489,32753,31.0
573510.679777063,PLAYBACK,right,2,0.025893797207599434,2,32838,32662,32.0
573510.684100188,PLAYBACK,left,1,0.0021098649576565265,0,32762,32767,31.0
573510.684115968,PLAYBACK,left,2,0.004411535820553425,0,32852,32767,32.0
573510.684123382,PLAYBACK,left,3,-0.055048294804302955,0,32642,32767,32.0
573510.684129825,PLAYBACK,left,4,0.018988784618905186,0,32669,32767,32.0
573510.684135906,PLAYBACK,left,5,-0.9166404211490047,0,32801,32767,35.0
573510.684142289,PLAYBACK,left,6,0.033182421606774426,0,32759,32767,35.0
573510.684154793,PLAYBACK,right,3,0.03586770428015562,2,32861,32827,32.0
573510.684161967,PLAYBACK,right,4,0.47817212176699364,2,31665,31533,31.0
573510.684170162,PLAYBACK,right,5,-0.05916324048223345,2,32764,32223,35.0
573510.684195732,PLAYBACK,right,6,-0.1946829938200949,2,32771,32686,35.0
573510.684203737,PLAYBACK,right,7,1.1253252460517285,2,33073,30892,34.0
573510.684211652,PLAYBACK,right,1,-0.1870107576104374,2,33431,32740,31.0
573510.684220189,PLAYBACK,right,2,0.025893797207599434,2,32780,32662,32.0
573510.685400211,PLAYBACK,left,7,0.008631265735866478,0,32734,32767,33.0
573510.685418597,PLAYBACK,left,8,-0.10069810025177439,0,32713,32767,32.0
573510.685434086,PLAYBACK,right,3,0.03586770428015562,2,32910,32833,32.0
573510.68544119,PLAYBACK,right,4,0.48124101625085736,2,31740,31798,31.0
573510.688766083,PLAYBACK,right,5,-0.05877962867174916,2,32729,32342,35.0
573510.688789839,PLAYBACK,right,6,-0.1946829938200949,2,32744,32823,35.0
573510.688797884,PLAYBACK,right,7,1.1241744106202791,2,33073,30875,33.0
573510.688814085,PLAYBACK,right,1,-0.18854520485236748,2,33506,32746,31.0
573510.688828944,PLAYBACK,right,2,0.025893797207599434,2,32672,32637,32.0
573510.688838863,PLAYBACK,right,3,0.03586770428015562,2,32745,32713,32.0
573510.692832343,PLAYBACK,right,4,0.48430991073472107,2,31446,31317,31.0
573510.692847482,PLAYBACK,right,5,-0.05916324048223345,2,32797,32101,35.0
573510.692855007,PLAYBACK,right,6,-0.1950666056305792,2,32720,32696,35.0
573510.692862591,PLAYBACK,right,7,1.1226399633783473,2,33123,31077,34.0
573510.692870697,PLAYBACK,right,8,0.12218036163881862,2,32751,32835,32.0
573510.692878312,PLAYBACK,right,1,-0.19007965209429933,2,33634,32730,31.0
573510.692884955,PLAYBACK,right,2,0.025893797207599434,2,32854,32644,32.0
573510.693463919,PLAYBACK,right,3,0.03586770428015562,2,32970,32827,32.0
573510.697056017,PLAYBACK,right,4,0.4877624170290673,2,31598,31532,31.0
573510.697070645,PLAYBACK,right,5,-0.05877962867174916,2,32758,32436,35.0
573510.697079272,PLAYBACK,right,6,-0.1946829938200949,2,32757,32787,35.0
573510.697087477,PLAYBACK,right,7,1.1211055161364154,2,33109,31272,34.0
573510.697093679,PLAYBACK,right,1,-0.1916140993362312,2,33775,32751,31.0
573510.697100573,PLAYBACK,right,2,0.025893797207599434,2,32693,32659,32.0
573510.703026243,PLAYBACK,right,3,0.03586770428015562,2,32771,32818,32.0
573510.703054678,PLAYBACK,right,4,0.4904476997024485,2,31717,31205,31.0
573510.703065749,PLAYBACK,right,5,-0.05877962867174916,2,32703,32416,35.0
573510.703075438,PLAYBACK,right,6,-0.1946829938200949,2,32724,32725,35.0
573510.703084195,PLAYBACK,right,7,1.1199546807049678,2,33032,31432,33.0
573510.70309209,PLAYBACK,right,8,0.12218036163881862,2,32808,32767,32.0
573510.703098392,PLAYBACK,right,1,-0.19353215838864735,2,33699,32781,31.0
573510.703105626,PLAYBACK,right,2,0.025893797207599434,2,32641,32622,32.0
573510.703111928,PLAYBACK,right,3,0.03586770428015562,2,32787,32920,32.0
573510.703118541,PLAYBACK,right,4,0.4935165941863122,2,31651,31388,31.0
573510.705909275,PLAYBACK,right,5,-0.05877962867174916,2,32776,32267,35.0
573510.7059274,PLAYBACK,right,6,-0.1950666056305792,2,32786,32677,35.0
573510.705935756,PLAYBACK,right,7,1.118420233463036,2,33059,31461,34.0
573510.705952549,PLAYBACK,right,1,-0.1950666056305792,2,33653,32816,31.0
573510.705981174,PLAYBACK,right,2,0.025893797207599434,2,32580,32636,32.0
573510.707401689,PLAYBACK,right,3,0.03586770428015562,2,32817,32755,32.0
573510.707479389,PLAYBACK,right,4,0.49658548867017593,2,31585,31375,31.0
573510.711464974,PLAYBACK,right,5,-0.05877962867174916,2,32745,32236,35.0
573510.711517986,PLAYBACK,right,6,-0.1946829938200949,2,32740,32629,35.0
573510.711527594,PLAYBACK,right,7,1.1176530098420692,2,33049,31719,34.0
573510.711537273,PLAYBACK,right,1,-0.19698466468299358,2,33732,32845,31.0
573510.711548104,PLAYBACK,right,2,0.025893797207599434,2,32704,32616,32.0
573510.711555849,PLAYBACK,right,3,0.03586770428015562,2,32704,32889,32.0
573510.711562682,PLAYBACK,right,4,0.49927077134355713,2,31459,31337,31.0
573510.714564452,PLAYBACK,right,5,-0.058396016861266636,2,32783,32371,35.0
573510.714581465,PLAYBACK,right,6,-0.1946829938200949,2,32796,32802,35.0
573510.714590002,PLAYBACK,right,7,1.1165021744106198,2,33103,31760,34.0
573510.714597586,PLAYBACK,right,8,0.12218036163881862,2,32766,32942,32.0
573510.714607245,PLAYBACK,right,1,-0.19851911192492544,2,33445,32911,31.0
573510.714617565,PLAYBACK,right,2,0.025893797207599434,2,32792,32585,32.0
573510.715764744,PLAYBACK,right,3,0.03586770428015562,2,32719,32860,32.0
573510.716955868,PLAYBACK,right,4,0.5027232776379034,2,31468,31512,31.0
573510.716981387,PLAYBACK,right,5,-0.058396016861266636,2,32724,32226,35.0
573510.718127203,PLAYBACK,right,6,-0.1946829938200949,2,32729,32582,35.0
573510.718149767,PLAYBACK,right,7,1.114967727168688,2,32976,31817,34.0
573510.719572526,PLAYBACK,right,1,-0.199669947356373,2,33346,32948,31.0
573510.719595972,PLAYBACK,right,2,0.025893797207599434,2,32754,32605,32.0
573510.719607424,PLAYBACK,right,3,0.0354840924696731,2,32724,32754,32.0
573510.723952451,PLAYBACK,right,4,0.5054085603112828,2,31650,31551,31.0
573510.72398294,PLAYBACK,right,5,-0.058396016861266636,2,32635,32168,35.0
573510.723994322,PLAYBACK,right,6,-0.1946829938200949,2,32789,32653,35.0
573510.724011986,PLAYBACK,right,7,1.1138168917372404,2,32956,31809,33.0
573510.724020552,PLAYBACK,right,8,0.12218036163881862,2,32800,32809,32.0
573510.724029189,PLAYBACK,right,1,-0.20082078278782234,2,33311,32992,31.0
573510.724037665,PLAYBACK,right,2,0.025893797207599434,2,32701,32602,32.0
573510.725168242,PLAYBACK,right,3,0.03586770428015562,2,32776,32845,32.0
573510.725196286,PLAYBACK,right,4,0.5088610666056308,2,31808,31484,31.0
573510.726317796,PLAYBACK,right,5,-0.058396016861266636,2,32785,32270,35.0
573510.726338766,PLAYBACK,right,6,-0.1946829938200949,2,32789,32849,35.0
573510.727464364,PLAYBACK,right,7,1.112666056305791,2,33073,31917,34.0
573510.72748837,PLAYBACK,right,1,-0.20158800640878916,2,33278,33036,31.0
573510.728526579,PLAYBACK,right,2,0.025893797207599434,2,32883,32644,32.0
573510.72855278,PLAYBACK,right,3,0.03586770428015562,2,32642,32760,32.0
573510.732815639,PLAYBACK,right,4,0.5119299610894945,2,31631,31628,31.0
573510.732834505,PLAYBACK,right,5,-0.058396016861266636,2,32723,31993,35.0
573510.732845286,PLAYBACK,right,6,-0.1946829938200949,2,32759,32800,35.0
573510.732854844,PLAYBACK,right,7,1.1111316090638592,2,33107,31711,33.0
573510.73286289,PLAYBACK,right,8,0.12256397344930114,2,32725,32908,32.0
573510.732871045,PLAYBACK,right,1,-0.20273884184023672,2,33196,33050,31.0
573510.73287884,PLAYBACK,right,2,0.025893797207599434,2,32713,32629,32.0
573510.733436424,PLAYBACK,right,3,0.0354840924696731,2,32584,32800,32.0
573510.737031798,PLAYBACK,left,1,0.0021098649576565265,0,32768,32767,31.0
573510.737051886,PLAYBACK,left,2,0.004411535820553425,0,32836,32767,32.0
573510.7370641,PLAYBACK,left,3,-0.055048294804302955,0,32707,32767,32.0
573510.737073999,PLAYBACK,left,4,0.018988784618905186,0,32643,32767,32.0
573510.737083187,PLAYBACK,left,5,-0.9166404211490047,0,32731,32767,35.0
573510.737092154,PLAYBACK,left,6,0.033182421606774426,0,32787,32767,35.0
573510.737109287,PLAYBACK,right,4,0.5153824673838407,2,31396,31592,31.0
573510.737119967,PLAYBACK,right,5,-0.058012405050784116,2,32726,32322,35.0
573510.737129396,PLAYBACK,right,6,-0.1950666056305792,2,32766,32714,35.0
573510.737138513,PLAYBACK,right,7,1.1095971618219274,2,33192,31358,34.0
573510.737146458,PLAYBACK,right,1,-0.20388967727168605,2,33313,33134,31.0
573510.737155165,PLAYBACK,right,2,0.025893797207599434,2,32820,32631,32.0
573510.738266986,PLAYBACK,left,7,0.008631265735866478,0,32831,32767,33.0
573510.738287256,PLAYBACK,left,8,-0.10108171206225691,0,32736,32767,32.0
573510.738304849,PLAYBACK,right,3,0.0354840924696731,2,32873,32897,32.0
573510.738314598,PLAYBACK,right,4,0.5184513618677045,2,31801,31664,31.0
573510.741684407,PLAYBACK,right,5,-0.058012405050784116,2,32734,32250,35.0
573510.741710137,PLAYBACK,right,6,-0.1946829938200949,2,32739,32844,35.0
573510.741720046,PLAYBACK,right,7,1.1080627145799955,2,33076,31245,34.0
573510.741728452,PLAYBACK,right,8,0.12218036163881862,2,32785,33005,32.0
573510.741736117,PLAYBACK,right,1,-0.20465690089265287,2,33341,33081,31.0
573510.741743832,PLAYBACK,right,2,0.025893797207599434,2,32545,32618,32.0
573510.746315596,PLAYBACK,right,3,0.0354840924696731,2,32768,32797,32.0
573510.746351635,PLAYBACK,right,4,0.5215202563515682,2,31694,31503,31.0
573510.746361664,PLAYBACK,right,5,-0.058012405050784116,2,32770,32068,35.0
573510.746370451,PLAYBACK,right,6,-0.1950666056305792,2,32829,32733,35.0
573510.746377635,PLAYBACK,right,7,1.1065282673380636,2,33151,31296,33.0
573510.746384087,PLAYBACK,right,1,-0.20580773632410043,2,33389,33057,31.0
573510.746390991,PLAYBACK,right,2,0.025893797207599434,2,32769,32612,32.0
573510.746397543,PLAYBACK,right,3,0.0354840924696731,2,32660,32885,32.0
573510.751010707,PLAYBACK,right,4,0.5238219272144651,2,31839,31210,31.0
573510.751034102,PLAYBACK,right,5,-0.058012405050784116,2,32790,32124,35.0
573510.751042939,PLAYBACK,right,6,-0.1946829938200949,2,32805,32875,35.0
573510.751051085,PLAYBACK,right,7,1.1053774319066143,2,33132,31226,34.0
573510.751059902,PLAYBACK,right,1,-0.2073421835660323,2,33458,32976,31.0
573510.751071945,PLAYBACK,right,2,0.025893797207599434,2,32872,32622,32.0
573510.751081513,PLAYBACK,right,3,0.0354840924696731,2,32843,32826,32.0
573510.75223801,PLAYBACK,right,4,0.5268908216983288,2,31485,31047,31.0
573510.752257948,PLAYBACK,right,5,-0.057628793240301596,2,32773,32088,35.0
573510.752268759,PLAYBACK,right,8,0.12218036163881862,2,32708,33073,32.0
573510.756952449,PLAYBACK,right,6,-0.1946829938200949,2,32702,32864,35.0
573510.756976886,PLAYBACK,right,7,1.1034593728542,2,33071,31010,33.0
573510.756985523,PLAYBACK,right,1,-0.20849301899748163,2,33223,32999,31.0
573510.756993268,PLAYBACK,right,2,0.025893797207599434,2,32752,32609,32.0
573510.757007745,PLAYBACK,right,3,0.0354840924696731,2,32625,32840,32.0
573510.7570151,PLAYBACK,right,4,0.5299597161821925,2,31787,31227,31.0
573510.757021442,PLAYBACK,right,5,-0.057628793240301596,2,32746,32397,35.0
573510.759775615,PLAYBACK,right,6,-0.1946829938200949,2,32794,32785,35.0
573510.759796856,PLAYBACK,right,7,1.101924925612268,2,33219,30814,33.0
573510.759806565,PLAYBACK,right,8,0.12218036163881862,2,32761,32750,32.0
573510.759815522,PLAYBACK,right,1,-0.21002746623941349,2,33218,32971,31.0
573510.759824419,PLAYBACK,right,2,0.025893797207599434,2,32741,32610,32.0
573510.760953684,PLAYBACK,right,3,0.0354840924696731,2,32767,32815,32.0
573510.760975396,PLAYBACK,right,4,0.5330286106660562,2,31683,31175,31.0
573510.762129178,PLAYBACK,right,5,-0.0572451814298173,2,32696,32378,35.0
573510.762158735,PLAYBACK,right,6,-0.1946829938200949,2,32744,32879,35.0
573510.763800035,PLAYBACK,right,7,1.1003904783703362,2,33123,30896,33.0
573510.764071227,PLAYBACK,right,1,-0.21117830167086282,2,33370,32950,31.0
573510.764133748,PLAYBACK,right,2,0.025893797207599434,2,32872,32634,32.0
573510.768741521,PLAYBACK,right,3,0.03586770428015562,2,32810,32887,32.0
573510.768757983,PLAYBACK,right,4,0.5357138933394356,2,31672,31312,31.0
573510.768766018,PLAYBACK,right,5,-0.0572451814298173,2,32773,32112,35.0
573510.768773442,PLAYBACK,right,6,-0.1946829938200949,2,32816,32791,35.0
573510.768780165,PLAYBACK,right,7,1.0988560311284044,2,33045,30924,34.0
573510.768787239,PLAYBACK,right,8,0.12256397344930114,2,32727,32872,32.0
573510.768793942,PLAYBACK,right,1,-0.21232913710231038,2,33175,32941,31.0
573510.768803821,PLAYBACK,right,2,0.025893797207599434,2,32754,32618,32.0
573510.769918517,PLAYBACK,right,3,0.0354840924696731,2,32762,32857,32.0
573510.769934719,PLAYBACK,right,4,0.5387827878232994,2,31592,31253,31.0
573510.771141903,PLAYBACK,right,5,-0.05686156961933478,2,32703,32098,35.0
573510.771186219,PLAYBACK,right,6,-0.1946829938200949,2,32696,32846,35.0
573510.772363205,PLAYBACK,right,7,1.0973215838864725,2,33064,30793,34.0
573510.772399585,PLAYBACK,right,1,-0.21386358434424224,2,33383,32892,31.0
573510.773448165,PLAYBACK,right,2,0.025893797207599434,2,32587,32621,32.0
573510.773489725,PLAYBACK,right,3,0.0354840924696731,2,32752,32855,32.0
573510.773915304,PLAYBACK,right,4,0.5414680704966806,2,31567,31334,31.0
573510.775062433,PLAYBACK,right,5,-0.05686156961933478,2,32756,32380,35.0
573510.775105396,PLAYBACK,right,6,-0.1946829938200949,2,32770,32751,35.0
573510.778546302,PLAYBACK,right,7,1.0957871366445406,2,33180,30798,33.0
573510.778593162,PLAYBACK,right,8,0.12218036163881862,2,32844,32868,32.0
573510.778603752,PLAYBACK,right,1,-0.21501441977569158,2,33440,32810,31.0
573510.778612269,PLAYBACK,right,2,0.025893797207599434,2,32745,32593,32.0
573510.778621186,PLAYBACK,right,3,0.0354840924696731,2,32792,32870,32.0
573510.778630835,PLAYBACK,right,4,0.5445369649805443,2,31707,31422,31.0
573510.781768918,PLAYBACK,right,5,-0.05647795780885226,2,32757,32337,35.0
573510.781788044,PLAYBACK,right,6,-0.1946829938200949,2,32793,32726,35.0
573510.781796591,PLAYBACK,right,7,1.0938690775921263,2,33153,30572,34.0
573510.78180664,PLAYBACK,right,1,-0.21616525520714092,2,33437,32761,31.0
573510.781814726,PLAYBACK,right,2,0.025893797207599434,2,32889,32612,32.0
573510.782962526,PLAYBACK,right,3,0.0354840924696731,2,32656,32932,32.0
573510.782987494,PLAYBACK,right,4,0.547605859464408,2,31678,31392,31.0
573510.786093916,PLAYBACK,left,1,0.0021098649576565265,0,32830,32767,31.0
573510.786110298,PLAYBACK,left,2,0.004411535820553425,0,32807,32767,32.0
573510.786119586,PLAYBACK,left,3,-0.055048294804302955,0,32776,32767,32.0
573510.786130356,PLAYBACK,left,4,0.018988784618905186,0,32675,32767,32.0
573510.786154693,PLAYBACK,right,5,-0.05609434599836974,2,32674,32634,35.0
573510.786166706,PLAYBACK,right,6,-0.1946829938200949,2,32798,32815,35.0
573510.786174401,PLAYBACK,right,7,1.0923346303501944,2,33095,30797,34.0
573510.786181916,PLAYBACK,right,1,-0.21769970244907277,2,33432,32759,31.0
573510.786191865,PLAYBACK,right,2,0.025893797207599434,2,32630,32589,32.0
573510.790714254,PLAYBACK,left,5,-0.9166404211490047,0,32761,32767,35.0
573510.790741657,PLAYBACK,left,6,0.033182421606774426,0,32755,32767,35.0
573510.790751335,PLAYBACK,left,7,0.008631265735866478,0,32812,32767,33.0
573510.790758299,PLAYBACK,left,8,-0.10108171206225691,0,32744,32767,32.0
573510.790771113,PLAYBACK,right,3,0.0354840924696731,2,32789,32828,32.0
573510.790778147,PLAYBACK,right,4,0.5502911421377892,2,31708,31213,31.0
573510.79078494,PLAYBACK,right,5,-0.05609434599836974,2,32741,32260,35.0
573510.790792384,PLAYBACK,right,6,-0.1946829938200949,2,32723,32707,35.0
573510.790800109,PLAYBACK,right,7,1.0911837949187468,2,33100,30963,33.0
573510.790808275,PLAYBACK,right,8,0.12218036163881862,2,32758,32803,32.0
573510.790815799,PLAYBACK,right,1,-0.21923414969100463,2,33522,32742,31.0
573510.790822122,PLAYBACK,right,2,0.025893797207599434,2,32623,32593,32.0
573510.794789872,PLAYBACK,right,3,0.0354840924696731,2,32958,32890,32.0
573510.794815241,PLAYBACK,right,4,0.5537436484321354,2,31672,31385,31.0
573510.794826393,PLAYBACK,right,5,-0.05571073418788722,2,32645,32097,35.0
573510.794836111,PLAYBACK,right,6,-0.1946829938200949,2,32820,32732,35.0
573510.794844648,PLAYBACK,right,7,1.0892657358663307,2,33171,31158,34.0
573510.794852984,PLAYBACK,right,1,-0.2207685969329365,2,33490,32727,31.0
573510.794862432,PLAYBACK,right,2,0.025893797207599434,2,32893,32592,32.0
573510.796064407,PLAYBACK,right,3,0.0354840924696731,2,32866,32863,32.0
573510.796089645,PLAYBACK,right,4,0.5564289311055148,2,31640,31441,31.0
573510.797217817,PLAYBACK,right,5,-0.05571073418788722,2,32730,32178,35.0
573510.797242164,PLAYBACK,right,6,-0.1946829938200949,2,32731,32804,35.0
573510.799859946,PLAYBACK,right,7,1.0877312886243988,2,33080,31016,33.0
573510.799880395,PLAYBACK,right,1,-0.22191943236438405,2,33511,32729,31.0
573510.799889623,PLAYBACK,right,2,0.025893797207599434,2,32766,32574,32.0
573510.799900063,PLAYBACK,right,3,0.0354840924696731,2,32659,32813,32.0
573510.803954911,PLAYBACK,right,4,0.5594978255893786,2,31636,31335,31.0
573510.803999858,PLAYBACK,right,5,-0.05532712237740292,2,32697,32177,35.0
573510.804062779,PLAYBACK,right,6,-0.1946829938200949,2,32730,32680,35.0
573510.804073199,PLAYBACK,right,7,1.0858132295719845,2,33240,30823,34.0
573510.804082186,PLAYBACK,right,8,0.12218036163881862,2,32735,32816,32.0
573510.804090372,PLAYBACK,right,1,-0.2238374914168002,2,33619,32746,31.0
573510.804099289,PLAYBACK,right,2,0.026277409018081954,2,32794,32615,32.0
573510.805283409,PLAYBACK,right,3,0.035100480659188804,2,32823,32803,32.0
573510.805311974,PLAYBACK,right,4,0.5629503318837248,2,31585,31363,31.0
573510.806460216,PLAYBACK,right,5,-0.05532712237740292,2,32788,32079,35.0
573510.806492357,PLAYBACK,right,6,-0.1946829938200949,2,32835,32764,35.0
573510.807744318,PLAYBACK,right,7,1.0842787823300526,2,33053,31114,33.0
573510.807771521,PLAYBACK,right,1,-0.22498832684824777,2,33559,32760,31.0
573510.811554425,PLAYBACK,right,2,0.025893797207599434,2,32714,32572,32.0
573510.811590585,PLAYBACK,right,3,0.0354840924696731,2,32764,32913,32.0
573510.811599793,PLAYBACK,right,4,0.565635614557106,2,31640,31041,31.0
573510.811607608,PLAYBACK,right,5,-0.05532712237740292,2,32789,32387,35.0
573510.811614832,PLAYBACK,right,6,-0.1946829938200949,2,32733,32775,35.0
573510.811622046,PLAYBACK,right,7,1.083127946898605,2,33076,31168,34.0
573510.811629881,PLAYBACK,right,8,0.12256397344930114,2,32736,32772,32.0
573510.813328151,PLAYBACK,right,1,-0.22690638590066214,2,33670,32809,31.0
573510.813363138,PLAYBACK,right,2,0.025893797207599434,2,32818,32586,32.0
573510.813373949,PLAYBACK,right,3,0.035100480659188804,2,32678,32747,32.0
573510.813812985,PLAYBACK,right,4,0.5687045090409697,2,31575,31269,31.0
573510.817033957,PLAYBACK,right,5,-0.05532712237740292,2,32726,32270,35.0
573510.817047343,PLAYBACK,right,6,-0.1946829938200949,2,32767,32766,35.0
573510.817054346,PLAYBACK,right,7,1.0815934996566732,2,33099,31146,34.0
573510.817063314,PLAYBACK,right,1,-0.22805722133211148,2,33330,32851,31.0
573510.81707192,PLAYBACK,right,2,0.026277409018081954,2,32710,32587,32.0
573510.818177299,PLAYBACK,right,3,0.035100480659188804,2,32809,32846,32.0
573510.818195164,PLAYBACK,right,4,0.5713897917143509,2,31476,31228,31.0
573510.822466349,PLAYBACK,right,5,-0.0549435105669204,2,32717,31973,35.0
573510.822499452,PLAYBACK,right,6,-0.1950666056305792,2,32912,32657,35.0
573510.822509031,PLAYBACK,right,7,1.0800590524147413,2,33043,31120,33.0
573510.822516345,PLAYBACK,right,8,0.12256397344930114,2,32729,32879,32.0
573510.822523779,PLAYBACK,right,1,-0.22959166857404334,2,33306,32911,31.0
573510.822530893,PLAYBACK,right,2,0.025893797207599434,2,32745,32583,32.0
573510.822537586,PLAYBACK,right,3,0.0354840924696731,2,32657,32754,32.0
573510.826011906,PLAYBACK,right,4,0.5748422980086971,2,31587,31648,31.0
573510.826056983,PLAYBACK,right,5,-0.0549435105669204,2,32787,32120,35.0
573510.826075469,PLAYBACK,right,6,-0.1946829938200949,2,32748,32816,35.0
573510.826083845,PLAYBACK,right,7,1.0785246051728095,2,33159,31007,34.0
573510.826093123,PLAYBACK,right,1,-0.23074250400549268,2,33391,32942,31.0
573510.82610215,PLAYBACK,right,2,0.026277409018081954,2,32802,32577,32.0
573510.827216626,PLAYBACK,right,3,0.035100480659188804,2,32689,32816,32.0
573510.827230533,PLAYBACK,right,4,0.5779111924925608,2,31548,31353,31.0
573510.828422238,PLAYBACK,right,5,-0.05455989875643788,2,32674,32281,35.0
573510.828439391,PLAYBACK,right,6,-0.1946829938200949,2,32760,32761,35.0
573510.835348265,PLAYBACK,right,7,1.0769901579308776,2,33012,31307,34.0
573510.835401888,PLAYBACK,right,1,-0.23150972762645772,2,33368,32964,31.0
573510.835415785,PLAYBACK,right,2,0.026277409018081954,2,32544,32566,32.0
573510.835427177,PLAYBACK,right,3,0.0354840924696731,2,32877,32864,32.0
573510.83543893,PLAYBACK,right,4,0.5809800869764246,2,31580,31430,31.0
573510.8354493,PLAYBACK,right,5,-0.05417628694595536,2,32695,32252,35.0
573510.8354599,PLAYBACK,right,6,-0.1950666056305792,2,32788,32751,35.0
573510.835472855,PLAYBACK,right,7,1.0754557106889457,2,33082,31192,34.0
573510.835483876,PLAYBACK,right,8,0.12256397344930114,2,32730,32842,32.0
573510.835493725,PLAYBACK,right,1,-0.23304417486838958,2,33307,32950,31.0
573510.835508233,PLAYBACK,right,2,0.026277409018081954,2,32689,32572,32.0
573510.836727581,PLAYBACK,left,1,0.0017262531471740061,0,32817,32767,31.0
573510.836770223,PLAYBACK,right,3,0.035100480659188804,2,32934,32905,32.0
573510.836780273,PLAYBACK,right,4,0.5840489814602883,2,31715,31213,31.0
573510.836788719,PLAYBACK,right,5,-0.05417628694595536,2,32669,32180,35.0
573510.837901883,PLAYBACK,left,2,0.004411535820553425,0,32871,32767,32.0
573510.837916551,PLAYBACK,left,3,-0.055048294804302955,0,32668,32767,32.0
573510.837930047,PLAYBACK,right,6,-0.1946829938200949,2,32719,32833,35.0
573510.837939675,PLAYBACK,right,7,1.0739212634470139,2,33124,31281,34.0
573510.838420862,PLAYBACK,left,4,0.018988784618905186,0,32745,32767,32.0
573510.838434538,PLAYBACK,right,1,-0.2341950102998389,2,33403,32978,31.0
573510.839319452,PLAYBACK,left,5,-0.9166404211490047,0,32756,32767,35.0
573510.839337958,PLAYBACK,right,2,0.026277409018081954,2,32641,32575,32.0
573510.844442137,PLAYBACK,left,6,0.033182421606774426,0,32854,32767,35.0
573510.844469851,PLAYBACK,left,7,0.008631265735866478,0,32752,32767,33.0
573510.844489168,PLAYBACK,left,8,-0.10108171206225691,0,32731,32767,32.0
573510.844506832,PLAYBACK,right,3,0.035100480659188804,2,32686,32853,32.0
573510.84451611,PLAYBACK,right,4,0.587117875944152,2,31677,31460,31.0
573510.844523744,PLAYBACK,right,5,-0.05379267513547106,2,32688,32281,35.0
573510.844531309,PLAYBACK,right,6,-0.1946829938200949,2,32759,32750,35.0
573510.844538463,PLAYBACK,right,7,1.0727704280155645,2,33094,31662,34.0
573510.84454717,PLAYBACK,right,8,0.12218036163881862,2,32693,32925,32.0
573510.844555395,PLAYBACK,right,1,-0.23534584573128825,2,33421,32975,31.0
573510.844564403,PLAYBACK,right,2,0.026277409018081954,2,32845,32579,32.0
573510.844572508,PLAYBACK,right,3,0.035100480659188804,2,32849,32872,32.0
573510.84848384,PLAYBACK,right,4,0.5901867704280157,2,31558,31282,31.0
573510.848548926,PLAYBACK,right,5,-0.05379267513547106,2,32683,32376,35.0
573510.848560829,PLAYBACK,right,6,-0.1946829938200949,2,32783,32817,35.0
573510.848569435,PLAYBACK,right,7,1.0712359807736327,2,33058,31578,34.0
573510.848577531,PLAYBACK,right,1,-0.2364966811627358,2,33418,32998,31.0
573510.848585526,PLAYBACK,right,2,0.026277409018081954,2,32809,32545,32.0
573510.849731643,PLAYBACK,right,3,0.035100480659188804,2,32594,32818,32.0
573510.849773684,PLAYBACK,right,4,0.5928720531013969,2,31619,31359,31.0
573510.853707469,PLAYBACK,right,5,-0.05340906332498854,2,32677,32353,35.0
573510.853762776,PLAYBACK,right,6,-0.1950666056305792,2,32819,32804,35.0
573510.85377557,PLAYBACK,right,7,1.0700851453421834,2,33031,31418,33.0
573510.853784698,PLAYBACK,right,1,-0.23764751659418515,2,33191,33017,31.0
573510.853792553,PLAYBACK,right,2,0.026277409018081954,2,32671,32573,32.0
573510.853800138,PLAYBACK,right,3,0.035100480659188804,2,32769,32841,32.0
573510.853807332,PLAYBACK,right,4,0.5959409475852606,2,31621,31106,31.0
573510.857178153,PLAYBACK,right,5,-0.05340906332498854,2,32793,32119,35.0
573510.85719238,PLAYBACK,right,6,-0.1946829938200949,2,32749,32621,35.0
573510.857200105,PLAYBACK,right,7,1.0689343099107358,2,33036,31636,33.0
573510.8572081,PLAYBACK,right,8,0.12218036163881862,2,32737,32900,32.0
573510.857216206,PLAYBACK,right,1,-0.23841474021515197,2,33314,33067,31.0
573510.857224642,PLAYBACK,right,2,0.026277409018081954,2,32768,32532,32.0
573510.858586134,PLAYBACK,right,3,0.035100480659188804,2,32685,32888,32.0
573510.858616001,PLAYBACK,right,4,0.5990098420691243,2,31704,31063,31.0
573510.862218218,PLAYBACK,right,5,-0.05340906332498854,2,32728,32327,35.0
573510.862258987,PLAYBACK,right,6,-0.1950666056305792,2,32743,32663,35.0
573510.862269768,PLAYBACK,right,7,1.067399862668804,2,33059,32018,34.0
573510.862278414,PLAYBACK,right,1,-0.23956557564659953,2,33099,33068,31.0
573510.862287362,PLAYBACK,right,2,0.026661020828564475,2,32737,32523,32.0
573510.862295647,PLAYBACK,right,3,0.035100480659188804,2,32878,32886,32.0
573510.868421534,PLAYBACK,right,4,0.6016951247425055,2,31585,31143,31.0
573510.868454007,PLAYBACK,right,5,-0.05302545151450602,2,32729,32312,35.0
573510.868466701,PLAYBACK,right,6,-0.1950666056305792,2,32793,32875,35.0
573510.868477041,PLAYBACK,right,7,1.0662490272373546,2,32968,31794,34.0
573510.868486068,PLAYBACK,right,8,0.12218036163881862,2,32777,32840,32.0
573510.868495146,PLAYBACK,right,1,-0.24033279926756634,2,33162,33019,31.0
573510.868503762,PLAYBACK,right,2,0.026661020828564475,2,32684,32546,32.0
573510.868512229,PLAYBACK,right,3,0.035100480659188804,2,32765,32803,32.0
573510.868520895,PLAYBACK,right,4,0.6047640192263675,2,31903,31107,31.0
573510.868529983,PLAYBACK,right,5,-0.0526418397040235,2,32696,32581,35.0
573510.868538489,PLAYBACK,right,6,-0.1950666056305792,2,32752,33024,35.0
573510.870962046,PLAYBACK,right,7,1.0647145799954227,2,33119,31660,34.0
573510.871014467,PLAYBACK,right,8,0.12218036163881862,2,32733,32977,32.0
573510.871031019,PLAYBACK,right,1,-0.2418672465094982,2,33561,32968,31.0
573510.87104191,PLAYBACK,right,2,0.026661020828564475,2,32563,32489,32.0
573510.872182727,PLAYBACK,right,3,0.035100480659188804,2,32679,32768,32.0
573510.872205451,PLAYBACK,right,4,0.6078329137102312,2,31782,31283,31.0
573510.873445869,PLAYBACK,right,5,-0.052258227893539205,2,32666,32332,35.0
573510.873466629,PLAYBACK,right,6,-0.1950666056305792,2,32749,32887,35.0
573510.879728879,PLAYBACK,right,7,1.0635637445639734,2,33119,31839,34.0
573510.879772022,PLAYBACK,right,1,-0.24301808194094754,2,33433,32950,31.0
573510.879790237,PLAYBACK,right,2,0.026661020828564475,2,32806,32530,32.0
573510.879803102,PLAYBACK,right,3,0.035100480659188804,2,32783,32863,32.0
573510.879814113,PLAYBACK,right,4,0.6105181963836124,2,31747,31272,31.0
573510.879838951,PLAYBACK,right,5,-0.052258227893539205,2,32747,32295,35.0
573510.879884528,PLAYBACK,right,6,-0.1946829938200949,2,32828,32691,35.0
573510.879897072,PLAYBACK,right,7,1.0620292973220415,2,33118,31448,34.0
573510.879907483,PLAYBACK,right,8,0.12218036163881862,2,32757,32785,32.0
573510.879917532,PLAYBACK,right,1,-0.24378530556191258,2,33259,32935,31.0
573510.879927581,PLAYBACK,right,2,0.027044632639046995,2,32620,32550,32.0
573510.881200803,PLAYBACK,right,3,0.034716868848706284,2,32873,32878,32.0
573510.881252172,PLAYBACK,right,4,0.6135870908674761,2,31611,31357,31.0
573510.882413809,PLAYBACK,right,5,-0.051874616083056685,2,32805,32359,35.0
573510.882442124,PLAYBACK,right,6,-0.1946829938200949,2,32787,32866,35.0
573510.883475874,PLAYBACK,right,7,1.0604948500801097,2,33231,31159,33.0
573510.88350981,PLAYBACK,right,1,-0.24493614099336192,2,33143,32931,31.0
573510.888627264,PLAYBACK,right,2,0.026661020828564475,2,32769,32524,32.0
573510.8886513,PLAYBACK,right,3,0.035100480659188804,2,32687,32803,32.0
573510.888664486,PLAYBACK,right,4,0.6166559853513398,2,31714,31330,31.0
573510.888675607,PLAYBACK,right,5,-0.051874616083056685,2,32779,32288,35.0
573510.888686448,PLAYBACK,right,6,-0.1950666056305792,2,32811,32836,35.0
573510.888695646,PLAYBACK,right,7,1.0589604028381778,2,33145,31243,33.0
573510.888706116,PLAYBACK,right,8,0.12218036163881862,2,32792,32903,32.0
573510.888715424,PLAYBACK,right,1,-0.24608697642480948,2,33321,32894,31.0
573510.888724912,PLAYBACK,right,2,0.027044632639046995,2,32700,32503,32.0
573510.890141019,PLAYBACK,left,1,0.0021098649576565265,0,32613,32767,31.0
573510.890232315,PLAYBACK,left,2,0.004411535820553425,0,32690,32767,32.0
573510.890284075,PLAYBACK,right,3,0.035100480659188804,2,32674,32890,32.0
573510.890299515,PLAYBACK,right,4,0.6197248798352035,2,31681,31234,31.0
573510.891463436,PLAYBACK,left,3,-0.055048294804302955,0,32921,32767,32.0
573510.891492502,PLAYBACK,left,4,0.018988784618905186,0,32795,32767,32.0
573510.891516298,PLAYBACK,right,5,-0.051491004272574165,2,32746,32260,35.0
573510.891529353,PLAYBACK,right,6,-0.1946829938200949,2,32766,32774,35.0
573510.892676802,PLAYBACK,left,5,-0.9166404211490047,0,32769,32767,35.0
573510.892713924,PLAYBACK,left,6,0.033182421606774426,0,32748,32767,35.0
573510.89274322,PLAYBACK,right,7,1.0570423437857634,2,33087,31007,34.0
573510.892757387,PLAYBACK,right,1,-0.24723781185625882,2,33251,32801,31.0
573510.892767898,PLAYBACK,right,2,0.027044632639046995,2,32670,32522,32.0
573510.893544433,PLAYBACK,left,7,0.008631265735866478,0,32793,32767,33.0
573510.893581925,PLAYBACK,right,3,0.035100480659188804,2,32706,32939,32.0
573510.897515059,PLAYBACK,left,8,-0.10069810025177439,0,32720,32767,32.0
573510.897537312,PLAYBACK,right,4,0.6224101625085829,2,31793,31258,31.0
573510.897546811,PLAYBACK,right,5,-0.051107392462091644,2,32735,32400,35.0
573510.897557742,PLAYBACK,right,6,-0.1946829938200949,2,32760,32822,35.0
573510.897565436,PLAYBACK,right,7,1.055124284733349,2,33180,30660,33.0
573510.897575275,PLAYBACK,right,8,0.12218036163881862,2,32804,32831,32.0
573510.89758827,PLAYBACK,right,1,-0.24877225909819067,2,33310,32805,31.0
573510.898505607,PLAYBACK,right,2,0.027044632639046995,2,32830,32529,32.0
573510.898525185,PLAYBACK,right,3,0.034716868848706284,2,32703,32830,32.0
573510.901923559,PLAYBACK,right,4,0.6254790569924467,2,31540,31054,31.0
573510.901950641,PLAYBACK,right,5,-0.051107392462091644,2,32724,32272,35.0
573510.901962133,PLAYBACK,right,6,-0.1946829938200949,2,32704,32854,35.0
573510.902110579,PLAYBACK,right,7,1.0532062256809347,2,33103,30551,33.0
573510.902120668,PLAYBACK,right,1,-0.2495394827191575,2,33392,32794,31.0
573510.902128043,PLAYBACK,right,2,0.02742824444953129,2,32743,32482,32.0
573510.903288577,PLAYBACK,right,3,0.034716868848706284,2,32701,32889,32.0
573510.903321491,PLAYBACK,right,4,0.6281643396658279,2,31897,31315,31.0
573510.903528549,PLAYBACK,right,5,-0.05072378065160735,2,32676,32494,35.0
573510.905945143,PLAYBACK,right,6,-0.1946829938200949,2,32809,32666,35.0
573510.905968398,PLAYBACK,right,7,1.0516717784390028,2,33139,30713,34.0
573510.905980682,PLAYBACK,right,8,0.12256397344930114,2,32743,32923,32.0
573510.905991062,PLAYBACK,right,1,-0.25107392996108935,2,33337,32762,31.0
573510.911177078,PLAYBACK,right,2,0.02742824444953129,2,32766,32496,32.0
573510.911205403,PLAYBACK,right,3,0.034716868848706284,2,32820,32932,32.0
573510.911215402,PLAYBACK,right,4,0.6312332341496916,2,31701,31086,31.0
573510.911223568,PLAYBACK,right,5,-0.05034016884112483,2,32688,32190,35.0
573510.911233988,PLAYBACK,right,6,-0.1946829938200949,2,32736,32805,35.0
573510.911241242,PLAYBACK,right,7,1.050137331197071,2,33048,30724,33.0
573510.911260609,PLAYBACK,right,1,-0.2518411535820544,2,33349,32744,31.0
573510.911267592,PLAYBACK,right,2,0.02742824444953129,2,32678,32481,32.0
573510.911274125,PLAYBACK,right,3,0.034716868848706284,2,32743,32915,32.0
573510.915464535,PLAYBACK,right,4,0.6339185168230728,2,31804,31165,31.0
573510.915491757,PLAYBACK,right,5,-0.05034016884112483,2,32764,32390,35.0
573510.915502137,PLAYBACK,right,6,-0.1946829938200949,2,32773,32730,35.0
573510.915511485,PLAYBACK,right,7,1.0486028839551391,2,33148,30811,34.0
573510.915519631,PLAYBACK,right,1,-0.25337560082398625,2,33388,32716,31.0
573510.915532045,PLAYBACK,right,2,0.02742824444953129,2,32785,32494,32.0
573510.915546202,PLAYBACK,right,3,0.034716868848706284,2,32841,32942,32.0
573510.91682278,PLAYBACK,right,4,0.6366037994964522,2,31668,31066,31.0
573510.916888276,PLAYBACK,right,5,-0.04995655703064231,2,32663,32499,35.0
573510.921995431,PLAYBACK,right,6,-0.1946829938200949,2,32719,32804,35.0
573510.922151251,PLAYBACK,right,7,1.0474520485236898,2,33056,30864,33.0
573510.922175778,PLAYBACK,right,1,-0.2545264362554356,2,33421,32704,31.0
573510.922187932,PLAYBACK,right,2,0.02742824444953129,2,32703,32456,32.0
573510.922200396,PLAYBACK,right,3,0.03433325703822376,2,32680,32909,32.0
573510.922210405,PLAYBACK,right,4,0.6392890821698334,2,31793,31062,31.0
573510.922218991,PLAYBACK,right,5,-0.049572945220159786,2,32725,32411,35.0
573510.922229041,PLAYBACK,right,6,-0.1946829938200949,2,32782,32824,35.0
573510.922236796,PLAYBACK,right,7,1.045917601281758,2,33084,30954,34.0
573510.924089093,PLAYBACK,right,8,0.12256397344930114,2,32757,32773,32.0
573510.924102288,PLAYBACK,right,1,-0.25606088349736744,2,33540,32722,31.0
573510.924110093,PLAYBACK,right,2,0.027811856260013812,2,32718,32446,32.0
573510.92521977,PLAYBACK,right,3,0.03433325703822376,2,32654,32825,32.0
573510.925258094,PLAYBACK,right,4,0.6427415884641796,2,31733,30912,31.0
573510.926374995,PLAYBACK,right,5,-0.04918933340967549,2,32727,32534,35.0
573510.926390955,PLAYBACK,right,6,-0.1946829938200949,2,32688,32763,35.0
573510.927544176,PLAYBACK,right,7,1.044383154039826,2,33069,31097,34.0
573510.92756702,PLAYBACK,right,1,-0.2575953307392993,2,33486,32763,31.0
573510.928985201,PLAYBACK,right,2,0.027811856260013812,2,32775,32454,32.0
573510.929015469,PLAYBACK,right,3,0.03433325703822376,2,32839,32870,32.0
573510.93342483,PLAYBACK,right,4,0.6454268711375608,2,31803,31322,31.0
573510.93345051,PLAYBACK,right,5,-0.04918933340967549,2,32633,32559,35.0
573510.933462774,PLAYBACK,right,6,-0.1946829938200949,2,32733,32704,35.0
573510.933472913,PLAYBACK,right,7,1.0424650949874117,2,33141,30878,34.0
573510.93348194,PLAYBACK,right,8,0.12256397344930114,2,32702,32877,32.0
573510.933490777,PLAYBACK,right,1,-0.25874616617074686,2,33355,32836,31.0
573510.93349751,PLAYBACK,right,2,0.027811856260013812,2,32572,32461,32.0
573510.933503893,PLAYBACK,right,3,0.03394964522774124,2,32742,32878,32.0
573510.934622517,PLAYBACK,right,4,0.648879377431907,2,31578,31160,31.0
573510.935742103,PLAYBACK,right,5,-0.04880572159919297,2,32692,32486,35.0
573510.935761049,PLAYBACK,right,6,-0.1946829938200949,2,32765,32857,35.0
573510.936911044,PLAYBACK,right,7,1.0409306477454798,2,33114,30986,34.0
573510.936941022,PLAYBACK,right,1,-0.2595133897917137,2,33235,32901,31.0
573510.938049406,PLAYBACK,right,2,0.028195468070496332,2,32699,32464,32.0
573510.938069645,PLAYBACK,right,3,0.03394964522774124,2,32917,32819,32.0
573510.938688026,PLAYBACK,right,4,0.6519482719157708,2,31508,31469,31.0
573510.942327424,PLAYBACK,right,5,-0.04842210978871045,2,32661,32524,35.0
573510.942357502,PLAYBACK,right,6,-0.1946829938200949,2,32809,32776,35.0
573510.942371349,PLAYBACK,right,7,1.039396200503548,2,33086,30985,33.0
573510.942379514,PLAYBACK,right,8,0.12256397344930114,2,32791,33024,32.0
573510.942388011,PLAYBACK,right,1,-0.260664225223163,2,33218,32943,31.0
573510.942396667,PLAYBACK,right,2,0.028195468070496332,2,32783,32464,32.0
573510.94346749,PLAYBACK,left,1,0.0021098649576565265,0,32712,32767,31.0
573510.943505282,PLAYBACK,right,3,0.03356603341725872,2,32892,32872,32.0
573510.943516093,PLAYBACK,right,4,0.655400778210117,2,31486,31359,31.0
573510.946685617,PLAYBACK,left,2,0.004411535820553425,0,32749,32767,32.0
573510.94677059,PLAYBACK,left,3,-0.055048294804302955,0,32674,32767,32.0
573510.946782203,PLAYBACK,left,4,0.018988784618905186,0,32866,32767,32.0
573510.94679105,PLAYBACK,left,5,-0.9166404211490047,0,32731,32767,35.0
573510.946803634,PLAYBACK,left,6,0.033182421606774426,0,32774,32767,35.0
573510.946813734,PLAYBACK,left,7,0.008631265735866478,0,32734,32767,33.0
573510.946844753,PLAYBACK,right,5,-0.04803849797822793,2,32743,32471,35.0
573510.946865072,PLAYBACK,right,6,-0.1946829938200949,2,32818,32946,35.0
573510.946875372,PLAYBACK,right,7,1.0378617532616161,2,33150,31074,34.0
573510.946886975,PLAYBACK,right,1,-0.2618150606546106,2,33340,32956,31.0
573510.946899539,PLAYBACK,right,2,0.028195468070496332,2,32723,32484,32.0
573510.946909869,PLAYBACK,right,3,0.03394964522774124,2,32779,32860,32.0
573510.948076876,PLAYBACK,left,8,-0.10108171206225691,0,32818,32767,32.0
573510.948127574,PLAYBACK,right,4,0.6584696726939807,2,31705,31238,31.0
573510.948143414,PLAYBACK,right,5,-0.04803849797822793,2,32688,32493,35.0
573510.951565504,PLAYBACK,right,6,-0.1946829938200949,2,32796,32747,35.0
573510.951623446,PLAYBACK,right,7,1.0363273060196843,2,33134,31062,34.0
573510.951634487,PLAYBACK,right,8,0.12256397344930114,2,32824,32620,32.0
573510.951650277,PLAYBACK,right,1,-0.2629658960860599,2,33433,32986,31.0
573510.951666629,PLAYBACK,right,2,0.028579079880978853,2,32723,32463,32.0
573510.955631474,PLAYBACK,right,3,0.03394964522774124,2,32531,32823,32.0
573510.955676681,PLAYBACK,right,4,0.6615385671778444,2,31820,31212,31.0
573510.955687973,PLAYBACK,right,5,-0.04765488616774363,2,32733,32366,35.0
573510.955701238,PLAYBACK,right,6,-0.1946829938200949,2,32779,32634,35.0
573510.955711828,PLAYBACK,right,7,1.0347928587777524,2,33091,31015,34.0
573510.955719563,PLAYBACK,right,1,-0.26373311970702673,2,33280,33028,31.0
573510.955729553,PLAYBACK,right,2,0.028579079880978853,2,32628,32409,32.0
573510.956935074,PLAYBACK,right,3,0.03394964522774124,2,32624,32832,32.0
573510.956971734,PLAYBACK,right,4,0.6646074616617081,2,31731,31196,31.0
573510.958103815,PLAYBACK,right,5,-0.04727127435726111,2,32698,32462,35.0
573510.958118904,PLAYBACK,right,6,-0.1946829938200949,2,32770,32795,35.0
573510.958428881,PLAYBACK,right,7,1.0336420233463048,2,33051,31364,34.0
573510.964617328,PLAYBACK,right,1,-0.2648839551384743,2,33288,33009,31.0
573510.964639611,PLAYBACK,right,2,0.028579079880978853,2,32683,32424,32.0
573510.964648758,PLAYBACK,right,3,0.03394964522774124,2,32688,32781,32.0
573510.964656443,PLAYBACK,right,4,0.6672927443350893,2,31532,31117,31.0
573510.964664368,PLAYBACK,right,5,-0.04727127435726111,2,32713,32477,35.0
573510.964672454,PLAYBACK,right,6,-0.1946829938200949,2,32784,32752,35.0
573510.964701931,PLAYBACK,right,7,1.0324911879148555,2,33039,31579,33.0
573510.964724254,PLAYBACK,right,8,0.12256397344930114,2,32748,32890,32.0
573510.964732009,PLAYBACK,right,1,-0.26603479056992363,2,33199,33033,31.0
573510.964738501,PLAYBACK,right,2,0.028579079880978853,2,32786,32433,32.0
573510.965843189,PLAYBACK,right,3,0.03394964522774124,2,32803,32758,32.0
573510.965855452,PLAYBACK,right,4,0.6703616388189513,2,31804,31185,31.0
573510.966958787,PLAYBACK,right,5,-0.04688766254677859,2,32647,32626,35.0
573510.966974978,PLAYBACK,right,6,-0.1946829938200949,2,32780,32808,35.0
573510.968029458,PLAYBACK,right,7,1.0309567406729236,2,32995,31486,34.0
573510.968043886,PLAYBACK,right,1,-0.26718562600137297,2,33170,33020,31.0
573510.968715279,PLAYBACK,right,2,0.02896269169146315,2,32811,32437,32.0
573510.975424429,PLAYBACK,right,3,0.03356603341725872,2,32783,32843,32.0
573510.975458965,PLAYBACK,right,4,0.673430533302815,2,31600,31098,31.0
573510.975468434,PLAYBACK,right,5,-0.04650405073629607,2,32752,32501,35.0
573510.975477261,PLAYBACK,right,6,-0.1946829938200949,2,32760,32732,35.0
573510.975485266,PLAYBACK,right,7,1.0298059052414743,2,33075,31373,34.0
573510.975493001,PLAYBACK,right,8,0.12256397344930114,2,32670,33031,32.0
573510.975501177,PLAYBACK,right,1,-0.267952849622338,2,33346,33095,31.0
573510.975510424,PLAYBACK,right,2,0.02896269169146315,2,32674,32433,32.0
573510.975521486,PLAYBACK,right,3,0.03356603341725872,2,32651,32851,32.0
573510.975531585,PLAYBACK,right,4,0.6764994277866787,2,31775,31016,31.0
573510.97553934,PLAYBACK,right,5,-0.04612043892581355,2,32697,32666,35.0
573510.977816115,PLAYBACK,right,6,-0.1946829938200949,2,32730,32743,35.0
573510.977836664,PLAYBACK,right,7,1.0282714579995424,2,33065,31357,34.0
573510.977845391,PLAYBACK,right,1,-0.2687200732433048,2,33120,33095,31.0
573510.977854028,PLAYBACK,right,2,0.02896269169146315,2,32886,32407,32.0
573510.978498048,PLAYBACK,right,3,0.03356603341725872,2,32814,32929,32.0
573510.982607191,PLAYBACK,right,4,0.6791847104600599,2,31664,31229,31.0
573510.982625416,PLAYBACK,right,5,-0.045736827115329254,2,32685,32768,35.0
573510.982635164,PLAYBACK,right,6,-0.1946829938200949,2,32783,32813,35.0
573510.982642469,PLAYBACK,right,7,1.0271206225680931,2,33028,31564,34.0
573510.982649763,PLAYBACK,right,1,-0.2702545204852367,2,33299,33146,31.0
573510.982656235,PLAYBACK,right,2,0.02896269169146315,2,32804,32415,32.0
573510.982662948,PLAYBACK,right,3,0.03356603341725872,2,32887,32952,32.0
573510.987869845,PLAYBACK,right,4,0.6814863813229568,2,31793,30948,31.0
573510.987916966,PLAYBACK,right,5,-0.04535321530484673,2,32618,32596,35.0
573510.987925973,PLAYBACK,right,6,-0.1946829938200949,2,32766,32520,35.0
573510.987933498,PLAYBACK,right,7,1.0259697871366456,2,33083,31552,34.0
573510.987942725,PLAYBACK,right,8,0.12218036163881862,2,32814,33016,32.0
573510.987954829,PLAYBACK,right,1,-0.2710217441062017,2,33282,33122,31.0
573510.987967333,PLAYBACK,right,2,0.02934630350194567,2,32602,32432,32.0
573510.987980879,PLAYBACK,right,3,0.03356603341725872,2,32670,32940,32.0
573510.987988624,PLAYBACK,right,4,0.6845552758068205,2,31580,31186,31.0
573510.991219636,PLAYBACK,right,5,-0.04535321530484673,2,32774,32810,35.0
573510.99123778,PLAYBACK,right,6,-0.1946829938200949,2,32779,32708,35.0
573510.991260184,PLAYBACK,right,7,1.0248189517051962,2,32951,31570,33.0
573510.991269241,PLAYBACK,right,1,-0.27217257953765106,2,33230,33054,31.0
573510.991278258,PLAYBACK,right,2,0.02934630350194567,2,32740,32398,32.0
573510.991286885,PLAYBACK,right,3,0.03356603341725872,2,32558,32825,32.0
573510.992402083,PLAYBACK,right,4,0.6872405584802017,2,31893,31163,31.0
573510.993416125,PLAYBACK,right,5,-0.04496960349436421,2,32700,32761,35.0
573510.993428369,PLAYBACK,right,6,-0.1946829938200949,2,32741,32674,35.0
573511.002399244,PLAYBACK,left,1,0.0021098649576565265,0,32708,32767,31.0
573511.002421136,PLAYBACK,left,2,0.004411535820553425,0,32840,32767,32.0
573511.002432578,PLAYBACK,left,3,-0.055048294804302955,0,32696,32767,32.0
573511.002441305,PLAYBACK,left,4,0.018988784618905186,0,32808,32767,32.0
573511.00244911,PLAYBACK,left,5,-0.9166404211490047,0,32764,32767,35.0
573511.002504507,PLAYBACK,left,6,0.033182421606774426,0,32792,32767,35.0
573511.002512102,PLAYBACK,left,7,0.008631265735866478,0,32798,32767,33.0
573511.002518654,PLAYBACK,left,8,-0.10108171206225691,0,32795,32767,32.0
573511.002538262,PLAYBACK,right,8,0.12256397344930114,2,32747,32873,32.0
573511.002545977,PLAYBACK,right,7,1.0236681162737469,2,32981,31569,34.0
573511.002553521,PLAYBACK,right,1,-0.2733234149691004,2,33249,33074,31.0
573511.002560735,PLAYBACK,right,2,0.02972991531242819,2,32631,32416,32.0
573511.002567428,PLAYBACK,right,3,0.03356603341725872,2,32719,32829,32.0
573511.002574311,PLAYBACK,right,4,0.690693064774548,2,31555,30965,31.0
573511.002581245,PLAYBACK,right,5,-0.04458599168388169,2,32697,32760,35.0
573511.002589971,PLAYBACK,right,6,-0.1946829938200949,2,32721,32792,35.0
573511.002598007,PLAYBACK,right,7,1.022133669031815,2,33037,31413,33.0
573511.002606323,PLAYBACK,right,8,0.12256397344930114,2,32742,32858,32.0
573511.00261497,PLAYBACK,right,1,-0.27447425040054796,2,33255,33042,31.0
573511.002623216,PLAYBACK,right,2,0.02972991531242819,2,32785,32410,32.0
573511.002631562,PLAYBACK,right,3,0.033182421606774426,2,32821,32890,32.0
573511.002637583,PLAYBACK,right,4,0.6937619592584117,2,31698,31054,31.0
573511.002643304,PLAYBACK,right,5,-0.04458599168388169,2,32750,32693,35.0
573511.003448805,PLAYBACK,right,6,-0.1946829938200949,2,32819,32734,35.0
573511.009795146,PLAYBACK,right,7,1.0209828336003675,2,33008,31474,34.0
573511.009818361,PLAYBACK,right,1,-0.2752414740215148,2,33320,33065,31.0
573511.009827929,PLAYBACK,right,2,0.03011352712291071,2,32579,32412,32.0
573511.009835454,PLAYBACK,right,3,0.03356603341725872,2,32794,32857,32.0
573511.009855292,PLAYBACK,right,4,0.6964472419317929,2,31502,31141,31.0
573511.009873247,PLAYBACK,right,5,-0.044202379873397396,2,32709,32839,35.0
573511.009882665,PLAYBACK,right,6,-0.1946829938200949,2,32763,32909,35.0
573511.009890249,PLAYBACK,right,7,1.0198319981689181,2,32958,31394,34.0
573511.009902854,PLAYBACK,right,8,0.12256397344930114,2,32718,33005,32.0
573511.009924666,PLAYBACK,right,1,-0.27639230945296234,2,33354,33020,31.0
573511.009935727,PLAYBACK,right,2,0.03011352712291071,2,32568,32402,32.0
573511.009944524,PLAYBACK,right,3,0.03356603341725872,2,32652,32943,32.0
573511.011082806,PLAYBACK,right,4,0.6995161364156566,2,31854,31002,31.0
573511.012391586,PLAYBACK,right,5,-0.043818768062914876,2,32738,32702,35.0
573511.012462252,PLAYBACK,right,6,-0.1950666056305792,2,32825,32745,35.0
573511.01247685,PLAYBACK,right,7,1.0186811627374688,2,33007,31613,34.0
573511.013462959,PLAYBACK,right,1,-0.27715953307392915,2,33284,33018,31.0
573511.018674155,PLAYBACK,right,2,0.03011352712291071,2,32726,32429,32.0
573511.018697249,PLAYBACK,right,3,0.033182421606774426,2,32746,32923,32.0
573511.018708611,PLAYBACK,right,4,0.702201419089036,2,31531,30970,31.0
573511.018717168,PLAYBACK,right,5,-0.043818768062914876,2,32756,32614,35.0
573511.018726245,PLAYBACK,right,6,-0.1946829938200949,2,32811,32868,35.0
573511.01873398,PLAYBACK,right,7,1.0179139391165037,2,32956,31613,34.0
573511.018740733,PLAYBACK,right,8,0.12256397344930114,2,32712,33098,32.0
573511.018747296,PLAYBACK,right,1,-0.2779267566948942,2,33212,32988,31.0
573511.018753648,PLAYBACK,right,2,0.030497138933395007,2,32439,32416,32.0
573511.01987673,PLAYBACK,right,3,0.033182421606774426,2,32745,32846,32.0
573511.019894244,PLAYBACK,right,4,0.7048867017624172,2,31861,30933,31.0
573511.021010624,PLAYBACK,right,5,-0.043435156252432355,2,32681,32666,35.0
573511.021026013,PLAYBACK,right,6,-0.1946829938200949,2,32784,32687,35.0
573511.022205074,PLAYBACK,right,7,1.0167631036850544,2,32918,31589,34.0
573511.022246875,PLAYBACK,right,1,-0.27907759212634353,2,33255,32971,31.0
573511.023513935,PLAYBACK,right,2,0.030880750743877527,2,32684,32410,32.0
573511.023536608,PLAYBACK,right,3,0.033182421606774426,2,32782,32846,32.0
573511.027841478,PLAYBACK,right,4,0.7075719844357984,2,31701,31313,31.0
573511.027874932,PLAYBACK,right,5,-0.043051544441949835,2,32714,32723,35.0
573511.027886334,PLAYBACK,right,6,-0.1946829938200949,2,32732,32812,35.0
573511.027893248,PLAYBACK,right,7,1.015612268253605,2,32976,31706,34.0
573511.027900652,PLAYBACK,right,8,0.12218036163881862,2,32883,32739,32.0
573511.027907565,PLAYBACK,right,1,-0.28022842755779287,2,33150,32959,31.0
573511.02791537,PLAYBACK,right,2,0.03126436255436005,2,32544,32426,32.0
573511.029308293,PLAYBACK,right,3,0.032798809796291906,2,32962,32853,32.0
573511.02932794,PLAYBACK,right,4,0.7102572671091778,2,31924,31149,31.0
573511.029335996,PLAYBACK,right,5,-0.043051544441949835,2,32717,32549,35.0
573511.032055262,PLAYBACK,right,6,-0.1946829938200949,2,32726,32716,35.0
573511.032083246,PLAYBACK,right,7,1.0144614328221575,2,33002,31639,33.0
573511.032094127,PLAYBACK,right,1,-0.2809956511787579,2,33160,32945,31.0
573511.032103616,PLAYBACK,right,2,0.03126436255436005,2,32633,32409,32.0
573511.033576983,PLAYBACK,right,3,0.032798809796291906,2,32854,32833,32.0
573511.033607291,PLAYBACK,right,4,0.712942549782559,2,31691,30933,31.0
573511.033617621,PLAYBACK,right,5,-0.04266793263146554,2,32763,32731,35.0
573511.04109987,PLAYBACK,right,6,-0.1946829938200949,2,32730,32688,35.0
573511.041119548,PLAYBACK,right,7,1.0133105973907082,2,33070,31564,34.0
573511.041129367,PLAYBACK,right,8,0.12218036163881862,2,32755,32796,32.0
573511.041138795,PLAYBACK,right,1,-0.28214648661020725,2,33165,32960,31.0
573511.041147602,PLAYBACK,right,2,0.03164797436484257,2,32664,32415,32.0
573511.041154756,PLAYBACK,right,3,0.032798809796291906,2,32724,32843,32.0
573511.041161939,PLAYBACK,right,4,0.7160114442664227,2,31734,31305,31.0
573511.041169233,PLAYBACK,right,5,-0.04228432082098302,2,32670,32761,35.0
573511.041176267,PLAYBACK,right,6,-0.1946829938200949,2,32827,32715,35.0
573511.041183681,PLAYBACK,right,7,1.0121597619592588,2,32988,31309,34.0
573511.041190374,PLAYBACK,right,1,-0.28291371023117406,2,33222,32920,31.0
573511.041197418,PLAYBACK,right,2,0.03164797436484257,2,32564,32390,32.0
573511.043416861,PLAYBACK,right,3,0.032798809796291906,2,32863,32842,32.0
573511.043536702,PLAYBACK,right,4,0.7186967269398039,2,31484,31104,31.0
573511.043554547,PLAYBACK,right,5,-0.04228432082098302,2,32730,32539,35.0
573511.043579134,PLAYBACK,right,6,-0.1946829938200949,2,32695,33027,35.0
573511.043591097,PLAYBACK,right,7,1.010625314717327,2,33116,31018,34.0
573511.049829039,PLAYBACK,left,1,0.0021098649576565265,0,32720,32767,31.0
573511.049852795,PLAYBACK,left,2,0.004411535820553425,0,32759,32767,32.0
573511.049861412,PLAYBACK,left,3,-0.055048294804302955,0,32646,32767,32.0
573511.049869848,PLAYBACK,left,4,0.018988784618905186,0,32835,32767,32.0
573511.049879857,PLAYBACK,left,5,-0.9166404211490047,0,32778,32767,35.0
573511.049892091,PLAYBACK,left,6,0.033182421606774426,0,32793,32767,35.0
573511.049902852,PLAYBACK,left,7,0.009014877546348998,0,32731,32767,33.0
573511.049913312,PLAYBACK,left,8,-0.10069810025177439,0,32726,32767,32.0
573511.049949211,PLAYBACK,right,1,-0.2836809338521391,2,33175,32948,31.0
573511.049960843,PLAYBACK,right,2,0.032031586175326865,2,32716,32433,32.0
573511.049978718,PLAYBACK,right,3,0.032415197985809385,2,32800,32786,32.0
573511.050032401,PLAYBACK,right,4,0.7213820096131833,2,31882,31231,31.0
573511.050040677,PLAYBACK,right,5,-0.04228432082098302,2,32788,32629,35.0
573511.050053462,PLAYBACK,right,6,-0.1946829938200949,2,32702,32781,35.0
573511.050067168,PLAYBACK,right,7,1.0094744792858776,2,33099,30976,34.0
573511.050076336,PLAYBACK,right,8,0.12256397344930114,2,32792,32675,32.0
573511.050085213,PLAYBACK,right,1,-0.28521538109407096,2,33348,32908,31.0
573511.050093619,PLAYBACK,right,2,0.032415197985809385,2,32726,32444,32.0
573511.051238954,PLAYBACK,right,3,0.032415197985809385,2,32703,32855,32.0
573511.051290894,PLAYBACK,right,4,0.7240672922865645,2,31668,30996,31.0
573511.05243635,PLAYBACK,right,5,-0.0419007090105005,2,32760,32520,35.0
573511.052461388,PLAYBACK,right,6,-0.1946829938200949,2,32758,32786,35.0
573511.053475231,PLAYBACK,right,7,1.0079400320439458,2,33118,30789,33.0
573511.053494207,PLAYBACK,right,1,-0.285982604715036,2,33281,32915,31.0
573511.054074805,PLAYBACK,right,2,0.032798809796291906,2,32637,32437,32.0
573511.059037101,PLAYBACK,right,3,0.032415197985809385,2,32869,32835,32.0
573511.059063101,PLAYBACK,right,4,0.7271361867704282,2,31560,31247,31.0
573511.059070946,PLAYBACK,right,5,-0.04151709720001798,2,32711,32805,35.0
573511.059078341,PLAYBACK,right,6,-0.1946829938200949,2,32785,32805,35.0
573511.059084983,PLAYBACK,right,7,1.0064055848020157,2,33135,30579,34.0
573511.059091456,PLAYBACK,right,8,0.12256397344930114,2,32656,32782,32.0
573511.059098289,PLAYBACK,right,1,-0.28751705195696786,2,33370,32963,31.0
573511.059106926,PLAYBACK,right,2,0.032798809796291906,2,32495,32378,32.0
573511.062907595,PLAYBACK,right,3,0.032415197985809385,2,32794,32790,32.0
573511.062923465,PLAYBACK,right,4,0.730205081254292,2,31728,31362,31.0
573511.06293124,PLAYBACK,right,5,-0.04151709720001798,2,32799,32531,35.0
573511.062938775,PLAYBACK,right,6,-0.1946829938200949,2,32784,32904,35.0
573511.062945397,PLAYBACK,right,7,1.0052547493705664,2,33066,30741,34.0
573511.062951539,PLAYBACK,right,1,-0.2886678873884172,2,33381,32969,31.0
573511.062957911,PLAYBACK,right,2,0.033182421606774426,2,32509,32386,32.0
573511.067361391,PLAYBACK,right,3,0.032415197985809385,2,32624,32871,32.0
573511.06737644,PLAYBACK,right,4,0.7328903639276731,2,31683,31213,31.0
573511.067384345,PLAYBACK,right,5,-0.04113348538953368,2,32776,32696,35.0
573511.06739211,PLAYBACK,right,6,-0.1946829938200949,2,32839,32671,35.0
573511.067399134,PLAYBACK,right,7,1.004103913939117,2,33109,30676,34.0
573511.067406017,PLAYBACK,right,1,-0.289435111009384,2,33335,33018,31.0
573511.067412951,PLAYBACK,right,2,0.03356603341725872,2,32644,32395,32.0
573511.071896475,PLAYBACK,right,3,0.032031586175326865,2,32815,32740,32.0
573511.071944297,PLAYBACK,right,4,0.7355756466010526,2,31720,31057,31.0
573511.071956079,PLAYBACK,right,5,-0.04113348538953368,2,32740,32685,35.0
573511.071967301,PLAYBACK,right,6,-0.1946829938200949,2,32736,32866,35.0
573511.071976589,PLAYBACK,right,7,1.0029530785076677,2,33016,30727,34.0
573511.071985666,PLAYBACK,right,8,0.12256397344930114,2,32742,32755,32.0
573511.071994553,PLAYBACK,right,1,-0.2905859464408316,2,33328,33012,31.0
573511.072019451,PLAYBACK,right,2,0.03356603341725872,2,32493,32404,32.0
573511.075999486,PLAYBACK,right,3,0.032031586175326865,2,32945,32903,32.0
573511.076035415,PLAYBACK,right,4,0.7386445410849163,2,31679,30985,31.0
573511.076045384,PLAYBACK,right,5,-0.04113348538953368,2,32698,32828,35.0
573511.076054031,PLAYBACK,right,6,-0.1946829938200949,2,32767,32656,35.0
573511.076061575,PLAYBACK,right,7,1.0018022430762201,2,32960,30884,33.0
573511.076069791,PLAYBACK,right,1,-0.29212039368276344,2,33453,33031,31.0
573511.076076875,PLAYBACK,right,2,0.03394964522774124,2,32737,32403,32.0
573511.07723233,PLAYBACK,right,3,0.03164797436484257,2,32784,32848,32.0
573511.077262287,PLAYBACK,right,4,0.7413298237582975,2,31765,31259,31.0
573511.078668906,PLAYBACK,right,5,-0.04074987357905116,2,32817,32642,35.0
573511.078742187,PLAYBACK,right,6,-0.1946829938200949,2,32860,32633,35.0
573511.085164875,PLAYBACK,right,7,1.0010350194552533,2,32990,31142,34.0
573511.085183702,PLAYBACK,right,1,-0.2932712291142128,2,33390,33051,31.0
573511.085203329,PLAYBACK,right,2,0.03394964522774124,2,32665,32362,32.0
573511.085218919,PLAYBACK,right,3,0.03164797436484257,2,32656,32796,32.0
573511.085227065,PLAYBACK,right,4,0.7440151064316787,2,31666,31141,31.0
573511.085234048,PLAYBACK,right,5,-0.04074987357905116,2,32750,32739,35.0
573511.085248426,PLAYBACK,right,6,-0.1946829938200949,2,32762,32649,35.0
573511.085258085,PLAYBACK,right,7,0.999884184023804,2,32947,31157,34.0
573511.085265559,PLAYBACK,right,8,0.12256397344930114,2,32721,32831,32.0
573511.085271871,PLAYBACK,right,1,-0.2944220645456621,2,33492,33097,31.0
573511.085280157,PLAYBACK,right,2,0.03433325703822376,2,32602,32376,32.0
573511.086436975,PLAYBACK,right,3,0.03164797436484257,2,32927,32788,32.0
573511.086467864,PLAYBACK,right,4,0.7474676127260249,2,31607,31328,31.0
573511.087610254,PLAYBACK,right,5,-0.04036626176856864,2,32707,32734,35.0
573511.08763409,PLAYBACK,right,6,-0.1946829938200949,2,32748,32709,35.0
573511.088417329,PLAYBACK,right,7,0.9987333485923564,2,32917,31081,34.0
573511.089282825,PLAYBACK,right,1,-0.29557289997710967,2,33344,33138,31.0
573511.089296542,PLAYBACK,right,2,0.034716868848706284,2,32613,32377,32.0
573511.094087508,PLAYBACK,right,3,0.03126436255436005,2,32852,32824,32.0
573511.094112576,PLAYBACK,right,4,0.7501528953994043,2,31803,31391,31.0
573511.094121092,PLAYBACK,right,5,-0.04036626176856864,2,32676,32650,35.0
573511.094128918,PLAYBACK,right,6,-0.1946829938200949,2,32710,32761,35.0
573511.0941352,PLAYBACK,right,7,0.9975825131609071,2,32926,31006,34.0
573511.094141542,PLAYBACK,right,8,0.12256397344930114,2,32736,32915,32.0
573511.094147974,PLAYBACK,right,1,-0.29710734721904153,2,33538,33153,31.0
573511.094154166,PLAYBACK,right,2,0.035100480659188804,2,32769,32351,32.0
573511.099324623,PLAYBACK,left,1,0.0021098649576565265,0,32879,32767,31.0
573511.099348108,PLAYBACK,left,2,0.004411535820553425,0,32866,32767,32.0
573511.099355983,PLAYBACK,left,3,-0.055048294804302955,0,32906,32767,32.0
573511.099363558,PLAYBACK,left,4,0.018988784618905186,0,32712,32767,32.0
573511.099377915,PLAYBACK,left,5,-0.9166404211490047,0,32784,32767,35.0
573511.099399206,PLAYBACK,left,6,0.033182421606774426,0,32862,32767,35.0
573511.099437981,PLAYBACK,left,7,0.009014877546348998,0,32734,32767,33.0
573511.099465414,PLAYBACK,left,8,-0.10108171206225691,0,32730,32767,32.0
573511.099549215,PLAYBACK,right,3,0.03126436255436005,2,32745,32757,32.0
573511.099594092,PLAYBACK,right,4,0.7536054016937523,2,31506,31604,31.0
573511.099617767,PLAYBACK,right,5,-0.04036626176856864,2,32758,32512,35.0
573511.099646713,PLAYBACK,right,6,-0.1946829938200949,2,32682,32746,35.0
573511.099656251,PLAYBACK,right,7,0.9964316777294577,2,33006,30866,34.0
573511.09966585,PLAYBACK,right,1,-0.29787457084000835,2,33423,33159,31.0
573511.099672953,PLAYBACK,right,2,0.035100480659188804,2,32653,32365,32.0
573511.099679646,PLAYBACK,right,3,0.03126436255436005,2,32716,32772,32.0
573511.099686099,PLAYBACK,right,4,0.7562906843671318,2,31488,31317,31.0
573511.10371103,PLAYBACK,right,5,-0.03998264995808612,2,32772,32741,35.0
573511.103760184,PLAYBACK,right,6,-0.1946829938200949,2,32721,32659,35.0
573511.103782317,PLAYBACK,right,7,0.9956644541084927,2,33003,30889,34.0
573511.103795322,PLAYBACK,right,1,-0.2990254062714577,2,33310,33194,31.0
573511.103806584,PLAYBACK,right,2,0.0354840924696731,2,32694,32357,32.0
573511.103817244,PLAYBACK,right,3,0.030880750743877527,2,32667,32749,32.0
573511.103827824,PLAYBACK,right,4,0.758975967040513,2,31820,31199,31.0
573511.107604667,PLAYBACK,right,5,-0.03998264995808612,2,32713,32663,35.0
573511.107622893,PLAYBACK,right,6,-0.1946829938200949,2,32756,32828,35.0
573511.10763174,PLAYBACK,right,7,0.9945136186770434,2,32992,31067,34.0
573511.107640126,PLAYBACK,right,8,0.12256397344930114,2,32760,32923,32.0
573511.10764761,PLAYBACK,right,1,-0.30055985351338954,2,33324,33201,31.0
573511.107656167,PLAYBACK,right,2,0.03586770428015562,2,32544,32367,32.0
573511.108629201,PLAYBACK,right,3,0.030880750743877527,2,32542,32842,32.0
573511.108667063,PLAYBACK,right,4,0.7616612497138942,2,31746,31204,31.0
573511.112460759,PLAYBACK,right,5,-0.03959903814760182,2,32714,32757,35.0
573511.112490156,PLAYBACK,right,6,-0.1942993820096124,2,32706,32818,35.0
573511.11250298,PLAYBACK,right,8,0.12256397344930114,2,32755,32809,32.0
573511.112510865,PLAYBACK,right,7,0.993362783245594,2,33007,31111,33.0
573511.112518941,PLAYBACK,right,1,-0.3017106889448371,2,33268,33212,31.0
573511.112526255,PLAYBACK,right,2,0.03625131609063814,2,32713,32374,32.0
573511.112533259,PLAYBACK,right,3,0.030497138933395007,2,32752,32745,32.0
573511.116974191,PLAYBACK,right,4,0.7647301441977579,2,31828,31046,31.0
573511.117022704,PLAYBACK,right,5,-0.03959903814760182,2,32658,32749,35.0
573511.117034206,PLAYBACK,right,6,-0.1946829938200949,2,32830,32659,35.0
573511.11704136,PLAYBACK,right,7,0.992595559624629,2,32955,31027,34.0
573511.117048914,PLAYBACK,right,8,0.12256397344930114,2,32739,32877,32.0
573511.117055587,PLAYBACK,right,1,-0.30286152437628644,2,33291,33249,31.0
573511.11706219,PLAYBACK,right,2,0.03663492790112066,2,32623,32372,32.0
573511.117068552,PLAYBACK,right,3,0.030497138933395007,2,32911,32767,32.0
573511.121011866,PLAYBACK,right,4,0.7677990386816198,2,31889,31280,31.0
573511.121030862,PLAYBACK,right,5,-0.0392154263371193,2,32683,32636,35.0
573511.121044629,PLAYBACK,right,6,-0.1946829938200949,2,32868,32615,35.0
573511.121052374,PLAYBACK,right,7,0.9918283360036622,2,32989,30743,33.0
573511.121059267,PLAYBACK,right,1,-0.3040123598077358,2,33348,33253,31.0
573511.12106589,PLAYBACK,right,2,0.03701853971160496,2,32641,32365,32.0
573511.122335364,PLAYBACK,right,3,0.03011352712291071,2,32787,32768,32.0
573511.122360032,PLAYBACK,right,4,0.770484321355001,2,31731,31092,31.0
573511.12345482,PLAYBACK,right,5,-0.0392154263371193,2,32737,32511,35.0
573511.123474418,PLAYBACK,right,6,-0.1942993820096124,2,32746,33017,35.0
573511.130175121,PLAYBACK,right,7,0.9910611123826971,2,33010,31067,34.0
573511.13022652,PLAYBACK,right,1,-0.30516319523918334,2,33397,33221,31.0
573511.13024694,PLAYBACK,right,2,0.03701853971160496,2,32665,32325,32.0
573511.130282959,PLAYBACK,right,3,0.03011352712291071,2,32667,32804,32.0
573511.130292367,PLAYBACK,right,4,0.7727859922178997,2,31753,31003,31.0
573511.130301695,PLAYBACK,right,5,-0.0392154263371193,2,32714,32581,35.0
573511.130312165,PLAYBACK,right,6,-0.1942993820096124,2,32710,32534,35.0
573511.130320742,PLAYBACK,right,7,0.9902938887617303,2,32882,31553,34.0
573511.130327825,PLAYBACK,right,8,0.12256397344930114,2,32725,32705,32.0
573511.13033521,PLAYBACK,right,1,-0.3066976424811152,2,33364,33143,31.0
573511.130341782,PLAYBACK,right,2,0.03740215152208748,2,32633,32330,32.0
573511.130347984,PLAYBACK,right,3,0.02972991531242819,2,32916,32786,32.0
573511.131481457,PLAYBACK,right,4,0.7754712748912791,2,31754,31023,31.0
573511.132669064,PLAYBACK,right,5,-0.0392154263371193,2,32672,32697,35.0
573511.132690475,PLAYBACK,right,6,-0.1946829938200949,2,32871,32659,35.0
573511.132698501,PLAYBACK,right,7,0.9895266651407653,2,32909,31412,33.0
573511.134134967,PLAYBACK,right,1,-0.30784847791256453,2,33354,33138,31.0
573511.134153953,PLAYBACK,right,2,0.03778576333257,2,32651,32290,32.0
573511.139082574,PLAYBACK,right,3,0.02972991531242819,2,32685,32792,32.0
573511.13910629,PLAYBACK,right,4,0.7773893339436935,2,31735,30985,31.0
573511.139116009,PLAYBACK,right,5,-0.0392154263371193,2,32758,32452,35.0
573511.139124405,PLAYBACK,right,6,-0.1946829938200949,2,32749,32804,35.0
573511.139133673,PLAYBACK,right,7,0.9887594415197984,2,32934,31359,34.0
573511.139141047,PLAYBACK,right,8,0.12218036163881862,2,32836,32706,32.0
573511.139148541,PLAYBACK,right,1,-0.30899931334401387,2,33260,33117,31.0
573511.139155134,PLAYBACK,right,2,0.03816937514305252,2,32707,32341,32.0
573511.139162037,PLAYBACK,right,3,0.02934630350194567,2,32875,32719,32.0
573511.14036287,PLAYBACK,right,4,0.7800746166170747,2,31923,30853,31.0
573511.140394581,PLAYBACK,right,5,-0.03883181452663678,2,32703,32801,35.0
573511.141544385,PLAYBACK,right,6,-0.1946829938200949,2,32736,32588,35.0
573511.141563762,PLAYBACK,right,7,0.9879922178988334,2,32861,31331,34.0
573511.142685072,PLAYBACK,right,1,-0.3101501487754632,2,33346,33096,31.0
573511.142708607,PLAYBACK,right,2,0.038552986953536816,2,32687,32319,32.0
573511.143445576,PLAYBACK,right,3,0.02934630350194567,2,32841,32737,32.0
573511.144918272,PLAYBACK,right,4,0.7827598992904559,2,31869,30927,31.0
573511.144940395,PLAYBACK,right,5,-0.03883181452663678,2,32779,32503,35.0
573511.148513736,PLAYBACK,left,1,0.0021098649576565265,0,32842,32767,31.0
573511.148613408,PLAYBACK,right,6,-0.1946829938200949,2,32798,32880,35.0
573511.148632204,PLAYBACK,right,7,0.9872249942778684,2,32895,31246,34.0
573511.148644307,PLAYBACK,right,8,0.12256397344930114,2,32721,32959,32.0
573511.148653505,PLAYBACK,right,1,-0.31130098420691077,2,33438,33058,31.0
573511.148684845,PLAYBACK,right,2,0.03893659876401934,2,32635,32309,32.0
573511.148692881,PLAYBACK,right,3,0.02934630350194567,2,32715,32721,32.0
573511.148701137,PLAYBACK,right,4,0.7854451819638353,2,31796,31070,31.0
573511.151979901,PLAYBACK,left,2,0.004411535820553425,0,32672,32767,32.0
573511.151994519,PLAYBACK,left,3,-0.055048294804302955,0,32856,32767,32.0
573511.152009778,PLAYBACK,left,4,0.018988784618905186,0,32913,32767,32.0
573511.152016441,PLAYBACK,left,5,-0.9166404211490047,0,32766,32767,35.0
573511.152023435,PLAYBACK,left,6,0.033182421606774426,0,32701,32767,35.0
573511.152029947,PLAYBACK,left,7,0.008631265735866478,0,32748,32767,33.0
573511.152042551,PLAYBACK,right,5,-0.03844820271615426,2,32682,33022,35.0
573511.15205218,PLAYBACK,right,6,-0.1942993820096124,2,32714,32654,35.0
573511.152060075,PLAYBACK,right,7,0.9868413824673841,2,32870,31393,33.0
573511.152067089,PLAYBACK,right,1,-0.3124518196383601,2,33278,33088,31.0
573511.152074292,PLAYBACK,right,2,0.03932021057450186,2,32585,32264,32.0
573511.153202735,PLAYBACK,left,8,-0.10108171206225691,0,32775,32767,32.0
573511.153233114,PLAYBACK,right,3,0.02896269169146315,2,32807,32726,32.0
573511.15324131,PLAYBACK,right,4,0.7881304646372165,2,31606,31071,31.0
573511.15356328,PLAYBACK,right,5,-0.03844820271615426,2,32739,32614,35.0
573511.156297685,PLAYBACK,right,6,-0.1942993820096124,2,32771,32713,35.0
573511.156387699,PLAYBACK,right,7,0.986074158846419,2,32878,31350,33.0
573511.156463745,PLAYBACK,right,1,-0.31321904325932515,2,33311,33096,31.0
573511.156503492,PLAYBACK,right,2,0.03932021057450186,2,32553,32267,32.0
573511.161132065,PLAYBACK,right,3,0.02896269169146315,2,32742,32869,32.0
573511.161159628,PLAYBACK,right,4,0.7908157473105977,2,31779,31150,31.0
573511.161169106,PLAYBACK,right,5,-0.03844820271615426,2,32799,32429,35.0
573511.161177041,PLAYBACK,right,6,-0.1942993820096124,2,32718,32657,35.0
573511.161184696,PLAYBACK,right,7,0.9853069352254522,2,33019,31100,34.0
573511.161192621,PLAYBACK,right,8,0.12256397344930114,2,32776,33088,32.0
573511.161199605,PLAYBACK,right,1,-0.314753490501257,2,33377,33060,31.0
573511.161206178,PLAYBACK,right,2,0.03970382238498438,2,32534,32261,32.0
573511.1612125,PLAYBACK,right,3,0.02896269169146315,2,32696,32779,32.0
573511.165336171,PLAYBACK,right,4,0.7935010299839789,2,31931,30904,31.0
573511.165357412,PLAYBACK,right,5,-0.03844820271615426,2,32786,32596,35.0
573511.165366319,PLAYBACK,right,6,-0.1942993820096124,2,32759,32726,35.0
573511.165373513,PLAYBACK,right,7,0.9845397116044872,2,33010,31072,34.0
573511.165380336,PLAYBACK,right,1,-0.31628793774318886,2,33404,33025,31.0
573511.165387079,PLAYBACK,right,2,0.040087434195468674,2,32688,32250,32.0
573511.165393521,PLAYBACK,right,3,0.028579079880978853,2,32961,32816,32.0
573511.166507507,PLAYBACK,right,4,0.7961863126573583,2,31674,31061,31.0
573511.167622754,PLAYBACK,right,5,-0.038064590905669965,2,32763,32638,35.0
573511.167638925,PLAYBACK,right,6,-0.1942993820096124,2,32725,32662,35.0
573511.169643916,PLAYBACK,right,7,0.9837724879835203,2,32927,31274,34.0
573511.169659847,PLAYBACK,right,1,-0.3174387731746382,2,33547,33026,31.0
573511.169667071,PLAYBACK,right,2,0.040471046005951195,2,32639,32283,32.0
573511.174105267,PLAYBACK,right,3,0.028579079880978853,2,32764,32746,32.0
573511.17412191,PLAYBACK,right,4,0.798487983520257,2,31926,30947,31.0
573511.174129935,PLAYBACK,right,5,-0.037680979095187445,2,32735,32834,35.0
573511.17413773,PLAYBACK,right,6,-0.1942993820096124,2,32797,32821,35.0
573511.174144804,PLAYBACK,right,7,0.9833888761730378,2,32833,31466,33.0
573511.174151737,PLAYBACK,right,8,0.12256397344930114,2,32702,32791,32.0
573511.17415846,PLAYBACK,right,1,-0.31897322041657006,2,33448,32976,31.0
573511.174165734,PLAYBACK,right,2,0.040854657816433715,2,32536,32270,32.0
573511.175585488,PLAYBACK,right,3,0.028195468070496332,2,32784,32714,32.0
573511.175691893,PLAYBACK,right,4,0.8015568780041207,2,31572,31236,31.0
573511.17570078,PLAYBACK,right,5,-0.037680979095187445,2,32760,32709,35.0
573511.176928955,PLAYBACK,right,6,-0.1942993820096124,2,32775,32606,35.0
573511.176970716,PLAYBACK,right,7,0.9826216525520728,2,32957,31314,33.0
573511.178114368,PLAYBACK,right,1,-0.3201240558480194,2,33331,33035,31.0
573511.17813649,PLAYBACK,right,2,0.041238269626916235,2,32503,32315,32.0
573511.179358243,PLAYBACK,right,3,0.028195468070496332,2,32721,32712,32.0
573511.179443517,PLAYBACK,right,4,0.8042421606775001,2,31820,31059,31.0
573511.182776145,PLAYBACK,right,5,-0.037680979095187445,2,32720,32734,35.0
573511.182800832,PLAYBACK,right,6,-0.1942993820096124,2,32779,32700,35.0
573511.182812906,PLAYBACK,right,7,0.9822380407415885,2,32921,31556,33.0
573511.182824598,PLAYBACK,right,8,0.12256397344930114,2,32734,32821,32.0
573511.182836361,PLAYBACK,right,1,-0.32165850308995125,2,33325,32989,31.0
573511.182847041,PLAYBACK,right,2,0.04162188143740053,2,32622,32285,32.0
573511.183416217,PLAYBACK,right,3,0.027811856260013812,2,32734,32711,32.0
573511.186796657,PLAYBACK,right,4,0.8069274433508813,2,31913,31177,31.0
573511.186814612,PLAYBACK,right,5,-0.037297367284704924,2,32715,32633,35.0
573511.18682398,PLAYBACK,right,6,-0.1942993820096124,2,32783,32824,35.0
573511.186831364,PLAYBACK,right,7,0.9818544289311042,2,32866,31948,34.0
573511.186838207,PLAYBACK,right,1,-0.32357656214236563,2,33567,33081,31.0
573511.18684492,PLAYBACK,right,2,0.04162188143740053,2,32627,32305,32.0
573511.188439881,PLAYBACK,right,3,0.02742824444953129,2,32838,32676,32.0
573511.188459038,PLAYBACK,right,4,0.8096127260242625,2,31809,31132,31.0
573511.195514996,PLAYBACK,right,5,-0.037297367284704924,2,32684,32659,35.0
573511.195536367,PLAYBACK,right,6,-0.1942993820096124,2,32711,32675,35.0
573511.195546887,PLAYBACK,right,7,0.9814708171206217,2,32846,31666,34.0
573511.195556556,PLAYBACK,right,8,0.12256397344930114,2,32768,32797,32.0
573511.195565032,PLAYBACK,right,1,-0.32472739757381497,2,33571,33080,31.0
573511.195573038,PLAYBACK,right,2,0.04200549324788305,2,32641,32321,32.0
573511.195580001,PLAYBACK,right,3,0.027044632639046995,2,32981,32734,32.0
573511.195590902,PLAYBACK,right,4,0.8126816205081262,2,31661,31316,31.0
573511.195597986,PLAYBACK,right,5,-0.037297367284704924,2,32806,32642,35.0
573511.195604448,PLAYBACK,right,6,-0.1942993820096124,2,32693,32546,35.0
573511.19561054,PLAYBACK,right,7,0.9807035934996566,2,32936,31717,33.0
573511.195616882,PLAYBACK,right,1,-0.3262618448157468,2,33499,33104,31.0
573511.19686741,PLAYBACK,left,1,0.0021098649576565265,0,32669,32767,31.0
573511.196896987,PLAYBACK,right,2,0.04238910505836557,2,32535,32330,32.0
573511.196905794,PLAYBACK,right,3,0.027044632639046995,2,32932,32765,32.0
573511.196913389,PLAYBACK,right,4,0.8149832913710231,2,31703,31012,31.0
573511.198025741,PLAYBACK,left,2,0.004411535820553425,0,32794,32767,32.0
573511.198043695,PLAYBACK,left,3,-0.055048294804302955,0,32812,32767,32.0
573511.198060808,PLAYBACK,right,5,-0.036913755474222404,2,32750,32705,35.0
573511.198070166,PLAYBACK,right,6,-0.1942993820096124,2,32754,32697,35.0
573511.198413497,PLAYBACK,left,4,0.018988784618905186,0,32742,32767,32.0
573511.199831418,PLAYBACK,left,5,-0.9166404211490047,0,32766,32767,35.0
573511.199841147,PLAYBACK,left,6,0.033182421606774426,0,32841,32767,35.0
573511.199851537,PLAYBACK,right,7,0.9807035934996566,2,32778,31856,34.0
573511.19985833,PLAYBACK,right,1,-0.3277962920576787,2,33501,33178,31.0
573511.205657357,PLAYBACK,left,7,0.008631265735866478,0,32779,32767,33.0
573511.205766958,PLAYBACK,left,8,-0.10108171206225691,0,32801,32767,32.0
573511.205931966,PLAYBACK,right,2,0.04277271686884809,2,32526,32305,32.0
573511.206021839,PLAYBACK,right,3,0.026661020828564475,2,32940,32688,32.0
573511.206060032,PLAYBACK,right,4,0.8176685740444043,2,31724,31039,31.0
573511.206098917,PLAYBACK,right,5,-0.036913755474222404,2,32712,32648,35.0
573511.206141018,PLAYBACK,right,6,-0.19391577019912987,2,32685,32711,35.0
573511.206167339,PLAYBACK,right,7,0.9803199816891723,2,32803,31670,33.0
573511.206321295,PLAYBACK,right,8,0.12256397344930114,2,32818,32817,32.0
573511.206404345,PLAYBACK,right,1,-0.32933073929961054,2,33411,33155,31.0
573511.206622485,PLAYBACK,right,2,0.04315632867933239,2,32480,32324,32.0
573511.206631282,PLAYBACK,right,3,0.026661020828564475,2,32775,32674,32.0
573511.206638166,PLAYBACK,right,4,0.8203538567177837,2,31894,31241,31.0
573511.206644989,PLAYBACK,right,5,-0.036913755474222404,2,32766,32677,35.0
573511.209307506,PLAYBACK,right,6,-0.19391577019912987,2,32748,32721,35.0
573511.209362482,PLAYBACK,right,7,0.9799363698786898,2,32920,31661,34.0
573511.209374014,PLAYBACK,right,1,-0.3304815747310581,2,33495,33228,31.0
573511.209383733,PLAYBACK,right,2,0.04353994048981491,2,32447,32311,32.0
573511.209392019,PLAYBACK,right,3,0.026277409018081954,2,32680,32712,32.0
573511.210574075,PLAYBACK,right,4,0.8230391393911649,2,31676,31189,31.0
573511.210608922,PLAYBACK,right,5,-0.036530143663739884,2,32764,32730,35.0
573511.213892706,PLAYBACK,right,6,-0.19391577019912987,2,32780,32618,35.0
573511.213944075,PLAYBACK,right,7,0.9795527580682073,2,32849,31605,34.0
573511.213961528,PLAYBACK,right,1,-0.33201602197298996,2,33396,33265,31.0
573511.213970576,PLAYBACK,right,2,0.04392355230029743,2,32486,32322,32.0
573511.213979443,PLAYBACK,right,3,0.025893797207599434,2,32830,32534,32.0
573511.21823117,PLAYBACK,right,4,0.8257244220645461,2,31702,31227,31.0
573511.218358335,PLAYBACK,right,5,-0.036530143663739884,2,32702,32624,35.0
573511.218372302,PLAYBACK,right,6,-0.19391577019912987,2,32785,32777,35.0
573511.218382542,PLAYBACK,right,7,0.9791691462577248,2,32861,31286,34.0
573511.218391389,PLAYBACK,right,8,0.12256397344930114,2,32736,32765,32.0
573511.218400176,PLAYBACK,right,1,-0.3335504692149218,2,33535,33256,31.0
573511.218408883,PLAYBACK,right,2,0.04430716411077995,2,32468,32316,32.0
573511.218415104,PLAYBACK,right,3,0.025510185397115137,2,33012,32660,32.0
573511.222119338,PLAYBACK,right,4,0.8284097047379255,2,31742,30938,31.0
573511.222139086,PLAYBACK,right,5,-0.036530143663739884,2,32791,32592,35.0
573511.222148654,PLAYBACK,right,6,-0.19391577019912987,2,32706,32781,35.0
573511.222156028,PLAYBACK,right,7,0.978401922636758,2,32873,31480,34.0
573511.222163863,PLAYBACK,right,1,-0.33470130464637116,2,33452,33311,31.0
573511.222170656,PLAYBACK,right,2,0.04507438773174677,2,32461,32392,32.0
573511.227521431,PLAYBACK,right,3,0.025510185397115137,2,32936,32631,32.0
573511.227550917,PLAYBACK,right,4,0.8310949874113067,2,31616,31231,31.0
573511.227561438,PLAYBACK,right,5,-0.036530143663739884,2,32771,32678,35.0
573511.227571497,PLAYBACK,right,6,-0.19391577019912987,2,32728,32673,35.0
573511.227580524,PLAYBACK,right,7,0.978401922636758,2,32865,31639,34.0
573511.227590183,PLAYBACK,right,8,0.12218036163881862,2,32863,32734,32.0
573511.227598178,PLAYBACK,right,1,-0.336235751888303,2,33609,33278,31.0
573511.227606374,PLAYBACK,right,2,0.04545799954222929,2,32443,32351,32.0
573511.22761455,PLAYBACK,right,3,0.025126573586632617,2,32825,32552,32.0
573511.231667955,PLAYBACK,right,4,0.8337802700846879,2,31787,30930,31.0
573511.231689317,PLAYBACK,right,5,-0.036530143663739884,2,32754,32630,35.0
573511.231700949,PLAYBACK,right,6,-0.19391577019912987,2,32700,32621,35.0
573511.231711209,PLAYBACK,right,7,0.9776346990157929,2,32808,31536,33.0
573511.231734624,PLAYBACK,right,1,-0.33777019913023487,2,33541,33258,31.0
573511.231744473,PLAYBACK,right,2,0.04584161135271181,2,32431,32335,32.0
573511.231752979,PLAYBACK,right,3,0.024742961776150096,2,33040,32578,32.0
573511.232937009,PLAYBACK,right,4,0.8360819409475848,2,31890,31011,31.0
573511.23297892,PLAYBACK,right,5,-0.036530143663739884,2,32723,32453,35.0
573511.236549476,PLAYBACK,right,6,-0.19353215838864735,2,32731,32708,35.0
573511.236585395,PLAYBACK,right,7,0.9772510872053086,2,32914,31250,34.0
573511.236596967,PLAYBACK,right,1,-0.33930464637216673,2,33564,33221,31.0
573511.236610012,PLAYBACK,right,8,0.12256397344930114,2,32857,32733,32.0
573511.236617086,PLAYBACK,right,2,0.046608834973678626,2,32492,32401,32.0
573511.236624751,PLAYBACK,right,3,0.024742961776150096,2,32861,32672,32.0
573511.240665051,PLAYBACK,right,4,0.838767223620966,2,32001,30888,31.0
573511.240690831,PLAYBACK,right,5,-0.036530143663739884,2,32788,32468,35.0
573511.240702914,PLAYBACK,right,6,-0.19353215838864735,2,32727,32750,35.0
573511.240711651,PLAYBACK,right,7,0.9768674753948261,2,32833,31761,33.0
573511.240719255,PLAYBACK,right,8,0.12256397344930114,2,32731,32775,32.0
573511.240727411,PLAYBACK,right,1,-0.3412227054245811,2,33464,33153,31.0
573511.240736689,PLAYBACK,right,2,0.046992446784161146,2,32587,32394,32.0
573511.243601486,PLAYBACK,right,3,0.024359349965667576,2,32916,32597,32.0
573511.243637525,PLAYBACK,right,4,0.8414525062943472,2,31870,30900,31.0
573511.243647605,PLAYBACK,right,5,-0.036530143663739884,2,32809,32551,35.0
573511.243656191,PLAYBACK,right,6,-0.19314854657816305,2,32712,32660,35.0
573511.243663896,PLAYBACK,right,7,0.9768674753948261,2,32794,31835,34.0
573511.249684169,PLAYBACK,right,1,-0.34237354085603044,2,33474,33234,31.0
573511.249743934,PLAYBACK,right,2,0.047376058594643666,2,32377,32371,32.0
573511.249759364,PLAYBACK,right,3,0.023975738155185056,2,32928,32597,32.0
573511.249768101,PLAYBACK,right,4,0.8433705653467616,2,31985,31021,31.0
573511.24977798,PLAYBACK,right,5,-0.03614653185325559,2,32724,32590,35.0
573511.249788089,PLAYBACK,right,6,-0.19314854657816305,2,32776,32634,35.0
573511.249796626,PLAYBACK,right,7,0.9764838635843436,2,32874,31815,34.0
573511.249805413,PLAYBACK,right,8,0.12256397344930114,2,32718,32841,32.0
573511.249815662,PLAYBACK,right,1,-0.3439079880979623,2,33506,33133,31.0
573511.249834248,PLAYBACK,right,2,0.04814328221561048,2,32521,32388,32.0
573511.249844588,PLAYBACK,right,3,0.02359212634470076,2,32970,32586,32.0
573511.251279722,PLAYBACK,left,1,0.0021098649576565265,0,32718,32767,31.0
573511.251429009,PLAYBACK,left,2,0.004411535820553425,0,32809,32767,32.0
573511.251461762,PLAYBACK,right,4,0.846055848020141,2,31977,30797,31.0
573511.25147644,PLAYBACK,right,5,-0.03614653185325559,2,32772,32709,35.0
573511.252741106,PLAYBACK,left,3,-0.055048294804302955,0,32818,32767,32.0
573511.252777025,PLAYBACK,left,4,0.018988784618905186,0,32644,32767,32.0
573511.252811401,PLAYBACK,right,6,-0.19314854657816305,2,32814,32665,35.0
573511.252823976,PLAYBACK,right,7,0.9761002517738611,2,32876,31693,34.0
573511.253623906,PLAYBACK,left,5,-0.9166404211490047,0,32769,32767,35.0
573511.253681717,PLAYBACK,left,6,0.033182421606774426,0,32805,32767,35.0
573511.253710312,PLAYBACK,right,1,-0.34505882352940986,2,33583,33059,31.0
573511.253721243,PLAYBACK,right,2,0.048526894026093004,2,32429,32435,32.0
573511.258208274,PLAYBACK,left,7,0.008631265735866478,0,32794,32767,33.0
573511.2582324,PLAYBACK,left,8,-0.10108171206225691,0,32792,32767,32.0
573511.25825308,PLAYBACK,right,3,0.02359212634470076,2,32767,32555,32.0
573511.258264973,PLAYBACK,right,4,0.8479739070725572,2,31979,30961,31.0
573511.258276626,PLAYBACK,right,5,-0.03614653185325559,2,32705,32561,35.0
573511.258286976,PLAYBACK,right,6,-0.19314854657816305,2,32784,32533,35.0
573511.258296574,PLAYBACK,right,7,0.9761002517738611,2,32902,31685,34.0
573511.258306533,PLAYBACK,right,8,0.12256397344930114,2,32721,32820,32.0
573511.25831511,PLAYBACK,right,1,-0.3465932707713417,2,33369,33086,31.0
573511.258323506,PLAYBACK,right,2,0.049294117647058044,2,32665,32418,32.0
573511.262484148,PLAYBACK,right,3,0.02359212634470076,2,32670,32528,32.0
573511.262499177,PLAYBACK,right,4,0.850275577935454,2,31972,30715,31.0
573511.262509447,PLAYBACK,right,5,-0.03614653185325559,2,32738,32370,35.0
573511.262517572,PLAYBACK,right,6,-0.19314854657816305,2,32774,32617,35.0
573511.262523804,PLAYBACK,right,7,0.9757166399633785,2,32914,31610,33.0
573511.262532872,PLAYBACK,right,1,-0.3481277180132736,2,33474,33078,31.0
573511.262539635,PLAYBACK,right,2,0.05006134126802486,2,32450,32425,32.0
573511.26343549,PLAYBACK,right,3,0.02320851453421824,2,32817,32572,32.0
573511.26689426,PLAYBACK,right,4,0.852577248798351,2,31928,30919,31.0
573511.266951631,PLAYBACK,right,5,-0.03614653185325559,2,32840,32547,35.0
573511.266962592,PLAYBACK,right,6,-0.19276493476768053,2,32750,32944,35.0
573511.266970637,PLAYBACK,right,7,0.9753330281528942,2,32858,31708,34.0
573511.266988812,PLAYBACK,right,8,0.12256397344930114,2,32706,32811,32.0
573511.266995585,PLAYBACK,right,1,-0.34966216525520544,2,33527,33044,31.0
573511.271559725,PLAYBACK,right,2,0.05044495307850738,2,32432,32402,32.0
573511.271581577,PLAYBACK,right,3,0.02282490272373572,2,32756,32580,32.0
573511.271589542,PLAYBACK,right,4,0.8544953078507671,2,32002,30835,31.0
573511.271596786,PLAYBACK,right,5,-0.035762920042773066,2,32733,32810,35.0
573511.27160398,PLAYBACK,right,6,-0.19276493476768053,2,32728,32672,35.0
573511.271610994,PLAYBACK,right,7,0.9753330281528942,2,32832,31633,34.0
573511.271617286,PLAYBACK,right,1,-0.3511966124971373,2,33540,33009,31.0
573511.271623878,PLAYBACK,right,2,0.0512121766994742,2,32555,32411,32.0
573511.275477189,PLAYBACK,right,3,0.02282490272373572,2,32746,32581,32.0
573511.275495724,PLAYBACK,right,4,0.856796978713664,2,31824,30927,31.0
573511.27550401,PLAYBACK,right,5,-0.035762920042773066,2,32753,32674,35.0
573511.275512206,PLAYBACK,right,6,-0.19276493476768053,2,32771,32652,35.0
573511.275518909,PLAYBACK,right,7,0.9745658045319292,2,32862,31357,33.0
573511.275525532,PLAYBACK,right,1,-0.35234744792858663,2,33515,33038,31.0
573511.276654846,PLAYBACK,right,2,0.05197940032043924,2,32333,32471,32.0
573511.27668262,PLAYBACK,right,3,0.02282490272373572,2,32994,32594,32.0
573511.277940512,PLAYBACK,right,4,0.8590986495765627,2,31792,31035,31.0
573511.277980289,PLAYBACK,right,5,-0.035762920042773066,2,32708,32598,35.0
573511.277991871,PLAYBACK,right,6,-0.19276493476768053,2,32746,32762,35.0
573511.280780511,PLAYBACK,right,7,0.9741821927214467,2,32818,31331,34.0
573511.280803986,PLAYBACK,right,1,-0.3538818951705185,2,33494,33055,31.0
573511.280812763,PLAYBACK,right,2,0.05236301213092176,2,32398,32496,32.0
573511.280819566,PLAYBACK,right,3,0.022441290913253198,2,32769,32590,32.0
573511.280835918,PLAYBACK,right,4,0.8614003204394596,2,31917,31138,31.0
573511.284404269,PLAYBACK,right,5,-0.035762920042773066,2,32798,32611,35.0
573511.28450851,PLAYBACK,right,6,-0.192381322957198,2,32701,32694,35.0
573511.284539139,PLAYBACK,right,7,0.9737985809109624,2,32891,31205,33.0
573511.284551673,PLAYBACK,right,8,0.12256397344930114,2,32763,32852,32.0
573511.284563937,PLAYBACK,right,1,-0.35541634241245035,2,33543,33023,31.0
573511.284582723,PLAYBACK,right,2,0.05313023575188858,2,32384,32471,32.0
573511.285782994,PLAYBACK,right,3,0.0220576791027689,2,33092,32581,32.0
573511.285806309,PLAYBACK,right,4,0.8637019913023565,2,31975,31090,31.0
573511.286953759,PLAYBACK,right,5,-0.035762920042773066,2,32820,32536,35.0
573511.286975541,PLAYBACK,right,6,-0.192381322957198,2,32710,32735,35.0
573511.288100487,PLAYBACK,right,7,0.9734149691004799,2,32854,31325,34.0
573511.288120295,PLAYBACK,right,1,-0.3569507896543822,2,33545,33075,31.0
573511.289463923,PLAYBACK,right,2,0.05389745937285362,2,32363,32494,32.0
573511.289476767,PLAYBACK,right,3,0.0220576791027689,2,32888,32618,32.0
573511.293185479,PLAYBACK,right,4,0.8663872739757377,2,31819,31194,31.0
573511.293208323,PLAYBACK,right,5,-0.035762920042773066,2,32794,32547,35.0
573511.293218222,PLAYBACK,right,6,-0.1919977111467155,2,32774,32810,35.0
573511.29322737,PLAYBACK,right,7,0.9734149691004799,2,32818,31339,34.0
573511.293242669,PLAYBACK,right,8,0.12256397344930114,2,32725,32899,32.0
573511.293308526,PLAYBACK,right,1,-0.3588688487067966,2,33688,33074,31.0
573511.293317984,PLAYBACK,right,2,0.05428107118333614,2,32497,32485,32.0
573511.294616675,PLAYBACK,right,3,0.0220576791027689,2,32733,32604,32.0
573511.294633648,PLAYBACK,right,4,0.8686889448386363,2,31779,31122,31.0
573511.297676257,PLAYBACK,right,5,-0.035762920042773066,2,32754,32743,35.0
573511.297693029,PLAYBACK,right,6,-0.1919977111467155,2,32793,32747,35.0
573511.297701255,PLAYBACK,right,7,0.9726477454795148,2,32867,31378,34.0
573511.297710152,PLAYBACK,right,1,-0.36040329594872844,2,33400,33160,31.0
573511.297717617,PLAYBACK,right,2,0.055048294804302955,2,32475,32538,32.0
573511.298426111,PLAYBACK,right,3,0.02167406729228638,2,32730,32595,32.0
573511.306334921,PLAYBACK,right,4,0.8713742275120158,2,31614,31244,31.0
573511.306366562,PLAYBACK,right,5,-0.035762920042773066,2,32740,32635,35.0
573511.30638124,PLAYBACK,right,6,-0.1919977111467155,2,32796,32803,35.0
573511.306394356,PLAYBACK,right,7,0.9726477454795148,2,32810,31480,34.0
573511.306406008,PLAYBACK,right,8,0.12218036163881862,2,32882,32918,32.0
573511.306418462,PLAYBACK,right,1,-0.3619377431906603,2,33570,33162,31.0
573511.306430666,PLAYBACK,right,2,0.055815518425267996,2,32455,32503,32.0
573511.306441356,PLAYBACK,right,3,0.02167406729228638,2,32676,32563,32.0
573511.306451596,PLAYBACK,right,4,0.8736758983749144,2,32076,31162,31.0
573511.306459491,PLAYBACK,right,5,-0.035762920042773066,2,32781,32482,35.0
573511.306469721,PLAYBACK,right,6,-0.1919977111467155,2,32811,32743,35.0
573511.306476975,PLAYBACK,right,7,0.9726477454795148,2,32750,31549,33.0
573511.306484569,PLAYBACK,right,1,-0.36347219043259216,2,33578,33180,31.0
573511.306494559,PLAYBACK,right,2,0.05619913023575229,2,32515,32521,32.0
573511.307677577,PLAYBACK,left,1,0.0021098649576565265,0,32718,32767,31.0
573511.30770535,PLAYBACK,right,3,0.02167406729228638,2,32940,32663,32.0
573511.307715309,PLAYBACK,right,4,0.8759775692378113,2,31911,30967,31.0
573511.308538725,PLAYBACK,left,2,0.004411535820553425,0,32858,32767,32.0
573511.308571718,PLAYBACK,right,5,-0.035762920042773066,2,32721,32540,35.0
573511.315219019,PLAYBACK,left,3,-0.055048294804302955,0,32893,32767,32.0
573511.315242254,PLAYBACK,left,4,0.018988784618905186,0,32757,32767,32.0
573511.315253075,PLAYBACK,left,5,-0.9166404211490047,0,32791,32767,35.0
573511.315277031,PLAYBACK,left,6,0.033182421606774426,0,32726,32767,35.0
573511.315284826,PLAYBACK,left,7,0.008631265735866478,0,32773,32767,33.0
573511.315292431,PLAYBACK,left,8,-0.10108171206225691,0,32780,32767,32.0
573511.315307359,PLAYBACK,right,6,-0.1919977111467155,2,32703,32692,35.0
573511.315316216,PLAYBACK,right,7,0.9726477454795148,2,32823,31684,34.0
573511.315324432,PLAYBACK,right,1,-0.36539024948500654,2,33454,33239,31.0
573511.315332468,PLAYBACK,right,2,0.05696635385671733,2,32586,32531,32.0
573511.315339922,PLAYBACK,right,3,0.02167406729228638,2,32753,32566,32.0
573511.315345934,PLAYBACK,right,4,0.8778956282902257,2,32074,31098,31.0
573511.315354039,PLAYBACK,right,5,-0.035379308232290546,2,32733,32450,35.0
573511.315362716,PLAYBACK,right,6,-0.1916140993362312,2,32768,32719,35.0
573511.31537007,PLAYBACK,right,7,0.9722641336690305,2,32841,31780,34.0
573511.315377164,PLAYBACK,right,8,0.12218036163881862,2,32692,32892,32.0
573511.315384538,PLAYBACK,right,1,-0.3665410849164559,2,33525,33268,31.0
573511.315391882,PLAYBACK,right,2,0.05773357747768415,2,32593,32491,32.0
573511.316665144,PLAYBACK,right,3,0.02129045548180386,2,32900,32655,32.0
573511.316688539,PLAYBACK,right,4,0.8805809109636069,2,32162,30985,31.0
573511.317926724,PLAYBACK,right,5,-0.035379308232290546,2,32725,32487,35.0
573511.317961671,PLAYBACK,right,6,-0.1916140993362312,2,32751,32517,35.0
573511.318455983,PLAYBACK,right,7,0.9722641336690305,2,32804,31801,34.0
573511.319579005,PLAYBACK,right,1,-0.36807553215838773,2,33525,33272,31.0
573511.319635524,PLAYBACK,right,2,0.05811718928816667,2,32513,32474,32.0
573511.324716939,PLAYBACK,right,3,0.02129045548180386,2,32702,32624,32.0
573511.324745154,PLAYBACK,right,4,0.8824989700160213,2,32006,31023,31.0
573511.324754913,PLAYBACK,right,5,-0.035379308232290546,2,32709,32716,35.0
573511.32476382,PLAYBACK,right,6,-0.19123048752574867,2,32755,32780,35.0
573511.324770553,PLAYBACK,right,7,0.9722641336690305,2,32759,31733,34.0
573511.324778267,PLAYBACK,right,8,0.12218036163881862,2,32767,32771,32.0
573511.324785191,PLAYBACK,right,1,-0.3696099794003196,2,33478,33271,31.0
573511.324791263,PLAYBACK,right,2,0.05888441290913171,2,32549,32517,32.0
573511.328539741,PLAYBACK,right,3,0.02129045548180386,2,32691,32736,32.0
573511.328557916,PLAYBACK,right,4,0.88480064087892,2,31875,30963,31.0
573511.328567244,PLAYBACK,right,5,-0.034995696421808026,2,32747,32520,35.0
573511.328575169,PLAYBACK,right,6,-0.19123048752574867,2,32715,32801,35.0
573511.328614835,PLAYBACK,right,7,0.9722641336690305,2,32791,31648,33.0
573511.328623452,PLAYBACK,right,1,-0.37114442664225145,2,33521,33284,31.0
573511.328631708,PLAYBACK,right,2,0.05926802471961601,2,32473,32526,32.0
573511.329760151,PLAYBACK,right,3,0.02129045548180386,2,32593,32746,32.0
573511.32978064,PLAYBACK,right,4,0.8871023117418169,2,31722,30834,31.0
573511.333451039,PLAYBACK,right,5,-0.034995696421808026,2,32726,32684,35.0
573511.333468472,PLAYBACK,right,6,-0.19123048752574867,2,32776,32479,35.0
573511.333476478,PLAYBACK,right,7,0.971880521858548,2,32818,31595,34.0
573511.333485886,PLAYBACK,right,1,-0.3726788738841833,2,33350,33220,31.0
573511.333506355,PLAYBACK,right,2,0.06003524834058105,2,32475,32479,32.0
573511.333520813,PLAYBACK,right,3,0.02129045548180386,2,32901,32831,32.0
573511.337913111,PLAYBACK,right,4,0.8894039826047155,2,31851,30987,31.0
573511.337943439,PLAYBACK,right,5,-0.034995696421808026,2,32731,32805,35.0
573511.337954721,PLAYBACK,right,6,-0.19123048752574867,2,32764,32693,35.0
573511.337965742,PLAYBACK,right,7,0.9714969100480655,2,32849,31474,33.0
573511.337976573,PLAYBACK,right,8,0.12256397344930114,2,32750,32936,32.0
573511.337986302,PLAYBACK,right,1,-0.37421332112611516,2,33452,33207,31.0
573511.337996031,PLAYBACK,right,2,0.06041886015106357,2,32445,32485,32.0
573511.338788346,PLAYBACK,right,3,0.02129045548180386,2,32751,32791,32.0
573511.338814657,PLAYBACK,right,4,0.8917056534676124,2,31936,31013,31.0
573511.34176051,PLAYBACK,right,5,-0.03461208461132373,2,32713,32739,35.0
573511.341780569,PLAYBACK,right,6,-0.19123048752574867,2,32716,32702,35.0
573511.341788824,PLAYBACK,right,7,0.971113298237583,2,32806,31170,34.0
573511.341795988,PLAYBACK,right,1,-0.375747768368047,2,33663,33247,31.0
573511.341802902,PLAYBACK,right,2,0.061186083772030386,2,32471,32456,32.0
573511.34879148,PLAYBACK,right,3,0.02129045548180386,2,32706,32702,32.0
573511.348823942,PLAYBACK,right,4,0.8940073243305093,2,31908,30905,31.0
573511.3488334,PLAYBACK,right,5,-0.03461208461132373,2,32671,32654,35.0
573511.348841676,PLAYBACK,right,6,-0.19084687571526615,2,32754,32517,35.0
573511.348849271,PLAYBACK,right,7,0.9707296864270987,2,32859,31027,34.0
573511.348856645,PLAYBACK,right,8,0.12218036163881862,2,32770,32939,32.0
573511.348863869,PLAYBACK,right,1,-0.3768986037994946,2,33441,33162,31.0
573511.348870692,PLAYBACK,right,2,0.06156969558251291,2,32435,32464,32.0
573511.348883877,PLAYBACK,right,3,0.02090684367132134,2,32858,32782,32.0
573511.348891171,PLAYBACK,right,4,0.896308995193408,2,31980,30658,31.0
573511.348902133,PLAYBACK,right,5,-0.03422847280084121,2,32761,32843,35.0
573511.351848366,PLAYBACK,right,6,-0.19084687571526615,2,32769,32515,35.0
573511.351870329,PLAYBACK,right,7,0.9699624628061336,2,32910,31043,34.0
573511.351880879,PLAYBACK,right,1,-0.37843305104142644,2,33620,33095,31.0
573511.351889676,PLAYBACK,right,2,0.062336919203479724,2,32468,32473,32.0
573511.351897331,PLAYBACK,right,3,0.02090684367132134,2,32707,32701,32.0
573511.356580058,PLAYBACK,right,4,0.8982270542458224,2,31674,30687,31.0
573511.356608633,PLAYBACK,right,5,-0.03422847280084121,2,32678,32704,35.0
573511.356617941,PLAYBACK,right,6,-0.19084687571526615,2,32746,32725,35.0
573511.356625746,PLAYBACK,right,7,0.9695788509956511,2,32902,31008,34.0
573511.356632759,PLAYBACK,right,1,-0.3799674982833583,2,33494,33138,31.0
573511.356639953,PLAYBACK,right,2,0.06272053101396224,2,32517,32455,32.0
573511.356646346,PLAYBACK,right,3,0.02129045548180386,2,32626,32749,32.0
573511.356653229,PLAYBACK,right,4,0.9001451132982368,2,32014,30996,31.0
573511.360775116,PLAYBACK,left,1,0.0021098649576565265,0,32924,32767,31.0
573511.360789494,PLAYBACK,left,2,0.004411535820553425,0,32897,32767,32.0
573511.36079766,PLAYBACK,left,3,-0.055048294804302955,0,32898,32767,32.0
573511.360804793,PLAYBACK,left,4,0.018988784618905186,0,32741,32767,32.0
573511.360811286,PLAYBACK,left,5,-0.9166404211490047,0,32759,32767,35.0
573511.360817768,PLAYBACK,left,6,0.033182421606774426,0,32779,32767,35.0
573511.360830142,PLAYBACK,right,5,-0.03384486099035869,2,32728,32778,35.0
573511.360837907,PLAYBACK,right,6,-0.19084687571526615,2,32821,32547,35.0
573511.360844981,PLAYBACK,right,7,0.9695788509956511,2,32843,31057,33.0
573511.360851654,PLAYBACK,right,8,0.12218036163881862,2,32794,32821,32.0
573511.360861282,PLAYBACK,right,8,0.12218036163881862,2,32759,32929,32.0
573511.360867324,PLAYBACK,right,1,-0.3818855573357727,2,33343,33082,31.0
573511.360873706,PLAYBACK,right,2,0.06310414282444476,2,32440,32469,32.0
573511.361969376,PLAYBACK,left,7,0.008631265735866478,0,32787,32767,33.0
573511.36198188,PLAYBACK,left,8,-0.10108171206225691,0,32826,32767,32.0
573511.361994304,PLAYBACK,right,3,0.02129045548180386,2,32717,32800,32.0
573511.362003111,PLAYBACK,right,4,0.902830395971618,2,32034,30653,31.0
573511.365360697,PLAYBACK,right,5,-0.03384486099035869,2,32674,32898,35.0
573511.365400393,PLAYBACK,right,6,-0.19046326390478363,2,32637,32692,35.0
573511.365409551,PLAYBACK,right,7,0.9695788509956511,2,32792,31242,33.0
573511.365417085,PLAYBACK,right,1,-0.38342000457770453,2,33631,33044,31.0
573511.365424379,PLAYBACK,right,2,0.06348775463492728,2,32640,32457,32.0
573511.365430782,PLAYBACK,right,3,0.02090684367132134,2,32631,32830,32.0
573511.369394865,PLAYBACK,right,4,0.9051320668345149,2,31849,30787,31.0
573511.369415705,PLAYBACK,right,5,-0.03384486099035869,2,32715,32604,35.0
573511.369425053,PLAYBACK,right,6,-0.19046326390478363,2,32813,32484,35.0
573511.369432037,PLAYBACK,right,7,0.9691952391851668,2,32838,31159,34.0
573511.369439261,PLAYBACK,right,8,0.12218036163881862,2,32831,32861,32.0
573511.369446976,PLAYBACK,right,1,-0.3849544518196364,2,33565,33041,31.0
573511.369453829,PLAYBACK,right,2,0.0638713664454098,2,32427,32465,32.0
573511.370579477,PLAYBACK,right,3,0.02090684367132134,2,32798,32802,32.0
573511.370601158,PLAYBACK,right,4,0.907817349507896,2,32051,31172,31.0
573511.3717188,PLAYBACK,right,5,-0.03384486099035869,2,32761,32737,35.0
573511.371735072,PLAYBACK,right,6,-0.19007965209429933,2,32744,32680,35.0
573511.372905215,PLAYBACK,right,7,0.9688116273746843,2,32780,31208,33.0
573511.373049373,PLAYBACK,right,1,-0.38648889906156825,2,33652,33055,31.0
573511.374310071,PLAYBACK,right,2,0.0642549782558941,2,32611,32452,32.0
573511.374377681,PLAYBACK,right,3,0.02090684367132134,2,32785,32760,32.0
573511.378430846,PLAYBACK,right,4,0.9097354085603104,2,31939,30781,31.0
573511.378451716,PLAYBACK,right,5,-0.03346124917987617,2,32690,32864,35.0
573511.378462667,PLAYBACK,right,6,-0.19007965209429933,2,32671,32460,35.0
573511.378470302,PLAYBACK,right,7,0.9688116273746843,2,32784,31090,34.0
573511.378477917,PLAYBACK,right,8,0.12218036163881862,2,32822,32927,32.0
573511.378485732,PLAYBACK,right,1,-0.3884069581139844,2,33759,33058,31.0
573511.378495991,PLAYBACK,right,2,0.06463859006637662,2,32596,32452,32.0
573511.37961168,PLAYBACK,right,3,0.02129045548180386,2,32582,32689,32.0
573511.379634434,PLAYBACK,right,4,0.9120370794232091,2,32040,30942,31.0
573511.380746375,PLAYBACK,right,5,-0.03307763736939187,2,32678,32839,35.0
573511.38076482,PLAYBACK,right,6,-0.19007965209429933,2,32766,32500,35.0
573511.381866452,PLAYBACK,right,7,0.9688116273746843,2,32785,31330,34.0
573511.381882122,PLAYBACK,right,1,-0.3899414053559145,2,33478,33058,31.0
573511.38301295,PLAYBACK,right,2,0.06463859006637662,2,32638,32456,32.0
573511.383033409,PLAYBACK,right,3,0.02090684367132134,2,32780,32760,32.0
573511.387535048,PLAYBACK,right,4,0.9139551384756235,2,32093,30816,31.0
573511.387661922,PLAYBACK,right,5,-0.03307763736939187,2,32758,32700,35.0
573511.387691359,PLAYBACK,right,6,-0.19007965209429933,2,32735,32606,35.0
573511.387711818,PLAYBACK,right,7,0.9688116273746843,2,32774,31491,33.0
573511.387729652,PLAYBACK,right,8,0.12256397344930114,2,32713,32911,32.0
573511.387743509,PLAYBACK,right,1,-0.39185946440833064,2,33522,33075,31.0
573511.387760091,PLAYBACK,right,2,0.06502220187685914,2,32641,32457,32.0
573511.387782755,PLAYBACK,right,3,0.02090684367132134,2,32801,32769,32.0
573511.388491079,PLAYBACK,right,4,0.9166404211490047,2,31966,30988,31.0
573511.391164607,PLAYBACK,right,5,-0.03269402555890935,2,32742,32767,35.0
573511.391179426,PLAYBACK,right,6,-0.1896960402838168,2,32721,32470,35.0
573511.391188794,PLAYBACK,right,7,0.9684280155642018,2,32782,31496,34.0
573511.391197661,PLAYBACK,right,1,-0.39339391165026427,2,33566,33155,31.0
573511.392351342,PLAYBACK,right,2,0.06502220187685914,2,32752,32435,32.0
573511.392374677,PLAYBACK,right,3,0.02090684367132134,2,32855,32851,32.0
573511.393484054,PLAYBACK,right,4,0.9189420920119016,2,31851,31085,31.0
573511.393498572,PLAYBACK,right,5,-0.03269402555890935,2,32682,32880,35.0
573511.400530884,PLAYBACK,right,6,-0.1896960402838168,2,32723,32399,35.0
573511.40054957,PLAYBACK,right,7,0.9688116273746843,2,32694,31487,34.0
573511.400558106,PLAYBACK,right,8,0.12218036163881862,2,32801,32966,32.0
573511.400565651,PLAYBACK,right,1,-0.39492835889219613,2,33621,33257,31.0
573511.400572895,PLAYBACK,right,2,0.06540581368734166,2,32654,32436,32.0
573511.400579968,PLAYBACK,right,3,0.02090684367132134,2,32829,32859,32.0
573511.40058631,PLAYBACK,right,4,0.920860151064316,2,31875,31144,31.0
573511.400594667,PLAYBACK,right,5,-0.03231041374842683,2,32705,32547,35.0
573511.400605417,PLAYBACK,right,6,-0.1896960402838168,2,32708,32560,35.0
573511.400613934,PLAYBACK,right,7,0.9688116273746843,2,32642,31620,34.0
573511.400621649,PLAYBACK,right,1,-0.396462806134128,2,33573,33321,31.0
573511.400629293,PLAYBACK,right,2,0.06578942549782596,2,32776,32449,32.0
573511.403249128,PLAYBACK,right,3,0.02090684367132134,2,32646,32722,32.0
573511.403278234,PLAYBACK,right,4,0.9231618219272146,2,31848,31271,31.0
573511.403287131,PLAYBACK,right,5,-0.03231041374842683,2,32726,32617,35.0
573511.403298453,PLAYBACK,right,6,-0.1893124284733343,2,32777,32622,35.0
573511.40330709,PLAYBACK,right,7,0.9688116273746843,2,32710,31494,33.0
573511.40963728,PLAYBACK,right,1,-0.3976136415655773,2,33431,33271,31.0
573511.409655355,PLAYBACK,right,2,0.06617303730830848,2,32531,32450,32.0
573511.409664132,PLAYBACK,right,3,0.020523231860837043,2,33018,32823,32.0
573511.409675724,PLAYBACK,right,4,0.925079880979629,2,32011,31037,31.0
573511.409683469,PLAYBACK,right,5,-0.03192680193794431,2,32732,32514,35.0
573511.409692075,PLAYBACK,right,6,-0.1893124284733343,2,32711,32359,35.0
573511.409699941,PLAYBACK,right,7,0.9684280155642018,2,32799,31432,34.0
573511.409706924,PLAYBACK,right,8,0.12256397344930114,2,32674,32927,32.0
573511.409714278,PLAYBACK,right,1,-0.3991480888075092,2,33383,33347,31.0
573511.40972036,PLAYBACK,right,2,0.06617303730830848,2,32648,32435,32.0
573511.410893489,PLAYBACK,left,1,0.0021098649576565265,0,32822,32767,31.0
573511.410921122,PLAYBACK,right,3,0.020523231860837043,2,32861,32789,32.0
573511.4109307,PLAYBACK,right,4,0.9277651636530102,2,31944,31176,31.0
573511.41202619,PLAYBACK,left,2,0.004411535820553425,0,32873,32767,32.0
573511.412042432,PLAYBACK,left,3,-0.055048294804302955,0,32755,32767,32.0
573511.412055918,PLAYBACK,right,5,-0.03192680193794431,2,32754,32625,35.0
573511.412064344,PLAYBACK,right,6,-0.1893124284733343,2,32621,32426,35.0
573511.41335568,PLAYBACK,left,4,0.018988784618905186,0,32753,32767,32.0
573511.413392762,PLAYBACK,left,5,-0.9166404211490047,0,32765,32767,35.0
573511.413431837,PLAYBACK,right,7,0.9680444037537193,2,32849,31368,34.0
573511.413441786,PLAYBACK,right,1,-0.40068253604944104,2,33456,33354,31.0
573511.41344921,PLAYBACK,right,2,0.066556649118791,2,32740,32427,32.0
573511.413736794,PLAYBACK,left,6,0.033182421606774426,0,32734,32767,35.0
573511.418299521,PLAYBACK,left,7,0.008631265735866478,0,32795,32767,33.0
573511.418362191,PLAYBACK,left,8,-0.10108171206225691,0,32803,32767,32.0
573511.418399634,PLAYBACK,right,3,0.020523231860837043,2,32730,32694,32.0
573511.418413691,PLAYBACK,right,4,0.9300668345159071,2,31885,31092,31.0
573511.41842361,PLAYBACK,right,5,-0.031543190127460013,2,32561,32832,35.0
573511.418434972,PLAYBACK,right,6,-0.18892881666285177,2,32718,32709,35.0
573511.418445011,PLAYBACK,right,7,0.9680444037537193,2,32849,31338,33.0
573511.418453407,PLAYBACK,right,8,0.12256397344930114,2,32780,32868,32.0
573511.418461553,PLAYBACK,right,1,-0.4022169832913729,2,33517,33259,31.0
573511.418471402,PLAYBACK,right,2,0.066556649118791,2,32643,32403,32.0
573511.418746632,PLAYBACK,right,3,0.020523231860837043,2,32995,32772,32.0
573511.422268323,PLAYBACK,right,4,0.9319848935683215,2,32096,30834,31.0
573511.422291889,PLAYBACK,right,5,-0.031543190127460013,2,32758,32628,35.0
573511.422302179,PLAYBACK,right,6,-0.18892881666285177,2,32666,32567,35.0
573511.422309743,PLAYBACK,right,7,0.967660791943235,2,32757,31210,34.0
573511.422317859,PLAYBACK,right,1,-0.40375143053330476,2,33489,33321,31.0
573511.422325644,PLAYBACK,right,2,0.06694026092927352,2,32742,32383,32.0
573511.423534532,PLAYBACK,right,3,0.020139620050354523,2,32909,32743,32.0
573511.423572084,PLAYBACK,right,4,0.9339029526207359,2,32042,30886,31.0
573511.426779601,PLAYBACK,right,5,-0.031159578316977493,2,32679,32740,35.0
573511.426811983,PLAYBACK,right,6,-0.18854520485236748,2,32711,32585,35.0
573511.426822894,PLAYBACK,right,7,0.967660791943235,2,32746,31061,33.0
573511.426830649,PLAYBACK,right,8,0.12256397344930114,2,32813,32731,32.0
573511.426838063,PLAYBACK,right,1,-0.4052858777752366,2,33441,33274,31.0
573511.431393917,PLAYBACK,right,2,0.06694026092927352,2,32579,32351,32.0
573511.431471797,PLAYBACK,right,3,0.020139620050354523,2,32869,32712,32.0
573511.431480604,PLAYBACK,right,4,0.9362046234836345,2,32046,30952,31.0
573511.431488058,PLAYBACK,right,5,-0.031159578316977493,2,32662,32716,35.0
573511.431495673,PLAYBACK,right,6,-0.18816159304188496,2,32714,32597,35.0
573511.431503898,PLAYBACK,right,7,0.967660791943235,2,32725,31104,33.0
573511.431510812,PLAYBACK,right,1,-0.4064367132066842,2,33393,33247,31.0
573511.431518126,PLAYBACK,right,2,0.06732387273975782,2,32723,32350,32.0
573511.43547192,PLAYBACK,right,3,0.020523231860837043,2,32708,32716,32.0
573511.435486588,PLAYBACK,right,4,0.9381226825360489,2,32046,30797,31.0
573511.435494673,PLAYBACK,right,5,-0.030775966506494973,2,32721,32545,35.0
573511.435502919,PLAYBACK,right,6,-0.18816159304188496,2,32766,32635,35.0
573511.435509823,PLAYBACK,right,7,0.9672771801327524,2,32828,31063,34.0
573511.435516295,PLAYBACK,right,1,-0.40797116044861603,2,33444,33309,31.0
573511.436637684,PLAYBACK,right,2,0.06732387273975782,2,32754,32326,32.0
573511.43665631,PLAYBACK,right,3,0.020139620050354523,2,32776,32785,32.0
573511.43777786,PLAYBACK,right,4,0.9400407415884633,2,31942,30872,31.0
573511.437800975,PLAYBACK,right,5,-0.030392354696012452,2,32683,32643,35.0
573511.440694436,PLAYBACK,right,6,-0.18816159304188496,2,32709,32634,35.0
573511.440757448,PLAYBACK,right,7,0.9672771801327524,2,32758,31237,33.0
573511.440773278,PLAYBACK,right,1,-0.4095056076905479,2,33516,33246,31.0
573511.440791794,PLAYBACK,right,2,0.06732387273975782,2,32599,32327,32.0
573511.44080527,PLAYBACK,right,3,0.020139620050354523,2,32830,32771,32.0
573511.445264587,PLAYBACK,right,4,0.9419588006408777,2,32119,30890,31.0
573511.445289134,PLAYBACK,right,5,-0.030008742885528156,2,32714,32685,35.0
573511.445298983,PLAYBACK,right,6,-0.18777798123140244,2,32735,32384,35.0
573511.445307069,PLAYBACK,right,7,0.9668935683222699,2,32760,31010,34.0
573511.445315074,PLAYBACK,right,8,0.12256397344930114,2,32702,32836,32.0
573511.445322789,PLAYBACK,right,1,-0.41104005493247975,2,33612,33186,31.0
573511.445330975,PLAYBACK,right,2,0.06732387273975782,2,32767,32335,32.0
573511.445339211,PLAYBACK,right,3,0.020139620050354523,2,32748,32766,32.0
573511.446849058,PLAYBACK,right,4,0.9442604715037763,2,31888,30820,31.0
573511.446884507,PLAYBACK,right,5,-0.030008742885528156,2,32686,32666,35.0
573511.448122781,PLAYBACK,right,6,-0.18777798123140244,2,32660,32516,35.0
573511.448184269,PLAYBACK,right,7,0.9668935683222699,2,32811,30963,33.0
573511.449720628,PLAYBACK,right,1,-0.4121908903639291,2,33383,33116,31.0
573511.449743302,PLAYBACK,right,2,0.06732387273975782,2,32880,32313,32.0
573511.44975285,PLAYBACK,right,3,0.020139620050354523,2,32723,32781,32.0
573511.453506739,PLAYBACK,right,4,0.9461785305561907,2,31959,30784,31.0
573511.453537639,PLAYBACK,right,5,-0.029625131075045635,2,32692,32744,35.0
573511.453547838,PLAYBACK,right,6,-0.18739436942091992,2,32694,32416,35.0
573511.453556876,PLAYBACK,right,7,0.9665099565117874,2,32884,30981,34.0
573511.453564821,PLAYBACK,right,8,0.12256397344930114,2,32735,32742,32.0
573511.453572115,PLAYBACK,right,1,-0.41372533760586094,2,33502,33138,31.0
573511.456532746,PLAYBACK,right,2,0.06770748455024034,2,32701,32329,32.0
573511.456696462,PLAYBACK,right,3,0.019756008239872003,2,32779,32693,32.0
573511.456709998,PLAYBACK,right,4,0.9484802014190876,2,32022,30653,31.0
573511.456720067,PLAYBACK,right,5,-0.029241519264563115,2,32702,32804,35.0
573511.456730477,PLAYBACK,right,6,-0.18739436942091992,2,32790,32616,35.0
573511.456739765,PLAYBACK,right,7,0.9665099565117874,2,32781,30985,33.0
573511.457919988,PLAYBACK,right,1,-0.4156433966582753,2,33657,33103,31.0
573511.458059837,PLAYBACK,right,2,0.06770748455024034,2,32815,32306,32.0
573511.459559645,PLAYBACK,right,3,0.019756008239872003,2,33020,32678,32.0
573511.459623819,PLAYBACK,right,4,0.9500146486610195,2,31951,30381,31.0
573511.459635862,PLAYBACK,right,5,-0.029241519264563115,2,32760,32508,35.0
573511.462793993,PLAYBACK,right,6,-0.1870107576104374,2,32720,32591,35.0
573511.462822528,PLAYBACK,right,7,0.9661263447013049,2,32830,30863,33.0
573511.462846094,PLAYBACK,right,8,0.12256397344930114,2,32681,32957,32.0
573511.462870992,PLAYBACK,right,1,-0.4171778439002072,2,33578,33101,31.0
573511.462881742,PLAYBACK,right,2,0.06809109636072286,2,32591,32329,32.0
573511.463555961,PLAYBACK,right,3,0.019756008239872003,2,32951,32766,32.0
573511.467374063,PLAYBACK,left,1,0.0021098649576565265,0,32641,32767,31.0
573511.467431494,PLAYBACK,left,2,0.004411535820553425,0,32678,32767,32.0
573511.467441573,PLAYBACK,left,3,-0.055048294804302955,0,32751,32767,32.0
573511.467453386,PLAYBACK,left,4,0.018988784618905186,0,32700,32767,32.0
573511.46746051,PLAYBACK,left,5,-0.9166404211490047,0,32775,32767,35.0
573511.467468645,PLAYBACK,left,6,0.033182421606774426,0,32786,32767,35.0
573511.46747628,PLAYBACK,left,7,0.008631265735866478,0,32819,32767,33.0
573511.467492331,PLAYBACK,right,4,0.9523163195239182,2,31972,30970,31.0
573511.467500937,PLAYBACK,right,5,-0.028857907454080595,2,32694,32821,35.0
573511.467508813,PLAYBACK,right,6,-0.1870107576104374,2,32749,32529,35.0
573511.467516357,PLAYBACK,right,7,0.9661263447013049,2,32837,30931,34.0
573511.467523571,PLAYBACK,right,1,-0.41871229114213904,2,33505,33100,31.0
573511.467530564,PLAYBACK,right,2,0.06809109636072286,2,32689,32313,32.0
573511.467541926,PLAYBACK,right,3,0.019372396429389482,2,32744,32713,32.0
573511.468459674,PLAYBACK,left,8,-0.10108171206225691,0,32805,32767,32.0
573511.468488619,PLAYBACK,right,4,0.9542343785763325,2,32043,30746,31.0
573511.47142817,PLAYBACK,right,5,-0.028474295643596298,2,32664,32620,35.0
573511.471461494,PLAYBACK,right,6,-0.1866271457999531,2,32697,32543,35.0
573511.471471253,PLAYBACK,right,7,0.9661263447013049,2,32762,30948,34.0
573511.471480691,PLAYBACK,right,8,0.12256397344930114,2,32821,32722,32.0
573511.471487725,PLAYBACK,right,1,-0.4202467383840709,2,33345,33197,31.0
573511.476442797,PLAYBACK,right,2,0.06809109636072286,2,32652,32295,32.0
573511.47646495,PLAYBACK,right,3,0.019372396429389482,2,32829,32741,32.0
573511.476473917,PLAYBACK,right,4,0.9565360494392312,2,31976,30719,31.0
573511.476481522,PLAYBACK,right,5,-0.028090683833113778,2,32705,32408,35.0
573511.476488355,PLAYBACK,right,6,-0.1866271457999531,2,32704,32473,35.0
573511.476494927,PLAYBACK,right,7,0.9661263447013049,2,32796,31138,34.0
573511.47650124,PLAYBACK,right,1,-0.42178118562600275,2,33653,33255,31.0
573511.476507952,PLAYBACK,right,2,0.06809109636072286,2,32721,32288,32.0
573511.476513994,PLAYBACK,right,3,0.019372396429389482,2,32558,32656,32.0
573511.481290632,PLAYBACK,right,4,0.9588377203021281,2,31938,30901,31.0
573511.481309819,PLAYBACK,right,5,-0.028090683833113778,2,32770,32597,35.0
573511.481319979,PLAYBACK,right,6,-0.18624353398947058,2,32688,32712,35.0
573511.481328114,PLAYBACK,right,7,0.9657427328908206,2,32800,31114,34.0
573511.481335489,PLAYBACK,right,1,-0.4229320210574521,2,33655,33208,31.0
573511.481342783,PLAYBACK,right,2,0.06809109636072286,2,32765,32273,32.0
573511.481349756,PLAYBACK,right,3,0.019372396429389482,2,32528,32651,32.0
573511.481356589,PLAYBACK,right,4,0.961139391165025,2,31968,30819,31.0
573511.482701018,PLAYBACK,right,5,-0.027707072022631257,2,32731,32547,35.0
573511.482757958,PLAYBACK,right,6,-0.18624353398947058,2,32686,32349,35.0
573511.485436426,PLAYBACK,right,7,0.9657427328908206,2,32814,30954,34.0
573511.485463077,PLAYBACK,right,1,-0.42485008010986647,2,33581,33122,31.0
573511.485472355,PLAYBACK,right,2,0.06847470817120538,2,32564,32289,32.0
573511.485480781,PLAYBACK,right,3,0.018988784618905186,2,32769,32716,32.0
573511.485488025,PLAYBACK,right,4,0.9634410620279237,2,31847,31017,31.0
573511.489548895,PLAYBACK,right,5,-0.027707072022631257,2,32774,32405,35.0
573511.489576148,PLAYBACK,right,6,-0.18585992217898806,2,32709,32628,35.0
573511.489592219,PLAYBACK,right,8,0.12256397344930114,2,32715,33228,32.0
573511.489600214,PLAYBACK,right,7,0.9653591210803381,2,32847,30922,34.0
573511.489607758,PLAYBACK,right,8,0.12218036163881862,2,32794,32974,32.0
573511.489615293,PLAYBACK,right,1,-0.4263845273517983,2,33589,33185,31.0
573511.489622507,PLAYBACK,right,2,0.06847470817120538,2,32743,32277,32.0
573511.490775427,PLAYBACK,right,3,0.018988784618905186,2,32731,32654,32.0
573511.490829682,PLAYBACK,right,4,0.9665099565117874,2,31916,30860,31.0
573511.491983764,PLAYBACK,right,5,-0.027323460212148737,2,32720,32573,35.0
573511.492048479,PLAYBACK,right,6,-0.18547631036850554,2,32688,32664,35.0
573511.493218472,PLAYBACK,right,7,0.9649755092698555,2,32796,30989,33.0
573511.493241245,PLAYBACK,right,1,-0.4283025864042127,2,33506,33193,31.0
573511.495143809,PLAYBACK,right,2,0.06847470817120538,2,32775,32247,32.0
573511.49517011,PLAYBACK,right,3,0.018988784618905186,2,32885,32613,32.0
573511.495178697,PLAYBACK,right,4,0.9688116273746843,2,31718,31199,31.0
573511.498588603,PLAYBACK,right,5,-0.026939848401666217,2,32654,32500,35.0
573511.498606477,PLAYBACK,right,6,-0.18509269855802124,2,32680,32726,35.0
573511.498619102,PLAYBACK,right,7,0.9649755092698555,2,32810,31049,34.0
573511.498627317,PLAYBACK,right,8,0.12256397344930114,2,32703,32902,32.0
573511.498636144,PLAYBACK,right,1,-0.4302206454566271,2,33683,33241,31.0
573511.498643378,PLAYBACK,right,2,0.06847470817120538,2,32888,32305,32.0
573511.499755179,PLAYBACK,right,3,0.018605172808422665,2,32801,32659,32.0
573511.499769156,PLAYBACK,right,4,0.9714969100480655,2,31994,31058,31.0
573511.500880446,PLAYBACK,right,5,-0.02655623659118192,2,32632,32379,35.0
573511.500904523,PLAYBACK,right,6,-0.18509269855802124,2,32679,32670,35.0
573511.502100185,PLAYBACK,right,7,0.9649755092698555,2,32756,31136,33.0
573511.502196791,PLAYBACK,right,1,-0.4313714808880764,2,33528,33269,31.0
573511.50343183,PLAYBACK,right,2,0.06847470817120538,2,32733,32242,32.0
573511.503451808,PLAYBACK,right,3,0.018605172808422665,2,32741,32635,32.0
573511.507020961,PLAYBACK,right,4,0.9737985809109624,2,31780,30884,31.0
573511.507034758,PLAYBACK,right,5,-0.02655623659118192,2,32685,32302,35.0
573511.507042793,PLAYBACK,right,6,-0.18470908674753872,2,32681,32715,35.0
573511.507050248,PLAYBACK,right,7,0.9649755092698555,2,32735,31178,34.0
573511.507057051,PLAYBACK,right,8,0.12256397344930114,2,32811,32620,32.0
573511.507063573,PLAYBACK,right,1,-0.4332895399404908,2,33492,33343,31.0
573511.508538984,PLAYBACK,right,2,0.06847470817120538,2,32759,32269,32.0
573511.508555887,PLAYBACK,right,3,0.018221560997940145,2,32691,32672,32.0
573511.508564103,PLAYBACK,right,4,0.9761002517738611,2,31683,31124,31.0
573511.511277378,PLAYBACK,right,5,-0.0261726247806994,2,32703,32390,35.0
573511.511292336,PLAYBACK,right,6,-0.18470908674753872,2,32777,32586,35.0
573511.511300853,PLAYBACK,right,7,0.9649755092698555,2,32740,31234,34.0
573511.51130952,PLAYBACK,right,1,-0.43444037537194014,2,33605,33373,31.0
573511.511316653,PLAYBACK,right,2,0.06885831998168968,2,32805,32276,32.0
573511.512484362,PLAYBACK,right,3,0.018221560997940145,2,32729,32668,32.0
573511.513503484,PLAYBACK,right,4,0.978401922636758,2,32003,30831,31.0
573511.513521429,PLAYBACK,right,5,-0.02578901297021688,2,32731,32390,35.0
573511.520471743,PLAYBACK,left,1,0.0017262531471740061,0,32719,32767,31.0
573511.520496341,PLAYBACK,left,2,0.004411535820553425,0,32671,32767,32.0
573511.520508414,PLAYBACK,left,3,-0.055048294804302955,0,32701,32767,32.0
573511.520517321,PLAYBACK,left,4,0.018988784618905186,0,32850,32767,32.0
573511.520524465,PLAYBACK,left,5,-0.9166404211490047,0,32796,32767,35.0
573511.520531709,PLAYBACK,left,6,0.033182421606774426,0,32766,32767,35.0
573511.520538832,PLAYBACK,left,7,0.008631265735866478,0,32718,32767,33.0
573511.520556647,PLAYBACK,right,6,-0.1843254749370562,2,32740,32729,35.0
573511.520565484,PLAYBACK,right,7,0.9649755092698555,2,32689,31390,33.0
573511.520573299,PLAYBACK,right,8,0.12256397344930114,2,32698,32766,32.0
573511.520580663,PLAYBACK,right,1,-0.435974822613872,2,33409,33429,31.0
573511.520593448,PLAYBACK,right,2,0.06885831998168968,2,32669,32266,32.0
573511.520600671,PLAYBACK,right,3,0.018221560997940145,2,32841,32643,32.0
573511.520607685,PLAYBACK,right,4,0.9807035934996566,2,31916,30940,31.0
573511.520614598,PLAYBACK,right,5,-0.02540540115973436,2,32714,32416,35.0
573511.520621271,PLAYBACK,right,6,-0.18394186312657368,2,32745,32658,35.0
573511.520627593,PLAYBACK,right,7,0.9649755092698555,2,32783,31308,34.0
573511.520634437,PLAYBACK,right,1,-0.43750926985580385,2,33542,33324,31.0
573511.520640829,PLAYBACK,right,2,0.06885831998168968,2,32843,32227,32.0
573511.521807105,PLAYBACK,left,8,-0.10108171206225691,0,32792,32767,32.0
573511.521844437,PLAYBACK,right,3,0.017837949187457625,2,32645,32672,32.0
573511.521858263,PLAYBACK,right,4,0.9830052643625553,2,32059,30889,31.0
573511.522998789,PLAYBACK,right,5,-0.025021789349250062,2,32665,32701,35.0
573511.523048856,PLAYBACK,right,6,-0.18394186312657368,2,32789,32561,35.0
573511.523486208,PLAYBACK,right,7,0.9649755092698555,2,32696,31199,33.0
573511.524366744,PLAYBACK,right,1,-0.4386601052872532,2,33400,33322,31.0
573511.524379027,PLAYBACK,right,2,0.06885831998168968,2,32699,32190,32.0
573511.529478347,PLAYBACK,right,3,0.017837949187457625,2,32708,32689,32.0
573511.529503987,PLAYBACK,right,4,0.9849233234149697,2,31973,30876,31.0
573511.529512784,PLAYBACK,right,5,-0.02463817753876754,2,32671,32115,35.0
573511.52952142,PLAYBACK,right,6,-0.18355825131608938,2,32648,32614,35.0
573511.529528253,PLAYBACK,right,7,0.9649755092698555,2,32748,31186,33.0
573511.529536419,PLAYBACK,right,8,0.12256397344930114,2,32709,32840,32.0
573511.529544625,PLAYBACK,right,1,-0.44019455252918327,2,33363,33288,31.0
573511.529553442,PLAYBACK,right,2,0.06885831998168968,2,32967,32250,32.0
573511.533474342,PLAYBACK,right,3,0.017837949187457625,2,32689,32773,32.0
573511.533491786,PLAYBACK,right,4,0.9872249942778684,2,32072,30827,31.0
573511.533500553,PLAYBACK,right,5,-0.02425456572828502,2,32722,32226,35.0
573511.533508909,PLAYBACK,right,6,-0.18355825131608938,2,32686,32559,35.0
573511.533518297,PLAYBACK,right,7,0.964591897459373,2,32775,31128,34.0
573511.533526944,PLAYBACK,right,1,-0.4417289997711151,2,33512,33301,31.0
573511.533535781,PLAYBACK,right,2,0.0692419317921722,2,32897,32198,32.0
573511.534666187,PLAYBACK,right,3,0.017837949187457625,2,32672,32662,32.0
573511.534687538,PLAYBACK,right,4,0.9891430533302827,2,32062,30800,31.0
573511.538564324,PLAYBACK,right,5,-0.02425456572828502,2,32725,32442,35.0
573511.538591837,PLAYBACK,right,6,-0.18317463950560686,2,32730,32589,35.0
573511.538600774,PLAYBACK,right,7,0.964591897459373,2,32850,31030,33.0
573511.538608489,PLAYBACK,right,1,-0.443263447013047,2,33442,33276,31.0
573511.538615132,PLAYBACK,right,2,0.0692419317921722,2,32784,32215,32.0
573511.538622075,PLAYBACK,right,3,0.017837949187457625,2,32824,32719,32.0
573511.542915423,PLAYBACK,right,4,0.9910611123826971,2,32012,30524,31.0
573511.542951051,PLAYBACK,right,5,-0.0238709539178025,2,32715,32501,35.0
573511.542964337,PLAYBACK,right,6,-0.18279102769512434,2,32746,32657,35.0
573511.542975939,PLAYBACK,right,7,0.9642082856488887,2,32822,30811,34.0
573511.54298697,PLAYBACK,right,8,0.12256397344930114,2,32790,32773,32.0
573511.542997631,PLAYBACK,right,1,-0.4444142824444963,2,33294,33273,31.0
573511.543019653,PLAYBACK,right,2,0.06962554360265472,2,32702,32203,32.0
573511.543029142,PLAYBACK,right,3,0.017837949187457625,2,32557,32578,32.0
573511.546441282,PLAYBACK,right,4,0.993362783245594,2,31936,30750,31.0
573511.546461962,PLAYBACK,right,5,-0.023487342107318204,2,32698,32378,35.0
573511.546474717,PLAYBACK,right,6,-0.18240741588464182,2,32725,32665,35.0
573511.546485427,PLAYBACK,right,7,0.9638246738384062,2,32847,30783,34.0
573511.546497541,PLAYBACK,right,1,-0.44556511787594566,2,33411,33234,31.0
573511.551943458,PLAYBACK,right,2,0.06962554360265472,2,32714,32191,32.0
573511.551976011,PLAYBACK,right,3,0.017837949187457625,2,32684,32699,32.0
573511.551985439,PLAYBACK,right,4,0.9952808422980102,2,31888,30601,31.0
573511.551993164,PLAYBACK,right,5,-0.022720118486353164,2,32695,32617,35.0
573511.552010648,PLAYBACK,right,6,-0.18240741588464182,2,32684,32397,35.0
573511.552018032,PLAYBACK,right,7,0.9638246738384062,2,32841,30818,33.0
573511.552030335,PLAYBACK,right,8,0.12218036163881862,2,32803,32781,32.0
573511.552039423,PLAYBACK,right,1,-0.4470995651178775,2,33414,33227,31.0
573511.552048801,PLAYBACK,right,2,0.06962554360265472,2,32754,32158,32.0
573511.552057087,PLAYBACK,right,3,0.017837949187457625,2,32726,32771,32.0
573511.556045678,PLAYBACK,right,4,0.9979661249713896,2,31863,30658,31.0
573511.556089773,PLAYBACK,right,5,-0.022336506675870643,2,32633,32524,35.0
573511.556105663,PLAYBACK,right,6,-0.18202380407415752,2,32691,32727,35.0
573511.556117917,PLAYBACK,right,7,0.9634410620279237,2,32825,30827,34.0
573511.556127095,PLAYBACK,right,1,-0.4486340123598094,2,33602,33254,31.0
573511.556134068,PLAYBACK,right,2,0.07000915541313724,2,32676,32153,32.0
573511.557292158,PLAYBACK,right,3,0.017837949187457625,2,32858,32694,32.0
573511.557309892,PLAYBACK,right,4,1.0002677958342883,2,31565,30714,31.0
573511.557321154,PLAYBACK,right,5,-0.021952894865386346,2,32607,32619,35.0
573511.563507487,PLAYBACK,right,6,-0.18202380407415752,2,32705,32527,35.0
573511.56357654,PLAYBACK,right,7,0.9634410620279237,2,32835,30648,33.0
573511.563589876,PLAYBACK,right,1,-0.45016845960174123,2,33527,33104,31.0
573511.563600376,PLAYBACK,right,2,0.07000915541313724,2,32655,32221,32.0
573511.563610746,PLAYBACK,right,3,0.017454337376973328,2,32776,32753,32.0
573511.563617649,PLAYBACK,right,4,1.0025694666971852,2,31932,30638,31.0
573511.563624933,PLAYBACK,right,5,-0.021569283054903826,2,32684,32425,35.0
573511.563633439,PLAYBACK,right,6,-0.181640192263675,2,32749,32572,35.0
573511.563640343,PLAYBACK,right,7,0.9630574502174412,2,32857,30663,34.0
573511.563646595,PLAYBACK,right,8,0.12218036163881862,2,32759,32835,32.0
573511.564728889,PLAYBACK,left,1,0.0021098649576565265,0,32847,32767,31.0
573511.564792862,PLAYBACK,right,1,-0.4520865186541556,2,33509,33115,31.0
573511.564819784,PLAYBACK,right,2,0.07000915541313724,2,32869,32216,32.0
573511.56599146,PLAYBACK,left,2,0.004411535820553425,0,32839,32767,32.0
573511.566024484,PLAYBACK,left,3,-0.055048294804302955,0,32597,32767,32.0
573511.566042408,PLAYBACK,right,3,0.017454337376973328,2,32783,32689,32.0
573511.566051476,PLAYBACK,right,4,1.0056383611810489,2,31792,31121,31.0
573511.567160071,PLAYBACK,left,4,0.018988784618905186,0,32759,32767,32.0
573511.567178757,PLAYBACK,left,5,-0.9166404211490047,0,32740,32767,35.0
573511.567194737,PLAYBACK,right,5,-0.020802059433938785,2,32648,32626,35.0
573511.567202963,PLAYBACK,right,6,-0.18125658045319248,2,32737,32615,35.0
573511.5684685,PLAYBACK,left,6,0.033182421606774426,0,32771,32767,35.0
573511.568505471,PLAYBACK,left,7,0.008631265735866478,0,32808,32767,33.0
573511.568534016,PLAYBACK,right,7,0.9630574502174412,2,32784,30612,33.0
573511.568551149,PLAYBACK,right,1,-0.45362096589608747,2,33561,33210,31.0
573511.573961318,PLAYBACK,left,8,-0.10108171206225691,0,32793,32767,32.0
573511.573995995,PLAYBACK,right,2,0.07039276722362153,2,32667,32200,32.0
573511.574015492,PLAYBACK,right,3,0.017454337376973328,2,32956,32667,32.0
573511.574023047,PLAYBACK,right,4,1.0079400320439458,2,31580,30645,31.0
573511.574031032,PLAYBACK,right,5,-0.02041844762345449,2,32589,32460,35.0
573511.574038617,PLAYBACK,right,6,-0.18125658045319248,2,32747,32487,35.0
573511.574046622,PLAYBACK,right,7,0.9630574502174412,2,32781,30760,34.0
573511.57405584,PLAYBACK,right,8,0.12256397344930114,2,32708,32611,32.0
573511.574064637,PLAYBACK,right,1,-0.45553902494850185,2,33656,33248,31.0
573511.574073764,PLAYBACK,right,2,0.07039276722362153,2,32705,32201,32.0
573511.575303643,PLAYBACK,right,3,0.017454337376973328,2,32777,32737,32.0
573511.575332178,PLAYBACK,right,4,1.010625314717327,2,31849,30893,31.0
573511.575343069,PLAYBACK,right,5,-0.02041844762345449,2,32714,32167,35.0
573511.576475128,PLAYBACK,right,6,-0.18087296864270996,2,32681,32921,35.0
573511.577625213,PLAYBACK,right,7,0.9626738384069569,2,32814,30877,34.0
573511.577665371,PLAYBACK,right,1,-0.4570734721904337,2,33624,33152,31.0
573511.577678516,PLAYBACK,right,2,0.07039276722362153,2,32742,32184,32.0
573511.578516359,PLAYBACK,right,3,0.017070725566490808,2,32921,32742,32.0
573511.578886302,PLAYBACK,right,4,1.0129269855802256,2,31984,30872,31.0
573511.583450671,PLAYBACK,right,5,-0.019651224002489448,2,32719,32585,35.0
573511.583474798,PLAYBACK,right,6,-0.18087296864270996,2,32730,32512,35.0
573511.583482843,PLAYBACK,right,7,0.9626738384069569,2,32733,31091,33.0
573511.583489656,PLAYBACK,right,8,0.12218036163881862,2,32765,32774,32.0
573511.583498263,PLAYBACK,right,1,-0.4589915312428481,2,33504,33213,31.0
573511.583506479,PLAYBACK,right,2,0.07039276722362153,2,32585,32196,32.0
573511.583514344,PLAYBACK,right,3,0.017070725566490808,2,32853,32683,32.0
573511.586734956,PLAYBACK,right,4,1.0159958800640894,2,31909,30871,31.0
573511.586754644,PLAYBACK,right,5,-0.01888400038152263,2,32547,32474,35.0
573511.586763851,PLAYBACK,right,6,-0.18048935683222567,2,32739,32829,35.0
573511.586772749,PLAYBACK,right,7,0.9630574502174412,2,32749,31268,34.0
573511.586781736,PLAYBACK,right,1,-0.4601423666742974,2,33507,33279,31.0
573511.586788769,PLAYBACK,right,2,0.07077637903410405,2,32699,32224,32.0
573511.587918835,PLAYBACK,right,3,0.017070725566490808,2,32922,32692,32.0
573511.587940076,PLAYBACK,right,4,1.0186811627374688,2,31884,30970,31.0
573511.590966545,PLAYBACK,right,5,-0.01850038857104011,2,32633,32434,35.0
573511.590978077,PLAYBACK,right,6,-0.18010574502174315,2,32686,32558,35.0
573511.59098522,PLAYBACK,right,7,0.9630574502174412,2,32712,31256,33.0
573511.590992074,PLAYBACK,right,1,-0.4616768139162293,2,33490,33323,31.0
573511.590998676,PLAYBACK,right,2,0.07115999084458657,2,32704,32157,32.0
573511.59613118,PLAYBACK,right,3,0.017070725566490808,2,32691,32617,32.0
573511.596158042,PLAYBACK,right,4,1.0209828336003675,2,31701,30776,31.0
573511.596167009,PLAYBACK,right,5,-0.01850038857104011,2,32681,32223,35.0
573511.596175515,PLAYBACK,right,6,-0.18010574502174315,2,32712,32695,35.0
573511.5961833,PLAYBACK,right,7,0.9626738384069569,2,32780,31349,34.0
573511.59619345,PLAYBACK,right,8,0.12256397344930114,2,32681,32864,32.0
573511.596203629,PLAYBACK,right,1,-0.46359487296864366,2,33652,33316,31.0
573511.59621406,PLAYBACK,right,2,0.07115999084458657,2,32676,32206,32.0
573511.600730287,PLAYBACK,right,3,0.017070725566490808,2,32776,32650,32.0
573511.600747069,PLAYBACK,right,4,1.0240517280842312,2,31780,30816,31.0
573511.600756166,PLAYBACK,right,5,-0.01811677676055759,2,32777,32159,35.0
573511.600770484,PLAYBACK,right,6,-0.17972213321126063,2,32795,32637,35.0
573511.600785172,PLAYBACK,right,7,0.9626738384069569,2,32794,30941,33.0
573511.60079438,PLAYBACK,right,1,-0.464745708400093,2,33418,33295,31.0
573511.600801915,PLAYBACK,right,2,0.07115999084458657,2,32633,32106,32.0
573511.600811333,PLAYBACK,right,3,0.017070725566490808,2,32871,32677,32.0
573511.601930358,PLAYBACK,right,4,1.0267370107576106,2,31775,30644,31.0
573511.601950596,PLAYBACK,right,5,-0.01773316495007507,2,32698,32353,35.0
573511.605755684,PLAYBACK,right,6,-0.17972213321126063,2,32619,32665,35.0
573511.605784039,PLAYBACK,right,7,0.9622902265964743,2,32874,31097,33.0
573511.605792886,PLAYBACK,right,1,-0.46628015564202485,2,33635,33375,31.0
573511.605801312,PLAYBACK,right,2,0.0715436026550691,2,32675,32173,32.0
573511.605808155,PLAYBACK,right,3,0.017070725566490808,2,32669,32729,32.0
573511.605816882,PLAYBACK,right,4,1.0290386816205093,2,31795,30908,31.0
573511.609558948,PLAYBACK,right,5,-0.01734955313959255,2,32627,32220,35.0
573511.609582243,PLAYBACK,right,6,-0.1793385214007781,2,32745,32621,35.0
573511.609590679,PLAYBACK,right,7,0.9622902265964743,2,32770,31024,34.0
573511.609598454,PLAYBACK,right,8,0.12256397344930114,2,32757,32871,32.0
573511.609608774,PLAYBACK,right,1,-0.4678146028839567,2,33469,33361,31.0
573511.609621909,PLAYBACK,right,2,0.07192721446555339,2,32639,32204,32.0
573511.609631558,PLAYBACK,right,3,0.017070725566490808,2,32668,32620,32.0
573511.610757496,PLAYBACK,right,4,1.0317239642938887,2,31895,30884,31.0
573511.610772815,PLAYBACK,right,5,-0.016965941329108253,2,32761,32117,35.0
573511.611895387,PLAYBACK,right,6,-0.1793385214007781,2,32793,32675,35.0
573511.611919023,PLAYBACK,right,8,0.12256397344930114,2,32771,32670,32.0
573511.613043017,PLAYBACK,right,7,0.9619066147859918,2,32780,30784,33.0
573511.613060992,PLAYBACK,right,1,-0.4697326619363711,2,33515,33400,31.0
573511.615663744,PLAYBACK,right,2,0.07192721446555339,2,32642,32224,32.0
573511.615689554,PLAYBACK,right,3,0.017070725566490808,2,32798,32635,32.0
573511.615699974,PLAYBACK,right,4,1.0347928587777524,2,31714,31245,31.0
573511.615724761,PLAYBACK,right,5,-0.016198717708143212,2,32606,32315,35.0
573511.618679131,PLAYBACK,left,1,0.0021098649576565265,0,32890,32767,31.0
573511.618702906,PLAYBACK,left,2,0.004411535820553425,0,32779,32767,32.0
573511.618710902,PLAYBACK,left,3,-0.055431906614785476,0,32868,32767,32.0
573511.618719298,PLAYBACK,left,4,0.018988784618905186,0,32653,32767,32.0
573511.618749486,PLAYBACK,right,6,-0.1789549095902938,2,32613,32723,35.0
573511.618758393,PLAYBACK,right,7,0.9615230029755093,2,32923,30711,34.0
573511.618765246,PLAYBACK,right,8,0.12218036163881862,2,32870,32704,32.0
573511.61877204,PLAYBACK,right,1,-0.47126710917830295,2,33393,33336,31.0
573511.618778873,PLAYBACK,right,2,0.07231082627603591,2,32649,32214,32.0
573511.619947543,PLAYBACK,left,5,-0.9166404211490047,0,32806,32767,35.0
573511.619966299,PLAYBACK,left,6,0.033182421606774426,0,32784,32767,35.0
573511.619986368,PLAYBACK,right,3,0.017070725566490808,2,32835,32643,32.0
573511.619996808,PLAYBACK,right,4,1.0378617532616161,2,31735,30721,31.0
573511.621127585,PLAYBACK,left,7,0.008631265735866478,0,32771,32767,33.0
573511.621153786,PLAYBACK,left,8,-0.10108171206225691,0,32773,32767,32.0
573511.621170729,PLAYBACK,right,5,-0.015815105897660692,2,32612,32216,35.0
573511.621179515,PLAYBACK,right,6,-0.1789549095902938,2,32688,32655,35.0
573511.622373024,PLAYBACK,right,7,0.9615230029755093,2,32856,30824,34.0
573511.622393664,PLAYBACK,right,1,-0.4724179446097523,2,33232,33367,31.0
573511.623468453,PLAYBACK,right,2,0.07269443808651843,2,32598,32181,32.0
573511.623487911,PLAYBACK,right,3,0.017070725566490808,2,32824,32665,32.0
573511.627515587,PLAYBACK,right,4,1.0401634241245148,2,31804,30875,31.0
573511.62753805,PLAYBACK,right,5,-0.015431494087176395,2,32645,32172,35.0
573511.627547749,PLAYBACK,right,6,-0.1785712977798113,2,32737,32812,35.0
573511.627555784,PLAYBACK,right,7,0.961139391165025,2,32857,30813,33.0
573511.627562978,PLAYBACK,right,8,0.12218036163881862,2,32801,32699,32.0
573511.627572567,PLAYBACK,right,1,-0.47395239185168414,2,33486,33326,31.0
573511.628484563,PLAYBACK,right,2,0.07269443808651843,2,32573,32225,32.0
573511.628507457,PLAYBACK,right,3,0.017070725566490808,2,32552,32737,32.0
573511.631621464,PLAYBACK,right,4,1.0428487067978942,2,31923,30626,31.0
573511.631647584,PLAYBACK,right,5,-0.015047882276693875,2,32636,32360,35.0
573511.631660759,PLAYBACK,right,6,-0.1785712977798113,2,32724,32661,35.0
573511.631690697,PLAYBACK,right,7,0.961139391165025,2,32838,30935,34.0
573511.63170277,PLAYBACK,right,1,-0.475486839093616,2,33481,33305,31.0
573511.631714282,PLAYBACK,right,2,0.07307804989700095,2,32641,32171,32.0
573511.632898112,PLAYBACK,right,3,0.017070725566490808,2,32966,32747,32.0
573511.632924954,PLAYBACK,right,4,1.0455339894712754,2,31687,30802,31.0
573511.633433713,PLAYBACK,right,5,-0.014664270466211354,2,32586,32295,35.0
573511.635743782,PLAYBACK,right,6,-0.17818768596932877,2,32728,32516,35.0
573511.635768499,PLAYBACK,right,7,0.9607557793545425,2,32789,30851,33.0
573511.635778839,PLAYBACK,right,8,0.12256397344930114,2,32735,33085,32.0
573511.635788668,PLAYBACK,right,1,-0.47663767452506356,2,33457,33274,31.0
573511.640711508,PLAYBACK,right,2,0.07307804989700095,2,32648,32224,32.0
573511.640741045,PLAYBACK,right,3,0.017070725566490808,2,32769,32679,32.0
573511.640749972,PLAYBACK,right,4,1.0478356603341723,2,32064,30654,31.0
573511.640757046,PLAYBACK,right,5,-0.014280658655728834,2,32713,32126,35.0
573511.640764811,PLAYBACK,right,6,-0.17818768596932877,2,32724,32582,35.0
573511.640771574,PLAYBACK,right,7,0.96037216754406,2,32805,30633,34.0
573511.640778567,PLAYBACK,right,1,-0.4781721217669954,2,33421,33253,31.0
573511.640786242,PLAYBACK,right,2,0.07346166170748347,2,32705,32125,32.0
573511.644715198,PLAYBACK,right,3,0.017070725566490808,2,32813,32720,32.0
573511.644735627,PLAYBACK,right,4,1.0505209430075535,2,31871,30482,31.0
573511.644744905,PLAYBACK,right,5,-0.013513435034762017,2,32701,32437,35.0
573511.64475274,PLAYBACK,right,6,-0.17780407415884625,2,32734,32688,35.0
573511.644762559,PLAYBACK,right,7,0.96037216754406,2,32852,30833,33.0
573511.644772498,PLAYBACK,right,1,-0.47932295719844475,2,33478,33267,31.0
573511.644782117,PLAYBACK,right,2,0.07384527351796777,2,32539,32177,32.0
573511.645962921,PLAYBACK,right,3,0.017070725566490808,2,32708,32632,32.0
573511.645987408,PLAYBACK,right,4,1.0528226138704522,2,32000,30612,31.0
573511.649905042,PLAYBACK,right,5,-0.013129823224279497,2,32564,32399,35.0
573511.64992978,PLAYBACK,right,6,-0.17780407415884625,2,32750,32498,35.0
573511.649939368,PLAYBACK,right,7,0.96037216754406,2,32843,30911,34.0
573511.649946312,PLAYBACK,right,1,-0.4808574044403766,2,33501,33245,31.0
573511.649952974,PLAYBACK,right,2,0.07422888532845029,2,32519,32167,32.0
573511.649959006,PLAYBACK,right,3,0.017070725566490808,2,32794,32739,32.0
573511.653963788,PLAYBACK,right,4,1.055124284733349,2,31832,30416,31.0
573511.654074141,PLAYBACK,right,5,-0.012746211413796976,2,32664,32349,35.0
573511.654093929,PLAYBACK,right,6,-0.17780407415884625,2,32763,32454,35.0
573511.654124147,PLAYBACK,right,7,0.96037216754406,2,32827,30870,34.0
573511.654135579,PLAYBACK,right,8,0.12218036163881862,2,32745,33029,32.0
573511.654145368,PLAYBACK,right,1,-0.48239185168230847,2,33557,33318,31.0
573511.654156599,PLAYBACK,right,2,0.07422888532845029,2,32679,32215,32.0
573511.655337443,PLAYBACK,right,3,0.017070725566490808,2,32789,32736,32.0
573511.655378903,PLAYBACK,right,4,1.0578095674067303,2,31906,30736,31.0
573511.656680129,PLAYBACK,right,5,-0.011978987792830159,2,32665,32378,35.0
573511.656788167,PLAYBACK,right,6,-0.17780407415884625,2,32803,32592,35.0
573511.656808155,PLAYBACK,right,7,0.9599885557335774,2,32838,30885,33.0
573511.6589812,PLAYBACK,right,1,-0.48392629892424033,2,33605,33238,31.0
573511.659011598,PLAYBACK,right,2,0.07461249713893281,2,32559,32194,32.0
573511.659018913,PLAYBACK,right,3,0.017070725566490808,2,32572,32646,32.0
573511.662571955,PLAYBACK,right,4,1.0604948500801097,2,31600,30478,31.0
573511.662594348,PLAYBACK,right,5,-0.011211764171865118,2,32636,32313,35.0
573511.662604557,PLAYBACK,right,6,-0.17742046234836373,2,32692,32545,35.0
573511.662614036,PLAYBACK,right,7,0.9596049439230931,2,32819,30890,34.0
573511.66262668,PLAYBACK,right,8,0.12218036163881862,2,32763,32975,32.0
573511.662641368,PLAYBACK,right,1,-0.4854607461661722,2,33497,33199,31.0
573511.662651538,PLAYBACK,right,2,0.07537972075989963,2,32510,32245,32.0
573511.663474503,PLAYBACK,right,3,0.017070725566490808,2,32982,32619,32.0
573511.66683814,PLAYBACK,right,4,1.0635637445639734,2,31841,31023,31.0
573511.666854782,PLAYBACK,right,5,-0.010828152361380822,2,32703,32166,35.0
573511.66686402,PLAYBACK,right,6,-0.17742046234836373,2,32788,32644,35.0
573511.666871023,PLAYBACK,right,7,0.9592213321126106,2,32854,30706,34.0
573511.666877766,PLAYBACK,right,1,-0.48699519340810404,2,33462,33223,31.0
573511.666884609,PLAYBACK,right,2,0.07537972075989963,2,32640,32254,32.0
573511.66897257,PLAYBACK,left,1,0.0021098649576565265,0,32624,32767,31.0
573511.669043347,PLAYBACK,left,2,0.004411535820553425,0,32702,32767,32.0
573511.669057053,PLAYBACK,left,3,-0.055048294804302955,0,32878,32767,32.0
573511.669091029,PLAYBACK,right,3,0.017070725566490808,2,32747,32678,32.0
573511.669105156,PLAYBACK,right,4,1.065865415426872,2,31850,30855,31.0
573511.669117329,PLAYBACK,right,5,-0.010060928740415781,2,32642,32449,35.0
573511.669127278,PLAYBACK,right,6,-0.17742046234836373,2,32743,32437,35.0
573511.675683413,PLAYBACK,left,4,0.018988784618905186,0,32600,32767,32.0
573511.675714293,PLAYBACK,left,5,-0.9166404211490047,0,32763,32767,35.0
573511.675725975,PLAYBACK,left,6,0.033182421606774426,0,32777,32767,35.0
573511.675735824,PLAYBACK,left,7,0.009014877546348998,0,32717,32767,33.0
573511.675744982,PLAYBACK,left,8,-0.10069810025177439,0,32742,32767,32.0
573511.675763858,PLAYBACK,right,7,0.9592213321126106,2,32769,30885,33.0
573511.67577508,PLAYBACK,right,8,0.12256397344930114,2,32746,32834,32.0
573511.67578545,PLAYBACK,right,1,-0.4885296406500359,2,33592,33229,31.0
573511.675796461,PLAYBACK,right,2,0.07576333257038215,2,32638,32234,32.0
573511.675805769,PLAYBACK,right,3,0.017070725566490808,2,32728,32637,32.0
573511.675815608,PLAYBACK,right,4,1.0693179217212183,2,31827,30965,31.0
573511.675824996,PLAYBACK,right,5,-0.00967731692993326,2,32616,32027,35.0
573511.675834294,PLAYBACK,right,6,-0.17703685053787943,2,32891,32716,35.0
573511.675843091,PLAYBACK,right,7,0.9588377203021281,2,32882,30853,33.0
573511.675851166,PLAYBACK,right,1,-0.49006408789196776,2,33572,33276,31.0
573511.675859813,PLAYBACK,right,2,0.07614694438086467,2,32551,32300,32.0
573511.676991472,PLAYBACK,right,3,0.017070725566490808,2,32749,32662,32.0
573511.677022111,PLAYBACK,right,4,1.0720032043945995,2,31848,30543,31.0
573511.678163619,PLAYBACK,right,5,-0.009293705119448964,2,32755,32190,35.0
573511.67817942,PLAYBACK,right,6,-0.1766532387273969,2,32769,32720,35.0
573511.679908981,PLAYBACK,right,7,0.9588377203021281,2,32794,30928,34.0
573511.679947765,PLAYBACK,right,1,-0.4915985351338996,2,33499,33258,31.0
573511.679975288,PLAYBACK,right,2,0.07691416800183148,2,32535,32273,32.0
573511.684757958,PLAYBACK,right,3,0.017070725566490808,2,32587,32594,32.0
573511.684817753,PLAYBACK,right,4,1.074688487067979,2,31633,31138,31.0
573511.684828574,PLAYBACK,right,5,-0.008910093308966444,2,32762,31844,35.0
573511.684837652,PLAYBACK,right,6,-0.1766532387273969,2,32705,32686,35.0
573511.684845146,PLAYBACK,right,7,0.9584541084916456,2,32784,30830,34.0
573511.684851969,PLAYBACK,right,8,0.12256397344930114,2,32776,32851,32.0
573511.684858201,PLAYBACK,right,1,-0.4931329823758315,2,33508,33303,31.0
573511.684866046,PLAYBACK,right,2,0.077297779812314,2,32480,32286,32.0
573511.688628081,PLAYBACK,right,3,0.017070725566490808,2,32707,32630,32.0
573511.688642448,PLAYBACK,right,4,1.0781409933623252,2,31502,30862,31.0
573511.688650785,PLAYBACK,right,5,-0.008142869688001403,2,32641,32376,35.0
573511.688657988,PLAYBACK,right,6,-0.1762696269169144,2,32634,32643,35.0
573511.68866401,PLAYBACK,right,7,0.9584541084916456,2,32798,30980,33.0
573511.688669941,PLAYBACK,right,1,-0.49428381780727904,2,33477,33345,31.0
573511.688676324,PLAYBACK,right,2,0.07768139162279653,2,32468,32276,32.0
573511.689784327,PLAYBACK,right,3,0.017070725566490808,2,32565,32647,32.0
573511.689800969,PLAYBACK,right,4,1.0812098878461889,2,31577,30967,31.0
573511.690902581,PLAYBACK,right,5,-0.0077592578775188825,2,32574,32145,35.0
573511.690917339,PLAYBACK,right,6,-0.1762696269169144,2,32710,32714,35.0
573511.693453333,PLAYBACK,right,7,0.9580704966811613,2,32856,31155,34.0
573511.693473021,PLAYBACK,right,1,-0.4958182650492109,2,33478,33377,31.0
573511.693481707,PLAYBACK,right,2,0.07806500343327905,2,32431,32280,32.0
573511.693488931,PLAYBACK,right,3,0.016687113756008287,2,32850,32638,32.0
573511.697611179,PLAYBACK,right,4,1.08389517051957,2,31612,30557,31.0
573511.697764444,PLAYBACK,right,5,-0.007375646067034586,2,32689,32169,35.0
573511.697803009,PLAYBACK,right,6,-0.17588601510643187,2,32693,32666,35.0
573511.697814922,PLAYBACK,right,7,0.9580704966811613,2,32877,31127,33.0
573511.697823398,PLAYBACK,right,8,0.12218036163881862,2,32740,32957,32.0
573511.697831894,PLAYBACK,right,1,-0.49735271229114275,2,33653,33430,31.0
573511.69783995,PLAYBACK,right,2,0.07844861524376334,2,32477,32295,32.0
573511.698783136,PLAYBACK,right,3,0.016687113756008287,2,32938,32664,32.0
573511.698812723,PLAYBACK,right,4,1.0869640650034338,2,31742,30696,31.0
573511.702036882,PLAYBACK,right,5,-0.0069920342565520655,2,32632,31879,35.0
573511.702088762,PLAYBACK,right,6,-0.17588601510643187,2,32662,32587,35.0
573511.70209784,PLAYBACK,right,7,0.9580704966811613,2,32744,31001,34.0
573511.702105334,PLAYBACK,right,1,-0.4988871595330746,2,33491,33374,31.0
573511.70211366,PLAYBACK,right,2,0.07921583886472838,2,32568,32307,32.0
573511.706961546,PLAYBACK,right,3,0.016687113756008287,2,32787,32618,32.0
573511.707057731,PLAYBACK,right,4,1.0900329594872975,2,31385,30652,31.0
573511.707074222,PLAYBACK,right,5,-0.006224810635587025,2,32706,32263,35.0
573511.707089372,PLAYBACK,right,6,-0.17588601510643187,2,32740,32655,35.0
573511.707097257,PLAYBACK,right,7,0.9580704966811613,2,32751,31164,34.0
573511.707106966,PLAYBACK,right,8,0.12256397344930114,2,32748,33092,32.0
573511.707113548,PLAYBACK,right,1,-0.5004216067750065,2,33533,33386,31.0
573511.707122616,PLAYBACK,right,2,0.0795994506752109,2,32529,32313,32.0
573511.707128687,PLAYBACK,right,3,0.016687113756008287,2,32906,32709,32.0
573511.710776973,PLAYBACK,right,4,1.0927182421606787,2,31661,30704,31.0
573511.710798003,PLAYBACK,right,5,-0.005841198825102728,2,32653,32116,35.0
573511.710807462,PLAYBACK,right,6,-0.17550240329594757,2,32716,32790,35.0
573511.710815176,PLAYBACK,right,7,0.9576868848706788,2,32720,31236,33.0
573511.71082199,PLAYBACK,right,1,-0.5015724422064558,2,33555,33426,31.0
573511.710828913,PLAYBACK,right,2,0.0799830624856952,2,32532,32292,32.0
573511.711970852,PLAYBACK,right,3,0.017070725566490808,2,32740,32622,32.0
573511.712014255,PLAYBACK,right,4,1.0954035248340581,2,31804,30750,31.0
573511.713200319,PLAYBACK,right,5,-0.005457587014620208,2,32660,32416,35.0
573511.713221841,PLAYBACK,right,6,-0.17550240329594757,2,32790,32589,35.0
573511.71579729,PLAYBACK,right,7,0.9580704966811613,2,32788,31337,34.0
573511.715822359,PLAYBACK,right,1,-0.5027232776379051,2,33356,33467,31.0
573511.715830855,PLAYBACK,right,2,0.08036667429617772,2,32347,32306,32.0
573511.715837347,PLAYBACK,right,3,0.017070725566490808,2,32775,32628,32.0
573511.71584396,PLAYBACK,right,4,1.0980888075074393,2,31868,30843,31.0
573511.719633648,PLAYBACK,right,5,-0.004690363393655167,2,32584,32347,35.0
573511.719648246,PLAYBACK,right,6,-0.17550240329594757,2,32713,32717,35.0
573511.719657173,PLAYBACK,right,7,0.9573032730601962,2,32836,31008,34.0
573511.719663696,PLAYBACK,right,8,0.12218036163881862,2,32716,32909,32.0
573511.719669988,PLAYBACK,right,1,-0.5046413366903195,2,33468,33407,31.0
573511.71967651,PLAYBACK,right,2,0.08113389791714276,2,32488,32333,32.0
573511.721959046,PLAYBACK,left,1,0.0021098649576565265,0,32639,32767,31.0
573511.721977161,PLAYBACK,left,2,0.004411535820553425,0,32842,32767,32.0
573511.721985387,PLAYBACK,left,3,-0.055048294804302955,0,32649,32767,32.0
573511.722007359,PLAYBACK,right,3,0.016687113756008287,2,32821,32652,32.0
573511.722014934,PLAYBACK,right,4,1.1015413138017855,2,31518,30771,31.0
573511.722021546,PLAYBACK,right,5,-0.00392313977268835,2,32604,32549,35.0
573511.722028249,PLAYBACK,right,6,-0.17550240329594757,2,32681,32510,35.0
573511.723178374,PLAYBACK,left,4,0.018988784618905186,0,32534,32767,32.0
573511.723201799,PLAYBACK,left,5,-0.9166404211490047,0,32780,32767,35.0
573511.723221176,PLAYBACK,right,7,0.9569196612497137,2,32917,30706,33.0
573511.725110816,PLAYBACK,left,6,0.03356603341725872,0,32769,32767,35.0
573511.725125814,PLAYBACK,left,7,0.009014877546348998,0,32729,32767,33.0
573511.725132638,PLAYBACK,left,8,-0.10069810025177439,0,32696,32767,32.0
573511.725143338,PLAYBACK,right,1,-0.5054085603112846,2,33281,33480,31.0
573511.725151444,PLAYBACK,right,2,0.08190112153810958,2,32383,32325,32.0
573511.725158477,PLAYBACK,right,3,0.017070725566490808,2,32719,32674,32.0
573511.725165882,PLAYBACK,right,4,1.1042265964751667,2,31889,30658,31.0
573511.729527811,PLAYBACK,right,5,-0.003155916151723309,2,32588,32524,35.0
573511.729567838,PLAYBACK,right,6,-0.17550240329594757,2,32774,32607,35.0
573511.729577236,PLAYBACK,right,7,0.9565360494392312,2,32880,30898,34.0
573511.729585542,PLAYBACK,right,8,0.12218036163881862,2,32781,32806,32.0
573511.72959452,PLAYBACK,right,1,-0.5069430075532164,2,33336,33342,31.0
573511.729605431,PLAYBACK,right,2,0.0822847333485921,2,32452,32285,32.0
573511.729613156,PLAYBACK,right,3,0.016687113756008287,2,32882,32612,32.0
573511.73076313,PLAYBACK,right,4,1.1072954909590305,2,31704,30555,31.0
573511.730787747,PLAYBACK,right,5,-0.002388692530756492,2,32619,32572,35.0
573511.731989281,PLAYBACK,right,6,-0.17511879148546505,2,32682,32448,35.0
573511.732047744,PLAYBACK,right,7,0.9561524376287469,2,32806,30913,33.0
573511.73320371,PLAYBACK,right,8,0.12218036163881862,2,32819,32826,32.0
573511.733223508,PLAYBACK,right,1,-0.5084774547951483,2,33492,33316,31.0
573511.734720541,PLAYBACK,right,2,0.08305195696955714,2,32525,32360,32.0
573511.734780787,PLAYBACK,right,3,0.017070725566490808,2,32660,32636,32.0
573511.734798691,PLAYBACK,right,4,1.1103643854428942,2,31715,30751,31.0
573511.73837594,PLAYBACK,right,5,-0.0016214689097914514,2,32654,32401,35.0
573511.738397111,PLAYBACK,right,6,-0.17511879148546505,2,32812,32561,35.0
573511.738405587,PLAYBACK,right,7,0.9557688258182644,2,32933,30635,34.0
573511.738414624,PLAYBACK,right,8,0.12256397344930114,2,32767,32919,32.0
573511.738431557,PLAYBACK,right,1,-0.5100119020370801,2,33541,33307,31.0
573511.738440604,PLAYBACK,right,2,0.08381918059052396,2,32373,32339,32.0
573511.739930654,PLAYBACK,right,3,0.017070725566490808,2,32748,32600,32.0
573511.740486575,PLAYBACK,right,4,1.1134332799267561,2,31754,30600,31.0
573511.740611385,PLAYBACK,right,5,-0.0012378570993071547,2,32641,32517,35.0
573511.741815123,PLAYBACK,right,6,-0.17511879148546505,2,32721,32735,35.0
573511.741885168,PLAYBACK,right,7,0.9553852140077819,2,32860,30848,34.0
573511.743069588,PLAYBACK,right,1,-0.511546349279012,2,33510,33309,31.0
573511.743156906,PLAYBACK,right,2,0.08420279240100648,2,32455,32302,32.0
573511.7431745,PLAYBACK,right,3,0.017070725566490808,2,32959,32614,32.0
573511.747647334,PLAYBACK,right,4,1.1165021744106198,2,31623,30736,31.0
573511.747673524,PLAYBACK,right,5,-0.000470633478342114,2,32638,32592,35.0
573511.747687241,PLAYBACK,right,6,-0.17511879148546505,2,32779,32641,35.0
573511.747696589,PLAYBACK,right,7,0.9550016021972993,2,32849,30719,33.0
573511.747703692,PLAYBACK,right,8,0.12256397344930114,2,32708,33119,32.0
573511.747710365,PLAYBACK,right,1,-0.5126971847104613,2,33496,33292,31.0
573511.747716778,PLAYBACK,right,2,0.0849700160219733,2,32399,32369,32.0
573511.748454789,PLAYBACK,right,3,0.017070725566490808,2,32553,32688,32.0
573511.751834798,PLAYBACK,right,4,1.119187457084001,2,31831,30525,31.0
573511.751872681,PLAYBACK,right,5,-8.702166785959364e-05,2,32559,32532,35.0
573511.751890064,PLAYBACK,right,6,-0.17511879148546505,2,32797,32643,35.0
573511.751909131,PLAYBACK,right,7,0.9550016021972993,2,32851,30868,34.0
573511.751924571,PLAYBACK,right,1,-0.5138480201419107,2,33389,33314,31.0
573511.751936073,PLAYBACK,right,2,0.08535362783245581,2,32457,32422,32.0
573511.753115283,PLAYBACK,right,3,0.017070725566490808,2,32613,32598,32.0
573511.753137346,PLAYBACK,right,4,1.1218727397573822,2,31666,30597,31.0
573511.75341985,PLAYBACK,right,5,0.0006802019531072234,2,32606,32497,35.0
573511.76085606,PLAYBACK,right,6,-0.17473517967498253,2,32763,32604,35.0
573511.760880246,PLAYBACK,right,7,0.954617990386815,2,32830,30788,33.0
573511.760892921,PLAYBACK,right,8,0.12256397344930114,2,32762,32904,32.0
573511.760904493,PLAYBACK,right,1,-0.5153824673838425,2,33588,33365,31.0
573511.760915244,PLAYBACK,right,2,0.08612085145342085,2,32427,32356,32.0
573511.760925213,PLAYBACK,right,3,0.017070725566490808,2,33040,32661,32.0
573511.760933789,PLAYBACK,right,4,1.124941634241246,2,31853,30451,31.0
573511.760942075,PLAYBACK,right,5,0.0010638137635897438,2,32666,32640,35.0
573511.760950642,PLAYBACK,right,6,-0.17473517967498253,2,32697,32662,35.0
573511.760957004,PLAYBACK,right,7,0.9542343785763325,2,32771,30923,34.0
573511.760963477,PLAYBACK,right,1,-0.5169169146257726,2,33408,33289,31.0
573511.760969488,PLAYBACK,right,2,0.08688807507438767,2,32492,32398,32.0
573511.762052033,PLAYBACK,right,3,0.017070725566490808,2,32817,32671,32.0
573511.762113321,PLAYBACK,right,4,1.1280105287251097,2,31619,30495,31.0
573511.76324997,PLAYBACK,right,5,0.0018310373845547845,2,32647,32616,35.0
573511.763268475,PLAYBACK,right,6,-0.17473517967498253,2,32762,32613,35.0
573511.763480544,PLAYBACK,right,7,0.9542343785763325,2,32735,30945,33.0
573511.769863966,PLAYBACK,right,1,-0.5184513618677045,2,33445,33169,31.0
573511.769990149,PLAYBACK,right,2,0.08765529869535271,2,32393,32458,32.0
573511.770042781,PLAYBACK,right,3,0.016687113756008287,2,32775,32614,32.0
573511.770051427,PLAYBACK,right,4,1.1303121995880065,2,31762,30616,31.0
573511.770060745,PLAYBACK,right,5,0.002214649195039081,2,32621,32424,35.0
573511.770068911,PLAYBACK,right,6,-0.17473517967498253,2,32737,32735,35.0
573511.770076386,PLAYBACK,right,7,0.9542343785763325,2,32855,30942,33.0
573511.77008403,PLAYBACK,right,8,0.12218036163881862,2,32782,32871,32.0
573511.770091324,PLAYBACK,right,1,-0.5196021972991538,2,33430,33291,31.0
573511.770098588,PLAYBACK,right,2,0.08842252231631953,2,32506,32480,32.0
573511.77010477,PLAYBACK,right,3,0.017070725566490808,2,32725,32695,32.0
573511.771337534,PLAYBACK,left,1,0.0021098649576565265,0,32859,32767,31.0
573511.771576674,PLAYBACK,right,4,1.1341483176928353,2,31601,30806,31.0
573511.771595601,PLAYBACK,right,5,0.002981872816004122,2,32645,32625,35.0
573511.773693741,PLAYBACK,left,2,0.004411535820553425,0,32646,32767,32.0
573511.77373458,PLAYBACK,left,3,-0.055048294804302955,0,32768,32767,32.0
573511.773748847,PLAYBACK,left,4,0.018988784618905186,0,32888,32767,32.0
573511.773762203,PLAYBACK,left,5,-0.9166404211490047,0,32780,32767,35.0
573511.77380207,PLAYBACK,right,6,-0.17473517967498253,2,32723,32663,35.0
573511.773814664,PLAYBACK,right,7,0.95385076676585,2,32846,30840,34.0
573511.773822489,PLAYBACK,right,1,-0.5211366445410857,2,33551,33358,31.0
573511.773829843,PLAYBACK,right,2,0.08880613412680205,2,32326,32444,32.0
573511.778561665,PLAYBACK,left,6,0.033182421606774426,0,32715,32767,35.0
573511.77860023,PLAYBACK,left,7,0.008631265735866478,0,32826,32767,33.0
573511.778611692,PLAYBACK,left,8,-0.10108171206225691,0,32774,32767,32.0
573511.77863166,PLAYBACK,right,3,0.017070725566490808,2,32639,32723,32.0
573511.778640928,PLAYBACK,right,4,1.1368336003662165,2,31415,30681,31.0
573511.778648793,PLAYBACK,right,5,0.0033654846264866423,2,32636,32453,35.0
573511.778657219,PLAYBACK,right,6,-0.17473517967498253,2,32743,32637,35.0
573511.778664734,PLAYBACK,right,7,0.9534671549553675,2,32835,30803,33.0
573511.778671848,PLAYBACK,right,8,0.12256397344930114,2,32729,32993,32.0
573511.778679092,PLAYBACK,right,1,-0.5226710917830175,2,33612,33329,31.0
573511.778686786,PLAYBACK,right,2,0.08957335774776887,2,32390,32473,32.0
573511.779837422,PLAYBACK,right,3,0.016687113756008287,2,32685,32611,32.0
573511.779868943,PLAYBACK,right,4,1.1399024948500802,2,31647,30950,31.0
573511.779879012,PLAYBACK,right,5,0.004132708247453459,2,32601,32616,35.0
573511.781109341,PLAYBACK,right,6,-0.17473517967498253,2,32776,32698,35.0
573511.781187642,PLAYBACK,right,7,0.9530835431448832,2,32859,30803,34.0
573511.782354419,PLAYBACK,right,1,-0.5238219272144669,2,33462,33307,31.0
573511.782380028,PLAYBACK,right,2,0.09034058136873391,2,32476,32398,32.0
573511.783462172,PLAYBACK,right,3,0.016687113756008287,2,32679,32643,32.0
573511.78379865,PLAYBACK,right,4,1.1433550011444265,2,31557,30848,31.0
573511.785052966,PLAYBACK,right,5,0.0048999318684185,2,32620,32688,35.0
573511.785089436,PLAYBACK,right,6,-0.17473517967498253,2,32723,32803,35.0
573511.788205186,PLAYBACK,right,7,0.9526999313344007,2,32790,30688,33.0
573511.788245483,PLAYBACK,right,8,0.12218036163881862,2,32807,33015,32.0
573511.788255463,PLAYBACK,right,1,-0.5253563744563987,2,33402,33213,31.0
573511.788265061,PLAYBACK,right,2,0.09110780498970072,2,32471,32423,32.0
573511.788274279,PLAYBACK,right,3,0.016687113756008287,2,32804,32668,32.0
573511.788281773,PLAYBACK,right,4,1.1464238956282902,2,31650,30969,31.0
573511.791752667,PLAYBACK,right,5,0.005283543678902797,2,32675,32519,35.0
573511.791854012,PLAYBACK,right,6,-0.17473517967498253,2,32762,32677,35.0
573511.791869582,PLAYBACK,right,7,0.9523163195239182,2,32863,30865,34.0
573511.791877788,PLAYBACK,right,1,-0.5265072098878463,2,33341,33388,31.0
573511.791885583,PLAYBACK,right,2,0.09149141680018325,2,32381,32323,32.0
573511.79189968,PLAYBACK,right,3,0.017070725566490808,2,32761,32735,32.0
573511.793143055,PLAYBACK,right,4,1.1494927901121539,2,31621,30853,31.0
573511.793168424,PLAYBACK,right,5,0.005667155489385317,2,32687,32571,35.0
573511.795599635,PLAYBACK,right,6,-0.1743515678645,2,32696,32732,35.0
573511.795639271,PLAYBACK,right,7,0.9523163195239182,2,32786,31064,34.0
573511.795650854,PLAYBACK,right,1,-0.5280416571297781,2,33492,33439,31.0
573511.795670972,PLAYBACK,right,2,0.09225864042114829,2,32357,32353,32.0
573511.800597389,PLAYBACK,right,3,0.016687113756008287,2,32969,32632,32.0
573511.800626265,PLAYBACK,right,4,1.1525616845960176,2,31497,30904,31.0
573511.800637527,PLAYBACK,right,5,0.006434379110350358,2,32571,32611,35.0
573511.800646764,PLAYBACK,right,6,-0.1743515678645,2,32786,32734,35.0
573511.800656403,PLAYBACK,right,7,0.9519327077134356,2,32831,31031,34.0
573511.80066517,PLAYBACK,right,8,0.12256397344930114,2,32754,32873,32.0
573511.800673416,PLAYBACK,right,1,-0.52957610437171,2,33477,33453,31.0
573511.800681702,PLAYBACK,right,2,0.0930258640421151,2,32423,32333,32.0
573511.804373301,PLAYBACK,right,3,0.016687113756008287,2,32791,32635,32.0
573511.804392097,PLAYBACK,right,4,1.1560141908903638,2,31571,30536,31.0
573511.804401605,PLAYBACK,right,5,0.0068179909208346545,2,32612,32566,35.0
573511.804410022,PLAYBACK,right,6,-0.1743515678645,2,32777,32717,35.0
573511.804417366,PLAYBACK,right,7,0.9515490959029513,2,32844,30857,34.0
573511.804424039,PLAYBACK,right,1,-0.5311105516136418,2,33416,33466,31.0
573511.805788786,PLAYBACK,right,2,0.09379308766308014,2,32439,32299,32.0
573511.805831248,PLAYBACK,right,3,0.016687113756008287,2,32655,32639,32.0
573511.805840065,PLAYBACK,right,4,1.1590830853742276,2,31763,30740,31.0
573511.809919371,PLAYBACK,right,5,0.007585214541799695,2,32630,32720,35.0
573511.80997637,PLAYBACK,right,6,-0.1743515678645,2,32778,32653,35.0
573511.809990287,PLAYBACK,right,7,0.9515490959029513,2,32776,31047,34.0
573511.810012821,PLAYBACK,right,1,-0.5322613870450912,2,33384,33475,31.0
573511.810021978,PLAYBACK,right,2,0.09456031128404696,2,32440,32320,32.0
573511.810030014,PLAYBACK,right,3,0.016687113756008287,2,32728,32598,32.0
573511.810037799,PLAYBACK,right,4,1.1621519798580913,2,31688,30779,31.0
573511.813623373,PLAYBACK,right,5,0.007968826352282216,2,32644,32470,35.0
573511.813646999,PLAYBACK,right,6,-0.17396795605401572,2,32663,32762,35.0
573511.813659593,PLAYBACK,right,7,0.9511654840924688,2,32848,31127,33.0
573511.813670003,PLAYBACK,right,8,0.12256397344930114,2,32677,33190,32.0
573511.81367891,PLAYBACK,right,1,-0.533795834287023,2,33420,33476,31.0
573511.813688779,PLAYBACK,right,2,0.095327534905012,2,32347,32316,32.0
573511.814852109,PLAYBACK,right,3,0.017070725566490808,2,32575,32628,32.0
573511.81496149,PLAYBACK,right,4,1.165220874341955,2,31690,30673,31.0
573511.816027403,PLAYBACK,right,5,0.008736049973249033,2,32630,32578,35.0
573511.816043294,PLAYBACK,right,6,-0.1743515678645,2,32818,32631,35.0
573511.818790083,PLAYBACK,right,7,0.9511654840924688,2,32792,31172,34.0
573511.818815943,PLAYBACK,right,1,-0.5349466697184724,2,33449,33463,31.0
573511.818825822,PLAYBACK,right,2,0.09571114671549452,2,32649,32344,32.0
573511.818833036,PLAYBACK,right,3,0.017070725566490808,2,32699,32665,32.0
573511.82265704,PLAYBACK,right,4,1.1682897688258187,2,31626,30884,31.0
573511.822684733,PLAYBACK,right,5,0.009503273594214073,2,32562,32651,35.0
573511.822696836,PLAYBACK,right,6,-0.17396795605401572,2,32784,33038,35.0
573511.822706445,PLAYBACK,right,7,0.9507818722819863,2,32869,31191,33.0
573511.822714781,PLAYBACK,right,8,0.12218036163881862,2,32765,32890,32.0
573511.822723017,PLAYBACK,right,1,-0.5364811169604042,2,33504,33524,31.0
573511.822732705,PLAYBACK,right,2,0.09647837033646134,2,32528,32271,32.0
573511.823416332,PLAYBACK,right,3,0.017070725566490808,2,32737,32628,32.0
573511.82699844,PLAYBACK,left,1,0.0021098649576565265,0,32767,32767,31.0
573511.827027125,PLAYBACK,left,2,0.004411535820553425,0,32695,32767,32.0
573511.827037665,PLAYBACK,left,3,-0.055048294804302955,0,32962,32767,32.0
573511.827046663,PLAYBACK,left,4,0.018988784618905186,0,32869,32767,32.0
573511.827055089,PLAYBACK,left,5,-0.9166404211490047,0,32774,32767,35.0
573511.827063866,PLAYBACK,left,6,0.033182421606774426,0,32834,32767,35.0
573511.827079145,PLAYBACK,right,4,1.1713586633096824,2,31779,30645,31.0
573511.827089185,PLAYBACK,right,5,0.01027049721518089,2,32558,32787,35.0
573511.827097851,PLAYBACK,right,6,-0.17396795605401572,2,32769,32663,35.0
573511.827105857,PLAYBACK,right,7,0.9503982604715038,2,32844,30896,34.0
573511.827113592,PLAYBACK,right,1,-0.5376319523918518,2,33356,33472,31.0
573511.827120144,PLAYBACK,right,2,0.09686198214694386,2,32523,32333,32.0
573511.831972408,PLAYBACK,left,7,0.009014877546348998,0,32753,32767,33.0
573511.832008999,PLAYBACK,left,8,-0.10108171206225691,0,32796,32767,32.0
573511.832029248,PLAYBACK,right,3,0.017070725566490808,2,32761,32643,32.0
573511.832038075,PLAYBACK,right,4,1.1744275577935461,2,31691,30938,31.0
573511.832045449,PLAYBACK,right,5,0.01065410902566341,2,32550,32800,35.0
573511.832053003,PLAYBACK,right,6,-0.1743515678645,2,32794,32716,35.0
573511.832060648,PLAYBACK,right,7,0.949631036850537,2,32939,30776,34.0
573511.832067942,PLAYBACK,right,8,0.12218036163881862,2,32744,32737,32.0
573511.832074264,PLAYBACK,right,1,-0.5387827878233011,2,33265,33543,31.0
573511.83208255,PLAYBACK,right,2,0.09762920576791068,2,32486,32307,32.0
573511.835900042,PLAYBACK,right,3,0.017070725566490808,2,32843,32639,32.0
573511.835985586,PLAYBACK,right,4,1.1774964522774098,2,31714,30753,31.0
573511.83601874,PLAYBACK,right,5,0.011421332646628451,2,32595,32829,35.0
573511.836035062,PLAYBACK,right,6,-0.17396795605401572,2,32770,32660,35.0
573511.836048157,PLAYBACK,right,7,0.949631036850537,2,32851,31033,34.0
573511.836056803,PLAYBACK,right,1,-0.5399336232547505,2,33378,33453,31.0
573511.836063657,PLAYBACK,right,2,0.09839642938887572,2,32524,32297,32.0
573511.837189344,PLAYBACK,right,3,0.017070725566490808,2,32731,32636,32.0
573511.837206267,PLAYBACK,right,4,1.1801817349507893,2,31667,30658,31.0
573511.841516798,PLAYBACK,right,5,0.011804944457112748,2,32677,32647,35.0
573511.841544832,PLAYBACK,right,6,-0.17396795605401572,2,32744,32830,35.0
573511.841552717,PLAYBACK,right,7,0.9488638132295719,2,32862,30901,34.0
573511.84155972,PLAYBACK,right,1,-0.5410844586861998,2,33409,33424,31.0
573511.841567105,PLAYBACK,right,2,0.09878004119935824,2,32488,32254,32.0
573511.841573256,PLAYBACK,right,3,0.017070725566490808,2,32858,32644,32.0
573511.841579398,PLAYBACK,right,4,1.1828670176241705,2,31506,30274,31.0
573511.845501691,PLAYBACK,right,5,0.012188556267595269,2,32659,32808,35.0
573511.845521489,PLAYBACK,right,6,-0.17396795605401572,2,32786,32629,35.0
573511.845529425,PLAYBACK,right,7,0.9488638132295719,2,32855,30830,34.0
573511.845536709,PLAYBACK,right,8,0.12218036163881862,2,32735,32780,32.0
573511.845544594,PLAYBACK,right,1,-0.5422352941176474,2,33425,33415,31.0
573511.845556297,PLAYBACK,right,2,0.09954726482032505,2,32519,32205,32.0
573511.845566246,PLAYBACK,right,3,0.017454337376973328,2,32575,32574,32.0
573511.846673227,PLAYBACK,right,4,1.1859359121080342,2,31545,30347,31.0
573511.846688036,PLAYBACK,right,5,0.01295577988856031,2,32638,32839,35.0
573511.847816699,PLAYBACK,right,6,-0.17396795605401572,2,32790,32677,35.0
573511.847850464,PLAYBACK,right,7,0.9480965896086051,2,32820,30652,34.0
573511.850544713,PLAYBACK,right,1,-0.5433861295490967,2,33278,33448,31.0
573511.850592615,PLAYBACK,right,2,0.09993087663080757,2,32495,32249,32.0
573511.850606021,PLAYBACK,right,3,0.017454337376973328,2,32665,32612,32.0
573511.850614507,PLAYBACK,right,4,1.1886211947814154,2,31756,30415,31.0
573511.85425633,PLAYBACK,right,5,0.013339391699044606,2,32670,32586,35.0
573511.854279495,PLAYBACK,right,6,-0.17396795605401572,2,32709,32598,35.0
573511.854291819,PLAYBACK,right,8,0.12218036163881862,2,32735,32890,32.0
573511.854298822,PLAYBACK,right,7,0.9477129777981226,2,32900,30704,34.0
573511.854306306,PLAYBACK,right,8,0.12218036163881862,2,32788,32960,32.0
573511.854312759,PLAYBACK,right,1,-0.5449205767910286,2,33424,33410,31.0
573511.854319502,PLAYBACK,right,2,0.10069810025177439,2,32367,32231,32.0
573511.855457413,PLAYBACK,right,3,0.017454337376973328,2,32788,32589,32.0
573511.856688163,PLAYBACK,right,4,1.1920737010757616,2,31781,30651,31.0
573511.856809397,PLAYBACK,right,5,0.014106615320009647,2,32707,32548,35.0
573511.856844254,PLAYBACK,right,6,-0.17396795605401572,2,32819,32575,35.0
573511.858028765,PLAYBACK,right,7,0.9473293659876401,2,32882,30898,33.0
573511.858045868,PLAYBACK,right,1,-0.5460714122224779,2,33383,33454,31.0
573511.859649315,PLAYBACK,right,2,0.10146532387273943,2,32361,32217,32.0
573511.859670456,PLAYBACK,right,3,0.017454337376973328,2,32751,32569,32.0
573511.863541611,PLAYBACK,right,4,1.194758983749141,2,31565,30445,31.0
573511.863557361,PLAYBACK,right,5,0.014490227130492167,2,32635,33020,35.0
573511.863565196,PLAYBACK,right,6,-0.17396795605401572,2,32786,32643,35.0
573511.863572119,PLAYBACK,right,7,0.9473293659876401,2,32828,31095,34.0
573511.863578301,PLAYBACK,right,8,0.12218036163881862,2,32788,33035,32.0
573511.863584914,PLAYBACK,right,1,-0.5472222476539255,2,33267,33439,31.0
573511.863591437,PLAYBACK,right,2,0.10223254749370447,2,32318,32187,32.0
573511.864702136,PLAYBACK,right,3,0.017454337376973328,2,33102,32550,32.0
573511.864718517,PLAYBACK,right,4,1.1978278782330047,2,31658,30770,31.0
573511.865958285,PLAYBACK,right,5,0.015257450751458984,2,32555,32740,35.0
573511.866111299,PLAYBACK,right,6,-0.17396795605401572,2,32697,32693,35.0
573511.867384862,PLAYBACK,right,7,0.9469457541771575,2,32871,31137,33.0
573511.867454255,PLAYBACK,right,1,-0.5483730830853748,2,33394,33473,31.0
573511.868468268,PLAYBACK,right,2,0.10261615930418877,2,32503,32248,32.0
573511.868486674,PLAYBACK,right,3,0.017454337376973328,2,32845,32607,32.0
573511.872371264,PLAYBACK,right,4,1.2008967727168685,2,31644,30685,31.0
573511.872390381,PLAYBACK,right,5,0.015641062561941504,2,32712,32774,35.0
573511.872401572,PLAYBACK,right,6,-0.17396795605401572,2,32762,32350,35.0
573511.87241073,PLAYBACK,right,7,0.9465621423666732,2,32866,31228,34.0
573511.872419427,PLAYBACK,right,8,0.12218036163881862,2,32766,32772,32.0
573511.872427312,PLAYBACK,right,1,-0.5499075303273067,2,33453,33434,31.0
573511.872435378,PLAYBACK,right,2,0.10338338292515381,2,32439,32154,32.0
573511.873405165,PLAYBACK,right,3,0.017454337376973328,2,32880,32540,32.0
573511.876874796,PLAYBACK,left,1,0.0021098649576565265,0,32617,32767,31.0
573511.876894995,PLAYBACK,left,2,0.004411535820553425,0,32578,32767,32.0
573511.8769028,PLAYBACK,left,3,-0.055048294804302955,0,32889,32767,32.0
573511.876912579,PLAYBACK,left,4,0.018988784618905186,0,32728,32767,32.0
573511.876919613,PLAYBACK,left,5,-0.9166404211490047,0,32787,32767,35.0
573511.876953328,PLAYBACK,right,4,1.2039656672007322,2,31824,30722,31.0
573511.87696509,PLAYBACK,right,5,0.01640828618290832,2,32687,32736,35.0
573511.876973577,PLAYBACK,right,6,-0.17396795605401572,2,32854,32555,35.0
573511.876981532,PLAYBACK,right,7,0.9461785305561907,2,32796,31137,33.0
573511.876988976,PLAYBACK,right,1,-0.551058365758756,2,33367,33378,31.0
573511.876995719,PLAYBACK,right,2,0.10376699473563633,2,32434,32113,32.0
573511.877009977,PLAYBACK,right,3,0.017454337376973328,2,32740,32655,32.0
573511.878688789,PLAYBACK,left,6,0.033182421606774426,0,32707,32767,35.0
573511.878945373,PLAYBACK,left,7,0.009014877546348998,0,32764,32767,33.0
573511.878967887,PLAYBACK,left,8,-0.10069810025177439,0,32736,32767,32.0
573511.879049494,PLAYBACK,right,4,1.2066509498741134,2,31474,30767,31.0
573511.879069242,PLAYBACK,right,5,0.017175509803873362,2,32576,32946,35.0
573511.879084642,PLAYBACK,right,6,-0.17396795605401572,2,32619,32751,35.0
573511.885639825,PLAYBACK,right,7,0.9457949187457082,2,32825,31021,34.0
573511.885690503,PLAYBACK,right,8,0.12218036163881862,2,32783,32902,32.0
573511.885712515,PLAYBACK,right,1,-0.5525928130006879,2,33232,33457,31.0
573511.885726833,PLAYBACK,right,2,0.10453421835660315,2,32355,32168,32.0
573511.885741491,PLAYBACK,right,3,0.017454337376973328,2,32624,32611,32.0
573511.885753875,PLAYBACK,right,4,1.209719844357977,2,31586,30844,31.0
573511.885768172,PLAYBACK,right,5,0.017559121614355883,2,32723,32559,35.0
573511.885781798,PLAYBACK,right,6,-0.17396795605401572,2,32797,32638,35.0
573511.885795715,PLAYBACK,right,7,0.9454113069352257,2,32825,31083,34.0
573511.885807748,PLAYBACK,right,1,-0.5537436484321372,2,33429,33448,31.0
573511.88581905,PLAYBACK,right,2,0.10530144197756819,2,32481,32185,32.0
573511.886991007,PLAYBACK,right,3,0.017454337376973328,2,32699,32563,32.0
573511.887015504,PLAYBACK,right,4,1.2127887388418408,2,31666,30869,31.0
573511.88815027,PLAYBACK,right,5,0.01794273342484018,2,32662,32830,35.0
573511.888206859,PLAYBACK,right,6,-0.17396795605401572,2,32704,32592,35.0
573511.888426011,PLAYBACK,right,7,0.9450276951247414,2,32814,31253,33.0
573511.889257642,PLAYBACK,right,1,-0.5548944838635848,2,33383,33419,31.0
573511.895121183,PLAYBACK,right,2,0.106068665598535,2,32480,32221,32.0
573511.895149608,PLAYBACK,right,3,0.017070725566490808,2,32867,32525,32.0
573511.895157964,PLAYBACK,right,4,1.2158576333257045,2,31580,30934,31.0
573511.895165589,PLAYBACK,right,5,0.0183263452353227,2,32703,32742,35.0
573511.895172633,PLAYBACK,right,6,-0.17396795605401572,2,32783,32511,35.0
573511.895179766,PLAYBACK,right,7,0.9446440833142589,2,32879,31049,34.0
573511.895186279,PLAYBACK,right,8,0.12218036163881862,2,32752,32854,32.0
573511.895193042,PLAYBACK,right,1,-0.5564289311055166,2,33606,33439,31.0
573511.895201508,PLAYBACK,right,2,0.10683588921950005,2,32423,32194,32.0
573511.895208151,PLAYBACK,right,3,0.017454337376973328,2,32776,32560,32.0
573511.898514959,PLAYBACK,right,4,1.2193101396200507,2,31535,30876,31.0
573511.898533254,PLAYBACK,right,5,0.01870995704580522,2,32614,32868,35.0
573511.898543965,PLAYBACK,right,6,-0.17396795605401572,2,32746,32681,35.0
573511.898554685,PLAYBACK,right,7,0.9438768596932938,2,32913,30912,34.0
573511.898563532,PLAYBACK,right,1,-0.5579633783474485,2,33471,33398,31.0
573511.89857281,PLAYBACK,right,2,0.10721950102998434,2,32415,32209,32.0
573511.899720089,PLAYBACK,right,3,0.017454337376973328,2,32650,32589,32.0
573511.899759505,PLAYBACK,right,4,1.2219954222934302,2,31765,30960,31.0
573511.90358371,PLAYBACK,right,5,0.01909356885628774,2,32596,32680,35.0
573511.903615361,PLAYBACK,right,6,-0.17396795605401572,2,32767,32664,35.0
573511.903624719,PLAYBACK,right,7,0.9438768596932938,2,32812,31217,34.0
573511.903632083,PLAYBACK,right,1,-0.5591142137788978,2,33447,33540,31.0
573511.903638926,PLAYBACK,right,2,0.10798672465094938,2,32349,32172,32.0
573511.90364602,PLAYBACK,right,3,0.017070725566490808,2,32867,32510,32.0
573511.907505552,PLAYBACK,right,4,1.2250643167772939,2,31592,30692,31.0
573511.907530039,PLAYBACK,right,5,0.019477180666772037,2,32680,32592,35.0
573511.907547663,PLAYBACK,right,6,-0.17396795605401572,2,32723,32517,35.0
573511.907555789,PLAYBACK,right,7,0.9434932478828095,2,32782,31342,34.0
573511.907562772,PLAYBACK,right,8,0.12218036163881862,2,32675,32957,32.0
573511.907570757,PLAYBACK,right,1,-0.5606486610208297,2,33384,33457,31.0
573511.907578051,PLAYBACK,right,2,0.1087539482719162,2,32435,32218,32.0
573511.908539713,PLAYBACK,right,3,0.017070725566490808,2,32892,32511,32.0
573511.908573418,PLAYBACK,right,4,1.2281332112611576,2,31797,30921,31.0
573511.911858564,PLAYBACK,right,5,0.019860792477254557,2,32626,32374,35.0
573511.911958146,PLAYBACK,right,6,-0.17396795605401572,2,32825,32615,35.0
573511.91199133,PLAYBACK,right,7,0.9434932478828095,2,32785,31422,33.0
573511.912030826,PLAYBACK,right,1,-0.561799496452279,2,33400,33556,31.0
573511.912058129,PLAYBACK,right,2,0.10952117189288124,2,32448,32199,32.0
573511.912077676,PLAYBACK,right,3,0.017454337376973328,2,32797,32513,32.0
573511.916684578,PLAYBACK,right,4,1.2304348821240563,2,31685,30605,31.0
573511.916728793,PLAYBACK,right,5,0.020244404287737078,2,32761,32330,35.0
573511.91674259,PLAYBACK,right,6,-0.1735843442435332,2,32702,32815,35.0
573511.9167533,PLAYBACK,right,7,0.943109636072327,2,32809,31486,34.0
573511.91676377,PLAYBACK,right,8,0.12218036163881862,2,32719,32844,32.0
573511.916773439,PLAYBACK,right,1,-0.5633339436942109,2,33458,33501,31.0
573511.916780192,PLAYBACK,right,2,0.11028839551384806,2,32443,32272,32.0
573511.916787246,PLAYBACK,right,3,0.017070725566490808,2,32800,32477,32.0
573511.920245786,PLAYBACK,right,4,1.23350377660792,2,31790,30988,31.0
573511.920262618,PLAYBACK,right,5,0.020628016098219598,2,32617,32212,35.0
573511.920297946,PLAYBACK,right,6,-0.17396795605401572,2,32800,32674,35.0
573511.920335669,PLAYBACK,right,7,0.9427260242618445,2,32830,31588,33.0
573511.920344065,PLAYBACK,right,1,-0.5644847791256584,2,33405,33517,31.0
573511.920351509,PLAYBACK,right,2,0.1110556191348131,2,32440,32187,32.0
573511.921612458,PLAYBACK,right,3,0.017454337376973328,2,32664,32511,32.0
573511.92179042,PLAYBACK,right,4,1.2361890592812994,2,31507,30906,31.0
573511.923077509,PLAYBACK,right,5,0.02101162790870212,2,32631,32171,35.0
573511.923115642,PLAYBACK,right,6,-0.1735843442435332,2,32717,32669,35.0
573511.925131705,PLAYBACK,right,7,0.942342412451362,2,32799,31755,34.0
573511.925155571,PLAYBACK,right,1,-0.5656356145571078,2,33384,33550,31.0
573511.92516562,PLAYBACK,right,2,0.11182284275577814,2,32383,32227,32.0
573511.92517602,PLAYBACK,right,3,0.017070725566490808,2,32785,32562,32.0
573511.929238493,PLAYBACK,left,1,0.0021098649576565265,0,32821,32767,31.0
573511.92925773,PLAYBACK,left,2,0.004411535820553425,0,32842,32767,32.0
573511.929266878,PLAYBACK,left,3,-0.055048294804302955,0,32662,32767,32.0
573511.929273821,PLAYBACK,left,4,0.018988784618905186,0,32892,32767,32.0
573511.929280464,PLAYBACK,left,5,-0.9166404211490047,0,32782,32767,35.0
573511.929287407,PLAYBACK,left,6,0.033182421606774426,0,32787,32767,35.0
573511.929306183,PLAYBACK,right,4,1.2388743419546806,2,31614,30962,31.0
573511.92932518,PLAYBACK,right,5,0.021395239719186415,2,32692,32084,35.0
573511.929349016,PLAYBACK,right,6,-0.1735843442435332,2,32751,32804,35.0
573511.929358865,PLAYBACK,right,7,0.942342412451362,2,32781,31576,34.0
573511.929366259,PLAYBACK,right,8,0.12218036163881862,2,32826,32850,32.0
573511.929374034,PLAYBACK,right,1,-0.5671700617990396,2,33350,33535,31.0
573511.929381649,PLAYBACK,right,2,0.11297367818722748,2,32240,32202,32.0
573511.931570173,PLAYBACK,left,7,0.008631265735866478,0,32769,32767,33.0
573511.931593257,PLAYBACK,left,8,-0.10069810025177439,0,32764,32767,32.0
573511.931611963,PLAYBACK,right,3,0.017070725566490808,2,32603,32366,32.0
573511.931620269,PLAYBACK,right,4,1.2419432364385443,2,31827,30771,31.0
573511.931627142,PLAYBACK,right,5,0.022162463340151456,2,32610,32196,35.0
573511.931634787,PLAYBACK,right,6,-0.1735843442435332,2,32826,32897,35.0
573511.932765475,PLAYBACK,right,7,0.9419588006408777,2,32812,31661,33.0
573511.932794511,PLAYBACK,right,1,-0.568320897230489,2,33430,33529,31.0
573511.933468258,PLAYBACK,right,2,0.1137409018081943,2,32257,32247,32.0
573511.938406417,PLAYBACK,right,3,0.017070725566490808,2,32928,32481,32.0
573511.938430524,PLAYBACK,right,4,1.2446285191119255,2,31784,30757,31.0
573511.938441134,PLAYBACK,right,5,0.022546075150633976,2,32616,32373,35.0
573511.93844927,PLAYBACK,right,6,-0.17320073243305067,2,32730,32732,35.0
573511.938456905,PLAYBACK,right,7,0.9415751888303951,2,32792,31570,34.0
573511.938464038,PLAYBACK,right,8,0.12218036163881862,2,32727,33206,32.0
573511.938471272,PLAYBACK,right,1,-0.5698553444724208,2,33405,33546,31.0
573511.938478226,PLAYBACK,right,2,0.11489173723964186,2,32180,32198,32.0
573511.9396385,PLAYBACK,right,3,0.017070725566490808,2,32765,32485,32.0
573511.939658048,PLAYBACK,right,4,1.247313801785305,2,31776,30606,31.0
573511.940774127,PLAYBACK,right,5,0.022929686961118273,2,32656,32250,35.0
573511.94085874,PLAYBACK,right,6,-0.17320073243305067,2,32741,32816,35.0
573511.942056025,PLAYBACK,right,7,0.9411915770199126,2,32827,31384,33.0
573511.942078849,PLAYBACK,right,1,-0.5710061799038684,2,33386,33590,31.0
573511.943204287,PLAYBACK,right,2,0.11565896086060867,2,32354,32213,32.0
573511.943218704,PLAYBACK,right,3,0.017070725566490808,2,32639,32497,32.0
573511.943721954,PLAYBACK,right,4,1.2499990844586861,2,31714,30737,31.0
573511.948446572,PLAYBACK,right,5,0.022929686961118273,2,32691,32530,35.0
573511.948487711,PLAYBACK,right,6,-0.17320073243305067,2,32732,32783,35.0
573511.948496839,PLAYBACK,right,7,0.9408079652094301,2,32847,31584,34.0
573511.948508792,PLAYBACK,right,8,0.12218036163881862,2,32781,32996,32.0
573511.948518851,PLAYBACK,right,1,-0.5721570153353177,2,33382,33623,31.0
573511.948532988,PLAYBACK,right,2,0.11642618448157371,2,32285,32214,32.0
573511.948542126,PLAYBACK,right,3,0.017070725566490808,2,32885,32421,32.0
573511.948551213,PLAYBACK,right,4,1.2526843671320673,2,31860,30407,31.0
573511.95136941,PLAYBACK,right,5,0.023313298771600793,2,32740,32293,35.0
573511.951412584,PLAYBACK,right,6,-0.17320073243305067,2,32780,32489,35.0
573511.951424577,PLAYBACK,right,7,0.9404243533989458,2,32763,31572,34.0
573511.951434406,PLAYBACK,right,1,-0.573307850766767,2,33350,33568,31.0
573511.951444415,PLAYBACK,right,2,0.11719340810254053,2,32332,32173,32.0
573511.952602465,PLAYBACK,right,3,0.017070725566490808,2,32657,32496,32.0
573511.952624046,PLAYBACK,right,4,1.2553696498054467,2,31781,30558,31.0
573511.953427664,PLAYBACK,right,5,0.023696910582083314,2,32706,32279,35.0
573511.95634403,PLAYBACK,right,6,-0.17320073243305067,2,32796,32937,35.0
573511.956359199,PLAYBACK,right,7,0.9396571297779808,2,32869,31266,33.0
573511.956366774,PLAYBACK,right,1,-0.5740750743877321,2,33347,33524,31.0
573511.956373947,PLAYBACK,right,2,0.11834424353398987,2,32272,32164,32.0
573511.95638073,PLAYBACK,right,3,0.017070725566490808,2,32772,32458,32.0
573511.961561787,PLAYBACK,right,4,1.2576713206683454,2,31985,30161,31.0
573511.96158903,PLAYBACK,right,5,0.024080522392565834,2,32592,32346,35.0
573511.961599159,PLAYBACK,right,6,-0.17320073243305067,2,32743,32658,35.0
573511.961606133,PLAYBACK,right,7,0.9392735179674983,2,32942,31206,34.0
573511.961613026,PLAYBACK,right,8,0.12218036163881862,2,32732,32888,32.0
573511.961619859,PLAYBACK,right,1,-0.575609521629664,2,33250,33537,31.0
573511.961627003,PLAYBACK,right,2,0.11949507896543743,2,32381,32213,32.0
573511.961639096,PLAYBACK,right,3,0.017070725566490808,2,32917,32467,32.0
573511.961645539,PLAYBACK,right,4,1.2607402151522091,2,31759,30191,31.0
573511.965118316,PLAYBACK,right,5,0.02484774601353265,2,32657,32056,35.0
573511.96513594,PLAYBACK,right,6,-0.17320073243305067,2,32836,32822,35.0
573511.965144487,PLAYBACK,right,7,0.9385062943465314,2,32927,31301,34.0
573511.96515635,PLAYBACK,right,8,0.12218036163881862,2,32736,32941,32.0
573511.965166259,PLAYBACK,right,1,-0.5771439688715958,2,33472,33478,31.0
573511.965175787,PLAYBACK,right,2,0.12064591439688677,2,32378,32322,32.0
573511.966295844,PLAYBACK,right,3,0.017070725566490808,2,32718,32456,32.0
573511.966313368,PLAYBACK,right,4,1.263041886015106,2,31971,30304,31.0
573511.96742566,PLAYBACK,right,5,0.02523135782401517,2,32759,32427,35.0
573511.970068229,PLAYBACK,right,6,-0.17320073243305067,2,32754,32611,35.0
573511.970096523,PLAYBACK,right,7,0.9385062943465314,2,32835,31712,34.0
573511.97010505,PLAYBACK,right,1,-0.5782948043030451,2,33454,33435,31.0
573511.970112153,PLAYBACK,right,2,0.12141313801785181,2,32263,32255,32.0
573511.970119397,PLAYBACK,right,3,0.017070725566490808,2,32798,32492,32.0
573511.97410899,PLAYBACK,right,4,1.2653435568780047,2,31885,30417,31.0
573511.974170989,PLAYBACK,right,5,0.02599858144498199,2,32635,32618,35.0
573511.97418713,PLAYBACK,right,6,-0.17320073243305067,2,32781,32785,35.0
573511.974200676,PLAYBACK,right,7,0.9381226825360489,2,32843,31732,33.0
573511.974212118,PLAYBACK,right,8,0.12218036163881862,2,32833,33068,32.0
573511.974222108,PLAYBACK,right,1,-0.5794456397344945,2,33225,33483,31.0
573511.974229823,PLAYBACK,right,2,0.12256397344930114,2,32205,32259,32.0
573511.975362524,PLAYBACK,right,3,0.017070725566490808,2,32891,32533,32.0
573511.975379707,PLAYBACK,right,4,1.2680288395513841,2,31759,30639,31.0
573511.97653456,PLAYBACK,left,1,0.0017262531471740061,0,32835,32767,31.0
573511.976552495,PLAYBACK,right,5,0.02599858144498199,2,32603,32249,35.0
573511.976560711,PLAYBACK,right,6,-0.17320073243305067,2,32746,32657,35.0
573511.977657703,PLAYBACK,left,2,0.004411535820553425,0,32727,32767,32.0
573511.977678323,PLAYBACK,left,3,-0.055048294804302955,0,32551,32767,32.0
573511.977693402,PLAYBACK,right,7,0.9377390707255664,2,32856,31474,33.0
573511.977703943,PLAYBACK,right,1,-0.580596475165942,2,33278,33490,31.0
573511.979090863,PLAYBACK,left,4,0.018988784618905186,0,32796,32767,32.0
573511.979109389,PLAYBACK,left,5,-0.9166404211490047,0,32773,32767,35.0
573511.979130199,PLAYBACK,right,2,0.12371480888075048,2,32275,32240,32.0
573511.979139888,PLAYBACK,right,3,0.017070725566490808,2,32781,32504,32.0
573511.983211368,PLAYBACK,left,6,0.033182421606774426,0,32755,32767,35.0
573511.983235354,PLAYBACK,left,7,0.008631265735866478,0,32844,32767,33.0
573511.983244642,PLAYBACK,left,8,-0.10069810025177439,0,32715,32767,32.0
573511.983261535,PLAYBACK,right,4,1.2707141222247653,2,31920,30620,31.0
573511.983271323,PLAYBACK,right,5,0.02638219325546451,2,32753,32233,35.0
573511.98327992,PLAYBACK,right,6,-0.17320073243305067,2,32758,32597,35.0
573511.983286793,PLAYBACK,right,7,0.9373554589150839,2,32871,31653,34.0
573511.983293606,PLAYBACK,right,8,0.12218036163881862,2,32764,33008,32.0
573511.983300279,PLAYBACK,right,1,-0.5817473105973914,2,33469,33555,31.0
573511.983309337,PLAYBACK,right,2,0.12486564431219982,2,32197,32190,32.0
573511.984464892,PLAYBACK,right,3,0.017070725566490808,2,32901,32527,32.0
573511.984480542,PLAYBACK,right,4,1.2733994048981465,2,31978,30927,31.0
573511.987176934,PLAYBACK,right,5,0.02714941687642955,2,32576,32410,35.0
573511.987208966,PLAYBACK,right,6,-0.17320073243305067,2,32810,32612,35.0
573511.987217533,PLAYBACK,right,7,0.9369718471045996,2,32818,31845,34.0
573511.987226039,PLAYBACK,right,1,-0.5828981460288407,2,33407,33481,31.0
573511.987234596,PLAYBACK,right,2,0.12601647974364738,2,32242,32184,32.0
573511.988688566,PLAYBACK,right,3,0.017070725566490808,2,32732,32539,32.0
573511.988736829,PLAYBACK,right,4,1.2757010757610434,2,31772,31009,31.0
573511.996344689,PLAYBACK,right,5,0.02714941687642955,2,32735,31982,35.0
573511.99637108,PLAYBACK,right,6,-0.17320073243305067,2,32780,32732,35.0
573511.99638154,PLAYBACK,right,7,0.936588235294117,2,32838,31843,34.0
573511.99639183,PLAYBACK,right,8,0.12218036163881862,2,32745,33146,32.0
573511.996401959,PLAYBACK,right,1,-0.5844325932707726,2,33378,33474,31.0
573511.996411938,PLAYBACK,right,2,0.12716731517509672,2,32179,32246,32.0
573511.996422008,PLAYBACK,right,3,0.017070725566490808,2,32879,32480,32.0
573511.996431255,PLAYBACK,right,4,1.2787699702449071,2,31744,31082,31.0
573511.996443188,PLAYBACK,right,5,0.027916640497396367,2,32722,32359,35.0
573511.996453328,PLAYBACK,right,6,-0.17320073243305067,2,32782,32626,35.0
573511.996473176,PLAYBACK,right,7,0.9362046234836345,2,32915,31506,34.0
573511.996482324,PLAYBACK,right,1,-0.5855834287022201,2,33319,33421,31.0
573511.996490991,PLAYBACK,right,2,0.12831815060654606,2,32313,32262,32.0
573511.99762286,PLAYBACK,right,3,0.017454337376973328,2,32660,32455,32.0
573511.997647728,PLAYBACK,right,4,1.281071641107804,2,31666,30781,31.0
573511.998458179,PLAYBACK,right,5,0.027916640497396367,2,32646,32139,35.0
573512.000639049,PLAYBACK,right,6,-0.17320073243305067,2,32709,32797,35.0
573512.000660971,PLAYBACK,right,7,0.935821011673152,2,32868,31642,33.0
573512.000671722,PLAYBACK,right,1,-0.587117875944152,2,33454,33440,31.0
573512.00068136,PLAYBACK,right,2,0.1290853742275111,2,32242,32236,32.0
573512.006161743,PLAYBACK,right,3,0.017070725566490808,2,32709,32432,32.0
573512.006205147,PLAYBACK,right,4,1.2837569237811852,2,31766,30826,31.0
573512.006218783,PLAYBACK,right,5,0.028300252307878887,2,32718,32200,35.0
573512.006229684,PLAYBACK,right,6,-0.17320073243305067,2,32769,32645,35.0
573512.006238431,PLAYBACK,right,7,0.9354373998626677,2,32816,31576,34.0
573512.006247478,PLAYBACK,right,8,0.12256397344930114,2,32732,32877,32.0
573512.006256666,PLAYBACK,right,1,-0.5886523231860838,2,33447,33361,31.0
573512.006265984,PLAYBACK,right,2,0.13061982146944295,2,32084,32248,32.0
573512.006272897,PLAYBACK,right,3,0.017070725566490808,2,32862,32506,32.0
573512.009898179,PLAYBACK,right,4,1.2864422064545664,2,31970,30667,31.0
573512.009947373,PLAYBACK,right,5,0.029067475928845704,2,32707,32006,35.0
573512.009962232,PLAYBACK,right,6,-0.17281712062256815,2,32748,32657,35.0
573512.009971851,PLAYBACK,right,7,0.9350537880521852,2,32854,31723,34.0
573512.009980647,PLAYBACK,right,1,-0.5898031586175332,2,33479,33538,31.0
573512.009991629,PLAYBACK,right,2,0.13138704509040977,2,32188,32178,32.0
573512.01001847,PLAYBACK,right,3,0.017070725566490808,2,32813,32462,32.0
573512.011304296,PLAYBACK,right,4,1.2891274891279458,2,31655,30986,31.0
573512.011340135,PLAYBACK,right,5,0.029451087739328224,2,32698,32209,35.0
573512.014704023,PLAYBACK,right,6,-0.17281712062256815,2,32767,32842,35.0
573512.014741064,PLAYBACK,right,7,0.9346701762417027,2,32828,31518,34.0
573512.014750623,PLAYBACK,right,1,-0.591337605859465,2,33445,33504,31.0
573512.014758248,PLAYBACK,right,2,0.13253788052185733,2,32310,32208,32.0
573512.014765762,PLAYBACK,right,3,0.017454337376973328,2,32784,32428,32.0
573512.014773848,PLAYBACK,right,4,1.291812771801327,2,32015,30908,31.0
573512.01842588,PLAYBACK,right,5,0.029451087739328224,2,32680,32016,35.0
573512.01844643,PLAYBACK,right,6,-0.17281712062256815,2,32787,32712,35.0
573512.018461529,PLAYBACK,right,7,0.9346701762417027,2,32787,31909,34.0
573512.018468823,PLAYBACK,right,8,0.12256397344930114,2,32776,33060,32.0
573512.018476448,PLAYBACK,right,1,-0.5924884412909144,2,33399,33496,31.0
573512.018484493,PLAYBACK,right,2,0.13368871595330667,2,32181,32197,32.0
573512.019653935,PLAYBACK,right,3,0.017454337376973328,2,32817,32469,32.0
573512.019673804,PLAYBACK,right,4,1.2944980544747082,2,31662,30760,31.0
573512.020778962,PLAYBACK,right,5,0.030218311360293265,2,32676,31923,35.0
573512.020792999,PLAYBACK,right,6,-0.17281712062256815,2,32811,32858,35.0
573512.021929577,PLAYBACK,right,7,0.9346701762417027,2,32820,32136,34.0
573512.021946881,PLAYBACK,right,1,-0.5936392767223619,2,33390,33559,31.0
573512.023559667,PLAYBACK,right,2,0.1344559395742735,2,32257,32120,32.0
573512.023586448,PLAYBACK,right,3,0.017454337376973328,2,32690,32444,32.0
573512.027586942,PLAYBACK,right,4,1.2967997253376051,2,31842,30559,31.0
573512.0276065,PLAYBACK,right,5,0.030601923170775785,2,32679,32174,35.0
573512.027618773,PLAYBACK,right,6,-0.17281712062256815,2,32729,32786,35.0
573512.027628602,PLAYBACK,right,7,0.9346701762417027,2,32778,32244,34.0
573512.027636628,PLAYBACK,right,8,0.12218036163881862,2,32851,32978,32.0
573512.027645234,PLAYBACK,right,1,-0.5955573357747781,2,33503,33451,31.0
573512.027654262,PLAYBACK,right,2,0.13599038681620534,2,32167,32187,32.0
573512.028428713,PLAYBACK,right,3,0.017070725566490808,2,32894,32449,32.0
573512.03161055,PLAYBACK,left,1,0.0021098649576565265,0,32668,32767,31.0
573512.031623665,PLAYBACK,left,2,0.004411535820553425,0,32684,32767,32.0
573512.03163119,PLAYBACK,left,3,-0.055431906614785476,0,33117,32767,32.0
573512.031637262,PLAYBACK,left,4,0.018988784618905186,0,32771,32767,32.0
573512.031643634,PLAYBACK,left,5,-0.9166404211490047,0,32782,32767,35.0
573512.031649565,PLAYBACK,left,6,0.033182421606774426,0,32772,32767,35.0
573512.03166233,PLAYBACK,right,4,1.2994850080109863,2,31914,30698,31.0
573512.031669854,PLAYBACK,right,5,0.030985534981260082,2,32680,31921,35.0
573512.031676337,PLAYBACK,right,6,-0.17281712062256815,2,32765,32693,35.0
573512.031683611,PLAYBACK,right,7,0.9342865644312202,2,32822,32175,33.0
573512.031690885,PLAYBACK,right,1,-0.5967081712062257,2,33544,33513,31.0
573512.031696926,PLAYBACK,right,2,0.13675761043717038,2,32301,32111,32.0
573512.03279962,PLAYBACK,left,7,0.008631265735866478,0,32815,32767,33.0
573512.032818155,PLAYBACK,left,8,-0.10108171206225691,0,32750,32767,32.0
573512.032831782,PLAYBACK,right,3,0.017070725566490808,2,32740,32400,32.0
573512.032839216,PLAYBACK,right,4,1.3014030670634007,2,32062,30701,31.0
573512.039032292,PLAYBACK,right,5,0.0313691467917426,2,32750,32108,35.0
573512.03906761,PLAYBACK,right,6,-0.17320073243305067,2,32835,32781,35.0
573512.039077449,PLAYBACK,right,7,0.9342865644312202,2,32773,32286,34.0
573512.039085805,PLAYBACK,right,8,0.12218036163881862,2,32844,32802,32.0
573512.039094091,PLAYBACK,right,1,-0.5982426184481575,2,33391,33491,31.0
573512.039103028,PLAYBACK,right,2,0.1375248340581372,2,32351,32124,32.0
573512.039110302,PLAYBACK,right,3,0.017070725566490808,2,32907,32427,32.0
573512.039118107,PLAYBACK,right,4,1.3037047379262994,2,31960,30746,31.0
573512.039125311,PLAYBACK,right,5,0.03175275860222512,2,32734,32193,35.0
573512.039136433,PLAYBACK,right,6,-0.17281712062256815,2,32733,32772,35.0
573512.040158851,PLAYBACK,right,7,0.9339029526207359,2,32906,32393,33.0
573512.040176265,PLAYBACK,right,1,-0.5990098420691243,2,33355,33590,31.0
573512.041396705,PLAYBACK,right,2,0.13829205767910224,2,32370,32141,32.0
573512.041434227,PLAYBACK,right,3,0.017454337376973328,2,32883,32512,32.0
573512.041444728,PLAYBACK,right,4,1.3060064087891963,2,31909,30817,31.0
573512.042589312,PLAYBACK,right,5,0.03251998222319194,2,32564,32408,35.0
573512.042612346,PLAYBACK,right,6,-0.17281712062256815,2,32810,32744,35.0
573512.043482732,PLAYBACK,right,7,0.9339029526207359,2,32845,32241,33.0
573512.049353087,PLAYBACK,right,1,-0.6001606775005737,2,33312,33539,31.0
573512.049371322,PLAYBACK,right,2,0.13944289311055158,2,32321,32159,32.0
573512.049379688,PLAYBACK,right,3,0.017454337376973328,2,32705,32423,32.0
573512.049387723,PLAYBACK,right,4,1.3079244678416106,2,31947,30710,31.0
573512.049394526,PLAYBACK,right,5,0.03290359403367446,2,32675,32170,35.0
573512.049404967,PLAYBACK,right,6,-0.17320073243305067,2,32784,32754,35.0
573512.049411649,PLAYBACK,right,7,0.9331357289997708,2,32817,31924,34.0
573512.049418262,PLAYBACK,right,8,0.12218036163881862,2,32778,32866,32.0
573512.049434724,PLAYBACK,right,1,-0.6013115129320212,2,33360,33575,31.0
573512.049441717,PLAYBACK,right,2,0.14021011673151662,2,32365,32191,32.0
573512.050592544,PLAYBACK,right,3,0.017454337376973328,2,32808,32418,32.0
573512.050623513,PLAYBACK,right,4,1.3106097505149918,2,32020,30570,31.0
573512.051762196,PLAYBACK,right,5,0.03328720584415698,2,32723,32348,35.0
573512.051787465,PLAYBACK,right,6,-0.17281712062256815,2,32771,32807,35.0
573512.052919445,PLAYBACK,right,7,0.9327521171892883,2,32892,31607,33.0
573512.052943471,PLAYBACK,right,1,-0.6024623483634706,2,33320,33625,31.0
573512.053711901,PLAYBACK,right,2,0.14136095216296596,2,32358,32108,32.0
573512.058216485,PLAYBACK,right,3,0.017454337376973328,2,32836,32461,32.0
573512.058247986,PLAYBACK,right,4,1.3125278095674062,2,32053,30810,31.0
573512.058259297,PLAYBACK,right,5,0.03443804127560632,2,32558,32692,35.0
573512.058270489,PLAYBACK,right,6,-0.17281712062256815,2,32730,32942,35.0
573512.058289526,PLAYBACK,right,7,0.9319848935683215,2,32892,31641,34.0
573512.058297872,PLAYBACK,right,8,0.12256397344930114,2,32724,32949,32.0
573512.058304805,PLAYBACK,right,1,-0.6036131837949199,2,33258,33576,31.0
573512.05831244,PLAYBACK,right,2,0.142128175783931,2,32314,32120,32.0
573512.062609124,PLAYBACK,right,3,0.017837949187457625,2,32756,32429,32.0
573512.062634773,PLAYBACK,right,4,1.3152130922407874,2,31909,30687,31.0
573512.062645985,PLAYBACK,right,5,0.03482165308608884,2,32567,32443,35.0
573512.062654321,PLAYBACK,right,6,-0.17281712062256815,2,32769,32683,35.0
573512.062699458,PLAYBACK,right,7,0.931601281757839,2,32841,31465,34.0
573512.062815812,PLAYBACK,right,1,-0.6047640192263675,2,33360,33601,31.0
573512.062870607,PLAYBACK,right,2,0.14327901121538034,2,32325,32090,32.0
573512.063560856,PLAYBACK,right,3,0.017454337376973328,2,33016,32383,32.0
573512.063585053,PLAYBACK,right,4,1.3171311512932018,2,31992,30576,31.0
573512.067089902,PLAYBACK,right,5,0.03482165308608884,2,32804,32211,35.0
573512.067266823,PLAYBACK,right,6,-0.17281712062256815,2,32771,32726,35.0
573512.067305698,PLAYBACK,right,7,0.9312176699473564,2,32886,31379,34.0
573512.067347108,PLAYBACK,right,8,0.12218036163881862,2,32812,32709,32.0
573512.067356165,PLAYBACK,right,1,-0.6059148546578168,2,33370,33554,31.0
573512.06736377,PLAYBACK,right,2,0.14404623483634715,2,32240,32165,32.0
573512.071141204,PLAYBACK,right,3,0.017837949187457625,2,32616,32425,32.0
573512.071168997,PLAYBACK,right,4,1.3194328221560987,2,31965,30709,31.0
573512.071181482,PLAYBACK,right,5,0.035972488517538176,2,32600,32596,35.0
573512.071192142,PLAYBACK,right,6,-0.17281712062256815,2,32689,32589,35.0
573512.071206039,PLAYBACK,right,7,0.9304504463263896,2,32913,31417,34.0
573512.071219735,PLAYBACK,right,1,-0.6070656900892661,2,33284,33469,31.0
573512.071230867,PLAYBACK,right,2,0.14519707026779471,2,32199,32161,32.0
573512.076645925,PLAYBACK,right,3,0.017837949187457625,2,32724,32281,32.0
573512.07670592,PLAYBACK,right,4,1.3213508812085148,2,32110,30303,31.0
573512.076717172,PLAYBACK,right,5,0.036356100328020696,2,32642,32283,35.0
573512.076725758,PLAYBACK,right,6,-0.17281712062256815,2,32786,32706,35.0
573512.076741519,PLAYBACK,right,7,0.9304504463263896,2,32849,31502,33.0
573512.076776005,PLAYBACK,right,1,-0.6082165255207155,2,33513,33491,31.0
573512.076790613,PLAYBACK,right,2,0.14596429388876153,2,32368,32099,32.0
573512.07679916,PLAYBACK,right,3,0.017837949187457625,2,32612,32381,32.0
573512.076805953,PLAYBACK,right,4,1.3232689402609292,2,32093,30326,31.0
573512.078017045,PLAYBACK,right,5,0.03712332394898751,2,32673,32390,35.0
573512.078047413,PLAYBACK,right,6,-0.17243350881208386,2,32754,32681,35.0
573512.082559031,PLAYBACK,right,7,0.9300668345159071,2,32801,31482,34.0
573512.082629587,PLAYBACK,right,1,-0.6089837491416805,2,33190,33609,31.0
573512.082639897,PLAYBACK,right,2,0.14673151750972657,2,32276,32140,32.0
573512.082648604,PLAYBACK,right,3,0.017837949187457625,2,32729,32305,32.0
573512.082656589,PLAYBACK,right,4,1.3251869993133436,2,32026,30514,31.0
573512.082664064,PLAYBACK,right,5,0.037506935759470034,2,32615,32370,35.0
573512.082671839,PLAYBACK,right,6,-0.17281712062256815,2,32744,32595,35.0
573512.086140057,PLAYBACK,right,7,0.9296832227054246,2,32836,31494,33.0
573512.086150818,PLAYBACK,right,8,0.12256397344930114,2,32739,32779,32.0
573512.086163312,PLAYBACK,right,8,0.12256397344930114,2,32776,32851,32.0
573512.086170616,PLAYBACK,right,1,-0.6105181963836124,2,33405,33550,31.0
573512.086178481,PLAYBACK,right,2,0.1478823529411759,2,32196,32180,32.0
573512.086185034,PLAYBACK,right,3,0.017837949187457625,2,32705,32276,32.0
573512.086191777,PLAYBACK,right,4,1.3278722819867248,2,31784,30476,31.0
573512.086595795,PLAYBACK,left,1,0.0021098649576565265,0,32625,32767,31.0
573512.086606926,PLAYBACK,left,2,0.004411535820553425,0,32835,32767,32.0
573512.086615192,PLAYBACK,left,3,-0.055048294804302955,0,32727,32767,32.0
573512.086622536,PLAYBACK,left,4,0.018988784618905186,0,32817,32767,32.0
573512.08662942,PLAYBACK,left,5,-0.9166404211490047,0,32814,32767,35.0
573512.086636042,PLAYBACK,left,6,0.033182421606774426,0,32739,32767,35.0
573512.086642294,PLAYBACK,left,7,0.008631265735866478,0,32752,32767,33.0
573512.091412751,PLAYBACK,left,8,-0.10069810025177439,0,32718,32767,32.0
573512.091530678,PLAYBACK,right,5,0.037890547569952554,2,32669,32228,35.0
573512.091553913,PLAYBACK,right,6,-0.17281712062256815,2,32687,32578,35.0
573512.091566186,PLAYBACK,right,7,0.9289159990844578,2,32906,31477,33.0
573512.091577228,PLAYBACK,right,1,-0.6112854200045792,2,33245,33563,31.0
573512.091588279,PLAYBACK,right,2,0.14903318837262525,2,32331,32269,32.0
573512.091598449,PLAYBACK,right,3,0.017837949187457625,2,32674,32290,32.0
573512.091609129,PLAYBACK,right,4,1.3294067292286567,2,31945,30614,31.0
573512.091624328,PLAYBACK,right,5,0.03865777119091937,2,32617,32348,35.0
573512.091643886,PLAYBACK,right,6,-0.17243350881208386,2,32696,32622,35.0
573512.094915827,PLAYBACK,right,7,0.9289159990844578,2,32719,31625,34.0
573512.09493327,PLAYBACK,right,8,0.12218036163881862,2,32880,33102,32.0
573512.094942238,PLAYBACK,right,1,-0.6124362554360268,2,33277,33539,31.0
573512.094950524,PLAYBACK,right,2,0.1498004119935903,2,32226,32224,32.0
573512.094958379,PLAYBACK,right,3,0.017837949187457625,2,32831,32358,32.0
573512.094964741,PLAYBACK,right,4,1.3317084000915536,2,32181,30614,31.0
573512.096039631,PLAYBACK,right,5,0.03942499481188441,2,32633,32509,35.0
573512.097148787,PLAYBACK,right,6,-0.17281712062256815,2,32748,32736,35.0
573512.097163034,PLAYBACK,right,7,0.9285323872739752,2,32782,31441,33.0
573512.098269164,PLAYBACK,right,1,-0.6135870908674761,2,33317,33507,31.0
573512.098290555,PLAYBACK,right,2,0.15095124742503963,2,32327,32230,32.0
573512.098731084,PLAYBACK,right,3,0.017837949187457625,2,32838,32409,32.0
573512.099869065,PLAYBACK,right,4,1.333626459143968,2,32039,30421,31.0
573512.099893743,PLAYBACK,right,5,0.03980860662236693,2,32646,32156,35.0
573512.101057594,PLAYBACK,right,6,-0.17243350881208386,2,32820,32838,35.0
573512.101095928,PLAYBACK,right,7,0.9281487754634927,2,32892,31398,34.0
573512.102393146,PLAYBACK,right,8,0.12256397344930114,2,32742,32841,32.0
573512.102434656,PLAYBACK,right,1,-0.6147379262989254,2,33318,33533,31.0
573512.103483465,PLAYBACK,right,2,0.15210208285648896,2,32193,32349,32.0
573512.103519755,PLAYBACK,right,3,0.017837949187457625,2,32780,32312,32.0
573512.107511121,PLAYBACK,right,4,1.3359281300068666,2,32012,30494,31.0
573512.107537282,PLAYBACK,right,5,0.04057583024333375,2,32678,32360,35.0
573512.107548293,PLAYBACK,right,6,-0.17243350881208386,2,32770,32815,35.0
573512.107556509,PLAYBACK,right,7,0.9277651636530102,2,32883,31461,34.0
573512.107564214,PLAYBACK,right,1,-0.615888761730373,2,33240,33586,31.0
573512.107573411,PLAYBACK,right,2,0.15325291828793652,2,32273,32357,32.0
573512.107580004,PLAYBACK,right,3,0.017837949187457625,2,32873,32302,32.0
573512.108497942,PLAYBACK,right,4,1.337846189059281,2,32101,30464,31.0
573512.111845578,PLAYBACK,right,5,0.04095944205381627,2,32626,32264,35.0
573512.11186749,PLAYBACK,right,6,-0.17243350881208386,2,32774,32787,35.0
573512.111877199,PLAYBACK,right,7,0.9273815518425259,2,32790,31265,34.0
573512.111885445,PLAYBACK,right,1,-0.6166559853513398,2,33319,33521,31.0
573512.111892478,PLAYBACK,right,2,0.15440375371938586,2,32117,32310,32.0
573512.111901255,PLAYBACK,right,3,0.017837949187457625,2,32804,32258,32.0
573512.114938384,PLAYBACK,right,4,1.3393806363012128,2,32019,30366,31.0
573512.114982118,PLAYBACK,right,5,0.04172666567478131,2,32660,32408,35.0
573512.114996736,PLAYBACK,right,6,-0.17243350881208386,2,32741,32720,35.0
573512.115030772,PLAYBACK,right,7,0.9266143282215609,2,32846,31197,34.0
573512.115040561,PLAYBACK,right,8,0.12256397344930114,2,32774,32828,32.0
573512.120420852,PLAYBACK,right,1,-0.6181904325932717,2,33304,33479,31.0
573512.120444718,PLAYBACK,right,2,0.1555545891508352,2,32199,32342,32.0
573512.120455037,PLAYBACK,right,3,0.017837949187457625,2,32613,32221,32.0
573512.120462301,PLAYBACK,right,4,1.3416823071641097,2,31903,30658,31.0
573512.120491638,PLAYBACK,right,5,0.04249388929574813,2,32598,32327,35.0
573512.120501667,PLAYBACK,right,6,-0.17243350881208386,2,32719,32928,35.0
573512.120510174,PLAYBACK,right,7,0.9266143282215609,2,32864,31493,33.0
573512.120517418,PLAYBACK,right,1,-0.6189576562142367,2,33320,33475,31.0
573512.12052376,PLAYBACK,right,2,0.15670542458228454,2,32222,32299,32.0
573512.121709022,PLAYBACK,right,3,0.017837949187457625,2,32729,32311,32.0
573512.121742336,PLAYBACK,right,4,1.3439839780270084,2,31906,30673,31.0
573512.12293876,PLAYBACK,right,5,0.04287750110623065,2,32653,32266,35.0
573512.12297493,PLAYBACK,right,6,-0.17243350881208386,2,32782,32656,35.0
573512.123477868,PLAYBACK,right,7,0.9262307164110783,2,32872,31432,34.0
573512.125162663,PLAYBACK,right,1,-0.620108491645686,2,33356,33462,31.0
573512.125206027,PLAYBACK,right,2,0.1578562600137321,2,32206,32294,32.0
573512.125215294,PLAYBACK,right,3,0.017837949187457625,2,32780,32254,32.0
573512.129638973,PLAYBACK,right,4,1.3459020370794228,2,31962,30589,31.0
573512.129680874,PLAYBACK,right,5,0.043644724727197465,2,32651,32296,35.0
573512.129694941,PLAYBACK,right,6,-0.17243350881208386,2,32774,32703,35.0
573512.129703217,PLAYBACK,right,7,0.925847104600594,2,32882,31080,33.0
573512.12971033,PLAYBACK,right,8,0.12256397344930114,2,32736,32846,32.0
573512.129717113,PLAYBACK,right,1,-0.6216429388876179,2,33458,33415,31.0
573512.129724387,PLAYBACK,right,2,0.15900709544518143,2,32314,32353,32.0
573512.129731621,PLAYBACK,right,3,0.017837949187457625,2,32716,32300,32.0
573512.134021442,PLAYBACK,left,1,0.0021098649576565265,0,32788,32767,31.0
573512.134050809,PLAYBACK,left,2,0.004411535820553425,0,32845,32767,32.0
573512.134060277,PLAYBACK,left,3,-0.055048294804302955,0,32853,32767,32.0
573512.134068583,PLAYBACK,left,4,0.018988784618905186,0,32686,32767,32.0
573512.134088511,PLAYBACK,left,5,-0.9166404211490047,0,32806,32767,35.0
573512.134173635,PLAYBACK,left,6,0.033182421606774426,0,32792,32767,35.0
573512.13421744,PLAYBACK,right,4,1.3482037079423197,2,32179,31090,31.0
573512.134227319,PLAYBACK,right,5,0.044028336537679985,2,32679,32156,35.0
573512.134236116,PLAYBACK,right,6,-0.17243350881208386,2,32737,32831,35.0
573512.13425428,PLAYBACK,right,7,0.925079880979629,2,32976,31157,34.0
573512.134290921,PLAYBACK,right,1,-0.6227937743190672,2,33378,33486,31.0
573512.134427213,PLAYBACK,right,2,0.16015793087663077,2,32259,32240,32.0
573512.134447673,PLAYBACK,right,3,0.018221560997940145,2,32607,32220,32.0
573512.136798871,PLAYBACK,left,7,0.008631265735866478,0,32774,32767,33.0
573512.136837485,PLAYBACK,left,8,-0.10108171206225691,0,32789,32767,32.0
573512.136879145,PLAYBACK,right,4,1.3501217669947359,2,31871,30670,31.0
573512.136893954,PLAYBACK,right,5,0.04517917196912932,2,32610,32454,35.0
573512.136902711,PLAYBACK,right,6,-0.17243350881208386,2,32757,32714,35.0
573512.136910957,PLAYBACK,right,7,0.925079880979629,2,32837,31111,34.0
573512.136919192,PLAYBACK,right,1,-0.6239446097505148,2,33369,33460,31.0
573512.138445251,PLAYBACK,right,2,0.1609251544975958,2,32372,32316,32.0
573512.138464147,PLAYBACK,right,3,0.018221560997940145,2,32846,32257,32.0
573512.142753507,PLAYBACK,right,4,1.3524234378576327,2,31945,30647,31.0
573512.142774929,PLAYBACK,right,5,0.04556278377961184,2,32584,32414,35.0
573512.142784828,PLAYBACK,right,6,-0.17243350881208386,2,32732,32765,35.0
573512.142792653,PLAYBACK,right,7,0.9243126573586622,2,32882,31051,33.0
573512.142800438,PLAYBACK,right,8,0.12218036163881862,2,32741,33038,32.0
573512.142808824,PLAYBACK,right,1,-0.6250954451819641,2,33256,33387,31.0
573512.142815787,PLAYBACK,right,2,0.16207598992904515,2,32333,32285,32.0
573512.143432154,PLAYBACK,right,3,0.018221560997940145,2,32838,32200,32.0
573512.147294422,PLAYBACK,right,4,1.355108720531014,2,31944,30759,31.0
573512.147318638,PLAYBACK,right,5,0.046330007400576884,2,32677,32515,35.0
573512.147332134,PLAYBACK,right,6,-0.17243350881208386,2,32746,32724,35.0
573512.147343707,PLAYBACK,right,7,0.9243126573586622,2,32849,31217,34.0
573512.147354908,PLAYBACK,right,1,-0.626629892423896,2,33353,33477,31.0
573512.147364978,PLAYBACK,right,2,0.1628432135500102,2,32121,32248,32.0
573512.147373464,PLAYBACK,right,3,0.018221560997940145,2,32564,32249,32.0
573512.151550558,PLAYBACK,right,4,1.3570267795834283,2,31923,30696,31.0
573512.151594443,PLAYBACK,right,5,0.0470972310215437,2,32628,32476,35.0
573512.151606436,PLAYBACK,right,6,-0.17243350881208386,2,32670,32605,35.0
573512.151614872,PLAYBACK,right,7,0.9239290455481797,2,32823,31315,33.0
573512.15162426,PLAYBACK,right,8,0.12256397344930114,2,32677,32760,32.0
573512.151630933,PLAYBACK,right,1,-0.6277807278553453,2,33472,33475,31.0
573512.151637596,PLAYBACK,right,2,0.16399404898145953,2,32310,32312,32.0
573512.155947074,PLAYBACK,right,3,0.018605172808422665,2,32532,32284,32.0
573512.155982813,PLAYBACK,right,4,1.3593284504463252,2,31945,30795,31.0
573512.155995087,PLAYBACK,right,5,0.04786445464250874,2,32633,32515,35.0
573512.156031998,PLAYBACK,right,6,-0.17243350881208386,2,32897,32668,35.0
573512.156044081,PLAYBACK,right,7,0.9235454337376972,2,32836,31400,34.0
573512.15605379,PLAYBACK,right,1,-0.6289315632867947,2,33420,33423,31.0
573512.15606428,PLAYBACK,right,2,0.16476127260242635,2,32252,32217,32.0
573512.15746132,PLAYBACK,right,3,0.018605172808422665,2,32657,32225,32.0
573512.15761701,PLAYBACK,right,4,1.3612465094987414,2,32008,30735,31.0
573512.157662988,PLAYBACK,right,5,0.04824806645299304,2,32621,32377,35.0
573512.160442972,PLAYBACK,right,6,-0.17243350881208386,2,32730,32811,35.0
573512.160486275,PLAYBACK,right,7,0.9235454337376972,2,32802,31443,34.0
573512.160495964,PLAYBACK,right,1,-0.6300823987182422,2,33330,33553,31.0
573512.160503038,PLAYBACK,right,2,0.16552849622339139,2,32286,32246,32.0
573512.160509029,PLAYBACK,right,3,0.018988784618905186,2,32664,32246,32.0
573512.164602191,PLAYBACK,right,4,1.3631645685511558,2,31872,30632,31.0
573512.164621168,PLAYBACK,right,5,0.049015290073959855,2,32622,32498,35.0
573512.164634063,PLAYBACK,right,6,-0.17243350881208386,2,32783,32742,35.0
573512.16464332,PLAYBACK,right,7,0.9231618219272146,2,32842,31383,34.0
573512.16465322,PLAYBACK,right,8,0.12256397344930114,2,32651,32938,32.0
573512.164661425,PLAYBACK,right,1,-0.6312332341496916,2,33343,33513,31.0
573512.164670202,PLAYBACK,right,2,0.1662957198443582,2,32486,32243,32.0
573512.165828002,PLAYBACK,right,3,0.018988784618905186,2,32823,32302,32.0
573512.165849143,PLAYBACK,right,4,1.3650826276035701,2,32016,30623,31.0
573512.166954181,PLAYBACK,right,5,0.049782513694924896,2,32545,32586,35.0
573512.166967657,PLAYBACK,right,6,-0.17243350881208386,2,32816,32736,35.0
573512.168055742,PLAYBACK,right,7,0.9231618219272146,2,32828,31581,33.0
573512.169521154,PLAYBACK,right,1,-0.6323840695811409,2,33207,33445,31.0
573512.16953973,PLAYBACK,right,2,0.16706294346532324,2,32461,32251,32.0
573512.169549098,PLAYBACK,right,3,0.019372396429389482,2,32859,32248,32.0
573512.173760427,PLAYBACK,right,4,1.3670006866559845,2,32086,30416,31.0
573512.173783822,PLAYBACK,right,5,0.05054973731589171,2,32649,32437,35.0
573512.173794102,PLAYBACK,right,6,-0.17243350881208386,2,32786,32782,35.0
573512.173801667,PLAYBACK,right,7,0.9227782101167303,2,32789,31380,33.0
573512.173809181,PLAYBACK,right,8,0.12218036163881862,2,32837,33210,32.0
573512.173815834,PLAYBACK,right,1,-0.633151293202106,2,33317,33477,31.0
573512.173836534,PLAYBACK,right,2,0.16783016708629006,2,32356,32237,32.0
573512.174944317,PLAYBACK,right,3,0.019372396429389482,2,32840,32206,32.0
573512.17496122,PLAYBACK,right,4,1.3689187457083989,2,32087,30635,31.0
573512.176088921,PLAYBACK,right,5,0.051316960936856754,2,32639,32522,35.0
573512.176121273,PLAYBACK,right,6,-0.17243350881208386,2,32752,32832,35.0
573512.177287449,PLAYBACK,right,7,0.9223945983062478,2,32885,31272,34.0
573512.177319621,PLAYBACK,right,1,-0.6339185168230728,2,33141,33544,31.0
573512.178484374,PLAYBACK,right,2,0.1685973907072551,2,32274,32238,32.0
573512.178507449,PLAYBACK,right,3,0.019756008239872003,2,32683,32257,32.0
573512.182616531,PLAYBACK,right,4,1.3704531929503307,2,32056,30347,31.0
573512.182638694,PLAYBACK,right,5,0.05208418455782357,2,32580,32716,35.0
573512.182647,PLAYBACK,right,6,-0.17243350881208386,2,32797,32768,35.0
573512.182654214,PLAYBACK,right,7,0.9220109864957653,2,32858,31144,34.0
573512.182660737,PLAYBACK,right,8,0.12256397344930114,2,32688,33007,32.0
573512.182667259,PLAYBACK,right,1,-0.6350693522545203,2,33263,33543,31.0
573512.182674413,PLAYBACK,right,2,0.16936461432822014,2,32503,32229,32.0
573512.183438745,PLAYBACK,right,3,0.020139620050354523,2,32698,32287,32.0
573512.186586496,PLAYBACK,left,1,0.0021098649576565265,0,32687,32767,31.0
573512.186597407,PLAYBACK,left,2,0.004411535820553425,0,32711,32767,32.0
573512.186604281,PLAYBACK,left,3,-0.055048294804302955,0,32810,32767,32.0
573512.186610923,PLAYBACK,left,4,0.018988784618905186,0,32679,32767,32.0
573512.186617115,PLAYBACK,left,5,-0.9166404211490047,0,32795,32767,35.0
573512.186623488,PLAYBACK,left,6,0.033182421606774426,0,32747,32767,35.0
573512.186638196,PLAYBACK,right,4,1.3723712520027451,2,32342,30822,31.0
573512.186652874,PLAYBACK,right,5,0.05285140817878861,2,32592,32537,35.0
573512.18666636,PLAYBACK,right,6,-0.17281712062256815,2,32818,32846,35.0
573512.186680127,PLAYBACK,right,7,0.9212437628747985,2,32866,30775,34.0
573512.186695065,PLAYBACK,right,1,-0.6358365758754871,2,33198,33558,31.0
573512.186706978,PLAYBACK,right,2,0.16974822613870444,2,32460,32139,32.0
573512.187888413,PLAYBACK,left,7,0.008631265735866478,0,32791,32767,33.0
573512.18792803,PLAYBACK,left,8,-0.10108171206225691,0,32810,32767,32.0
573512.187955753,PLAYBACK,right,3,0.020523231860837043,2,32502,32226,32.0
573512.187967315,PLAYBACK,right,4,1.3735220874341945,2,32208,30302,31.0
573512.188427331,PLAYBACK,right,5,0.05361863179975543,2,32562,32711,35.0
573512.191093345,PLAYBACK,right,6,-0.17243350881208386,2,32681,32748,35.0
573512.191111851,PLAYBACK,right,7,0.920860151064316,2,32849,30746,34.0
573512.191119145,PLAYBACK,right,8,0.12218036163881862,2,32778,32814,32.0
573512.191125507,PLAYBACK,right,1,-0.6369874113069365,2,33268,33505,31.0
573512.197056038,PLAYBACK,right,2,0.17051544975966948,2,32336,32131,32.0
573512.197090133,PLAYBACK,right,3,0.02090684367132134,2,32564,32332,32.0
573512.197100453,PLAYBACK,right,4,1.3754401464866106,2,32218,30477,31.0
573512.197108529,PLAYBACK,right,5,0.05476946723120299,2,32647,32655,35.0
573512.197116484,PLAYBACK,right,6,-0.17243350881208386,2,32761,32810,35.0
573512.197123898,PLAYBACK,right,7,0.9204765392538334,2,32905,30683,33.0
573512.19713008,PLAYBACK,right,1,-0.6377546349279015,2,33162,33599,31.0
573512.197136793,PLAYBACK,right,2,0.170899061570152,2,32428,32159,32.0
573512.197143316,PLAYBACK,right,3,0.02090684367132134,2,32753,32354,32.0
573512.197149427,PLAYBACK,right,4,1.377358205539025,2,32242,30437,31.0
573512.200358086,PLAYBACK,right,5,0.055153079041687286,2,32568,32756,35.0
573512.200371763,PLAYBACK,right,6,-0.17281712062256815,2,32810,32699,35.0
573512.200378756,PLAYBACK,right,7,0.9197093156328666,2,32900,30539,34.0
573512.20038573,PLAYBACK,right,1,-0.638138246738384,2,33169,33550,31.0
573512.200392322,PLAYBACK,right,2,0.17166628519111882,2,32400,32178,32.0
573512.200398594,PLAYBACK,right,3,0.02129045548180386,2,32769,32256,32.0
573512.201516287,PLAYBACK,right,4,1.3785090409704743,2,32399,30144,31.0
573512.204948977,PLAYBACK,right,5,0.05592030266265233,2,32574,32623,35.0
573512.20505462,PLAYBACK,right,6,-0.17243350881208386,2,32680,32795,35.0
573512.205073407,PLAYBACK,right,7,0.9193257038223841,2,32879,30798,33.0
573512.205088536,PLAYBACK,right,1,-0.6392890821698334,2,33132,33565,31.0
573512.205099457,PLAYBACK,right,2,0.17204989700160134,2,32398,32149,32.0
573512.205108033,PLAYBACK,right,3,0.02167406729228638,2,32624,32309,32.0
573512.209411831,PLAYBACK,right,4,1.3800434882124062,2,32109,30220,31.0
573512.209434845,PLAYBACK,right,5,0.056687526283619144,2,32621,32693,35.0
573512.209449684,PLAYBACK,right,6,-0.17243350881208386,2,32722,32851,35.0
573512.209457399,PLAYBACK,right,7,0.9189420920119016,2,32857,30842,34.0
573512.209464072,PLAYBACK,right,8,0.12256397344930114,2,32738,32940,32.0
573512.209470965,PLAYBACK,right,1,-0.6400563057908002,2,33168,33540,31.0
573512.209478109,PLAYBACK,right,2,0.17243350881208386,2,32516,32154,32.0
573512.209484321,PLAYBACK,right,3,0.02167406729228638,2,32598,32321,32.0
573512.210622272,PLAYBACK,right,4,1.3819615472648206,2,31969,30400,31.0
573512.210643683,PLAYBACK,right,5,0.057454749904584185,2,32622,32801,35.0
573512.211883621,PLAYBACK,right,6,-0.17281712062256815,2,32762,32873,35.0
573512.211933567,PLAYBACK,right,7,0.9181748683909365,2,32950,30598,34.0
573512.214059781,PLAYBACK,right,1,-0.6404399176012827,2,33156,33605,31.0
573512.214082144,PLAYBACK,right,2,0.17281712062256815,2,32415,32145,32.0
573512.214091683,PLAYBACK,right,3,0.0220576791027689,2,32608,32274,32.0
573512.214099879,PLAYBACK,right,4,1.3834959945067524,2,32263,30324,31.0
573512.218475174,PLAYBACK,right,5,0.058221973525551,2,32577,32903,35.0
573512.218529098,PLAYBACK,right,6,-0.17281712062256815,2,32841,32804,35.0
573512.218541893,PLAYBACK,right,7,0.9181748683909365,2,32921,30676,33.0
573512.218552453,PLAYBACK,right,8,0.12218036163881862,2,32671,32926,32.0
573512.218568264,PLAYBACK,right,8,0.12256397344930114,2,32691,33193,32.0
573512.218576139,PLAYBACK,right,1,-0.6412071412222478,2,33075,33524,31.0
573512.218585356,PLAYBACK,right,2,0.1735843442435332,2,32588,32119,32.0
573512.219875351,PLAYBACK,right,3,0.0220576791027689,2,32776,32244,32.0
573512.219960244,PLAYBACK,right,4,1.3854140535591668,2,32056,30367,31.0
573512.219983238,PLAYBACK,right,5,0.05937280895699856,2,32562,32977,35.0
573512.221181806,PLAYBACK,right,6,-0.17281712062256815,2,32734,33136,35.0
573512.221204009,PLAYBACK,right,7,0.9177912565804522,2,32836,30869,34.0
573512.222340287,PLAYBACK,right,1,-0.6419743648432146,2,32894,33530,31.0
573512.222360396,PLAYBACK,right,2,0.1735843442435332,2,32479,32074,32.0
573512.223431399,PLAYBACK,right,3,0.022441290913253198,2,32745,32189,32.0
573512.227238911,PLAYBACK,right,4,1.3869485008010987,2,32190,30536,31.0
573512.227252998,PLAYBACK,right,5,0.06014003257796538,2,32597,32980,35.0
573512.227261123,PLAYBACK,right,6,-0.17281712062256815,2,32773,32882,35.0
573512.227267987,PLAYBACK,right,7,0.9174076447699697,2,32808,30726,34.0
573512.227274439,PLAYBACK,right,8,0.12256397344930114,2,32756,32935,32.0
573512.227280631,PLAYBACK,right,1,-0.6427415884641796,2,33153,33544,31.0
573512.227287093,PLAYBACK,right,2,0.1743515678645,2,32498,32123,32.0
573512.228552831,PLAYBACK,right,3,0.022441290913253198,2,32931,32180,32.0
573512.228572589,PLAYBACK,right,4,1.3892501716639973,2,32109,30618,31.0
573512.231684652,PLAYBACK,right,5,0.06090725619893042,2,32633,32738,35.0
573512.231707556,PLAYBACK,right,6,-0.17281712062256815,2,32800,32762,35.0
573512.231716333,PLAYBACK,right,7,0.9170240329594872,2,32805,30589,34.0
573512.231723086,PLAYBACK,right,1,-0.6435088120851464,2,33115,33558,31.0
573512.231729608,PLAYBACK,right,2,0.17473517967498253,2,32507,32014,32.0
573512.232838233,PLAYBACK,right,3,0.02282490272373572,2,32789,32095,32.0
573512.23285219,PLAYBACK,right,4,1.3907846189059292,2,32085,30386,31.0
573512.236646857,PLAYBACK,right,5,0.06167447981989724,2,32667,32748,35.0
573512.236676134,PLAYBACK,right,6,-0.17281712062256815,2,32758,33010,35.0
573512.236685331,PLAYBACK,right,7,0.9166404211490047,2,32755,30720,34.0
573512.236692345,PLAYBACK,right,8,0.12256397344930114,2,32753,32736,32.0
573512.236699028,PLAYBACK,right,1,-0.643892423895629,2,33080,33541,31.0
573512.23670569,PLAYBACK,right,2,0.17473517967498253,2,32550,32157,32.0
573512.240882754,PLAYBACK,left,1,0.0021098649576565265,0,32733,32767,31.0
573512.240905768,PLAYBACK,left,2,0.004411535820553425,0,32877,32767,32.0
573512.240913223,PLAYBACK,left,3,-0.055048294804302955,0,32843,32767,32.0
573512.240923523,PLAYBACK,left,4,0.018988784618905186,0,32760,32767,32.0
573512.2409378,PLAYBACK,left,5,-0.9166404211490047,0,32751,32767,35.0
573512.240954943,PLAYBACK,left,6,0.033182421606774426,0,32817,32767,35.0
573512.240961947,PLAYBACK,left,7,0.008631265735866478,0,32826,32767,33.0
573512.240978799,PLAYBACK,right,3,0.02282490272373572,2,32811,32141,32.0
573512.241011522,PLAYBACK,right,4,1.393086289768826,2,32029,30703,31.0
573512.241018716,PLAYBACK,right,5,0.06205809163037976,2,32640,32717,35.0
573512.241026761,PLAYBACK,right,6,-0.17281712062256815,2,32772,32813,35.0
573512.241033655,PLAYBACK,right,7,0.9162568093385204,2,32824,30756,33.0
573512.241045468,PLAYBACK,right,1,-0.644659647516594,2,33185,33504,31.0
573512.241053202,PLAYBACK,right,2,0.17511879148546505,2,32537,32139,32.0
573512.242185894,PLAYBACK,left,8,-0.10069810025177439,0,32798,32767,32.0
573512.24220998,PLAYBACK,right,3,0.02282490272373572,2,32714,32050,32.0
573512.242218577,PLAYBACK,right,4,1.394620737010758,2,31957,30563,31.0
573512.24343043,PLAYBACK,right,5,0.0632089270618291,2,32534,32763,35.0
573512.243447433,PLAYBACK,right,6,-0.17320073243305067,2,32842,32803,35.0
573512.249834373,PLAYBACK,right,7,0.9158731975280379,2,32838,30801,34.0
573512.249855954,PLAYBACK,right,1,-0.6450432593270783,2,32919,33538,31.0
573512.24986432,PLAYBACK,right,2,0.17550240329594757,2,32562,32098,32.0
573512.249872165,PLAYBACK,right,3,0.02320851453421824,2,32749,32051,32.0
573512.249879149,PLAYBACK,right,4,1.3965387960631723,2,32027,30376,31.0
573512.249885902,PLAYBACK,right,5,0.06359253887231162,2,32617,32585,35.0
573512.249893086,PLAYBACK,right,6,-0.17320073243305067,2,32794,32814,35.0
573512.249899588,PLAYBACK,right,7,0.9158731975280379,2,32751,31064,33.0
573512.249906141,PLAYBACK,right,8,0.12218036163881862,2,32821,32801,32.0
573512.249922532,PLAYBACK,right,1,-0.6458104829480433,2,33125,33539,31.0
573512.249960736,PLAYBACK,right,2,0.17588601510643187,2,32646,32067,32.0
573512.252788642,PLAYBACK,right,3,0.02320851453421824,2,32848,32084,32.0
573512.252823589,PLAYBACK,right,4,1.3980732433051042,2,32207,30414,31.0
573512.252832476,PLAYBACK,right,5,0.06435976249327666,2,32663,32720,35.0
573512.252840491,PLAYBACK,right,6,-0.17320073243305067,2,32741,32989,35.0
573512.252847295,PLAYBACK,right,7,0.9154895857175553,2,32782,31131,34.0
573512.253447581,PLAYBACK,right,1,-0.6465777065690101,2,33136,33566,31.0
573512.258539025,PLAYBACK,right,2,0.17588601510643187,2,32660,32088,32.0
573512.258563191,PLAYBACK,right,3,0.02359212634470076,2,32827,32103,32.0
573512.258575675,PLAYBACK,right,4,1.3999913023575203,2,32094,30467,31.0
573512.258587428,PLAYBACK,right,5,0.06512698611424347,2,32607,32534,35.0
573512.25859898,PLAYBACK,right,6,-0.17320073243305067,2,32788,33084,35.0
573512.258610032,PLAYBACK,right,7,0.9154895857175553,2,32849,31186,33.0
573512.258620221,PLAYBACK,right,8,0.12256397344930114,2,32695,32686,32.0
573512.258629559,PLAYBACK,right,1,-0.6473449301899752,2,33179,33572,31.0
573512.25864031,PLAYBACK,right,2,0.1762696269169144,2,32698,32084,32.0
573512.259790114,PLAYBACK,right,3,0.02359212634470076,2,32849,31949,32.0
573512.259807748,PLAYBACK,right,4,1.4019093614099347,2,32014,30506,31.0
573512.260926873,PLAYBACK,right,5,0.065510597924726,2,32680,32421,35.0
573512.260943255,PLAYBACK,right,6,-0.17320073243305067,2,32812,32938,35.0
573512.262028545,PLAYBACK,right,7,0.9151059739070728,2,32847,31132,34.0
573512.263161907,PLAYBACK,right,1,-0.6477285420004577,2,33048,33545,31.0
573512.26318405,PLAYBACK,right,2,0.1766532387273969,2,32536,32040,32.0
573512.263431406,PLAYBACK,right,3,0.02359212634470076,2,32851,32140,32.0
573512.268495699,PLAYBACK,right,4,1.4034438086518666,2,31989,30520,31.0
573512.268540765,PLAYBACK,right,5,0.06589420973520851,2,32628,32365,35.0
573512.268555183,PLAYBACK,right,6,-0.17320073243305067,2,32751,32979,35.0
573512.268582917,PLAYBACK,right,7,0.9147223620965885,2,32866,31269,34.0
573512.268591703,PLAYBACK,right,8,0.12218036163881862,2,32808,32909,32.0
573512.268601232,PLAYBACK,right,1,-0.6484957656214245,2,33164,33579,31.0
573512.268612534,PLAYBACK,right,2,0.17703685053787943,2,32512,32128,32.0
573512.268622032,PLAYBACK,right,3,0.023975738155185056,2,32690,32001,32.0
573512.271823046,PLAYBACK,right,4,1.405361867704281,2,32078,30585,31.0
573512.271845579,PLAYBACK,right,5,0.06666143335617533,2,32658,32559,35.0
573512.271856631,PLAYBACK,right,6,-0.17320073243305067,2,32799,32970,35.0
573512.271863885,PLAYBACK,right,7,0.9147223620965885,2,32815,31225,34.0
573512.271870858,PLAYBACK,right,1,-0.6492629892423896,2,33115,33622,31.0
573512.271877721,PLAYBACK,right,2,0.17703685053787943,2,32642,32067,32.0
573512.273095236,PLAYBACK,right,3,0.023975738155185056,2,32753,31959,32.0
573512.2731235,PLAYBACK,right,4,1.4068963149462128,2,32091,30583,31.0
573512.273733695,PLAYBACK,right,5,0.06704504516665785,2,32603,32481,35.0
573512.276055326,PLAYBACK,right,6,-0.1735843442435332,2,32812,32968,35.0
573512.276068782,PLAYBACK,right,7,0.914338750286106,2,32800,31240,33.0
573512.276075976,PLAYBACK,right,1,-0.6496466010528739,2,33087,33583,31.0
573512.276082909,PLAYBACK,right,2,0.17742046234836373,2,32492,32097,32.0
573512.281147141,PLAYBACK,right,3,0.023975738155185056,2,32634,31874,32.0
573512.281288413,PLAYBACK,right,4,1.4084307621881447,2,32230,30558,31.0
573512.28130219,PLAYBACK,right,5,0.06781226878762467,2,32613,32223,35.0
573512.281310696,PLAYBACK,right,6,-0.17320073243305067,2,32735,33204,35.0
573512.28131763,PLAYBACK,right,7,0.913571526665141,2,32893,31230,34.0
573512.281325415,PLAYBACK,right,8,0.12256397344930114,2,32765,32908,32.0
573512.281332248,PLAYBACK,right,1,-0.6504138246738389,2,32986,33551,31.0
573512.281339221,PLAYBACK,right,2,0.17780407415884625,2,32564,32033,32.0
573512.28135398,PLAYBACK,right,3,0.024359349965667576,2,32785,31921,32.0
573512.285042162,PLAYBACK,right,4,1.410348821240559,2,31937,30405,31.0
573512.285082189,PLAYBACK,right,5,0.06819588059810719,2,32708,32048,35.0
573512.285099322,PLAYBACK,right,6,-0.17320073243305067,2,32736,33148,35.0
573512.285109411,PLAYBACK,right,7,0.9131879148546567,2,32931,31087,33.0
573512.285118729,PLAYBACK,right,1,-0.6507974364843214,2,32990,33501,31.0
573512.285127827,PLAYBACK,right,2,0.17818768596932877,2,32490,32030,32.0
573512.286389146,PLAYBACK,left,1,0.0021098649576565265,0,32661,32767,31.0
573512.286470452,PLAYBACK,right,3,0.024742961776150096,2,32595,31913,32.0
573512.286482415,PLAYBACK,right,4,1.4122668802929734,2,32092,30736,31.0
573512.289680874,PLAYBACK,left,2,0.004411535820553425,0,32668,32767,32.0
573512.289700733,PLAYBACK,left,3,-0.055048294804302955,0,32934,32767,32.0
573512.289708708,PLAYBACK,left,4,0.018988784618905186,0,32885,32767,32.0
573512.289716002,PLAYBACK,left,5,-0.9166404211490047,0,32758,32767,35.0
573512.289723056,PLAYBACK,left,6,0.033182421606774426,0,32795,32767,35.0
573512.289731071,PLAYBACK,left,7,0.008631265735866478,0,32777,32767,33.0
573512.289744768,PLAYBACK,right,5,0.06896310421907223,2,32649,32292,35.0
573512.289752923,PLAYBACK,right,6,-0.17320073243305067,2,32827,32908,35.0
573512.289759316,PLAYBACK,right,7,0.9128043030441741,2,32870,31256,34.0
573512.289766499,PLAYBACK,right,1,-0.6515646601052882,2,33164,33425,31.0
573512.289772681,PLAYBACK,right,2,0.1785712977798113,2,32796,32046,32.0
573512.289779304,PLAYBACK,right,3,0.024742961776150096,2,32762,31772,32.0
573512.293556157,PLAYBACK,left,8,-0.10108171206225691,0,32808,32767,32.0
573512.293577077,PLAYBACK,right,4,1.4138013275349053,2,32138,30562,31.0
573512.293586155,PLAYBACK,right,5,0.06934671602955475,2,32582,32167,35.0
573512.293593439,PLAYBACK,right,6,-0.17320073243305067,2,32766,33185,35.0
573512.293599801,PLAYBACK,right,7,0.9120370794232091,2,32791,31136,33.0
573512.293606223,PLAYBACK,right,8,0.12256397344930114,2,32832,33047,32.0
573512.293612666,PLAYBACK,right,1,-0.6519482719157708,2,32897,33427,31.0
573512.294770656,PLAYBACK,right,2,0.1789549095902938,2,32594,32030,32.0
573512.294815072,PLAYBACK,right,3,0.025126573586632617,2,32768,31986,32.0
573512.295978983,PLAYBACK,right,4,1.4157193865873197,2,32006,30337,31.0
573512.296016134,PLAYBACK,right,5,0.07011393965052157,2,32584,32266,35.0
573512.297155208,PLAYBACK,right,6,-0.17320073243305067,2,32736,33109,35.0
573512.297176018,PLAYBACK,right,7,0.9112698558022423,2,32851,30987,33.0
573512.298605661,PLAYBACK,right,1,-0.6527154955367358,2,33092,33441,31.0
573512.298623946,PLAYBACK,right,2,0.1793385214007781,2,32644,32050,32.0
573512.298633324,PLAYBACK,right,3,0.025126573586632617,2,32725,31878,32.0
573512.302940479,PLAYBACK,right,4,1.4172538338292515,2,32346,30560,31.0
573512.302964665,PLAYBACK,right,5,0.07049755146100409,2,32705,32104,35.0
573512.302976428,PLAYBACK,right,6,-0.17320073243305067,2,32771,33100,35.0
573512.302990024,PLAYBACK,right,7,0.9108862439917598,2,32858,30855,34.0
573512.30301408,PLAYBACK,right,8,0.12256397344930114,2,32686,32859,32.0
573512.303025542,PLAYBACK,right,1,-0.6534827191577026,2,33114,33498,31.0
573512.303033207,PLAYBACK,right,2,0.17972213321126063,2,32650,32170,32.0
573512.306675972,PLAYBACK,right,3,0.025510185397115137,2,32790,31948,32.0
573512.306734054,PLAYBACK,right,4,1.4191718928816677,2,32288,30651,31.0
573512.306745235,PLAYBACK,right,5,0.0712647750819709,2,32619,32102,35.0
573512.306757068,PLAYBACK,right,6,-0.17320073243305067,2,32722,32979,35.0
573512.306767679,PLAYBACK,right,7,0.9097354085603104,2,32935,30874,33.0
573512.306782657,PLAYBACK,right,1,-0.6542499427786677,2,33240,33509,31.0
573512.306843665,PLAYBACK,right,2,0.18010574502174315,2,32626,32167,32.0
573512.311704315,PLAYBACK,right,3,0.025893797207599434,2,32548,31892,32.0
573512.311728922,PLAYBACK,right,4,1.4203227283131152,2,32239,30332,31.0
573512.311737549,PLAYBACK,right,5,0.07164838689245343,2,32631,32193,35.0
573512.311744572,PLAYBACK,right,6,-0.17320073243305067,2,32769,33020,35.0
573512.311751055,PLAYBACK,right,7,0.9097354085603104,2,32865,31285,34.0
573512.311757317,PLAYBACK,right,8,0.12256397344930114,2,32820,32765,32.0
573512.311763429,PLAYBACK,right,1,-0.6550171663996345,2,33079,33488,31.0
573512.311769681,PLAYBACK,right,2,0.18048935683222567,2,32570,32062,32.0
573512.31594957,PLAYBACK,right,3,0.025893797207599434,2,32646,31894,32.0
573512.315967424,PLAYBACK,right,4,1.4222407873655296,2,32189,30563,31.0
573512.315976382,PLAYBACK,right,5,0.07241561051341847,2,32639,32157,35.0
573512.315984167,PLAYBACK,right,6,-0.17320073243305067,2,32778,32965,35.0
573512.31599109,PLAYBACK,right,7,0.9093517967498279,2,32898,31255,34.0
573512.315997322,PLAYBACK,right,1,-0.6557843900205995,2,33136,33522,31.0
573512.316017461,PLAYBACK,right,2,0.18048935683222567,2,32572,32078,32.0
573512.317129512,PLAYBACK,right,3,0.026277409018081954,2,32544,31970,32.0
573512.317142968,PLAYBACK,right,4,1.4237752346074615,2,32191,30741,31.0
573512.318267374,PLAYBACK,right,5,0.07279922232390276,2,32626,32236,35.0
573512.31829668,PLAYBACK,right,6,-0.17320073243305067,2,32768,32986,35.0
573512.320533277,PLAYBACK,right,7,0.9085845731288629,2,32872,31228,34.0
573512.320559548,PLAYBACK,right,1,-0.6565516136415663,2,33149,33344,31.0
573512.320569346,PLAYBACK,right,2,0.18087296864270996,2,32514,32136,32.0
573512.320576129,PLAYBACK,right,3,0.026661020828564475,2,32633,32011,32.0
573512.325410609,PLAYBACK,right,4,1.4253096818493933,2,32179,30491,31.0
573512.325433704,PLAYBACK,right,5,0.0735664459448678,2,32496,32005,35.0
573512.325442661,PLAYBACK,right,6,-0.1735843442435332,2,32688,33091,35.0
573512.325450155,PLAYBACK,right,7,0.9082009613183786,2,32896,31321,34.0
573512.325457309,PLAYBACK,right,8,0.12256397344930114,2,32752,33400,32.0
573512.325463942,PLAYBACK,right,1,-0.6573188372625314,2,33189,33323,31.0
573512.325470835,PLAYBACK,right,2,0.18125658045319248,2,32551,32135,32.0
573512.32547839,PLAYBACK,right,3,0.027044632639046995,2,32551,31905,32.0
573512.326601362,PLAYBACK,right,4,1.427611352712292,2,32104,30442,31.0
573512.326615519,PLAYBACK,right,5,0.07395005775535032,2,32664,32082,35.0
573512.327713413,PLAYBACK,right,6,-0.17320073243305067,2,32673,33203,35.0
573512.327726018,PLAYBACK,right,7,0.9074337376974135,2,32951,31127,34.0
573512.328473868,PLAYBACK,right,1,-0.6580860608834982,2,33089,33346,31.0
573512.334040758,PLAYBACK,right,2,0.181640192263675,2,32668,32195,32.0
573512.33406233,PLAYBACK,right,3,0.02742824444953129,2,32504,31934,32.0
573512.334073471,PLAYBACK,right,4,1.4295294117647064,2,31996,30671,31.0
573512.334084031,PLAYBACK,right,5,0.07471728137631714,2,32521,32108,35.0
573512.3340938,PLAYBACK,right,6,-0.1735843442435332,2,32817,32995,35.0
573512.334102858,PLAYBACK,right,7,0.907050125886931,2,32966,31144,34.0
573512.334111314,PLAYBACK,right,8,0.12218036163881862,2,32696,32890,32.0
573512.334124319,PLAYBACK,right,8,0.12218036163881862,2,32802,32887,32.0
573512.334132635,PLAYBACK,right,1,-0.6588532845044632,2,33124,33287,31.0
573512.334138937,PLAYBACK,right,2,0.18202380407415752,2,32527,32185,32.0
573512.335254816,PLAYBACK,right,3,0.027811856260013812,2,32704,31979,32.0
573512.335275075,PLAYBACK,right,4,1.4314474708171208,2,32215,30682,31.0
573512.336439237,PLAYBACK,left,1,0.0021098649576565265,0,32742,32767,31.0
573512.33647199,PLAYBACK,right,5,0.07548450499728218,2,32594,31973,35.0
573512.336480547,PLAYBACK,right,6,-0.17320073243305067,2,32819,33028,35.0
573512.337588971,PLAYBACK,left,2,0.004411535820553425,0,32791,32767,32.0
573512.33759891,PLAYBACK,left,3,-0.055048294804302955,0,32667,32767,32.0
573512.337608689,PLAYBACK,right,7,0.9062829022659642,2,32897,31138,33.0
573512.337615372,PLAYBACK,right,1,-0.65962050812543,2,33130,33277,31.0
573512.338670784,PLAYBACK,left,4,0.018988784618905186,0,32913,32767,32.0
573512.338759515,PLAYBACK,left,5,-0.9166404211490047,0,32757,32767,35.0
573512.338781748,PLAYBACK,right,2,0.18240741588464182,2,32568,32182,32.0
573512.338792038,PLAYBACK,right,3,0.028195468070496332,2,32545,31938,32.0
573512.343439457,PLAYBACK,left,6,0.033182421606774426,0,32838,32767,35.0
573512.343546654,PLAYBACK,left,7,0.008631265735866478,0,32793,32767,33.0
573512.343605497,PLAYBACK,left,8,-0.10069810025177439,0,32822,32767,32.0
573512.34387705,PLAYBACK,right,4,1.4329819180590526,2,32061,30564,31.0
573512.343931846,PLAYBACK,right,5,0.076251728618249,2,32580,32239,35.0
573512.343942676,PLAYBACK,right,6,-0.17320073243305067,2,32766,33273,35.0
573512.343950221,PLAYBACK,right,7,0.9055156786449992,2,32900,31234,34.0
573512.343959819,PLAYBACK,right,8,0.12256397344930114,2,32749,33040,32.0
573512.343968085,PLAYBACK,right,1,-0.6603877317463951,2,33092,33325,31.0
573512.34423526,PLAYBACK,right,2,0.18279102769512434,2,32624,32223,32.0
573512.344259146,PLAYBACK,right,3,0.028579079880978853,2,32692,32007,32.0
573512.344267261,PLAYBACK,right,4,1.434899977111467,2,32118,30504,31.0
573512.345872192,PLAYBACK,right,5,0.07701895223921404,2,32610,32239,35.0
573512.345960422,PLAYBACK,right,6,-0.1735843442435332,2,32743,33084,35.0
573512.347282488,PLAYBACK,right,7,0.9051320668345149,2,32823,31336,34.0
573512.347311253,PLAYBACK,right,1,-0.6611549553673619,2,33138,33362,31.0
573512.34732007,PLAYBACK,right,2,0.18279102769512434,2,32606,32153,32.0
573512.348543025,PLAYBACK,right,3,0.02896269169146315,2,32450,31930,32.0
573512.348595156,PLAYBACK,right,4,1.4360508125429163,2,32374,30477,31.0
573512.349094407,PLAYBACK,right,5,0.07740256404969834,2,32624,32125,35.0
573512.353227235,PLAYBACK,right,6,-0.1735843442435332,2,32779,32940,35.0
573512.353310255,PLAYBACK,right,7,0.9043648432135498,2,32898,31232,34.0
573512.353351515,PLAYBACK,right,8,0.12256397344930114,2,32730,32930,32.0
573512.353363828,PLAYBACK,right,1,-0.6615385671778444,2,33152,33399,31.0
573512.353376483,PLAYBACK,right,2,0.18355825131608938,2,32710,32159,32.0
573512.353387394,PLAYBACK,right,3,0.02934630350194567,2,32652,32019,32.0
573512.35339606,PLAYBACK,right,4,1.4379688715953307,2,32202,30415,31.0
573512.356204088,PLAYBACK,right,5,0.07816978767066338,2,32511,32288,35.0
573512.356225028,PLAYBACK,right,6,-0.1735843442435332,2,32809,33152,35.0
573512.356235599,PLAYBACK,right,7,0.9039812314030673,2,32896,31425,34.0
573512.356243203,PLAYBACK,right,1,-0.6623057907988095,2,33002,33440,31.0
573512.356250287,PLAYBACK,right,2,0.18355825131608938,2,32719,32197,32.0
573512.357367458,PLAYBACK,right,3,0.03011352712291071,2,32568,31972,32.0
573512.357386956,PLAYBACK,right,4,1.4395033188372626,2,32269,30360,31.0
573512.359255624,PLAYBACK,right,5,0.0785533994811459,2,32648,32032,35.0
573512.359277957,PLAYBACK,right,6,-0.1735843442435332,2,32729,33039,35.0
573512.359287887,PLAYBACK,right,7,0.903597619592583,2,32852,31496,33.0
573512.365611995,PLAYBACK,right,1,-0.6626894026092938,2,33004,33472,31.0
573512.365632875,PLAYBACK,right,2,0.1843254749370562,2,32638,32191,32.0
573512.365652623,PLAYBACK,right,3,0.030497138933395007,2,32698,32117,32.0
573512.365660809,PLAYBACK,right,4,1.4410377660791944,2,32369,30707,31.0
573512.365667722,PLAYBACK,right,5,0.07932062310211271,2,32545,32130,35.0
573512.365675357,PLAYBACK,right,6,-0.1735843442435332,2,32797,32986,35.0
573512.365681869,PLAYBACK,right,7,0.902830395971618,2,32991,31400,34.0
573512.365688713,PLAYBACK,right,8,0.12218036163881862,2,32761,32882,32.0
573512.365695055,PLAYBACK,right,1,-0.6634566262302588,2,33136,33488,31.0
573512.365701036,PLAYBACK,right,2,0.1843254749370562,2,32683,32223,32.0
573512.366806074,PLAYBACK,right,3,0.030497138933395007,2,32784,31999,32.0
573512.366818097,PLAYBACK,right,4,1.4421886015106438,2,32407,30315,31.0
573512.367934287,PLAYBACK,right,5,0.08008784672307775,2,32548,32280,35.0
573512.367959906,PLAYBACK,right,6,-0.1735843442435332,2,32782,33120,35.0
573512.368515626,PLAYBACK,right,7,0.9020631723506511,2,32934,31392,34.0
573512.369544748,PLAYBACK,right,1,-0.6638402380407413,2,32904,33441,31.0
573512.369560368,PLAYBACK,right,2,0.18470908674753872,2,32655,32216,32.0
573512.374522554,PLAYBACK,right,3,0.03126436255436005,2,32580,32046,32.0
573512.374611104,PLAYBACK,right,4,1.4437230487525756,2,32337,30346,31.0
573512.374630492,PLAYBACK,right,5,0.08085507034404457,2,32555,32136,35.0
573512.374640441,PLAYBACK,right,6,-0.17396795605401572,2,32795,33064,35.0
573512.374647344,PLAYBACK,right,7,0.9009123369192036,2,32992,31348,34.0
573512.374654287,PLAYBACK,right,8,0.12256397344930114,2,32735,32913,32.0
573512.37466079,PLAYBACK,right,1,-0.6642238498512256,2,33050,33465,31.0
573512.374668785,PLAYBACK,right,2,0.18547631036850554,2,32574,32348,32.0
573512.37467653,PLAYBACK,right,3,0.03164797436484257,2,32638,32085,32.0
573512.378328042,PLAYBACK,right,4,1.44564110780499,2,32171,30396,31.0
573512.378370684,PLAYBACK,right,5,0.08162229396500961,2,32659,32214,35.0
573512.378383018,PLAYBACK,right,6,-0.1735843442435332,2,32764,33059,35.0
573512.378392887,PLAYBACK,right,7,0.9001451132982368,2,33023,31125,34.0
573512.378403878,PLAYBACK,right,1,-0.6646074616617081,2,32950,33425,31.0
573512.378413226,PLAYBACK,right,2,0.18585992217898806,2,32494,32249,32.0
573512.378694488,PLAYBACK,right,3,0.032031586175326865,2,32571,32055,32.0
573512.383092407,PLAYBACK,right,4,1.4467919432364393,2,32400,30563,31.0
573512.383154436,PLAYBACK,right,5,0.08238951758597643,2,32598,32124,35.0
573512.383167521,PLAYBACK,right,6,-0.1735843442435332,2,32713,33076,35.0
573512.383176609,PLAYBACK,right,7,0.8993778896772717,2,32994,30944,34.0
573512.383185466,PLAYBACK,right,1,-0.6646074616617081,2,32957,33412,31.0
573512.383194283,PLAYBACK,right,2,0.18585992217898806,2,32510,32313,32.0
573512.383201286,PLAYBACK,right,3,0.032798809796291906,2,32679,32074,32.0
573512.387637148,PLAYBACK,right,4,1.4483263904783712,2,32148,30438,31.0
573512.387660183,PLAYBACK,right,5,0.08315674120694147,2,32598,32369,35.0
573512.387669891,PLAYBACK,right,6,-0.1735843442435332,2,32678,33069,35.0
573512.387677175,PLAYBACK,right,7,0.8982270542458224,2,32981,30887,34.0
573512.387683968,PLAYBACK,right,8,0.12218036163881862,2,32782,32769,32.0
573512.387690521,PLAYBACK,right,1,-0.6649910734721907,2,32856,33465,31.0
573512.387697324,PLAYBACK,right,2,0.18624353398947058,2,32563,32254,32.0
573512.387703917,PLAYBACK,right,3,0.033182421606774426,2,32604,32058,32.0
573512.391695063,PLAYBACK,left,1,0.0021098649576565265,0,32837,32767,31.0
573512.391715782,PLAYBACK,left,2,0.004411535820553425,0,32567,32767,32.0
573512.391724249,PLAYBACK,left,3,-0.055048294804302955,0,32850,32767,32.0
573512.391731553,PLAYBACK,left,4,0.018988784618905186,0,32876,32767,32.0
573512.391738506,PLAYBACK,left,5,-0.9166404211490047,0,32695,32767,35.0
573512.391745289,PLAYBACK,left,6,0.033182421606774426,0,32760,32767,35.0
573512.391760559,PLAYBACK,right,4,1.449860837720303,2,32069,30420,31.0
573512.391769977,PLAYBACK,right,5,0.08392396482790829,2,32630,32349,35.0
573512.391777471,PLAYBACK,right,6,-0.1735843442435332,2,32783,33090,35.0
573512.391785757,PLAYBACK,right,7,0.8974598306248573,2,32947,30955,34.0
573512.391793913,PLAYBACK,right,1,-0.6653746852826732,2,32887,33476,31.0
573512.391801968,PLAYBACK,right,2,0.1866271457999531,2,32507,32244,32.0
573512.392921805,PLAYBACK,left,7,0.008631265735866478,0,32807,32767,33.0
573512.392941844,PLAYBACK,left,8,-0.10108171206225691,0,32819,32767,32.0
573512.392955941,PLAYBACK,right,3,0.03356603341725872,2,32740,32050,32.0
573512.392965048,PLAYBACK,right,4,1.451395284962235,2,32208,30269,31.0
573512.393579792,PLAYBACK,right,5,0.08469118844887333,2,32600,32657,35.0
573512.400107152,PLAYBACK,right,6,-0.1735843442435332,2,32773,32996,35.0
573512.400126409,PLAYBACK,right,7,0.896308995193408,2,32954,31025,34.0
573512.4001375,PLAYBACK,right,1,-0.6657582970931575,2,32801,33452,31.0
573512.400147991,PLAYBACK,right,2,0.1870107576104374,2,32592,32223,32.0
573512.400157459,PLAYBACK,right,3,0.03433325703822376,2,32535,32134,32.0
573512.400164442,PLAYBACK,right,4,1.4529297322041668,2,32295,30567,31.0
573512.400171235,PLAYBACK,right,5,0.08545841206984015,2,32631,32340,35.0
573512.40017858,PLAYBACK,right,6,-0.17396795605401572,2,32821,33053,35.0
573512.400185082,PLAYBACK,right,7,0.8955417715724412,2,32929,30954,34.0
573512.400191585,PLAYBACK,right,8,0.12256397344930114,2,32746,32816,32.0
573512.400197997,PLAYBACK,right,1,-0.6657582970931575,2,33004,33438,31.0
573512.400204169,PLAYBACK,right,2,0.1870107576104374,2,32762,32270,32.0
573512.40134185,PLAYBACK,right,3,0.034716868848706284,2,32576,32111,32.0
573512.401361267,PLAYBACK,right,4,1.4540805676356143,2,32240,30228,31.0
573512.402500511,PLAYBACK,right,5,0.08622563569080519,2,32597,32431,35.0
573512.403588265,PLAYBACK,right,6,-0.1735843442435332,2,32729,33172,35.0
573512.403614065,PLAYBACK,right,7,0.8947745479514762,2,32867,31157,33.0
573512.409574433,PLAYBACK,right,1,-0.66614190890364,2,32878,33518,31.0
573512.409605372,PLAYBACK,right,2,0.18739436942091992,2,32580,32221,32.0
573512.40961449,PLAYBACK,right,3,0.035100480659188804,2,32354,32011,32.0
573512.409622525,PLAYBACK,right,4,1.4556150148775462,2,32225,30209,31.0
573512.409630661,PLAYBACK,right,5,0.086992859311772,2,32631,32586,35.0
573512.409640129,PLAYBACK,right,6,-0.17396795605401572,2,32834,33068,35.0
573512.409647564,PLAYBACK,right,7,0.8943909361409936,2,32944,31318,34.0
573512.409655449,PLAYBACK,right,8,0.12256397344930114,2,32688,32821,32.0
573512.409662953,PLAYBACK,right,1,-0.66614190890364,2,32847,33530,31.0
573512.409698552,PLAYBACK,right,2,0.18777798123140244,2,32573,32282,32.0
573512.40970771,PLAYBACK,right,3,0.03586770428015562,2,32470,32207,32.0
573512.413864474,PLAYBACK,right,4,1.457149462119478,2,32124,30457,31.0
573512.41395598,PLAYBACK,right,5,0.08776008293273704,2,32545,32413,35.0
573512.413973805,PLAYBACK,right,6,-0.17396795605401572,2,32797,33039,35.0
573512.413986259,PLAYBACK,right,7,0.8936237125200268,2,32986,31770,34.0
573512.413997761,PLAYBACK,right,1,-0.6665255207141225,2,32918,33553,31.0
573512.414020234,PLAYBACK,right,2,0.18816159304188496,2,32592,32314,32.0
573512.41402873,PLAYBACK,right,3,0.03586770428015562,2,32580,32117,32.0
573512.418423313,PLAYBACK,right,4,1.4590675211718942,2,32276,30533,31.0
573512.418445155,PLAYBACK,right,5,0.08852730655370208,2,32552,32531,35.0
573512.418454563,PLAYBACK,right,6,-0.17396795605401572,2,32785,33000,35.0
573512.418462078,PLAYBACK,right,7,0.8928564888990618,2,32930,31440,34.0
573512.418472999,PLAYBACK,right,8,0.12218036163881862,2,32784,32792,32.0
573512.418486846,PLAYBACK,right,1,-0.6665255207141225,2,32853,33603,31.0
573512.418501834,PLAYBACK,right,2,0.18816159304188496,2,32621,32293,32.0
573512.418518837,PLAYBACK,right,3,0.03625131609063814,2,32638,32102,32.0
573512.419778032,PLAYBACK,right,4,1.4602183566033418,2,32182,30543,31.0
573512.419811356,PLAYBACK,right,5,0.08967814198515142,2,32484,32533,35.0
573512.420971099,PLAYBACK,right,6,-0.17396795605401572,2,32763,33102,35.0
573512.420999885,PLAYBACK,right,7,0.892089265278095,2,32930,31417,33.0
573512.422166291,PLAYBACK,right,1,-0.6665255207141225,2,32812,33556,31.0
573512.422190217,PLAYBACK,right,2,0.18854520485236748,2,32713,32232,32.0
573512.42341731,PLAYBACK,right,3,0.03663492790112066,2,32640,32081,32.0
573512.423436066,PLAYBACK,right,4,1.4617528038452736,2,32196,30405,31.0
573512.423817461,PLAYBACK,right,5,0.09006175379563394,2,32529,32454,35.0
573512.425154175,PLAYBACK,right,6,-0.17396795605401572,2,32712,32824,35.0
573512.425219701,PLAYBACK,right,7,0.8913220416571299,2,32863,31756,33.0
573512.428086932,PLAYBACK,right,8,0.12256397344930114,2,32712,32835,32.0
573512.428124465,PLAYBACK,right,1,-0.666909132524605,2,32862,33607,31.0
573512.428133752,PLAYBACK,right,2,0.18854520485236748,2,32616,32302,32.0
573512.428141377,PLAYBACK,right,3,0.03701853971160496,2,32596,32197,32.0
573512.428148611,PLAYBACK,right,4,1.463670862897688,2,32155,30417,31.0
573512.428608376,PLAYBACK,right,5,0.09121258922708328,2,32629,32493,35.0
573512.430930057,PLAYBACK,right,6,-0.1743515678645,2,32805,32888,35.0
573512.430951268,PLAYBACK,right,7,0.8905548180361631,2,32928,31661,34.0
573512.430962189,PLAYBACK,right,1,-0.666909132524605,2,32892,33636,31.0
573512.430971527,PLAYBACK,right,2,0.18892881666285177,2,32596,32256,32.0
573512.43209995,PLAYBACK,right,3,0.03740215152208748,2,32641,32088,32.0
573512.433227391,PLAYBACK,right,4,1.4652053101396199,2,32257,30600,31.0
573512.433251458,PLAYBACK,right,5,0.09236342465853262,2,32521,32661,35.0
573512.43343973,PLAYBACK,right,6,-0.1743515678645,2,32783,33030,35.0
573512.435509636,PLAYBACK,right,7,0.8897875944151981,2,32968,31649,33.0
573512.435523483,PLAYBACK,right,1,-0.666909132524605,2,32669,33565,31.0
573512.435531208,PLAYBACK,right,2,0.1893124284733343,2,32625,32285,32.0
573512.440487151,PLAYBACK,right,3,0.03816937514305252,2,32661,32134,32.0
573512.440516418,PLAYBACK,right,4,1.4667397573815517,2,32265,30389,31.0
573512.440525415,PLAYBACK,right,5,0.09313064827949766,2,32550,32544,35.0
573512.440534643,PLAYBACK,right,6,-0.1743515678645,2,32786,33004,35.0
573512.440542097,PLAYBACK,right,7,0.8890203707942312,2,33008,31679,34.0
573512.44054892,PLAYBACK,right,8,0.12256397344930114,2,32698,32910,32.0
573512.440555673,PLAYBACK,right,1,-0.666909132524605,2,32776,33606,31.0
573512.440563518,PLAYBACK,right,2,0.1893124284733343,2,32692,32329,32.0
573512.444654847,PLAYBACK,left,1,0.0021098649576565265,0,32574,32767,31.0
573512.444677431,PLAYBACK,left,2,0.004411535820553425,0,32772,32767,32.0
573512.444685536,PLAYBACK,left,3,-0.055048294804302955,0,32780,32767,32.0
573512.444693281,PLAYBACK,left,4,0.018988784618905186,0,32650,32767,32.0
573512.444700064,PLAYBACK,left,5,-0.9166404211490047,0,32772,32767,35.0
573512.444712308,PLAYBACK,left,6,0.033182421606774426,0,32761,32767,35.0
573512.444732437,PLAYBACK,right,3,0.038552986953536816,2,32720,32103,32.0
573512.444744089,PLAYBACK,right,4,1.4686578164339679,2,32043,30523,31.0
573512.444751634,PLAYBACK,right,5,0.094281483710947,2,32544,32879,35.0
573512.444758968,PLAYBACK,right,6,-0.1743515678645,2,32810,32904,35.0
573512.444766422,PLAYBACK,right,7,0.8878695353627837,2,32999,31924,34.0
573512.444774448,PLAYBACK,right,1,-0.666909132524605,2,32762,33614,31.0
573512.444781531,PLAYBACK,right,2,0.1893124284733343,2,32717,32321,32.0
573512.444787553,PLAYBACK,right,3,0.038552986953536816,2,32680,32057,32.0
573512.445940784,PLAYBACK,left,7,0.008631265735866478,0,32768,32767,33.0
573512.445965621,PLAYBACK,left,8,-0.10108171206225691,0,32743,32767,32.0
573512.445982574,PLAYBACK,right,4,1.470192263675898,2,31981,30519,31.0
573512.44599103,PLAYBACK,right,5,0.09504870733191381,2,32540,32577,35.0
573512.449954873,PLAYBACK,right,6,-0.1743515678645,2,32775,32959,35.0
573512.449996884,PLAYBACK,right,7,0.8871023117418169,2,32923,31694,33.0
573512.450011693,PLAYBACK,right,1,-0.666909132524605,2,32826,33643,31.0
573512.450018977,PLAYBACK,right,2,0.1896960402838168,2,32619,32276,32.0
573512.45002585,PLAYBACK,right,3,0.03932021057450186,2,32595,32084,32.0
573512.450032483,PLAYBACK,right,4,1.4713430991073473,2,32222,30201,31.0
573512.454243462,PLAYBACK,right,5,0.09581593095287885,2,32578,32516,35.0
573512.454284371,PLAYBACK,right,6,-0.1743515678645,2,32862,32915,35.0
573512.454298959,PLAYBACK,right,7,0.8859514763103675,2,33048,31650,34.0
573512.454311423,PLAYBACK,right,8,0.12218036163881862,2,32805,32941,32.0
573512.454344567,PLAYBACK,right,8,0.12218036163881862,2,32753,32806,32.0
573512.454359646,PLAYBACK,right,1,-0.666909132524605,2,32736,33612,31.0
573512.454371949,PLAYBACK,right,2,0.1896960402838168,2,32808,32332,32.0
573512.45438817,PLAYBACK,right,3,0.03970382238498438,2,32460,32138,32.0
573512.455600455,PLAYBACK,right,4,1.4732611581597617,2,32115,30287,31.0
573512.45563956,PLAYBACK,right,5,0.09696676638432819,2,32535,32489,35.0
573512.456790316,PLAYBACK,right,6,-0.1743515678645,2,32757,33006,35.0
573512.456832147,PLAYBACK,right,7,0.8851842526894025,2,33043,31861,34.0
573512.458898766,PLAYBACK,right,1,-0.666909132524605,2,32846,33637,31.0
573512.458919396,PLAYBACK,right,2,0.1896960402838168,2,32727,32291,32.0
573512.458929195,PLAYBACK,right,3,0.040087434195468674,2,32529,32058,32.0
573512.462773628,PLAYBACK,right,4,1.4751792172121778,2,32172,30426,31.0
573512.462797975,PLAYBACK,right,5,0.09811760181577575,2,32554,32728,35.0
573512.462808345,PLAYBACK,right,6,-0.1743515678645,2,32816,33185,35.0
573512.462817553,PLAYBACK,right,7,0.8844170290684357,2,32978,31994,34.0
573512.462825959,PLAYBACK,right,8,0.12256397344930114,2,32749,32896,32.0
573512.462834265,PLAYBACK,right,1,-0.666909132524605,2,32784,33654,31.0
573512.462842591,PLAYBACK,right,2,0.19007965209429933,2,32823,32283,32.0
573512.464775253,PLAYBACK,right,3,0.040471046005951195,2,32487,32062,32.0
573512.464812745,PLAYBACK,right,4,1.4767136644541097,2,32376,30515,31.0
573512.464821722,PLAYBACK,right,5,0.09888482543674257,2,32657,32545,35.0
573512.466953367,PLAYBACK,right,6,-0.17473517967498253,2,32743,33208,35.0
573512.466970179,PLAYBACK,right,7,0.8828825818265038,2,32959,31614,34.0
573512.466981211,PLAYBACK,right,1,-0.666909132524605,2,32783,33625,31.0
573512.466990539,PLAYBACK,right,2,0.19046326390478363,2,32649,32281,32.0
573512.472331113,PLAYBACK,right,3,0.040854657816433715,2,32720,32044,32.0
573512.472349218,PLAYBACK,right,4,1.4778644998855572,2,32307,30252,31.0
573512.472356903,PLAYBACK,right,5,0.1000356608681919,2,32435,32679,35.0
573512.472363796,PLAYBACK,right,6,-0.17473517967498253,2,32820,33024,35.0
573512.472370219,PLAYBACK,right,7,0.8821153582055388,2,33020,31768,33.0
573512.47237644,PLAYBACK,right,8,0.12256397344930114,2,32745,32922,32.0
573512.472382622,PLAYBACK,right,1,-0.6665255207141225,2,32593,33689,31.0
573512.472389055,PLAYBACK,right,2,0.19046326390478363,2,32718,32289,32.0
573512.476130139,PLAYBACK,right,3,0.041238269626916235,2,32775,31983,32.0
573512.476240872,PLAYBACK,right,4,1.4797825589379716,2,32221,30334,31.0
573512.476252084,PLAYBACK,right,5,0.10118649629963947,2,32639,32609,35.0
573512.476261722,PLAYBACK,right,6,-0.1743515678645,2,32718,32991,35.0
573512.476269097,PLAYBACK,right,7,0.881348134584572,2,33049,31901,34.0
573512.476277643,PLAYBACK,right,1,-0.6665255207141225,2,32751,33654,31.0
573512.476286961,PLAYBACK,right,2,0.19007965209429933,2,32631,32255,32.0
573512.477512671,PLAYBACK,right,3,0.04162188143740053,2,32528,32100,32.0
573512.477547408,PLAYBACK,right,4,1.4817006179903878,2,32165,30519,31.0
573512.480749314,PLAYBACK,right,5,0.10195371992060628,2,32485,32763,35.0
573512.48078347,PLAYBACK,right,6,-0.17473517967498253,2,32849,32948,35.0
573512.480791726,PLAYBACK,right,7,0.8798136873426419,2,33004,31338,33.0
573512.480798399,PLAYBACK,right,1,-0.6665255207141225,2,32872,33669,31.0
573512.480805703,PLAYBACK,right,2,0.19046326390478363,2,32770,32246,32.0
573512.480815331,PLAYBACK,right,3,0.04200549324788305,2,32838,32036,32.0
573512.485525341,PLAYBACK,right,4,1.4828514534218353,2,32161,30373,31.0
573512.485551682,PLAYBACK,right,5,0.10272094354157132,2,32571,32463,35.0
573512.485561751,PLAYBACK,right,6,-0.17473517967498253,2,32752,33080,35.0
573512.485572321,PLAYBACK,right,7,0.8786628519111925,2,33032,31157,34.0
573512.485580347,PLAYBACK,right,8,0.12256397344930114,2,32759,32939,32.0
573512.485588142,PLAYBACK,right,1,-0.6665255207141225,2,32641,33592,31.0
573512.485616607,PLAYBACK,right,2,0.19046326390478363,2,32681,32186,32.0
573512.485626857,PLAYBACK,right,3,0.04238910505836557,2,32608,32048,32.0
573512.486777222,PLAYBACK,right,4,1.4847695124742515,2,32140,30369,31.0
573512.486898455,PLAYBACK,right,5,0.10387177897302066,2,32572,32353,35.0
573512.488389927,PLAYBACK,right,6,-0.17473517967498253,2,32765,33123,35.0
573512.488517884,PLAYBACK,right,7,0.8771284046692607,2,33041,31117,34.0
573512.489952436,PLAYBACK,right,1,-0.6665255207141225,2,32707,33665,31.0
573512.490023774,PLAYBACK,right,2,0.19046326390478363,2,32712,32231,32.0
573512.490032761,PLAYBACK,right,3,0.04277271686884809,2,32682,32082,32.0
573512.494027153,PLAYBACK,right,4,1.4866875715266659,2,32298,30530,31.0
573512.494043455,PLAYBACK,right,5,0.10502261440447,2,32549,32682,35.0
573512.494053334,PLAYBACK,right,6,-0.17473517967498253,2,32774,33004,35.0
573512.494060508,PLAYBACK,right,7,0.8755939574273288,2,33127,30707,34.0
573512.49406683,PLAYBACK,right,8,0.12218036163881862,2,32755,32830,32.0
573512.494073392,PLAYBACK,right,1,-0.6665255207141225,2,32849,33658,31.0
573512.494080266,PLAYBACK,right,2,0.19046326390478363,2,32775,32291,32.0
573512.495306437,PLAYBACK,left,1,0.0021098649576565265,0,32783,32767,31.0
573512.495336995,PLAYBACK,right,3,0.04353994048981491,2,32440,31998,32.0
573512.495346935,PLAYBACK,right,4,1.4886056305790802,2,32239,30609,31.0
573512.496511948,PLAYBACK,left,2,0.004411535820553425,0,32955,32767,32.0
573512.496558738,PLAYBACK,left,3,-0.055048294804302955,0,32692,32767,32.0
573512.49660128,PLAYBACK,right,5,0.10578983802543504,2,32529,32639,35.0
573512.496617391,PLAYBACK,right,6,-0.17473517967498253,2,32771,32944,35.0
573512.497854323,PLAYBACK,left,4,0.018988784618905186,0,32981,32767,32.0
573512.497880834,PLAYBACK,left,5,-0.9166404211490047,0,32784,32767,35.0
573512.497902626,PLAYBACK,right,7,0.874059510185397,2,33040,30527,34.0
573512.497916062,PLAYBACK,right,1,-0.666909132524605,2,32964,33626,31.0
573512.498423389,PLAYBACK,left,6,0.033182421606774426,0,32830,32767,35.0
573512.498438488,PLAYBACK,right,2,0.19084687571526615,2,32755,32244,32.0
573512.498692738,PLAYBACK,left,7,0.008631265735866478,0,32762,32767,33.0
573512.503681364,PLAYBACK,left,8,-0.10108171206225691,0,32785,32767,32.0
573512.50374152,PLAYBACK,right,3,0.04392355230029743,2,32540,32052,32.0
573512.50375201,PLAYBACK,right,4,1.4905236896314946,2,32183,30633,31.0
573512.503759795,PLAYBACK,right,5,0.10694067345688438,2,32505,32755,35.0
573512.503768221,PLAYBACK,right,6,-0.17473517967498253,2,32754,33120,35.0
573512.503777339,PLAYBACK,right,7,0.8725250629434651,2,33128,30514,33.0
573512.503791075,PLAYBACK,right,8,0.12218036163881862,2,32850,32944,32.0
573512.503802117,PLAYBACK,right,1,-0.666909132524605,2,32857,33631,31.0
573512.503832385,PLAYBACK,right,2,0.19084687571526615,2,32475,32271,32.0
573512.503844278,PLAYBACK,right,3,0.04430716411077995,2,32558,31996,32.0
573512.507041284,PLAYBACK,right,4,1.492441748683909,2,32050,30530,31.0
573512.507082223,PLAYBACK,right,5,0.10809150888833371,2,32436,32569,35.0
573512.507096581,PLAYBACK,right,6,-0.17473517967498253,2,32790,33093,35.0
573512.507107111,PLAYBACK,right,7,0.8713742275120158,2,33075,30559,34.0
573512.507117641,PLAYBACK,right,1,-0.666909132524605,2,32922,33709,31.0
573512.50712721,PLAYBACK,right,2,0.19084687571526615,2,32569,32204,32.0
573512.508270642,PLAYBACK,right,3,0.04469077592126247,2,32500,32103,32.0
573512.508289227,PLAYBACK,right,4,1.4939761959258409,2,32162,30529,31.0
573512.511579904,PLAYBACK,right,5,0.10885873250929876,2,32504,32281,35.0
573512.511597718,PLAYBACK,right,6,-0.17473517967498253,2,32805,32974,35.0
573512.511605664,PLAYBACK,right,7,0.8702233920805682,2,33052,30676,33.0
573512.511613068,PLAYBACK,right,1,-0.666909132524605,2,32940,33611,31.0
573512.511620282,PLAYBACK,right,2,0.19046326390478363,2,32919,32298,32.0
573512.517903171,PLAYBACK,right,3,0.04507438773174677,2,32553,32096,32.0
573512.517929251,PLAYBACK,right,4,1.4955106431677727,2,32076,30363,31.0
573512.517938269,PLAYBACK,right,5,0.1100095679407481,2,32526,32536,35.0
573512.517945503,PLAYBACK,right,6,-0.17473517967498253,2,32828,33169,35.0
573512.517952696,PLAYBACK,right,7,0.8686889448386363,2,33086,30754,34.0
573512.517960091,PLAYBACK,right,8,0.12256397344930114,2,32742,32739,32.0
573512.517967194,PLAYBACK,right,1,-0.666909132524605,2,32743,33659,31.0
573512.517973817,PLAYBACK,right,2,0.19084687571526615,2,32849,32220,32.0
573512.517980831,PLAYBACK,right,3,0.04584161135271181,2,32542,32105,32.0
573512.517987804,PLAYBACK,right,4,1.4974287022201889,2,32010,30458,31.0
573512.517993725,PLAYBACK,right,5,0.11116040337219743,2,32537,32622,35.0
573512.520087657,PLAYBACK,right,6,-0.17473517967498253,2,32807,33162,35.0
573512.520104831,PLAYBACK,right,7,0.8671544975967045,2,33147,30942,34.0
573512.52011478,PLAYBACK,right,1,-0.666909132524605,2,32700,33655,31.0
573512.521239065,PLAYBACK,right,2,0.19084687571526615,2,32688,32178,32.0
573512.52126221,PLAYBACK,right,3,0.04622522316319433,2,32666,32244,32.0
573512.522397876,PLAYBACK,right,4,1.498963149462119,2,32086,30436,31.0
573512.522420099,PLAYBACK,right,5,0.11192762699316247,2,32578,32687,35.0
573512.525071816,PLAYBACK,right,6,-0.17473517967498253,2,32718,33241,35.0
573512.525089139,PLAYBACK,right,7,0.8656200503547726,2,33087,31253,34.0
573512.525096964,PLAYBACK,right,1,-0.666909132524605,2,32916,33659,31.0
573512.525104198,PLAYBACK,right,2,0.19084687571526615,2,32716,32279,32.0
573512.52511039,PLAYBACK,right,3,0.046608834973678626,2,32439,32210,32.0
573512.52939468,PLAYBACK,right,4,1.500881208514535,2,32318,30471,31.0
573512.529421191,PLAYBACK,right,5,0.11307846242461181,2,32491,32400,35.0
573512.529430489,PLAYBACK,right,6,-0.17511879148546505,2,32833,32935,35.0
573512.529439056,PLAYBACK,right,7,0.8644692149233233,2,33004,31157,34.0
573512.529446199,PLAYBACK,right,8,0.12218036163881862,2,32798,32783,32.0
573512.529452882,PLAYBACK,right,1,-0.666909132524605,2,32692,33691,31.0
573512.529459755,PLAYBACK,right,2,0.19084687571526615,2,32638,32197,32.0
573512.530620971,PLAYBACK,right,3,0.047376058594643666,2,32422,32171,32.0
573512.530645188,PLAYBACK,right,4,1.502415655756467,2,32119,30381,31.0
573512.531818959,PLAYBACK,right,5,0.11384568604557685,2,32548,32179,35.0
573512.531862553,PLAYBACK,right,6,-0.17473517967498253,2,32718,33132,35.0
573512.533012868,PLAYBACK,right,7,0.863318379491874,2,33057,31223,34.0
573512.5330296,PLAYBACK,right,1,-0.666909132524605,2,32599,33637,31.0
573512.534397995,PLAYBACK,right,2,0.19084687571526615,2,32777,32276,32.0
573512.534413404,PLAYBACK,right,3,0.04775967040512619,2,32749,32226,32.0
573512.538673498,PLAYBACK,right,4,1.5043337148088813,2,32147,30579,31.0
573512.538700029,PLAYBACK,right,5,0.11499652147702619,2,32498,32411,35.0
573512.538711431,PLAYBACK,right,6,-0.17511879148546505,2,32792,32894,35.0
573512.538724036,PLAYBACK,right,7,0.8617839322499421,2,33099,31173,34.0
573512.538735037,PLAYBACK,right,8,0.12256397344930114,2,32752,33130,32.0
573512.538744625,PLAYBACK,right,1,-0.666909132524605,2,32874,33706,31.0
573512.538752521,PLAYBACK,right,2,0.19123048752574867,2,32638,32275,32.0
573512.538760025,PLAYBACK,right,3,0.04814328221561048,2,32602,32271,32.0
573512.539959334,PLAYBACK,right,4,1.5058681620508132,2,32123,30547,31.0
573512.541041358,PLAYBACK,right,5,0.11614735690847552,2,32563,32169,35.0
573512.541058461,PLAYBACK,right,6,-0.17511879148546505,2,32782,32996,35.0
573512.542171885,PLAYBACK,right,7,0.8606330968184945,2,32998,31121,34.0
573512.542196252,PLAYBACK,right,1,-0.666909132524605,2,32798,33685,31.0
573512.543461699,PLAYBACK,right,2,0.19123048752574867,2,32817,32253,32.0
573512.543484303,PLAYBACK,right,3,0.048910505836575524,2,32563,32225,32.0
573512.547453406,PLAYBACK,right,4,1.507402609292745,2,32278,30264,31.0
573512.547469527,PLAYBACK,right,5,0.11729819233992309,2,32517,32439,35.0
573512.547477632,PLAYBACK,right,6,-0.17511879148546505,2,32812,33117,35.0
573512.547485948,PLAYBACK,right,7,0.8587150377660784,2,33094,31182,33.0
573512.547493733,PLAYBACK,right,8,0.12218036163881862,2,32773,32884,32.0
573512.547501899,PLAYBACK,right,1,-0.666909132524605,2,32690,33671,31.0
573512.547517149,PLAYBACK,right,2,0.19123048752574867,2,32850,32299,32.0
573512.548695407,PLAYBACK,left,1,0.0021098649576565265,0,32671,32767,31.0
573512.548725986,PLAYBACK,right,3,0.049294117647058044,2,32594,32246,32.0
573512.548734493,PLAYBACK,right,4,1.5093206683451594,2,32073,30263,31.0
573512.551616412,PLAYBACK,left,2,0.004411535820553425,0,32681,32767,32.0
573512.55163613,PLAYBACK,left,3,-0.055048294804302955,0,32798,32767,32.0
573512.551648073,PLAYBACK,left,4,0.018988784618905186,0,32749,32767,32.0
573512.55165675,PLAYBACK,left,5,-0.9166404211490047,0,32749,32767,35.0
573512.551664545,PLAYBACK,left,6,0.033182421606774426,0,32720,32767,35.0
573512.551681037,PLAYBACK,right,5,0.1180654159608899,2,32570,32114,35.0
573512.551690425,PLAYBACK,right,6,-0.17511879148546505,2,32792,33104,35.0
573512.551700244,PLAYBACK,right,7,0.8575642023346308,2,33053,31263,34.0
573512.551707818,PLAYBACK,right,1,-0.666909132524605,2,32787,33660,31.0
573512.551715513,PLAYBACK,right,2,0.19123048752574867,2,32732,32286,32.0
573512.552972143,PLAYBACK,left,7,0.008631265735866478,0,32794,32767,33.0
573512.553036317,PLAYBACK,left,8,-0.10108171206225691,0,32682,32767,32.0
573512.553060443,PLAYBACK,right,3,0.04967772945754234,2,32532,32215,32.0
573512.553071494,PLAYBACK,right,4,1.5108551155870913,2,32283,30140,31.0
573512.553533484,PLAYBACK,right,5,0.11921625139233924,2,32547,32173,35.0
573512.560371291,PLAYBACK,right,6,-0.17511879148546505,2,32786,32974,35.0
573512.560388775,PLAYBACK,right,7,0.8564133669031815,2,33136,31166,33.0
573512.560398554,PLAYBACK,right,8,0.12218036163881862,2,32769,32937,32.0
573512.560408904,PLAYBACK,right,1,-0.666909132524605,2,32776,33667,31.0
573512.560417831,PLAYBACK,right,2,0.19123048752574867,2,32725,32308,32.0
573512.560425436,PLAYBACK,right,3,0.05044495307850738,2,32473,32195,32.0
573512.560432479,PLAYBACK,right,4,1.5123895628290231,2,32316,30190,31.0
573512.560439142,PLAYBACK,right,5,0.1203670868237868,2,32586,32280,35.0
573512.560446326,PLAYBACK,right,6,-0.17511879148546505,2,32741,33045,35.0
573512.560453119,PLAYBACK,right,7,0.8548789196612496,2,33068,31341,33.0
573512.560459,PLAYBACK,right,1,-0.666909132524605,2,32653,33664,31.0
573512.560465082,PLAYBACK,right,2,0.19123048752574867,2,32821,32236,32.0
573512.561597964,PLAYBACK,right,3,0.0508285648889899,2,32641,32237,32.0
573512.561637981,PLAYBACK,right,4,1.513924010070955,2,32197,30015,31.0
573512.562746365,PLAYBACK,right,5,0.12113431044475362,2,32577,32316,35.0
573512.562761074,PLAYBACK,right,6,-0.17511879148546505,2,32726,33175,35.0
573512.563424952,PLAYBACK,right,7,0.8537280842298003,2,33037,31550,34.0
573512.565149112,PLAYBACK,right,1,-0.666909132524605,2,32669,33733,31.0
573512.565170954,PLAYBACK,right,2,0.1916140993362312,2,32683,32265,32.0
573512.571451889,PLAYBACK,right,3,0.05159578850995672,2,32532,32225,32.0
573512.571477328,PLAYBACK,right,4,1.5158420691233694,2,32253,30278,31.0
573512.571486025,PLAYBACK,right,5,0.12228514587620296,2,32558,32246,35.0
573512.571494191,PLAYBACK,right,6,-0.17511879148546505,2,32712,33036,35.0
573512.571501264,PLAYBACK,right,7,0.852577248798351,2,33153,31489,33.0
573512.571510001,PLAYBACK,right,8,0.12218036163881862,2,32743,32949,32.0
573512.571516444,PLAYBACK,right,1,-0.666909132524605,2,32652,33707,31.0
573512.571522756,PLAYBACK,right,2,0.1916140993362312,2,32636,32226,32.0
573512.571529088,PLAYBACK,right,3,0.05197940032043924,2,32559,32223,32.0
573512.57153543,PLAYBACK,right,4,1.5173765163653012,2,32212,30331,31.0
573512.571541542,PLAYBACK,right,5,0.12343598130765052,2,32493,32307,35.0
573512.574111541,PLAYBACK,right,6,-0.17550240329594757,2,32809,33021,35.0
573512.574127993,PLAYBACK,right,7,0.8510428015564209,2,33166,31268,34.0
573512.574139705,PLAYBACK,right,8,0.12256397344930114,2,32741,33077,32.0
573512.574146639,PLAYBACK,right,1,-0.666909132524605,2,32813,33714,31.0
573512.574153913,PLAYBACK,right,2,0.1916140993362312,2,32869,32200,32.0
573512.575288738,PLAYBACK,right,3,0.05236301213092176,2,32709,32243,32.0
573512.579520557,PLAYBACK,right,4,1.5192945754177156,2,32117,30216,31.0
573512.579638414,PLAYBACK,right,5,0.12458681673909985,2,32517,32386,35.0
573512.579673682,PLAYBACK,right,6,-0.17588601510643187,2,32875,33044,35.0
573512.579695855,PLAYBACK,right,7,0.849508354314489,2,33019,31569,34.0
573512.579709982,PLAYBACK,right,1,-0.666909132524605,2,32734,33701,31.0
573512.579717116,PLAYBACK,right,2,0.1916140993362312,2,32708,32225,32.0
573512.579723418,PLAYBACK,right,3,0.05274662394140606,2,32611,32298,32.0
573512.57972969,PLAYBACK,right,4,1.52121263447013,2,32075,30425,31.0
573512.583430797,PLAYBACK,right,5,0.12535404036006667,2,32488,32319,35.0
573512.583452539,PLAYBACK,right,6,-0.17550240329594757,2,32751,32874,35.0
573512.583464442,PLAYBACK,right,7,0.8483575188830397,2,33041,31416,34.0
573512.583475192,PLAYBACK,right,8,0.12256397344930114,2,32706,32865,32.0
573512.583483909,PLAYBACK,right,1,-0.666909132524605,2,32820,33721,31.0
573512.583492666,PLAYBACK,right,2,0.1916140993362312,2,32713,32207,32.0
573512.587733703,PLAYBACK,right,3,0.05313023575188858,2,32814,32245,32.0
573512.587753782,PLAYBACK,right,4,1.5231306935225462,2,32083,30463,31.0
573512.587763701,PLAYBACK,right,5,0.12688848760199675,2,32557,32305,35.0
573512.587771857,PLAYBACK,right,6,-0.17588601510643187,2,32748,32991,35.0
573512.587779171,PLAYBACK,right,7,0.8464394598306253,2,33134,31291,34.0
573512.587786445,PLAYBACK,right,1,-0.666909132524605,2,33001,33672,31.0
573512.587793248,PLAYBACK,right,2,0.1916140993362312,2,32801,32267,32.0
573512.592388487,PLAYBACK,right,3,0.0535138475623711,2,32663,32116,32.0
573512.592421671,PLAYBACK,right,4,1.5250487525749605,2,32190,30316,31.0
573512.592431279,PLAYBACK,right,5,0.1280393230334461,2,32418,32631,35.0
573512.592439034,PLAYBACK,right,6,-0.17550240329594757,2,32699,32999,35.0
573512.592445998,PLAYBACK,right,7,0.845288624399176,2,33098,31439,33.0
573512.592454334,PLAYBACK,right,8,0.12218036163881862,2,32851,32688,32.0
573512.592461007,PLAYBACK,right,1,-0.6672927443350893,2,32700,33710,31.0
573512.59246781,PLAYBACK,right,2,0.1916140993362312,2,32743,32185,32.0
573512.596358783,PLAYBACK,right,3,0.05389745937285362,2,32767,32237,32.0
573512.596385023,PLAYBACK,right,4,1.5273504234378574,2,32015,30502,31.0
573512.596395052,PLAYBACK,right,5,0.12919015846489543,2,32560,32408,35.0
573512.596403499,PLAYBACK,right,6,-0.17550240329594757,2,32768,33081,35.0
573512.596410673,PLAYBACK,right,7,0.8437541771572441,2,33094,31498,34.0
573512.596416995,PLAYBACK,right,1,-0.6672927443350893,2,32818,33611,31.0
573512.596423627,PLAYBACK,right,2,0.1916140993362312,2,32839,32285,32.0
573512.59753607,PLAYBACK,right,3,0.05428107118333614,2,32634,32221,32.0
573512.598436814,PLAYBACK,left,1,0.0021098649576565265,0,32769,32767,31.0
573512.598456512,PLAYBACK,right,4,1.5292684824902718,2,31908,30515,31.0
573512.598464818,PLAYBACK,right,5,0.13034099389634476,2,32489,32564,35.0
573512.605785185,PLAYBACK,left,2,0.004411535820553425,0,32877,32767,32.0
573512.605830352,PLAYBACK,left,3,-0.055048294804302955,0,32674,32767,32.0
573512.605846062,PLAYBACK,left,4,0.018988784618905186,0,32654,32767,32.0
573512.605856993,PLAYBACK,left,5,-0.9166404211490047,0,32819,32767,35.0
573512.605867533,PLAYBACK,left,6,0.033182421606774426,0,32797,32767,35.0
573512.605879196,PLAYBACK,left,7,0.008631265735866478,0,32768,32767,33.0
573512.605888514,PLAYBACK,left,8,-0.10108171206225691,0,32774,32767,32.0
573512.605918582,PLAYBACK,right,6,-0.17550240329594757,2,32750,33174,35.0
573512.605931907,PLAYBACK,right,7,0.8426033417257948,2,33020,31474,34.0
573512.605941876,PLAYBACK,right,1,-0.6672927443350893,2,32785,33711,31.0
573512.605950854,PLAYBACK,right,2,0.1916140993362312,2,32805,32274,32.0
573512.605963338,PLAYBACK,right,3,0.05428107118333614,2,32488,32112,32.0
573512.605972956,PLAYBACK,right,4,1.5308029297322037,2,32134,30558,31.0
573512.606027411,PLAYBACK,right,5,0.13187544113827662,2,32438,32428,35.0
573512.606062238,PLAYBACK,right,6,-0.17588601510643187,2,32786,32984,35.0
573512.606103578,PLAYBACK,right,7,0.8410688944838629,2,33126,31353,34.0
573512.606120831,PLAYBACK,right,8,0.12218036163881862,2,32781,32794,32.0
573512.606168563,PLAYBACK,right,1,-0.6672927443350893,2,32858,33646,31.0
573512.606183341,PLAYBACK,right,2,0.1916140993362312,2,32819,32288,32.0
573512.606194753,PLAYBACK,right,3,0.054664682993820435,2,32635,32157,32.0
573512.607423149,PLAYBACK,right,4,1.5327209887846198,2,32068,30424,31.0
573512.607446264,PLAYBACK,right,5,0.13302627656972418,2,32522,32412,35.0
573512.60847264,PLAYBACK,right,6,-0.17550240329594757,2,32756,33044,35.0
573512.608492238,PLAYBACK,right,7,0.8399180590524153,2,33052,31689,34.0
573512.614424141,PLAYBACK,right,1,-0.6672927443350893,2,32706,33685,31.0
573512.614444801,PLAYBACK,right,2,0.1916140993362312,2,32990,32325,32.0
573512.614453427,PLAYBACK,right,3,0.054664682993820435,2,32695,32216,32.0
573512.614460411,PLAYBACK,right,4,1.5346390478370342,2,32122,30613,31.0
573512.614467584,PLAYBACK,right,5,0.13417711200117352,2,32458,32563,35.0
573512.614475289,PLAYBACK,right,6,-0.17588601510643187,2,32786,32898,35.0
573512.614482443,PLAYBACK,right,7,0.838767223620966,2,33047,31481,33.0
573512.614488996,PLAYBACK,right,8,0.12256397344930114,2,32781,32878,32.0
573512.614498223,PLAYBACK,right,1,-0.6676763561455719,2,32843,33719,31.0
573512.614507882,PLAYBACK,right,2,0.1916140993362312,2,32909,32295,32.0
573512.615806302,PLAYBACK,right,3,0.055048294804302955,2,32591,32054,32.0
573512.615865797,PLAYBACK,right,4,1.536173495078966,2,32094,30519,31.0
573512.617048054,PLAYBACK,right,5,0.13532794743262286,2,32552,32761,35.0
573512.617140472,PLAYBACK,right,6,-0.17588601510643187,2,32782,32887,35.0
573512.617155871,PLAYBACK,right,7,0.8372327763790341,2,33048,31569,34.0
573512.618503757,PLAYBACK,right,1,-0.6676763561455719,2,32671,33717,31.0
573512.618533084,PLAYBACK,right,2,0.1916140993362312,2,32689,32257,32.0
573512.623117722,PLAYBACK,right,3,0.055431906614785476,2,32633,32113,32.0
573512.623135607,PLAYBACK,right,4,1.5380915541313804,2,31995,30262,31.0
573512.623144313,PLAYBACK,right,5,0.13686239467455472,2,32442,32930,35.0
573512.623153902,PLAYBACK,right,6,-0.17588601510643187,2,32772,33039,35.0
573512.623164041,PLAYBACK,right,7,0.8364655527580673,2,33037,31904,33.0
573512.623171636,PLAYBACK,right,8,0.12256397344930114,2,32820,32912,32.0
573512.623178499,PLAYBACK,right,1,-0.6676763561455719,2,32766,33773,31.0
573512.624771657,PLAYBACK,right,2,0.1916140993362312,2,32597,32166,32.0
573512.62479408,PLAYBACK,right,3,0.055431906614785476,2,32777,32211,32.0
573512.624803979,PLAYBACK,right,4,1.5400096131837948,2,32144,30482,31.0
573512.627529027,PLAYBACK,right,5,0.13839684191648657,2,32401,32908,35.0
573512.627552001,PLAYBACK,right,6,-0.17588601510643187,2,32782,33020,35.0
573512.627560006,PLAYBACK,right,7,0.8349311055161355,2,33067,31766,33.0
573512.627566729,PLAYBACK,right,1,-0.6676763561455719,2,32751,33709,31.0
573512.627573683,PLAYBACK,right,2,0.1919977111467155,2,32648,32203,32.0
573512.628490508,PLAYBACK,right,3,0.055431906614785476,2,32892,32083,32.0
573512.631782528,PLAYBACK,right,4,1.5415440604257267,2,32228,30225,31.0
573512.631802406,PLAYBACK,right,5,0.13954767734793413,2,32529,32835,35.0
573512.631812545,PLAYBACK,right,6,-0.17588601510643187,2,32765,32966,35.0
573512.631821423,PLAYBACK,right,7,0.8337802700846879,2,33086,31531,34.0
573512.631829759,PLAYBACK,right,8,0.12256397344930114,2,32708,32916,32.0
573512.631837584,PLAYBACK,right,1,-0.6672927443350893,2,32662,33773,31.0
573512.636850968,PLAYBACK,right,2,0.1916140993362312,2,32918,32251,32.0
573512.636874534,PLAYBACK,right,3,0.055815518425267996,2,32606,32003,32.0
573512.636882238,PLAYBACK,right,4,1.543462119478141,2,32245,30293,31.0
573512.636889202,PLAYBACK,right,5,0.141082124589866,2,32473,32771,35.0
573512.636896275,PLAYBACK,right,6,-0.17588601510643187,2,32762,33164,35.0
573512.636902758,PLAYBACK,right,7,0.8318622110322735,2,33090,31311,34.0
573512.63690898,PLAYBACK,right,1,-0.6676763561455719,2,32769,33739,31.0
573512.636915352,PLAYBACK,right,2,0.1916140993362312,2,32874,32254,32.0
573512.636921274,PLAYBACK,right,3,0.055815518425267996,2,32871,32198,32.0
573512.64059618,PLAYBACK,right,4,1.544996566720073,2,32085,30640,31.0
573512.640611249,PLAYBACK,right,5,0.14223296002131533,2,32505,32619,35.0
573512.640620297,PLAYBACK,right,6,-0.17588601510643187,2,32795,33076,35.0
573512.640628082,PLAYBACK,right,7,0.8303277637903417,2,33153,31172,34.0
573512.640635706,PLAYBACK,right,1,-0.6676763561455719,2,32669,33687,31.0
573512.641776283,PLAYBACK,right,2,0.1916140993362312,2,32758,32308,32.0
573512.641799968,PLAYBACK,right,3,0.05619913023575229,2,32765,32157,32.0
573512.641808024,PLAYBACK,right,4,1.5465310139620048,2,32127,30593,31.0
573512.642936647,PLAYBACK,right,5,0.1437674072632472,2,32441,32863,35.0
573512.645529731,PLAYBACK,right,6,-0.17588601510643187,2,32764,33050,35.0
573512.645562694,PLAYBACK,right,7,0.8287933165484098,2,33140,31136,34.0
573512.645574637,PLAYBACK,right,1,-0.6676763561455719,2,32672,33822,31.0
573512.645584396,PLAYBACK,right,2,0.1916140993362312,2,32728,32297,32.0
573512.645593073,PLAYBACK,right,3,0.05619913023575229,2,32763,32109,32.0
573512.649520436,PLAYBACK,right,4,1.5480654612039366,2,32079,30390,31.0
573512.649534413,PLAYBACK,right,5,0.14491824269469653,2,32411,32577,35.0
573512.649542769,PLAYBACK,right,6,-0.17588601510643187,2,32750,33036,35.0
573512.649549882,PLAYBACK,right,7,0.827258869306478,2,33093,30827,33.0
573512.649556976,PLAYBACK,right,8,0.12256397344930114,2,32836,32725,32.0
573512.649563839,PLAYBACK,right,1,-0.6676763561455719,2,32820,33707,31.0
573512.650892758,PLAYBACK,left,1,0.0021098649576565265,0,32675,32767,31.0
573512.650926964,PLAYBACK,right,2,0.1916140993362312,2,32747,32266,32.0
573512.650939729,PLAYBACK,right,3,0.05658274204623481,2,32670,31963,32.0
573512.650946762,PLAYBACK,right,4,1.5503671320668353,2,32121,30393,31.0
573512.652036802,PLAYBACK,left,2,0.004411535820553425,0,32860,32767,32.0
573512.652062471,PLAYBACK,left,3,-0.055048294804302955,0,32636,32767,32.0
573512.652082169,PLAYBACK,right,5,0.14645268993662838,2,32401,32796,35.0
573512.652091958,PLAYBACK,right,6,-0.17588601510643187,2,32752,33202,35.0
573512.653316235,PLAYBACK,left,4,0.018988784618905186,0,33001,32767,32.0
573512.653379928,PLAYBACK,left,5,-0.9166404211490047,0,32723,32767,35.0
573512.653399445,PLAYBACK,right,7,0.8257244220645461,2,33203,30855,34.0
573512.653408473,PLAYBACK,right,1,-0.6676763561455719,2,32805,33858,31.0
573512.655167249,PLAYBACK,left,6,0.033182421606774426,0,32779,32767,35.0
573512.65520888,PLAYBACK,left,7,0.008631265735866478,0,32761,32767,33.0
573512.655232936,PLAYBACK,left,8,-0.10069810025177439,0,32749,32767,32.0
573512.655301809,PLAYBACK,right,2,0.1919977111467155,2,32544,32179,32.0
573512.655384007,PLAYBACK,right,3,0.05658274204623481,2,32703,32026,32.0
573512.655410518,PLAYBACK,right,4,1.5519015793087672,2,32272,30427,31.0
573512.65855348,PLAYBACK,right,5,0.14760352536807594,2,32485,32739,35.0
573512.658578889,PLAYBACK,right,6,-0.17588601510643187,2,32813,33049,35.0
573512.658591053,PLAYBACK,right,7,0.8241899748226142,2,33153,30732,33.0
573512.658601322,PLAYBACK,right,8,0.12218036163881862,2,32836,32887,32.0
573512.658612704,PLAYBACK,right,1,-0.6676763561455719,2,32747,33701,31.0
573512.658624537,PLAYBACK,right,2,0.1919977111467155,2,32691,32214,32.0
573512.659772528,PLAYBACK,right,3,0.05658274204623481,2,32767,31925,32.0
573512.659839377,PLAYBACK,right,4,1.553436026550699,2,32190,30372,31.0
573512.661034558,PLAYBACK,right,5,0.1491379726100078,2,32428,32610,35.0
573512.661076289,PLAYBACK,right,6,-0.17588601510643187,2,32676,33049,35.0
573512.662214831,PLAYBACK,right,7,0.8222719157701999,2,33133,30621,34.0
573512.662236362,PLAYBACK,right,1,-0.6676763561455719,2,32704,33705,31.0
573512.663465519,PLAYBACK,right,2,0.1916140993362312,2,32756,32228,32.0
573512.663488985,PLAYBACK,right,3,0.05696635385671733,2,32789,32040,32.0
573512.66757318,PLAYBACK,right,4,1.5553540856031134,2,31943,30451,31.0
573512.667588088,PLAYBACK,right,5,0.15028880804145714,2,32416,32522,35.0
573512.667597968,PLAYBACK,right,6,-0.17588601510643187,2,32760,33033,35.0
573512.667606073,PLAYBACK,right,7,0.820737468528268,2,33157,30824,34.0
573512.667615121,PLAYBACK,right,8,0.12256397344930114,2,32716,32847,32.0
573512.667631171,PLAYBACK,right,1,-0.6676763561455719,2,32666,33704,31.0
573512.667637995,PLAYBACK,right,2,0.1916140993362312,2,32806,32206,32.0
573512.668438075,PLAYBACK,right,3,0.05696635385671733,2,32450,32040,32.0
573512.671729143,PLAYBACK,right,4,1.5572721446555278,2,32071,30591,31.0
573512.671741487,PLAYBACK,right,5,0.151823255283389,2,32522,32526,35.0
573512.671749722,PLAYBACK,right,6,-0.17588601510643187,2,32806,33021,35.0
573512.671762878,PLAYBACK,right,7,0.8188194094758519,2,33168,30696,33.0
573512.671771484,PLAYBACK,right,1,-0.6676763561455719,2,32691,33678,31.0
573512.671795761,PLAYBACK,right,2,0.1916140993362312,2,32822,32273,32.0
573512.672921529,PLAYBACK,right,3,0.057349965667199854,2,32535,32044,32.0
573512.672946287,PLAYBACK,right,4,1.558422980086977,2,32182,30358,31.0
573512.673460727,PLAYBACK,right,5,0.15335770252532085,2,32373,32732,35.0
573512.675774743,PLAYBACK,right,6,-0.17588601510643187,2,32723,33040,35.0
573512.675793379,PLAYBACK,right,7,0.81728496223392,2,33102,30593,34.0
573512.675802577,PLAYBACK,right,8,0.12256397344930114,2,32740,32846,32.0
573512.675810162,PLAYBACK,right,1,-0.6676763561455719,2,32924,33656,31.0
573512.683207306,PLAYBACK,right,2,0.1916140993362312,2,32838,32256,32.0
573512.683248285,PLAYBACK,right,3,0.05696635385671733,2,32712,31918,32.0
573512.683262422,PLAYBACK,right,4,1.560724650949874,2,32184,30265,31.0
573512.683273554,PLAYBACK,right,5,0.1548921497672527,2,32294,32519,35.0
573512.683285266,PLAYBACK,right,6,-0.17588601510643187,2,32792,33311,35.0
573512.68329759,PLAYBACK,right,7,0.8157505149919881,2,33170,30699,34.0
573512.68330813,PLAYBACK,right,1,-0.6676763561455719,2,32789,33629,31.0
573512.683318951,PLAYBACK,right,2,0.1916140993362312,2,32859,32271,32.0
573512.68332855,PLAYBACK,right,3,0.057349965667199854,2,32807,31888,32.0
573512.68335459,PLAYBACK,right,4,1.5626427100022884,2,32063,30312,31.0
573512.683364539,PLAYBACK,right,5,0.15604298519870205,2,32438,32656,35.0
573512.683374679,PLAYBACK,right,6,-0.17588601510643187,2,32775,33053,35.0
573512.683384357,PLAYBACK,right,7,0.8142160677500563,2,33119,30863,34.0
573512.685642606,PLAYBACK,right,1,-0.6676763561455719,2,32725,33670,31.0
573512.685664969,PLAYBACK,right,2,0.1916140993362312,2,32836,32206,32.0
573512.685674868,PLAYBACK,right,3,0.057349965667199854,2,32743,31940,32.0
573512.686803542,PLAYBACK,right,4,1.5641771572442202,2,32257,30346,31.0
573512.686831505,PLAYBACK,right,5,0.1571938206301496,2,32461,32366,35.0
573512.690073819,PLAYBACK,right,6,-0.17588601510643187,2,32837,33016,35.0
573512.690109628,PLAYBACK,right,7,0.8130652323186087,2,33072,30897,33.0
573512.690121751,PLAYBACK,right,1,-0.6680599679560544,2,32778,33684,31.0
573512.690132302,PLAYBACK,right,2,0.1916140993362312,2,32876,32226,32.0
573512.690142321,PLAYBACK,right,3,0.057349965667199854,2,32650,31879,32.0
573512.690150888,PLAYBACK,right,4,1.5660952162966346,2,32124,30059,31.0
573512.694652196,PLAYBACK,right,8,0.12256397344930114,2,32780,32828,32.0
573512.69466996,PLAYBACK,right,5,0.15872826787208147,2,32417,32287,35.0
573512.694679889,PLAYBACK,right,6,-0.17588601510643187,2,32797,33064,35.0
573512.694687744,PLAYBACK,right,7,0.8111471732661943,2,33097,31047,34.0
573512.694695028,PLAYBACK,right,8,0.12256397344930114,2,32673,33248,32.0
573512.694701841,PLAYBACK,right,1,-0.6680599679560544,2,32746,33673,31.0
573512.694710758,PLAYBACK,right,2,0.1916140993362312,2,32673,32198,32.0
573512.69586969,PLAYBACK,right,3,0.057349965667199854,2,32725,31900,32.0
573512.69590082,PLAYBACK,right,4,1.5683968871595333,2,32135,30267,31.0
573512.695908605,PLAYBACK,right,5,0.16026271511401333,2,32487,32224,35.0
573512.697066635,PLAYBACK,right,6,-0.17550240329594757,2,32747,33108,35.0
573512.69925542,PLAYBACK,right,7,0.809996337834745,2,33079,31030,34.0
573512.699279917,PLAYBACK,right,1,-0.6684435797665369,2,32831,33690,31.0
573512.699289586,PLAYBACK,right,2,0.1916140993362312,2,32608,32181,32.0
573512.69929705,PLAYBACK,right,3,0.05773357747768415,2,32791,31930,32.0
573512.703403488,PLAYBACK,right,4,1.5703149462119477,2,32137,30434,31.0
573512.703428406,PLAYBACK,right,5,0.16179716235594518,2,32469,32281,35.0
573512.703437844,PLAYBACK,right,6,-0.17588601510643187,2,32788,32982,35.0
573512.703446721,PLAYBACK,right,7,0.8084618905928131,2,33132,31235,33.0
573512.703455598,PLAYBACK,right,8,0.12218036163881862,2,32774,32768,32.0
573512.703463674,PLAYBACK,right,1,-0.6684435797665369,2,32848,33659,31.0
573512.703471008,PLAYBACK,right,2,0.1916140993362312,2,32643,32225,32.0
573512.704724522,PLAYBACK,left,1,0.0021098649576565265,0,32842,32767,31.0
573512.704840796,PLAYBACK,right,3,0.05773357747768415,2,32841,31917,32.0
573512.704854552,PLAYBACK,right,4,1.572233005264362,2,32134,30075,31.0
573512.706060374,PLAYBACK,left,2,0.004411535820553425,0,32809,32767,32.0
573512.706080593,PLAYBACK,left,3,-0.055048294804302955,0,32792,32767,32.0
573512.706113937,PLAYBACK,right,5,0.16333160959787704,2,32453,32527,35.0
573512.706126271,PLAYBACK,right,6,-0.17588601510643187,2,32797,33071,35.0
573512.706135108,PLAYBACK,right,7,0.8073110551613638,2,33079,31485,34.0
573512.707334518,PLAYBACK,left,4,0.018988784618905186,0,32852,32767,32.0
573512.707394734,PLAYBACK,left,5,-0.9166404211490047,0,32742,32767,35.0
573512.707418349,PLAYBACK,right,1,-0.6684435797665369,2,32913,33686,31.0
573512.707427066,PLAYBACK,right,2,0.1916140993362312,2,32768,32190,32.0
573512.708474132,PLAYBACK,left,6,0.033182421606774426,0,32807,32767,35.0
573512.708558775,PLAYBACK,left,7,0.008631265735866478,0,32774,32767,33.0
573512.708569726,PLAYBACK,left,8,-0.10108171206225691,0,32825,32767,32.0
573512.7085924,PLAYBACK,right,3,0.05773357747768415,2,32755,32009,32.0
573512.708602249,PLAYBACK,right,4,1.573767452506294,2,32121,30081,31.0
573512.71224845,PLAYBACK,right,5,0.16448244502932638,2,32444,32362,35.0
573512.712267647,PLAYBACK,right,6,-0.17588601510643187,2,32793,33059,35.0
573512.712277306,PLAYBACK,right,7,0.8061602197299145,2,33036,31646,34.0
573512.712285191,PLAYBACK,right,8,0.12256397344930114,2,32769,32874,32.0
573512.712292275,PLAYBACK,right,1,-0.6684435797665369,2,32655,33669,31.0
573512.712299489,PLAYBACK,right,2,0.1916140993362312,2,32891,32274,32.0
573512.71360849,PLAYBACK,right,3,0.05811718928816667,2,32656,31962,32.0
573512.713727058,PLAYBACK,right,4,1.5756855115587083,2,32162,30258,31.0
573512.716257511,PLAYBACK,right,5,0.16563328046077572,2,32563,32219,35.0
573512.71628839,PLAYBACK,right,6,-0.17588601510643187,2,32825,32936,35.0
573512.716301085,PLAYBACK,right,7,0.8050093842984669,2,33085,31560,34.0
573512.716311876,PLAYBACK,right,1,-0.6688271915770212,2,32726,33665,31.0
573512.716325392,PLAYBACK,right,2,0.1916140993362312,2,32846,32280,32.0
573512.717483612,PLAYBACK,right,3,0.05811718928816667,2,32486,31829,32.0
573512.717509101,PLAYBACK,right,4,1.5772199588006401,2,32273,29935,31.0
573512.72169393,PLAYBACK,right,5,0.16716772770270757,2,32348,32654,35.0
573512.721724659,PLAYBACK,right,6,-0.17588601510643187,2,32777,32976,35.0
573512.721736121,PLAYBACK,right,7,0.8038585488670176,2,32952,31797,33.0
573512.721748074,PLAYBACK,right,8,0.12256397344930114,2,32805,33006,32.0
573512.72175628,PLAYBACK,right,1,-0.6688271915770212,2,32728,33617,31.0
573512.721762922,PLAYBACK,right,2,0.1916140993362312,2,32909,32279,32.0
573512.721769685,PLAYBACK,right,3,0.05811718928816667,2,32680,31975,32.0
573512.725465252,PLAYBACK,right,4,1.5791380178530563,2,32089,30299,31.0
573512.725490571,PLAYBACK,right,5,0.16870217494463943,2,32426,32427,35.0
573512.725500269,PLAYBACK,right,6,-0.17588601510643187,2,32751,33089,35.0
573512.725510229,PLAYBACK,right,7,0.8027077134355682,2,33059,31899,34.0
573512.725517823,PLAYBACK,right,1,-0.6688271915770212,2,32761,33675,31.0
573512.725525568,PLAYBACK,right,2,0.1916140993362312,2,32845,32295,32.0
573512.72668458,PLAYBACK,right,3,0.05811718928816667,2,32822,31996,32.0
573512.726704969,PLAYBACK,right,4,1.5810560769054707,2,31933,30101,31.0
573512.727837931,PLAYBACK,right,5,0.169853010376087,2,32483,32321,35.0
573512.727857819,PLAYBACK,right,6,-0.17588601510643187,2,32755,32913,35.0
573512.730625179,PLAYBACK,right,7,0.8015568780041207,2,33130,31877,34.0
573512.730985052,PLAYBACK,right,1,-0.6688271915770212,2,32890,33665,31.0
573512.73101548,PLAYBACK,right,2,0.1916140993362312,2,32774,32242,32.0
573512.731024448,PLAYBACK,right,3,0.05850080109864919,2,32699,31997,32.0
573512.731031692,PLAYBACK,right,4,1.5825905241474025,2,32237,30242,31.0
573512.734249307,PLAYBACK,right,5,0.17100384580753633,2,32506,32393,35.0
573512.734270628,PLAYBACK,right,6,-0.17588601510643187,2,32770,32807,35.0
573512.734296268,PLAYBACK,right,7,0.8004060425726713,2,32993,31766,34.0
573512.734304524,PLAYBACK,right,8,0.12256397344930114,2,32814,32826,32.0
573512.734316647,PLAYBACK,right,1,-0.6688271915770212,2,32831,33699,31.0
573512.734327688,PLAYBACK,right,2,0.1916140993362312,2,32824,32259,32.0
573512.736934198,PLAYBACK,right,3,0.05850080109864919,2,32574,31928,32.0
573512.7369771,PLAYBACK,right,4,1.584508583199817,2,32129,30238,31.0
573512.736986248,PLAYBACK,right,5,0.1729219048599507,2,32427,32733,35.0
573512.736995436,PLAYBACK,right,6,-0.17588601510643187,2,32739,33120,35.0
573512.738195707,PLAYBACK,right,7,0.799255207141222,2,33036,31587,34.0
573512.738230133,PLAYBACK,right,1,-0.6688271915770212,2,32821,33756,31.0
573512.739379447,PLAYBACK,right,2,0.1916140993362312,2,32826,32319,32.0
573512.739491482,PLAYBACK,right,3,0.05888441290913171,2,32536,31962,32.0
573512.73950076,PLAYBACK,right,4,1.5864266422522313,2,32118,30454,31.0
573512.743322209,PLAYBACK,right,5,0.17407274029140005,2,32385,32254,35.0
573512.74334858,PLAYBACK,right,6,-0.17588601510643187,2,32768,33100,35.0
573512.74335886,PLAYBACK,right,7,0.7977207598992901,2,33094,31522,34.0
573512.74336943,PLAYBACK,right,8,0.12256397344930114,2,32748,33065,32.0
573512.743429356,PLAYBACK,right,1,-0.6688271915770212,2,32597,33731,31.0
573512.743441459,PLAYBACK,right,2,0.1916140993362312,2,32756,32193,32.0
573512.74461079,PLAYBACK,right,3,0.05888441290913171,2,32632,32014,32.0
573512.744639335,PLAYBACK,right,4,1.5883447013046457,2,32169,30204,31.0
573512.74586168,PLAYBACK,right,5,0.17522357572284938,2,32481,32465,35.0
573512.745921916,PLAYBACK,right,6,-0.1762696269169144,2,32828,32973,35.0
573512.745934961,PLAYBACK,right,7,0.7969535362783251,2,32991,31403,33.0
573512.747141093,PLAYBACK,right,1,-0.6692108033875037,2,32957,33662,31.0
573512.748293622,PLAYBACK,right,2,0.1916140993362312,2,32819,32248,32.0
573512.748320224,PLAYBACK,right,3,0.05888441290913171,2,32806,32027,32.0
573512.748574654,PLAYBACK,right,4,1.5898791485465775,2,32079,30083,31.0
573512.752159297,PLAYBACK,right,5,0.17675802296478124,2,32464,32557,35.0
573512.752179896,PLAYBACK,right,6,-0.1762696269169144,2,32783,33182,35.0
573512.752188533,PLAYBACK,right,7,0.7954190890363932,2,33071,31271,34.0
573512.752195817,PLAYBACK,right,8,0.12256397344930114,2,32790,33045,32.0
573512.75220278,PLAYBACK,right,1,-0.6692108033875037,2,32877,33686,31.0
573512.752210014,PLAYBACK,right,2,0.1916140993362312,2,32798,32237,32.0
573512.75353187,PLAYBACK,right,3,0.05926802471961601,2,32825,32005,32.0
573512.753579742,PLAYBACK,right,4,1.5921808194094762,2,31988,30265,31.0
573512.756958899,PLAYBACK,left,1,0.0021098649576565265,0,32725,32767,31.0
573512.757020628,PLAYBACK,left,2,0.004411535820553425,0,32753,32767,32.0
573512.757033793,PLAYBACK,left,3,-0.055048294804302955,0,32767,32767,32.0
573512.757045536,PLAYBACK,left,4,0.018988784618905186,0,32672,32767,32.0
573512.757053702,PLAYBACK,left,5,-0.9166404211490047,0,32708,32767,35.0
573512.757107585,PLAYBACK,right,5,0.17867608201719562,2,32371,32656,35.0
573512.757184283,PLAYBACK,right,6,-0.1762696269169144,2,32791,33212,35.0
573512.757209251,PLAYBACK,right,7,0.7942682536049439,2,33102,31215,33.0
573512.757218609,PLAYBACK,right,1,-0.6692108033875037,2,32807,33717,31.0
573512.757228548,PLAYBACK,right,2,0.1916140993362312,2,32779,32239,32.0
573512.757235812,PLAYBACK,right,3,0.05926802471961601,2,32771,32006,32.0
573512.758669954,PLAYBACK,left,6,0.033182421606774426,0,32730,32767,34.0
573512.758751852,PLAYBACK,left,7,0.008631265735866478,0,32759,32767,33.0
573512.758770808,PLAYBACK,left,8,-0.10069810025177439,0,32778,32767,32.0
573512.758813561,PLAYBACK,right,4,1.593715266651408,2,32023,30137,31.0
573512.758829461,PLAYBACK,right,5,0.18021052925912748,2,32342,32664,35.0
573512.758836274,PLAYBACK,right,6,-0.1762696269169144,2,32789,32926,35.0
573512.765817739,PLAYBACK,right,7,0.792733806363012,2,33042,31159,34.0
573512.765842476,PLAYBACK,right,8,0.12256397344930114,2,32725,32893,32.0
573512.765853367,PLAYBACK,right,1,-0.6692108033875037,2,32848,33719,31.0
573512.765863617,PLAYBACK,right,2,0.1916140993362312,2,32761,32253,32.0
573512.765872765,PLAYBACK,right,3,0.05926802471961601,2,32928,31986,32.0
573512.765881752,PLAYBACK,right,4,1.596016937514305,2,32039,29883,31.0
573512.765890198,PLAYBACK,right,5,0.18174497650105934,2,32445,32836,35.0
573512.765899015,PLAYBACK,right,6,-0.1762696269169144,2,32715,33242,35.0
573512.765905838,PLAYBACK,right,7,0.7915829709315627,2,32959,31393,33.0
573512.765912331,PLAYBACK,right,1,-0.6692108033875037,2,32825,33687,31.0
573512.765919545,PLAYBACK,right,2,0.1916140993362312,2,32994,32330,32.0
573512.765925697,PLAYBACK,right,3,0.05926802471961601,2,32829,31930,32.0
573512.76704378,PLAYBACK,right,4,1.5975513847562368,2,32269,30225,31.0
573512.768183294,PLAYBACK,right,5,0.1832794237429912,2,32509,32794,35.0
573512.76820735,PLAYBACK,right,6,-0.1762696269169144,2,32714,32950,35.0
573512.768432333,PLAYBACK,right,7,0.7904321355001152,2,33036,31514,34.0
573512.769911592,PLAYBACK,right,1,-0.6695944151979862,2,32942,33765,31.0
573512.76992629,PLAYBACK,right,2,0.1916140993362312,2,32731,32236,32.0
573512.774547349,PLAYBACK,right,3,0.05926802471961601,2,32564,31956,32.0
573512.77459473,PLAYBACK,right,4,1.5994694438086512,2,31952,30214,31.0
573512.774608136,PLAYBACK,right,5,0.18481387098492305,2,32456,32878,35.0
573512.77462068,PLAYBACK,right,6,-0.1766532387273969,2,32845,32937,35.0
573512.774629056,PLAYBACK,right,7,0.7892813000686658,2,33026,31159,34.0
573512.774636952,PLAYBACK,right,8,0.12256397344930114,2,32745,32797,32.0
573512.774646991,PLAYBACK,right,1,-0.6695944151979862,2,32947,33682,31.0
573512.774655507,PLAYBACK,right,2,0.1916140993362312,2,32645,32231,32.0
573512.778712891,PLAYBACK,right,3,0.05965163653009853,2,32715,32037,32.0
573512.778734162,PLAYBACK,right,4,1.6013875028610673,2,32035,30221,31.0
573512.778743279,PLAYBACK,right,5,0.1863483182268549,2,32414,32796,35.0
573512.77875393,PLAYBACK,right,6,-0.1766532387273969,2,32745,33002,35.0
573512.778762546,PLAYBACK,right,7,0.787746852826734,2,33178,31105,33.0
573512.778771564,PLAYBACK,right,1,-0.6695944151979862,2,32820,33673,31.0
573512.778780651,PLAYBACK,right,2,0.1916140993362312,2,32803,32247,32.0
573512.779903844,PLAYBACK,right,3,0.05965163653009853,2,32823,31974,32.0
573512.779926478,PLAYBACK,right,4,1.6036891737239642,2,31864,30359,31.0
573512.781089668,PLAYBACK,right,5,0.18749915365830247,2,32431,32789,35.0
573512.781128793,PLAYBACK,right,6,-0.1766532387273969,2,32765,32962,35.0
573512.783478297,PLAYBACK,right,7,0.7865960173952846,2,33073,30990,34.0
573512.783503065,PLAYBACK,right,1,-0.6695944151979862,2,32835,33719,31.0
573512.783511652,PLAYBACK,right,2,0.1916140993362312,2,32611,32224,32.0
573512.783518896,PLAYBACK,right,3,0.06003524834058105,2,32607,31985,32.0
573512.78757667,PLAYBACK,right,4,1.6056072327763786,2,32108,30527,31.0
573512.787596107,PLAYBACK,right,5,0.18941721271071862,2,32372,32968,35.0
573512.787605966,PLAYBACK,right,6,-0.1766532387273969,2,32779,33020,35.0
573512.787615905,PLAYBACK,right,7,0.7850615701533528,2,33026,30770,34.0
573512.787623179,PLAYBACK,right,8,0.12218036163881862,2,32804,32932,32.0
573512.787630523,PLAYBACK,right,1,-0.6695944151979862,2,32743,33668,31.0
573512.787637657,PLAYBACK,right,2,0.1916140993362312,2,32835,32268,32.0
573512.789132696,PLAYBACK,right,3,0.06003524834058105,2,32704,31920,32.0
573512.789216077,PLAYBACK,right,4,1.607525291828793,2,32159,30206,31.0
573512.789226918,PLAYBACK,right,5,0.19095165995265048,2,32443,32861,35.0
573512.79192822,PLAYBACK,right,6,-0.1766532387273969,2,32700,33017,35.0
573512.791945142,PLAYBACK,right,7,0.7842943465323877,2,33077,30821,34.0
573512.79195977,PLAYBACK,right,1,-0.6695944151979862,2,32727,33680,31.0
573512.791967195,PLAYBACK,right,2,0.1916140993362312,2,32896,32244,32.0
573512.796629713,PLAYBACK,right,3,0.06003524834058105,2,32645,32046,32.0
573512.796662967,PLAYBACK,right,4,1.6094433508812092,2,32151,30009,31.0
573512.796671604,PLAYBACK,right,5,0.19248610719458234,2,32428,32818,35.0
573512.796679218,PLAYBACK,right,6,-0.1766532387273969,2,32771,33012,35.0
573512.796685781,PLAYBACK,right,7,0.7831435111009384,2,33080,31100,33.0
573512.796692394,PLAYBACK,right,8,0.12256397344930114,2,32748,32802,32.0
573512.796699337,PLAYBACK,right,1,-0.6699780270084688,2,32863,33667,31.0
573512.79670613,PLAYBACK,right,2,0.1916140993362312,2,32711,32239,32.0
573512.800685814,PLAYBACK,right,3,0.06003524834058105,2,32856,32022,32.0
573512.800702296,PLAYBACK,right,4,1.6113614099336235,2,32189,30212,31.0
573512.800710812,PLAYBACK,right,5,0.19402055443651242,2,32490,32813,35.0
573512.800718116,PLAYBACK,right,6,-0.1766532387273969,2,32779,33020,35.0
573512.800724959,PLAYBACK,right,7,0.7816090638590065,2,33013,31013,34.0
573512.800731772,PLAYBACK,right,1,-0.6699780270084688,2,32834,33749,31.0
573512.800739237,PLAYBACK,right,2,0.1916140993362312,2,32722,32274,32.0
573512.801873691,PLAYBACK,right,3,0.06041886015106357,2,32617,31845,32.0
573512.801892698,PLAYBACK,right,4,1.6128958571755554,2,32269,30153,31.0
573512.803034968,PLAYBACK,right,5,0.19555500167844428,2,32412,32758,35.0
573512.803057722,PLAYBACK,right,6,-0.1766532387273969,2,32731,32963,35.0
573512.805983505,PLAYBACK,right,7,0.7804582284275572,2,33034,30943,34.0
573512.806012732,PLAYBACK,right,1,-0.6699780270084688,2,32841,33711,31.0
573512.806021228,PLAYBACK,right,2,0.1919977111467155,2,32630,32273,32.0
573512.806028312,PLAYBACK,right,3,0.06041886015106357,2,32772,32003,32.0
573512.806034754,PLAYBACK,right,4,1.6144303044174872,2,32024,29994,31.0
573512.809846705,PLAYBACK,left,1,0.0017262531471740061,0,32877,32767,31.0
573512.809863457,PLAYBACK,left,2,0.004411535820553425,0,32867,32767,32.0
573512.809871232,PLAYBACK,left,3,-0.055048294804302955,0,32762,32767,32.0
573512.809878306,PLAYBACK,left,4,0.018988784618905186,0,32880,32767,32.0
573512.809884558,PLAYBACK,left,5,-0.9166404211490047,0,32801,32767,35.0
573512.809891892,PLAYBACK,left,6,0.033182421606774426,0,32782,32767,35.0
573512.809905278,PLAYBACK,right,5,0.19708944892037614,2,32388,32731,35.0
573512.809913794,PLAYBACK,right,6,-0.1766532387273969,2,32823,33063,35.0
573512.809924104,PLAYBACK,right,7,0.7796910048065921,2,33014,31231,34.0
573512.809931388,PLAYBACK,right,8,0.12218036163881862,2,32878,32774,32.0
573512.809940215,PLAYBACK,right,1,-0.6695944151979862,2,32715,33797,31.0
573512.809948732,PLAYBACK,right,2,0.1919977111467155,2,32755,32199,32.0
573512.811032649,PLAYBACK,left,7,0.008631265735866478,0,32761,32767,33.0
573512.811047688,PLAYBACK,left,8,-0.10108171206225691,0,32814,32767,32.0
573512.811062085,PLAYBACK,right,3,0.06041886015106357,2,32797,32020,32.0
573512.811070281,PLAYBACK,right,4,1.6163483634699016,2,32221,30339,31.0
573512.812173616,PLAYBACK,right,5,0.198623896162308,2,32437,32920,35.0
573512.812190659,PLAYBACK,right,6,-0.1766532387273969,2,32714,32982,35.0
573512.813511612,PLAYBACK,right,7,0.7781565575646603,2,33096,30934,34.0
573512.813534557,PLAYBACK,right,1,-0.6699780270084688,2,32854,33719,31.0
573512.819288767,PLAYBACK,right,2,0.1916140993362312,2,33023,32247,32.0
573512.819302263,PLAYBACK,right,3,0.060802471961547866,2,32768,31955,32.0
573512.819309848,PLAYBACK,right,4,1.618266422522316,2,32206,30370,31.0
573512.819316982,PLAYBACK,right,5,0.20015834340423985,2,32446,32553,35.0
573512.819323975,PLAYBACK,right,6,-0.1766532387273969,2,32761,32991,35.0
573512.819330999,PLAYBACK,right,7,0.7773893339436935,2,32991,31325,34.0
573512.819337962,PLAYBACK,right,8,0.12218036163881862,2,32794,32865,32.0
573512.819348873,PLAYBACK,right,1,-0.6699780270084688,2,32891,33769,31.0
573512.819355476,PLAYBACK,right,2,0.1916140993362312,2,32917,32316,32.0
573512.819361648,PLAYBACK,right,3,0.061186083772030386,2,32661,32050,32.0
573512.820482987,PLAYBACK,right,4,1.6201844815747304,2,32052,30265,31.0
573512.820506542,PLAYBACK,right,5,0.2016927906461717,2,32397,32488,35.0
573512.821710812,PLAYBACK,right,6,-0.17703685053787943,2,32826,33120,35.0
573512.821757872,PLAYBACK,right,7,0.7762384985122459,2,32972,31351,33.0
573512.822983382,PLAYBACK,right,8,0.12218036163881862,2,32816,32714,32.0
573512.82302913,PLAYBACK,right,1,-0.6695944151979862,2,32889,33754,31.0
573512.823560734,PLAYBACK,right,2,0.1916140993362312,2,32798,32304,32.0
573512.828480578,PLAYBACK,right,3,0.061186083772030386,2,32651,31822,32.0
573512.828499384,PLAYBACK,right,4,1.6221025406271465,2,32199,30309,31.0
573512.828508051,PLAYBACK,right,5,0.20322723788810357,2,32442,32548,35.0
573512.828515946,PLAYBACK,right,6,-0.17703685053787943,2,32781,32918,35.0
573512.82852319,PLAYBACK,right,7,0.774704051270314,2,33071,30773,33.0
573512.828529953,PLAYBACK,right,8,0.12256397344930114,2,32757,32864,32.0
573512.828541285,PLAYBACK,right,1,-0.6695944151979862,2,32869,33707,31.0
573512.828547697,PLAYBACK,right,2,0.1916140993362312,2,32865,32287,32.0
573512.829657334,PLAYBACK,right,3,0.061186083772030386,2,32670,31914,32.0
573512.829671922,PLAYBACK,right,4,1.624020599679561,2,32064,30497,31.0
573512.830858978,PLAYBACK,right,5,0.20476168513003543,2,32451,32646,35.0
573512.830943311,PLAYBACK,right,6,-0.17703685053787943,2,32754,33041,35.0
573512.832303981,PLAYBACK,right,7,0.7731696040283822,2,33079,30928,34.0
573512.832337736,PLAYBACK,right,1,-0.6695944151979862,2,32712,33685,31.0
573512.832348847,PLAYBACK,right,2,0.1919977111467155,2,32708,32247,32.0
573512.833509663,PLAYBACK,right,3,0.061186083772030386,2,32751,31983,32.0
573512.833846702,PLAYBACK,right,4,1.6259386587319753,2,31895,30408,31.0
573512.838448964,PLAYBACK,right,5,0.20629613237196728,2,32367,32824,35.0
573512.838480505,PLAYBACK,right,6,-0.17742046234836373,2,32858,32983,35.0
573512.838492217,PLAYBACK,right,7,0.7724023804074154,2,33047,30749,33.0
573512.838499321,PLAYBACK,right,8,0.12256397344930114,2,32814,32724,32.0
573512.838505804,PLAYBACK,right,1,-0.6695944151979862,2,32715,33736,31.0
573512.838512206,PLAYBACK,right,2,0.1916140993362312,2,32753,32213,32.0
573512.838518849,PLAYBACK,right,3,0.06156969558251291,2,32674,31933,32.0
573512.838525431,PLAYBACK,right,4,1.6278567177843897,2,32123,30423,31.0
573512.841317027,PLAYBACK,right,5,0.20744696780341662,2,32548,32222,35.0
573512.841333088,PLAYBACK,right,6,-0.17742046234836373,2,32859,33085,35.0
573512.841341124,PLAYBACK,right,7,0.770484321355001,2,33108,30388,33.0
573512.841349329,PLAYBACK,right,1,-0.6695944151979862,2,32821,33740,31.0
573512.841358056,PLAYBACK,right,2,0.1916140993362312,2,32734,32262,32.0
573512.843636474,PLAYBACK,right,3,0.06156969558251291,2,32541,31788,32.0
573512.843670539,PLAYBACK,right,4,1.6293911650263215,2,32205,30222,31.0
573512.843680789,PLAYBACK,right,5,0.20859780323486596,2,32463,32327,35.0
573512.843689606,PLAYBACK,right,6,-0.17742046234836373,2,32815,32898,35.0
573512.845920572,PLAYBACK,right,7,0.769717097734036,2,32976,30761,33.0
573512.845995176,PLAYBACK,right,1,-0.6695944151979862,2,32547,33708,31.0
573512.846041886,PLAYBACK,right,2,0.1916140993362312,2,32745,32186,32.0
573512.846067836,PLAYBACK,right,3,0.06156969558251291,2,32870,31973,32.0
573512.850694044,PLAYBACK,right,4,1.631309224078736,2,31914,29953,31.0
573512.850724713,PLAYBACK,right,5,0.21013225047679782,2,32419,32430,35.0
573512.850735885,PLAYBACK,right,6,-0.17780407415884625,2,32755,32924,35.0
573512.850744542,PLAYBACK,right,7,0.7689498741130691,2,33000,31150,34.0
573512.850752697,PLAYBACK,right,8,0.12256397344930114,2,32802,33081,32.0
573512.850760673,PLAYBACK,right,1,-0.6695944151979862,2,32659,33757,31.0
573512.850768768,PLAYBACK,right,2,0.1916140993362312,2,32783,32277,32.0
573512.850776353,PLAYBACK,right,3,0.06195330739299543,2,32662,32028,32.0
573512.854884795,PLAYBACK,right,4,1.6332272831311503,2,32251,30309,31.0
573512.854927888,PLAYBACK,right,5,0.21166669771872967,2,32392,32263,35.0
573512.854940582,PLAYBACK,right,6,-0.17780407415884625,2,32922,33166,35.0
573512.855018542,PLAYBACK,right,7,0.7674154268711373,2,33012,30944,34.0
573512.855032028,PLAYBACK,right,1,-0.6695944151979862,2,32833,33734,31.0
573512.855043981,PLAYBACK,right,2,0.1916140993362312,2,32960,32260,32.0
573512.855056115,PLAYBACK,right,3,0.06195330739299543,2,32907,31961,32.0
573512.856222431,PLAYBACK,right,4,1.6347617303730821,2,32108,30158,31.0
573512.856245535,PLAYBACK,right,5,0.21320114496065976,2,32465,32528,35.0
573512.860216281,PLAYBACK,right,6,-0.17818768596932877,2,32775,33001,35.0
573512.860281457,PLAYBACK,right,7,0.766264591439688,2,33010,30947,34.0
573512.860295805,PLAYBACK,right,1,-0.6699780270084688,2,32849,33712,31.0
573512.860310593,PLAYBACK,right,2,0.1916140993362312,2,32927,32238,32.0
573512.860321314,PLAYBACK,right,3,0.06195330739299543,2,32422,31931,32.0
573512.860332505,PLAYBACK,right,4,1.6366797894254983,2,32023,30339,31.0
573512.86034019,PLAYBACK,right,5,0.2147355922025916,2,32372,32526,35.0
573512.863722734,PLAYBACK,left,1,0.0021098649576565265,0,32724,32767,31.0
573512.86374168,PLAYBACK,left,2,0.004411535820553425,0,32601,32767,32.0
573512.863749596,PLAYBACK,left,3,-0.055048294804302955,0,32769,32767,32.0
573512.863756759,PLAYBACK,left,4,0.018988784618905186,0,32616,32767,32.0
573512.863763633,PLAYBACK,left,5,-0.9166404211490047,0,32789,32767,35.0
573512.863770055,PLAYBACK,left,6,0.033182421606774426,0,32791,32767,35.0
573512.863789372,PLAYBACK,right,6,-0.17818768596932877,2,32765,32938,35.0
573512.863799221,PLAYBACK,right,7,0.7654973678187229,2,32930,31323,34.0
573512.863807156,PLAYBACK,right,8,0.12256397344930114,2,32738,32731,32.0
573512.863814831,PLAYBACK,right,1,-0.6695944151979862,2,32781,33742,31.0
573512.863820923,PLAYBACK,right,2,0.1916140993362312,2,32708,32241,32.0
573512.864928556,PLAYBACK,left,7,0.008631265735866478,0,32796,32767,33.0
573512.864954185,PLAYBACK,left,8,-0.10108171206225691,0,32752,32767,32.0
573512.864969935,PLAYBACK,right,3,0.062336919203479724,2,32630,31886,32.0
573512.86497744,PLAYBACK,right,4,1.6385978484779127,2,32119,30433,31.0
573512.866115601,PLAYBACK,right,5,0.21627003944452347,2,32441,32560,35.0
573512.866135099,PLAYBACK,right,6,-0.17818768596932877,2,32793,32999,35.0
573512.867233454,PLAYBACK,right,7,0.7647301441977579,2,32937,31109,33.0
573512.867247111,PLAYBACK,right,1,-0.6699780270084688,2,32768,33777,31.0
573512.868614704,PLAYBACK,right,2,0.1916140993362312,2,32832,32249,32.0
573512.868633891,PLAYBACK,right,3,0.062336919203479724,2,32676,31750,32.0
573512.873197088,PLAYBACK,right,4,1.6401322957198445,2,32266,30329,31.0
573512.873221115,PLAYBACK,right,5,0.21780448668645533,2,32452,32531,35.0
573512.873231164,PLAYBACK,right,6,-0.17818768596932877,2,32793,33034,35.0
573512.87323922,PLAYBACK,right,7,0.7635793087663085,2,33055,31014,34.0
573512.873248437,PLAYBACK,right,8,0.12256397344930114,2,32729,32652,32.0
573512.873260531,PLAYBACK,right,1,-0.6699780270084688,2,32725,33728,31.0
573512.873268115,PLAYBACK,right,2,0.1916140993362312,2,32894,32223,32.0
573512.873284667,PLAYBACK,right,3,0.062336919203479724,2,32821,31860,32.0
573512.873761505,PLAYBACK,right,4,1.642050354772259,2,32235,30351,31.0
573512.876633556,PLAYBACK,right,5,0.2193389339283872,2,32462,32652,35.0
573512.876659486,PLAYBACK,right,6,-0.1785712977798113,2,32755,33088,35.0
573512.876672741,PLAYBACK,right,7,0.7624284733348592,2,32938,31267,33.0
573512.876683602,PLAYBACK,right,1,-0.6699780270084688,2,32633,33734,31.0
573512.876695635,PLAYBACK,right,2,0.1916140993362312,2,32890,32241,32.0
573512.877815683,PLAYBACK,right,3,0.06272053101396224,2,32630,31967,32.0
573512.877832775,PLAYBACK,right,4,1.6435848020141908,2,32016,30368,31.0
573512.881785527,PLAYBACK,right,5,0.22048976935983652,2,32429,32606,35.0
573512.88184406,PLAYBACK,right,6,-0.1785712977798113,2,32816,33111,35.0
573512.88185426,PLAYBACK,right,7,0.7616612497138942,2,32991,31309,34.0
573512.881864189,PLAYBACK,right,8,0.12218036163881862,2,32815,32924,32.0
573512.881873326,PLAYBACK,right,1,-0.6699780270084688,2,32763,33817,31.0
573512.881881883,PLAYBACK,right,2,0.1916140993362312,2,32873,32233,32.0
573512.885715205,PLAYBACK,right,3,0.06272053101396224,2,32641,31887,32.0
573512.885734351,PLAYBACK,right,4,1.6455028610666051,2,32150,30356,31.0
573512.885742567,PLAYBACK,right,5,0.22202421660176838,2,32522,32488,35.0
573512.885750092,PLAYBACK,right,6,-0.1789549095902938,2,32893,32970,35.0
573512.885756935,PLAYBACK,right,7,0.7608940260929273,2,33000,31366,33.0
573512.885763878,PLAYBACK,right,1,-0.6699780270084688,2,32651,33719,31.0
573512.885770551,PLAYBACK,right,2,0.1916140993362312,2,32620,32181,32.0
573512.886914264,PLAYBACK,right,3,0.06272053101396224,2,32526,31859,32.0
573512.886943099,PLAYBACK,right,4,1.6466536964980545,2,32369,30275,31.0
573512.888048327,PLAYBACK,right,5,0.22355866384370024,2,32339,32638,35.0
573512.888068626,PLAYBACK,right,6,-0.1785712977798113,2,32704,33208,35.0
573512.890860813,PLAYBACK,right,7,0.7601268024719623,2,32916,31432,33.0
573512.890907363,PLAYBACK,right,1,-0.6699780270084688,2,32845,33784,31.0
573512.890920458,PLAYBACK,right,2,0.1916140993362312,2,32697,32222,32.0
573512.890929045,PLAYBACK,right,3,0.06272053101396224,2,32753,31912,32.0
573512.890937511,PLAYBACK,right,4,1.6481881437399863,2,32331,30285,31.0
573512.894669317,PLAYBACK,right,5,0.22470949927514958,2,32473,32710,35.0
573512.89472262,PLAYBACK,right,6,-0.1789549095902938,2,32765,32976,35.0
573512.894739673,PLAYBACK,right,7,0.7593595788509955,2,32909,31813,34.0
573512.894751896,PLAYBACK,right,8,0.12218036163881862,2,32724,33020,32.0
573512.894762617,PLAYBACK,right,1,-0.6699780270084688,2,32790,33762,31.0
573512.894777766,PLAYBACK,right,2,0.1919977111467155,2,32760,32279,32.0
573512.897333658,PLAYBACK,right,3,0.06272053101396224,2,32767,31867,32.0
573512.897368465,PLAYBACK,right,4,1.6497225909819182,2,32240,30289,31.0
573512.897378304,PLAYBACK,right,5,0.22662755832756395,2,32388,32616,35.0
573512.897386119,PLAYBACK,right,6,-0.1789549095902938,2,32799,33131,35.0
573512.897392822,PLAYBACK,right,7,0.7585923552300304,2,32918,31856,34.0
573512.898420311,PLAYBACK,right,1,-0.6699780270084688,2,32811,33793,31.0
573512.903801714,PLAYBACK,right,2,0.1916140993362312,2,32830,32219,32.0
573512.903832202,PLAYBACK,right,3,0.06310414282444476,2,32761,31832,32.0
573512.903842031,PLAYBACK,right,4,1.65125703822385,2,32156,30291,31.0
573512.903850648,PLAYBACK,right,5,0.2277783937590133,2,32419,32573,35.0
573512.903858884,PLAYBACK,right,6,-0.1793385214007781,2,32948,32763,35.0
573512.903866128,PLAYBACK,right,7,0.7578251316090636,2,32944,31668,34.0
573512.903873773,PLAYBACK,right,8,0.12218036163881862,2,32797,32871,32.0
573512.903881457,PLAYBACK,right,1,-0.6699780270084688,2,32544,33802,31.0
573512.903888982,PLAYBACK,right,2,0.1916140993362312,2,32663,32236,32.0
573512.903901786,PLAYBACK,right,3,0.06310414282444476,2,32863,31941,32.0
573512.905256886,PLAYBACK,right,4,1.652791485465782,2,32109,30155,31.0
573512.905315569,PLAYBACK,right,5,0.22969645281142767,2,32408,32718,35.0
573512.906566798,PLAYBACK,right,6,-0.1793385214007781,2,32868,33229,35.0
573512.906637284,PLAYBACK,right,7,0.7570579079880986,2,32880,31792,34.0
573512.907990921,PLAYBACK,left,1,0.0021098649576565265,0,32723,32767,31.0
573512.908045015,PLAYBACK,right,1,-0.6699780270084688,2,32741,33783,31.0
573512.908054133,PLAYBACK,right,2,0.1916140993362312,2,32818,32242,32.0
573512.908454273,PLAYBACK,left,2,0.004411535820553425,0,32859,32767,32.0
573512.908468521,PLAYBACK,right,3,0.06310414282444476,2,32675,31964,32.0
573512.912555902,PLAYBACK,left,3,-0.055048294804302955,0,32695,32767,32.0
573512.912575509,PLAYBACK,left,4,0.018988784618905186,0,32707,32767,32.0
573512.912587172,PLAYBACK,left,5,-0.9166404211490047,0,32780,32767,35.0
573512.912596149,PLAYBACK,left,6,0.033182421606774426,0,32757,32767,35.0
573512.912604836,PLAYBACK,left,7,0.008631265735866478,0,32744,32767,33.0
573512.912613152,PLAYBACK,left,8,-0.10069810025177439,0,32806,32767,32.0
573512.912632198,PLAYBACK,right,4,1.6539423208972295,2,32120,30074,31.0
573512.912640074,PLAYBACK,right,5,0.23123090005335953,2,32408,32691,35.0
573512.912647849,PLAYBACK,right,6,-0.17972213321126063,2,32773,33143,35.0
573512.912665322,PLAYBACK,right,7,0.7562906843671318,2,32948,31793,33.0
573512.912672516,PLAYBACK,right,8,0.12218036163881862,2,32781,32908,32.0
573512.912680011,PLAYBACK,right,1,-0.6695944151979862,2,32769,33806,31.0
573512.912688146,PLAYBACK,right,2,0.1916140993362312,2,32802,32201,32.0
573512.913529256,PLAYBACK,right,3,0.06310414282444476,2,32882,31836,32.0
573512.91665248,PLAYBACK,right,4,1.6558603799496456,2,32132,30432,31.0
573512.916668692,PLAYBACK,right,5,0.23276534729529139,2,32431,32752,35.0
573512.916678701,PLAYBACK,right,6,-0.18010574502174315,2,32871,32878,35.0
573512.916686335,PLAYBACK,right,7,0.7551398489356842,2,33039,31498,34.0
573512.916693399,PLAYBACK,right,1,-0.6695944151979862,2,32709,33705,31.0
573512.916700473,PLAYBACK,right,2,0.1916140993362312,2,32815,32197,32.0
573512.917852381,PLAYBACK,right,3,0.06348775463492728,2,32715,31817,32.0
573512.917888691,PLAYBACK,right,4,1.6573948271915775,2,32165,30150,31.0
573512.918432127,PLAYBACK,right,5,0.23429979453722324,2,32379,33023,35.0
573512.921161804,PLAYBACK,right,6,-0.18010574502174315,2,32770,33066,35.0
573512.921228392,PLAYBACK,right,7,0.7543726253147174,2,32965,31441,34.0
573512.921244944,PLAYBACK,right,8,0.12256397344930114,2,32682,33015,32.0
573512.92125851,PLAYBACK,right,1,-0.6699780270084688,2,32780,33739,31.0
573512.925924635,PLAYBACK,right,2,0.1916140993362312,2,32810,32261,32.0
573512.925951116,PLAYBACK,right,3,0.06348775463492728,2,32505,31880,32.0
573512.925961076,PLAYBACK,right,4,1.6589292744335093,2,32189,30275,31.0
573512.925970444,PLAYBACK,right,5,0.2358342417791551,2,32379,32770,35.0
573512.925980373,PLAYBACK,right,6,-0.18010574502174315,2,32799,33090,35.0
573512.925990061,PLAYBACK,right,7,0.7536054016937523,2,32932,31557,34.0
573512.926008777,PLAYBACK,right,1,-0.6699780270084688,2,32848,33715,31.0
573512.926016703,PLAYBACK,right,2,0.1916140993362312,2,32820,32213,32.0
573512.930448317,PLAYBACK,right,3,0.06348775463492728,2,32659,31838,32.0
573512.930467013,PLAYBACK,right,4,1.6604637216754412,2,32185,30414,31.0
573512.930477222,PLAYBACK,right,5,0.23736868902108696,2,32441,32933,35.0
573512.930487192,PLAYBACK,right,6,-0.18048935683222567,2,32908,33007,35.0
573512.930496239,PLAYBACK,right,7,0.7528381780727855,2,33028,31470,33.0
573512.930503072,PLAYBACK,right,1,-0.6699780270084688,2,32806,33704,31.0
573512.930510036,PLAYBACK,right,2,0.1916140993362312,2,32807,32228,32.0
573512.930516849,PLAYBACK,right,3,0.06348775463492728,2,32740,31823,32.0
573512.93164963,PLAYBACK,right,4,1.6619981689173713,2,32135,30378,31.0
573512.931671402,PLAYBACK,right,5,0.23890313626301882,2,32287,32879,35.0
573512.935696954,PLAYBACK,right,6,-0.18048935683222567,2,32723,33141,35.0
573512.935737292,PLAYBACK,right,7,0.7516873426413362,2,33041,31467,33.0
573512.935749285,PLAYBACK,right,1,-0.6699780270084688,2,32751,33680,31.0
573512.935760056,PLAYBACK,right,2,0.1916140993362312,2,32861,32252,32.0
573512.935769263,PLAYBACK,right,3,0.0638713664454098,2,32647,31842,32.0
573512.935778571,PLAYBACK,right,4,1.6635326161593031,2,32383,30222,31.0
573512.935787038,PLAYBACK,right,5,0.24043758350495067,2,32397,32845,35.0
573512.93982856,PLAYBACK,right,6,-0.18125658045319248,2,32837,32890,35.0
573512.939856514,PLAYBACK,right,7,0.7509201190203711,2,32959,31665,34.0
573512.939866233,PLAYBACK,right,8,0.12256397344930114,2,32684,32960,32.0
573512.939873978,PLAYBACK,right,1,-0.6699780270084688,2,32768,33747,31.0
573512.939882654,PLAYBACK,right,2,0.1916140993362312,2,32848,32183,32.0
573512.939889778,PLAYBACK,right,3,0.0638713664454098,2,32720,31704,32.0
573512.941042428,PLAYBACK,right,4,1.665067063401235,2,32486,30219,31.0
573512.941069189,PLAYBACK,right,8,0.12218036163881862,2,32722,33033,32.0
573512.942255334,PLAYBACK,right,5,0.24273925436784757,2,32444,32794,35.0
573512.942283528,PLAYBACK,right,6,-0.18125658045319248,2,32830,32856,35.0
573512.944442655,PLAYBACK,right,7,0.7501528953994043,2,32856,31637,33.0
573512.944464678,PLAYBACK,right,1,-0.6699780270084688,2,32892,33706,31.0
573512.944473294,PLAYBACK,right,2,0.1916140993362312,2,32804,32236,32.0
573512.944479937,PLAYBACK,right,3,0.0638713664454098,2,32651,31854,32.0
573512.948590874,PLAYBACK,right,4,1.6669851224536512,2,32255,30339,31.0
573512.948614279,PLAYBACK,right,5,0.24427370160977943,2,32435,32987,35.0
573512.948625461,PLAYBACK,right,6,-0.18125658045319248,2,32760,33245,35.0
573512.948633606,PLAYBACK,right,7,0.7493856717784393,2,32942,31480,34.0
573512.948641542,PLAYBACK,right,8,0.12256397344930114,2,32769,32986,32.0
573512.948648605,PLAYBACK,right,1,-0.6699780270084688,2,32724,33766,31.0
573512.94865638,PLAYBACK,right,2,0.1916140993362312,2,32799,32200,32.0
573512.951563528,PLAYBACK,right,3,0.0642549782558941,2,32758,31830,32.0
573512.951607673,PLAYBACK,right,4,1.668519569695583,2,32211,30115,31.0
573512.951617302,PLAYBACK,right,5,0.24542453704122877,2,32476,32717,35.0
573512.951625848,PLAYBACK,right,6,-0.181640192263675,2,32699,32824,35.0
573512.951633653,PLAYBACK,right,7,0.7486184481574725,2,32966,31450,34.0
573512.952793547,PLAYBACK,right,1,-0.6703616388189513,2,32889,33674,31.0
573512.952861047,PLAYBACK,right,2,0.1916140993362312,2,32908,32208,32.0
573512.953627794,PLAYBACK,right,3,0.0642549782558941,2,32705,31865,32.0
573512.95759356,PLAYBACK,right,4,1.6700540169375149,2,32229,30178,31.0
573512.957642905,PLAYBACK,right,5,0.24695898428316063,2,32437,32586,35.0
573512.957659978,PLAYBACK,right,6,-0.18202380407415752,2,32865,32901,35.0
573512.957670579,PLAYBACK,right,7,0.7478512245365074,2,32868,31626,33.0
573512.957685608,PLAYBACK,right,8,0.12256397344930114,2,32739,32869,32.0
573512.95770266,PLAYBACK,right,1,-0.6703616388189513,2,32806,33772,31.0
573512.95771258,PLAYBACK,right,2,0.1916140993362312,2,32750,32243,32.0
573512.958591622,PLAYBACK,right,3,0.0642549782558941,2,32731,31838,32.0
573512.958617071,PLAYBACK,right,4,1.671588464179445,2,32429,30503,31.0
573512.961488411,PLAYBACK,left,1,0.0021098649576565265,0,32752,32767,31.0
573512.961517296,PLAYBACK,left,2,0.004411535820553425,0,32626,32767,32.0
573512.961528207,PLAYBACK,left,3,-0.055048294804302955,0,32759,32767,32.0
573512.961538707,PLAYBACK,left,4,0.018988784618905186,0,32669,32767,32.0
573512.961547484,PLAYBACK,left,5,-0.9166404211490047,0,32804,32767,35.0
573512.961564988,PLAYBACK,right,5,0.24849343152509248,2,32521,32660,35.0
573512.961573204,PLAYBACK,right,6,-0.18202380407415752,2,32752,32896,35.0
573512.961580518,PLAYBACK,right,7,0.7470840009155406,2,32931,31672,34.0
573512.961587281,PLAYBACK,right,1,-0.6703616388189513,2,32801,33734,31.0
573512.961593473,PLAYBACK,right,2,0.1916140993362312,2,32838,32257,32.0
573512.962759999,PLAYBACK,left,6,0.033182421606774426,0,32794,32767,35.0
573512.962806439,PLAYBACK,left,7,0.008631265735866478,0,32767,32767,33.0
573512.962818732,PLAYBACK,left,8,-0.10108171206225691,0,32771,32767,32.0
573512.962843791,PLAYBACK,right,3,0.06463859006637662,2,32607,31964,32.0
573512.962852387,PLAYBACK,right,4,1.6731229114213768,2,32280,30405,31.0
573512.963423286,PLAYBACK,right,5,0.25002787876702437,2,32440,32567,35.0
573512.970533939,PLAYBACK,right,6,-0.18202380407415752,2,32843,32728,35.0
573512.970640955,PLAYBACK,right,7,0.745933165484093,2,32995,31464,34.0
573512.970661886,PLAYBACK,right,8,0.12256397344930114,2,32696,32919,32.0
573512.970671154,PLAYBACK,right,1,-0.6703616388189513,2,32679,33712,31.0
573512.970680171,PLAYBACK,right,2,0.1916140993362312,2,32859,32292,32.0
573512.970703646,PLAYBACK,right,3,0.06463859006637662,2,32740,31875,32.0
573512.970711642,PLAYBACK,right,4,1.675040970473793,2,32312,30321,31.0
573512.970719597,PLAYBACK,right,5,0.25117871419847193,2,32533,32499,35.0
573512.970727562,PLAYBACK,right,6,-0.18279102769512434,2,32874,32763,35.0
573512.970734265,PLAYBACK,right,7,0.7447823300526437,2,32998,31281,34.0
573512.970741469,PLAYBACK,right,1,-0.6703616388189513,2,32758,33739,31.0
573512.970747982,PLAYBACK,right,2,0.1916140993362312,2,32739,32170,32.0
573512.970756558,PLAYBACK,right,3,0.06502220187685914,2,32724,32042,32.0
573512.971898668,PLAYBACK,right,4,1.6761918059052405,2,32304,30264,31.0
573512.971927173,PLAYBACK,right,5,0.25232954962992127,2,32388,32320,35.0
573512.973057599,PLAYBACK,right,6,-0.18279102769512434,2,32749,33081,35.0
573512.973482548,PLAYBACK,right,7,0.7440151064316787,2,33016,31279,33.0
573512.979118,PLAYBACK,right,1,-0.6707452506294356,2,32820,33701,31.0
573512.979138299,PLAYBACK,right,2,0.1916140993362312,2,32753,32226,32.0
573512.979149961,PLAYBACK,right,3,0.06502220187685914,2,32852,31914,32.0
573512.979158948,PLAYBACK,right,4,1.6777262531471724,2,32086,30243,31.0
573512.979168126,PLAYBACK,right,5,0.2538639968718531,2,32454,32433,35.0
573512.979177093,PLAYBACK,right,6,-0.18317463950560686,2,32805,32936,35.0
573512.979186191,PLAYBACK,right,7,0.7428642710002293,2,32988,31046,33.0
573512.979195288,PLAYBACK,right,8,0.12218036163881862,2,32709,32980,32.0
573512.979203204,PLAYBACK,right,1,-0.6703616388189513,2,32738,33718,31.0
573512.979210177,PLAYBACK,right,2,0.1919977111467155,2,32711,32238,32.0
573512.980329202,PLAYBACK,right,3,0.06540581368734166,2,32815,31999,32.0
573512.980349281,PLAYBACK,right,4,1.6792607003891042,2,32220,30213,31.0
573512.981519594,PLAYBACK,right,5,0.25501483230330246,2,32540,32282,35.0
573512.981543911,PLAYBACK,right,6,-0.18317463950560686,2,32822,32979,35.0
573512.982655602,PLAYBACK,right,7,0.7420970473792625,2,32983,30848,34.0
573512.982670821,PLAYBACK,right,1,-0.6703616388189513,2,32674,33772,31.0
573512.983537781,PLAYBACK,right,2,0.1919977111467155,2,32762,32219,32.0
573512.98845483,PLAYBACK,right,3,0.06540581368734166,2,32921,31982,32.0
573512.988474518,PLAYBACK,right,4,1.6804115358205536,2,32347,30304,31.0
573512.988483124,PLAYBACK,right,5,0.25616566773475,2,32504,32266,35.0
573512.988491089,PLAYBACK,right,6,-0.18355825131608938,2,32830,33093,35.0
573512.988498253,PLAYBACK,right,7,0.740946211947815,2,32984,31113,33.0
573512.988505337,PLAYBACK,right,8,0.12218036163881862,2,32747,32922,32.0
573512.988512451,PLAYBACK,right,1,-0.6703616388189513,2,32699,33698,31.0
573512.988519594,PLAYBACK,right,2,0.1919977111467155,2,32771,32213,32.0
573512.989779019,PLAYBACK,right,3,0.06578942549782596,2,32871,32049,32.0
573512.989868171,PLAYBACK,right,4,1.6819459830624854,2,32307,30197,31.0
573512.989892328,PLAYBACK,right,5,0.2577001149766819,2,32499,32427,35.0
573512.991048995,PLAYBACK,right,6,-0.18355825131608938,2,32878,32997,35.0
573512.991076278,PLAYBACK,right,7,0.7401789883268481,2,32904,31025,34.0
573512.99225092,PLAYBACK,right,1,-0.6703616388189513,2,32748,33751,31.0
573512.992293381,PLAYBACK,right,2,0.1919977111467155,2,32630,32247,32.0
573512.993435611,PLAYBACK,right,3,0.06617303730830848,2,32762,31933,32.0
573512.993454908,PLAYBACK,right,4,1.6830968184939348,2,32146,30350,31.0
573512.998487109,PLAYBACK,right,5,0.2588509504081312,2,32490,32337,35.0
573512.998523589,PLAYBACK,right,6,-0.18394186312657368,2,32813,33178,35.0
573512.998535081,PLAYBACK,right,7,0.7394117647058831,2,32972,30895,34.0
573512.99854492,PLAYBACK,right,8,0.12218036163881862,2,32782,32797,32.0
573512.998554368,PLAYBACK,right,1,-0.6703616388189513,2,32676,33699,31.0
573512.998564578,PLAYBACK,right,2,0.1916140993362312,2,32823,32226,32.0
573512.998573114,PLAYBACK,right,3,0.066556649118791,2,32586,32006,32.0
573512.99858136,PLAYBACK,right,4,1.6842476539253823,2,32319,30144,31.0
573513.001484661,PLAYBACK,right,5,0.26000178583958056,2,32580,32334,35.0
573513.001504109,PLAYBACK,right,6,-0.18394186312657368,2,32820,33278,35.0
573513.001512304,PLAYBACK,right,7,0.7386445410849163,2,32960,30814,33.0
573513.001519127,PLAYBACK,right,1,-0.6703616388189513,2,32785,33774,31.0
573513.00152587,PLAYBACK,right,2,0.1919977111467155,2,32824,32279,32.0
573513.003614322,PLAYBACK,right,3,0.066556649118791,2,32632,31947,32.0
573513.003692713,PLAYBACK,right,4,1.6850148775463492,2,32557,30218,31.0
573513.003705398,PLAYBACK,right,5,0.2611526212710281,2,32482,32553,35.0
573513.00371728,PLAYBACK,right,6,-0.1843254749370562,2,32885,32886,35.0
573513.005550521,PLAYBACK,right,7,0.7378773174639512,2,32956,30863,34.0
573513.005568205,PLAYBACK,right,1,-0.6703616388189513,2,32744,33729,31.0
573513.005585218,PLAYBACK,right,2,0.1919977111467155,2,32722,32216,32.0
573513.01061338,PLAYBACK,right,3,0.06694026092927352,2,32640,32040,32.0
573513.010635182,PLAYBACK,right,4,1.6861657129777985,2,32217,30183,31.0
573513.010644069,PLAYBACK,right,5,0.26268706851296,2,32507,32491,35.0
573513.010653938,PLAYBACK,right,6,-0.18470908674753872,2,32831,33162,35.0
573513.010662274,PLAYBACK,right,7,0.7371100938429844,2,32936,31055,34.0
573513.01067033,PLAYBACK,right,8,0.12256397344930114,2,32693,32890,32.0
573513.0106809,PLAYBACK,right,1,-0.6703616388189513,2,32861,33775,31.0
573513.010689928,PLAYBACK,right,2,0.1919977111467155,2,32839,32215,32.0
573513.010697582,PLAYBACK,right,3,0.06732387273975782,2,32878,31953,32.0
573513.014325489,PLAYBACK,left,1,0.0017262531471740061,0,32828,32767,31.0
573513.014346669,PLAYBACK,left,2,0.004411535820553425,0,32683,32767,32.0
573513.014354304,PLAYBACK,left,3,-0.055048294804302955,0,32835,32767,32.0
573513.014361548,PLAYBACK,left,4,0.018988784618905186,0,32584,32767,32.0
573513.014368071,PLAYBACK,left,5,-0.9166404211490047,0,32759,32767,35.0
573513.014383791,PLAYBACK,right,4,1.687316548409246,2,32400,30053,31.0
573513.014392117,PLAYBACK,right,5,0.2638379039444093,2,32464,32421,35.0
573513.014399872,PLAYBACK,right,6,-0.18470908674753872,2,32775,33112,35.0
573513.014406655,PLAYBACK,right,7,0.7359592584115369,2,32906,31041,34.0
573513.014413107,PLAYBACK,right,1,-0.6703616388189513,2,32694,33730,31.0
573513.01441975,PLAYBACK,right,2,0.1919977111467155,2,32743,32294,32.0
573513.015546019,PLAYBACK,left,6,0.033182421606774426,0,32798,32767,35.0
573513.015581106,PLAYBACK,left,7,0.008631265735866478,0,32749,32767,33.0
573513.015589823,PLAYBACK,left,8,-0.10108171206225691,0,32796,32767,32.0
573513.015607978,PLAYBACK,right,3,0.06732387273975782,2,32780,31914,32.0
573513.015615242,PLAYBACK,right,4,1.6884673838406954,2,32426,30252,31.0
573513.019389831,PLAYBACK,right,5,0.26537235118634117,2,32506,32843,35.0
573513.019419258,PLAYBACK,right,6,-0.18470908674753872,2,32815,33081,35.0
573513.019430148,PLAYBACK,right,7,0.7348084229800875,2,33041,30913,34.0
573513.019439446,PLAYBACK,right,1,-0.6707452506294356,2,32849,33774,31.0
573513.019448945,PLAYBACK,right,2,0.1919977111467155,2,32622,32221,32.0
573513.019457511,PLAYBACK,right,3,0.06770748455024034,2,32834,32015,32.0
573513.023704059,PLAYBACK,right,4,1.6896182192721447,2,32349,30257,31.0
573513.023775146,PLAYBACK,right,5,0.26690679842827303,2,32368,32656,35.0
573513.023786507,PLAYBACK,right,6,-0.18509269855802124,2,32829,32934,35.0
573513.023794333,PLAYBACK,right,7,0.7340411993591207,2,33038,30887,34.0
573513.023801787,PLAYBACK,right,8,0.12256397344930114,2,32713,33014,32.0
573513.023809041,PLAYBACK,right,1,-0.6703616388189513,2,32812,33792,31.0
573513.023818489,PLAYBACK,right,2,0.1919977111467155,2,32769,32285,32.0
573513.023826094,PLAYBACK,right,3,0.06809109636072286,2,32605,32147,32.0
573513.025043869,PLAYBACK,right,4,1.6907690547035923,2,32377,30223,31.0
573513.025068386,PLAYBACK,right,5,0.2684412456702049,2,32492,32726,35.0
573513.026182381,PLAYBACK,right,6,-0.18547631036850554,2,32899,32738,35.0
573513.028435921,PLAYBACK,right,7,0.7328903639276731,2,32929,30777,34.0
573513.028453956,PLAYBACK,right,1,-0.6703616388189513,2,32807,33730,31.0
573513.028462913,PLAYBACK,right,2,0.1919977111467155,2,32757,32264,32.0
573513.028471089,PLAYBACK,right,3,0.06809109636072286,2,32733,31947,32.0
573513.032336432,PLAYBACK,right,4,1.691536278324559,2,32536,30240,31.0
573513.032352213,PLAYBACK,right,5,0.26997569291213674,2,32417,33068,35.0
573513.032360408,PLAYBACK,right,6,-0.18547631036850554,2,32809,33087,35.0
573513.032367652,PLAYBACK,right,7,0.7321231403067063,2,32974,30875,33.0
573513.032374385,PLAYBACK,right,8,0.12256397344930114,2,32765,32794,32.0
573513.032381058,PLAYBACK,right,1,-0.6703616388189513,2,32659,33685,31.0
573513.032387982,PLAYBACK,right,2,0.1916140993362312,2,32818,32310,32.0
573513.033392165,PLAYBACK,right,3,0.06847470817120538,2,32646,31944,32.0
573513.033401233,PLAYBACK,right,4,1.6926871137560084,2,32303,30234,31.0
573513.03641149,PLAYBACK,right,5,0.2715101401540686,2,32495,32694,35.0
573513.03642726,PLAYBACK,right,6,-0.18585992217898806,2,32778,33105,35.0
573513.036433372,PLAYBACK,right,7,0.7313559166857413,2,32924,30982,34.0
573513.036439283,PLAYBACK,right,1,-0.6703616388189513,2,32797,33733,31.0
573513.036445225,PLAYBACK,right,2,0.1916140993362312,2,32942,32281,32.0
573513.041828731,PLAYBACK,right,3,0.06847470817120538,2,32593,31942,32.0
573513.041850984,PLAYBACK,right,4,1.693837949187456,2,32304,30154,31.0
573513.041861374,PLAYBACK,right,5,0.27304458739600046,2,32489,32936,35.0
573513.041871183,PLAYBACK,right,6,-0.18624353398947058,2,32846,32620,35.0
573513.041881072,PLAYBACK,right,7,0.730205081254292,2,33012,30940,33.0
573513.041888577,PLAYBACK,right,8,0.12256397344930114,2,32754,32818,32.0
573513.041896963,PLAYBACK,right,1,-0.6703616388189513,2,32909,33745,31.0
573513.04190579,PLAYBACK,right,2,0.1919977111467155,2,32713,32234,32.0
573513.041913815,PLAYBACK,right,3,0.06885831998168968,2,32809,31921,32.0
573513.046506189,PLAYBACK,right,4,1.6949887846189053,2,32437,30109,31.0
573513.046523382,PLAYBACK,right,5,0.2741954228274498,2,32504,32824,35.0
573513.046532119,PLAYBACK,right,6,-0.1866271457999531,2,32874,32906,35.0
573513.046540014,PLAYBACK,right,7,0.7294378576333251,2,32979,30717,34.0
573513.046547188,PLAYBACK,right,1,-0.6703616388189513,2,32796,33722,31.0
573513.046554332,PLAYBACK,right,2,0.1916140993362312,2,32619,32221,32.0
573513.046560674,PLAYBACK,right,3,0.06885831998168968,2,32567,31769,32.0
573513.050908036,PLAYBACK,right,4,1.6961396200503547,2,32453,30321,31.0
573513.050930399,PLAYBACK,right,5,0.27572987006938166,2,32372,33095,35.0
573513.05094138,PLAYBACK,right,6,-0.1866271457999531,2,32815,32905,35.0
573513.050948053,PLAYBACK,right,7,0.7282870222018776,2,32926,30751,34.0
573513.050953744,PLAYBACK,right,1,-0.6707452506294356,2,32696,33726,31.0
573513.050959635,PLAYBACK,right,2,0.1919977111467155,2,32775,32201,32.0
573513.050965166,PLAYBACK,right,3,0.0692419317921722,2,32592,31868,32.0
573513.050969925,PLAYBACK,right,4,1.697290455481804,2,32554,30353,31.0
573513.055243504,PLAYBACK,right,5,0.2768807055008292,2,32536,32991,35.0
573513.055309271,PLAYBACK,right,6,-0.1870107576104374,2,32903,32892,35.0
573513.055325232,PLAYBACK,right,7,0.7279034103913933,2,32934,30956,33.0
573513.055339509,PLAYBACK,right,8,0.12256397344930114,2,32764,33046,32.0
573513.055348276,PLAYBACK,right,8,0.12256397344930114,2,32787,32943,32.0
573513.055358436,PLAYBACK,right,1,-0.6707452506294356,2,32999,33709,31.0
573513.055367002,PLAYBACK,right,2,0.1919977111467155,2,32736,32261,32.0
573513.058532478,PLAYBACK,right,3,0.06962554360265472,2,32666,31904,32.0
573513.058572675,PLAYBACK,right,4,1.6984412909132516,2,32336,30210,31.0
573513.058584468,PLAYBACK,right,5,0.2784151527427611,2,32539,32971,35.0
573513.058595198,PLAYBACK,right,6,-0.18739436942091992,2,32873,32861,35.0
573513.058605068,PLAYBACK,right,7,0.7267525749599457,2,32995,30963,34.0
573513.06365932,PLAYBACK,right,1,-0.6707452506294356,2,32863,33685,31.0
573513.063673798,PLAYBACK,right,2,0.1916140993362312,2,32790,32267,32.0
573513.063682665,PLAYBACK,right,3,0.06962554360265472,2,32676,31849,32.0
573513.063691402,PLAYBACK,right,4,1.699592126344701,2,32293,30244,31.0
573513.063699558,PLAYBACK,right,5,0.2795659881742104,2,32439,33026,35.0
573513.063707784,PLAYBACK,right,6,-0.18739436942091992,2,32839,32901,35.0
573513.063715148,PLAYBACK,right,7,0.7263689631494632,2,32941,31171,34.0
573513.06372164,PLAYBACK,right,8,0.12218036163881862,2,32815,32787,32.0
573513.063728864,PLAYBACK,right,1,-0.6711288624399181,2,32784,33653,31.0
573513.064897595,PLAYBACK,left,1,0.0021098649576565265,0,32778,32767,31.0
573513.064960656,PLAYBACK,right,2,0.1916140993362312,2,32784,32227,32.0
573513.064970245,PLAYBACK,right,3,0.07000915541313724,2,32569,31735,32.0
573513.064977008,PLAYBACK,right,4,1.7007429617761503,2,32265,30384,31.0
573513.066098347,PLAYBACK,left,2,0.004411535820553425,0,32803,32767,32.0
573513.06612063,PLAYBACK,left,3,-0.055431906614785476,0,32788,32767,32.0
573513.066139006,PLAYBACK,right,5,0.28110043541614227,2,32506,32965,35.0
573513.066149837,PLAYBACK,right,6,-0.18777798123140244,2,32914,32722,35.0
573513.067256848,PLAYBACK,left,4,0.018988784618905186,0,32665,32767,32.0
573513.067272959,PLAYBACK,left,5,-0.9166404211490047,0,32768,32767,35.0
573513.06728899,PLAYBACK,right,7,0.7256017395284964,2,32891,31002,34.0
573513.067298398,PLAYBACK,right,1,-0.6711288624399181,2,32833,33744,31.0
573513.068436369,PLAYBACK,left,6,0.033182421606774426,0,32753,32767,35.0
573513.068455707,PLAYBACK,left,7,0.008631265735866478,0,32760,32767,33.0
573513.06847305,PLAYBACK,right,2,0.1919977111467155,2,32871,32255,32.0
573513.06848355,PLAYBACK,right,3,0.07039276722362153,2,32558,31781,32.0
573513.06889904,PLAYBACK,left,8,-0.10069810025177439,0,32756,32767,32.0
573513.073371072,PLAYBACK,right,4,1.7018937972075978,2,32194,30456,31.0
573513.073382594,PLAYBACK,right,5,0.2822512708475916,2,32465,32990,35.0
573513.073389217,PLAYBACK,right,6,-0.18777798123140244,2,32793,32923,35.0
573513.073394658,PLAYBACK,right,7,0.7248345159075313,2,32931,31175,34.0
573513.073399677,PLAYBACK,right,8,0.12256397344930114,2,32835,32761,32.0
573513.073404847,PLAYBACK,right,1,-0.6711288624399181,2,32830,33649,31.0
573513.073409817,PLAYBACK,right,2,0.1916140993362312,2,32877,32213,32.0
573513.073415017,PLAYBACK,right,3,0.07077637903410405,2,32562,31846,32.0
573513.076680135,PLAYBACK,right,4,1.7030446326390472,2,32419,30368,31.0
573513.076719721,PLAYBACK,right,5,0.28378571808952346,2,32469,32953,35.0
573513.076737565,PLAYBACK,right,6,-0.18816159304188496,2,32899,32834,35.0
573513.076752564,PLAYBACK,right,7,0.724450904097047,2,32927,31371,33.0
573513.076765018,PLAYBACK,right,1,-0.6711288624399181,2,32764,33642,31.0
573513.076776971,PLAYBACK,right,2,0.1919977111467155,2,32681,32264,32.0
573513.077891808,PLAYBACK,right,3,0.07115999084458657,2,32623,31868,32.0
573513.077900585,PLAYBACK,right,4,1.703811856260014,2,32208,29960,31.0
573513.080716377,PLAYBACK,right,5,0.284936553520971,2,32420,32738,35.0
573513.08074895,PLAYBACK,right,6,-0.18854520485236748,2,32809,32902,35.0
573513.080786643,PLAYBACK,right,7,0.7240672922865645,2,32832,31324,34.0
573513.080797043,PLAYBACK,right,1,-0.6715124742504006,2,32828,33626,31.0
573513.080804948,PLAYBACK,right,2,0.1919977111467155,2,32686,32242,32.0
573513.085878548,PLAYBACK,right,3,0.07115999084458657,2,32669,31843,32.0
573513.085907844,PLAYBACK,right,4,1.704579079880979,2,32357,30221,31.0
573513.08591612,PLAYBACK,right,5,0.28608738895242036,2,32500,32879,35.0
573513.085923224,PLAYBACK,right,6,-0.18854520485236748,2,32833,32997,35.0
573513.085930177,PLAYBACK,right,7,0.7233000686655995,2,32891,31527,33.0
573513.085939054,PLAYBACK,right,8,0.12256397344930114,2,32781,32888,32.0
573513.085947511,PLAYBACK,right,1,-0.6715124742504006,2,32871,33686,31.0
573513.085954935,PLAYBACK,right,2,0.1919977111467155,2,32759,32281,32.0
573513.089887147,PLAYBACK,right,3,0.0715436026550691,2,32827,31829,32.0
573513.089908108,PLAYBACK,right,4,1.7053463035019458,2,32397,30276,31.0
573513.089915582,PLAYBACK,right,5,0.2872382243838697,2,32495,32902,35.0
573513.089922926,PLAYBACK,right,6,-0.18854520485236748,2,32739,32947,35.0
573513.089930581,PLAYBACK,right,7,0.7225328450446327,2,32870,31356,34.0
573513.089937254,PLAYBACK,right,1,-0.6715124742504006,2,32796,33694,31.0
573513.089943776,PLAYBACK,right,2,0.1916140993362312,2,32734,32288,32.0
573513.091092017,PLAYBACK,right,3,0.07192721446555339,2,32632,31867,32.0
573513.091117266,PLAYBACK,right,4,1.7064971389333934,2,32411,30273,31.0
573513.095100747,PLAYBACK,right,5,0.28838905981531904,2,32489,32815,35.0
573513.09513365,PLAYBACK,right,6,-0.18892881666285177,2,32769,32963,35.0
573513.095148639,PLAYBACK,right,7,0.7221492332341501,2,32909,31265,33.0
573513.095161935,PLAYBACK,right,1,-0.6715124742504006,2,32571,33624,31.0
573513.095174689,PLAYBACK,right,2,0.1919977111467155,2,32731,32254,32.0
573513.095188245,PLAYBACK,right,3,0.07192721446555339,2,32647,31958,32.0
573513.095199708,PLAYBACK,right,4,1.7072643625543602,2,32229,30249,31.0
573513.098746938,PLAYBACK,right,5,0.2895398952467666,2,32549,32731,35.0
573513.098783839,PLAYBACK,right,6,-0.1893124284733343,2,32817,32876,35.0
573513.098792316,PLAYBACK,right,7,0.7213820096131833,2,32939,31243,33.0
573513.098798949,PLAYBACK,right,8,0.12256397344930114,2,32786,32881,32.0
573513.098806132,PLAYBACK,right,1,-0.6715124742504006,2,32804,33658,31.0
573513.098812695,PLAYBACK,right,2,0.1919977111467155,2,32704,32212,32.0
573513.099927031,PLAYBACK,right,3,0.07269443808651843,2,32475,31960,32.0
573513.099943042,PLAYBACK,right,4,1.7084151979858095,2,32566,30189,31.0
573513.101062017,PLAYBACK,right,5,0.2903071188677334,2,32564,32758,35.0
573513.10109478,PLAYBACK,right,6,-0.1893124284733343,2,32806,32937,35.0
573513.10224264,PLAYBACK,right,7,0.7209983978027008,2,32859,31303,34.0
573513.102306202,PLAYBACK,right,1,-0.6715124742504006,2,32831,33682,31.0
573513.103886556,PLAYBACK,right,2,0.1919977111467155,2,32827,32221,32.0
573513.103916383,PLAYBACK,right,3,0.07269443808651843,2,32396,31671,32.0
573513.103925501,PLAYBACK,right,4,1.708798809796292,2,32589,30315,31.0
573513.107207752,PLAYBACK,right,5,0.291457954299181,2,32524,32734,35.0
573513.107221939,PLAYBACK,right,6,-0.19007965209429933,2,32846,32698,35.0
573513.107229093,PLAYBACK,right,7,0.7202311741817358,2,32921,31267,33.0
573513.107235475,PLAYBACK,right,8,0.12256397344930114,2,32723,32820,32.0
573513.107241577,PLAYBACK,right,1,-0.6718960860608831,2,32878,33571,31.0
573513.107247869,PLAYBACK,right,2,0.1919977111467155,2,32698,32204,32.0
573513.10843751,PLAYBACK,right,3,0.07307804989700095,2,32733,32032,32.0
573513.108456697,PLAYBACK,right,4,1.709566033417257,2,32556,30268,31.0
573513.111583097,PLAYBACK,right,5,0.2926087897306303,2,32455,32646,35.0
573513.111600551,PLAYBACK,right,6,-0.19007965209429933,2,32831,33139,35.0
573513.111608516,PLAYBACK,right,7,0.719463950560769,2,32927,31278,34.0
573513.11161596,PLAYBACK,right,1,-0.6718960860608831,2,32842,33639,31.0
573513.111622693,PLAYBACK,right,2,0.1919977111467155,2,32702,32173,32.0
573513.112854555,PLAYBACK,right,3,0.07346166170748347,2,32757,31832,32.0
573513.112921595,PLAYBACK,right,4,1.710333257038224,2,32605,30285,31.0
573513.116640897,PLAYBACK,right,5,0.29375962516207965,2,32517,32447,35.0
573513.116673059,PLAYBACK,right,6,-0.19007965209429933,2,32726,33004,35.0
573513.116681836,PLAYBACK,right,7,0.7190803387502864,2,32926,31139,34.0
573513.116688889,PLAYBACK,right,8,0.12256397344930114,2,32805,32744,32.0
573513.116695612,PLAYBACK,right,1,-0.6715124742504006,2,32854,33668,31.0
573513.116702014,PLAYBACK,right,2,0.1919977111467155,2,32777,32142,32.0
573513.120664816,PLAYBACK,left,1,0.0021098649576565265,0,32636,32767,31.0
573513.1206985,PLAYBACK,left,2,0.004411535820553425,0,32894,32767,32.0
573513.120708921,PLAYBACK,left,3,-0.055048294804302955,0,32875,32767,32.0
573513.120717878,PLAYBACK,left,4,0.018988784618905186,0,32684,32767,32.0
573513.120724851,PLAYBACK,left,5,-0.9166404211490047,0,32757,32767,35.0
573513.120734259,PLAYBACK,left,6,0.033182421606774426,0,32815,32767,35.0
573513.120758225,PLAYBACK,right,3,0.07422888532845029,2,32613,31948,32.0
573513.120768084,PLAYBACK,right,4,1.711100480659189,2,32526,30254,31.0
573513.120775619,PLAYBACK,right,5,0.294910460593529,2,32523,32620,35.0
573513.120783013,PLAYBACK,right,6,-0.19046326390478363,2,32791,32888,35.0
573513.120789906,PLAYBACK,right,7,0.7183131151293196,2,32943,31128,33.0
573513.120796309,PLAYBACK,right,1,-0.6718960860608831,2,32860,33710,31.0
573513.120808993,PLAYBACK,right,2,0.1919977111467155,2,32621,32252,32.0
573513.121924011,PLAYBACK,left,7,0.008631265735866478,0,32728,32767,33.0
573513.121941875,PLAYBACK,left,8,-0.10108171206225691,0,32831,32767,32.0
573513.121957495,PLAYBACK,right,3,0.07461249713893281,2,32630,31969,32.0
573513.121965881,PLAYBACK,right,4,1.7118677042801558,2,32331,30066,31.0
573513.123170952,PLAYBACK,right,5,0.29567768421449403,2,32558,32532,35.0
573513.123221409,PLAYBACK,right,6,-0.19046326390478363,2,32824,33093,35.0
573513.125308147,PLAYBACK,right,7,0.7179295033188371,2,32861,31372,34.0
573513.125331983,PLAYBACK,right,1,-0.6718960860608831,2,32710,33663,31.0
573513.125339097,PLAYBACK,right,2,0.1919977111467155,2,32711,32221,32.0
573513.125344708,PLAYBACK,right,3,0.07499610894941533,2,32655,31864,32.0
573513.12930794,PLAYBACK,right,4,1.7126349279011208,2,32480,29902,31.0
573513.129326034,PLAYBACK,right,5,0.29682851964594337,2,32561,32566,35.0
573513.129334892,PLAYBACK,right,6,-0.19084687571526615,2,32739,32959,35.0
573513.129341935,PLAYBACK,right,7,0.7175458915083546,2,32832,31439,34.0
573513.129348838,PLAYBACK,right,8,0.12256397344930114,2,32821,32982,32.0
573513.129359258,PLAYBACK,right,1,-0.6715124742504006,2,32668,33729,31.0
573513.129366452,PLAYBACK,right,2,0.1919977111467155,2,32818,32250,32.0
573513.130518942,PLAYBACK,right,3,0.07537972075989963,2,32685,31912,32.0
573513.131630342,PLAYBACK,right,4,1.7134021515220876,2,32391,30324,31.0
573513.131643006,PLAYBACK,right,5,0.2975957432669084,2,32495,32402,35.0
573513.13276152,PLAYBACK,right,6,-0.19084687571526615,2,32808,33123,35.0
573513.132778282,PLAYBACK,right,7,0.7167786678873895,2,32803,31258,34.0
573513.133416902,PLAYBACK,right,1,-0.6715124742504006,2,32699,33674,31.0
573513.138750183,PLAYBACK,right,2,0.1919977111467155,2,32809,32261,32.0
573513.138760823,PLAYBACK,right,3,0.07576333257038215,2,32570,31913,32.0
573513.138767546,PLAYBACK,right,4,1.7141693751430527,2,32620,30026,31.0
573513.138773227,PLAYBACK,right,5,0.29874657869835775,2,32462,32526,35.0
573513.138778778,PLAYBACK,right,6,-0.19123048752574867,2,32860,32725,35.0
573513.138784489,PLAYBACK,right,7,0.7163950560769052,2,32940,31188,33.0
573513.138790129,PLAYBACK,right,8,0.12256397344930114,2,32765,32821,32.0
573513.138794919,PLAYBACK,right,1,-0.6718960860608831,2,32794,33680,31.0
573513.138800109,PLAYBACK,right,2,0.1919977111467155,2,32633,32207,32.0
573513.139907752,PLAYBACK,right,3,0.07614694438086467,2,32743,31972,32.0
573513.139946035,PLAYBACK,right,4,1.7145529869535352,2,32565,30159,31.0
573513.14103347,PLAYBACK,right,5,0.2998974141298071,2,32538,32475,35.0
573513.141047236,PLAYBACK,right,6,-0.19123048752574867,2,32750,33007,35.0
573513.142152524,PLAYBACK,right,7,0.7160114442664227,2,32892,31301,34.0
573513.142180859,PLAYBACK,right,1,-0.6718960860608831,2,33003,33647,31.0
573513.143557089,PLAYBACK,right,2,0.1919977111467155,2,32831,32199,32.0
573513.143577017,PLAYBACK,right,3,0.07691416800183148,2,32420,31829,32.0
573513.147624001,PLAYBACK,right,4,1.715320210574502,2,32429,30060,31.0
573513.147641685,PLAYBACK,right,5,0.3006646377507721,2,32560,32653,35.0
573513.14764985,PLAYBACK,right,6,-0.1916140993362312,2,32825,32810,35.0
573513.147656934,PLAYBACK,right,7,0.7156278324559402,2,32896,31567,34.0
573513.147663787,PLAYBACK,right,8,0.12256397344930114,2,32758,33161,32.0
573513.147670671,PLAYBACK,right,1,-0.6718960860608831,2,32826,33674,31.0
573513.147677624,PLAYBACK,right,2,0.1919977111467155,2,32841,32266,32.0
573513.148417028,PLAYBACK,right,3,0.077297779812314,2,32615,32001,32.0
573513.152444744,PLAYBACK,right,4,1.7157038223849845,2,32657,30022,31.0
573513.152474571,PLAYBACK,right,5,0.30143186137173894,2,32553,32554,35.0
573513.15251519,PLAYBACK,right,6,-0.1919977111467155,2,32884,33112,35.0
573513.152528676,PLAYBACK,right,7,0.7152442206454577,2,32836,31434,33.0
573513.152538354,PLAYBACK,right,1,-0.6718960860608831,2,32957,33713,31.0
573513.152548053,PLAYBACK,right,2,0.1919977111467155,2,32691,32225,32.0
573513.152554566,PLAYBACK,right,3,0.07768139162279653,2,32657,31926,32.0
573513.15345536,PLAYBACK,right,4,1.716087434195467,2,32788,30033,31.0
573513.153470269,PLAYBACK,right,5,0.3025826968031865,2,32550,32648,35.0
573513.156954709,PLAYBACK,right,6,-0.1919977111467155,2,32744,33135,35.0
573513.156979988,PLAYBACK,right,7,0.7148606088349734,2,32842,31204,34.0
573513.156993013,PLAYBACK,right,8,0.12218036163881862,2,32783,32956,32.0
573513.157025445,PLAYBACK,right,1,-0.6718960860608831,2,32828,33687,31.0
573513.157063168,PLAYBACK,right,2,0.1919977111467155,2,32706,32236,32.0
573513.157075812,PLAYBACK,right,3,0.07844861524376334,2,32649,32167,32.0
573513.163033915,PLAYBACK,right,4,1.7168546578164339,2,32628,29995,31.0
573513.163075596,PLAYBACK,right,5,0.30373353223463584,2,32528,32620,35.0
573513.163088511,PLAYBACK,right,6,-0.1919977111467155,2,32897,32978,35.0
573513.163099101,PLAYBACK,right,7,0.7144769970244909,2,32827,31531,34.0
573513.163108519,PLAYBACK,right,1,-0.6718960860608831,2,32882,33664,31.0
573513.163118839,PLAYBACK,right,2,0.1916140993362312,2,32760,32241,32.0
573513.163128127,PLAYBACK,right,3,0.07921583886472838,2,32437,31989,32.0
573513.163140661,PLAYBACK,right,8,0.1217967498283361,2,32830,32903,32.0
573513.163149558,PLAYBACK,right,4,1.7172382696269164,2,32395,30117,31.0
573513.163157984,PLAYBACK,right,5,0.30411714404511836,2,32636,32542,35.0
573513.165326741,PLAYBACK,right,6,-0.192381322957198,2,32790,32945,35.0
573513.165521065,PLAYBACK,right,7,0.7140933852140083,2,32771,31531,33.0
573513.165532357,PLAYBACK,right,1,-0.6718960860608831,2,32787,33672,31.0
573513.165540022,PLAYBACK,right,2,0.1916140993362312,2,32735,32274,32.0
573513.166726837,PLAYBACK,right,3,0.0795994506752109,2,32318,32096,32.0
573513.166751595,PLAYBACK,right,4,1.717621881437399,2,32703,29999,31.0
573513.16792258,PLAYBACK,left,1,0.0021098649576565265,0,32898,32767,31.0
573513.167952006,PLAYBACK,right,5,0.3048843676660852,2,32587,32421,35.0
573513.167960593,PLAYBACK,right,6,-0.192381322957198,2,32824,32937,35.0
573513.17057101,PLAYBACK,left,2,0.004411535820553425,0,32862,32767,32.0
573513.170589445,PLAYBACK,left,3,-0.055048294804302955,0,32748,32767,32.0
573513.170598052,PLAYBACK,left,4,0.018988784618905186,0,32631,32767,32.0
573513.170605085,PLAYBACK,left,5,-0.9166404211490047,0,32827,32767,35.0
573513.170620064,PLAYBACK,right,7,0.7137097734035258,2,32895,31393,34.0
573513.170628691,PLAYBACK,right,1,-0.6718960860608831,2,32781,33658,31.0
573513.170636426,PLAYBACK,right,2,0.1916140993362312,2,32743,32205,32.0
573513.17064378,PLAYBACK,right,3,0.08036667429617772,2,32458,32046,32.0
573513.174885939,PLAYBACK,left,6,0.033182421606774426,0,32716,32767,35.0
573513.174917169,PLAYBACK,left,7,0.008631265735866478,0,32779,32767,33.0
573513.17494358,PLAYBACK,left,8,-0.10108171206225691,0,32803,32767,32.0
573513.175049284,PLAYBACK,right,4,1.7183891050583657,2,32456,29994,31.0
573513.175089371,PLAYBACK,right,5,0.3056515912870502,2,32551,32172,35.0
573513.175102626,PLAYBACK,right,6,-0.19276493476768053,2,32742,33082,35.0
573513.175111293,PLAYBACK,right,7,0.7133261615930415,2,32954,31182,33.0
573513.175119268,PLAYBACK,right,8,0.12218036163881862,2,32851,32868,32.0
573513.175125971,PLAYBACK,right,1,-0.6718960860608831,2,32923,33597,31.0
573513.175132524,PLAYBACK,right,2,0.1916140993362312,2,32861,32210,32.0
573513.175139467,PLAYBACK,right,3,0.08075028610666024,2,32592,31903,32.0
573513.176466503,PLAYBACK,right,4,1.7191563286793308,2,32471,30066,31.0
573513.17659503,PLAYBACK,right,5,0.30641881490801703,2,32551,32480,35.0
573513.177742359,PLAYBACK,right,6,-0.19276493476768053,2,32750,32836,35.0
573513.177768059,PLAYBACK,right,7,0.712942549782559,2,32971,31438,34.0
573513.178434863,PLAYBACK,right,1,-0.6718960860608831,2,32806,33614,31.0
573513.183625108,PLAYBACK,right,2,0.1916140993362312,2,32912,32251,32.0
573513.183640117,PLAYBACK,right,3,0.08151750972762706,2,32536,32117,32.0
573513.183647792,PLAYBACK,right,4,1.7195399404898133,2,32476,29944,31.0
573513.183654394,PLAYBACK,right,5,0.3071860385289821,2,32581,32711,35.0
573513.183661408,PLAYBACK,right,6,-0.19314854657816305,2,32859,32978,35.0
573513.18366758,PLAYBACK,right,7,0.7125589379720765,2,32796,31509,34.0
573513.183673772,PLAYBACK,right,8,0.12218036163881862,2,32765,33032,32.0
573513.183680024,PLAYBACK,right,1,-0.6718960860608831,2,32785,33659,31.0
573513.183686095,PLAYBACK,right,2,0.1916140993362312,2,32870,32212,32.0
573513.184806172,PLAYBACK,right,3,0.08190112153810958,2,32542,32077,32.0
573513.184826151,PLAYBACK,right,4,1.7199235523002976,2,32528,30085,31.0
573513.185949394,PLAYBACK,right,5,0.3079532621499489,2,32624,32512,35.0
573513.185972929,PLAYBACK,right,6,-0.19314854657816305,2,32763,33362,35.0
573513.187099789,PLAYBACK,right,7,0.712175326161594,2,32777,31001,34.0
573513.187116141,PLAYBACK,right,1,-0.6722796978713674,2,32783,33632,31.0
573513.188218503,PLAYBACK,right,2,0.1916140993362312,2,32977,32188,32.0
573513.188240596,PLAYBACK,right,3,0.08266834515907462,2,32554,32014,32.0
573513.193476248,PLAYBACK,right,4,1.72030716411078,2,32646,29940,31.0
573513.193508911,PLAYBACK,right,5,0.30872048577091393,2,32570,32489,35.0
573513.19351862,PLAYBACK,right,6,-0.19353215838864735,2,32779,32801,35.0
573513.193527357,PLAYBACK,right,7,0.7117917143511097,2,32919,31410,34.0
573513.193536614,PLAYBACK,right,8,0.12218036163881862,2,32736,32885,32.0
573513.193543317,PLAYBACK,right,1,-0.6718960860608831,2,32705,33622,31.0
573513.193550682,PLAYBACK,right,2,0.1916140993362312,2,33030,32302,32.0
573513.193556753,PLAYBACK,right,3,0.08343556878004144,2,32517,31990,32.0
573513.197190471,PLAYBACK,right,4,1.7206907759212626,2,32614,30010,31.0
573513.19721639,PLAYBACK,right,5,0.30948770939188075,2,32640,32572,35.0
573513.19722648,PLAYBACK,right,6,-0.19391577019912987,2,32766,32672,35.0
573513.197234606,PLAYBACK,right,7,0.7114081025406271,2,32773,31524,34.0
573513.19724189,PLAYBACK,right,1,-0.6722796978713674,2,32789,33653,31.0
573513.197250015,PLAYBACK,right,2,0.1916140993362312,2,32732,32220,32.0
573513.197256788,PLAYBACK,right,3,0.08420279240100648,2,32576,32021,32.0
573513.198497959,PLAYBACK,right,4,1.7210743877317451,2,32671,30156,31.0
573513.198519931,PLAYBACK,right,5,0.3106385448233283,2,32539,32735,35.0
573513.200793018,PLAYBACK,right,6,-0.19391577019912987,2,32794,33216,35.0
573513.200812115,PLAYBACK,right,7,0.7114081025406271,2,32869,31376,34.0
573513.200823808,PLAYBACK,right,1,-0.6722796978713674,2,32730,33616,31.0
573513.200833867,PLAYBACK,right,2,0.1916140993362312,2,32923,32194,32.0
573513.206109907,PLAYBACK,right,3,0.084586404211489,2,32488,32038,32.0
573513.206169552,PLAYBACK,right,4,1.721841611352712,2,32682,30072,31.0
573513.206180312,PLAYBACK,right,5,0.3110221566338126,2,32600,32662,35.0
573513.206190743,PLAYBACK,right,6,-0.1942993820096124,2,32769,32903,35.0
573513.206200431,PLAYBACK,right,7,0.7110244907301446,2,32862,31347,34.0
573513.206208477,PLAYBACK,right,8,0.12218036163881862,2,32743,32957,32.0
573513.20621521,PLAYBACK,right,1,-0.6722796978713674,2,32665,33626,31.0
573513.206224037,PLAYBACK,right,2,0.1916140993362312,2,32889,32248,32.0
573513.206259595,PLAYBACK,right,3,0.08535362783245581,2,32516,32047,32.0
573513.209942227,PLAYBACK,right,4,1.7222252231631945,2,32771,30080,31.0
573513.20996487,PLAYBACK,right,5,0.31178938025477765,2,32640,32575,35.0
573513.209977264,PLAYBACK,right,6,-0.1942993820096124,2,32741,32901,35.0
573513.209984398,PLAYBACK,right,7,0.7110244907301446,2,32870,31366,34.0
573513.209993265,PLAYBACK,right,1,-0.6722796978713674,2,32709,33650,31.0
573513.210020497,PLAYBACK,right,2,0.1919977111467155,2,32803,32251,32.0
573513.211338135,PLAYBACK,right,3,0.08612085145342085,2,32426,31885,32.0
573513.211527389,PLAYBACK,right,4,1.722608834973677,2,32585,30097,31.0
573513.216262377,PLAYBACK,right,5,0.31255660387574447,2,32659,32708,35.0
573513.216295581,PLAYBACK,right,6,-0.1946829938200949,2,32821,32925,35.0
573513.216323465,PLAYBACK,right,7,0.7106408789196621,2,32863,31415,34.0
573513.216334005,PLAYBACK,right,1,-0.6722796978713674,2,32708,33588,31.0
573513.216344515,PLAYBACK,right,2,0.1919977111467155,2,32700,32247,32.0
573513.216353974,PLAYBACK,right,3,0.08688807507438767,2,32477,32000,32.0
573513.216363963,PLAYBACK,right,4,1.7233760585946438,2,32505,30066,31.0
573513.216374353,PLAYBACK,right,5,0.3133238274967095,2,32592,32653,35.0
573513.216384633,PLAYBACK,right,6,-0.1946829938200949,2,32759,32979,35.0
573513.219149667,PLAYBACK,right,7,0.7106408789196621,2,32841,31593,34.0
573513.21916649,PLAYBACK,right,8,0.12218036163881862,2,32708,32688,32.0
573513.219174385,PLAYBACK,right,1,-0.6722796978713674,2,32672,33608,31.0
573513.219183803,PLAYBACK,right,2,0.1919977111467155,2,32651,32281,32.0
573513.220332606,PLAYBACK,left,1,0.0021098649576565265,0,32808,32767,31.0
573513.220359006,PLAYBACK,right,3,0.08765529869535271,2,32333,31940,32.0
573513.220378143,PLAYBACK,right,4,1.7241432822156089,2,32395,30218,31.0
573513.221469745,PLAYBACK,left,2,0.004411535820553425,0,32830,32767,32.0
573513.221491738,PLAYBACK,left,3,-0.055048294804302955,0,32788,32767,32.0
573513.221503791,PLAYBACK,right,5,0.3140910511176763,2,32628,32795,35.0
573513.221511085,PLAYBACK,right,6,-0.1950666056305792,2,32770,32883,35.0
573513.222591916,PLAYBACK,left,4,0.018988784618905186,0,32927,32767,32.0
573513.222601785,PLAYBACK,left,5,-0.9166404211490047,0,32709,32767,35.0
573513.222612225,PLAYBACK,right,7,0.7106408789196621,2,32850,31477,34.0
573513.222619329,PLAYBACK,right,1,-0.6722796978713674,2,32719,33637,31.0
573513.224147031,PLAYBACK,left,6,0.033182421606774426,0,32701,32767,35.0
573513.224173362,PLAYBACK,left,7,0.008631265735866478,0,32747,32767,33.0
573513.224184373,PLAYBACK,left,8,-0.10108171206225691,0,32778,32767,32.0
573513.224205904,PLAYBACK,right,2,0.1916140993362312,2,33026,32307,32.0
573513.224218338,PLAYBACK,right,3,0.08803891050583701,2,32394,31904,32.0
573513.2242453,PLAYBACK,right,4,1.7245268940260932,2,32501,30201,31.0
573513.227913023,PLAYBACK,right,5,0.31485827473864136,2,32594,32952,35.0
573513.227940165,PLAYBACK,right,6,-0.1950666056305792,2,32745,32806,35.0
573513.22795798,PLAYBACK,right,7,0.7102572671091778,2,32877,31502,34.0
573513.227970053,PLAYBACK,right,8,0.12218036163881862,2,32755,32912,32.0
573513.227981795,PLAYBACK,right,1,-0.67266330968185,2,32905,33630,31.0
573513.227993187,PLAYBACK,right,2,0.1916140993362312,2,32863,32243,32.0
573513.228431672,PLAYBACK,right,3,0.08880613412680205,2,32513,32021,32.0
573513.231957992,PLAYBACK,right,4,1.7249105058365757,2,32582,30175,31.0
573513.23198777,PLAYBACK,right,5,0.3156254983596082,2,32576,32965,35.0
573513.232033959,PLAYBACK,right,6,-0.1950666056305792,2,32777,32770,35.0
573513.232054769,PLAYBACK,right,7,0.7098736552986953,2,32853,31511,34.0
573513.232073835,PLAYBACK,right,1,-0.67266330968185,2,32816,33608,31.0
573513.232087031,PLAYBACK,right,2,0.1916140993362312,2,32867,32256,32.0
573513.233199202,PLAYBACK,right,3,0.08957335774776887,2,32415,31803,32.0
573513.233268095,PLAYBACK,right,4,1.7252941176470582,2,32590,30147,31.0
573513.23767406,PLAYBACK,right,5,0.3163927219805732,2,32651,32852,35.0
573513.237837264,PLAYBACK,right,6,-0.19545021744106172,2,32746,32886,35.0
573513.237851141,PLAYBACK,right,7,0.7102572671091778,2,32756,31801,34.0
573513.23786653,PLAYBACK,right,8,0.12256397344930114,2,32751,33001,32.0
573513.237877511,PLAYBACK,right,1,-0.67266330968185,2,32775,33551,31.0
573513.237894394,PLAYBACK,right,2,0.1916140993362312,2,32738,32240,32.0
573513.237906046,PLAYBACK,right,3,0.09034058136873391,2,32629,31948,32.0
573513.237934461,PLAYBACK,right,4,1.7256777294575407,2,32636,30345,31.0
573513.240907506,PLAYBACK,right,5,0.31677633379105574,2,32642,32813,35.0
573513.240926202,PLAYBACK,right,6,-0.19545021744106172,2,32781,32937,35.0
573513.240937584,PLAYBACK,right,7,0.7098736552986953,2,32708,31766,33.0
573513.240948044,PLAYBACK,right,1,-0.67266330968185,2,32836,33660,31.0
573513.240973754,PLAYBACK,right,2,0.1916140993362312,2,32798,32205,32.0
573513.242149798,PLAYBACK,right,3,0.09110780498970072,2,32360,31918,32.0
573513.242279719,PLAYBACK,right,4,1.726061341268025,2,32774,30092,31.0
573513.243499748,PLAYBACK,right,5,0.31754355741202256,2,32647,33032,35.0
573513.243523193,PLAYBACK,right,6,-0.19545021744106172,2,32804,32753,35.0
573513.250487204,PLAYBACK,right,7,0.7098736552986953,2,32812,31808,34.0
573513.250528684,PLAYBACK,right,1,-0.67266330968185,2,32616,33585,31.0
573513.250544975,PLAYBACK,right,2,0.1916140993362312,2,32660,32262,32.0
573513.250558692,PLAYBACK,right,3,0.09187502861066577,2,32443,31990,32.0
573513.250569683,PLAYBACK,right,4,1.7264449530785075,2,32513,30341,31.0
573513.250580894,PLAYBACK,right,5,0.3183107810329876,2,32540,32829,35.0
573513.250591735,PLAYBACK,right,6,-0.19583382925154424,2,32819,32737,35.0
573513.250601073,PLAYBACK,right,7,0.7098736552986953,2,32724,31846,34.0
573513.250610031,PLAYBACK,right,8,0.12256397344930114,2,32799,32787,32.0
573513.250620831,PLAYBACK,right,1,-0.67266330968185,2,32792,33648,31.0
573513.250631201,PLAYBACK,right,2,0.1916140993362312,2,32810,32293,32.0
573513.250638636,PLAYBACK,right,3,0.0926422522316308,2,32652,31977,32.0
573513.251885747,PLAYBACK,right,4,1.72682856488899,2,32555,30094,31.0
573513.251921666,PLAYBACK,right,5,0.3186943928434701,2,32619,32958,35.0
573513.25331039,PLAYBACK,right,6,-0.19583382925154424,2,32775,32729,35.0
573513.253448817,PLAYBACK,right,7,0.7091064316777302,2,32840,31556,34.0
573513.253793892,PLAYBACK,right,1,-0.67266330968185,2,32597,33573,31.0
573513.259447368,PLAYBACK,right,2,0.1919977111467155,2,32629,32176,32.0
573513.259473258,PLAYBACK,right,3,0.09340947585259762,2,32540,31952,32.0
573513.259483418,PLAYBACK,right,4,1.7272121766994726,2,32661,30039,31.0
573513.25949513,PLAYBACK,right,5,0.31946161646443694,2,32611,32976,35.0
573513.259509218,PLAYBACK,right,6,-0.19583382925154424,2,32767,32870,35.0
573513.259521531,PLAYBACK,right,7,0.7094900434882128,2,32823,31679,34.0
573513.259528745,PLAYBACK,right,8,0.12218036163881862,2,32791,32781,32.0
573513.259535548,PLAYBACK,right,1,-0.67266330968185,2,32719,33610,31.0
573513.25954175,PLAYBACK,right,2,0.1919977111467155,2,32694,32228,32.0
573513.260679461,PLAYBACK,right,3,0.09417669947356266,2,32357,31950,32.0
573513.260713486,PLAYBACK,right,4,1.7275957885099569,2,32580,29979,31.0
573513.261834966,PLAYBACK,right,5,0.320228840085402,2,32661,33005,35.0
573513.261857299,PLAYBACK,right,6,-0.19583382925154424,2,32795,32938,35.0
573513.262986013,PLAYBACK,right,7,0.7091064316777302,2,32842,31781,33.0
573513.263016191,PLAYBACK,right,1,-0.67266330968185,2,32772,33627,31.0
573513.263472449,PLAYBACK,right,2,0.1919977111467155,2,32572,32273,32.0
573513.264905589,PLAYBACK,right,3,0.09456031128404696,2,32443,31930,32.0
573513.264937441,PLAYBACK,right,4,1.7279794003204394,2,32600,30162,31.0
573513.264950576,PLAYBACK,right,5,0.3206124518958863,2,32678,33072,35.0
573513.270182441,PLAYBACK,right,6,-0.19621744106202677,2,32771,32814,35.0
573513.270209954,PLAYBACK,right,7,0.708722819867246,2,32868,31362,34.0
573513.270220314,PLAYBACK,right,8,0.12256397344930114,2,32701,32792,32.0
573513.27022868,PLAYBACK,right,1,-0.67266330968185,2,32676,33601,31.0
573513.270238569,PLAYBACK,right,2,0.1916140993362312,2,32813,32295,32.0
573513.270246334,PLAYBACK,right,3,0.095327534905012,2,32415,32003,32.0
573513.270258798,PLAYBACK,right,4,1.728363012130922,2,32504,30225,31.0
573513.270269629,PLAYBACK,right,5,0.3213796755168513,2,32603,33133,35.0
573513.273234749,PLAYBACK,left,1,0.0017262531471740061,0,32794,32767,31.0
573513.273260689,PLAYBACK,left,2,0.004411535820553425,0,32749,32767,32.0
573513.273274896,PLAYBACK,left,3,-0.055048294804302955,0,32949,32767,32.0
573513.273285577,PLAYBACK,left,4,0.018988784618905186,0,32838,32767,32.0
573513.273307529,PLAYBACK,right,6,-0.19621744106202677,2,32800,32782,35.0
573513.273317638,PLAYBACK,right,7,0.7083392080567634,2,32800,31389,34.0
573513.273325614,PLAYBACK,right,1,-0.67266330968185,2,32702,33555,31.0
573513.273332868,PLAYBACK,right,2,0.1919977111467155,2,32635,32261,32.0
573513.27333943,PLAYBACK,right,3,0.09609475852597882,2,32662,31919,32.0
573513.273535458,PLAYBACK,left,5,-0.9166404211490047,0,32744,32767,35.0
573513.27355232,PLAYBACK,right,4,1.7287466239414044,2,32514,30026,31.0
573513.27691729,PLAYBACK,left,6,0.033182421606774426,0,32769,32767,35.0
573513.27693262,PLAYBACK,left,7,0.008631265735866478,0,32713,32767,33.0
573513.276940515,PLAYBACK,left,8,-0.10108171206225691,0,32722,32767,32.0
573513.276954382,PLAYBACK,right,5,0.32176328732733384,2,32617,33195,35.0
573513.276962577,PLAYBACK,right,6,-0.19621744106202677,2,32835,32943,35.0
573513.276970032,PLAYBACK,right,7,0.7083392080567634,2,32782,31430,34.0
573513.276980231,PLAYBACK,right,1,-0.67266330968185,2,32625,33586,31.0
573513.276991653,PLAYBACK,right,2,0.1919977111467155,2,32834,32237,32.0
573513.277011512,PLAYBACK,right,3,0.09686198214694386,2,32323,31825,32.0
573513.281917609,PLAYBACK,right,4,1.729130235751887,2,32310,30085,31.0
573513.28194907,PLAYBACK,right,5,0.32214689913781813,2,32665,33208,35.0
573513.281956865,PLAYBACK,right,6,-0.19660105287251106,2,32778,32877,35.0
573513.281963918,PLAYBACK,right,7,0.7079555962462809,2,32788,31279,34.0
573513.281970391,PLAYBACK,right,8,0.12256397344930114,2,32733,32755,32.0
573513.28198038,PLAYBACK,right,8,0.12256397344930114,2,32798,32879,32.0
573513.281986472,PLAYBACK,right,1,-0.67266330968185,2,32592,33649,31.0
573513.281992604,PLAYBACK,right,2,0.1919977111467155,2,32854,32156,32.0
573513.286443034,PLAYBACK,right,3,0.09762920576791068,2,32572,31881,32.0
573513.286463443,PLAYBACK,right,4,1.7295138475623713,2,32697,30107,31.0
573513.286473172,PLAYBACK,right,5,0.3229141227587832,2,32609,33151,35.0
573513.286481097,PLAYBACK,right,6,-0.19660105287251106,2,32795,32808,35.0
573513.286488481,PLAYBACK,right,7,0.7075719844357984,2,32855,31265,33.0
573513.286495405,PLAYBACK,right,1,-0.67266330968185,2,32664,33492,31.0
573513.286502158,PLAYBACK,right,2,0.1919977111467155,2,32838,32245,32.0
573513.287783405,PLAYBACK,right,3,0.09839642938887572,2,32686,31883,32.0
573513.287812301,PLAYBACK,right,4,1.7302810711833363,2,32509,30178,31.0
573513.287821358,PLAYBACK,right,5,0.3229141227587832,2,32652,33013,35.0
573513.291361145,PLAYBACK,right,6,-0.19660105287251106,2,32698,32890,35.0
573513.291392325,PLAYBACK,right,7,0.7075719844357984,2,32818,31569,34.0
573513.291401562,PLAYBACK,right,1,-0.67266330968185,2,32686,33590,31.0
573513.291408586,PLAYBACK,right,2,0.1919977111467155,2,32897,32219,32.0
573513.291415379,PLAYBACK,right,3,0.09916365300984253,2,32452,31855,32.0
573513.291422162,PLAYBACK,right,4,1.7302810711833363,2,32642,30297,31.0
573513.295018838,PLAYBACK,right,5,0.3232977345692657,2,32635,32992,35.0
573513.295040149,PLAYBACK,right,6,-0.19698466468299358,2,32895,32868,35.0
573513.295048385,PLAYBACK,right,7,0.7071883726253159,2,32788,31615,34.0
573513.295055479,PLAYBACK,right,8,0.12256397344930114,2,32788,32758,32.0
573513.295062352,PLAYBACK,right,1,-0.67266330968185,2,32704,33547,31.0
573513.295069686,PLAYBACK,right,2,0.1919977111467155,2,32701,32251,32.0
573513.296212086,PLAYBACK,right,3,0.09993087663080757,2,32556,31859,32.0
573513.297361219,PLAYBACK,right,4,1.7306646829938188,2,32410,30153,31.0
573513.297388061,PLAYBACK,right,5,0.3240649581902325,2,32662,32929,35.0
573513.298599714,PLAYBACK,right,6,-0.19698466468299358,2,32764,32826,35.0
573513.2986288,PLAYBACK,right,7,0.7071883726253159,2,32768,31498,34.0
573513.304763674,PLAYBACK,right,1,-0.67266330968185,2,32656,33564,31.0
573513.304837075,PLAYBACK,right,2,0.1919977111467155,2,32639,32142,32.0
573513.304853567,PLAYBACK,right,3,0.10069810025177439,2,32444,31823,32.0
573513.30486551,PLAYBACK,right,4,1.7310482948043031,2,32404,30244,31.0
573513.304878324,PLAYBACK,right,5,0.32444857000071503,2,32705,33025,35.0
573513.304889907,PLAYBACK,right,6,-0.19698466468299358,2,32779,32976,35.0
573513.304900998,PLAYBACK,right,7,0.7071883726253159,2,32834,31519,34.0
573513.304913903,PLAYBACK,right,8,0.12256397344930114,2,32811,32734,32.0
573513.304923972,PLAYBACK,right,1,-0.67266330968185,2,32835,33568,31.0
573513.304932138,PLAYBACK,right,2,0.1919977111467155,2,32748,32198,32.0
573513.304940123,PLAYBACK,right,3,0.10146532387273943,2,32431,31779,32.0
573513.306138862,PLAYBACK,right,4,1.7314319066147856,2,32628,30226,31.0
573513.306179099,PLAYBACK,right,5,0.32483218181119755,2,32692,33014,35.0
573513.30734247,PLAYBACK,right,6,-0.19698466468299358,2,32802,32929,35.0
573513.307366045,PLAYBACK,right,7,0.7068047608148316,2,32804,31694,34.0
573513.308444031,PLAYBACK,right,1,-0.67266330968185,2,32534,33585,31.0
573513.308462216,PLAYBACK,right,2,0.1919977111467155,2,32682,32256,32.0
573513.313437647,PLAYBACK,right,3,0.10223254749370447,2,32450,31756,32.0
573513.313464068,PLAYBACK,right,4,1.7318155184252682,2,32487,30138,31.0
573513.313472855,PLAYBACK,right,5,0.32483218181119755,2,32782,32982,35.0
573513.313481191,PLAYBACK,right,6,-0.19698466468299358,2,32789,33077,35.0
573513.313487503,PLAYBACK,right,7,0.7068047608148316,2,32892,31828,34.0
573513.313494537,PLAYBACK,right,8,0.12256397344930114,2,32731,32965,32.0
573513.313502602,PLAYBACK,right,1,-0.67266330968185,2,32910,33612,31.0
573513.313510588,PLAYBACK,right,2,0.1919977111467155,2,32708,32199,32.0
573513.317308311,PLAYBACK,right,3,0.10299977111467129,2,32366,31733,32.0
573513.317334221,PLAYBACK,right,4,1.7321991302357507,2,32562,30432,31.0
573513.317345442,PLAYBACK,right,5,0.32521579362168185,2,32786,32939,35.0
573513.317356434,PLAYBACK,right,6,-0.19698466468299358,2,32702,33161,35.0
573513.317366112,PLAYBACK,right,7,0.7071883726253159,2,32698,31696,34.0
573513.317374398,PLAYBACK,right,1,-0.6730469214923325,2,32803,33599,31.0
573513.317384628,PLAYBACK,right,2,0.1916140993362312,2,32874,32245,32.0
573513.318441393,PLAYBACK,right,3,0.10376699473563633,2,32556,31902,32.0
573513.318462183,PLAYBACK,right,4,1.7321991302357507,2,32804,30321,31.0
573513.32197076,PLAYBACK,right,5,0.32559940543216437,2,32703,32944,35.0
573513.32199162,PLAYBACK,right,6,-0.1973682764934761,2,32788,32845,35.0
573513.322011268,PLAYBACK,right,7,0.7068047608148316,2,32780,31662,33.0
573513.322020425,PLAYBACK,right,1,-0.67266330968185,2,32712,33585,31.0
573513.322028691,PLAYBACK,right,2,0.1916140993362312,2,32869,32206,32.0
573513.322034963,PLAYBACK,right,3,0.10453421835660315,2,32382,31796,32.0
573513.32781321,PLAYBACK,left,1,0.0021098649576565265,0,32796,32767,31.0
573513.327838629,PLAYBACK,left,2,0.004411535820553425,0,32787,32767,32.0
573513.327872224,PLAYBACK,right,4,1.732582742046235,2,32649,30469,31.0
573513.327883976,PLAYBACK,right,5,0.32559940543216437,2,32734,33007,35.0
573513.327894537,PLAYBACK,right,6,-0.1973682764934761,2,32784,32914,35.0
573513.327903464,PLAYBACK,right,7,0.706421149004349,2,32850,31775,34.0
573513.327912141,PLAYBACK,right,8,0.12256397344930114,2,32778,32947,32.0
573513.327920677,PLAYBACK,right,1,-0.67266330968185,2,32837,33590,31.0
573513.327929764,PLAYBACK,right,2,0.1919977111467155,2,32937,32283,32.0
573513.327938501,PLAYBACK,right,3,0.10530144197756819,2,32454,31655,32.0
573513.327945956,PLAYBACK,right,4,1.7329663538567175,2,32661,30255,31.0
573513.327952148,PLAYBACK,right,5,0.32559940543216437,2,32747,33007,35.0
573513.330676294,PLAYBACK,left,3,-0.055048294804302955,0,32767,32767,32.0
573513.330691563,PLAYBACK,left,4,0.018988784618905186,0,32814,32767,32.0
573513.330698917,PLAYBACK,left,5,-0.9166404211490047,0,32690,32767,35.0
573513.330706231,PLAYBACK,left,6,0.033182421606774426,0,32740,32767,35.0
573513.330712483,PLAYBACK,left,7,0.008631265735866478,0,32814,32767,33.0
573513.33072658,PLAYBACK,right,6,-0.1973682764934761,2,32806,32824,35.0
573513.330748953,PLAYBACK,right,7,0.706421149004349,2,32856,31873,33.0
573513.330778721,PLAYBACK,right,1,-0.67266330968185,2,32970,33625,31.0
573513.330786666,PLAYBACK,right,2,0.1919977111467155,2,32518,32160,32.0
573513.331911222,PLAYBACK,left,8,-0.10108171206225691,0,32780,32767,32.0
573513.331938925,PLAYBACK,right,3,0.106068665598535,2,32453,31788,32.0
573513.33194675,PLAYBACK,right,4,1.7333499656672,2,32889,30203,31.0
573513.333110642,PLAYBACK,right,5,0.32559940543216437,2,32794,32763,35.0
573513.333141511,PLAYBACK,right,6,-0.1973682764934761,2,32761,32921,35.0
573513.335652416,PLAYBACK,right,7,0.706421149004349,2,32803,31678,34.0
573513.335668878,PLAYBACK,right,1,-0.67266330968185,2,32821,33617,31.0
573513.335675961,PLAYBACK,right,2,0.1919977111467155,2,32723,32240,32.0
573513.335682514,PLAYBACK,right,3,0.10683588921950005,2,32208,31479,32.0
573513.339316422,PLAYBACK,right,4,1.7333499656672,2,32797,30365,31.0
573513.33932568,PLAYBACK,right,5,0.3259830172426469,2,32807,33019,35.0
573513.339331922,PLAYBACK,right,6,-0.19775188830395862,2,32743,33025,35.0
573513.339337352,PLAYBACK,right,7,0.7060375371938665,2,32779,31598,33.0
573513.339342522,PLAYBACK,right,8,0.12218036163881862,2,32828,32603,32.0
573513.339348173,PLAYBACK,right,1,-0.67266330968185,2,32784,33620,31.0
573513.339353443,PLAYBACK,right,2,0.1919977111467155,2,32776,32251,32.0
573513.34045797,PLAYBACK,right,3,0.10798672465094938,2,32457,31699,32.0
573513.341678581,PLAYBACK,right,4,1.7337335774776825,2,32736,30239,31.0
573513.341705122,PLAYBACK,right,5,0.3263666290531294,2,32705,33040,35.0
573513.341719379,PLAYBACK,right,6,-0.19775188830395862,2,32880,32679,35.0
573513.342886306,PLAYBACK,right,7,0.7060375371938665,2,32819,31755,33.0
573513.342916304,PLAYBACK,right,1,-0.67266330968185,2,32692,33601,31.0
573513.343479869,PLAYBACK,right,2,0.1919977111467155,2,32733,32211,32.0
573513.348205309,PLAYBACK,right,3,0.1087539482719162,2,32464,31657,32.0
573513.348222683,PLAYBACK,right,4,1.7341171892881668,2,32710,30311,31.0
573513.348230297,PLAYBACK,right,5,0.3259830172426469,2,32740,32854,35.0
573513.348238082,PLAYBACK,right,6,-0.19775188830395862,2,32777,33015,35.0
573513.348244695,PLAYBACK,right,7,0.705653925383384,2,32802,31856,34.0
573513.348252099,PLAYBACK,right,8,0.12256397344930114,2,32768,32747,32.0
573513.348258682,PLAYBACK,right,1,-0.67266330968185,2,32841,33579,31.0
573513.348267679,PLAYBACK,right,2,0.1916140993362312,2,32775,32192,32.0
573513.352732317,PLAYBACK,right,3,0.10990478370336376,2,32422,31915,32.0
573513.352752646,PLAYBACK,right,4,1.7341171892881668,2,32601,30308,31.0
573513.352762605,PLAYBACK,right,5,0.3263666290531294,2,32739,32862,35.0
573513.352770661,PLAYBACK,right,6,-0.19775188830395862,2,32740,33063,35.0
573513.352778245,PLAYBACK,right,7,0.705653925383384,2,32833,31603,34.0
573513.352785239,PLAYBACK,right,1,-0.67266330968185,2,32748,33611,31.0
573513.352791721,PLAYBACK,right,2,0.1919977111467155,2,32965,32159,32.0
573513.353452914,PLAYBACK,right,3,0.1110556191348131,2,32365,31740,32.0
573513.361832902,PLAYBACK,right,4,1.7345008010986493,2,32799,30402,31.0
573513.361855355,PLAYBACK,right,5,0.3263666290531294,2,32772,32968,35.0
573513.361865444,PLAYBACK,right,6,-0.19775188830395862,2,32799,33138,35.0
573513.36187379,PLAYBACK,right,7,0.7052703135728997,2,32823,31588,34.0
573513.361881275,PLAYBACK,right,8,0.12256397344930114,2,32783,32839,32.0
573513.361888629,PLAYBACK,right,1,-0.67266330968185,2,32880,33564,31.0
573513.361896324,PLAYBACK,right,2,0.1919977111467155,2,32623,32225,32.0
573513.361903497,PLAYBACK,right,3,0.11220645456626244,2,32398,31782,32.0
573513.361910671,PLAYBACK,right,4,1.7345008010986493,2,32847,30354,31.0
573513.361917194,PLAYBACK,right,5,0.3263666290531294,2,32738,32803,35.0
573513.361923696,PLAYBACK,right,6,-0.19813550011444114,2,32861,33117,35.0
573513.361931091,PLAYBACK,right,7,0.7048867017624172,2,32886,31660,34.0
573513.361937794,PLAYBACK,right,1,-0.67266330968185,2,32787,33552,31.0
573513.361943885,PLAYBACK,right,2,0.1916140993362312,2,32762,32176,32.0
573513.361949797,PLAYBACK,right,3,0.11335728999771,2,32379,31857,32.0
573513.363050597,PLAYBACK,right,4,1.7348844129091319,2,32648,30419,31.0
573513.363492908,PLAYBACK,right,5,0.3263666290531294,2,32816,33053,35.0
573513.365507147,PLAYBACK,right,6,-0.19775188830395862,2,32769,33124,35.0
573513.365517457,PLAYBACK,right,7,0.7045030899519347,2,32830,31629,34.0
573513.365525142,PLAYBACK,right,1,-0.67266330968185,2,32872,33578,31.0
573513.370876958,PLAYBACK,right,2,0.1916140993362312,2,32903,32175,32.0
573513.370921664,PLAYBACK,right,3,0.11412451361867681,2,32436,31869,32.0
573513.370941392,PLAYBACK,right,4,1.7348844129091319,2,32602,30042,31.0
573513.370957363,PLAYBACK,right,5,0.3263666290531294,2,32722,32950,35.0
573513.370972802,PLAYBACK,right,6,-0.19775188830395862,2,32740,32905,35.0
573513.370988072,PLAYBACK,right,7,0.7041194781414521,2,32866,31581,34.0
573513.371017128,PLAYBACK,right,8,0.12256397344930114,2,32714,32891,32.0
573513.371032608,PLAYBACK,right,1,-0.67266330968185,2,32742,33546,31.0
573513.371047075,PLAYBACK,right,2,0.1916140993362312,2,32891,32253,32.0
573513.371064509,PLAYBACK,right,3,0.11527534905012615,2,32540,31857,32.0
573513.374766939,PLAYBACK,right,4,1.7352680247196144,2,32745,30392,31.0
573513.374792308,PLAYBACK,right,5,0.3263666290531294,2,32867,32746,35.0
573513.374801395,PLAYBACK,right,6,-0.19813550011444114,2,32897,32840,35.0
573513.374810022,PLAYBACK,right,7,0.7037358663309679,2,32891,31377,33.0
573513.374816564,PLAYBACK,right,1,-0.67266330968185,2,32747,33519,31.0
573513.374823488,PLAYBACK,right,2,0.1919977111467155,2,32623,32226,32.0
573513.376010233,PLAYBACK,left,1,0.0021098649576565265,0,32732,32767,31.0
573513.376041413,PLAYBACK,right,3,0.11642618448157371,2,32329,31995,32.0
573513.376051643,PLAYBACK,right,4,1.7356516365300987,2,32879,30169,31.0
573513.380259125,PLAYBACK,left,2,0.004411535820553425,0,32742,32767,32.0
573513.380281498,PLAYBACK,left,3,-0.055048294804302955,0,32736,32767,32.0
573513.380289333,PLAYBACK,left,4,0.018988784618905186,0,32776,32767,32.0
573513.380296056,PLAYBACK,left,5,-0.9166404211490047,0,32706,32767,35.0
573513.380303049,PLAYBACK,left,6,0.033182421606774426,0,32846,32767,35.0
573513.380311115,PLAYBACK,left,7,0.008631265735866478,0,32762,32767,33.0
573513.380317467,PLAYBACK,left,8,-0.10108171206225691,0,32754,32767,32.0
573513.380332356,PLAYBACK,right,5,0.3263666290531294,2,32772,32941,35.0
573513.38033986,PLAYBACK,right,6,-0.19813550011444114,2,32751,33329,35.0
573513.380346643,PLAYBACK,right,7,0.7033522545204853,2,32816,31543,34.0
573513.380353126,PLAYBACK,right,1,-0.6722796978713674,2,32563,33537,31.0
573513.380359077,PLAYBACK,right,2,0.1916140993362312,2,32704,32242,32.0
573513.380364718,PLAYBACK,right,3,0.11757701991302305,2,32444,31916,32.0
573513.380370349,PLAYBACK,right,4,1.7360352483405812,2,32637,30214,31.0
573513.383516928,PLAYBACK,right,5,0.3263666290531294,2,32855,32976,35.0
573513.383531196,PLAYBACK,right,6,-0.19851911192492544,2,32726,32925,35.0
573513.383539612,PLAYBACK,right,7,0.7033522545204853,2,32791,31433,33.0
573513.383546535,PLAYBACK,right,8,0.12256397344930114,2,32862,32829,32.0
573513.383552898,PLAYBACK,right,1,-0.67266330968185,2,32693,33530,31.0
573513.38355916,PLAYBACK,right,2,0.1916140993362312,2,32773,32219,32.0
573513.384666001,PLAYBACK,right,3,0.11911146715495491,2,32423,31967,32.0
573513.384681952,PLAYBACK,right,4,1.7360352483405812,2,32950,30369,31.0
573513.385902072,PLAYBACK,right,5,0.3267502408636137,2,32748,32905,35.0
573513.385923242,PLAYBACK,right,6,-0.19851911192492544,2,32756,33000,35.0
573513.387149564,PLAYBACK,right,7,0.7025850308995203,2,32881,31392,34.0
573513.387173259,PLAYBACK,right,1,-0.67266330968185,2,32757,33547,31.0
573513.389153903,PLAYBACK,right,2,0.1916140993362312,2,32757,32216,32.0
573513.389172499,PLAYBACK,right,3,0.11987869077592173,2,32368,31901,32.0
573513.389180945,PLAYBACK,right,4,1.7364188601510637,2,32560,30396,31.0
573513.393173835,PLAYBACK,right,5,0.3267502408636137,2,32737,33050,35.0
573513.393201959,PLAYBACK,right,6,-0.19851911192492544,2,32776,33073,35.0
573513.393211588,PLAYBACK,right,7,0.702201419089036,2,32878,31350,34.0
573513.393220415,PLAYBACK,right,8,0.12218036163881862,2,32743,32797,32.0
573513.39322832,PLAYBACK,right,1,-0.67266330968185,2,32730,33545,31.0
573513.393236496,PLAYBACK,right,2,0.1916140993362312,2,32805,32205,32.0
573513.39324378,PLAYBACK,right,3,0.12141313801785181,2,32309,31917,32.0
573513.397075879,PLAYBACK,right,4,1.7368024719615462,2,32564,30427,31.0
573513.397092752,PLAYBACK,right,5,0.3263666290531294,2,32734,33082,35.0
573513.39710235,PLAYBACK,right,6,-0.19851911192492544,2,32760,33058,35.0
573513.397110135,PLAYBACK,right,7,0.7018178072785535,2,32858,31250,34.0
573513.397117399,PLAYBACK,right,1,-0.67266330968185,2,32722,33485,31.0
573513.397124362,PLAYBACK,right,2,0.1916140993362312,2,32703,32200,32.0
573513.398277022,PLAYBACK,right,3,0.12256397344930114,2,32172,31913,32.0
573513.398336406,PLAYBACK,right,4,1.7368024719615462,2,32657,30301,31.0
573513.398345504,PLAYBACK,right,5,0.3263666290531294,2,32708,33212,35.0
573513.40240442,PLAYBACK,right,6,-0.19851911192492544,2,32730,32952,35.0
573513.402474735,PLAYBACK,right,8,0.12218036163881862,2,32817,32985,32.0
573513.402482019,PLAYBACK,right,7,0.701434195468071,2,32894,31375,34.0
573513.402490355,PLAYBACK,right,8,0.12218036163881862,2,32677,32784,32.0
573513.402496668,PLAYBACK,right,1,-0.67266330968185,2,32759,33491,31.0
573513.40250317,PLAYBACK,right,2,0.1919977111467155,2,32649,32215,32.0
573513.40252901,PLAYBACK,right,3,0.12371480888075048,2,32356,31815,32.0
573513.405911233,PLAYBACK,right,4,1.7371860837720305,2,32724,30294,31.0
573513.405937113,PLAYBACK,right,5,0.3263666290531294,2,32743,33193,35.0
573513.40594586,PLAYBACK,right,6,-0.19851911192492544,2,32814,32927,35.0
573513.40595132,PLAYBACK,right,7,0.7010505836575884,2,32819,31515,34.0
573513.405956841,PLAYBACK,right,1,-0.67266330968185,2,32683,33479,31.0
573513.405961991,PLAYBACK,right,2,0.1916140993362312,2,32758,32232,32.0
573513.407068101,PLAYBACK,right,3,0.12486564431219982,2,32132,31866,32.0
573513.407099631,PLAYBACK,right,4,1.737569695582513,2,32702,30405,31.0
573513.408225199,PLAYBACK,right,5,0.3263666290531294,2,32818,33092,35.0
573513.408240749,PLAYBACK,right,6,-0.19890272373540796,2,32732,33066,35.0
573513.41450394,PLAYBACK,right,7,0.7006669718471041,2,32811,31473,34.0
573513.414518919,PLAYBACK,right,1,-0.6722796978713674,2,32653,33536,31.0
573513.414527034,PLAYBACK,right,2,0.1916140993362312,2,32671,32170,32.0
573513.414533918,PLAYBACK,right,3,0.12601647974364738,2,32319,31872,32.0
573513.414540731,PLAYBACK,right,4,1.737569695582513,2,32704,30455,31.0
573513.414547113,PLAYBACK,right,5,0.3263666290531294,2,32792,33058,35.0
573513.414554227,PLAYBACK,right,6,-0.19890272373540796,2,32841,32818,35.0
573513.414560569,PLAYBACK,right,7,0.7002833600366216,2,32832,31549,33.0
573513.414567081,PLAYBACK,right,8,0.12256397344930114,2,32733,33052,32.0
573513.414573404,PLAYBACK,right,1,-0.67266330968185,2,32806,33489,31.0
573513.415723128,PLAYBACK,right,2,0.1916140993362312,2,32915,32200,32.0
573513.415742405,PLAYBACK,right,3,0.12716731517509672,2,32152,31680,32.0
573513.415751222,PLAYBACK,right,4,1.737569695582513,2,32802,30404,31.0
573513.416845299,PLAYBACK,right,5,0.3263666290531294,2,32749,33020,35.0
573513.417949104,PLAYBACK,right,6,-0.19890272373540796,2,32752,32928,35.0
573513.417969253,PLAYBACK,right,7,0.6995161364156566,2,32864,31469,34.0
573513.418436342,PLAYBACK,right,1,-0.67266330968185,2,32761,33475,31.0
573513.423708295,PLAYBACK,right,2,0.1919977111467155,2,32663,32182,32.0
573513.423744134,PLAYBACK,right,3,0.12870176241702858,2,32153,31770,32.0
573513.423754514,PLAYBACK,right,4,1.7379533073929956,2,32666,30317,31.0
573513.423784371,PLAYBACK,right,5,0.3263666290531294,2,32817,33086,35.0
573513.423801915,PLAYBACK,right,6,-0.19890272373540796,2,32754,32916,35.0
573513.423820311,PLAYBACK,right,7,0.6991325246051723,2,32889,31340,34.0
573513.423833476,PLAYBACK,right,8,0.12256397344930114,2,32770,33050,32.0
573513.423846942,PLAYBACK,right,1,-0.67266330968185,2,32822,33529,31.0
573513.4238613,PLAYBACK,right,2,0.1919977111467155,2,32708,32144,32.0
573513.425016143,PLAYBACK,right,3,0.1298525978484779,2,32313,31816,32.0
573513.425047874,PLAYBACK,right,4,1.7379533073929956,2,32824,30372,31.0
573513.426220703,PLAYBACK,left,1,0.0021098649576565265,0,32717,32767,31.0
573513.426238637,PLAYBACK,right,5,0.3263666290531294,2,32801,33060,35.0
573513.426246322,PLAYBACK,right,6,-0.19890272373540796,2,32731,32934,35.0
573513.427337644,PLAYBACK,left,2,0.004411535820553425,0,32916,32767,32.0
573513.427352663,PLAYBACK,left,3,-0.055048294804302955,0,32904,32767,32.0
573513.427369866,PLAYBACK,right,7,0.6991325246051723,2,32901,31461,33.0
573513.427379975,PLAYBACK,right,1,-0.67266330968185,2,32615,33472,31.0
573513.428451288,PLAYBACK,left,4,0.018988784618905186,0,32714,32767,32.0
573513.428467399,PLAYBACK,left,5,-0.9166404211490047,0,32720,32767,35.0
573513.428481366,PLAYBACK,right,2,0.1919977111467155,2,32853,32180,32.0
573513.42848826,PLAYBACK,right,3,0.13138704509040977,2,32176,31805,32.0
573513.432690311,PLAYBACK,left,6,0.033182421606774426,0,32817,32767,35.0
573513.432713366,PLAYBACK,left,7,0.008631265735866478,0,32768,32767,33.0
573513.432721972,PLAYBACK,left,8,-0.10108171206225691,0,32784,32767,32.0
573513.432746219,PLAYBACK,right,4,1.738336919203478,2,32549,30164,31.0
573513.432758713,PLAYBACK,right,5,0.3263666290531294,2,32805,33065,35.0
573513.432768201,PLAYBACK,right,6,-0.19890272373540796,2,32767,32860,35.0
573513.432776347,PLAYBACK,right,7,0.6983653009842072,2,32860,31308,34.0
573513.432783521,PLAYBACK,right,8,0.12218036163881862,2,32691,32904,32.0
573513.432790504,PLAYBACK,right,1,-0.6722796978713674,2,32652,33541,31.0
573513.432797367,PLAYBACK,right,2,0.1919977111467155,2,32754,32180,32.0
573513.433969535,PLAYBACK,right,3,0.13292149233234163,2,32286,31866,32.0
573513.433984734,PLAYBACK,right,4,1.7387205310139606,2,32461,30400,31.0
573513.436522852,PLAYBACK,right,5,0.3263666290531294,2,32738,33108,35.0
573513.436533131,PLAYBACK,right,6,-0.19890272373540796,2,32761,32790,35.0
573513.436540215,PLAYBACK,right,7,0.6975980773632422,2,32952,31054,34.0
573513.436547028,PLAYBACK,right,1,-0.6722796978713674,2,32833,33493,31.0
573513.437631296,PLAYBACK,right,2,0.1919977111467155,2,32682,32188,32.0
573513.437639833,PLAYBACK,right,3,0.13368871595330667,2,32351,31861,32.0
573513.438392873,PLAYBACK,right,4,1.7387205310139606,2,32815,30368,31.0
573513.438405557,PLAYBACK,right,5,0.3263666290531294,2,32751,33041,35.0
573513.440918707,PLAYBACK,right,6,-0.19851911192492544,2,32777,33142,35.0
573513.440929998,PLAYBACK,right,7,0.6972144655527579,2,32895,30941,33.0
573513.440936501,PLAYBACK,right,8,0.12256397344930114,2,32843,32821,32.0
573513.440941741,PLAYBACK,right,1,-0.6722796978713674,2,32757,33471,31.0
573513.445767795,PLAYBACK,right,2,0.1919977111467155,2,32880,32187,32.0
573513.445800748,PLAYBACK,right,3,0.13522316319523853,2,32304,31873,32.0
573513.445812811,PLAYBACK,right,4,1.7387205310139606,2,32786,30284,31.0
573513.445824504,PLAYBACK,right,5,0.3263666290531294,2,32824,33123,35.0
573513.445834383,PLAYBACK,right,6,-0.19851911192492544,2,32771,33209,35.0
573513.44584334,PLAYBACK,right,7,0.6964472419317929,2,32908,30961,34.0
573513.445851887,PLAYBACK,right,1,-0.6722796978713674,2,32756,33446,31.0
573513.445860874,PLAYBACK,right,2,0.1919977111467155,2,32713,32256,32.0
573513.449686361,PLAYBACK,right,3,0.13637399862668786,2,32447,31889,32.0
573513.449705157,PLAYBACK,right,4,1.7387205310139606,2,32702,30460,31.0
573513.449713222,PLAYBACK,right,5,0.3263666290531294,2,32794,33185,35.0
573513.449723743,PLAYBACK,right,6,-0.19890272373540796,2,32777,32927,35.0
573513.449735165,PLAYBACK,right,7,0.6960636301213103,2,32814,31061,33.0
573513.449742409,PLAYBACK,right,1,-0.6722796978713674,2,32883,33505,31.0
573513.450856825,PLAYBACK,right,2,0.1919977111467155,2,32730,32129,32.0
573513.450872405,PLAYBACK,right,3,0.1375248340581372,2,32321,31843,32.0
573513.451975879,PLAYBACK,right,4,1.739104142824445,2,32776,30408,31.0
573513.451992932,PLAYBACK,right,5,0.3263666290531294,2,32757,33118,35.0
573513.45548165,PLAYBACK,right,6,-0.19851911192492544,2,32749,32793,35.0
573513.45551252,PLAYBACK,right,7,0.6952964065003435,2,32858,30979,34.0
573513.455520956,PLAYBACK,right,1,-0.6718960860608831,2,32776,33470,31.0
573513.455528741,PLAYBACK,right,2,0.1919977111467155,2,32569,32189,32.0
573513.455535484,PLAYBACK,right,3,0.13867566948958476,2,32335,31892,32.0
573513.455542127,PLAYBACK,right,4,1.739104142824445,2,32750,30283,31.0
573513.458817144,PLAYBACK,right,5,0.3259830172426469,2,32774,33253,35.0
573513.458834517,PLAYBACK,right,6,-0.19890272373540796,2,32778,32877,35.0
573513.458841971,PLAYBACK,right,7,0.6945291828793785,2,32942,30656,34.0
573513.458848855,PLAYBACK,right,8,0.12218036163881862,2,32804,32855,32.0
573513.458855558,PLAYBACK,right,1,-0.6718960860608831,2,32772,33460,31.0
573513.458862932,PLAYBACK,right,2,0.1919977111467155,2,32774,32168,32.0
573513.460020381,PLAYBACK,right,3,0.1398265049210341,2,32340,31830,32.0
573513.460052923,PLAYBACK,right,4,1.739104142824445,2,32994,30531,31.0
573513.461155807,PLAYBACK,right,5,0.3259830172426469,2,32767,33257,35.0
573513.462290102,PLAYBACK,right,6,-0.19890272373540796,2,32764,32861,35.0
573513.462326411,PLAYBACK,right,7,0.6941455710688942,2,32985,31063,34.0
573513.462340208,PLAYBACK,right,1,-0.6718960860608831,2,32811,33453,31.0
573513.463786794,PLAYBACK,right,2,0.1919977111467155,2,32692,32198,32.0
573513.463810259,PLAYBACK,right,3,0.14097734035248344,2,32336,31704,32.0
573513.468252594,PLAYBACK,right,4,1.7394877546349274,2,32847,30488,31.0
573513.468293252,PLAYBACK,right,5,0.3259830172426469,2,32787,33158,35.0
573513.468310575,PLAYBACK,right,6,-0.19890272373540796,2,32778,32816,35.0
573513.468325985,PLAYBACK,right,7,0.6937619592584117,2,32865,31020,34.0
573513.468339912,PLAYBACK,right,8,0.12256397344930114,2,32735,32879,32.0
573513.468353558,PLAYBACK,right,1,-0.6718960860608831,2,32837,33477,31.0
573513.468367826,PLAYBACK,right,2,0.1919977111467155,2,32770,32169,32.0
573513.468382354,PLAYBACK,right,3,0.142128175783931,2,32313,31737,32.0
573513.472219954,PLAYBACK,right,4,1.7394877546349274,2,32755,30530,31.0
573513.47223905,PLAYBACK,right,5,0.3259830172426469,2,32843,33258,35.0
573513.472246224,PLAYBACK,right,6,-0.19890272373540796,2,32749,32915,35.0
573513.472254129,PLAYBACK,right,7,0.6929947356374466,2,32908,30568,34.0
573513.47225961,PLAYBACK,right,1,-0.6718960860608831,2,32582,33471,31.0
573513.47226495,PLAYBACK,right,2,0.1919977111467155,2,32751,32119,32.0
573513.473393553,PLAYBACK,right,3,0.14366262302586286,2,32327,31844,32.0
573513.473405757,PLAYBACK,right,4,1.7394877546349274,2,32742,30412,31.0
573513.481228922,PLAYBACK,right,5,0.3259830172426469,2,32743,33202,35.0
573513.481246476,PLAYBACK,right,6,-0.19890272373540796,2,32765,32795,35.0
573513.481254281,PLAYBACK,right,7,0.6922275120164798,2,33002,30718,34.0
573513.481261244,PLAYBACK,right,8,0.12218036163881862,2,32897,33012,32.0
573513.481278107,PLAYBACK,right,1,-0.6715124742504006,2,32685,33430,31.0
573513.481306451,PLAYBACK,right,2,0.1919977111467155,2,32928,32150,32.0
573513.481335417,PLAYBACK,right,3,0.1448134584573122,2,32211,31873,32.0
573513.481353732,PLAYBACK,right,4,1.7394877546349274,2,32945,30517,31.0
573513.481362619,PLAYBACK,right,5,0.3259830172426469,2,32729,33251,35.0
573513.481370094,PLAYBACK,right,6,-0.19851911192492544,2,32838,32838,35.0
573513.48137868,PLAYBACK,right,7,0.6914602883955148,2,32905,30885,34.0
573513.481387357,PLAYBACK,right,1,-0.6715124742504006,2,32840,33487,31.0
573513.481396815,PLAYBACK,right,2,0.1919977111467155,2,32750,32172,32.0
573513.482590494,PLAYBACK,left,1,0.0021098649576565265,0,32725,32767,31.0
573513.482610062,PLAYBACK,right,3,0.14596429388876153,2,32198,31795,32.0
573513.482620442,PLAYBACK,right,4,1.73987136644541,2,32707,30282,31.0
573513.483416104,PLAYBACK,left,2,0.004411535820553425,0,32707,32767,32.0
573513.483431323,PLAYBACK,right,5,0.32559940543216437,2,32773,33381,35.0
573513.483438788,PLAYBACK,right,6,-0.19851911192492544,2,32759,32876,35.0
573513.490143328,PLAYBACK,left,3,-0.055048294804302955,0,32622,32767,32.0
573513.490171072,PLAYBACK,left,4,0.018988784618905186,0,32741,32767,32.0
573513.490185419,PLAYBACK,left,5,-0.9166404211490047,0,32768,32767,35.0
573513.490197663,PLAYBACK,left,6,0.033182421606774426,0,32724,32767,35.0
573513.490208584,PLAYBACK,left,7,0.009014877546348998,0,32671,32767,33.0
573513.490219144,PLAYBACK,left,8,-0.10108171206225691,0,32754,32767,32.0
573513.490239073,PLAYBACK,right,7,0.690693064774548,2,32958,30423,34.0
573513.490251246,PLAYBACK,right,1,-0.6715124742504006,2,32578,33402,31.0
573513.490262368,PLAYBACK,right,2,0.1919977111467155,2,32810,32200,32.0
573513.490273569,PLAYBACK,right,3,0.14711512932021087,2,32262,31871,32.0
573513.4902846,PLAYBACK,right,4,1.73987136644541,2,32751,30328,31.0
573513.490295591,PLAYBACK,right,5,0.32559940543216437,2,32724,33160,35.0
573513.490307144,PLAYBACK,right,6,-0.19851911192492544,2,32827,32959,35.0
573513.490317544,PLAYBACK,right,7,0.6899258411535829,2,32974,30552,34.0
573513.490327763,PLAYBACK,right,8,0.12218036163881862,2,32789,32860,32.0
573513.49033652,PLAYBACK,right,1,-0.6711288624399181,2,32625,33410,31.0
573513.490343474,PLAYBACK,right,2,0.1919977111467155,2,32892,32108,32.0
573513.491461647,PLAYBACK,right,3,0.14864957656214273,2,32354,31927,32.0
573513.491476305,PLAYBACK,right,4,1.73987136644541,2,32785,30349,31.0
573513.492578668,PLAYBACK,right,5,0.32559940543216437,2,32815,33133,35.0
573513.492591964,PLAYBACK,right,6,-0.19851911192492544,2,32688,32903,35.0
573513.493407023,PLAYBACK,right,7,0.6895422293430986,2,32824,30574,33.0
573513.494797451,PLAYBACK,right,1,-0.6711288624399181,2,32682,33418,31.0
573513.494807781,PLAYBACK,right,2,0.1919977111467155,2,32580,32174,32.0
573513.494814323,PLAYBACK,right,3,0.1498004119935903,2,32293,31835,32.0
573513.499632492,PLAYBACK,right,4,1.73987136644541,2,32917,30452,31.0
573513.499655105,PLAYBACK,right,5,0.32559940543216437,2,32764,33415,35.0
573513.499663131,PLAYBACK,right,6,-0.19851911192492544,2,32762,32813,35.0
573513.499668952,PLAYBACK,right,7,0.6887750057221336,2,32854,30538,34.0
573513.499674082,PLAYBACK,right,8,0.12218036163881862,2,32804,32846,32.0
573513.499679753,PLAYBACK,right,1,-0.6711288624399181,2,32723,33395,31.0
573513.499684832,PLAYBACK,right,2,0.1919977111467155,2,32701,32192,32.0
573513.499689752,PLAYBACK,right,3,0.15133485923552215,2,32197,32079,32.0
573513.504080156,PLAYBACK,right,4,1.73987136644541,2,32477,30451,31.0
573513.504094875,PLAYBACK,right,5,0.32559940543216437,2,32731,33563,35.0
573513.504104714,PLAYBACK,right,6,-0.19851911192492544,2,32725,32919,35.0
573513.504112499,PLAYBACK,right,7,0.6880077821011685,2,32923,30485,34.0
573513.50411832,PLAYBACK,right,1,-0.6711288624399181,2,32725,33403,31.0
573513.504124672,PLAYBACK,right,2,0.1919977111467155,2,32787,32112,32.0
573513.504131145,PLAYBACK,right,3,0.15248569466697148,2,32367,31972,32.0
573513.505234379,PLAYBACK,right,4,1.73987136644541,2,32833,30320,31.0
573513.505249428,PLAYBACK,right,5,0.32521579362168185,2,32784,33279,35.0
573513.509145721,PLAYBACK,right,8,0.12256397344930114,2,32706,33134,32.0
573513.509184937,PLAYBACK,right,6,-0.19890272373540796,2,32763,32967,35.0
573513.509201418,PLAYBACK,right,7,0.6872405584802017,2,32974,30564,34.0
573513.509213692,PLAYBACK,right,1,-0.6711288624399181,2,32683,33376,31.0
573513.50922811,PLAYBACK,right,2,0.1916140993362312,2,32790,32072,32.0
573513.509252316,PLAYBACK,right,3,0.15402014190890334,2,32174,31898,32.0
573513.509266444,PLAYBACK,right,4,1.7402549782558925,2,32634,30268,31.0
573513.512900722,PLAYBACK,right,5,0.32483218181119755,2,32768,33060,35.0
573513.512948565,PLAYBACK,right,6,-0.19851911192492544,2,32733,32939,35.0
573513.512965337,PLAYBACK,right,7,0.6868569466697192,2,32907,30942,34.0
573513.512976268,PLAYBACK,right,8,0.12218036163881862,2,32828,33020,32.0
573513.512983792,PLAYBACK,right,1,-0.6707452506294356,2,32779,33356,31.0
573513.512990656,PLAYBACK,right,2,0.1919977111467155,2,32771,32132,32.0
573513.513481992,PLAYBACK,right,3,0.15517097734035268,2,32225,31801,32.0
573513.517393093,PLAYBACK,right,4,1.73987136644541,2,32772,30432,31.0
573513.517409635,PLAYBACK,right,5,0.32483218181119755,2,32869,33281,35.0
573513.517418422,PLAYBACK,right,6,-0.19890272373540796,2,32825,32919,35.0
573513.517425506,PLAYBACK,right,7,0.6860897230487524,2,32876,30913,34.0
573513.51743294,PLAYBACK,right,1,-0.6707452506294356,2,32769,33380,31.0
573513.517449973,PLAYBACK,right,2,0.1919977111467155,2,32737,32126,32.0
573513.522094787,PLAYBACK,right,3,0.15632181277180024,2,32465,31867,32.0
573513.522149703,PLAYBACK,right,4,1.73987136644541,2,32721,30425,31.0
573513.522159361,PLAYBACK,right,5,0.32483218181119755,2,32707,33478,35.0
573513.522167096,PLAYBACK,right,6,-0.19851911192492544,2,32713,32963,35.0
573513.52217413,PLAYBACK,right,7,0.6857061112382699,2,32936,30734,34.0
573513.522180743,PLAYBACK,right,8,0.12218036163881862,2,32775,32890,32.0
573513.522186824,PLAYBACK,right,1,-0.6707452506294356,2,32708,33345,31.0
573513.522192846,PLAYBACK,right,2,0.1919977111467155,2,32776,32186,32.0
573513.526088157,PLAYBACK,right,3,0.1578562600137321,2,32195,31861,32.0
573513.526103296,PLAYBACK,right,4,1.73987136644541,2,32815,30325,31.0
573513.526110811,PLAYBACK,right,5,0.32444857000071503,2,32756,33432,35.0
573513.526117985,PLAYBACK,right,6,-0.19851911192492544,2,32819,32982,35.0
573513.526129136,PLAYBACK,right,7,0.6849388876173048,2,32962,30757,34.0
573513.526137783,PLAYBACK,right,1,-0.6707452506294356,2,32669,33324,31.0
573513.526145598,PLAYBACK,right,2,0.1919977111467155,2,32879,32109,32.0
573513.527272438,PLAYBACK,right,3,0.15900709544518143,2,32282,31872,32.0
573513.527294951,PLAYBACK,right,4,1.73987136644541,2,32761,30264,31.0
573513.528408225,PLAYBACK,right,5,0.32444857000071503,2,32811,33319,35.0
573513.528422583,PLAYBACK,right,6,-0.19890272373540796,2,32831,32761,35.0
573513.535273215,PLAYBACK,right,7,0.6845552758068205,2,32862,30984,33.0
573513.535304966,PLAYBACK,right,1,-0.6703616388189513,2,32708,33349,31.0
573513.535320255,PLAYBACK,right,2,0.1919977111467155,2,32716,32183,32.0
573513.53533318,PLAYBACK,right,3,0.16015793087663077,2,32365,31802,32.0
573513.535345324,PLAYBACK,right,4,1.7402549782558925,2,32829,30291,31.0
573513.535357607,PLAYBACK,right,5,0.3240649581902325,2,32810,33350,35.0
573513.53536956,PLAYBACK,right,6,-0.19890272373540796,2,32777,32828,35.0
573513.535381794,PLAYBACK,right,7,0.6837880521858555,2,32910,30714,34.0
573513.535392104,PLAYBACK,right,8,0.12256397344930114,2,32756,33120,32.0
573513.535402814,PLAYBACK,right,1,-0.6703616388189513,2,32811,33351,31.0
573513.535417643,PLAYBACK,right,2,0.1919977111467155,2,32799,32084,32.0
573513.536772833,PLAYBACK,left,1,0.0021098649576565265,0,32833,32767,31.0
573513.536783964,PLAYBACK,right,3,0.16130876630807833,2,32363,31785,32.0
573513.536789455,PLAYBACK,right,4,1.7402549782558925,2,32815,30498,31.0
573513.537891978,PLAYBACK,left,2,0.004411535820553425,0,32601,32767,32.0
573513.537912507,PLAYBACK,left,3,-0.055048294804302955,0,32638,32767,32.0
573513.537925021,PLAYBACK,right,5,0.32368134637975,2,32848,33520,35.0
573513.537931594,PLAYBACK,right,6,-0.19890272373540796,2,32755,32859,35.0
573513.537936914,PLAYBACK,right,7,0.683404440375373,2,32917,30808,33.0
573513.539600788,PLAYBACK,left,4,0.018988784618905186,0,32753,32767,32.0
573513.539614785,PLAYBACK,left,5,-0.9166404211490047,0,32731,32767,35.0
573513.539621097,PLAYBACK,left,6,0.033182421606774426,0,32766,32767,35.0
573513.53963306,PLAYBACK,right,1,-0.6703616388189513,2,32733,33294,31.0
573513.539639353,PLAYBACK,right,2,0.1919977111467155,2,32708,32104,32.0
573513.544510573,PLAYBACK,left,7,0.008631265735866478,0,32767,32767,33.0
573513.544533197,PLAYBACK,left,8,-0.10108171206225691,0,32826,32767,32.0
573513.544572372,PLAYBACK,right,3,0.16245960173952767,2,32228,31854,32.0
573513.544596629,PLAYBACK,right,4,1.7402549782558925,2,32656,30306,31.0
573513.544620966,PLAYBACK,right,5,0.32368134637975,2,32769,33618,35.0
573513.544640032,PLAYBACK,right,6,-0.19890272373540796,2,32801,32668,35.0
573513.544648839,PLAYBACK,right,7,0.6830208285648887,2,32869,30741,34.0
573513.544655983,PLAYBACK,right,8,0.12256397344930114,2,32743,33040,32.0
573513.544665922,PLAYBACK,right,1,-0.6699780270084688,2,32704,33338,31.0
573513.544684849,PLAYBACK,right,2,0.1919977111467155,2,32659,32077,32.0
573513.544692834,PLAYBACK,right,3,0.163610437170977,2,32410,31978,32.0
573513.545973831,PLAYBACK,right,4,1.7402549782558925,2,32676,30223,31.0
573513.546128829,PLAYBACK,right,5,0.3232977345692657,2,32837,33419,35.0
573513.547334421,PLAYBACK,right,6,-0.19890272373540796,2,32821,32939,35.0
573513.547354961,PLAYBACK,right,7,0.6822536049439236,2,32915,30557,34.0
573513.548518832,PLAYBACK,right,1,-0.6699780270084688,2,32592,33280,31.0
573513.548539131,PLAYBACK,right,2,0.192381322957198,2,32714,32127,32.0
573513.548848937,PLAYBACK,right,3,0.16476127260242635,2,32262,31931,32.0
573513.549956711,PLAYBACK,right,4,1.7402549782558925,2,32589,30309,31.0
573513.549974405,PLAYBACK,right,5,0.3229141227587832,2,32894,33328,35.0
573513.553583765,PLAYBACK,right,6,-0.19890272373540796,2,32718,32982,35.0
573513.553617921,PLAYBACK,right,7,0.6822536049439236,2,32945,31021,34.0
573513.553630114,PLAYBACK,right,8,0.12218036163881862,2,32896,32821,32.0
573513.553637929,PLAYBACK,right,1,-0.6699780270084688,2,32747,33343,31.0
573513.553648119,PLAYBACK,right,2,0.1919977111467155,2,32769,32033,32.0
573513.553658509,PLAYBACK,right,3,0.1659121080338739,2,32464,31942,32.0
573513.557359626,PLAYBACK,right,4,1.7402549782558925,2,32650,30242,31.0
573513.557379535,PLAYBACK,right,5,0.32253051094830065,2,32827,33246,35.0
573513.557389544,PLAYBACK,right,6,-0.19890272373540796,2,32802,32920,35.0
573513.557397109,PLAYBACK,right,7,0.6818699931334411,2,32750,31082,34.0
573513.557404383,PLAYBACK,right,1,-0.6695944151979862,2,32710,33355,31.0
573513.557411396,PLAYBACK,right,2,0.192381322957198,2,32846,32113,32.0
573513.558631346,PLAYBACK,right,3,0.16706294346532324,2,32472,31798,32.0
573513.558717642,PLAYBACK,right,4,1.7402549782558925,2,32870,30393,31.0
573513.56122007,PLAYBACK,right,5,0.32214689913781813,2,32905,33443,35.0
573513.561255148,PLAYBACK,right,6,-0.19851911192492544,2,32736,33005,35.0
573513.561269205,PLAYBACK,right,7,0.6811027695124743,2,32913,30809,34.0
573513.561280958,PLAYBACK,right,1,-0.6695944151979862,2,32588,33325,31.0
573513.561292079,PLAYBACK,right,2,0.192381322957198,2,32674,32168,32.0
573513.566255207,PLAYBACK,right,3,0.16821377889677258,2,32362,31839,32.0
573513.566279764,PLAYBACK,right,4,1.7402549782558925,2,32811,30198,31.0
573513.566289032,PLAYBACK,right,5,0.32214689913781813,2,32842,33597,35.0
573513.566296556,PLAYBACK,right,6,-0.19890272373540796,2,32802,32936,35.0
573513.566303149,PLAYBACK,right,7,0.6811027695124743,2,32848,31074,34.0
573513.566309862,PLAYBACK,right,8,0.12256397344930114,2,32737,32878,32.0
573513.566315914,PLAYBACK,right,1,-0.6692108033875037,2,32700,33309,31.0
573513.566322426,PLAYBACK,right,2,0.192381322957198,2,32716,32115,32.0
573513.570067488,PLAYBACK,right,3,0.16936461432822014,2,32278,31880,32.0
573513.570082787,PLAYBACK,right,4,1.7402549782558925,2,32717,30326,31.0
573513.570091254,PLAYBACK,right,5,0.32176328732733384,2,32854,33415,35.0
573513.570097546,PLAYBACK,right,6,-0.19890272373540796,2,32861,33021,35.0
573513.570102946,PLAYBACK,right,7,0.6803355458915092,2,32887,31089,33.0
573513.570108036,PLAYBACK,right,1,-0.6692108033875037,2,32747,33335,31.0
573513.57122123,PLAYBACK,right,2,0.192381322957198,2,32681,32042,32.0
573513.571245737,PLAYBACK,right,3,0.17051544975966948,2,32346,31777,32.0
573513.572408055,PLAYBACK,right,4,1.7402549782558925,2,32879,30607,31.0
573513.572442522,PLAYBACK,right,5,0.3213796755168513,2,32883,33504,35.0
573513.575175805,PLAYBACK,right,6,-0.19890272373540796,2,32772,33028,35.0
573513.575204069,PLAYBACK,right,7,0.679951934081025,2,32828,31254,34.0
573513.575212856,PLAYBACK,right,1,-0.6688271915770212,2,32757,33296,31.0
573513.57521988,PLAYBACK,right,2,0.192381322957198,2,32747,32038,32.0
573513.575226963,PLAYBACK,right,3,0.17166628519111882,2,32298,31801,32.0
573513.579651834,PLAYBACK,right,4,1.7402549782558925,2,32862,30229,31.0
573513.579675921,PLAYBACK,right,5,0.3209960637063688,2,32828,33683,35.0
573513.579686401,PLAYBACK,right,6,-0.19928633554589048,2,32855,33200,35.0
573513.579694827,PLAYBACK,right,7,0.6795683222705424,2,32812,31133,34.0
573513.579702452,PLAYBACK,right,8,0.12256397344930114,2,32615,32851,32.0
573513.579709255,PLAYBACK,right,1,-0.6688271915770212,2,32731,33290,31.0
573513.579716619,PLAYBACK,right,2,0.192381322957198,2,32830,32065,32.0
573513.580865852,PLAYBACK,right,3,0.17281712062256815,2,32451,31972,32.0
573513.580884288,PLAYBACK,right,4,1.7402549782558925,2,32859,30516,31.0
573513.582009284,PLAYBACK,right,5,0.3206124518958863,2,32883,33291,35.0
573513.582030335,PLAYBACK,right,6,-0.19928633554589048,2,32756,32950,35.0
573513.583182493,PLAYBACK,right,7,0.6788010986495774,2,32932,31159,33.0
573513.583265844,PLAYBACK,right,1,-0.6684435797665369,2,32733,33315,31.0
573513.584130819,PLAYBACK,right,2,0.192381322957198,2,32732,31973,32.0
573513.584147141,PLAYBACK,right,3,0.17396795605401572,2,32423,31933,32.0
573513.588524761,PLAYBACK,right,4,1.7402549782558925,2,32668,30420,31.0
573513.588565439,PLAYBACK,right,5,0.320228840085402,2,32872,33639,35.0
573513.588574848,PLAYBACK,right,6,-0.19928633554589048,2,32871,32969,35.0
573513.588582402,PLAYBACK,right,7,0.6784174868390949,2,32916,31199,34.0
573513.58859184,PLAYBACK,right,8,0.12218036163881862,2,32792,33092,32.0
573513.588602561,PLAYBACK,right,1,-0.6680599679560544,2,32549,33283,31.0
573513.588613482,PLAYBACK,right,2,0.192381322957198,2,32769,32188,32.0
573513.589904418,PLAYBACK,left,1,0.0021098649576565265,0,32730,32767,31.0
573513.589958492,PLAYBACK,right,3,0.17511879148546505,2,32405,31881,32.0
573513.589976216,PLAYBACK,right,4,1.7402549782558925,2,32814,30505,31.0
573513.592465059,PLAYBACK,left,2,0.004411535820553425,0,32605,32767,32.0
573513.592509625,PLAYBACK,left,3,-0.055048294804302955,0,32672,32767,32.0
573513.592519434,PLAYBACK,left,4,0.018988784618905186,0,32796,32767,32.0
573513.592526638,PLAYBACK,left,5,-0.9166404211490047,0,32752,32767,35.0
573513.592550443,PLAYBACK,right,5,0.31984522827491946,2,32825,33245,35.0
573513.592561234,PLAYBACK,right,6,-0.19928633554589048,2,32792,33021,35.0
573513.592572075,PLAYBACK,right,7,0.6780338750286106,2,32799,31311,34.0
573513.592583387,PLAYBACK,right,1,-0.6680599679560544,2,32674,33306,31.0
573513.592594338,PLAYBACK,right,2,0.192381322957198,2,32778,32037,32.0
573513.593456869,PLAYBACK,left,6,0.033182421606774426,0,32678,32767,34.0
573513.593472469,PLAYBACK,left,7,0.008631265735866478,0,32806,32767,33.0
573513.593486065,PLAYBACK,right,3,0.1762696269169144,2,32389,31882,32.0
573513.59747173,PLAYBACK,left,8,-0.10108171206225691,0,32745,32767,32.0
573513.597496047,PLAYBACK,right,4,1.7402549782558925,2,33096,30363,31.0
573513.597505315,PLAYBACK,right,5,0.31946161646443694,2,32903,33486,35.0
573513.59751339,PLAYBACK,right,6,-0.199669947356373,2,32760,32939,35.0
573513.597520845,PLAYBACK,right,7,0.677650263218128,2,32810,31172,34.0
573513.597528219,PLAYBACK,right,8,0.12256397344930114,2,32730,32870,32.0
573513.597535142,PLAYBACK,right,1,-0.6672927443350893,2,32440,33267,31.0
573513.597542707,PLAYBACK,right,2,0.19276493476768053,2,32740,32082,32.0
573513.598461155,PLAYBACK,right,3,0.17742046234836373,2,32399,31918,32.0
573513.598480953,PLAYBACK,right,4,1.7402549782558925,2,32907,30318,31.0
573513.60246709,PLAYBACK,right,5,0.3186943928434701,2,32919,33344,35.0
573513.602485605,PLAYBACK,right,6,-0.199669947356373,2,32791,33020,35.0
573513.602493531,PLAYBACK,right,7,0.676883039597163,2,32835,31176,34.0
573513.602499883,PLAYBACK,right,1,-0.6672927443350893,2,32615,33265,31.0
573513.602505985,PLAYBACK,right,2,0.19276493476768053,2,32684,32074,32.0
573513.602511195,PLAYBACK,right,3,0.1785712977798113,2,32312,31883,32.0
573513.603537271,PLAYBACK,right,4,1.7402549782558925,2,32798,30478,31.0
573513.603569433,PLAYBACK,right,5,0.3183107810329876,2,32913,33453,35.0
573513.611439528,PLAYBACK,right,6,-0.199669947356373,2,32784,33088,35.0
573513.611464005,PLAYBACK,right,7,0.6764994277866787,2,32845,31128,34.0
573513.611474806,PLAYBACK,right,8,0.12218036163881862,2,32873,32857,32.0
573513.611484084,PLAYBACK,right,1,-0.6672927443350893,2,32704,33240,31.0
573513.611492981,PLAYBACK,right,2,0.192381322957198,2,32990,32123,32.0
573513.611501828,PLAYBACK,right,3,0.17972213321126063,2,32563,31829,32.0
573513.611514873,PLAYBACK,right,4,1.7402549782558925,2,32580,30374,31.0
573513.611524962,PLAYBACK,right,5,0.31754355741202256,2,32927,33655,35.0
573513.611542316,PLAYBACK,right,6,-0.2000535591668573,2,32808,32942,35.0
573513.61155468,PLAYBACK,right,7,0.6761158159761962,2,32844,31262,34.0
573513.611571983,PLAYBACK,right,8,0.12218036163881862,2,32770,32866,32.0
573513.611579938,PLAYBACK,right,1,-0.666909132524605,2,32497,33221,31.0
573513.611588284,PLAYBACK,right,2,0.19276493476768053,2,32677,32106,32.0
573513.612872718,PLAYBACK,right,3,0.18048935683222567,2,32411,31879,32.0
573513.612920029,PLAYBACK,right,4,1.7402549782558925,2,32958,30394,31.0
573513.612929788,PLAYBACK,right,5,0.31715994560154004,2,32856,33469,35.0
573513.61358531,PLAYBACK,right,6,-0.2000535591668573,2,32740,33142,35.0
573513.620029099,PLAYBACK,right,7,0.6753485923552311,2,32938,31160,34.0
573513.620049087,PLAYBACK,right,1,-0.6665255207141225,2,32570,33219,31.0
573513.620059237,PLAYBACK,right,2,0.19276493476768053,2,32622,32073,32.0
573513.620070949,PLAYBACK,right,3,0.181640192263675,2,32405,31843,32.0
573513.620079907,PLAYBACK,right,4,1.7402549782558925,2,32667,30254,31.0
573513.620088002,PLAYBACK,right,5,0.3163927219805732,2,32948,33326,35.0
573513.620096669,PLAYBACK,right,6,-0.20043717097733982,2,32822,32847,35.0
573513.620104484,PLAYBACK,right,7,0.6753485923552311,2,32780,31300,34.0
573513.620111898,PLAYBACK,right,8,0.12218036163881862,2,32766,32750,32.0
573513.620120174,PLAYBACK,right,1,-0.66614190890364,2,32560,33205,31.0
573513.62012831,PLAYBACK,right,2,0.19276493476768053,2,32777,32207,32.0
573513.621258817,PLAYBACK,right,3,0.18279102769512434,2,32638,31960,32.0
573513.621276711,PLAYBACK,right,4,1.7406385900663768,2,32597,30330,31.0
573513.622457515,PLAYBACK,right,5,0.3156254983596082,2,32982,33264,35.0
573513.622484607,PLAYBACK,right,6,-0.20082078278782234,2,32796,33244,35.0
573513.623461418,PLAYBACK,right,7,0.6745813687342643,2,32832,31323,34.0
573513.624424683,PLAYBACK,right,1,-0.6657582970931575,2,32617,33202,31.0
573513.62444397,PLAYBACK,right,2,0.19276493476768053,2,32767,32008,32.0
573513.629565132,PLAYBACK,right,3,0.18394186312657368,2,32393,31760,32.0
573513.629603887,PLAYBACK,right,4,1.7406385900663768,2,32534,30166,31.0
573513.629614978,PLAYBACK,right,5,0.3152418865491239,2,32899,33464,35.0
573513.629625118,PLAYBACK,right,6,-0.20082078278782234,2,32817,33143,35.0
573513.629633163,PLAYBACK,right,7,0.6741977569237818,2,32913,31149,33.0
573513.629640517,PLAYBACK,right,8,0.12218036163881862,2,32802,33042,32.0
573513.629647511,PLAYBACK,right,1,-0.6653746852826732,2,32522,33219,31.0
573513.629655035,PLAYBACK,right,2,0.19276493476768053,2,32641,32003,32.0
573513.629661658,PLAYBACK,right,3,0.18509269855802124,2,32486,31786,32.0
573513.633605343,PLAYBACK,right,4,1.7406385900663768,2,32804,30230,31.0
573513.633640831,PLAYBACK,right,5,0.31447466292815884,2,32868,33339,35.0
573513.633661992,PLAYBACK,right,6,-0.20120439459830486,2,32794,33395,35.0
573513.633680618,PLAYBACK,right,7,0.673430533302815,2,32844,31065,34.0
573513.633698783,PLAYBACK,right,1,-0.6653746852826732,2,32680,33213,31.0
573513.633716467,PLAYBACK,right,2,0.19276493476768053,2,32852,32061,32.0
573513.634872262,PLAYBACK,right,3,0.18585992217898806,2,32415,31891,32.0
573513.634891389,PLAYBACK,right,4,1.7406385900663768,2,32708,30370,31.0
573513.638628776,PLAYBACK,right,5,0.313707439307192,2,32933,32992,35.0
573513.638654476,PLAYBACK,right,6,-0.20158800640878916,2,32800,33071,35.0
573513.638670136,PLAYBACK,right,7,0.6730469214923325,2,32905,31479,34.0
573513.638682019,PLAYBACK,right,1,-0.6649910734721907,2,32619,33158,31.0
573513.638693711,PLAYBACK,right,2,0.19276493476768053,2,32643,32055,32.0
573513.638705784,PLAYBACK,right,3,0.1866271457999531,2,32524,31809,32.0
573513.638718178,PLAYBACK,right,4,1.7406385900663768,2,32611,30436,31.0
573513.642272653,PLAYBACK,left,1,0.0021098649576565265,0,32814,32767,31.0
573513.642300807,PLAYBACK,left,2,0.004411535820553425,0,32544,32767,32.0
573513.642320906,PLAYBACK,left,3,-0.055048294804302955,0,32885,32767,32.0
573513.64233855,PLAYBACK,left,4,0.018988784618905186,0,32782,32767,32.0
573513.642355202,PLAYBACK,left,5,-0.9166404211490047,0,32781,32767,35.0
573513.642392394,PLAYBACK,right,5,0.312940215686227,2,32991,33340,35.0
573513.64241625,PLAYBACK,right,6,-0.20158800640878916,2,32834,33095,35.0
573513.642435998,PLAYBACK,right,7,0.67266330968185,2,32803,31532,34.0
573513.642455345,PLAYBACK,right,8,0.12256397344930114,2,32770,32848,32.0
573513.642475043,PLAYBACK,right,1,-0.6646074616617081,2,32625,33184,31.0
573513.64249431,PLAYBACK,right,2,0.19276493476768053,2,32803,32036,32.0
573513.644673887,PLAYBACK,left,6,0.033182421606774426,0,32773,32767,35.0
573513.644719385,PLAYBACK,left,7,0.008631265735866478,0,32733,32767,33.0
573513.644728432,PLAYBACK,left,8,-0.10108171206225691,0,32727,32767,32.0
573513.644751707,PLAYBACK,right,3,0.18777798123140244,2,32336,31855,32.0
573513.644761766,PLAYBACK,right,4,1.7406385900663768,2,32822,30532,31.0
573513.644770453,PLAYBACK,right,5,0.31217299206526017,2,32878,33050,35.0
573513.644779731,PLAYBACK,right,6,-0.20197161821927168,2,32782,33205,35.0
573513.646448284,PLAYBACK,right,7,0.6722796978713674,2,32828,31514,34.0
573513.646483662,PLAYBACK,right,1,-0.6642238498512256,2,32660,33136,31.0
573513.646653469,PLAYBACK,right,2,0.19276493476768053,2,32664,32097,32.0
573513.651607499,PLAYBACK,right,3,0.18854520485236748,2,32194,31794,32.0
573513.651641645,PLAYBACK,right,4,1.7406385900663768,2,32798,30594,31.0
573513.651653568,PLAYBACK,right,5,0.31140576844429513,2,32961,32996,35.0
573513.651665431,PLAYBACK,right,6,-0.2023552300297542,2,32802,33198,35.0
573513.65167532,PLAYBACK,right,7,0.6715124742504006,2,32858,31440,34.0
573513.651684578,PLAYBACK,right,8,0.12256397344930114,2,32728,32857,32.0
573513.651691681,PLAYBACK,right,1,-0.6638402380407413,2,32555,33143,31.0
573513.651697793,PLAYBACK,right,2,0.19276493476768053,2,32764,32020,32.0
573513.651704125,PLAYBACK,right,3,0.1896960402838168,2,32533,31914,32.0
573513.655841493,PLAYBACK,right,4,1.7406385900663768,2,32720,30487,31.0
573513.656038392,PLAYBACK,right,5,0.3106385448233283,2,32961,33315,35.0
573513.656054052,PLAYBACK,right,6,-0.2023552300297542,2,32804,33308,35.0
573513.656064171,PLAYBACK,right,7,0.6711288624399181,2,32826,31742,34.0
573513.656073439,PLAYBACK,right,1,-0.6634566262302588,2,32678,33142,31.0
573513.656081876,PLAYBACK,right,2,0.19276493476768053,2,32727,31986,32.0
573513.656090322,PLAYBACK,right,3,0.19084687571526615,2,32362,31838,32.0
573513.657311012,PLAYBACK,right,4,1.7406385900663768,2,32841,30250,31.0
573513.657333676,PLAYBACK,right,5,0.30987132120236327,2,32860,33160,35.0
573513.660543437,PLAYBACK,right,6,-0.20273884184023672,2,32870,33260,35.0
573513.660572814,PLAYBACK,right,7,0.6707452506294356,2,32882,31521,33.0
573513.660585668,PLAYBACK,right,1,-0.6634566262302588,2,32647,33125,31.0
573513.66059685,PLAYBACK,right,2,0.19276493476768053,2,32882,32057,32.0
573513.660606619,PLAYBACK,right,3,0.1916140993362312,2,32438,31817,32.0
573513.66463721,PLAYBACK,right,4,1.7406385900663768,2,32844,30526,31.0
573513.664661217,PLAYBACK,right,5,0.30872048577091393,2,33059,33121,35.0
573513.664670715,PLAYBACK,right,6,-0.20273884184023672,2,32798,33449,35.0
573513.664678109,PLAYBACK,right,7,0.6699780270084688,2,32969,31585,34.0
573513.664685263,PLAYBACK,right,8,0.12256397344930114,2,32733,32876,32.0
573513.664692367,PLAYBACK,right,1,-0.6626894026092938,2,32460,33090,31.0
573513.66469937,PLAYBACK,right,2,0.19276493476768053,2,32764,31989,32.0
573513.665822573,PLAYBACK,right,3,0.19276493476768053,2,32395,31924,32.0
573513.665853723,PLAYBACK,right,4,1.7406385900663768,2,32743,30388,31.0
573513.666988899,PLAYBACK,right,5,0.3079532621499489,2,32985,33050,35.0
573513.66701533,PLAYBACK,right,6,-0.20350606546120353,2,32883,33287,35.0
573513.668134365,PLAYBACK,right,7,0.6695944151979862,2,32899,31638,34.0
573513.668151909,PLAYBACK,right,1,-0.6626894026092938,2,32658,33094,31.0
573513.669463875,PLAYBACK,right,2,0.19276493476768053,2,32785,31960,32.0
573513.669474004,PLAYBACK,right,3,0.19353215838864735,2,32485,31741,32.0
573513.67324156,PLAYBACK,right,4,1.7406385900663768,2,32717,30451,31.0
573513.673277118,PLAYBACK,right,5,0.3071860385289821,2,33002,32888,35.0
573513.673298549,PLAYBACK,right,6,-0.20388967727168605,2,32912,33125,35.0
573513.67331453,PLAYBACK,right,7,0.6688271915770212,2,32957,31573,34.0
573513.673327615,PLAYBACK,right,8,0.12256397344930114,2,32747,32972,32.0
573513.673339709,PLAYBACK,right,1,-0.661922178988327,2,32627,33104,31.0
573513.673352704,PLAYBACK,right,2,0.19276493476768053,2,32816,31981,32.0
573513.673727766,PLAYBACK,right,3,0.1946829938200949,2,32389,31647,32.0
573513.677378506,PLAYBACK,right,4,1.7410222018768593,2,32653,30432,31.0
573513.67742699,PLAYBACK,right,5,0.3060352030975345,2,32872,32855,35.0
573513.677440646,PLAYBACK,right,6,-0.20388967727168605,2,32821,33432,35.0
573513.677450545,PLAYBACK,right,7,0.6684435797665369,2,32883,31804,34.0
573513.677458791,PLAYBACK,right,1,-0.661922178988327,2,32675,33054,31.0
573513.677468169,PLAYBACK,right,2,0.19276493476768053,2,32805,31983,32.0
573513.678524333,PLAYBACK,right,3,0.19545021744106172,2,32472,31778,32.0
573513.678542889,PLAYBACK,right,4,1.7406385900663768,2,32923,30439,31.0
573513.686221275,PLAYBACK,right,5,0.3052679794765677,2,33064,32940,35.0
573513.686282182,PLAYBACK,right,6,-0.20465690089265287,2,32883,33065,35.0
573513.686294746,PLAYBACK,right,7,0.6676763561455719,2,32874,31512,34.0
573513.686303213,PLAYBACK,right,8,0.12256397344930114,2,32684,32733,32.0
573513.686313422,PLAYBACK,right,1,-0.6615385671778444,2,32560,33056,31.0
573513.68632258,PLAYBACK,right,2,0.19314854657816305,2,32743,32063,32.0
573513.686331928,PLAYBACK,right,3,0.19660105287251106,2,32446,31697,32.0
573513.686341166,PLAYBACK,right,4,1.7406385900663768,2,32729,30566,31.0
573513.686350173,PLAYBACK,right,5,0.30411714404511836,2,32975,33091,35.0
573513.68635888,PLAYBACK,right,6,-0.2050405127031354,2,32854,33079,35.0
573513.686368098,PLAYBACK,right,7,0.6672927443350893,2,32974,31494,34.0
573513.686376273,PLAYBACK,right,1,-0.6611549553673619,2,32650,33053,31.0
573513.686384519,PLAYBACK,right,2,0.19314854657816305,2,32882,31965,32.0
573513.68751717,PLAYBACK,right,3,0.19736827649347788,2,32541,31737,32.0
573513.687564271,PLAYBACK,right,4,1.7406385900663768,2,32656,30554,31.0
573513.6884988,PLAYBACK,right,5,0.3033499204241533,2,33031,32955,35.0
573513.690813267,PLAYBACK,right,6,-0.2054241245136179,2,32900,33039,35.0
573513.690828857,PLAYBACK,right,7,0.6665255207141225,2,32913,31505,34.0
573513.690836773,PLAYBACK,right,1,-0.6607713435568776,2,32585,33013,31.0
573513.690843586,PLAYBACK,right,2,0.19314854657816305,2,32554,32041,32.0
573513.697097259,PLAYBACK,left,1,0.0021098649576565265,0,32765,32767,31.0
573513.697121596,PLAYBACK,left,2,0.004411535820553425,0,32945,32767,32.0
573513.697140332,PLAYBACK,right,3,0.19851911192492544,2,32359,31704,32.0
573513.697148688,PLAYBACK,right,4,1.7406385900663768,2,32828,30407,31.0
573513.697154208,PLAYBACK,right,5,0.3025826968031865,2,32977,33086,35.0
573513.697160981,PLAYBACK,right,6,-0.20619134813458473,2,32875,33186,35.0
573513.697166682,PLAYBACK,right,7,0.66614190890364,2,32870,31711,34.0
573513.697172423,PLAYBACK,right,8,0.12218036163881862,2,32776,32708,32.0
573513.697177994,PLAYBACK,right,1,-0.6603877317463951,2,32587,33002,31.0
573513.697183755,PLAYBACK,right,2,0.19314854657816305,2,32683,32055,32.0
573513.697188735,PLAYBACK,right,3,0.19966994735637478,2,32411,31742,32.0
573513.697193674,PLAYBACK,right,4,1.7406385900663768,2,32739,30640,31.0
573513.697198283,PLAYBACK,right,5,0.30181547318222146,2,32958,32873,35.0
573513.699748794,PLAYBACK,left,3,-0.055048294804302955,0,32873,32767,32.0
573513.69976209,PLAYBACK,left,4,0.018988784618905186,0,32928,32767,32.0
573513.699768893,PLAYBACK,left,5,-0.9166404211490047,0,32743,32767,35.0
573513.699774845,PLAYBACK,left,6,0.033182421606774426,0,32752,32767,35.0
573513.699785615,PLAYBACK,right,6,-0.20657495994506725,2,32808,33190,35.0
573513.699791988,PLAYBACK,right,7,0.6653746852826732,2,32879,31647,34.0
573513.699797408,PLAYBACK,right,1,-0.6600041199359126,2,32696,32985,31.0
573513.699802307,PLAYBACK,right,2,0.19314854657816305,2,32708,32018,32.0
573513.700900172,PLAYBACK,left,7,0.008631265735866478,0,32705,32767,33.0
573513.700916153,PLAYBACK,left,8,-0.10108171206225691,0,32758,32767,32.0
573513.7009306,PLAYBACK,right,3,0.2000535591668573,2,32435,31686,32.0
573513.700938055,PLAYBACK,right,4,1.7406385900663768,2,32794,30591,31.0
573513.704925463,PLAYBACK,right,5,0.30104824956125464,2,32932,32874,35.0
573513.704977063,PLAYBACK,right,6,-0.20695857175554977,2,32871,33160,35.0
573513.704988895,PLAYBACK,right,7,0.6646074616617081,2,32925,31581,34.0
573513.704998474,PLAYBACK,right,1,-0.6600041199359126,2,32676,32952,31.0
573513.70501742,PLAYBACK,right,2,0.19314854657816305,2,32740,32053,32.0
573513.705023843,PLAYBACK,right,3,0.20120439459830664,2,32502,31812,32.0
573513.705030776,PLAYBACK,right,4,1.7406385900663768,2,32736,30523,31.0
573513.708390536,PLAYBACK,right,5,0.2998974141298071,2,32952,33077,35.0
573513.708419672,PLAYBACK,right,6,-0.2073421835660323,2,32896,33271,35.0
573513.708435102,PLAYBACK,right,7,0.6638402380407413,2,32922,31740,34.0
573513.708446855,PLAYBACK,right,8,0.12256397344930114,2,32785,32917,32.0
573513.7084599,PLAYBACK,right,1,-0.6592368963149475,2,32524,32928,31.0
573513.708500177,PLAYBACK,right,2,0.19353215838864735,2,32779,31941,32.0
573513.70968566,PLAYBACK,right,3,0.20235523002975597,2,32416,31697,32.0
573513.710974772,PLAYBACK,right,4,1.7406385900663768,2,32708,30492,31.0
573513.711027153,PLAYBACK,right,5,0.29874657869835775,2,32964,32759,35.0
573513.711040108,PLAYBACK,right,6,-0.2077257953765148,2,32953,33242,35.0
573513.713505205,PLAYBACK,right,7,0.6630730144197763,2,32885,31555,34.0
573513.713541044,PLAYBACK,right,1,-0.6592368963149475,2,32549,32914,31.0
573513.713558518,PLAYBACK,right,2,0.19353215838864735,2,32656,32071,32.0
573513.713572565,PLAYBACK,right,3,0.203122453650721,2,32426,31731,32.0
573513.71771928,PLAYBACK,right,4,1.7406385900663768,2,32744,30488,31.0
573513.717737555,PLAYBACK,right,5,0.2979793550773927,2,33026,32885,35.0
573513.717747745,PLAYBACK,right,6,-0.2081094071869991,2,32857,33250,35.0
573513.717755259,PLAYBACK,right,7,0.6626894026092938,2,32972,31581,34.0
573513.717761932,PLAYBACK,right,8,0.12256397344930114,2,32761,32770,32.0
573513.717768795,PLAYBACK,right,1,-0.6588532845044632,2,32548,32886,31.0
573513.717775218,PLAYBACK,right,2,0.19353215838864735,2,32646,32034,32.0
573513.718419589,PLAYBACK,right,3,0.20427328908217035,2,32388,31846,32.0
573513.721719744,PLAYBACK,right,4,1.7406385900663768,2,32687,30531,31.0
573513.721735715,PLAYBACK,right,5,0.29682851964594337,2,32985,32993,35.0
573513.72174384,PLAYBACK,right,6,-0.20887663080796415,2,32884,33271,35.0
573513.721750723,PLAYBACK,right,7,0.661922178988327,2,32943,31893,34.0
573513.721757056,PLAYBACK,right,1,-0.6584696726939807,2,32482,32876,31.0
573513.721763448,PLAYBACK,right,2,0.19353215838864735,2,32670,31987,32.0
573513.726726135,PLAYBACK,right,3,0.20504051270313717,2,32400,31729,32.0
573513.726767565,PLAYBACK,right,4,1.7402549782558925,2,32868,30374,31.0
573513.726778916,PLAYBACK,right,5,0.29606129602497655,2,32974,33023,35.0
573513.726789577,PLAYBACK,right,6,-0.20926024261844667,2,32872,33462,35.0
573513.726799666,PLAYBACK,right,7,0.6611549553673619,2,32910,31552,34.0
573513.726809936,PLAYBACK,right,8,0.12218036163881862,2,32783,32938,32.0
573513.726820166,PLAYBACK,right,1,-0.6580860608834982,2,32440,32887,31.0
573513.726830235,PLAYBACK,right,2,0.19353215838864735,2,32738,31976,32.0
573513.730615565,PLAYBACK,right,3,0.2058077363241022,2,32164,31813,32.0
573513.73062862,PLAYBACK,right,4,1.7402549782558925,2,32848,30505,31.0
573513.730636775,PLAYBACK,right,5,0.294910460593529,2,32962,33107,35.0
573513.730644821,PLAYBACK,right,6,-0.20964385442893096,2,32918,33285,35.0
573513.730651053,PLAYBACK,right,7,0.6600041199359126,2,33093,31483,34.0
573513.730657415,PLAYBACK,right,1,-0.6577024490730157,2,32509,32836,31.0
573513.730664048,PLAYBACK,right,2,0.19391577019912987,2,32591,31967,32.0
573513.731758946,PLAYBACK,right,3,0.20657495994506903,2,32259,31748,32.0
573513.732853584,PLAYBACK,right,4,1.7406385900663768,2,32852,30521,31.0
573513.732866088,PLAYBACK,right,5,0.29414323697256217,2,33003,33081,35.0
573513.736506058,PLAYBACK,right,6,-0.21002746623941349,2,32959,33159,35.0
573513.736523501,PLAYBACK,right,7,0.6592368963149475,2,32991,31528,34.0
573513.736530715,PLAYBACK,right,1,-0.6573188372625314,2,32581,32838,31.0
573513.736536426,PLAYBACK,right,2,0.19391577019912987,2,32732,31947,32.0
573513.736541626,PLAYBACK,right,3,0.20734218356603407,2,32572,31743,32.0
573513.736546446,PLAYBACK,right,4,1.7406385900663768,2,32759,30335,31.0
573513.740378345,PLAYBACK,right,5,0.29337601335159713,2,32897,33092,35.0
573513.740395508,PLAYBACK,right,6,-0.21079468986037853,2,32968,33365,35.0
573513.740403673,PLAYBACK,right,7,0.6584696726939807,2,32978,31437,34.0
573513.740410026,PLAYBACK,right,8,0.12218036163881862,2,32806,32906,32.0
573513.740416217,PLAYBACK,right,1,-0.6569352254520489,2,32615,32788,31.0
573513.740422209,PLAYBACK,right,2,0.19391577019912987,2,32718,31926,32.0
573513.740428732,PLAYBACK,right,3,0.2084930189974834,2,32534,31808,32.0
573513.741569458,PLAYBACK,right,4,1.7406385900663768,2,32872,30412,31.0
573513.741585519,PLAYBACK,right,5,0.2922251779201478,2,33037,33122,35.0
573513.742833392,PLAYBACK,left,1,0.0021098649576565265,0,32765,32767,31.0
573513.742859112,PLAYBACK,right,6,-0.21117830167086282,2,32754,33471,35.0
573513.742867268,PLAYBACK,right,7,0.6577024490730157,2,32912,31383,34.0
573513.745018781,PLAYBACK,left,2,0.004411535820553425,0,32857,32767,32.0
573513.745048307,PLAYBACK,left,3,-0.054664682993820435,0,32665,32767,32.0
573513.745058567,PLAYBACK,left,4,0.018988784618905186,0,32873,32767,32.0
573513.745067454,PLAYBACK,left,5,-0.9166404211490047,0,32799,32767,35.0
573513.745087132,PLAYBACK,right,8,0.12218036163881862,2,32810,32874,32.0
573513.745094256,PLAYBACK,right,1,-0.6565516136415663,2,32565,32789,31.0
573513.74510142,PLAYBACK,right,2,0.19391577019912987,2,32826,31977,32.0
573513.745107622,PLAYBACK,right,3,0.20926024261844844,2,32496,31788,32.0
573513.749056867,PLAYBACK,left,6,0.033182421606774426,0,32782,32767,35.0
573513.749071485,PLAYBACK,left,7,0.008631265735866478,0,32791,32767,33.0
573513.749078929,PLAYBACK,left,8,-0.10108171206225691,0,32796,32767,32.0
573513.749091263,PLAYBACK,right,4,1.7406385900663768,2,32979,30396,31.0
573513.749099479,PLAYBACK,right,5,0.291457954299181,2,32976,33282,35.0
573513.749108536,PLAYBACK,right,6,-0.21194552529182786,2,32933,33115,35.0
573513.749116391,PLAYBACK,right,7,0.6569352254520489,2,32955,31223,34.0
573513.749123635,PLAYBACK,right,8,0.12218036163881862,2,32780,32928,32.0
573513.749130048,PLAYBACK,right,1,-0.6561680018310838,2,32599,32769,31.0
573513.74913632,PLAYBACK,right,2,0.19391577019912987,2,32618,31974,32.0
573513.75142149,PLAYBACK,right,3,0.20964385442893096,2,32552,31768,32.0
573513.751453983,PLAYBACK,right,4,1.7406385900663768,2,32743,30459,31.0
573513.751464333,PLAYBACK,right,5,0.29069073067821594,2,32931,33275,35.0
573513.751472789,PLAYBACK,right,6,-0.21232913710231038,2,32906,33041,35.0
573513.752602795,PLAYBACK,right,7,0.6557843900205995,2,33015,31095,34.0
573513.753678256,PLAYBACK,right,1,-0.6557843900205995,2,32520,32766,31.0
573513.753714646,PLAYBACK,right,2,0.19391577019912987,2,32880,32001,32.0
573513.75838002,PLAYBACK,right,3,0.21041107804989778,2,32428,31699,32.0
573513.758401632,PLAYBACK,right,4,1.7406385900663768,2,32903,30269,31.0
573513.758411681,PLAYBACK,right,5,0.2895398952467666,2,32929,32991,35.0
573513.75842114,PLAYBACK,right,6,-0.2130963607232772,2,32925,33073,35.0
573513.758429506,PLAYBACK,right,7,0.6550171663996345,2,32975,31250,33.0
573513.758438443,PLAYBACK,right,8,0.12256397344930114,2,32743,32906,32.0
573513.75844717,PLAYBACK,right,1,-0.655400778210117,2,32661,32755,31.0
573513.758456367,PLAYBACK,right,2,0.19391577019912987,2,32668,31990,32.0
573513.759577737,PLAYBACK,right,3,0.21156191348134712,2,32423,31796,32.0
573513.759597916,PLAYBACK,right,4,1.7402549782558925,2,32845,30274,31.0
573513.760706621,PLAYBACK,right,5,0.28877267162580156,2,32994,33125,35.0
573513.760719906,PLAYBACK,right,6,-0.21386358434424224,2,32907,33197,35.0
573513.761828241,PLAYBACK,right,7,0.6538663309681851,2,32971,31102,34.0
573513.761849341,PLAYBACK,right,1,-0.6550171663996345,2,32564,32791,31.0
573513.762984297,PLAYBACK,right,2,0.19391577019912987,2,32764,32005,32.0
573513.763017992,PLAYBACK,right,3,0.21194552529182964,2,32617,31531,32.0
573513.763431077,PLAYBACK,right,4,1.7406385900663768,2,32777,30589,31.0
573513.767786404,PLAYBACK,right,5,0.28800544800483474,2,32964,33254,35.0
573513.767820019,PLAYBACK,right,6,-0.21424719615472654,2,32892,33272,35.0
573513.767829087,PLAYBACK,right,7,0.6530991073472201,2,33015,31117,34.0
573513.767835299,PLAYBACK,right,8,0.12218036163881862,2,32795,32857,32.0
573513.767841791,PLAYBACK,right,1,-0.6542499427786677,2,32552,32784,31.0
573513.767848003,PLAYBACK,right,2,0.1942993820096124,2,32774,31892,32.0
573513.767853954,PLAYBACK,right,3,0.21309636072327898,2,32292,31787,32.0
573513.768420846,PLAYBACK,right,4,1.7406385900663768,2,32840,30343,31.0
573513.77136215,PLAYBACK,right,5,0.2872382243838697,2,33033,33444,35.0
573513.771431744,PLAYBACK,right,6,-0.21463080796520906,2,32844,33220,35.0
573513.771442936,PLAYBACK,right,7,0.6523318837262533,2,32945,31026,34.0
573513.771478464,PLAYBACK,right,1,-0.6538663309681851,2,32631,32786,31.0
573513.77148684,PLAYBACK,right,2,0.1942993820096124,2,32832,31957,32.0
573513.77260817,PLAYBACK,right,3,0.2134799725337615,2,32413,31755,32.0
573513.772623459,PLAYBACK,right,4,1.7406385900663768,2,32977,30275,31.0
573513.773432727,PLAYBACK,right,5,0.2864710007629029,2,32904,33563,35.0
573513.773454108,PLAYBACK,right,6,-0.2153980315861741,2,32937,33432,35.0
573513.775040413,PLAYBACK,right,7,0.6511810482948039,2,33037,30959,34.0
573513.775055953,PLAYBACK,right,1,-0.6534827191577026,2,32573,32784,31.0
573513.780284542,PLAYBACK,right,2,0.1942993820096124,2,32673,31888,32.0
573513.780308067,PLAYBACK,right,3,0.21424719615472654,2,32392,31728,32.0
573513.780316123,PLAYBACK,right,4,1.7406385900663768,2,32607,30443,31.0
573513.780323226,PLAYBACK,right,5,0.2853201653314553,2,32975,33264,35.0
573513.780329809,PLAYBACK,right,6,-0.2157816433966584,2,32901,33271,35.0
573513.780335951,PLAYBACK,right,7,0.6504138246738389,2,32988,31002,34.0
573513.780342263,PLAYBACK,right,8,0.12218036163881862,2,32769,32810,32.0
573513.780348675,PLAYBACK,right,1,-0.6530991073472201,2,32634,32765,31.0
573513.7803564,PLAYBACK,right,2,0.1942993820096124,2,32680,31942,32.0
573513.784175655,PLAYBACK,right,3,0.21501441977569336,2,32418,31832,32.0
573513.784191385,PLAYBACK,right,4,1.7406385900663768,2,32554,30392,31.0
573513.784199651,PLAYBACK,right,5,0.284169329900006,2,33048,33344,35.0
573513.78421474,PLAYBACK,right,6,-0.21693247882810596,2,32938,33127,35.0
573513.784237945,PLAYBACK,right,7,0.6496466010528739,2,33028,31138,34.0
573513.784244598,PLAYBACK,right,1,-0.6523318837262533,2,32593,32784,31.0
573513.785589367,PLAYBACK,right,2,0.1942993820096124,2,32901,31909,32.0
573513.785613744,PLAYBACK,right,3,0.2157816433966584,2,32414,31761,32.0
573513.785621259,PLAYBACK,right,4,1.7406385900663768,2,32576,30553,31.0
573513.789474018,PLAYBACK,right,5,0.28378571808952346,2,32929,33410,35.0
573513.789504156,PLAYBACK,right,6,-0.21731609063858848,2,32838,33292,35.0
573513.789517542,PLAYBACK,right,7,0.6484957656214245,2,32958,30981,34.0
573513.789530206,PLAYBACK,right,1,-0.6519482719157708,2,32620,32779,31.0
573513.789541828,PLAYBACK,right,2,0.1942993820096124,2,32654,31974,32.0
573513.789552008,PLAYBACK,right,3,0.2161652552071427,2,32534,31803,32.0
573513.793342958,PLAYBACK,right,4,1.7406385900663768,2,32873,30506,31.0
573513.793356214,PLAYBACK,right,5,0.2826348826580741,2,32984,33487,35.0
573513.793363598,PLAYBACK,right,6,-0.2180833142595553,2,32994,33209,35.0
573513.793370271,PLAYBACK,right,7,0.6477285420004577,2,32976,30604,34.0
573513.793376262,PLAYBACK,right,8,0.12256397344930114,2,32855,32817,32.0
573513.793382084,PLAYBACK,right,1,-0.6511810482948039,2,32502,32805,31.0
573513.793388806,PLAYBACK,right,2,0.1942993820096124,2,32610,31904,32.0
573513.794523832,PLAYBACK,left,1,0.0021098649576565265,0,32743,32767,31.0
573513.794535675,PLAYBACK,right,3,0.21693247882810773,2,32521,31864,32.0
573513.794541867,PLAYBACK,right,4,1.7406385900663768,2,32757,30342,31.0
573513.7956285,PLAYBACK,left,2,0.004411535820553425,0,32685,32767,32.0
573513.795642176,PLAYBACK,left,3,-0.055048294804302955,0,32843,32767,32.0
573513.795654039,PLAYBACK,right,5,0.2818676590371073,2,32920,33708,35.0
573513.795660621,PLAYBACK,right,6,-0.21885053788052033,2,32880,33144,35.0
573513.798379838,PLAYBACK,left,4,0.019372396429389482,0,32760,32767,32.0
573513.798389026,PLAYBACK,left,5,-0.9166404211490047,0,32768,32767,35.0
573513.798394576,PLAYBACK,left,6,0.033182421606774426,0,32785,32767,35.0
573513.798399486,PLAYBACK,left,7,0.008631265735866478,0,32794,32767,33.0
573513.798407551,PLAYBACK,right,7,0.6465777065690101,2,32952,30878,34.0
573513.79841228,PLAYBACK,right,1,-0.6507974364843214,2,32434,32796,31.0
573513.79841733,PLAYBACK,right,2,0.1942993820096124,2,32855,31950,32.0
573513.79842226,PLAYBACK,right,3,0.21769970244907277,2,32605,31844,32.0
573513.802186158,PLAYBACK,left,8,-0.10108171206225691,0,32740,32767,32.0
573513.802224963,PLAYBACK,right,4,1.7406385900663768,2,32822,30357,31.0
573513.802242947,PLAYBACK,right,5,0.28071682360565975,2,33010,33240,35.0
573513.802257044,PLAYBACK,right,6,-0.21961776150148715,2,32964,33248,35.0
573513.802268587,PLAYBACK,right,7,0.6458104829480433,2,32979,30936,34.0
573513.802279758,PLAYBACK,right,8,0.12256397344930114,2,32717,32925,32.0
573513.802290619,PLAYBACK,right,1,-0.6500302128633564,2,32590,32839,31.0
573513.802301871,PLAYBACK,right,2,0.1946829938200949,2,32738,31907,32.0
573513.804865166,PLAYBACK,right,3,0.21808331425955707,2,32450,31826,32.0
573513.804899953,PLAYBACK,right,4,1.7406385900663768,2,32897,30506,31.0
573513.804908911,PLAYBACK,right,5,0.27994959998469293,2,32956,33258,35.0
573513.804917567,PLAYBACK,right,6,-0.22000137331196967,2,32875,33144,35.0
573513.806379102,PLAYBACK,right,7,0.6450432593270783,2,32937,30764,34.0
573513.806392498,PLAYBACK,right,1,-0.6492629892423896,2,32407,32841,31.0
573513.806400103,PLAYBACK,right,2,0.1946829938200949,2,32824,31859,32.0
573513.811111395,PLAYBACK,right,3,0.2188505378805221,2,32365,31876,32.0
573513.811154989,PLAYBACK,right,4,1.7406385900663768,2,32540,30431,31.0
573513.811166751,PLAYBACK,right,5,0.2791823763637279,2,32985,33300,35.0
573513.811179195,PLAYBACK,right,6,-0.2207685969329365,2,32950,32961,35.0
573513.811190547,PLAYBACK,right,7,0.643892423895629,2,33001,30777,34.0
573513.811201418,PLAYBACK,right,8,0.12256397344930114,2,32813,32920,32.0
573513.811211287,PLAYBACK,right,1,-0.648879377431907,2,32474,32840,31.0
573513.811221066,PLAYBACK,right,2,0.1946829938200949,2,32703,31913,32.0
573513.815112079,PLAYBACK,right,3,0.21961776150148893,2,32530,31825,32.0
573513.815134252,PLAYBACK,right,4,1.7406385900663768,2,32592,30475,31.0
573513.81514388,PLAYBACK,right,5,0.2784151527427611,2,32993,33410,35.0
573513.815153499,PLAYBACK,right,6,-0.22153582055390153,2,32910,33137,35.0
573513.815160903,PLAYBACK,right,7,0.6427415884641796,2,33005,30567,34.0
573513.815167446,PLAYBACK,right,1,-0.648112153810942,2,32504,32874,31.0
573513.815173978,PLAYBACK,right,2,0.1942993820096124,2,32764,31841,32.0
573513.816296289,PLAYBACK,right,3,0.22000137331197145,2,32627,32031,32.0
573513.816319995,PLAYBACK,right,4,1.7402549782558925,2,32801,30449,31.0
573513.817435293,PLAYBACK,right,5,0.2772643173113135,2,33018,33048,35.0
573513.81744956,PLAYBACK,right,6,-0.22230304417486835,2,32886,33092,35.0
573513.820252337,PLAYBACK,right,7,0.6415907530327303,2,33109,30767,34.0
573513.820281834,PLAYBACK,right,1,-0.6473449301899752,2,32342,32876,31.0
573513.820293697,PLAYBACK,right,2,0.1946829938200949,2,32685,31956,32.0
573513.82030051,PLAYBACK,right,3,0.2207685969329365,2,32507,31968,32.0
573513.820307734,PLAYBACK,right,4,1.7406385900663768,2,32869,30469,31.0
573513.823708383,PLAYBACK,right,5,0.2764970936903467,2,33003,33388,35.0
573513.823747348,PLAYBACK,right,6,-0.2230702677958334,2,33037,33072,35.0
573513.823765984,PLAYBACK,right,7,0.6412071412222478,2,32971,30908,33.0
573513.823779349,PLAYBACK,right,8,0.12218036163881862,2,32777,32841,32.0
573513.823791733,PLAYBACK,right,1,-0.6469613183794927,2,32373,32911,31.0
573513.823803245,PLAYBACK,right,2,0.1946829938200949,2,32690,31943,32.0
573513.824959512,PLAYBACK,right,3,0.2211522087434208,2,32528,31781,32.0
573513.824980092,PLAYBACK,right,4,1.7402549782558925,2,32798,30593,31.0
573513.826091001,PLAYBACK,right,5,0.27572987006938166,2,32902,33588,35.0
573513.82610601,PLAYBACK,right,6,-0.2238374914168002,2,32920,33115,35.0
573513.827214725,PLAYBACK,right,7,0.6400563057908002,2,32961,30755,34.0
573513.828409376,PLAYBACK,right,1,-0.6461940947585258,2,32510,32925,31.0
573513.828420968,PLAYBACK,right,2,0.1946829938200949,2,32556,31855,32.0
573513.82842743,PLAYBACK,right,3,0.22191943236438583,2,32573,31858,32.0
573513.832712302,PLAYBACK,right,4,1.7402549782558925,2,32970,30607,31.0
573513.832723523,PLAYBACK,right,5,0.27496264644841484,2,32993,33495,35.0
573513.832732561,PLAYBACK,right,6,-0.22460471503776525,2,32954,33063,35.0
573513.832739314,PLAYBACK,right,7,0.6389054703593509,2,32995,30642,34.0
573513.832745866,PLAYBACK,right,8,0.12256397344930114,2,32705,32905,32.0
573513.832766867,PLAYBACK,right,1,-0.6454268711375608,2,32415,32941,31.0
573513.8327736,PLAYBACK,right,2,0.1950666056305792,2,32625,31898,32.0
573513.833371361,PLAYBACK,right,3,0.22268665598535264,2,32487,31755,32.0
573513.837127975,PLAYBACK,right,4,1.7402549782558925,2,32762,30606,31.0
573513.837153043,PLAYBACK,right,5,0.2741954228274498,2,33025,33458,35.0
573513.837168733,PLAYBACK,right,6,-0.22537193865873206,2,32876,33125,35.0
573513.837181929,PLAYBACK,right,7,0.638138246738384,2,32957,30846,34.0
573513.837193772,PLAYBACK,right,1,-0.644659647516594,2,32365,32958,31.0
573513.837205725,PLAYBACK,right,2,0.1946829938200949,2,32878,31889,32.0
573513.838426545,PLAYBACK,right,3,0.22307026779583516,2,32450,31829,32.0
573513.838441895,PLAYBACK,right,4,1.7402549782558925,2,32688,30510,31.0
573513.845829271,PLAYBACK,right,5,0.27304458739600046,2,32969,33400,35.0
573513.845848778,PLAYBACK,right,6,-0.2261391622796971,2,32980,33147,35.0
573513.845856934,PLAYBACK,right,7,0.637371023117419,2,32953,30718,34.0
573513.845864539,PLAYBACK,right,8,0.12256397344930114,2,32663,32846,32.0
573513.845872564,PLAYBACK,right,1,-0.6435088120851464,2,32244,32988,31.0
573513.845882123,PLAYBACK,right,2,0.1950666056305792,2,32712,31861,32.0
573513.845890248,PLAYBACK,right,3,0.2238374914168002,2,32678,31987,32.0
573513.84589644,PLAYBACK,right,4,1.73987136644541,2,32846,30555,31.0
573513.845903694,PLAYBACK,right,5,0.2718937519645511,2,32942,33274,35.0
573513.845910106,PLAYBACK,right,6,-0.22690638590066214,2,32952,33164,35.0
573513.845916649,PLAYBACK,right,7,0.6362201876859697,2,32979,30691,33.0
573513.845923552,PLAYBACK,right,1,-0.6427415884641796,2,32344,33017,31.0
573513.845929374,PLAYBACK,right,2,0.1950666056305792,2,32809,31881,32.0
573513.84715301,PLAYBACK,left,1,0.0021098649576565265,0,32661,32767,31.0
573513.847197666,PLAYBACK,right,3,0.2242211032272845,2,32604,31899,32.0
573513.847210571,PLAYBACK,right,4,1.73987136644541,2,32844,30466,31.0
573513.848436842,PLAYBACK,left,2,0.004411535820553425,0,32881,32767,32.0
573513.848449587,PLAYBACK,left,3,-0.055048294804302955,0,32950,32767,32.0
573513.848462782,PLAYBACK,right,5,0.2715101401540686,2,32992,33357,35.0
573513.848470647,PLAYBACK,right,6,-0.22767360952162896,2,32893,33147,35.0
573513.85531626,PLAYBACK,left,4,0.018988784618905186,0,32897,32767,32.0
573513.855356538,PLAYBACK,left,5,-0.9166404211490047,0,32764,32767,35.0
573513.855371016,PLAYBACK,left,6,0.033182421606774426,0,32790,32767,35.0
573513.855382407,PLAYBACK,left,7,0.008631265735866478,0,32779,32767,33.0
573513.855393238,PLAYBACK,left,8,-0.10069810025177439,0,32704,32767,32.0
573513.855423917,PLAYBACK,right,7,0.6358365758754871,2,32942,30915,34.0
573513.855433526,PLAYBACK,right,1,-0.6419743648432146,2,32303,32982,31.0
573513.855442954,PLAYBACK,right,2,0.1950666056305792,2,32743,31813,32.0
573513.855450929,PLAYBACK,right,3,0.22460471503776702,2,32447,31765,32.0
573513.855457482,PLAYBACK,right,4,1.73987136644541,2,32689,30630,31.0
573513.855464756,PLAYBACK,right,5,0.2707429165331018,2,32984,33433,35.0
573513.855472361,PLAYBACK,right,6,-0.2288244449530783,2,32971,33008,35.0
573513.855479945,PLAYBACK,right,7,0.6350693522545203,2,32865,30833,34.0
573513.855487079,PLAYBACK,right,8,0.12256397344930114,2,32746,32742,32.0
573513.855496698,PLAYBACK,right,1,-0.6408235294117652,2,32403,32996,31.0
573513.85550309,PLAYBACK,right,2,0.19545021744106172,2,32723,31889,32.0
573513.855510654,PLAYBACK,right,3,0.22537193865873206,2,32316,31757,32.0
573513.858058471,PLAYBACK,right,4,1.73987136644541,2,32677,30349,31.0
573513.858087407,PLAYBACK,right,5,0.2695920811016542,2,32959,33466,35.0
573513.858095853,PLAYBACK,right,6,-0.22959166857404334,2,32980,33121,35.0
573513.858102926,PLAYBACK,right,7,0.6339185168230728,2,32947,30776,34.0
573513.858404187,PLAYBACK,right,1,-0.6400563057908002,2,32322,33026,31.0
573513.859282448,PLAYBACK,right,2,0.1950666056305792,2,32759,31895,32.0
573513.86463239,PLAYBACK,right,3,0.22575555046921636,2,32689,31740,32.0
573513.864652909,PLAYBACK,right,4,1.7394877546349274,2,32836,30546,31.0
573513.864660444,PLAYBACK,right,5,0.2692084692911717,2,32921,33381,35.0
573513.864667127,PLAYBACK,right,6,-0.23035889219501016,2,32974,33019,35.0
573513.864673449,PLAYBACK,right,7,0.633151293202106,2,32978,30874,34.0
573513.864679491,PLAYBACK,right,8,0.12256397344930114,2,32791,32875,32.0
573513.864685693,PLAYBACK,right,1,-0.6392890821698334,2,32316,33039,31.0
573513.864692105,PLAYBACK,right,2,0.19545021744106172,2,32784,31765,32.0
573513.864698177,PLAYBACK,right,3,0.2265227740901814,2,32405,31813,32.0
573513.86895319,PLAYBACK,right,4,1.7394877546349274,2,32694,30440,31.0
573513.868966997,PLAYBACK,right,5,0.26805763385972237,2,33076,33354,35.0
573513.868974321,PLAYBACK,right,6,-0.2311261158159752,2,32940,32970,35.0
573513.868979982,PLAYBACK,right,7,0.6323840695811409,2,33021,30846,33.0
573513.868985422,PLAYBACK,right,1,-0.638138246738384,2,32401,33050,31.0
573513.868990743,PLAYBACK,right,2,0.19545021744106172,2,32730,31893,32.0
573513.868995953,PLAYBACK,right,3,0.22690638590066392,2,32331,31760,32.0
573513.870104568,PLAYBACK,right,4,1.7394877546349274,2,33057,30679,31.0
573513.870118865,PLAYBACK,right,5,0.26729041023875555,2,33012,33574,35.0
573513.873981163,PLAYBACK,right,6,-0.23227695124742453,2,33091,32770,35.0
573513.874042261,PLAYBACK,right,7,0.6320004577706566,2,32906,30948,34.0
573513.874068361,PLAYBACK,right,1,-0.6369874113069365,2,32316,33062,31.0
573513.874089622,PLAYBACK,right,2,0.19545021744106172,2,32816,31872,32.0
573513.874105432,PLAYBACK,right,3,0.22728999771114644,2,32616,31876,32.0
573513.874127635,PLAYBACK,right,8,0.12256397344930114,2,32796,32913,32.0
573513.874158444,PLAYBACK,right,4,1.739104142824445,2,32909,30628,31.0
573513.877572248,PLAYBACK,right,5,0.2665231866177905,2,33014,33276,35.0
573513.877602647,PLAYBACK,right,6,-0.23304417486838958,2,32975,33136,35.0
573513.877616844,PLAYBACK,right,7,0.6312332341496916,2,32853,31009,34.0
573513.877628547,PLAYBACK,right,8,0.12256397344930114,2,32827,32813,32.0
573513.877640229,PLAYBACK,right,1,-0.6358365758754871,2,32321,33081,31.0
573513.877648816,PLAYBACK,right,2,0.19545021744106172,2,32830,31864,32.0
573513.87874153,PLAYBACK,right,3,0.22805722133211326,2,32470,31835,32.0
573513.878776137,PLAYBACK,right,4,1.739104142824445,2,32795,30504,31.0
573513.881876978,PLAYBACK,right,5,0.26537235118634117,2,33008,33315,35.0
573513.881901024,PLAYBACK,right,6,-0.2341950102998389,2,32961,33001,35.0
573513.881913508,PLAYBACK,right,7,0.6304660105287265,2,32951,30902,34.0
573513.881925511,PLAYBACK,right,1,-0.6346857404440378,2,32204,33062,31.0
573513.881935561,PLAYBACK,right,2,0.19545021744106172,2,32749,31799,32.0
573513.886784418,PLAYBACK,right,3,0.22844083314259578,2,32632,31795,32.0
573513.886808955,PLAYBACK,right,4,1.739104142824445,2,32566,30580,31.0
573513.88681653,PLAYBACK,right,5,0.26422151575489183,2,33003,33042,35.0
573513.886823714,PLAYBACK,right,6,-0.23496223392080573,2,32969,33058,35.0
573513.886830006,PLAYBACK,right,7,0.6293151750972772,2,33030,30941,34.0
573513.886838442,PLAYBACK,right,8,0.12218036163881862,2,32851,32946,32.0
573513.886845355,PLAYBACK,right,1,-0.6335349050125885,2,32244,33052,31.0
573513.886853842,PLAYBACK,right,2,0.19583382925154424,2,32582,31840,32.0
573513.891273232,PLAYBACK,right,3,0.2288244449530783,2,32745,31866,32.0
573513.891294152,PLAYBACK,right,4,1.739104142824445,2,32650,30428,31.0
573513.89130322,PLAYBACK,right,5,0.2634542921339268,2,32992,33081,35.0
573513.891311456,PLAYBACK,right,6,-0.23572945754177077,2,32913,33003,35.0
573513.891321705,PLAYBACK,right,7,0.6289315632867947,2,32907,31023,34.0
573513.891330953,PLAYBACK,right,1,-0.6327676813916234,2,32306,33057,31.0
573513.891340462,PLAYBACK,right,2,0.19583382925154424,2,32563,31769,32.0
573513.892463635,PLAYBACK,right,3,0.2292080567635626,2,32687,31913,32.0
573513.892482331,PLAYBACK,right,4,1.739104142824445,2,32717,30526,31.0
573513.896178158,PLAYBACK,right,5,0.26191984489199494,2,33050,33063,35.0
573513.896201683,PLAYBACK,right,6,-0.2368802929732201,2,32984,33109,35.0
573513.896214177,PLAYBACK,right,7,0.6285479514763104,2,32824,31225,34.0
573513.896231861,PLAYBACK,right,1,-0.6320004577706566,2,32229,33067,31.0
573513.896238975,PLAYBACK,right,2,0.19545021744106172,2,32702,31782,32.0
573513.896245227,PLAYBACK,right,3,0.22959166857404512,2,32503,31849,32.0
573513.900070473,PLAYBACK,left,1,0.0021098649576565265,0,32682,32767,31.0
573513.900083508,PLAYBACK,left,2,0.004411535820553425,0,32972,32767,32.0
573513.900090672,PLAYBACK,left,3,-0.055048294804302955,0,32829,32767,32.0
573513.900097124,PLAYBACK,left,4,0.018988784618905186,0,32704,32767,32.0
573513.900103326,PLAYBACK,left,5,-0.9166404211490047,0,32733,32767,35.0
573513.900109719,PLAYBACK,left,6,0.033182421606774426,0,32788,32767,35.0
573513.900120279,PLAYBACK,right,4,1.739104142824445,2,32829,30631,31.0
573513.900126782,PLAYBACK,right,5,0.2611526212710281,2,32980,33099,35.0
573513.900133044,PLAYBACK,right,6,-0.23764751659418515,2,32955,33124,35.0
573513.900139155,PLAYBACK,right,7,0.6281643396658279,2,32858,31244,34.0
573513.900145648,PLAYBACK,right,8,0.12256397344930114,2,32743,32814,32.0
573513.9001518,PLAYBACK,right,1,-0.6304660105287265,2,32280,33074,31.0
573513.900157972,PLAYBACK,right,2,0.19583382925154424,2,32573,31765,32.0
573513.901254463,PLAYBACK,left,7,0.008631265735866478,0,32754,32767,33.0
573513.901269632,PLAYBACK,left,8,-0.10108171206225691,0,32779,32767,32.0
573513.901281715,PLAYBACK,right,3,0.22997528038452764,2,32676,31868,32.0
573513.901289591,PLAYBACK,right,4,1.739104142824445,2,32855,30768,31.0
573513.902419316,PLAYBACK,right,5,0.2603853976500631,2,32967,32926,35.0
573513.902442671,PLAYBACK,right,6,-0.23879835202563449,2,32973,33040,35.0
573513.903526629,PLAYBACK,right,7,0.6273971160448628,2,32885,31411,34.0
573513.909435818,PLAYBACK,right,1,-0.6296987869077597,2,32329,33042,31.0
573513.909491284,PLAYBACK,right,2,0.19583382925154424,2,32762,31892,32.0
573513.909508818,PLAYBACK,right,3,0.23035889219501016,2,32580,31919,32.0
573513.90952002,PLAYBACK,right,4,1.7387205310139606,2,32981,30760,31.0
573513.909529829,PLAYBACK,right,5,0.25923456221861374,2,33010,33053,35.0
573513.909540309,PLAYBACK,right,6,-0.23994918745708382,2,33056,32924,35.0
573513.909549497,PLAYBACK,right,7,0.6270135042343785,2,32869,31402,34.0
573513.909555819,PLAYBACK,right,8,0.12256397344930114,2,32757,32980,32.0
573513.90956151,PLAYBACK,right,1,-0.6285479514763104,2,32180,33046,31.0
573513.909568313,PLAYBACK,right,2,0.19621744106202677,2,32723,31814,32.0
573513.909573994,PLAYBACK,right,3,0.23074250400549445,2,32577,31729,32.0
573513.912110609,PLAYBACK,right,4,1.7387205310139606,2,32741,30736,31.0
573513.912163681,PLAYBACK,right,5,0.2584673385976487,2,33001,32848,35.0
573513.91217891,PLAYBACK,right,6,-0.24071641107804886,2,32952,33254,35.0
573513.912189571,PLAYBACK,right,7,0.626629892423896,2,32826,31511,34.0
573513.913534009,PLAYBACK,right,1,-0.6273971160448628,2,32245,33043,31.0
573513.913566853,PLAYBACK,right,2,0.19621744106202677,2,32668,31905,32.0
573513.918361085,PLAYBACK,right,3,0.23112611581597697,2,32577,31817,32.0
573513.918421371,PLAYBACK,right,4,1.7387205310139606,2,32829,30529,31.0
573513.918435058,PLAYBACK,right,5,0.25731650316619936,2,32998,33006,35.0
573513.918447472,PLAYBACK,right,6,-0.2418672465094982,2,32937,33231,35.0
573513.918458483,PLAYBACK,right,7,0.6262462806134135,2,32797,31560,34.0
573513.918468733,PLAYBACK,right,8,0.12218036163881862,2,32843,32750,32.0
573513.918485445,PLAYBACK,right,1,-0.626629892423896,2,32239,33096,31.0
573513.918493761,PLAYBACK,right,2,0.19621744106202677,2,32786,31842,32.0
573513.918788659,PLAYBACK,right,3,0.2315097276264595,2,32626,31935,32.0
573513.922617822,PLAYBACK,right,4,1.7387205310139606,2,32795,30614,31.0
573513.922677898,PLAYBACK,right,5,0.25616566773475,2,33007,33016,35.0
573513.922688438,PLAYBACK,right,6,-0.24263447013046324,2,33029,33032,35.0
573513.922696083,PLAYBACK,right,7,0.625862668802931,2,32938,31587,34.0
573513.922703808,PLAYBACK,right,1,-0.625862668802931,2,32344,33043,31.0
573513.922711523,PLAYBACK,right,2,0.19660105287251106,2,32775,31865,32.0
573513.923426089,PLAYBACK,right,3,0.23189333943694201,2,32552,31872,32.0
573513.923439234,PLAYBACK,right,4,1.7387205310139606,2,32847,30808,31.0
573513.927063884,PLAYBACK,right,5,0.25501483230330246,2,33038,32821,35.0
573513.927107438,PLAYBACK,right,6,-0.24340169375143006,2,32922,33314,35.0
573513.927132677,PLAYBACK,right,7,0.6254790569924467,2,32848,31617,34.0
573513.927153396,PLAYBACK,right,8,0.12218036163881862,2,32751,32723,32.0
573513.927175569,PLAYBACK,right,1,-0.6250954451819641,2,32496,33049,31.0
573513.927195047,PLAYBACK,right,2,0.19660105287251106,2,32581,31837,32.0
573513.93147565,PLAYBACK,right,3,0.2322769512474263,2,32542,31875,32.0
573513.931497321,PLAYBACK,right,4,1.739104142824445,2,32606,30627,31.0
573513.931505437,PLAYBACK,right,5,0.25424760868233565,2,33011,33050,35.0
573513.931512972,PLAYBACK,right,6,-0.2441689173723951,2,32892,33193,35.0
573513.931519364,PLAYBACK,right,7,0.6250954451819641,2,32910,31583,34.0
573513.931529123,PLAYBACK,right,1,-0.6243282215609991,2,32323,33024,31.0
573513.931535345,PLAYBACK,right,2,0.19698466468299536,2,32675,31917,32.0
573513.935384016,PLAYBACK,right,3,0.23266056305790883,2,32698,31859,32.0
573513.935397151,PLAYBACK,right,4,1.739104142824445,2,32783,30710,31.0
573513.935404806,PLAYBACK,right,5,0.2534803850613706,2,32943,32953,35.0
573513.93541208,PLAYBACK,right,6,-0.24531975280384444,2,33001,33067,35.0
573513.935418422,PLAYBACK,right,7,0.6243282215609991,2,32839,31552,34.0
573513.935424404,PLAYBACK,right,1,-0.6239446097505148,2,32536,33073,31.0
573513.935430546,PLAYBACK,right,2,0.19698466468299536,2,32673,31821,32.0
573513.936553949,PLAYBACK,right,3,0.23266056305790883,2,32749,31804,32.0
573513.937684526,PLAYBACK,right,4,1.739104142824445,2,32684,30537,31.0
573513.937704825,PLAYBACK,right,5,0.25232954962992127,2,32990,32846,35.0
573513.940799515,PLAYBACK,right,6,-0.24608697642480948,2,32956,33324,35.0
573513.940863368,PLAYBACK,right,7,0.6243282215609991,2,32929,31643,34.0
573513.940879258,PLAYBACK,right,1,-0.6231773861295498,2,32497,33029,31.0
573513.940892123,PLAYBACK,right,2,0.19698466468299536,2,32693,31838,32.0
573513.940905168,PLAYBACK,right,3,0.23266056305790883,2,32805,31755,32.0
573513.940923283,PLAYBACK,right,4,1.739104142824445,2,32702,30800,31.0
573513.944793396,PLAYBACK,right,5,0.25156232600895445,2,33012,32909,35.0
573513.944810559,PLAYBACK,right,6,-0.24723781185625882,2,33017,33255,35.0
573513.944818214,PLAYBACK,right,7,0.6239446097505148,2,32737,31864,34.0
573513.944824235,PLAYBACK,right,8,0.12256397344930114,2,32773,32796,32.0
573513.944830798,PLAYBACK,right,1,-0.6227937743190672,2,32469,33048,31.0
573513.944836869,PLAYBACK,right,2,0.19736827649347788,2,32678,31896,32.0
573513.94602097,PLAYBACK,right,3,0.23304417486839135,2,32565,31857,32.0
573513.946080584,PLAYBACK,right,4,1.739104142824445,2,32640,30691,31.0
573513.947197665,PLAYBACK,right,5,0.2504114905775069,2,32893,32950,35.0
573513.94721537,PLAYBACK,right,6,-0.24800503547722563,2,32909,33261,35.0
573513.948450418,PLAYBACK,left,1,0.0021098649576565265,0,32699,32767,31.0
573513.948513239,PLAYBACK,right,7,0.6235609979400323,2,32851,31713,34.0
573513.948524892,PLAYBACK,right,1,-0.6220265506981004,2,32522,33017,31.0
573513.953759101,PLAYBACK,left,2,0.004411535820553425,0,32791,32767,32.0
573513.953827503,PLAYBACK,left,3,-0.055048294804302955,0,32888,32767,32.0
573513.953846299,PLAYBACK,left,4,0.018988784618905186,0,32807,32767,32.0
573513.95386262,PLAYBACK,left,5,-0.9166404211490047,0,32788,32767,35.0
573513.95387827,PLAYBACK,left,6,0.033182421606774426,0,32744,32767,35.0
573513.953890784,PLAYBACK,left,7,0.008631265735866478,0,32737,32767,33.0
573513.953903639,PLAYBACK,left,8,-0.10069810025177439,0,32780,32767,32.0
573513.95393535,PLAYBACK,right,2,0.1977518883039604,2,32705,31965,32.0
573513.95395068,PLAYBACK,right,3,0.23304417486839135,2,32697,31698,32.0
573513.953964526,PLAYBACK,right,4,1.739104142824445,2,32617,30722,31.0
573513.953978263,PLAYBACK,right,5,0.24926065514605752,2,32883,32953,35.0
573513.953991999,PLAYBACK,right,6,-0.24877225909819067,2,32982,33518,35.0
573513.954025173,PLAYBACK,right,7,0.6231773861295498,2,32875,31741,34.0
573513.954053438,PLAYBACK,right,8,0.12256397344930114,2,32836,32875,32.0
573513.954066122,PLAYBACK,right,1,-0.6216429388876179,2,32506,32990,31.0
573513.954079438,PLAYBACK,right,2,0.1977518883039604,2,32508,31881,32.0
573513.954091922,PLAYBACK,right,3,0.23342778667887387,2,32890,31648,32.0
573513.955302393,PLAYBACK,right,4,1.739104142824445,2,32807,30750,31.0
573513.955347189,PLAYBACK,right,5,0.2481098197146082,2,32956,32801,35.0
573513.956461024,PLAYBACK,right,6,-0.2495394827191575,2,32984,33445,35.0
573513.956472135,PLAYBACK,right,7,0.6227937743190672,2,32834,31928,34.0
573513.957584958,PLAYBACK,right,1,-0.6212593270771354,2,32617,33003,31.0
573513.958468459,PLAYBACK,right,2,0.19813550011444292,2,32676,31883,32.0
573513.958486604,PLAYBACK,right,3,0.23342778667887387,2,32469,31435,32.0
573513.964698096,PLAYBACK,right,4,1.739104142824445,2,32547,30658,31.0
573513.964721331,PLAYBACK,right,5,0.24734259609364315,2,33021,33052,35.0
573513.96473632,PLAYBACK,right,6,-0.25069031815060505,2,32984,33446,35.0
573513.96475185,PLAYBACK,right,7,0.6224101625085829,2,32821,31939,34.0
573513.964766027,PLAYBACK,right,8,0.12256397344930114,2,32766,32861,32.0
573513.9647835,PLAYBACK,right,1,-0.6208757152666529,2,32605,32977,31.0
573513.964791746,PLAYBACK,right,2,0.19851911192492544,2,32803,31897,32.0
573513.96479885,PLAYBACK,right,3,0.23381139848935817,2,32474,31562,32.0
573513.964808248,PLAYBACK,right,4,1.739104142824445,2,32662,30686,31.0
573513.964816855,PLAYBACK,right,5,0.24657537247267633,2,32957,33172,35.0
573513.964825441,PLAYBACK,right,6,-0.25145754177157187,2,32951,33688,35.0
573513.967417212,PLAYBACK,right,7,0.6220265506981004,2,32820,31873,34.0
573513.967429706,PLAYBACK,right,1,-0.6208757152666529,2,32703,32989,31.0
573513.967436279,PLAYBACK,right,2,0.19851911192492544,2,32685,31970,32.0
573513.967442281,PLAYBACK,right,3,0.23381139848935817,2,32688,31589,32.0
573513.968453508,PLAYBACK,right,4,1.739104142824445,2,32690,30711,31.0
573513.968477344,PLAYBACK,right,5,0.2458081488517113,2,32971,32973,35.0
573513.971707484,PLAYBACK,right,6,-0.2522247653925369,2,32970,33554,35.0
573513.97172602,PLAYBACK,right,7,0.6212593270771354,2,32965,31748,34.0
573513.971735087,PLAYBACK,right,1,-0.620108491645686,2,32483,32923,31.0
573513.971742391,PLAYBACK,right,2,0.19890272373540974,2,32765,31908,32.0
573513.971749405,PLAYBACK,right,3,0.2341950102998407,2,32758,31680,32.0
573513.976396804,PLAYBACK,right,4,1.739104142824445,2,32717,30875,31.0
573513.976454084,PLAYBACK,right,5,0.24504092523074447,2,32974,33156,35.0
573513.976465286,PLAYBACK,right,6,-0.25337560082398625,2,33043,33619,35.0
573513.976474404,PLAYBACK,right,7,0.6212593270771354,2,32893,31997,34.0
573513.976482239,PLAYBACK,right,8,0.12218036163881862,2,32890,32731,32.0
573513.976489583,PLAYBACK,right,1,-0.620108491645686,2,32737,32925,31.0
573513.976496596,PLAYBACK,right,2,0.19890272373540974,2,32605,31912,32.0
573513.976502898,PLAYBACK,right,3,0.2341950102998407,2,32747,31606,32.0
573513.980268079,PLAYBACK,right,4,1.739104142824445,2,32766,30535,31.0
573513.980290101,PLAYBACK,right,5,0.2438900897992969,2,32938,33155,35.0
573513.980305631,PLAYBACK,right,8,0.12218036163881862,2,32809,33255,32.0
573513.980317063,PLAYBACK,right,6,-0.25414282444495306,2,32994,33608,35.0
573513.980327153,PLAYBACK,right,7,0.6208757152666529,2,32812,31897,34.0
573513.980337412,PLAYBACK,right,1,-0.620108491645686,2,32816,32935,31.0
573513.980345749,PLAYBACK,right,2,0.19928633554589226,2,32670,31969,32.0
573513.98151478,PLAYBACK,right,3,0.2345786221103232,2,32753,31751,32.0
573513.981554967,PLAYBACK,right,4,1.739104142824445,2,32764,30665,31.0
573513.982650697,PLAYBACK,right,5,0.2431228661783301,2,32946,33125,35.0
573513.982661508,PLAYBACK,right,6,-0.2552936598764006,2,33005,33409,35.0
573513.985250764,PLAYBACK,right,7,0.620108491645686,2,32885,31619,34.0
573513.985280682,PLAYBACK,right,1,-0.6197248798352035,2,32716,32911,31.0
573513.985289378,PLAYBACK,right,2,0.19928633554589226,2,32741,31968,32.0
573513.98529517,PLAYBACK,right,3,0.2345786221103232,2,32662,31618,32.0
573513.989149291,PLAYBACK,right,4,1.739104142824445,2,32711,30758,31.0
573513.989165703,PLAYBACK,right,5,0.24235564255736505,2,32902,33391,35.0
573513.989173448,PLAYBACK,right,6,-0.25606088349736744,2,32950,33576,35.0
573513.98917978,PLAYBACK,right,7,0.620108491645686,2,32843,31915,34.0
573513.989186523,PLAYBACK,right,8,0.12218036163881862,2,32710,32873,32.0
573513.989192064,PLAYBACK,right,1,-0.6197248798352035,2,32787,32895,31.0
573513.989198216,PLAYBACK,right,2,0.19966994735637478,2,32561,31853,32.0
573513.990328783,PLAYBACK,right,3,0.23496223392080573,2,32650,31676,32.0
573513.99036381,PLAYBACK,right,4,1.739104142824445,2,33013,30649,31.0
573513.99148036,PLAYBACK,right,5,0.24197203074688076,2,32842,33446,35.0
573513.991493846,PLAYBACK,right,6,-0.257211718928815,2,32943,33386,35.0
573513.992587212,PLAYBACK,right,7,0.619341268024721,2,32872,31673,34.0
573513.99344814,PLAYBACK,right,1,-0.6197248798352035,2,32814,32921,31.0
573513.993465193,PLAYBACK,right,2,0.2000535591668573,2,32704,31889,32.0
573513.998044401,PLAYBACK,right,3,0.2345786221103232,2,32741,31522,32.0
573513.998070982,PLAYBACK,right,4,1.739104142824445,2,32734,30548,31.0
573513.998086823,PLAYBACK,right,5,0.24120480712591572,2,32896,33433,35.0
573513.998101811,PLAYBACK,right,6,-0.2579789425497818,2,33041,33219,35.0
573513.998114235,PLAYBACK,right,7,0.6189576562142367,2,32836,31872,34.0
573513.998125567,PLAYBACK,right,8,0.12256397344930114,2,32776,33092,32.0
573513.998144173,PLAYBACK,right,1,-0.619341268024721,2,32744,32892,31.0
573513.998159052,PLAYBACK,right,2,0.2000535591668573,2,32661,31821,32.0
573514.002322339,PLAYBACK,left,1,0.0021098649576565265,0,32679,32767,31.0
573514.002336737,PLAYBACK,left,2,0.004411535820553425,0,32775,32767,32.0
573514.00234365,PLAYBACK,left,3,-0.055048294804302955,0,32630,32767,32.0
573514.002349491,PLAYBACK,left,4,0.018988784618905186,0,32745,32767,32.0
573514.002354591,PLAYBACK,left,5,-0.9166404211490047,0,32747,32767,35.0
573514.002359661,PLAYBACK,left,6,0.033182421606774426,0,32791,32767,35.0
573514.002371353,PLAYBACK,right,3,0.23496223392080573,2,32659,31583,32.0
573514.002377916,PLAYBACK,right,4,1.7387205310139606,2,32836,30608,31.0
573514.002382835,PLAYBACK,right,5,0.24043758350495067,2,32994,33420,35.0
573514.002389699,PLAYBACK,right,6,-0.25912977798123116,2,32981,33438,35.0
573514.002397273,PLAYBACK,right,7,0.6185740444037542,2,32877,31961,33.0
573514.002404377,PLAYBACK,right,1,-0.619341268024721,2,32698,32878,31.0
573514.002410859,PLAYBACK,right,2,0.2000535591668573,2,32782,31926,32.0
573514.003818139,PLAYBACK,left,7,0.009014877546348998,0,32773,32767,33.0
573514.003864378,PLAYBACK,left,8,-0.10069810025177439,0,32745,32767,32.0
573514.003907742,PLAYBACK,right,3,0.23496223392080573,2,32701,31494,32.0
573514.003919584,PLAYBACK,right,4,1.739104142824445,2,32692,30538,31.0
573514.011352749,PLAYBACK,right,5,0.23967035988398386,2,32987,33664,35.0
573514.011396994,PLAYBACK,right,6,-0.2598970016021962,2,32930,33436,35.0
573514.011409758,PLAYBACK,right,7,0.6181904325932717,2,32875,31877,34.0
573514.011420078,PLAYBACK,right,8,0.12218036163881862,2,32760,32944,32.0
573514.011429156,PLAYBACK,right,1,-0.619341268024721,2,32706,32836,31.0
573514.011438193,PLAYBACK,right,2,0.2000535591668573,2,32805,31891,32.0
573514.011446329,PLAYBACK,right,3,0.23534584573129003,2,32565,31744,32.0
573514.011454004,PLAYBACK,right,4,1.7387205310139606,2,32747,30561,31.0
573514.011461548,PLAYBACK,right,5,0.23928674807350134,2,32794,33605,35.0
573514.011469243,PLAYBACK,right,6,-0.26104783703364554,2,33014,33245,35.0
573514.011477068,PLAYBACK,right,7,0.6178068207827891,2,32746,31716,34.0
573514.011484923,PLAYBACK,right,1,-0.619341268024721,2,32833,32854,31.0
573514.011491907,PLAYBACK,right,2,0.2004371709773416,2,32612,31810,32.0
573514.012649616,PLAYBACK,right,3,0.23572945754177255,2,32580,31616,32.0
573514.012678191,PLAYBACK,right,4,1.7387205310139606,2,32908,30668,31.0
573514.013437002,PLAYBACK,right,5,0.238135912642052,2,32989,33104,35.0
573514.013466469,PLAYBACK,right,6,-0.2618150606546106,2,32925,33261,35.0
573514.015723335,PLAYBACK,right,7,0.6174232089723048,2,32979,31477,34.0
573514.015743464,PLAYBACK,right,1,-0.619341268024721,2,32796,32836,31.0
573514.015753593,PLAYBACK,right,2,0.2004371709773416,2,32786,31845,32.0
573514.021204981,PLAYBACK,right,3,0.23572945754177255,2,32797,31854,32.0
573514.021240439,PLAYBACK,right,4,1.7387205310139606,2,32859,30643,31.0
573514.021252553,PLAYBACK,right,5,0.23775230083156948,2,32955,33594,35.0
573514.021263333,PLAYBACK,right,6,-0.2625822842755774,2,33055,33277,35.0
573514.021272561,PLAYBACK,right,7,0.6170395971618223,2,32865,31720,34.0
573514.021281068,PLAYBACK,right,8,0.12256397344930114,2,32783,32839,32.0
573514.021288001,PLAYBACK,right,1,-0.619341268024721,2,32779,32838,31.0
573514.021294553,PLAYBACK,right,2,0.20082078278782411,2,32715,31770,32.0
573514.021300525,PLAYBACK,right,3,0.23611306935225507,2,32653,31788,32.0
573514.021306156,PLAYBACK,right,4,1.7387205310139606,2,32761,30779,31.0
573514.02452278,PLAYBACK,right,5,0.23698507721060266,2,32873,33271,35.0
573514.024550453,PLAYBACK,right,6,-0.26373311970702673,2,32927,33328,35.0
573514.02455922,PLAYBACK,right,7,0.6166559853513398,2,32796,31702,34.0
573514.024565693,PLAYBACK,right,1,-0.619341268024721,2,32861,32824,31.0
573514.024576143,PLAYBACK,right,2,0.20082078278782411,2,32636,31841,32.0
573514.025740856,PLAYBACK,right,3,0.23611306935225507,2,32854,31803,32.0
573514.025761736,PLAYBACK,right,4,1.7387205310139606,2,32588,30709,31.0
573514.029385775,PLAYBACK,right,5,0.23621785358963762,2,33012,33182,35.0
573514.029407757,PLAYBACK,right,6,-0.26450034332799177,2,32945,33072,35.0
573514.029416985,PLAYBACK,right,7,0.6162723735408573,2,32925,31574,34.0
573514.029423517,PLAYBACK,right,1,-0.619341268024721,2,32692,32792,31.0
573514.02943022,PLAYBACK,right,2,0.20082078278782411,2,32733,31799,32.0
573514.029436001,PLAYBACK,right,3,0.2364966811627376,2,32739,31583,32.0
573514.033338877,PLAYBACK,right,4,1.738336919203478,2,32786,30539,31.0
573514.033353816,PLAYBACK,right,5,0.2358342417791551,2,32861,33552,35.0
573514.033361741,PLAYBACK,right,6,-0.2652675669489568,2,32888,33111,35.0
573514.033368765,PLAYBACK,right,7,0.6155051499198905,2,32905,31702,33.0
573514.033376179,PLAYBACK,right,8,0.12256397344930114,2,32805,32731,32.0
573514.033384164,PLAYBACK,right,1,-0.619341268024721,2,32672,32803,31.0
573514.03339217,PLAYBACK,right,2,0.20082078278782411,2,32747,31858,32.0
573514.034488361,PLAYBACK,right,3,0.2368802929732201,2,32639,31702,32.0
573514.034498821,PLAYBACK,right,4,1.738336919203478,2,32762,30561,31.0
573514.035577628,PLAYBACK,right,5,0.23468340634770576,2,32886,33497,35.0
573514.03665876,PLAYBACK,right,6,-0.26641840238040615,2,32936,33134,35.0
573514.036666044,PLAYBACK,right,7,0.615121538109408,2,32820,31529,34.0
573514.038395274,PLAYBACK,right,1,-0.619341268024721,2,32709,32770,31.0
573514.03840863,PLAYBACK,right,2,0.20082078278782411,2,32773,31833,32.0
573514.038415203,PLAYBACK,right,3,0.2368802929732201,2,32763,31560,32.0
573514.042286267,PLAYBACK,right,4,1.738336919203478,2,32858,30801,31.0
573514.042303521,PLAYBACK,right,5,0.23429979453722324,2,32886,33489,35.0
573514.042311506,PLAYBACK,right,6,-0.26718562600137297,2,32959,33388,35.0
573514.04231901,PLAYBACK,right,7,0.615121538109408,2,32777,31530,34.0
573514.042325463,PLAYBACK,right,8,0.12256397344930114,2,32730,32758,32.0
573514.042331094,PLAYBACK,right,1,-0.619341268024721,2,32824,32783,31.0
573514.042337105,PLAYBACK,right,2,0.20120439459830664,2,32655,31866,32.0
573514.043529642,PLAYBACK,right,3,0.2372639047837044,2,32686,31666,32.0
573514.043596931,PLAYBACK,right,4,1.738336919203478,2,32524,30838,31.0
573514.046228569,PLAYBACK,right,5,0.23353257091625643,2,32820,33250,35.0
573514.046246624,PLAYBACK,right,6,-0.267952849622338,2,32918,33494,35.0
573514.046253818,PLAYBACK,right,7,0.6143543144884411,2,32846,31257,34.0
573514.046259619,PLAYBACK,right,1,-0.619341268024721,2,32793,32780,31.0
573514.047458798,PLAYBACK,right,2,0.20120439459830664,2,32763,31679,32.0
573514.047497793,PLAYBACK,right,3,0.2372639047837044,2,32904,31558,32.0
573514.047508333,PLAYBACK,right,4,1.738336919203478,2,32645,30569,31.0
573514.051352135,PLAYBACK,right,5,0.23276534729529139,2,32889,33148,35.0
573514.051382995,PLAYBACK,right,6,-0.26910368505378734,2,33026,33259,35.0
573514.051392082,PLAYBACK,right,7,0.6139707026779586,2,32931,31363,34.0
573514.051400609,PLAYBACK,right,8,0.12218036163881862,2,32828,33243,32.0
573514.051407291,PLAYBACK,right,1,-0.619341268024721,2,32614,32766,31.0
573514.051412912,PLAYBACK,right,2,0.20120439459830664,2,32730,31840,32.0
573514.05545682,PLAYBACK,left,1,0.0017262531471740061,0,32807,32767,31.0
573514.055495674,PLAYBACK,left,2,0.004411535820553425,0,32732,32767,32.0
573514.055505654,PLAYBACK,left,3,-0.055048294804302955,0,32722,32767,32.0
573514.055513559,PLAYBACK,left,4,0.018988784618905186,0,32688,32767,32.0
573514.055522756,PLAYBACK,left,5,-0.9166404211490047,0,32684,32767,35.0
573514.055532175,PLAYBACK,left,6,0.033182421606774426,0,32721,32767,35.0
573514.055557012,PLAYBACK,right,3,0.23764751659418692,2,32685,31444,32.0
573514.055568865,PLAYBACK,right,4,1.738336919203478,2,32827,30821,31.0
573514.055580718,PLAYBACK,right,5,0.2323817354848071,2,32940,33361,35.0
573514.05559737,PLAYBACK,right,6,-0.2698709086747524,2,32990,33395,35.0
573514.055606939,PLAYBACK,right,7,0.6135870908674761,2,32883,31491,34.0
573514.055615896,PLAYBACK,right,1,-0.619341268024721,2,32784,32774,31.0
573514.055625053,PLAYBACK,right,2,0.20120439459830664,2,32725,31742,32.0
573514.056753457,PLAYBACK,left,7,0.008631265735866478,0,32751,32767,33.0
573514.056773565,PLAYBACK,left,8,-0.10108171206225691,0,32738,32767,32.0
573514.056789737,PLAYBACK,right,3,0.23764751659418692,2,32782,31577,32.0
573514.056797241,PLAYBACK,right,4,1.738336919203478,2,32654,30777,31.0
573514.057920915,PLAYBACK,right,5,0.23161451186384205,2,32897,33288,35.0
573514.05794444,PLAYBACK,right,6,-0.2710217441062017,2,32956,33418,35.0
573514.060867098,PLAYBACK,right,7,0.6132034790569936,2,32864,31292,34.0
573514.06092535,PLAYBACK,right,1,-0.619341268024721,2,32616,32759,31.0
573514.060936251,PLAYBACK,right,2,0.20197161821927345,2,32418,31843,32.0
573514.060946141,PLAYBACK,right,3,0.23764751659418692,2,32755,31554,32.0
573514.060954557,PLAYBACK,right,4,1.7379533073929956,2,32878,30558,31.0
573514.064314827,PLAYBACK,right,5,0.230847288242877,2,32919,33203,35.0
573514.064337832,PLAYBACK,right,6,-0.27140535591668424,2,32917,33249,35.0
573514.06435274,PLAYBACK,right,7,0.6124362554360268,2,32910,31297,34.0
573514.064364473,PLAYBACK,right,8,0.12256397344930114,2,32742,32853,32.0
573514.064375103,PLAYBACK,right,1,-0.619341268024721,2,32765,32752,31.0
573514.064386525,PLAYBACK,right,2,0.20197161821927345,2,32545,31776,32.0
573514.065544756,PLAYBACK,right,3,0.23803112840466945,2,32690,31618,32.0
573514.066678669,PLAYBACK,right,4,1.7379533073929956,2,32819,30548,31.0
573514.066694169,PLAYBACK,right,5,0.2300800646219102,2,32936,33261,35.0
573514.067786192,PLAYBACK,right,6,-0.2725561913481336,2,32966,33120,35.0
573514.067796773,PLAYBACK,right,7,0.6120526436255442,2,32927,31353,34.0
573514.068399513,PLAYBACK,right,1,-0.6189576562142367,2,32753,32754,31.0
573514.074402393,PLAYBACK,right,2,0.20197161821927345,2,32594,31878,32.0
573514.074438693,PLAYBACK,right,3,0.23803112840466945,2,32865,31560,32.0
573514.074451888,PLAYBACK,right,4,1.7379533073929956,2,32704,30629,31.0
573514.074461797,PLAYBACK,right,5,0.22969645281142767,2,32841,33415,35.0
573514.074473319,PLAYBACK,right,6,-0.2737070267795829,2,33004,33297,35.0
573514.074487948,PLAYBACK,right,7,0.6120526436255442,2,32760,31318,34.0
573514.074502285,PLAYBACK,right,8,0.12256397344930114,2,32816,32962,32.0
573514.074522174,PLAYBACK,right,1,-0.6189576562142367,2,32727,32732,31.0
573514.074548735,PLAYBACK,right,2,0.20197161821927345,2,32700,31813,32.0
573514.074565747,PLAYBACK,right,3,0.23803112840466945,2,32717,31637,32.0
573514.07774492,PLAYBACK,right,4,1.7379533073929956,2,32953,30789,31.0
573514.077781139,PLAYBACK,right,5,0.22892922919046085,2,32901,33182,35.0
573514.077790317,PLAYBACK,right,6,-0.27447425040054796,2,32878,33171,35.0
573514.077808402,PLAYBACK,right,7,0.6112854200045792,2,32787,31020,34.0
573514.077815826,PLAYBACK,right,1,-0.6189576562142367,2,32624,32742,31.0
573514.077821928,PLAYBACK,right,2,0.20197161821927345,2,32650,31814,32.0
573514.078517427,PLAYBACK,right,3,0.23803112840466945,2,32669,31615,32.0
573514.083294086,PLAYBACK,right,4,1.7379533073929956,2,32600,30535,31.0
573514.083321138,PLAYBACK,right,5,0.2281620055694958,2,32932,33336,35.0
573514.083334544,PLAYBACK,right,6,-0.2752414740215148,2,32985,32812,35.0
573514.083346086,PLAYBACK,right,7,0.6112854200045792,2,32907,31235,34.0
573514.083355885,PLAYBACK,right,8,0.12218036163881862,2,32845,32753,32.0
573514.083366054,PLAYBACK,right,1,-0.619341268024721,2,32716,32737,31.0
573514.083376174,PLAYBACK,right,2,0.20197161821927345,2,32822,31815,32.0
573514.083390612,PLAYBACK,right,8,0.12218036163881862,2,32740,32788,32.0
573514.087381798,PLAYBACK,right,3,0.23841474021515197,2,32693,31615,32.0
573514.087397778,PLAYBACK,right,4,1.7379533073929956,2,32832,30646,31.0
573514.087405904,PLAYBACK,right,5,0.2277783937590133,2,32895,33488,35.0
573514.087413589,PLAYBACK,right,6,-0.27639230945296234,2,32969,33181,35.0
573514.087420672,PLAYBACK,right,7,0.6109018081940949,2,32785,31518,34.0
573514.087428467,PLAYBACK,right,1,-0.6189576562142367,2,32590,32744,31.0
573514.087435932,PLAYBACK,right,2,0.20235523002975597,2,32635,31866,32.0
573514.088969956,PLAYBACK,right,3,0.23841474021515197,2,32685,31551,32.0
573514.08899834,PLAYBACK,right,4,1.7379533073929956,2,32694,30530,31.0
573514.089019952,PLAYBACK,right,5,0.22701117013804648,2,32900,33177,35.0
573514.096340489,PLAYBACK,right,6,-0.27715953307392915,2,32956,32838,35.0
573514.096357041,PLAYBACK,right,7,0.6105181963836124,2,32777,31325,34.0
573514.096365487,PLAYBACK,right,8,0.12256397344930114,2,32721,32927,32.0
573514.096373873,PLAYBACK,right,1,-0.6189576562142367,2,32680,32740,31.0
573514.096382049,PLAYBACK,right,2,0.20235523002975597,2,32651,31772,32.0
573514.096388311,PLAYBACK,right,3,0.23841474021515197,2,32929,31653,32.0
573514.096395194,PLAYBACK,right,4,1.7379533073929956,2,32637,30755,31.0
573514.096402559,PLAYBACK,right,5,0.22662755832756395,2,32896,33293,35.0
573514.096409432,PLAYBACK,right,6,-0.2779267566948942,2,32938,33028,35.0
573514.096415483,PLAYBACK,right,7,0.6101345845731299,2,32803,31155,34.0
573514.096421956,PLAYBACK,right,1,-0.6189576562142367,2,32726,32716,31.0
573514.096428178,PLAYBACK,right,2,0.20235523002975597,2,32797,31829,32.0
573514.097529379,PLAYBACK,right,3,0.23841474021515197,2,32684,31626,32.0
573514.097540901,PLAYBACK,right,4,1.7379533073929956,2,32736,30682,31.0
573514.098458578,PLAYBACK,right,5,0.22586033470659714,2,32847,33186,35.0
573514.100403072,PLAYBACK,right,6,-0.278693980315861,2,32964,32962,35.0
573514.100413262,PLAYBACK,right,7,0.6101345845731299,2,32812,31206,34.0
573514.100420756,PLAYBACK,right,1,-0.6189576562142367,2,32588,32722,31.0
573514.100427189,PLAYBACK,right,2,0.2027388418402385,2,32619,31807,32.0
573514.105748807,PLAYBACK,right,3,0.23879835202563626,2,32697,31588,32.0
573514.105768324,PLAYBACK,right,4,1.7379533073929956,2,32748,30659,31.0
573514.105775598,PLAYBACK,right,5,0.22547672289611462,2,32888,33226,35.0
573514.105781369,PLAYBACK,right,6,-0.27946120393682605,2,32987,33132,35.0
573514.105786579,PLAYBACK,right,7,0.6097509727626473,2,32848,31398,34.0
573514.105791419,PLAYBACK,right,8,0.12256397344930114,2,32732,32820,32.0
573514.105796308,PLAYBACK,right,1,-0.6189576562142367,2,32770,32734,31.0
573514.105801398,PLAYBACK,right,2,0.20235523002975597,2,32844,31690,32.0
573514.109228728,PLAYBACK,left,1,0.0017262531471740061,0,32791,32767,31.0
573514.109243757,PLAYBACK,left,2,0.004411535820553425,0,32568,32767,32.0
573514.109251061,PLAYBACK,left,3,-0.055048294804302955,0,32856,32767,32.0
573514.109256972,PLAYBACK,left,4,0.018988784618905186,0,32820,32767,32.0
573514.109262653,PLAYBACK,left,5,-0.9166404211490047,0,32754,32767,35.0
573514.109274115,PLAYBACK,right,3,0.23879835202563626,2,32784,31475,32.0
573514.109279976,PLAYBACK,right,4,1.7379533073929956,2,32765,30651,31.0
573514.109284976,PLAYBACK,right,5,0.22470949927514958,2,32950,33169,35.0
573514.109290467,PLAYBACK,right,6,-0.27984481574731035,2,32943,33237,35.0
573514.109295446,PLAYBACK,right,7,0.609367360952163,2,32813,31361,34.0
573514.109300446,PLAYBACK,right,1,-0.6189576562142367,2,32798,32725,31.0
573514.109305806,PLAYBACK,right,2,0.2027388418402385,2,32587,31647,32.0
573514.110400374,PLAYBACK,left,6,0.033182421606774426,0,32830,32767,35.0
573514.110415083,PLAYBACK,left,7,0.008631265735866478,0,32745,32767,33.0
573514.11042956,PLAYBACK,right,3,0.23879835202563626,2,32792,31646,32.0
573514.110437516,PLAYBACK,right,4,1.7379533073929956,2,32673,30726,31.0
573514.114590794,PLAYBACK,left,8,-0.10069810025177439,0,32707,32767,32.0
573514.114627514,PLAYBACK,right,5,0.22432588746466528,2,32873,33335,35.0
573514.114637714,PLAYBACK,right,6,-0.2809956511787579,2,32921,32876,35.0
573514.114645158,PLAYBACK,right,7,0.6089837491416805,2,32864,31222,34.0
573514.114651841,PLAYBACK,right,1,-0.6189576562142367,2,32979,32704,31.0
573514.114658484,PLAYBACK,right,2,0.2027388418402385,2,32758,31776,32.0
573514.114665207,PLAYBACK,right,3,0.23879835202563626,2,32829,31512,32.0
573514.114672751,PLAYBACK,right,4,1.7379533073929956,2,32740,30612,31.0
573514.118592259,PLAYBACK,right,5,0.22394227565418276,2,32899,33148,35.0
573514.118607408,PLAYBACK,right,6,-0.2813792629892422,2,32913,33215,35.0
573514.118676191,PLAYBACK,right,7,0.608600137331198,2,32944,31203,34.0
573514.118708373,PLAYBACK,right,8,0.12256397344930114,2,32762,32783,32.0
573514.118720466,PLAYBACK,right,1,-0.6189576562142367,2,32846,32708,31.0
573514.118726598,PLAYBACK,right,2,0.2027388418402385,2,32687,31710,32.0
573514.119841485,PLAYBACK,right,3,0.23879835202563626,2,32631,31600,32.0
573514.119860752,PLAYBACK,right,4,1.737569695582513,2,32705,30560,31.0
573514.121062957,PLAYBACK,right,5,0.22317505203321772,2,32979,33370,35.0
573514.121099798,PLAYBACK,right,6,-0.28253009842068977,2,32896,33189,35.0
573514.123462838,PLAYBACK,right,7,0.6082165255207155,2,32888,30940,33.0
573514.123485031,PLAYBACK,right,1,-0.6189576562142367,2,32709,32714,31.0
573514.12349509,PLAYBACK,right,2,0.203122453650721,2,32694,31791,32.0
573514.123501974,PLAYBACK,right,3,0.23918196383611878,2,32629,31477,32.0
573514.127637969,PLAYBACK,right,4,1.737569695582513,2,32919,30669,31.0
573514.127655833,PLAYBACK,right,5,0.22279144022273342,2,32871,33162,35.0
573514.1276646,PLAYBACK,right,6,-0.28291371023117406,2,32931,33216,35.0
573514.127684398,PLAYBACK,right,7,0.6078329137102312,2,32903,31251,34.0
573514.127719466,PLAYBACK,right,8,0.12218036163881862,2,32763,32831,32.0
573514.127729735,PLAYBACK,right,1,-0.6189576562142367,2,32822,32725,31.0
573514.127739594,PLAYBACK,right,2,0.203122453650721,2,32721,31756,32.0
573514.129064656,PLAYBACK,right,3,0.23918196383611878,2,32736,31557,32.0
573514.129079154,PLAYBACK,right,4,1.737569695582513,2,32713,30668,31.0
573514.129086127,PLAYBACK,right,5,0.22202421660176838,2,32872,32979,35.0
573514.131601681,PLAYBACK,right,6,-0.2836809338521391,2,33022,33088,35.0
573514.131613995,PLAYBACK,right,7,0.6074493018997487,2,32894,31113,34.0
573514.131622471,PLAYBACK,right,1,-0.6189576562142367,2,32712,32701,31.0
573514.131629305,PLAYBACK,right,2,0.203122453650721,2,32705,31840,32.0
573514.136382358,PLAYBACK,right,3,0.23918196383611878,2,32678,31503,32.0
573514.136399511,PLAYBACK,right,4,1.737569695582513,2,32787,30792,31.0
573514.136406664,PLAYBACK,right,5,0.22164060479128586,2,32943,33418,35.0
573514.136413598,PLAYBACK,right,6,-0.28444815747310415,2,32885,33163,35.0
573514.13642014,PLAYBACK,right,7,0.6070656900892661,2,32755,30812,34.0
573514.136426352,PLAYBACK,right,8,0.12218036163881862,2,32789,32875,32.0
573514.136432154,PLAYBACK,right,1,-0.6189576562142367,2,32729,32700,31.0
573514.136438105,PLAYBACK,right,2,0.203122453650721,2,32723,31688,32.0
573514.14074555,PLAYBACK,right,3,0.2395655756466013,2,32511,31678,32.0
573514.140782761,PLAYBACK,right,4,1.737569695582513,2,32886,30601,31.0
573514.14079221,PLAYBACK,right,5,0.22125699298080334,2,32869,33377,35.0
573514.140809393,PLAYBACK,right,6,-0.28521538109407096,2,32848,32946,35.0
573514.140816607,PLAYBACK,right,7,0.6066820782787836,2,32813,30793,34.0
573514.140824933,PLAYBACK,right,1,-0.6185740444037542,2,32708,32708,31.0
573514.140832467,PLAYBACK,right,2,0.203122453650721,2,32915,31774,32.0
573514.142291086,PLAYBACK,right,3,0.2395655756466013,2,32712,31618,32.0
573514.142323278,PLAYBACK,right,4,1.737569695582513,2,32712,30571,31.0
573514.1423347,PLAYBACK,right,5,0.22048976935983652,2,32900,33408,35.0
573514.145856041,PLAYBACK,right,6,-0.2855989929045535,2,32851,33310,35.0
573514.145927909,PLAYBACK,right,7,0.6062984664682993,2,32868,30951,34.0
573514.145944922,PLAYBACK,right,1,-0.6185740444037542,2,32660,32702,31.0
573514.145956454,PLAYBACK,right,2,0.203122453650721,2,32861,31708,32.0
573514.145966333,PLAYBACK,right,3,0.2395655756466013,2,32537,31490,32.0
573514.145973327,PLAYBACK,right,4,1.737569695582513,2,32526,30741,31.0
573514.14931945,PLAYBACK,right,5,0.220106157549354,2,32836,33223,35.0
573514.14933487,PLAYBACK,right,6,-0.285982604715036,2,32935,33335,35.0
573514.149341944,PLAYBACK,right,7,0.6062984664682993,2,32865,30904,34.0
573514.149348947,PLAYBACK,right,8,0.12218036163881862,2,32766,32808,32.0
573514.14935574,PLAYBACK,right,1,-0.6185740444037542,2,32742,32692,31.0
573514.149362193,PLAYBACK,right,2,0.203122453650721,2,32719,31727,32.0
573514.150468734,PLAYBACK,right,3,0.23994918745708382,2,32709,31583,32.0
573514.150485596,PLAYBACK,right,4,1.7371860837720305,2,33010,30736,31.0
573514.15162988,PLAYBACK,right,5,0.21972254573887148,2,32915,33326,35.0
573514.152787068,PLAYBACK,right,6,-0.2867498283360028,2,32911,33327,35.0
573514.152800364,PLAYBACK,right,7,0.6059148546578168,2,32737,31002,34.0
573514.154926618,PLAYBACK,right,1,-0.6185740444037542,2,32810,32733,31.0
573514.15497404,PLAYBACK,right,2,0.2035060654612053,2,32559,31708,32.0
573514.15498467,PLAYBACK,right,3,0.23994918745708382,2,32775,31703,32.0
573514.154994399,PLAYBACK,right,4,1.7371860837720305,2,32763,30843,31.0
573514.158458389,PLAYBACK,right,5,0.2193389339283872,2,32822,33445,35.0
573514.158477977,PLAYBACK,right,6,-0.28713344014648534,2,32830,33506,35.0
573514.158490932,PLAYBACK,right,7,0.6055312428473343,2,32837,31135,34.0
573514.15850014,PLAYBACK,right,8,0.12218036163881862,2,32809,32748,32.0
573514.158515489,PLAYBACK,right,1,-0.6185740444037542,2,32738,32697,31.0
573514.158569984,PLAYBACK,right,2,0.2035060654612053,2,32597,31667,32.0
573514.159858275,PLAYBACK,left,1,0.0021098649576565265,0,32818,32767,31.0
573514.15988182,PLAYBACK,right,3,0.23994918745708382,2,32583,31642,32.0
573514.159891469,PLAYBACK,right,4,1.7371860837720305,2,32885,30759,31.0
573514.16099802,PLAYBACK,left,2,0.004411535820553425,0,32710,32767,32.0
573514.161021405,PLAYBACK,left,3,-0.055048294804302955,0,32869,32767,32.0
573514.161035622,PLAYBACK,right,5,0.21857171030742215,2,32808,33182,35.0
573514.161046002,PLAYBACK,right,6,-0.28790066376745216,2,32849,33469,35.0
573514.162134338,PLAYBACK,left,4,0.018988784618905186,0,32695,32767,32.0
573514.162148275,PLAYBACK,left,5,-0.9166404211490047,0,32742,32767,35.0
573514.162162011,PLAYBACK,right,7,0.6055312428473343,2,32832,30986,34.0
573514.162169847,PLAYBACK,right,1,-0.6185740444037542,2,32743,32690,31.0
573514.163253653,PLAYBACK,left,6,0.033182421606774426,0,32734,32767,35.0
573514.16326724,PLAYBACK,left,7,0.008631265735866478,0,32757,32767,33.0
573514.163278622,PLAYBACK,right,2,0.2035060654612053,2,32799,31709,32.0
573514.163285425,PLAYBACK,right,3,0.23994918745708382,2,32805,31711,32.0
573514.167831008,PLAYBACK,left,8,-0.10069810025177439,0,32777,32767,32.0
573514.16784759,PLAYBACK,right,4,1.7371860837720305,2,32760,30797,31.0
573514.167855345,PLAYBACK,right,5,0.21818809849693963,2,32954,33214,35.0
573514.167862519,PLAYBACK,right,6,-0.2882842755779347,2,32892,33339,35.0
573514.167868921,PLAYBACK,right,7,0.6051476310368518,2,32821,30894,34.0
573514.167875494,PLAYBACK,right,8,0.12256397344930114,2,32774,32796,32.0
573514.167882146,PLAYBACK,right,1,-0.6181904325932717,2,32621,32720,31.0
573514.167888929,PLAYBACK,right,2,0.2035060654612053,2,32699,31754,32.0
573514.168406055,PLAYBACK,right,3,0.24033279926756812,2,32853,31598,32.0
573514.172104057,PLAYBACK,right,4,1.7371860837720305,2,32645,30751,31.0
573514.172117963,PLAYBACK,right,5,0.21780448668645533,2,32842,33307,35.0
573514.172125608,PLAYBACK,right,6,-0.2886678873884172,2,32788,33326,35.0
573514.172132161,PLAYBACK,right,7,0.6047640192263675,2,32820,31045,34.0
573514.172138102,PLAYBACK,right,1,-0.6181904325932717,2,32804,32701,31.0
573514.172144044,PLAYBACK,right,2,0.2035060654612053,2,32776,31801,32.0
573514.1734297,PLAYBACK,right,3,0.24033279926756812,2,32874,31697,32.0
573514.173448836,PLAYBACK,right,4,1.7368024719615462,2,32747,30663,31.0
573514.180862964,PLAYBACK,right,5,0.2170372630654903,2,32926,33019,35.0
573514.180880427,PLAYBACK,right,6,-0.2890514991988997,2,32882,33532,35.0
573514.180888844,PLAYBACK,right,7,0.6047640192263675,2,32880,30771,34.0
573514.180896228,PLAYBACK,right,8,0.12256397344930114,2,32796,32875,32.0
573514.180904093,PLAYBACK,right,1,-0.6181904325932717,2,32804,32687,31.0
573514.180915896,PLAYBACK,right,2,0.2035060654612053,2,32642,31749,32.0
573514.180924322,PLAYBACK,right,3,0.24033279926756812,2,32721,31521,32.0
573514.180934031,PLAYBACK,right,4,1.7368024719615462,2,32523,30640,31.0
573514.180943829,PLAYBACK,right,5,0.21665365125500777,2,32907,33328,35.0
573514.180951695,PLAYBACK,right,6,-0.28981872281986654,2,32927,33459,35.0
573514.180960722,PLAYBACK,right,7,0.604380407415885,2,32827,30781,33.0
573514.180971453,PLAYBACK,right,1,-0.6181904325932717,2,32726,32676,31.0
573514.180978486,PLAYBACK,right,2,0.20388967727168783,2,32822,31709,32.0
573514.183466657,PLAYBACK,right,3,0.24071641107805064,2,32776,31703,32.0
573514.183504811,PLAYBACK,right,4,1.7368024719615462,2,32628,30771,31.0
573514.183513467,PLAYBACK,right,5,0.21627003944452347,2,32934,33424,35.0
573514.183520531,PLAYBACK,right,6,-0.28981872281986654,2,32820,33330,35.0
573514.190298513,PLAYBACK,right,7,0.6039967956054024,2,32791,30862,34.0
573514.190322189,PLAYBACK,right,1,-0.6181904325932717,2,32746,32689,31.0
573514.190335204,PLAYBACK,right,2,0.20388967727168783,2,32723,31737,32.0
573514.190344372,PLAYBACK,right,3,0.24071641107805064,2,32833,31746,32.0
573514.19035389,PLAYBACK,right,4,1.7368024719615462,2,32774,30649,31.0
573514.190363769,PLAYBACK,right,5,0.21588642763404095,2,32895,33202,35.0
573514.190373869,PLAYBACK,right,6,-0.2905859464408316,2,32825,33368,35.0
573514.190383487,PLAYBACK,right,7,0.6036131837949199,2,32901,30707,34.0
573514.190392504,PLAYBACK,right,8,0.12218036163881862,2,32754,32715,32.0
573514.190401502,PLAYBACK,right,1,-0.6178068207827891,2,32673,32692,31.0
573514.190407994,PLAYBACK,right,2,0.20388967727168783,2,32867,31691,32.0
573514.190413805,PLAYBACK,right,3,0.24110002288853316,2,32700,31552,32.0
573514.191567457,PLAYBACK,right,4,1.7368024719615462,2,32862,30642,31.0
573514.191598577,PLAYBACK,right,5,0.21550281582355843,2,32886,33265,35.0
573514.19274253,PLAYBACK,right,6,-0.2909695582513159,2,32838,33472,35.0
573514.192767618,PLAYBACK,right,7,0.6032295719844356,2,32879,30710,34.0
573514.193418522,PLAYBACK,right,1,-0.6178068207827891,2,32691,32705,31.0
573514.194498091,PLAYBACK,right,2,0.20388967727168783,2,32725,31738,32.0
573514.19455515,PLAYBACK,right,3,0.24110002288853316,2,32705,31740,32.0
573514.199535361,PLAYBACK,right,4,1.7368024719615462,2,32587,30554,31.0
573514.199580187,PLAYBACK,right,5,0.2151192040130759,2,32758,33215,35.0
573514.199595457,PLAYBACK,right,6,-0.2913531700617984,2,32818,33412,35.0
573514.199604554,PLAYBACK,right,7,0.6032295719844356,2,32828,30589,34.0
573514.19961255,PLAYBACK,right,8,0.12256397344930114,2,32705,32772,32.0
573514.199623721,PLAYBACK,right,8,0.12218036163881862,2,32736,32931,32.0
573514.199630304,PLAYBACK,right,1,-0.6174232089723048,2,32682,32680,31.0
573514.199638359,PLAYBACK,right,2,0.20388967727168783,2,32754,31776,32.0
573514.203500857,PLAYBACK,right,3,0.24110002288853316,2,32722,31861,32.0
573514.203514283,PLAYBACK,right,4,1.7364188601510637,2,32775,30840,31.0
573514.203528811,PLAYBACK,right,5,0.2147355922025916,2,32859,33108,35.0
573514.203534292,PLAYBACK,right,6,-0.29212039368276344,2,32877,33301,35.0
573514.203539933,PLAYBACK,right,7,0.6028459601739531,2,32765,30862,34.0
573514.203545433,PLAYBACK,right,1,-0.6174232089723048,2,32644,32714,31.0
573514.203550854,PLAYBACK,right,2,0.20388967727168783,2,32865,31781,32.0
573514.204687082,PLAYBACK,right,3,0.24110002288853316,2,32776,31804,32.0
573514.20471235,PLAYBACK,right,4,1.7364188601510637,2,32916,30563,31.0
573514.208480937,PLAYBACK,right,5,0.2143519803921091,2,32687,33083,35.0
573514.208517077,PLAYBACK,right,6,-0.29250400549324773,2,32890,33557,35.0
573514.208525613,PLAYBACK,right,7,0.6028459601739531,2,32762,30920,34.0
573514.208532046,PLAYBACK,right,1,-0.6174232089723048,2,32711,32729,31.0
573514.208538107,PLAYBACK,right,2,0.20388967727168783,2,32716,31740,32.0
573514.208543869,PLAYBACK,right,3,0.24110002288853316,2,32631,31805,32.0
573514.212464559,PLAYBACK,right,4,1.7364188601510637,2,32839,30577,31.0
573514.212488004,PLAYBACK,right,5,0.21396836858162657,2,32845,33236,35.0
573514.212498825,PLAYBACK,right,6,-0.29288761730373025,2,32797,33482,35.0
573514.212507391,PLAYBACK,right,7,0.6024623483634706,2,32843,30929,33.0
573514.212515948,PLAYBACK,right,8,0.12218036163881862,2,32761,32664,32.0
573514.212523893,PLAYBACK,right,1,-0.6170395971618223,2,32598,32752,31.0
573514.212533561,PLAYBACK,right,2,0.20427328908217035,2,32586,31697,32.0
573514.213672164,PLAYBACK,left,1,0.0021098649576565265,0,32680,32767,31.0
573514.213793718,PLAYBACK,right,3,0.24148363469901568,2,32588,31801,32.0
573514.213816412,PLAYBACK,right,4,1.7364188601510637,2,32788,30583,31.0
573514.217029269,PLAYBACK,left,2,0.004411535820553425,0,32707,32767,32.0
573514.217046251,PLAYBACK,left,3,-0.055048294804302955,0,32639,32767,32.0
573514.217054888,PLAYBACK,left,4,0.018988784618905186,0,32752,32767,32.0
573514.217061351,PLAYBACK,left,5,-0.9166404211490047,0,32780,32767,35.0
573514.217068875,PLAYBACK,left,6,0.033182421606774426,0,32733,32767,35.0
573514.217076269,PLAYBACK,left,7,0.008631265735866478,0,32778,32767,33.0
573514.217091689,PLAYBACK,right,5,0.21358475677114405,2,32829,33124,35.0
573514.217100997,PLAYBACK,right,6,-0.2932712291142128,2,32816,33495,35.0
573514.217110756,PLAYBACK,right,7,0.602078736552988,2,32764,30880,34.0
573514.217126676,PLAYBACK,right,1,-0.6166559853513398,2,32662,32738,31.0
573514.217137597,PLAYBACK,right,2,0.20427328908217035,2,32575,31698,32.0
573514.222075877,PLAYBACK,left,8,-0.10108171206225691,0,32763,32767,32.0
573514.222107648,PLAYBACK,right,3,0.24148363469901568,2,32669,31631,32.0
573514.222116495,PLAYBACK,right,4,1.7364188601510637,2,32891,30667,31.0
573514.22212394,PLAYBACK,right,5,0.21320114496065976,2,32828,32925,35.0
573514.222132085,PLAYBACK,right,6,-0.2932712291142128,2,32803,33492,35.0
573514.22213963,PLAYBACK,right,7,0.602078736552988,2,32788,30829,34.0
573514.222147275,PLAYBACK,right,8,0.12256397344930114,2,32721,32970,32.0
573514.22215529,PLAYBACK,right,1,-0.6166559853513398,2,32681,32754,31.0
573514.222162324,PLAYBACK,right,2,0.20427328908217035,2,32541,31795,32.0
573514.225906885,PLAYBACK,right,3,0.24148363469901568,2,32805,31749,32.0
573514.225949146,PLAYBACK,right,4,1.7360352483405812,2,32757,30550,31.0
573514.225962351,PLAYBACK,right,5,0.21281753315017723,2,32776,33122,35.0
573514.225974134,PLAYBACK,right,6,-0.2936548409246953,2,32766,33506,35.0
573514.225984795,PLAYBACK,right,7,0.602078736552988,2,32796,30896,34.0
573514.225994864,PLAYBACK,right,1,-0.6162723735408573,2,32554,32773,31.0
573514.226016987,PLAYBACK,right,2,0.20427328908217035,2,32759,31791,32.0
573514.227214392,PLAYBACK,right,3,0.24148363469901568,2,32731,31791,32.0
573514.227243899,PLAYBACK,right,4,1.7360352483405812,2,32778,30401,31.0
573514.231032264,PLAYBACK,right,5,0.21243392133969471,2,32826,33047,35.0
573514.231062232,PLAYBACK,right,6,-0.2940384527351778,2,32884,33609,35.0
573514.23107179,PLAYBACK,right,7,0.6016951247425055,2,32865,30920,34.0
573514.231080738,PLAYBACK,right,1,-0.6162723735408573,2,32698,32796,31.0
573514.231088372,PLAYBACK,right,2,0.20427328908217035,2,32932,31837,32.0
573514.231096819,PLAYBACK,right,3,0.24186724650949998,2,32618,31626,32.0
573514.235107492,PLAYBACK,right,4,1.7360352483405812,2,32797,30861,31.0
573514.235143832,PLAYBACK,right,5,0.2120503095292122,2,32894,32794,35.0
573514.235156096,PLAYBACK,right,6,-0.29480567635614463,2,32849,33501,35.0
573514.235166976,PLAYBACK,right,7,0.6016951247425055,2,32863,30822,34.0
573514.235174261,PLAYBACK,right,8,0.12218036163881862,2,32714,32962,32.0
573514.235181755,PLAYBACK,right,1,-0.615888761730373,2,32638,32781,31.0
573514.2351894,PLAYBACK,right,2,0.20465690089265287,2,32768,31762,32.0
573514.237470312,PLAYBACK,right,3,0.24186724650949998,2,32819,31782,32.0
573514.237502815,PLAYBACK,right,4,1.7360352483405812,2,32908,30542,31.0
573514.237512183,PLAYBACK,right,5,0.2120503095292122,2,32853,32967,35.0
573514.237519457,PLAYBACK,right,6,-0.29480567635614463,2,32879,33599,35.0
573514.240011245,PLAYBACK,right,7,0.6013115129320212,2,32773,30726,34.0
573514.240027356,PLAYBACK,right,1,-0.6155051499198905,2,32521,32772,31.0
573514.24003449,PLAYBACK,right,2,0.20465690089265287,2,32746,31724,32.0
573514.240041122,PLAYBACK,right,3,0.2422508583199825,2,32572,31643,32.0
573514.244177808,PLAYBACK,right,4,1.7356516365300987,2,33074,30783,31.0
573514.24420447,PLAYBACK,right,5,0.21128308590824538,2,32760,32889,35.0
573514.24421487,PLAYBACK,right,6,-0.29518928816662715,2,32836,33558,35.0
573514.244224799,PLAYBACK,right,7,0.6013115129320212,2,32827,30822,34.0
573514.244234728,PLAYBACK,right,8,0.12218036163881862,2,32700,32878,32.0
573514.244241591,PLAYBACK,right,1,-0.615121538109408,2,32566,32825,31.0
573514.244249046,PLAYBACK,right,2,0.20504051270313717,2,32672,31772,32.0
573514.245453245,PLAYBACK,right,3,0.2422508583199825,2,32696,31723,32.0
573514.245494935,PLAYBACK,right,4,1.7356516365300987,2,32771,30917,31.0
573514.246759931,PLAYBACK,right,5,0.21128308590824538,2,32791,32901,35.0
573514.246853241,PLAYBACK,right,6,-0.29557289997710967,2,32877,33322,35.0
573514.246878018,PLAYBACK,right,7,0.6009279011215387,2,32776,30825,34.0
573514.248080855,PLAYBACK,right,1,-0.6147379262989254,2,32609,32862,31.0
573514.2481148,PLAYBACK,right,2,0.20504051270313717,2,32733,31750,32.0
573514.249034621,PLAYBACK,right,3,0.2422508583199825,2,32815,31685,32.0
573514.25313624,PLAYBACK,right,4,1.7356516365300987,2,32870,30692,31.0
573514.253154124,PLAYBACK,right,5,0.21089947409776286,2,32827,33040,35.0
573514.253162621,PLAYBACK,right,6,-0.29557289997710967,2,32809,33543,35.0
573514.253170095,PLAYBACK,right,7,0.6009279011215387,2,32853,30879,34.0
573514.253177169,PLAYBACK,right,8,0.12218036163881862,2,32721,32976,32.0
573514.253184633,PLAYBACK,right,1,-0.6143543144884411,2,32535,32876,31.0
573514.253191326,PLAYBACK,right,2,0.20504051270313717,2,32516,31687,32.0
573514.25343253,PLAYBACK,right,3,0.2422508583199825,2,32638,31712,32.0
573514.257074464,PLAYBACK,right,4,1.7356516365300987,2,32826,30679,31.0
573514.257210325,PLAYBACK,right,5,0.21013225047679782,2,32894,32868,35.0
573514.257224342,PLAYBACK,right,6,-0.2963401235980765,2,32819,33538,35.0
573514.257231957,PLAYBACK,right,7,0.6009279011215387,2,32861,30747,34.0
573514.257238359,PLAYBACK,right,1,-0.6139707026779586,2,32445,32917,31.0
573514.257245323,PLAYBACK,right,2,0.20504051270313717,2,32748,31767,32.0
573514.258618527,PLAYBACK,right,3,0.24186724650949998,2,32864,31681,32.0
573514.258676689,PLAYBACK,right,4,1.7356516365300987,2,32663,30789,31.0
573514.258684624,PLAYBACK,right,5,0.21013225047679782,2,32899,32894,35.0
573514.266075006,PLAYBACK,right,6,-0.2963401235980765,2,32791,33560,35.0
573514.266091688,PLAYBACK,right,7,0.6009279011215387,2,32664,31177,34.0
573514.266099964,PLAYBACK,right,8,0.12256397344930114,2,32702,32869,32.0
573514.266108641,PLAYBACK,right,1,-0.6135870908674761,2,32486,32932,31.0
573514.266119892,PLAYBACK,right,2,0.2054241245136197,2,32553,31732,32.0
573514.266131314,PLAYBACK,right,3,0.2422508583199825,2,32912,31745,32.0
573514.266137927,PLAYBACK,right,4,1.7352680247196144,2,32958,30766,31.0
573514.266154269,PLAYBACK,right,5,0.20974863866631352,2,32866,32990,35.0
573514.266161532,PLAYBACK,right,6,-0.296723735408559,2,32853,33549,35.0
573514.266167444,PLAYBACK,right,7,0.6005442893110562,2,32716,30909,34.0
573514.266173816,PLAYBACK,right,1,-0.6132034790569936,2,32463,32938,31.0
573514.266179657,PLAYBACK,right,2,0.2058077363241022,2,32613,31730,32.0
573514.267340724,PLAYBACK,left,1,0.0021098649576565265,0,32713,32767,31.0
573514.26736506,PLAYBACK,right,3,0.2422508583199825,2,32711,31770,32.0
573514.2673753,PLAYBACK,right,4,1.7352680247196144,2,32719,30686,31.0
573514.268338344,PLAYBACK,left,2,0.004411535820553425,0,32657,32767,32.0
573514.268349105,PLAYBACK,left,3,-0.055048294804302955,0,32842,32767,32.0
573514.268358834,PLAYBACK,right,5,0.209365026855831,2,32741,33080,35.0
573514.268365316,PLAYBACK,right,6,-0.29710734721904153,2,32870,33797,35.0
573514.270412829,ENDPOINT SOFT HOLD,left,4,0.018988784618905186,0,32745,32767,32.0
573514.270423179,ENDPOINT SOFT HOLD,left,5,-0.9166404211490047,0,32747,32767,35.0
573514.270430213,ENDPOINT SOFT HOLD,left,6,0.033182421606774426,0,32780,32767,35.0
573514.270440903,ENDPOINT SOFT HOLD,right,7,0.6001606775005737,2,32840,30659,34.0
573514.270447296,ENDPOINT SOFT HOLD,right,1,-0.6124362554360268,2,32518,32989,31.0
573514.270454209,ENDPOINT SOFT HOLD,right,2,0.2058077363241022,2,32583,31759,32.0
573514.281987369,ENDPOINT SOFT HOLD,left,7,0.008631265735866478,0,32717,32767,33.0
573514.282049208,ENDPOINT SOFT HOLD,left,8,-0.10108171206225691,0,32772,32767,32.0
573514.282081049,ENDPOINT SOFT HOLD,right,3,0.24186724650949998,2,32922,31733,32.0
573514.282103332,ENDPOINT SOFT HOLD,right,4,1.7348844129091319,2,32987,30699,31.0
573514.282115084,ENDPOINT SOFT HOLD,right,5,0.20898141504534848,2,32778,32804,35.0
573514.282122679,ENDPOINT SOFT HOLD,right,6,-0.29710734721904153,2,32792,33446,35.0
573514.282132428,ENDPOINT SOFT HOLD,right,7,0.6005442893110562,2,32780,30920,34.0
573514.282141255,ENDPOINT SOFT HOLD,right,8,0.12218036163881862,2,32758,32852,32.0
573514.282147026,ENDPOINT SOFT HOLD,right,1,-0.6124362554360268,2,32595,32996,31.0
573514.282153759,ENDPOINT SOFT HOLD,right,2,0.2058077363241022,2,32740,31824,32.0
573514.282160853,ENDPOINT SOFT HOLD,right,3,0.2422508583199825,2,32894,31743,32.0
573514.282166043,ENDPOINT SOFT HOLD,right,4,1.7348844129091319,2,32984,30665,31.0
573514.282171533,ENDPOINT SOFT HOLD,right,5,0.20898141504534848,2,32806,32965,35.0
573514.282176433,ENDPOINT SOFT HOLD,right,6,-0.2974909590295258,2,32860,33669,35.0
573514.282181422,ENDPOINT SOFT HOLD,right,7,0.6001606775005737,2,32738,30862,34.0
573514.282186712,ENDPOINT SOFT HOLD,right,1,-0.6116690318150617,2,32537,33005,31.0
573514.282191652,ENDPOINT SOFT HOLD,right,2,0.20619134813458473,2,32678,31756,32.0
573514.282196802,ENDPOINT SOFT HOLD,right,3,0.2422508583199825,2,32927,31806,32.0
573514.282201781,ENDPOINT SOFT HOLD,right,4,1.7348844129091319,2,32790,30648,31.0
573514.282207011,ENDPOINT SOFT HOLD,right,5,0.20859780323486596,2,32815,32994,35.0
573514.282211991,ENDPOINT SOFT HOLD,right,6,-0.29787457084000835,2,32830,33707,35.0
573514.28221675,ENDPOINT SOFT HOLD,right,7,0.6001606775005737,2,32835,30965,34.0
573514.286129545,ENDPOINT SOFT HOLD,right,1,-0.6116690318150617,2,32704,33042,31.0
573514.286154433,ENDPOINT SOFT HOLD,right,2,0.20619134813458473,2,32679,31731,32.0
573514.286167538,ENDPOINT SOFT HOLD,right,3,0.2422508583199825,2,32591,31722,32.0
573514.28617875,ENDPOINT SOFT HOLD,right,4,1.7348844129091319,2,32878,30810,31.0
573514.286189521,ENDPOINT SOFT HOLD,right,5,0.20859780323486596,2,32801,32988,35.0
573514.286200171,ENDPOINT SOFT HOLD,right,6,-0.29825818265049087,2,32871,33594,35.0
573514.286211062,ENDPOINT SOFT HOLD,right,7,0.5997770656900894,2,32887,30994,34.0
573514.288366873,ENDPOINT SOFT HOLD,right,8,0.12218036163881862,2,32752,33058,32.0
573514.288387593,ENDPOINT SOFT HOLD,right,1,-0.6109018081940949,2,32482,33027,31.0
573514.288394977,ENDPOINT SOFT HOLD,right,2,0.20619134813458473,2,32709,31694,32.0
573514.291786368,ENDPOINT SOFT HOLD,right,3,0.2422508583199825,2,32782,31745,32.0
573514.291816747,ENDPOINT SOFT HOLD,right,4,1.7345008010986493,2,32782,30584,31.0
573514.291824201,ENDPOINT SOFT HOLD,right,5,0.20821419142438166,2,32791,33095,35.0
573514.291836915,ENDPOINT SOFT HOLD,right,6,-0.29825818265049087,2,32825,33458,35.0
573514.291848628,ENDPOINT SOFT HOLD,right,7,0.5997770656900894,2,32782,30887,34.0
573514.291859669,ENDPOINT SOFT HOLD,right,1,-0.6105181963836124,2,32637,33043,31.0
573514.294036401,ENDPOINT SOFT HOLD,right,2,0.20657495994506903,2,32672,31706,32.0
573514.294049807,ENDPOINT SOFT HOLD,right,3,0.2422508583199825,2,32699,31625,32.0
573514.29405637,ENDPOINT SOFT HOLD,right,4,1.7345008010986493,2,32601,30515,31.0
573514.29406151,ENDPOINT SOFT HOLD,right,5,0.20783057961389914,2,32838,32948,35.0
573514.296245525,ENDPOINT SOFT HOLD,right,6,-0.2986417944609734,2,32757,33548,35.0
573514.296269161,ENDPOINT SOFT HOLD,right,7,0.5997770656900894,2,32777,30793,34.0
573514.296282076,ENDPOINT SOFT HOLD,right,8,0.12218036163881862,2,32758,32698,32.0
573514.296294119,ENDPOINT SOFT HOLD,right,1,-0.6097509727626473,2,32498,33065,31.0
573514.298785216,ENDPOINT SOFT HOLD,right,2,0.20695857175555155,2,32668,31797,32.0
573514.298804252,ENDPOINT SOFT HOLD,right,3,0.2422508583199825,2,32707,31631,32.0
573514.298811156,ENDPOINT SOFT HOLD,right,4,1.7345008010986493,2,32848,30569,31.0
573514.298816747,ENDPOINT SOFT HOLD,right,5,0.20783057961389914,2,32853,32908,35.0
573514.300953061,ENDPOINT SOFT HOLD,right,6,-0.2990254062714577,2,32860,33425,35.0
573514.300973169,ENDPOINT SOFT HOLD,right,7,0.5997770656900894,2,32842,30795,34.0
573514.300985974,ENDPOINT SOFT HOLD,right,8,0.12218036163881862,2,32805,32838,32.0
573514.301010742,ENDPOINT SOFT HOLD,right,8,0.12218036163881862,2,32766,32851,32.0
573514.303158097,ENDPOINT SOFT HOLD,right,1,-0.6089837491416805,2,32594,33088,31.0
573514.303184938,ENDPOINT SOFT HOLD,right,2,0.20695857175555155,2,32730,31732,32.0
573514.303192232,ENDPOINT SOFT HOLD,right,3,0.2422508583199825,2,32884,31568,32.0
573514.305387159,ENDPOINT SOFT HOLD,right,4,1.7341171892881668,2,32932,30660,31.0
573514.305414782,ENDPOINT SOFT HOLD,right,5,0.20744696780341662,2,32824,32987,35.0
573514.305430382,ENDPOINT SOFT HOLD,right,6,-0.2990254062714577,2,32827,33466,35.0
573514.305437356,ENDPOINT SOFT HOLD,right,7,0.5993934538796069,2,32800,30756,34.0
573514.307679955,ENDPOINT SOFT HOLD,right,1,-0.608600137331198,2,32521,33085,31.0
573514.307699061,ENDPOINT SOFT HOLD,right,2,0.20695857175555155,2,32780,31789,32.0
573514.307706265,ENDPOINT SOFT HOLD,right,3,0.24263447013046502,2,32846,31656,32.0
573514.309847188,ENDPOINT SOFT HOLD,right,4,1.7341171892881668,2,32743,30510,31.0
573514.309876705,ENDPOINT SOFT HOLD,right,5,0.20744696780341662,2,32772,33004,35.0
573514.309884269,ENDPOINT SOFT HOLD,right,6,-0.2994090180819402,2,32838,33430,35.0
573514.309892786,ENDPOINT SOFT HOLD,right,7,0.5993934538796069,2,32772,31022,34.0
573514.312146265,ENDPOINT SOFT HOLD,right,8,0.12256397344930114,2,32714,32976,32.0
573514.319488865,ENDPOINT SOFT HOLD,left,1,0.0017262531471740061,0,32903,32767,31.0
573514.31953318,ENDPOINT SOFT HOLD,left,2,0.004411535820553425,0,32642,32767,32.0
573514.31954872,ENDPOINT SOFT HOLD,left,3,-0.055048294804302955,0,32792,32767,32.0
573514.319563579,ENDPOINT SOFT HOLD,left,4,0.018988784618905186,0,32648,32767,32.0
573514.319591743,ENDPOINT SOFT HOLD,right,1,-0.6074493018997487,2,32469,33115,31.0
573514.319605429,ENDPOINT SOFT HOLD,right,2,0.20734218356603407,2,32666,31796,32.0
573514.319617673,ENDPOINT SOFT HOLD,right,3,0.24263447013046502,2,32631,31757,32.0
573514.319628444,ENDPOINT SOFT HOLD,right,4,1.7341171892881668,2,32642,30649,31.0
573514.32178188,ENDPOINT SOFT HOLD,left,5,-0.9166404211490047,0,32733,32767,35.0
573514.321797691,ENDPOINT SOFT HOLD,left,6,0.033182421606774426,0,32791,32767,35.0
573514.321804925,ENDPOINT SOFT HOLD,left,7,0.008631265735866478,0,32788,32767,33.0
573514.321818421,ENDPOINT SOFT HOLD,right,5,0.2070633559929341,2,32819,33015,35.0
573514.321835574,ENDPOINT SOFT HOLD,right,6,-0.2997926298924227,2,32840,33280,35.0
573514.321848819,ENDPOINT SOFT HOLD,right,7,0.5993934538796069,2,32772,30890,34.0
573514.32185449,ENDPOINT SOFT HOLD,right,8,0.12218036163881862,2,32765,32815,32.0
573514.324106026,ENDPOINT SOFT HOLD,left,8,-0.10069810025177439,0,32809,32767,32.0
573514.324209355,ENDPOINT SOFT HOLD,right,1,-0.6070656900892661,2,32593,33133,31.0
573514.324254081,ENDPOINT SOFT HOLD,right,2,0.20734218356603407,2,32695,31771,32.0
573514.324276715,ENDPOINT SOFT HOLD,right,3,0.24263447013046502,2,32803,31721,32.0
573514.324370666,ENDPOINT SOFT HOLD,right,4,1.7341171892881668,2,33054,30747,31.0
573514.326545303,ENDPOINT SOFT HOLD,right,5,0.2070633559929341,2,32667,33022,35.0
573514.326558539,ENDPOINT SOFT HOLD,right,6,-0.2997926298924227,2,32711,33492,35.0
573514.326564911,ENDPOINT SOFT HOLD,right,7,0.5993934538796069,2,32809,30931,34.0
573514.331019118,ENDPOINT SOFT HOLD,right,1,-0.6059148546578168,2,32432,33207,31.0
573514.331053524,ENDPOINT SOFT HOLD,right,2,0.2077257953765166,2,32663,31821,32.0
573514.331069996,ENDPOINT SOFT HOLD,right,3,0.24263447013046502,2,32684,31813,32.0
573514.33322697,ENDPOINT SOFT HOLD,right,4,1.7341171892881668,2,32796,30513,31.0
573514.333240656,ENDPOINT SOFT HOLD,right,5,0.2066797441824498,2,32778,32907,35.0
573514.3332476,ENDPOINT SOFT HOLD,right,6,-0.30055985351338954,2,32836,33443,35.0
573514.333253351,ENDPOINT SOFT HOLD,right,7,0.5993934538796069,2,32734,30732,34.0
573514.335431074,ENDPOINT SOFT HOLD,right,8,0.12218036163881862,2,32762,32800,32.0
573514.340191151,ENDPOINT SOFT HOLD,right,1,-0.6051476310368518,2,32595,33230,31.0
573514.340252469,ENDPOINT SOFT HOLD,right,2,0.2077257953765166,2,32776,31810,32.0
573514.340270614,ENDPOINT SOFT HOLD,right,3,0.24263447013046502,2,32862,31779,32.0
573514.340285111,ENDPOINT SOFT HOLD,right,4,1.7341171892881668,2,32749,30637,31.0
573514.343897818,ENDPOINT SOFT HOLD,right,5,0.2066797441824498,2,32710,33107,35.0
573514.34395066,ENDPOINT SOFT HOLD,right,6,-0.30055985351338954,2,32784,33275,35.0
573514.343962613,ENDPOINT SOFT HOLD,right,7,0.5993934538796069,2,32794,30785,34.0
573514.343973123,ENDPOINT SOFT HOLD,right,1,-0.6047640192263675,2,32697,33204,31.0
573514.34398183,ENDPOINT SOFT HOLD,right,2,0.2081094071869991,2,32766,31846,32.0
573514.343989885,ENDPOINT SOFT HOLD,right,3,0.24263447013046502,2,32747,31824,32.0
573514.346455584,ENDPOINT SOFT HOLD,right,4,1.7341171892881668,2,32598,30621,31.0
573514.346517102,ENDPOINT SOFT HOLD,right,5,0.20629613237196728,2,32781,33087,35.0
573514.346532492,ENDPOINT SOFT HOLD,right,6,-0.30094346532387206,2,32837,33270,35.0
573514.346541689,ENDPOINT SOFT HOLD,right,7,0.5990098420691243,2,32810,30626,34.0
573514.348944566,ENDPOINT SOFT HOLD,right,8,0.12218036163881862,2,32774,32810,32.0
573514.353815877,ENDPOINT SOFT HOLD,right,1,-0.6039967956054024,2,32594,33217,31.0
573514.353948873,ENDPOINT SOFT HOLD,right,2,0.2081094071869991,2,32565,31707,32.0
573514.353972248,ENDPOINT SOFT HOLD,right,3,0.24263447013046502,2,32873,31454,32.0
573514.353982829,ENDPOINT SOFT HOLD,right,4,1.7341171892881668,2,32815,30529,31.0
573514.356285914,ENDPOINT SOFT HOLD,right,5,0.20629613237196728,2,32791,32785,35.0
573514.356305561,ENDPOINT SOFT HOLD,right,6,-0.30094346532387206,2,32803,33304,35.0
573514.356312384,ENDPOINT SOFT HOLD,right,7,0.5993934538796069,2,32747,30942,34.0
573514.358509826,ENDPOINT SOFT HOLD,right,8,0.12256397344930114,2,32733,32880,32.0
573514.36090047,ENDPOINT SOFT HOLD,right,1,-0.6032295719844356,2,32500,33175,31.0
573514.360961307,ENDPOINT SOFT HOLD,right,2,0.2081094071869991,2,32572,31786,32.0
573514.360974031,ENDPOINT SOFT HOLD,right,3,0.24301808194094754,2,32648,31772,32.0
573514.363183466,ENDPOINT SOFT HOLD,right,4,1.7341171892881668,2,33039,30791,31.0
573514.363202383,ENDPOINT SOFT HOLD,right,5,0.20629613237196728,2,32798,33069,35.0
573514.363209116,ENDPOINT SOFT HOLD,right,6,-0.3013270771343546,2,32829,33527,35.0
573514.363214746,ENDPOINT SOFT HOLD,right,7,0.5990098420691243,2,32785,30799,34.0
573514.365434631,ENDPOINT SOFT HOLD,right,1,-0.6032295719844356,2,32642,33211,31.0
573514.365452836,ENDPOINT SOFT HOLD,right,2,0.2081094071869991,2,32768,31751,32.0
573514.36545963,ENDPOINT SOFT HOLD,right,3,0.24301808194094754,2,32544,31777,32.0
573514.367597777,ENDPOINT SOFT HOLD,right,4,1.7345008010986493,2,32593,30580,31.0
573514.367617475,ENDPOINT SOFT HOLD,right,5,0.20591252056148476,2,32834,32930,35.0
573514.36763078,ENDPOINT SOFT HOLD,right,6,-0.3017106889448371,2,32763,33615,35.0
573514.369839544,ENDPOINT SOFT HOLD,left,1,0.0021098649576565265,0,32747,32767,31.0
573514.369861316,ENDPOINT SOFT HOLD,left,2,0.004411535820553425,0,32838,32767,32.0
573514.369877858,ENDPOINT SOFT HOLD,left,3,-0.055048294804302955,0,32800,32767,32.0
573514.369896674,ENDPOINT SOFT HOLD,right,7,0.5990098420691243,2,32810,30805,34.0
573514.369908717,ENDPOINT SOFT HOLD,right,8,0.12256397344930114,2,32723,32819,32.0
573514.372038558,ENDPOINT SOFT HOLD,left,4,0.018988784618905186,0,32559,32767,32.0
573514.372057174,ENDPOINT SOFT HOLD,left,5,-0.9166404211490047,0,32699,32767,35.0
573514.37206524,ENDPOINT SOFT HOLD,left,6,0.033182421606774426,0,32770,32767,35.0
573514.372071311,ENDPOINT SOFT HOLD,left,7,0.008631265735866478,0,32832,32767,33.0
573514.37456313,ENDPOINT SOFT HOLD,left,8,-0.10069810025177439,0,32747,32767,32.0
573514.377411285,ENDPOINT SOFT HOLD,right,1,-0.6024623483634706,2,32595,33167,31.0
573514.377484295,ENDPOINT SOFT HOLD,right,2,0.2084930189974834,2,32652,31693,32.0
573514.377492802,ENDPOINT SOFT HOLD,right,3,0.24301808194094754,2,32778,31652,32.0
573514.377499294,ENDPOINT SOFT HOLD,right,4,1.7345008010986493,2,32727,30616,31.0
573514.379721393,ENDPOINT SOFT HOLD,right,5,0.20591252056148476,2,32807,33155,35.0
573514.37975587,ENDPOINT SOFT HOLD,right,6,-0.3020943007553214,2,32806,33346,35.0
573514.379764086,ENDPOINT SOFT HOLD,right,7,0.5990098420691243,2,32747,30893,34.0
573514.379775758,ENDPOINT SOFT HOLD,right,8,0.12218036163881862,2,32872,32870,32.0
573514.382267025,ENDPOINT SOFT HOLD,right,1,-0.602078736552988,2,32634,33174,31.0
573514.382345306,ENDPOINT SOFT HOLD,right,2,0.2084930189974834,2,32620,31792,32.0
573514.382353822,ENDPOINT SOFT HOLD,right,3,0.24301808194094754,2,32852,31690,32.0
573514.384592083,ENDPOINT SOFT HOLD,right,4,1.7341171892881668,2,32949,30721,31.0
573514.384617051,ENDPOINT SOFT HOLD,right,5,0.20591252056148476,2,32743,33047,35.0
573514.384626098,ENDPOINT SOFT HOLD,right,6,-0.3020943007553214,2,32802,33281,35.0
573514.38463234,ENDPOINT SOFT HOLD,right,7,0.5993934538796069,2,32782,30831,34.0
573514.389052592,ENDPOINT SOFT HOLD,right,1,-0.6016951247425055,2,32628,33176,31.0
573514.389078773,ENDPOINT SOFT HOLD,right,2,0.2084930189974834,2,32914,31859,32.0
573514.389086548,ENDPOINT SOFT HOLD,right,3,0.24301808194094754,2,32748,31769,32.0
573514.391260734,ENDPOINT SOFT HOLD,right,4,1.7341171892881668,2,32753,30642,31.0
573514.391286394,ENDPOINT SOFT HOLD,right,5,0.20552890875100224,2,32724,33043,35.0
573514.391299389,ENDPOINT SOFT HOLD,right,6,-0.3024779125658039,2,32875,33291,35.0
573514.391313215,ENDPOINT SOFT HOLD,right,7,0.5993934538796069,2,32755,30729,34.0
573514.393484607,ENDPOINT SOFT HOLD,right,8,0.12218036163881862,2,32788,32668,32.0
573514.39901131,ENDPOINT SOFT HOLD,right,1,-0.6013115129320212,2,32756,33203,31.0
573514.399042901,ENDPOINT SOFT HOLD,right,2,0.20887663080796592,2,32766,31757,32.0
573514.399057529,ENDPOINT SOFT HOLD,right,3,0.24301808194094754,2,32762,31741,32.0
573514.401204102,ENDPOINT SOFT HOLD,right,4,1.7341171892881668,2,32866,30536,31.0
573514.401233168,ENDPOINT SOFT HOLD,right,5,0.20552890875100224,2,32790,33132,35.0
573514.401246484,ENDPOINT SOFT HOLD,right,6,-0.30286152437628644,2,32788,33308,35.0
573514.40126001,ENDPOINT SOFT HOLD,right,7,0.5993934538796069,2,32805,30781,34.0
573514.403815521,ENDPOINT SOFT HOLD,right,8,0.12256397344930114,2,32776,32808,32.0
573514.40384605,ENDPOINT SOFT HOLD,right,1,-0.6013115129320212,2,32815,33193,31.0
573514.403862532,ENDPOINT SOFT HOLD,right,2,0.20887663080796592,2,32787,31792,32.0
573514.403876128,ENDPOINT SOFT HOLD,right,3,0.24301808194094754,2,32765,31808,32.0
573514.406116231,ENDPOINT SOFT HOLD,right,4,1.7341171892881668,2,32883,30662,31.0
573514.406194492,ENDPOINT SOFT HOLD,right,5,0.20514529694051795,2,32801,32963,35.0
573514.406206956,ENDPOINT SOFT HOLD,right,6,-0.30286152437628644,2,32846,33220,35.0
573514.406216795,ENDPOINT SOFT HOLD,right,7,0.5990098420691243,2,32917,30878,34.0
573514.410717923,ENDPOINT SOFT HOLD,right,1,-0.6013115129320212,2,32893,33150,31.0
573514.410760225,ENDPOINT SOFT HOLD,right,2,0.20926024261844844,2,32758,31848,32.0
573514.410776887,ENDPOINT SOFT HOLD,right,3,0.24301808194094754,2,32583,31704,32.0
573514.413140688,ENDPOINT SOFT HOLD,right,4,1.7345008010986493,2,32591,30643,31.0
573514.413241773,ENDPOINT SOFT HOLD,right,5,0.20552890875100224,2,32735,33120,35.0
573514.41325571,ENDPOINT SOFT HOLD,right,6,-0.30286152437628644,2,32795,33303,35.0
573514.413264357,ENDPOINT SOFT HOLD,right,7,0.5993934538796069,2,32775,30814,34.0
573514.415970508,ENDPOINT SOFT HOLD,right,8,0.12218036163881862,2,32723,32929,32.0
573514.42061973,ENDPOINT SOFT HOLD,left,1,0.0021098649576565265,0,32817,32767,31.0
573514.420658625,ENDPOINT SOFT HOLD,left,2,0.004411535820553425,0,32769,32767,32.0
573514.420673464,ENDPOINT SOFT HOLD,left,3,-0.055048294804302955,0,32802,32767,32.0
573514.422955398,ENDPOINT SOFT HOLD,left,4,0.018988784618905186,0,32691,32767,32.0
573514.422991478,ENDPOINT SOFT HOLD,left,5,-0.9166404211490047,0,32790,32767,35.0
573514.423009092,ENDPOINT SOFT HOLD,left,6,0.033182421606774426,0,32809,32767,35.0
573514.423017378,ENDPOINT SOFT HOLD,left,7,0.008631265735866478,0,32811,32767,33.0
573514.423037226,ENDPOINT SOFT HOLD,right,1,-0.6009279011215387,2,32782,33151,31.0
573514.42304476,ENDPOINT SOFT HOLD,right,2,0.20964385442893096,2,32700,31810,32.0
573514.423051113,ENDPOINT SOFT HOLD,right,3,0.24301808194094754,2,32716,31739,32.0
573514.42547502,ENDPOINT SOFT HOLD,left,8,-0.10108171206225691,0,32769,32767,32.0
573514.425519085,ENDPOINT SOFT HOLD,right,4,1.7341171892881668,2,32908,30646,31.0
573514.4255318,ENDPOINT SOFT HOLD,right,5,0.20514529694051795,2,32758,33353,35.0
573514.425544003,ENDPOINT SOFT HOLD,right,6,-0.30324513618676896,2,32739,33409,35.0
573514.425553311,ENDPOINT SOFT HOLD,right,7,0.5990098420691243,2,32780,30783,34.0
573514.427773336,ENDPOINT SOFT HOLD,right,8,0.12218036163881862,2,32838,32877,32.0
573514.42781199,ENDPOINT SOFT HOLD,right,1,-0.6009279011215387,2,32653,33171,31.0
573514.427825136,ENDPOINT SOFT HOLD,right,2,0.20964385442893096,2,32619,31804,32.0
573514.427835926,ENDPOINT SOFT HOLD,right,3,0.24301808194094754,2,32849,31574,32.0
573514.430057775,ENDPOINT SOFT HOLD,right,4,1.7341171892881668,2,32744,30626,31.0
573514.430100307,ENDPOINT SOFT HOLD,right,5,0.20514529694051795,2,32793,33134,35.0
573514.430113763,ENDPOINT SOFT HOLD,right,6,-0.30324513618676896,2,32816,33316,35.0
573514.430124734,ENDPOINT SOFT HOLD,right,7,0.5993934538796069,2,32687,30878,34.0
573514.432312156,ENDPOINT SOFT HOLD,right,8,0.12256397344930114,2,32710,33099,32.0
573514.434593029,ENDPOINT SOFT HOLD,right,1,-0.6009279011215387,2,32760,33115,31.0
573514.434618798,ENDPOINT SOFT HOLD,right,2,0.20964385442893096,2,32677,31804,32.0
573514.434627114,ENDPOINT SOFT HOLD,right,3,0.24301808194094754,2,32828,31695,32.0
573514.436878089,ENDPOINT SOFT HOLD,right,4,1.7341171892881668,2,32810,30750,31.0
573514.436924058,ENDPOINT SOFT HOLD,right,5,0.20514529694051795,2,32756,33170,35.0
573514.43693587,ENDPOINT SOFT HOLD,right,6,-0.3036287479972515,2,32758,33334,35.0
573514.436944006,ENDPOINT SOFT HOLD,right,7,0.5993934538796069,2,32734,30863,34.0
573514.439172968,ENDPOINT SOFT HOLD,right,8,0.12256397344930114,2,32740,32925,32.0
573514.446682179,ENDPOINT SOFT HOLD,right,1,-0.6009279011215387,2,32847,33132,31.0
573514.446909396,ENDPOINT SOFT HOLD,right,2,0.20964385442893096,2,32644,31797,32.0
573514.446957278,ENDPOINT SOFT HOLD,right,3,0.24301808194094754,2,32898,31722,32.0
573514.446978539,ENDPOINT SOFT HOLD,right,4,1.7341171892881668,2,32897,30473,31.0
573514.446995843,ENDPOINT SOFT HOLD,right,5,0.20514529694051795,2,32835,33316,35.0
573514.451070419,ENDPOINT SOFT HOLD,right,6,-0.3036287479972515,2,32714,33455,35.0
573514.45111225,ENDPOINT SOFT HOLD,right,7,0.5990098420691243,2,32780,31012,34.0
573514.451123221,ENDPOINT SOFT HOLD,right,8,0.12218036163881862,2,32777,32777,32.0
573514.451131667,ENDPOINT SOFT HOLD,right,1,-0.6009279011215387,2,32767,33155,31.0
573514.451140094,ENDPOINT SOFT HOLD,right,2,0.21002746623941526,2,32749,31789,32.0
573514.451149021,ENDPOINT SOFT HOLD,right,3,0.24301808194094754,2,32685,31512,32.0
573514.451157156,ENDPOINT SOFT HOLD,right,4,1.7341171892881668,2,32732,30590,31.0
573514.453381871,ENDPOINT SOFT HOLD,right,5,0.20514529694051795,2,32830,33009,35.0
573514.453422068,ENDPOINT SOFT HOLD,right,6,-0.3036287479972515,2,32756,33203,35.0
573514.453433831,ENDPOINT SOFT HOLD,right,7,0.5993934538796069,2,32730,30776,34.0
573514.458078535,ENDPOINT SOFT HOLD,right,1,-0.6009279011215387,2,32771,33138,31.0
573514.458124193,ENDPOINT SOFT HOLD,right,2,0.21002746623941526,2,32789,31807,32.0
573514.458138711,ENDPOINT SOFT HOLD,right,3,0.24301808194094754,2,32653,31496,32.0
573514.460387221,ENDPOINT SOFT HOLD,right,4,1.7341171892881668,2,32620,30685,31.0
573514.460420485,ENDPOINT SOFT HOLD,right,5,0.20514529694051795,2,32717,33058,35.0
573514.460431897,ENDPOINT SOFT HOLD,right,6,-0.3036287479972515,2,32752,33241,35.0
573514.460440974,ENDPOINT SOFT HOLD,right,7,0.5990098420691243,2,32755,30811,34.0
573514.46265056,ENDPOINT SOFT HOLD,right,8,0.12218036163881862,2,32828,33021,32.0
573514.46739676,ENDPOINT SOFT HOLD,right,1,-0.6009279011215387,2,32805,33140,31.0
573514.467433601,ENDPOINT SOFT HOLD,right,2,0.21041107804989778,2,32561,31864,32.0
573514.4674434,ENDPOINT SOFT HOLD,right,3,0.24301808194094754,2,32802,31666,32.0
573514.469715555,ENDPOINT SOFT HOLD,right,4,1.7341171892881668,2,32690,30645,31.0
573514.469739922,ENDPOINT SOFT HOLD,right,5,0.20514529694051795,2,32817,33036,35.0
573514.469748989,ENDPOINT SOFT HOLD,right,6,-0.3040123598077358,2,32787,33343,35.0
573514.469756284,ENDPOINT SOFT HOLD,right,7,0.5993934538796069,2,32744,30966,34.0
573514.47198242,ENDPOINT SOFT HOLD,left,1,0.0021098649576565265,0,32761,32767,31.0
573514.472010254,ENDPOINT SOFT HOLD,left,2,0.004411535820553425,0,32620,32767,32.0
573514.472018249,ENDPOINT SOFT HOLD,left,3,-0.055048294804302955,0,33034,32767,32.0
573514.472038398,ENDPOINT SOFT HOLD,right,1,-0.6009279011215387,2,32842,33122,31.0
573514.472047866,ENDPOINT SOFT HOLD,right,2,0.21041107804989778,2,32594,31850,32.0
573514.472055331,ENDPOINT SOFT HOLD,right,3,0.24340169375143184,2,32699,31853,32.0
573514.472062675,ENDPOINT SOFT HOLD,right,4,1.7341171892881668,2,32732,30617,31.0
573514.474293751,ENDPOINT SOFT HOLD,left,4,0.018988784618905186,0,32776,32767,32.0
573514.474318038,ENDPOINT SOFT HOLD,left,5,-0.9166404211490047,0,32706,32767,35.0
573514.474325512,ENDPOINT SOFT HOLD,left,6,0.033182421606774426,0,32740,32767,35.0
573514.474331915,ENDPOINT SOFT HOLD,left,7,0.008631265735866478,0,32761,32767,33.0
573514.474348537,ENDPOINT SOFT HOLD,right,5,0.20514529694051795,2,32850,33140,35.0
573514.474356873,ENDPOINT SOFT HOLD,right,6,-0.3040123598077358,2,32870,33332,35.0
573514.474363876,ENDPOINT SOFT HOLD,right,7,0.5990098420691243,2,32799,30824,34.0
573514.474370609,ENDPOINT SOFT HOLD,right,8,0.12218036163881862,2,32823,32859,32.0
573514.476701407,ENDPOINT SOFT HOLD,left,8,-0.10069810025177439,0,32748,32767,32.0
573514.481426898,ENDPOINT SOFT HOLD,right,1,-0.6009279011215387,2,32728,33138,31.0
573514.481471423,ENDPOINT SOFT HOLD,right,2,0.21041107804989778,2,32787,31852,32.0
573514.481483116,ENDPOINT SOFT HOLD,right,3,0.24301808194094754,2,32751,31550,32.0
573514.483724211,ENDPOINT SOFT HOLD,right,4,1.7341171892881668,2,32626,30403,31.0
573514.483763898,ENDPOINT SOFT HOLD,right,5,0.20514529694051795,2,32660,33032,35.0
573514.483778706,ENDPOINT SOFT HOLD,right,6,-0.3040123598077358,2,32772,33385,35.0
573514.483788585,ENDPOINT SOFT HOLD,right,7,0.5993934538796069,2,32700,30940,34.0
573514.48597701,ENDPOINT SOFT HOLD,right,8,0.12256397344930114,2,32787,32829,32.0
573514.488627884,ENDPOINT SOFT HOLD,right,1,-0.6009279011215387,2,32704,33123,31.0
573514.488753897,ENDPOINT SOFT HOLD,right,2,0.2107946898603803,2,32677,31824,32.0
573514.488763365,ENDPOINT SOFT HOLD,right,3,0.24301808194094754,2,32773,31725,32.0
573514.488770168,ENDPOINT SOFT HOLD,right,4,1.7341171892881668,2,32858,30682,31.0
573514.490980555,ENDPOINT SOFT HOLD,right,5,0.20514529694051795,2,32763,33000,35.0
573514.491058926,ENDPOINT SOFT HOLD,right,6,-0.3040123598077358,2,32712,33430,35.0
573514.49107153,ENDPOINT SOFT HOLD,right,7,0.5990098420691243,2,32795,30725,34.0
573514.493485148,ENDPOINT SOFT HOLD,right,1,-0.6009279011215387,2,32801,33137,31.0
573514.493526558,ENDPOINT SOFT HOLD,right,2,0.2107946898603803,2,32710,31883,32.0
573514.493539382,ENDPOINT SOFT HOLD,right,3,0.24340169375143184,2,32681,31676,32.0
573514.495754288,ENDPOINT SOFT HOLD,right,4,1.7341171892881668,2,32779,30563,31.0
573514.495780258,ENDPOINT SOFT HOLD,right,5,0.20514529694051795,2,32778,32946,35.0
573514.495805506,ENDPOINT SOFT HOLD,right,6,-0.3040123598077358,2,32764,33412,35.0
573514.495820846,ENDPOINT SOFT HOLD,right,7,0.5990098420691243,2,32768,30856,34.0
573514.49797794,ENDPOINT SOFT HOLD,right,8,0.12256397344930114,2,32819,32939,32.0
573514.505692305,ENDPOINT SOFT HOLD,right,1,-0.6009279011215387,2,32641,33133,31.0
573514.505721882,ENDPOINT SOFT HOLD,right,2,0.2107946898603803,2,32751,31859,32.0
573514.505736911,ENDPOINT SOFT HOLD,right,3,0.24301808194094754,2,32853,31730,32.0
573514.507876431,ENDPOINT SOFT HOLD,right,4,1.7341171892881668,2,32538,30480,31.0
573514.507897502,ENDPOINT SOFT HOLD,right,5,0.20514529694051795,2,32772,33008,35.0
573514.507910477,ENDPOINT SOFT HOLD,right,6,-0.3043959716182183,2,32761,33513,35.0
573514.50792244,ENDPOINT SOFT HOLD,right,7,0.5990098420691243,2,32784,30830,34.0
573514.510477961,ENDPOINT SOFT HOLD,right,8,0.12218036163881862,2,32730,32871,32.0
573514.5105139,ENDPOINT SOFT HOLD,right,1,-0.6009279011215387,2,32760,33131,31.0
573514.510535612,ENDPOINT SOFT HOLD,right,2,0.21117830167086282,2,32814,31885,32.0
573514.510552865,ENDPOINT SOFT HOLD,right,3,0.24301808194094754,2,32946,31649,32.0
573514.512952747,ENDPOINT SOFT HOLD,right,4,1.7341171892881668,2,32921,30590,31.0
573514.512988796,ENDPOINT SOFT HOLD,right,5,0.20514529694051795,2,32782,33029,35.0
573514.513012331,ENDPOINT SOFT HOLD,right,6,-0.3043959716182183,2,32801,33483,35.0
573514.51302195,ENDPOINT SOFT HOLD,right,7,0.5990098420691243,2,32811,30873,34.0
573514.517765745,ENDPOINT SOFT HOLD,right,1,-0.6009279011215387,2,32826,33140,31.0
573514.517798628,ENDPOINT SOFT HOLD,right,2,0.21117830167086282,2,32834,31822,32.0
573514.517806714,ENDPOINT SOFT HOLD,right,3,0.24340169375143184,2,32816,31563,32.0
573514.519980881,ENDPOINT SOFT HOLD,right,4,1.7341171892881668,2,32802,30676,31.0
573514.52001178,ENDPOINT SOFT HOLD,right,5,0.20514529694051795,2,32761,33097,35.0
573514.520020687,ENDPOINT SOFT HOLD,right,6,-0.3043959716182183,2,32805,33364,35.0
573514.52002724,ENDPOINT SOFT HOLD,right,7,0.5993934538796069,2,32806,30823,34.0
573514.522235111,ENDPOINT SOFT HOLD,left,1,0.0021098649576565265,0,32926,32767,31.0
573514.52225018,ENDPOINT SOFT HOLD,left,2,0.004411535820553425,0,32707,32767,32.0
573514.522257545,ENDPOINT SOFT HOLD,left,3,-0.055048294804302955,0,32702,32767,32.0
573514.522278806,ENDPOINT SOFT HOLD,right,8,0.12218036163881862,2,32851,32930,32.0
573514.524440699,ENDPOINT SOFT HOLD,left,4,0.018988784618905186,0,32776,32767,32.0
573514.524476257,ENDPOINT SOFT HOLD,left,5,-0.9166404211490047,0,32810,32767,35.0
573514.524486707,ENDPOINT SOFT HOLD,left,6,0.033182421606774426,0,32702,32767,35.0
573514.524495705,ENDPOINT SOFT HOLD,left,7,0.009014877546348998,0,32743,32767,33.0
573514.526718045,ENDPOINT SOFT HOLD,left,8,-0.10108171206225691,0,32767,32767,32.0
573514.529191918,ENDPOINT SOFT HOLD,right,1,-0.6009279011215387,2,32694,33150,31.0
573514.529210153,ENDPOINT SOFT HOLD,right,2,0.21117830167086282,2,32796,31843,32.0
573514.52921886,ENDPOINT SOFT HOLD,right,3,0.24301808194094754,2,32932,31720,32.0
573514.531665572,ENDPOINT SOFT HOLD,right,4,1.7341171892881668,2,32794,30595,31.0
573514.531689458,ENDPOINT SOFT HOLD,right,5,0.20514529694051795,2,32805,33007,35.0
573514.531700128,ENDPOINT SOFT HOLD,right,6,-0.3043959716182183,2,32768,33226,35.0
573514.531708895,ENDPOINT SOFT HOLD,right,7,0.5993934538796069,2,32772,30862,34.0
573514.533861992,ENDPOINT SOFT HOLD,right,8,0.12256397344930114,2,32752,32919,32.0
573514.533883864,ENDPOINT SOFT HOLD,right,8,0.12218036163881862,2,32832,32812,32.0
573514.533890627,ENDPOINT SOFT HOLD,right,1,-0.6009279011215387,2,32786,33154,31.0
573514.53389756,ENDPOINT SOFT HOLD,right,2,0.21117830167086282,2,32720,31890,32.0
573514.536027401,ENDPOINT SOFT HOLD,right,3,0.24340169375143184,2,32561,31766,32.0
573514.536042921,ENDPOINT SOFT HOLD,right,4,1.7341171892881668,2,32848,30668,31.0
573514.536051117,ENDPOINT SOFT HOLD,right,5,0.20514529694051795,2,32707,32759,35.0
573514.536058321,ENDPOINT SOFT HOLD,right,6,-0.3040123598077358,2,32800,33288,35.0
573514.538161581,ENDPOINT SOFT HOLD,right,7,0.5993934538796069,2,32719,30873,34.0
573514.540408107,ENDPOINT SOFT HOLD,right,1,-0.6009279011215387,2,32763,33136,31.0
573514.540435951,ENDPOINT SOFT HOLD,right,2,0.21117830167086282,2,32794,31862,32.0
573514.5404459,ENDPOINT SOFT HOLD,right,3,0.24301808194094754,2,32768,31656,32.0
573514.542709259,ENDPOINT SOFT HOLD,right,4,1.7341171892881668,2,32633,30733,31.0
573514.542737693,ENDPOINT SOFT HOLD,right,5,0.20514529694051795,2,32813,32997,35.0
573514.542746741,ENDPOINT SOFT HOLD,right,6,-0.3043959716182183,2,32791,33272,35.0
573514.542753684,ENDPOINT SOFT HOLD,right,7,0.5990098420691243,2,32817,30947,34.0
573514.54494799,ENDPOINT SOFT HOLD,right,8,0.12256397344930114,2,32688,32926,32.0
573514.552627949,ENDPOINT SOFT HOLD,right,1,-0.6009279011215387,2,32879,33137,31.0
573514.552652617,ENDPOINT SOFT HOLD,right,2,0.21117830167086282,2,32689,31814,32.0
573514.552661363,ENDPOINT SOFT HOLD,right,3,0.24301808194094754,2,32880,31579,32.0
573514.556237971,ENDPOINT SOFT HOLD,right,4,1.7341171892881668,2,32867,30686,31.0
573514.55631549,ENDPOINT SOFT HOLD,right,5,0.20514529694051795,2,32668,33070,35.0
573514.55633089,ENDPOINT SOFT HOLD,right,6,-0.3043959716182183,2,32753,33418,35.0
573514.556347963,ENDPOINT SOFT HOLD,right,7,0.5990098420691243,2,32699,30740,34.0
573514.556358222,ENDPOINT SOFT HOLD,right,8,0.12256397344930114,2,32798,32849,32.0
573514.556373161,ENDPOINT SOFT HOLD,right,1,-0.6009279011215387,2,32771,33141,31.0
573514.556384243,ENDPOINT SOFT HOLD,right,2,0.21156191348134712,2,32838,31853,32.0
573514.558676947,ENDPOINT SOFT HOLD,right,3,0.24301808194094754,2,32757,31501,32.0
573514.558765037,ENDPOINT SOFT HOLD,right,4,1.7341171892881668,2,32675,30635,31.0
573514.55878235,ENDPOINT SOFT HOLD,right,5,0.20476168513003543,2,32758,32927,35.0
573514.558790897,ENDPOINT SOFT HOLD,right,6,-0.3043959716182183,2,32717,33399,35.0
573514.561071128,ENDPOINT SOFT HOLD,right,7,0.5990098420691243,2,32841,30712,34.0
573514.563404131,ENDPOINT SOFT HOLD,right,1,-0.6009279011215387,2,32759,33147,31.0
573514.563437104,ENDPOINT SOFT HOLD,right,2,0.21156191348134712,2,32718,31902,32.0
573514.563453035,ENDPOINT SOFT HOLD,right,3,0.24340169375143184,2,32688,31672,32.0
573514.565634646,ENDPOINT SOFT HOLD,right,4,1.7341171892881668,2,32860,30631,31.0
573514.565658301,ENDPOINT SOFT HOLD,right,5,0.20514529694051795,2,32744,32879,35.0
573514.565671707,ENDPOINT SOFT HOLD,right,6,-0.3043959716182183,2,32705,33457,35.0
573514.565686886,ENDPOINT SOFT HOLD,right,7,0.5990098420691243,2,32822,30808,34.0
573514.567875662,ENDPOINT SOFT HOLD,right,8,0.12218036163881862,2,32745,33024,32.0
573514.57228865,ENDPOINT SOFT HOLD,left,1,0.0021098649576565265,0,32811,32767,31.0
573514.572348124,ENDPOINT SOFT HOLD,left,2,0.004411535820553425,0,32928,32767,32.0
573514.57236149,ENDPOINT SOFT HOLD,left,3,-0.055048294804302955,0,32753,32767,32.0
573514.575043595,ENDPOINT SOFT HOLD,left,4,0.018988784618905186,0,32911,32767,32.0
573514.575095014,ENDPOINT SOFT HOLD,left,5,-0.9166404211490047,0,32794,32767,35.0
573514.575130111,ENDPOINT SOFT HOLD,left,6,0.033182421606774426,0,32764,32767,35.0
573514.575159889,ENDPOINT SOFT HOLD,left,7,0.008631265735866478,0,32781,32767,33.0
573514.575318033,ENDPOINT SOFT HOLD,left,8,-0.10108171206225691,0,32767,32767,32.0
573514.575393298,ENDPOINT SOFT HOLD,right,1,-0.6009279011215387,2,32711,33159,31.0
573514.575412696,ENDPOINT SOFT HOLD,right,2,0.21156191348134712,2,32767,31834,32.0
573514.57542529,ENDPOINT SOFT HOLD,right,3,0.24340169375143184,2,32646,31428,32.0
573514.575436411,ENDPOINT SOFT HOLD,right,4,1.7337335774776825,2,32778,30678,31.0
573514.577694329,ENDPOINT SOFT HOLD,right,5,0.20476168513003543,2,32773,33276,35.0
573514.577743434,ENDPOINT SOFT HOLD,right,6,-0.3043959716182183,2,32748,33364,35.0
573514.577759254,ENDPOINT SOFT HOLD,right,7,0.5990098420691243,2,32772,31099,34.0
573514.577772199,ENDPOINT SOFT HOLD,right,8,0.12218036163881862,2,32865,32769,32.0
573514.580080965,ENDPOINT SOFT HOLD,right,1,-0.6009279011215387,2,32747,33176,31.0
573514.580117666,ENDPOINT SOFT HOLD,right,2,0.21156191348134712,2,32769,31820,32.0
573514.580127625,ENDPOINT SOFT HOLD,right,3,0.24340169375143184,2,33050,31641,32.0
573514.5801355,ENDPOINT SOFT HOLD,right,4,1.7337335774776825,2,32915,30554,31.0
573514.582478021,ENDPOINT SOFT HOLD,right,5,0.20476168513003543,2,32810,33091,35.0
573514.582514261,ENDPOINT SOFT HOLD,right,6,-0.3043959716182183,2,32772,33375,35.0
573514.582523389,ENDPOINT SOFT HOLD,right,7,0.5990098420691243,2,32759,30911,34.0
573514.584807928,ENDPOINT SOFT HOLD,right,1,-0.6009279011215387,2,32737,33174,31.0
573514.584861992,ENDPOINT SOFT HOLD,right,2,0.21194552529182964,2,32676,31838,32.0
573514.584874576,ENDPOINT SOFT HOLD,right,3,0.24340169375143184,2,32761,31623,32.0
573514.587204884,ENDPOINT SOFT HOLD,right,4,1.7337335774776825,2,32766,30764,31.0
573514.587229962,ENDPOINT SOFT HOLD,right,5,0.20476168513003543,2,32845,32941,35.0
573514.587241364,ENDPOINT SOFT HOLD,right,6,-0.3043959716182183,2,32799,33221,35.0
573514.587251594,ENDPOINT SOFT HOLD,right,7,0.5990098420691243,2,32750,30930,34.0
573514.589498811,ENDPOINT SOFT HOLD,right,8,0.12218036163881862,2,32784,32927,32.0
573514.596595187,ENDPOINT SOFT HOLD,right,1,-0.6013115129320212,2,32937,33146,31.0
573514.596619383,ENDPOINT SOFT HOLD,right,2,0.21232913710231216,2,32700,31996,32.0
573514.59662808,ENDPOINT SOFT HOLD,right,3,0.24340169375143184,2,32786,31725,32.0
573514.598753393,ENDPOINT SOFT HOLD,right,4,1.7337335774776825,2,32661,30659,31.0
573514.598766317,ENDPOINT SOFT HOLD,right,5,0.20476168513003543,2,32828,33025,35.0
573514.598774052,ENDPOINT SOFT HOLD,right,6,-0.3043959716182183,2,32766,33282,35.0
573514.598780284,ENDPOINT SOFT HOLD,right,7,0.5990098420691243,2,32792,30790,34.0
573514.600877844,ENDPOINT SOFT HOLD,right,8,0.12218036163881862,2,32755,32844,32.0
573514.600887572,ENDPOINT SOFT HOLD,right,1,-0.6009279011215387,2,32783,33139,31.0
573514.600894165,ENDPOINT SOFT HOLD,right,2,0.21232913710231216,2,32767,31909,32.0
573514.600899525,ENDPOINT SOFT HOLD,right,3,0.24340169375143184,2,32840,31820,32.0
573514.603183513,ENDPOINT SOFT HOLD,right,4,1.7333499656672,2,32810,30521,31.0
573514.603269409,ENDPOINT SOFT HOLD,right,5,0.20514529694051795,2,32691,33114,35.0
573514.603292022,ENDPOINT SOFT HOLD,right,6,-0.3043959716182183,2,32847,33310,35.0
573514.603308885,ENDPOINT SOFT HOLD,right,7,0.5990098420691243,2,32847,30931,34.0
573514.608936753,ENDPOINT SOFT HOLD,right,1,-0.6013115129320212,2,32765,33177,31.0
573514.608959587,ENDPOINT SOFT HOLD,right,2,0.21232913710231216,2,32662,31824,32.0
573514.608967782,ENDPOINT SOFT HOLD,right,3,0.24340169375143184,2,32874,31695,32.0
573514.608973984,ENDPOINT SOFT HOLD,right,4,1.7333499656672,2,32749,30445,31.0
573514.608979234,ENDPOINT SOFT HOLD,right,5,0.20476168513003543,2,32670,33160,35.0
573514.611181094,ENDPOINT SOFT HOLD,right,6,-0.3043959716182183,2,32802,33226,35.0
573514.61121535,ENDPOINT SOFT HOLD,right,7,0.5990098420691243,2,32779,30911,34.0
573514.611223887,ENDPOINT SOFT HOLD,right,8,0.12218036163881862,2,32750,32800,32.0
573514.618315132,ENDPOINT SOFT HOLD,right,1,-0.6013115129320212,2,32759,33175,31.0
573514.618348527,ENDPOINT SOFT HOLD,right,2,0.21232913710231216,2,32960,31894,32.0
573514.618358957,ENDPOINT SOFT HOLD,right,3,0.24340169375143184,2,32829,31766,32.0
573514.618367122,ENDPOINT SOFT HOLD,right,4,1.7333499656672,2,32855,30543,31.0
573514.620710916,ENDPOINT SOFT HOLD,right,5,0.20476168513003543,2,32745,32890,35.0
573514.620738239,ENDPOINT SOFT HOLD,right,6,-0.3043959716182183,2,32771,33347,35.0
573514.620747016,ENDPOINT SOFT HOLD,right,7,0.5990098420691243,2,32811,30702,34.0
573514.620753478,ENDPOINT SOFT HOLD,right,8,0.12256397344930114,2,32675,32898,32.0
573514.622987961,ENDPOINT SOFT HOLD,left,1,0.0021098649576565265,0,32750,32767,31.0
573514.623032777,ENDPOINT SOFT HOLD,left,2,0.004411535820553425,0,32911,32767,32.0
573514.623042265,ENDPOINT SOFT HOLD,left,3,-0.055048294804302955,0,32839,32767,32.0
573514.62306557,ENDPOINT SOFT HOLD,right,1,-0.6013115129320212,2,32786,33181,31.0
573514.623076952,ENDPOINT SOFT HOLD,right,2,0.21271274891279468,2,32705,31859,32.0
573514.623085398,ENDPOINT SOFT HOLD,right,3,0.24340169375143184,2,32605,31597,32.0
573514.623092111,ENDPOINT SOFT HOLD,right,4,1.7333499656672,2,32753,30375,31.0
573514.62525706,ENDPOINT SOFT HOLD,left,4,0.018988784618905186,0,32848,32767,32.0
573514.625281598,ENDPOINT SOFT HOLD,left,5,-0.9166404211490047,0,32817,32767,35.0
573514.625292899,ENDPOINT SOFT HOLD,left,6,0.033182421606774426,0,32758,32767,35.0
573514.6253035,ENDPOINT SOFT HOLD,left,7,0.008631265735866478,0,32778,32767,33.0
573514.625323078,ENDPOINT SOFT HOLD,right,5,0.20476168513003543,2,32769,32836,35.0
573514.625334389,ENDPOINT SOFT HOLD,right,6,-0.3043959716182183,2,32751,33377,35.0
573514.625344759,ENDPOINT SOFT HOLD,right,7,0.5990098420691243,2,32831,30588,34.0
573514.627502014,ENDPOINT SOFT HOLD,left,8,-0.10108171206225691,0,32760,32767,32.0
573514.62977483,ENDPOINT SOFT HOLD,right,1,-0.6009279011215387,2,32656,33174,31.0
573514.629793386,ENDPOINT SOFT HOLD,right,2,0.21271274891279468,2,32874,31780,32.0
573514.62980064,ENDPOINT SOFT HOLD,right,3,0.24301808194094754,2,32852,31605,32.0
573514.631916284,ENDPOINT SOFT HOLD,right,4,1.7333499656672,2,32741,30708,31.0
573514.631930201,ENDPOINT SOFT HOLD,right,5,0.20476168513003543,2,32799,32894,35.0
573514.631937275,ENDPOINT SOFT HOLD,right,6,-0.3043959716182183,2,32755,33237,35.0
573514.634019825,ENDPOINT SOFT HOLD,right,7,0.5990098420691243,2,32765,30834,34.0
573514.634032168,ENDPOINT SOFT HOLD,right,8,0.12218036163881862,2,32801,32799,32.0
573514.634042819,ENDPOINT SOFT HOLD,right,8,0.12256397344930114,2,32717,32816,32.0
573514.63845206,ENDPOINT SOFT HOLD,right,1,-0.6013115129320212,2,32733,33184,31.0
573514.638463973,ENDPOINT SOFT HOLD,right,2,0.21271274891279468,2,32836,31886,32.0
573514.638470205,ENDPOINT SOFT HOLD,right,3,0.24340169375143184,2,32841,31731,32.0
573514.640614143,ENDPOINT SOFT HOLD,right,4,1.7333499656672,2,32875,30280,31.0
573514.640631948,ENDPOINT SOFT HOLD,right,5,0.20476168513003543,2,32757,32931,35.0
573514.640640214,ENDPOINT SOFT HOLD,right,6,-0.3043959716182183,2,32755,33366,35.0
573514.640646065,ENDPOINT SOFT HOLD,right,7,0.5990098420691243,2,32799,30792,34.0
573514.643175756,ENDPOINT SOFT HOLD,right,1,-0.6013115129320212,2,32736,33168,31.0
573514.643240972,ENDPOINT SOFT HOLD,right,2,0.21271274891279468,2,32753,31875,32.0
573514.643261031,ENDPOINT SOFT HOLD,right,3,0.24340169375143184,2,32596,31513,32.0
573514.643278615,ENDPOINT SOFT HOLD,right,4,1.7333499656672,2,32962,30504,31.0
573514.645855387,ENDPOINT SOFT HOLD,right,5,0.20476168513003543,2,32797,32840,35.0
573514.645920833,ENDPOINT SOFT HOLD,right,6,-0.3043959716182183,2,32777,33188,35.0
573514.645933517,ENDPOINT SOFT HOLD,right,7,0.5993934538796069,2,32779,30848,34.0
573514.6459456,ENDPOINT SOFT HOLD,right,8,0.12256397344930114,2,32705,32880,32.0
573514.652672084,ENDPOINT SOFT HOLD,right,1,-0.6013115129320212,2,32790,33196,31.0
573514.652712131,ENDPOINT SOFT HOLD,right,2,0.21309636072327898,2,32811,31931,32.0
573514.652720647,ENDPOINT SOFT HOLD,right,3,0.24340169375143184,2,32765,31449,32.0
573514.655176256,ENDPOINT SOFT HOLD,right,4,1.7333499656672,2,32676,30543,31.0
573514.655285065,ENDPOINT SOFT HOLD,right,5,0.20476168513003543,2,32745,33298,35.0
573514.655496472,ENDPOINT SOFT HOLD,right,6,-0.3043959716182183,2,32794,33612,35.0
573514.655515479,ENDPOINT SOFT HOLD,right,7,0.5993934538796069,2,32736,30840,34.0
573514.655523685,ENDPOINT SOFT HOLD,right,8,0.12256397344930114,2,32761,32814,32.0
573514.661427043,ENDPOINT SOFT HOLD,right,1,-0.6009279011215387,2,32571,33202,31.0
573514.661449717,ENDPOINT SOFT HOLD,right,2,0.21309636072327898,2,32807,31907,32.0
573514.661458043,ENDPOINT SOFT HOLD,right,3,0.24340169375143184,2,32729,31660,32.0
573514.663677076,ENDPOINT SOFT HOLD,right,4,1.7333499656672,2,32711,30409,31.0
573514.663700791,ENDPOINT SOFT HOLD,right,5,0.20476168513003543,2,32786,33041,35.0
573514.663743463,ENDPOINT SOFT HOLD,right,6,-0.3043959716182183,2,32796,33383,35.0
573514.663779062,ENDPOINT SOFT HOLD,right,7,0.5993934538796069,2,32770,30685,34.0
573514.665942057,ENDPOINT SOFT HOLD,right,1,-0.6013115129320212,2,32649,33168,31.0
573514.665957467,ENDPOINT SOFT HOLD,right,2,0.21309636072327898,2,32697,31917,32.0
573514.665965052,ENDPOINT SOFT HOLD,right,3,0.24340169375143184,2,32855,31576,32.0
573514.665971254,ENDPOINT SOFT HOLD,right,4,1.7333499656672,2,32687,30395,31.0
573514.668101256,ENDPOINT SOFT HOLD,right,5,0.20476168513003543,2,32729,33073,35.0
573514.668121595,ENDPOINT SOFT HOLD,right,6,-0.3043959716182183,2,32714,33348,35.0
573514.66812954,ENDPOINT SOFT HOLD,right,7,0.5990098420691243,2,32783,30894,34.0
573514.670242649,ENDPOINT SOFT HOLD,right,8,0.12218036163881862,2,32854,32638,32.0
573514.674648493,ENDPOINT SOFT HOLD,left,1,0.0021098649576565265,0,32837,32767,31.0
573514.674690304,ENDPOINT SOFT HOLD,left,2,0.004411535820553425,0,32673,32767,32.0
573514.67469893,ENDPOINT SOFT HOLD,left,3,-0.055048294804302955,0,32844,32767,32.0
573514.674721604,ENDPOINT SOFT HOLD,right,1,-0.6013115129320212,2,32803,33214,31.0
573514.674876843,ENDPOINT SOFT HOLD,right,2,0.2134799725337615,2,32594,31953,32.0
573514.67494282,ENDPOINT SOFT HOLD,right,3,0.24340169375143184,2,32902,31738,32.0
573514.674976715,ENDPOINT SOFT HOLD,right,4,1.7333499656672,2,32523,30606,31.0
573514.677189587,ENDPOINT SOFT HOLD,left,4,0.018988784618905186,0,32709,32767,32.0
573514.6773056,ENDPOINT SOFT HOLD,left,5,-0.9166404211490047,0,32763,32767,35.0
573514.677328745,ENDPOINT SOFT HOLD,left,6,0.033182421606774426,0,32773,32767,35.0
573514.677341379,ENDPOINT SOFT HOLD,left,7,0.008631265735866478,0,32769,32767,33.0
573514.677354725,ENDPOINT SOFT HOLD,left,8,-0.10069810025177439,0,32781,32767,32.0
573514.677411384,ENDPOINT SOFT HOLD,right,5,0.20476168513003543,2,32812,33065,35.0
573514.677432595,ENDPOINT SOFT HOLD,right,6,-0.3043959716182183,2,32754,33466,35.0
573514.677444538,ENDPOINT SOFT HOLD,right,7,0.5993934538796069,2,32730,30593,34.0
573514.67745621,ENDPOINT SOFT HOLD,right,8,0.12218036163881862,2,32794,33019,32.0
573514.682598262,ENDPOINT SOFT HOLD,right,1,-0.6009279011215387,2,32783,33205,31.0
573514.682646816,ENDPOINT SOFT HOLD,right,2,0.21309636072327898,2,32820,31894,32.0
573514.682656905,ENDPOINT SOFT HOLD,right,3,0.24340169375143184,2,32910,31672,32.0
573514.685182789,ENDPOINT SOFT HOLD,right,4,1.7333499656672,2,32725,30458,31.0
573514.68527685,ENDPOINT SOFT HOLD,right,5,0.20476168513003543,2,32897,33121,35.0
573514.685293122,ENDPOINT SOFT HOLD,right,6,-0.3043959716182183,2,32738,33337,35.0
573514.685303942,ENDPOINT SOFT HOLD,right,7,0.5993934538796069,2,32703,30794,34.0
573514.685312018,ENDPOINT SOFT HOLD,right,1,-0.6009279011215387,2,32646,33214,31.0
573514.687718703,ENDPOINT SOFT HOLD,right,2,0.2134799725337615,2,32668,31919,32.0
573514.687804698,ENDPOINT SOFT HOLD,right,3,0.24340169375143184,2,32504,31551,32.0
573514.687813104,ENDPOINT SOFT HOLD,right,4,1.7333499656672,2,32719,30585,31.0
573514.687819938,ENDPOINT SOFT HOLD,right,5,0.20476168513003543,2,32741,33147,35.0
573514.690008672,ENDPOINT SOFT HOLD,right,6,-0.3043959716182183,2,32701,33339,35.0
573514.690037458,ENDPOINT SOFT HOLD,right,7,0.5993934538796069,2,32751,30548,34.0
573514.690045994,ENDPOINT SOFT HOLD,right,8,0.12218036163881862,2,32835,32812,32.0
573514.696696892,ENDPOINT SOFT HOLD,right,1,-0.6009279011215387,2,32950,33218,31.0
573514.696735807,ENDPOINT SOFT HOLD,right,2,0.2134799725337615,2,32620,31948,32.0
573514.696744423,ENDPOINT SOFT HOLD,right,3,0.24378530556191436,2,32511,31400,32.0
573514.698872311,ENDPOINT SOFT HOLD,right,4,1.7329663538567175,2,32629,30524,31.0
573514.69888232,ENDPOINT SOFT HOLD,right,5,0.20476168513003543,2,32777,32964,35.0
573514.698889424,ENDPOINT SOFT HOLD,right,6,-0.3043959716182183,2,32704,33232,35.0
573514.698895616,ENDPOINT SOFT HOLD,right,7,0.5993934538796069,2,32764,30607,34.0
573514.700988416,ENDPOINT SOFT HOLD,right,8,0.12218036163881862,2,32736,32873,32.0
573514.703354833,ENDPOINT SOFT HOLD,right,1,-0.6013115129320212,2,32929,33193,31.0
573514.703381835,ENDPOINT SOFT HOLD,right,2,0.2134799725337615,2,32913,31889,32.0
573514.703390412,ENDPOINT SOFT HOLD,right,3,0.24340169375143184,2,32847,31628,32.0
573514.705548177,ENDPOINT SOFT HOLD,right,4,1.7329663538567175,2,32821,30667,31.0
573514.705559579,ENDPOINT SOFT HOLD,right,5,0.20476168513003543,2,32788,32956,35.0
573514.705565761,ENDPOINT SOFT HOLD,right,6,-0.3043959716182183,2,32692,33430,35.0
573514.705571031,ENDPOINT SOFT HOLD,right,7,0.5993934538796069,2,32784,30673,34.0
573514.70774634,ENDPOINT SOFT HOLD,right,1,-0.6009279011215387,2,32818,33211,31.0
573514.707776177,ENDPOINT SOFT HOLD,right,2,0.2134799725337615,2,32765,31959,32.0
573514.707793901,ENDPOINT SOFT HOLD,right,3,0.24378530556191436,2,32725,31615,32.0
573514.709968309,ENDPOINT SOFT HOLD,right,4,1.7329663538567175,2,32941,30583,31.0
573514.709988968,ENDPOINT SOFT HOLD,right,5,0.20476168513003543,2,32747,32951,35.0
573514.709998397,ENDPOINT SOFT HOLD,right,6,-0.3043959716182183,2,32737,33168,35.0
573514.710022593,ENDPOINT SOFT HOLD,right,7,0.5993934538796069,2,32830,30868,34.0
573514.713706728,ENDPOINT SOFT HOLD,right,8,0.12218036163881862,2,32660,32722,32.0
573514.718736654,ENDPOINT SOFT HOLD,right,1,-0.6013115129320212,2,32653,33203,31.0
573514.71877094,ENDPOINT SOFT HOLD,right,2,0.2134799725337615,2,32688,31801,32.0
573514.718782983,ENDPOINT SOFT HOLD,right,3,0.24378530556191436,2,32736,31606,32.0
573514.721058014,ENDPOINT SOFT HOLD,right,4,1.7329663538567175,2,32586,30549,31.0
573514.721081369,ENDPOINT SOFT HOLD,right,5,0.20476168513003543,2,32726,33174,35.0
573514.721090988,ENDPOINT SOFT HOLD,right,6,-0.3043959716182183,2,32840,33233,35.0
573514.721100696,ENDPOINT SOFT HOLD,right,7,0.5993934538796069,2,32779,30803,34.0
573514.721108902,ENDPOINT SOFT HOLD,right,8,0.12256397344930114,2,32756,32832,32.0
573514.723565934,ENDPOINT SOFT HOLD,right,1,-0.6013115129320212,2,32782,33216,31.0
573514.7236003,ENDPOINT SOFT HOLD,right,2,0.21386358434424402,2,32763,31792,32.0
573514.723611541,ENDPOINT SOFT HOLD,right,3,0.24378530556191436,2,32703,31550,32.0
573514.725860292,ENDPOINT SOFT HOLD,left,1,0.0021098649576565265,0,32763,32767,31.0
573514.725895479,ENDPOINT SOFT HOLD,left,2,0.004411535820553425,0,32673,32767,32.0
573514.725903856,ENDPOINT SOFT HOLD,left,3,-0.055048294804302955,0,32723,32767,32.0
573514.72592675,ENDPOINT SOFT HOLD,right,4,1.7329663538567175,2,32796,30519,31.0
573514.72593728,ENDPOINT SOFT HOLD,right,5,0.20476168513003543,2,32686,32935,35.0
573514.725943823,ENDPOINT SOFT HOLD,right,6,-0.3043959716182183,2,32801,33455,35.0
573514.725951457,ENDPOINT SOFT HOLD,right,7,0.5993934538796069,2,32816,30779,34.0
573514.72813358,ENDPOINT SOFT HOLD,left,4,0.018988784618905186,0,32666,32767,32.0
573514.728153177,ENDPOINT SOFT HOLD,left,5,-0.9166404211490047,0,32780,32767,35.0
573514.728160692,ENDPOINT SOFT HOLD,left,6,0.033182421606774426,0,32754,32767,35.0
573514.728167435,ENDPOINT SOFT HOLD,left,7,0.008631265735866478,0,32767,32767,33.0
573514.730450331,ENDPOINT SOFT HOLD,left,8,-0.10069810025177439,0,32737,32767,32.0
573514.730495818,ENDPOINT SOFT HOLD,right,1,-0.6009279011215387,2,32825,33240,31.0
573514.730505497,ENDPOINT SOFT HOLD,right,2,0.2134799725337615,2,32899,31954,32.0
573514.730511999,ENDPOINT SOFT HOLD,right,3,0.24378530556191436,2,32690,31528,32.0
573514.732704742,ENDPOINT SOFT HOLD,right,4,1.7329663538567175,2,32960,30597,31.0
573514.732748887,ENDPOINT SOFT HOLD,right,5,0.20476168513003543,2,32750,32780,35.0
573514.732766651,ENDPOINT SOFT HOLD,right,6,-0.3047795834287008,2,32813,33260,35.0
573514.732779997,ENDPOINT SOFT HOLD,right,7,0.5993934538796069,2,32735,30685,34.0
573514.734962459,ENDPOINT SOFT HOLD,right,8,0.12218036163881862,2,32789,32792,32.0
573514.74169802,ENDPOINT SOFT HOLD,right,1,-0.6013115129320212,2,32842,33205,31.0
573514.741731014,ENDPOINT SOFT HOLD,right,2,0.21386358434424402,2,32780,31869,32.0
573514.741741123,ENDPOINT SOFT HOLD,right,3,0.24378530556191436,2,32611,31647,32.0
573514.744575181,ENDPOINT SOFT HOLD,right,4,1.7329663538567175,2,32819,30680,31.0
573514.744622752,ENDPOINT SOFT HOLD,right,5,0.20476168513003543,2,32894,33190,35.0
573514.744634044,ENDPOINT SOFT HOLD,right,6,-0.3043959716182183,2,32779,33473,35.0
573514.744642641,ENDPOINT SOFT HOLD,right,7,0.5993934538796069,2,32731,30691,34.0
573514.744649885,ENDPOINT SOFT HOLD,right,8,0.12256397344930114,2,32812,33329,32.0
573514.747359573,ENDPOINT SOFT HOLD,right,1,-0.6013115129320212,2,32795,33203,31.0
573514.747427193,ENDPOINT SOFT HOLD,right,2,0.21386358434424402,2,32644,31889,32.0
573514.747437773,ENDPOINT SOFT HOLD,right,3,0.24378530556191436,2,32772,31715,32.0
573514.747447602,ENDPOINT SOFT HOLD,right,4,1.7329663538567175,2,32799,30374,31.0
573514.747457902,ENDPOINT SOFT HOLD,right,5,0.20476168513003543,2,32758,33105,35.0
573514.749704258,ENDPOINT SOFT HOLD,right,6,-0.3047795834287008,2,32731,33253,35.0
573514.749740568,ENDPOINT SOFT HOLD,right,7,0.5993934538796069,2,32714,30940,34.0
573514.752183281,ENDPOINT SOFT HOLD,right,1,-0.6013115129320212,2,32839,33174,31.0
573514.752238357,ENDPOINT SOFT HOLD,right,2,0.21386358434424402,2,32643,31908,32.0
573514.752253366,ENDPOINT SOFT HOLD,right,3,0.24378530556191436,2,32760,31667,32.0
573514.754558806,ENDPOINT SOFT HOLD,right,4,1.7329663538567175,2,32716,30602,31.0
573514.754665051,ENDPOINT SOFT HOLD,right,5,0.20476168513003543,2,32743,32825,35.0
573514.754679759,ENDPOINT SOFT HOLD,right,6,-0.3047795834287008,2,32778,33310,35.0
573514.754687634,ENDPOINT SOFT HOLD,right,7,0.5993934538796069,2,32787,30648,34.0
573514.754694066,ENDPOINT SOFT HOLD,right,8,0.12218036163881862,2,32800,32921,32.0
573514.764762525,ENDPOINT SOFT HOLD,right,1,-0.6013115129320212,2,32828,33238,31.0
573514.764791941,ENDPOINT SOFT HOLD,right,2,0.21386358434424402,2,32846,31887,32.0
573514.764799726,ENDPOINT SOFT HOLD,right,3,0.24340169375143184,2,32846,31438,32.0
573514.764808103,ENDPOINT SOFT HOLD,right,4,1.7329663538567175,2,32843,30718,31.0
573514.764816619,ENDPOINT SOFT HOLD,right,5,0.20476168513003543,2,32796,32989,35.0
573514.767024571,ENDPOINT SOFT HOLD,right,6,-0.3047795834287008,2,32777,33420,35.0
573514.767055471,ENDPOINT SOFT HOLD,right,7,0.5993934538796069,2,32749,30854,34.0
573514.767063997,ENDPOINT SOFT HOLD,right,8,0.12218036163881862,2,32779,32776,32.0
573514.767070169,ENDPOINT SOFT HOLD,right,1,-0.6013115129320212,2,32771,33235,31.0
573514.769234898,ENDPOINT SOFT HOLD,right,2,0.21386358434424402,2,32722,31874,32.0
573514.769256109,ENDPOINT SOFT HOLD,right,3,0.24378530556191436,2,32772,31568,32.0
573514.769262972,ENDPOINT SOFT HOLD,right,4,1.732582742046235,2,32885,30778,31.0
573514.771438842,ENDPOINT SOFT HOLD,right,5,0.2043780733195529,2,32818,33027,35.0
573514.771465944,ENDPOINT SOFT HOLD,right,6,-0.3047795834287008,2,32767,33436,35.0
573514.77147452,ENDPOINT SOFT HOLD,right,7,0.5993934538796069,2,32778,30670,34.0
573514.771483868,ENDPOINT SOFT HOLD,right,8,0.12218036163881862,2,32813,32895,32.0
573514.773714504,ENDPOINT SOFT HOLD,right,1,-0.6009279011215387,2,32537,33232,31.0
573514.773753078,ENDPOINT SOFT HOLD,right,2,0.2134799725337615,2,32880,31903,32.0
573514.773767847,ENDPOINT SOFT HOLD,right,3,0.24378530556191436,2,32752,31642,32.0
573514.776099607,ENDPOINT SOFT HOLD,left,1,0.0021098649576565265,0,32797,32767,31.0
573514.776130807,ENDPOINT SOFT HOLD,left,2,0.004411535820553425,0,32771,32767,32.0
573514.776139734,ENDPOINT SOFT HOLD,left,3,-0.055048294804302955,0,32759,32767,32.0
573514.776166195,ENDPOINT SOFT HOLD,right,4,1.732582742046235,2,32577,30559,31.0
573514.776177627,ENDPOINT SOFT HOLD,right,5,0.20476168513003543,2,32768,33110,35.0
573514.776186023,ENDPOINT SOFT HOLD,right,6,-0.3047795834287008,2,32732,33287,35.0
573514.77619495,ENDPOINT SOFT HOLD,right,7,0.5993934538796069,2,32811,30824,34.0
573514.778435285,ENDPOINT SOFT HOLD,left,4,0.018988784618905186,0,32623,32767,32.0
573514.778471605,ENDPOINT SOFT HOLD,left,5,-0.9166404211490047,0,32700,32767,35.0
573514.778482886,ENDPOINT SOFT HOLD,left,6,0.033182421606774426,0,32766,32767,35.0
573514.778491282,ENDPOINT SOFT HOLD,left,7,0.008631265735866478,0,32820,32767,33.0
573514.778517904,ENDPOINT SOFT HOLD,right,8,0.12218036163881862,2,32776,32883,32.0
573514.780723391,ENDPOINT SOFT HOLD,left,8,-0.10069810025177439,0,32778,32767,32.0
573514.785615722,ENDPOINT SOFT HOLD,right,1,-0.6013115129320212,2,32909,33235,31.0
573514.785650399,ENDPOINT SOFT HOLD,right,2,0.2134799725337615,2,32851,31887,32.0
573514.785659065,ENDPOINT SOFT HOLD,right,3,0.24378530556191436,2,32752,31563,32.0
573514.785664897,ENDPOINT SOFT HOLD,right,4,1.732582742046235,2,32684,30473,31.0
573514.788114274,ENDPOINT SOFT HOLD,right,5,0.20476168513003543,2,32763,33010,35.0
573514.788212994,ENDPOINT SOFT HOLD,right,6,-0.3047795834287008,2,32854,33354,35.0
573514.788229165,ENDPOINT SOFT HOLD,right,7,0.5993934538796069,2,32754,30563,34.0
573514.788239154,ENDPOINT SOFT HOLD,right,8,0.12218036163881862,2,32852,32957,32.0
573514.790692969,ENDPOINT SOFT HOLD,right,1,-0.6013115129320212,2,32717,33255,31.0
573514.790801147,ENDPOINT SOFT HOLD,right,2,0.21386358434424402,2,32758,31888,32.0
573514.79084934,ENDPOINT SOFT HOLD,right,3,0.24378530556191436,2,32802,31742,32.0
573514.790886622,ENDPOINT SOFT HOLD,right,4,1.732582742046235,2,32849,30443,31.0
573514.790916489,ENDPOINT SOFT HOLD,right,5,0.20476168513003543,2,32707,32933,35.0
573514.793218072,ENDPOINT SOFT HOLD,right,6,-0.3047795834287008,2,32840,33435,35.0
573514.793251686,ENDPOINT SOFT HOLD,right,7,0.5993934538796069,2,32847,30675,34.0
573514.795556164,ENDPOINT SOFT HOLD,right,1,-0.6013115129320212,2,32834,33235,31.0
573514.795578277,ENDPOINT SOFT HOLD,right,2,0.21386358434424402,2,32828,32013,32.0
573514.795586162,ENDPOINT SOFT HOLD,right,3,0.24378530556191436,2,32722,31561,32.0
573514.797742174,ENDPOINT SOFT HOLD,right,4,1.732582742046235,2,32896,30553,31.0
573514.797762282,ENDPOINT SOFT HOLD,right,5,0.20476168513003543,2,32765,33143,35.0
573514.797770989,ENDPOINT SOFT HOLD,right,6,-0.3047795834287008,2,32798,33558,35.0
573514.797777281,ENDPOINT SOFT HOLD,right,7,0.5993934538796069,2,32771,30576,34.0
573514.799947661,ENDPOINT SOFT HOLD,right,8,0.12218036163881862,2,32745,32914,32.0
573514.807132547,ENDPOINT SOFT HOLD,right,1,-0.6013115129320212,2,32745,33250,31.0
573514.807158818,ENDPOINT SOFT HOLD,right,2,0.2134799725337615,2,32752,31942,32.0
573514.807174317,ENDPOINT SOFT HOLD,right,3,0.24378530556191436,2,32946,31681,32.0
573514.807187142,ENDPOINT SOFT HOLD,right,4,1.732582742046235,2,32791,30601,31.0
573514.809358714,ENDPOINT SOFT HOLD,right,5,0.20476168513003543,2,32776,33061,35.0
573514.80939305,ENDPOINT SOFT HOLD,right,6,-0.3043959716182183,2,32665,33361,35.0
573514.809412157,ENDPOINT SOFT HOLD,right,7,0.5993934538796069,2,32694,30471,34.0
573514.809428318,ENDPOINT SOFT HOLD,right,8,0.12218036163881862,2,32725,32849,32.0
573514.811639035,ENDPOINT SOFT HOLD,right,1,-0.6013115129320212,2,32751,33216,31.0
573514.811678842,ENDPOINT SOFT HOLD,right,2,0.2134799725337615,2,32730,31893,32.0
573514.811697357,ENDPOINT SOFT HOLD,right,3,0.24378530556191436,2,32750,31594,32.0
573514.814023276,ENDPOINT SOFT HOLD,right,4,1.7329663538567175,2,32799,30776,31.0
573514.814090015,ENDPOINT SOFT HOLD,right,5,0.20476168513003543,2,32821,32991,35.0
573514.814103932,ENDPOINT SOFT HOLD,right,6,-0.3047795834287008,2,32772,33523,35.0
573514.81411365,ENDPOINT SOFT HOLD,right,7,0.5993934538796069,2,32664,30537,34.0
573514.820050012,ENDPOINT SOFT HOLD,right,1,-0.6013115129320212,2,32709,33220,31.0
573514.820101761,ENDPOINT SOFT HOLD,right,2,0.2134799725337615,2,32818,31949,32.0
573514.820112492,ENDPOINT SOFT HOLD,right,3,0.24378530556191436,2,32812,31752,32.0
573514.822334401,ENDPOINT SOFT HOLD,right,4,1.7329663538567175,2,32746,30624,31.0
573514.822357866,ENDPOINT SOFT HOLD,right,5,0.2043780733195529,2,32813,32922,35.0
573514.822366894,ENDPOINT SOFT HOLD,right,6,-0.3047795834287008,2,32792,33378,35.0
573514.822373987,ENDPOINT SOFT HOLD,right,7,0.5993934538796069,2,32764,30677,34.0
573514.824602018,ENDPOINT SOFT HOLD,right,8,0.12218036163881862,2,32755,32890,32.0
573514.827189781,ENDPOINT SOFT HOLD,left,1,0.0021098649576565265,0,32701,32767,31.0
573514.827211793,ENDPOINT SOFT HOLD,left,2,0.004411535820553425,0,32790,32767,32.0
573514.827219478,ENDPOINT SOFT HOLD,left,3,-0.055048294804302955,0,32642,32767,32.0
573514.827239937,ENDPOINT SOFT HOLD,right,1,-0.6013115129320212,2,32933,33269,31.0
573514.827248043,ENDPOINT SOFT HOLD,right,2,0.2134799725337615,2,32737,31954,32.0
573514.827253574,ENDPOINT SOFT HOLD,right,3,0.24378530556191436,2,32643,31747,32.0
573514.829409626,ENDPOINT SOFT HOLD,left,4,0.018988784618905186,0,32715,32767,32.0
573514.829430656,ENDPOINT SOFT HOLD,left,5,-0.9166404211490047,0,32772,32767,35.0
573514.829438792,ENDPOINT SOFT HOLD,left,6,0.033182421606774426,0,32809,32767,35.0
573514.829444593,ENDPOINT SOFT HOLD,left,7,0.008631265735866478,0,32753,32767,33.0
573514.82945877,ENDPOINT SOFT HOLD,right,4,1.732582742046235,2,32833,30201,31.0
573514.829466074,ENDPOINT SOFT HOLD,right,5,0.20476168513003543,2,32761,32726,35.0
573514.829472557,ENDPOINT SOFT HOLD,right,6,-0.3047795834287008,2,32760,33371,35.0
573514.829478669,ENDPOINT SOFT HOLD,right,7,0.5993934538796069,2,32753,30636,34.0
573514.831774089,ENDPOINT SOFT HOLD,left,8,-0.10108171206225691,0,32797,32767,32.0
573514.83180074,ENDPOINT SOFT HOLD,right,1,-0.6013115129320212,2,32661,33233,31.0
573514.831808766,ENDPOINT SOFT HOLD,right,2,0.21386358434424402,2,32633,31964,32.0
573514.831814777,ENDPOINT SOFT HOLD,right,3,0.24378530556191436,2,32721,31745,32.0
573514.834006768,ENDPOINT SOFT HOLD,right,4,1.732582742046235,2,32925,30493,31.0
573514.834025865,ENDPOINT SOFT HOLD,right,5,0.20476168513003543,2,32850,32941,35.0
573514.834033179,ENDPOINT SOFT HOLD,right,6,-0.3047795834287008,2,32797,33316,35.0
573514.83403893,ENDPOINT SOFT HOLD,right,7,0.5993934538796069,2,32811,30813,34.0
573514.836165135,ENDPOINT SOFT HOLD,right,8,0.12256397344930114,2,32765,32820,32.0
573514.842697504,ENDPOINT SOFT HOLD,right,1,-0.6013115129320212,2,32826,33258,31.0
573514.842779933,ENDPOINT SOFT HOLD,right,2,0.2134799725337615,2,32814,31819,32.0
573514.842806384,ENDPOINT SOFT HOLD,right,3,0.24378530556191436,2,32809,31611,32.0
573514.845154055,ENDPOINT SOFT HOLD,right,4,1.732582742046235,2,32800,30406,31.0
573514.845237095,ENDPOINT SOFT HOLD,right,5,0.20476168513003543,2,32718,32825,35.0
573514.845246453,ENDPOINT SOFT HOLD,right,6,-0.3047795834287008,2,32802,33152,35.0
573514.845254328,ENDPOINT SOFT HOLD,right,7,0.5993934538796069,2,32732,30775,34.0
573514.847934088,ENDPOINT SOFT HOLD,right,8,0.12218036163881862,2,32720,32809,32.0
573514.847997991,ENDPOINT SOFT HOLD,right,1,-0.6013115129320212,2,32756,33255,31.0
573514.848031847,ENDPOINT SOFT HOLD,right,2,0.2134799725337615,2,32770,31896,32.0
573514.848042848,ENDPOINT SOFT HOLD,right,3,0.24378530556191436,2,32932,31632,32.0
573514.848052777,ENDPOINT SOFT HOLD,right,4,1.7329663538567175,2,32756,30410,31.0
573514.850299223,ENDPOINT SOFT HOLD,right,5,0.20476168513003543,2,32724,32896,35.0
573514.850333959,ENDPOINT SOFT HOLD,right,6,-0.3047795834287008,2,32812,33174,35.0
573514.850345832,ENDPOINT SOFT HOLD,right,7,0.5993934538796069,2,32711,30633,34.0
573514.854959156,ENDPOINT SOFT HOLD,right,1,-0.6013115129320212,2,32764,33236,31.0
573514.855057917,ENDPOINT SOFT HOLD,right,2,0.2134799725337615,2,32715,31937,32.0
573514.855073787,ENDPOINT SOFT HOLD,right,3,0.24340169375143184,2,32826,31629,32.0
573514.857372694,ENDPOINT SOFT HOLD,right,4,1.732582742046235,2,32904,30573,31.0
573514.857405627,ENDPOINT SOFT HOLD,right,5,0.20476168513003543,2,32794,32896,35.0
573514.857414695,ENDPOINT SOFT HOLD,right,6,-0.3047795834287008,2,32788,33313,35.0
573514.857421919,ENDPOINT SOFT HOLD,right,7,0.5993934538796069,2,32694,30564,34.0
573514.859604021,ENDPOINT SOFT HOLD,right,8,0.12218036163881862,2,32727,32885,32.0
573514.866361263,ENDPOINT SOFT HOLD,right,1,-0.6013115129320212,2,32755,33277,31.0
573514.866429495,ENDPOINT SOFT HOLD,right,2,0.2134799725337615,2,32913,31900,32.0
573514.866441758,ENDPOINT SOFT HOLD,right,3,0.24378530556191436,2,32784,31692,32.0
573514.870269129,ENDPOINT SOFT HOLD,right,4,1.732582742046235,2,32805,30496,31.0
573514.870289728,ENDPOINT SOFT HOLD,right,5,0.20476168513003543,2,32804,33071,35.0
573514.870300169,ENDPOINT SOFT HOLD,right,6,-0.3047795834287008,2,32801,33232,35.0
573514.870308114,ENDPOINT SOFT HOLD,right,7,0.5993934538796069,2,32774,30637,34.0
573514.870314546,ENDPOINT SOFT HOLD,right,8,0.12218036163881862,2,32785,32842,32.0
573514.870323864,ENDPOINT SOFT HOLD,right,8,0.12218036163881862,2,32772,32798,32.0
573514.870329345,ENDPOINT SOFT HOLD,right,1,-0.6013115129320212,2,32725,33276,31.0
573514.872464877,ENDPOINT SOFT HOLD,right,2,0.21386358434424402,2,32776,31906,32.0
573514.872484515,ENDPOINT SOFT HOLD,right,3,0.24378530556191436,2,32738,31485,32.0
573514.872492219,ENDPOINT SOFT HOLD,right,4,1.732582742046235,2,32764,30371,31.0
573514.874840692,ENDPOINT SOFT HOLD,right,5,0.20476168513003543,2,32691,32902,35.0
573514.874884927,ENDPOINT SOFT HOLD,right,6,-0.3047795834287008,2,32726,33460,35.0
573514.874896119,ENDPOINT SOFT HOLD,right,7,0.5993934538796069,2,32701,30567,34.0
573514.877532977,ENDPOINT SOFT HOLD,left,1,0.0021098649576565265,0,32837,32767,31.0
573514.877582522,ENDPOINT SOFT HOLD,left,2,0.004411535820553425,0,32656,32767,32.0
573514.877593924,ENDPOINT SOFT HOLD,left,3,-0.055048294804302955,0,32633,32767,32.0
573514.877619283,ENDPOINT SOFT HOLD,right,1,-0.6013115129320212,2,32689,33265,31.0
573514.877631346,ENDPOINT SOFT HOLD,right,2,0.21386358434424402,2,32854,31998,32.0
573514.877641195,ENDPOINT SOFT HOLD,right,3,0.24378530556191436,2,32561,31505,32.0
573514.877650543,ENDPOINT SOFT HOLD,right,4,1.732582742046235,2,33003,30773,31.0
573514.880015597,ENDPOINT SOFT HOLD,left,4,0.018988784618905186,0,32697,32767,32.0
573514.880041978,ENDPOINT SOFT HOLD,left,5,-0.9166404211490047,0,32755,32767,35.0
573514.880049583,ENDPOINT SOFT HOLD,left,6,0.033182421606774426,0,32804,32767,35.0
573514.880055664,ENDPOINT SOFT HOLD,left,7,0.008631265735866478,0,32701,32767,33.0
573514.880060904,ENDPOINT SOFT HOLD,left,8,-0.10108171206225691,0,32806,32767,32.0
573514.880076855,ENDPOINT SOFT HOLD,right,5,0.20476168513003543,2,32766,33115,35.0
573514.880083909,ENDPOINT SOFT HOLD,right,6,-0.3047795834287008,2,32801,33393,35.0
573514.88008982,ENDPOINT SOFT HOLD,right,7,0.5990098420691243,2,32869,30795,34.0
573514.880095752,ENDPOINT SOFT HOLD,right,8,0.12218036163881862,2,32714,32881,32.0
573514.889659308,ENDPOINT SOFT HOLD,right,1,-0.6013115129320212,2,32916,33265,31.0
573514.889696961,ENDPOINT SOFT HOLD,right,2,0.2134799725337615,2,32818,31952,32.0
573514.889706279,ENDPOINT SOFT HOLD,right,3,0.24378530556191436,2,32611,31529,32.0
573514.889714374,ENDPOINT SOFT HOLD,right,4,1.732582742046235,2,32810,30645,31.0
573514.892378925,ENDPOINT SOFT HOLD,right,5,0.20476168513003543,2,32811,32834,35.0
573514.892406178,ENDPOINT SOFT HOLD,right,6,-0.3043959716182183,2,32672,33597,35.0
573514.892414895,ENDPOINT SOFT HOLD,right,7,0.5993934538796069,2,32774,30659,34.0
573514.892421147,ENDPOINT SOFT HOLD,right,8,0.12218036163881862,2,32738,32937,32.0
573514.894765711,ENDPOINT SOFT HOLD,right,1,-0.6013115129320212,2,32868,33278,31.0
573514.89479109,ENDPOINT SOFT HOLD,right,2,0.2134799725337615,2,32794,31879,32.0
573514.894798885,ENDPOINT SOFT HOLD,right,3,0.24378530556191436,2,32934,31492,32.0
573514.894805498,ENDPOINT SOFT HOLD,right,4,1.732582742046235,2,32870,30595,31.0
573514.897053147,ENDPOINT SOFT HOLD,right,5,0.20476168513003543,2,32777,32945,35.0
573514.897076421,ENDPOINT SOFT HOLD,right,6,-0.3047795834287008,2,32746,33298,35.0
573514.897091871,ENDPOINT SOFT HOLD,right,7,0.5993934538796069,2,32730,30853,34.0
573514.901715986,ENDPOINT SOFT HOLD,right,1,-0.6016951247425055,2,32809,33272,31.0
573514.901747366,ENDPOINT SOFT HOLD,right,2,0.2134799725337615,2,32755,31844,32.0
573514.901762345,ENDPOINT SOFT HOLD,right,3,0.24378530556191436,2,32767,31676,32.0
573514.904055231,ENDPOINT SOFT HOLD,right,4,1.732582742046235,2,32764,30303,31.0
573514.904083044,ENDPOINT SOFT HOLD,right,5,0.20476168513003543,2,32787,32899,35.0
573514.904092452,ENDPOINT SOFT HOLD,right,6,-0.3047795834287008,2,32766,33340,35.0
573514.904100598,ENDPOINT SOFT HOLD,right,7,0.5993934538796069,2,32796,30806,34.0
573514.906383424,ENDPOINT SOFT HOLD,right,8,0.12218036163881862,2,32715,32712,32.0
573514.914213943,ENDPOINT SOFT HOLD,right,1,-0.6016951247425055,2,32800,33237,31.0
573514.914257968,ENDPOINT SOFT HOLD,right,2,0.2134799725337615,2,32792,32039,32.0
573514.914267997,ENDPOINT SOFT HOLD,right,3,0.24378530556191436,2,32624,31649,32.0
573514.91427476,ENDPOINT SOFT HOLD,right,4,1.732582742046235,2,32823,30462,31.0
573514.916748303,ENDPOINT SOFT HOLD,right,5,0.20476168513003543,2,32759,32945,35.0
573514.91677259,ENDPOINT SOFT HOLD,right,6,-0.3047795834287008,2,32814,33390,35.0
573514.916780205,ENDPOINT SOFT HOLD,right,7,0.5993934538796069,2,32816,30654,34.0
573514.916786838,ENDPOINT SOFT HOLD,right,8,0.12256397344930114,2,32788,32713,32.0
573514.919089392,ENDPOINT SOFT HOLD,right,1,-0.6013115129320212,2,32775,33274,31.0
573514.919108158,ENDPOINT SOFT HOLD,right,2,0.2134799725337615,2,32752,31978,32.0
573514.919115392,ENDPOINT SOFT HOLD,right,3,0.24378530556191436,2,32766,31608,32.0
573514.919122085,ENDPOINT SOFT HOLD,right,4,1.732582742046235,2,32683,30286,31.0
573514.922456135,ENDPOINT SOFT HOLD,right,5,0.20476168513003543,2,32798,33015,35.0
573514.922496152,ENDPOINT SOFT HOLD,right,6,-0.3047795834287008,2,32755,33426,35.0
573514.922508466,ENDPOINT SOFT HOLD,right,7,0.5990098420691243,2,32804,30752,34.0
573514.925470099,ENDPOINT SOFT HOLD,right,1,-0.6016951247425055,2,32847,33232,31.0
573514.925513402,ENDPOINT SOFT HOLD,right,2,0.2134799725337615,2,32662,31852,32.0
573514.925523402,ENDPOINT SOFT HOLD,right,3,0.24378530556191436,2,32835,31621,32.0
573514.925531257,ENDPOINT SOFT HOLD,right,4,1.732582742046235,2,32655,30471,31.0
573514.927883236,ENDPOINT SOFT HOLD,left,1,0.0021098649576565265,0,32898,32767,31.0
573514.927900539,ENDPOINT SOFT HOLD,left,2,0.004411535820553425,0,32858,32767,32.0
573514.927907182,ENDPOINT SOFT HOLD,left,3,-0.055048294804302955,0,32746,32767,32.0
573514.927919936,ENDPOINT SOFT HOLD,right,5,0.20476168513003543,2,32746,33104,35.0
573514.927927501,ENDPOINT SOFT HOLD,right,6,-0.3047795834287008,2,32717,33307,35.0
573514.927934264,ENDPOINT SOFT HOLD,right,7,0.5993934538796069,2,32731,30476,34.0
573514.927940175,ENDPOINT SOFT HOLD,right,8,0.12256397344930114,2,32765,32794,32.0
573514.930193585,ENDPOINT SOFT HOLD,left,4,0.018988784618905186,0,32821,32767,32.0
573514.930212331,ENDPOINT SOFT HOLD,left,5,-0.9166404211490047,0,32742,32767,35.0
573514.930219525,ENDPOINT SOFT HOLD,left,6,0.033182421606774426,0,32699,32767,35.0
573514.930225667,ENDPOINT SOFT HOLD,left,7,0.008631265735866478,0,32722,32767,33.0
573514.932597734,ENDPOINT SOFT HOLD,left,8,-0.10108171206225691,0,32825,32767,32.0
573514.935484964,ENDPOINT SOFT HOLD,right,1,-0.6013115129320212,2,32884,33275,31.0
573514.935504011,ENDPOINT SOFT HOLD,right,2,0.2134799725337615,2,32887,31976,32.0
573514.935512377,ENDPOINT SOFT HOLD,right,3,0.24378530556191436,2,32845,31640,32.0
573514.9355192,ENDPOINT SOFT HOLD,right,4,1.732582742046235,2,32913,30521,31.0
573514.937690993,ENDPOINT SOFT HOLD,right,5,0.20476168513003543,2,32818,33153,35.0
573514.937701292,ENDPOINT SOFT HOLD,right,6,-0.3047795834287008,2,32737,33414,35.0
573514.937707244,ENDPOINT SOFT HOLD,right,7,0.5993934538796069,2,32735,30750,34.0
573514.937712384,ENDPOINT SOFT HOLD,right,8,0.12218036163881862,2,32783,32757,32.0
573514.93988107,ENDPOINT SOFT HOLD,right,1,-0.6013115129320212,2,32620,33286,31.0
573514.939912611,ENDPOINT SOFT HOLD,right,2,0.2134799725337615,2,32808,32001,32.0
573514.939927209,ENDPOINT SOFT HOLD,right,3,0.24378530556191436,2,32738,31646,32.0
573514.939938631,ENDPOINT SOFT HOLD,right,4,1.732582742046235,2,32690,30647,31.0
573514.942304727,ENDPOINT SOFT HOLD,right,5,0.20476168513003543,2,32753,33098,35.0
573514.942338122,ENDPOINT SOFT HOLD,right,6,-0.3047795834287008,2,32732,33384,35.0
573514.942346307,ENDPOINT SOFT HOLD,right,7,0.5993934538796069,2,32731,30599,34.0
573514.947869904,ENDPOINT SOFT HOLD,right,1,-0.6016951247425055,2,32821,33279,31.0
573514.947893399,ENDPOINT SOFT HOLD,right,2,0.21386358434424402,2,32813,31959,32.0
573514.947901384,ENDPOINT SOFT HOLD,right,3,0.24378530556191436,2,32694,31617,32.0
573514.947909881,ENDPOINT SOFT HOLD,right,4,1.732582742046235,2,32754,30417,31.0
573514.950202837,ENDPOINT SOFT HOLD,right,5,0.20476168513003543,2,32787,33038,35.0
573514.950232674,ENDPOINT SOFT HOLD,right,6,-0.3047795834287008,2,32755,33273,35.0
573514.950243625,ENDPOINT SOFT HOLD,right,7,0.5993934538796069,2,32850,30770,34.0
573514.95025111,ENDPOINT SOFT HOLD,right,8,0.12218036163881862,2,32700,32826,32.0
573514.958703025,ENDPOINT SOFT HOLD,right,1,-0.6013115129320212,2,32926,33290,31.0
573514.958733464,ENDPOINT SOFT HOLD,right,2,0.21386358434424402,2,32686,31907,32.0
573514.958742652,ENDPOINT SOFT HOLD,right,3,0.24378530556191436,2,32740,31656,32.0
573514.958749996,ENDPOINT SOFT HOLD,right,4,1.732582742046235,2,32763,30413,31.0
573514.95875758,ENDPOINT SOFT HOLD,right,5,0.20476168513003543,2,32819,33021,35.0
573514.961179605,ENDPOINT SOFT HOLD,right,6,-0.3047795834287008,2,32771,33152,35.0
573514.961201016,ENDPOINT SOFT HOLD,right,7,0.5993934538796069,2,32802,30817,34.0
573514.961208971,ENDPOINT SOFT HOLD,right,8,0.12256397344930114,2,32732,33145,32.0
573514.961215233,ENDPOINT SOFT HOLD,right,1,-0.6016951247425055,2,32752,33280,31.0
573514.963532926,ENDPOINT SOFT HOLD,right,2,0.2134799725337615,2,32960,31924,32.0
573514.963622058,ENDPOINT SOFT HOLD,right,3,0.24416891737239688,2,32772,31492,32.0
573514.963636125,ENDPOINT SOFT HOLD,right,4,1.732582742046235,2,32849,30560,31.0
573514.963647066,ENDPOINT SOFT HOLD,right,5,0.20476168513003543,2,32723,32914,35.0
573514.966024504,ENDPOINT SOFT HOLD,right,6,-0.3047795834287008,2,32742,33469,35.0
573514.966043992,ENDPOINT SOFT HOLD,right,7,0.5993934538796069,2,32805,30583,34.0
573514.968456648,ENDPOINT SOFT HOLD,right,1,-0.6013115129320212,2,32752,33279,31.0
573514.968482327,ENDPOINT SOFT HOLD,right,2,0.21386358434424402,2,32959,31922,32.0
573514.968491555,ENDPOINT SOFT HOLD,right,3,0.24378530556191436,2,32758,31706,32.0
573514.970759563,ENDPOINT SOFT HOLD,right,4,1.732582742046235,2,32610,30408,31.0
573514.970779842,ENDPOINT SOFT HOLD,right,5,0.20476168513003543,2,32791,32941,35.0
573514.970788288,ENDPOINT SOFT HOLD,right,6,-0.30516319523918334,2,32749,33422,35.0
573514.970795562,ENDPOINT SOFT HOLD,right,7,0.5993934538796069,2,32723,30472,34.0
573514.974219716,ENDPOINT SOFT HOLD,right,8,0.12218036163881862,2,32808,32897,32.0
573514.979453214,ENDPOINT SOFT HOLD,left,1,0.0021098649576565265,0,32778,32767,31.0
573514.979474655,ENDPOINT SOFT HOLD,left,2,0.004411535820553425,0,32739,32767,32.0
573514.979481799,ENDPOINT SOFT HOLD,left,3,-0.055048294804302955,0,32647,32767,32.0
573514.979493592,ENDPOINT SOFT HOLD,left,4,0.018988784618905186,0,32883,32767,32.0
573514.979519021,ENDPOINT SOFT HOLD,right,1,-0.6016951247425055,2,32696,33288,31.0
573514.979531835,ENDPOINT SOFT HOLD,right,2,0.2134799725337615,2,32886,31856,32.0
573514.979543338,ENDPOINT SOFT HOLD,right,3,0.24378530556191436,2,32859,31636,32.0
573514.979555431,ENDPOINT SOFT HOLD,right,4,1.732582742046235,2,32929,30595,31.0
573514.981920345,ENDPOINT SOFT HOLD,left,5,-0.9166404211490047,0,32762,32767,35.0
573514.981968498,ENDPOINT SOFT HOLD,left,6,0.033182421606774426,0,32778,32767,35.0
573514.981981373,ENDPOINT SOFT HOLD,left,7,0.008631265735866478,0,32765,32767,33.0
573514.981993406,ENDPOINT SOFT HOLD,left,8,-0.10108171206225691,0,32773,32767,32.0
573514.982025908,ENDPOINT SOFT HOLD,right,5,0.20476168513003543,2,32804,32986,35.0
573514.982049273,ENDPOINT SOFT HOLD,right,6,-0.30516319523918334,2,32783,33501,35.0
573514.982060455,ENDPOINT SOFT HOLD,right,7,0.5997770656900894,2,32750,30626,34.0
573514.982072157,ENDPOINT SOFT HOLD,right,8,0.12218036163881862,2,32767,32739,32.0
573514.984416572,ENDPOINT SOFT HOLD,right,1,-0.6013115129320212,2,32793,33281,31.0
573514.984449074,ENDPOINT SOFT HOLD,right,2,0.21386358434424402,2,32822,31825,32.0
573514.984468442,ENDPOINT SOFT HOLD,right,3,0.24378530556191436,2,32805,31573,32.0
573514.984501876,ENDPOINT SOFT HOLD,right,4,1.732582742046235,2,32685,30734,31.0
573514.986841221,ENDPOINT SOFT HOLD,right,5,0.20476168513003543,2,32782,32910,35.0
573514.986879254,ENDPOINT SOFT HOLD,right,6,-0.3047795834287008,2,32741,33386,35.0
573514.986896618,ENDPOINT SOFT HOLD,right,7,0.5997770656900894,2,32691,30662,34.0
573514.989402072,ENDPOINT SOFT HOLD,right,1,-0.6016951247425055,2,32815,33262,31.0
573514.989497456,ENDPOINT SOFT HOLD,right,2,0.2134799725337615,2,32633,31843,32.0
573514.989507836,ENDPOINT SOFT HOLD,right,3,0.24378530556191436,2,32806,31615,32.0
573514.98951526,ENDPOINT SOFT HOLD,right,4,1.732582742046235,2,32856,30623,31.0
573514.991965318,ENDPOINT SOFT HOLD,right,5,0.20476168513003543,2,32704,33021,35.0
573514.991992871,ENDPOINT SOFT HOLD,right,6,-0.3047795834287008,2,32796,33350,35.0
573514.992010014,ENDPOINT SOFT HOLD,right,7,0.5997770656900894,2,32760,30551,34.0
573514.992017148,ENDPOINT SOFT HOLD,right,8,0.12256397344930114,2,32714,33069,32.0
573514.994297169,ENDPOINT SOFT HOLD,right,8,0.12256397344930114,2,32764,32871,32.0
573515.001539485,ENDPOINT SOFT HOLD,right,1,-0.6013115129320212,2,32762,33260,31.0
573515.001599611,ENDPOINT SOFT HOLD,right,2,0.21386358434424402,2,32778,31976,32.0
573515.001606274,ENDPOINT SOFT HOLD,right,3,0.24378530556191436,2,32732,31531,32.0
573515.001612125,ENDPOINT SOFT HOLD,right,4,1.732582742046235,2,32818,30566,31.0
573515.003851187,ENDPOINT SOFT HOLD,right,5,0.20476168513003543,2,32692,32918,35.0
573515.003886174,ENDPOINT SOFT HOLD,right,6,-0.30516319523918334,2,32748,33412,35.0
573515.003896173,ENDPOINT SOFT HOLD,right,7,0.5993934538796069,2,32767,30772,34.0
573515.003903307,ENDPOINT SOFT HOLD,right,8,0.12256397344930114,2,32742,32804,32.0
573515.006286937,ENDPOINT SOFT HOLD,right,1,-0.6016951247425055,2,32868,33314,31.0
573515.00631408,ENDPOINT SOFT HOLD,right,2,0.21386358434424402,2,32907,32002,32.0
573515.006327616,ENDPOINT SOFT HOLD,right,3,0.24378530556191436,2,32784,31696,32.0
573515.006339689,ENDPOINT SOFT HOLD,right,4,1.732582742046235,2,32676,30663,31.0
573515.008636302,ENDPOINT SOFT HOLD,right,5,0.2043780733195529,2,32795,32963,35.0
573515.008661931,ENDPOINT SOFT HOLD,right,6,-0.30516319523918334,2,32771,33429,35.0
573515.008675778,ENDPOINT SOFT HOLD,right,7,0.5993934538796069,2,32748,30495,34.0
573515.014121514,ENDPOINT SOFT HOLD,right,1,-0.6013115129320212,2,32582,33291,31.0
573515.014220204,ENDPOINT SOFT HOLD,right,2,0.21386358434424402,2,32775,31919,32.0
573515.014242768,ENDPOINT SOFT HOLD,right,3,0.24378530556191436,2,32791,31700,32.0
573515.014256755,ENDPOINT SOFT HOLD,right,4,1.732582742046235,2,32753,30482,31.0
573515.016738454,ENDPOINT SOFT HOLD,right,5,0.20476168513003543,2,32825,32835,35.0
573515.016774974,ENDPOINT SOFT HOLD,right,6,-0.3047795834287008,2,32673,33410,35.0
573515.01678832,ENDPOINT SOFT HOLD,right,7,0.5997770656900894,2,32730,30640,34.0
573515.016799051,ENDPOINT SOFT HOLD,right,8,0.12218036163881862,2,32835,32836,32.0
573515.021661013,ENDPOINT SOFT HOLD,right,1,-0.6013115129320212,2,32662,33272,31.0
573515.021686061,ENDPOINT SOFT HOLD,right,2,0.2134799725337615,2,32916,31966,32.0
573515.021694237,ENDPOINT SOFT HOLD,right,3,0.24378530556191436,2,32597,31725,32.0
573515.024188981,ENDPOINT SOFT HOLD,right,4,1.7321991302357507,2,32809,30331,31.0
573515.024255349,ENDPOINT SOFT HOLD,right,5,0.20476168513003543,2,32698,33055,35.0
573515.024273304,ENDPOINT SOFT HOLD,right,6,-0.30516319523918334,2,32817,33283,35.0
573515.024287792,ENDPOINT SOFT HOLD,right,7,0.5997770656900894,2,32754,30470,34.0
573515.024297009,ENDPOINT SOFT HOLD,right,1,-0.6016951247425055,2,32799,33283,31.0
573515.027997926,ENDPOINT SOFT HOLD,right,2,0.2134799725337615,2,32836,31895,32.0
573515.028042883,ENDPOINT SOFT HOLD,right,3,0.24378530556191436,2,32814,31646,32.0
573515.028056439,ENDPOINT SOFT HOLD,right,4,1.732582742046235,2,32741,30456,31.0
573515.028067841,ENDPOINT SOFT HOLD,right,5,0.20476168513003543,2,32788,33022,35.0
573515.028075696,ENDPOINT SOFT HOLD,right,6,-0.3047795834287008,2,32786,33351,35.0
573515.028082169,ENDPOINT SOFT HOLD,right,7,0.5993934538796069,2,32841,30461,34.0
573515.030470788,ENDPOINT SOFT HOLD,left,1,0.0021098649576565265,0,32661,32767,31.0
573515.030497049,ENDPOINT SOFT HOLD,left,2,0.004411535820553425,0,32648,32767,32.0
573515.030509292,ENDPOINT SOFT HOLD,left,3,-0.055048294804302955,0,32710,32767,32.0
573515.030529341,ENDPOINT SOFT HOLD,right,8,0.12218036163881862,2,32785,32783,32.0
573515.032810504,ENDPOINT SOFT HOLD,left,4,0.018988784618905186,0,32638,32767,32.0
573515.032832907,ENDPOINT SOFT HOLD,left,5,-0.9166404211490047,0,32756,32767,35.0
573515.032841824,ENDPOINT SOFT HOLD,left,6,0.033182421606774426,0,32805,32767,35.0
573515.032848317,ENDPOINT SOFT HOLD,left,7,0.008631265735866478,0,32785,32767,33.0
573515.035199364,ENDPOINT SOFT HOLD,left,8,-0.10108171206225691,0,32808,32767,32.0
573515.035227679,ENDPOINT SOFT HOLD,right,1,-0.6013115129320212,2,32741,33292,31.0
573515.035237477,ENDPOINT SOFT HOLD,right,2,0.2134799725337615,2,32679,31817,32.0
573515.035244341,ENDPOINT SOFT HOLD,right,3,0.24378530556191436,2,32660,31584,32.0
573515.037474956,ENDPOINT SOFT HOLD,right,4,1.732582742046235,2,32785,30712,31.0
573515.037489384,ENDPOINT SOFT HOLD,right,5,0.20476168513003543,2,32814,33109,35.0
573515.037496938,ENDPOINT SOFT HOLD,right,6,-0.3047795834287008,2,32687,33429,35.0
573515.037503852,ENDPOINT SOFT HOLD,right,7,0.5997770656900894,2,32699,30677,34.0
573515.039696915,ENDPOINT SOFT HOLD,right,8,0.12218036163881862,2,32769,32959,32.0
573515.042475045,ENDPOINT SOFT HOLD,right,1,-0.6016951247425055,2,32856,33298,31.0
573515.042568845,ENDPOINT SOFT HOLD,right,2,0.2134799725337615,2,32958,31902,32.0
573515.042592261,ENDPOINT SOFT HOLD,right,3,0.24378530556191436,2,32779,31551,32.0
573515.042631186,ENDPOINT SOFT HOLD,right,4,1.732582742046235,2,32735,30461,31.0
573515.045783877,ENDPOINT SOFT HOLD,right,5,0.20476168513003543,2,32829,32809,35.0
573515.045854723,ENDPOINT SOFT HOLD,right,6,-0.30516319523918334,2,32791,33241,35.0
573515.045865684,ENDPOINT SOFT HOLD,right,7,0.5993934538796069,2,32811,30428,34.0
573515.045874241,ENDPOINT SOFT HOLD,right,1,-0.6016951247425055,2,32724,33292,31.0
573515.045881605,ENDPOINT SOFT HOLD,right,2,0.2134799725337615,2,32838,31862,32.0
573515.04588948,ENDPOINT SOFT HOLD,right,3,0.24378530556191436,2,32550,31542,32.0
573515.048787941,ENDPOINT SOFT HOLD,right,4,1.732582742046235,2,32842,30292,31.0
573515.048818821,ENDPOINT SOFT HOLD,right,5,0.20476168513003543,2,32740,33123,35.0
573515.048828199,ENDPOINT SOFT HOLD,right,6,-0.30516319523918334,2,32831,33654,35.0
573515.048834882,ENDPOINT SOFT HOLD,right,7,0.5993934538796069,2,32761,30513,34.0
573515.048841494,ENDPOINT SOFT HOLD,right,8,0.12218036163881862,2,32804,32868,32.0
573515.057022168,ENDPOINT SOFT HOLD,right,1,-0.6016951247425055,2,32730,33304,31.0
573515.057074399,ENDPOINT SOFT HOLD,right,2,0.21386358434424402,2,32744,31873,32.0
573515.057087434,ENDPOINT SOFT HOLD,right,3,0.24378530556191436,2,32905,31710,32.0
573515.05709602,ENDPOINT SOFT HOLD,right,4,1.732582742046235,2,32853,30462,31.0
573515.059723269,ENDPOINT SOFT HOLD,right,5,0.20476168513003543,2,32767,32833,35.0
573515.059859351,ENDPOINT SOFT HOLD,right,6,-0.3047795834287008,2,32788,33329,35.0
573515.059869822,ENDPOINT SOFT HOLD,right,7,0.5997770656900894,2,32765,30431,34.0
573515.059877236,ENDPOINT SOFT HOLD,right,8,0.12256397344930114,2,32732,32815,32.0
573515.06269395,ENDPOINT SOFT HOLD,right,1,-0.6016951247425055,2,32823,33270,31.0
573515.062737103,ENDPOINT SOFT HOLD,right,2,0.21386358434424402,2,32743,31861,32.0
573515.062806868,ENDPOINT SOFT HOLD,right,3,0.24378530556191436,2,32850,31639,32.0
573515.062826115,ENDPOINT SOFT HOLD,right,4,1.732582742046235,2,32763,30557,31.0
573515.065362168,ENDPOINT SOFT HOLD,right,5,0.20476168513003543,2,32825,32994,35.0
573515.065392647,ENDPOINT SOFT HOLD,right,6,-0.3047795834287008,2,32752,33270,35.0
573515.065400602,ENDPOINT SOFT HOLD,right,7,0.5997770656900894,2,32668,30644,34.0
573515.067880278,ENDPOINT SOFT HOLD,right,1,-0.6016951247425055,2,32674,33269,31.0
573515.067906829,ENDPOINT SOFT HOLD,right,2,0.21386358434424402,2,32887,31909,32.0
573515.067915435,ENDPOINT SOFT HOLD,right,3,0.24378530556191436,2,32764,31662,32.0
573515.070276131,ENDPOINT SOFT HOLD,right,4,1.732582742046235,2,32686,30514,31.0
573515.070304005,ENDPOINT SOFT HOLD,right,5,0.20476168513003543,2,32768,33157,35.0
573515.070313573,ENDPOINT SOFT HOLD,right,6,-0.3047795834287008,2,32802,33136,35.0
573515.070320286,ENDPOINT SOFT HOLD,right,7,0.5997770656900894,2,32788,30636,34.0
573515.072722492,ENDPOINT SOFT HOLD,right,8,0.12218036163881862,2,32757,32815,32.0
573515.082693614,ENDPOINT SOFT HOLD,right,1,-0.6016951247425055,2,32861,33279,31.0
573515.082729372,ENDPOINT SOFT HOLD,right,2,0.21386358434424402,2,32893,31960,32.0
573515.082738831,ENDPOINT SOFT HOLD,right,3,0.24378530556191436,2,32991,31713,32.0
573515.082746385,ENDPOINT SOFT HOLD,right,4,1.7321991302357507,2,32702,30589,31.0
573515.082754681,ENDPOINT SOFT HOLD,right,5,0.20476168513003543,2,32778,33158,35.0
573515.082762266,ENDPOINT SOFT HOLD,right,6,-0.3047795834287008,2,32743,33281,35.0
573515.082772045,ENDPOINT SOFT HOLD,right,7,0.5993934538796069,2,32816,30567,34.0
573515.085342104,ENDPOINT SOFT HOLD,left,1,0.0021098649576565265,0,32684,32767,31.0
573515.085433079,ENDPOINT SOFT HOLD,left,2,0.004411535820553425,0,32660,32767,32.0
573515.085449981,ENDPOINT SOFT HOLD,left,3,-0.055048294804302955,0,32836,32767,32.0
573515.085459219,ENDPOINT SOFT HOLD,left,4,0.018988784618905186,0,32818,32767,32.0
573515.085502783,ENDPOINT SOFT HOLD,right,8,0.12218036163881862,2,32798,32661,32.0
573515.085515527,ENDPOINT SOFT HOLD,right,1,-0.6016951247425055,2,32897,33308,31.0
573515.085525787,ENDPOINT SOFT HOLD,right,2,0.21386358434424402,2,32598,31932,32.0
573515.085533091,ENDPOINT SOFT HOLD,right,3,0.24378530556191436,2,32635,31652,32.0
573515.087911001,ENDPOINT SOFT HOLD,left,5,-0.9166404211490047,0,32791,32767,35.0
573515.087934816,ENDPOINT SOFT HOLD,left,6,0.033182421606774426,0,32801,32767,35.0
573515.087942802,ENDPOINT SOFT HOLD,left,7,0.008631265735866478,0,32768,32767,33.0
573515.087956358,ENDPOINT SOFT HOLD,left,8,-0.10108171206225691,0,32805,32767,32.0
573515.087978751,ENDPOINT SOFT HOLD,right,4,1.7321991302357507,2,32597,30506,31.0
573515.087990484,ENDPOINT SOFT HOLD,right,5,0.20476168513003543,2,32771,33058,35.0
573515.088001575,ENDPOINT SOFT HOLD,right,6,-0.30516319523918334,2,32757,33130,35.0
573515.088015231,ENDPOINT SOFT HOLD,right,7,0.5997770656900894,2,32801,30726,34.0
573515.09306239,ENDPOINT SOFT HOLD,right,1,-0.6016951247425055,2,32810,33293,31.0
573515.093100183,ENDPOINT SOFT HOLD,right,2,0.2134799725337615,2,32688,31836,32.0
573515.09310901,ENDPOINT SOFT HOLD,right,3,0.24378530556191436,2,32799,31577,32.0
573515.095599246,ENDPOINT SOFT HOLD,right,4,1.732582742046235,2,32552,30509,31.0
573515.09563789,ENDPOINT SOFT HOLD,right,5,0.20476168513003543,2,32721,32908,35.0
573515.095649803,ENDPOINT SOFT HOLD,right,6,-0.30516319523918334,2,32791,33364,35.0
573515.095658159,ENDPOINT SOFT HOLD,right,7,0.5997770656900894,2,32744,30538,34.0
573515.095665263,ENDPOINT SOFT HOLD,right,8,0.12218036163881862,2,32810,32914,32.0
573515.100356727,ENDPOINT SOFT HOLD,right,8,0.12218036163881862,2,32814,32892,32.0
573515.10299608,ENDPOINT SOFT HOLD,right,1,-0.6016951247425055,2,32886,33296,31.0
573515.103043481,ENDPOINT SOFT HOLD,right,2,0.2134799725337615,2,32811,31862,32.0
573515.103056436,ENDPOINT SOFT HOLD,right,3,0.24378530556191436,2,32634,31540,32.0
573515.103066095,ENDPOINT SOFT HOLD,right,4,1.732582742046235,2,32950,30472,31.0
573515.105838053,ENDPOINT SOFT HOLD,right,5,0.20476168513003543,2,32702,33079,35.0
573515.105875986,ENDPOINT SOFT HOLD,right,6,-0.30516319523918334,2,32861,33382,35.0
573515.105890554,ENDPOINT SOFT HOLD,right,7,0.5993934538796069,2,32772,30478,34.0
573515.105899762,ENDPOINT SOFT HOLD,right,1,-0.6016951247425055,2,32808,33296,31.0
573515.108232113,ENDPOINT SOFT HOLD,right,2,0.21386358434424402,2,32720,31945,32.0
573515.108300023,ENDPOINT SOFT HOLD,right,3,0.24378530556191436,2,32949,31633,32.0
573515.108318449,ENDPOINT SOFT HOLD,right,4,1.7321991302357507,2,32722,30526,31.0
573515.108332165,ENDPOINT SOFT HOLD,right,5,0.20476168513003543,2,32717,32940,35.0
573515.110719944,ENDPOINT SOFT HOLD,right,6,-0.3047795834287008,2,32726,33362,35.0
573515.110767946,ENDPOINT SOFT HOLD,right,7,0.5997770656900894,2,32827,30471,34.0
573515.110813263,ENDPOINT SOFT HOLD,right,8,0.12218036163881862,2,32718,33051,32.0
573515.116067932,ENDPOINT SOFT HOLD,right,1,-0.6016951247425055,2,32772,33285,31.0
573515.116104603,ENDPOINT SOFT HOLD,right,2,0.2134799725337615,2,32811,31941,32.0
573515.116115564,ENDPOINT SOFT HOLD,right,3,0.24416891737239688,2,32656,31506,32.0
573515.118446002,ENDPOINT SOFT HOLD,right,4,1.732582742046235,2,32741,30534,31.0
573515.118473424,ENDPOINT SOFT HOLD,right,5,0.20476168513003543,2,32724,32993,35.0
573515.118483053,ENDPOINT SOFT HOLD,right,6,-0.3047795834287008,2,32788,33321,35.0
573515.118490577,ENDPOINT SOFT HOLD,right,7,0.5997770656900894,2,32765,30673,34.0
573515.120789274,ENDPOINT SOFT HOLD,right,8,0.12218036163881862,2,32806,32963,32.0
573515.123681794,ENDPOINT SOFT HOLD,right,1,-0.6016951247425055,2,32850,33298,31.0
573515.123744235,ENDPOINT SOFT HOLD,right,2,0.2134799725337615,2,32530,31970,32.0
573515.123758442,ENDPOINT SOFT HOLD,right,3,0.24416891737239688,2,32607,31531,32.0
573515.123767249,ENDPOINT SOFT HOLD,right,4,1.7321991302357507,2,32961,30496,31.0
573515.126347978,ENDPOINT SOFT HOLD,right,5,0.20476168513003543,2,32679,33121,35.0
573515.126385511,ENDPOINT SOFT HOLD,right,6,-0.30516319523918334,2,32801,33348,35.0
573515.126394147,ENDPOINT SOFT HOLD,right,7,0.5997770656900894,2,32784,30610,34.0
573515.126401702,ENDPOINT SOFT HOLD,right,1,-0.6016951247425055,2,32845,33308,31.0
573515.128731699,ENDPOINT SOFT HOLD,right,2,0.21386358434424402,2,32901,31968,32.0
573515.128769802,ENDPOINT SOFT HOLD,right,3,0.24378530556191436,2,32580,31621,32.0
573515.128782797,ENDPOINT SOFT HOLD,right,4,1.732582742046235,2,32822,30485,31.0
573515.128794049,ENDPOINT SOFT HOLD,right,5,0.20476168513003543,2,32791,32920,35.0
573515.131234168,ENDPOINT SOFT HOLD,right,6,-0.3047795834287008,2,32745,33501,35.0
573515.131262121,ENDPOINT SOFT HOLD,right,7,0.5997770656900894,2,32730,30717,34.0
573515.131270828,ENDPOINT SOFT HOLD,right,8,0.12256397344930114,2,32686,32920,32.0
573515.136694523,ENDPOINT SOFT HOLD,left,1,0.0021098649576565265,0,32819,32767,31.0
573515.136718679,ENDPOINT SOFT HOLD,left,2,0.004411535820553425,0,32740,32767,32.0
573515.136731845,ENDPOINT SOFT HOLD,left,3,-0.055048294804302955,0,32731,32767,32.0
573515.136747385,ENDPOINT SOFT HOLD,right,1,-0.6016951247425055,2,32822,33295,31.0
573515.136756342,ENDPOINT SOFT HOLD,right,2,0.2134799725337615,2,32709,31918,32.0
573515.136764688,ENDPOINT SOFT HOLD,right,3,0.24416891737239688,2,32644,31550,32.0
573515.138993941,ENDPOINT SOFT HOLD,left,4,0.018988784618905186,0,32749,32767,32.0
573515.139038908,ENDPOINT SOFT HOLD,left,5,-0.9166404211490047,0,32771,32767,35.0
573515.139056321,ENDPOINT SOFT HOLD,left,6,0.033182421606774426,0,32740,32767,35.0
573515.139069026,ENDPOINT SOFT HOLD,left,7,0.008631265735866478,0,32749,32767,33.0
573515.139092861,ENDPOINT SOFT HOLD,right,4,1.732582742046235,2,32770,30684,31.0
573515.139106327,ENDPOINT SOFT HOLD,right,5,0.20476168513003543,2,32812,33168,35.0
573515.139118501,ENDPOINT SOFT HOLD,right,6,-0.3047795834287008,2,32758,33388,35.0
573515.139129913,ENDPOINT SOFT HOLD,right,7,0.5997770656900894,2,32718,30402,34.0
573515.141396597,ENDPOINT SOFT HOLD,left,8,-0.10069810025177439,0,32706,32767,32.0
573515.141430533,ENDPOINT SOFT HOLD,right,8,0.12218036163881862,2,32796,32649,32.0
573515.144167293,ENDPOINT SOFT HOLD,right,1,-0.6016951247425055,2,32786,33302,31.0
573515.144239031,ENDPOINT SOFT HOLD,right,2,0.2134799725337615,2,32850,31968,32.0
573515.144261625,ENDPOINT SOFT HOLD,right,3,0.24416891737239688,2,32881,31513,32.0
573515.144272916,ENDPOINT SOFT HOLD,right,4,1.732582742046235,2,32696,30460,31.0
573515.147133525,ENDPOINT SOFT HOLD,right,5,0.20476168513003543,2,32838,32811,35.0
573515.147188241,ENDPOINT SOFT HOLD,right,6,-0.30516319523918334,2,32774,33226,35.0
573515.147205323,ENDPOINT SOFT HOLD,right,7,0.5997770656900894,2,32801,30706,34.0
573515.149729955,ENDPOINT SOFT HOLD,right,1,-0.6016951247425055,2,32707,33301,31.0
573515.14975878,ENDPOINT SOFT HOLD,right,2,0.2134799725337615,2,32958,32021,32.0
573515.149767076,ENDPOINT SOFT HOLD,right,3,0.24416891737239688,2,32827,31613,32.0
573515.152246251,ENDPOINT SOFT HOLD,right,4,1.7321991302357507,2,32895,30427,31.0
573515.15230804,ENDPOINT SOFT HOLD,right,5,0.20476168513003543,2,32817,32912,35.0
573515.152319622,ENDPOINT SOFT HOLD,right,6,-0.30516319523918334,2,32775,33306,35.0
573515.152326816,ENDPOINT SOFT HOLD,right,7,0.5997770656900894,2,32810,30664,34.0
573515.152335192,ENDPOINT SOFT HOLD,right,8,0.12256397344930114,2,32745,32600,32.0
573515.160079705,ENDPOINT SOFT HOLD,right,1,-0.6016951247425055,2,32766,33292,31.0
573515.160122979,ENDPOINT SOFT HOLD,right,2,0.21386358434424402,2,32654,31980,32.0
573515.160133759,ENDPOINT SOFT HOLD,right,3,0.24416891737239688,2,32857,31569,32.0
573515.160140262,ENDPOINT SOFT HOLD,right,4,1.732582742046235,2,32658,30631,31.0
573515.162509394,ENDPOINT SOFT HOLD,right,5,0.20476168513003543,2,32835,33064,35.0
573515.162541226,ENDPOINT SOFT HOLD,right,6,-0.30516319523918334,2,32825,33411,35.0
573515.162551966,ENDPOINT SOFT HOLD,right,7,0.5997770656900894,2,32813,30765,34.0
573515.162562927,ENDPOINT SOFT HOLD,right,8,0.12256397344930114,2,32739,32704,32.0
573515.165159578,ENDPOINT SOFT HOLD,right,1,-0.6016951247425055,2,32748,33291,31.0
573515.165196439,ENDPOINT SOFT HOLD,right,2,0.2134799725337615,2,32782,31919,32.0
573515.165206408,ENDPOINT SOFT HOLD,right,3,0.24416891737239688,2,32833,31654,32.0
573515.165241225,ENDPOINT SOFT HOLD,right,4,1.732582742046235,2,32906,30590,31.0
573515.167739275,ENDPOINT SOFT HOLD,right,5,0.20476168513003543,2,32764,33047,35.0
573515.167765937,ENDPOINT SOFT HOLD,right,6,-0.30516319523918334,2,32803,33421,35.0
573515.167776267,ENDPOINT SOFT HOLD,right,7,0.5997770656900894,2,32732,30571,34.0
573515.170138766,ENDPOINT SOFT HOLD,right,1,-0.6016951247425055,2,32663,33321,31.0
573515.170157793,ENDPOINT SOFT HOLD,right,2,0.2134799725337615,2,32903,32008,32.0
573515.170165247,ENDPOINT SOFT HOLD,right,3,0.24416891737239688,2,32718,31414,32.0
573515.172432603,ENDPOINT SOFT HOLD,right,4,1.732582742046235,2,32703,30523,31.0
573515.172459545,ENDPOINT SOFT HOLD,right,5,0.20476168513003543,2,32793,33114,35.0
573515.172467971,ENDPOINT SOFT HOLD,right,6,-0.30516319523918334,2,32775,33373,35.0
573515.172475316,ENDPOINT SOFT HOLD,right,7,0.5997770656900894,2,32744,30564,34.0
573515.174794973,ENDPOINT SOFT HOLD,right,8,0.12218036163881862,2,32738,32790,32.0
573515.182339681,ENDPOINT SOFT HOLD,right,1,-0.6016951247425055,2,32744,33323,31.0
573515.182365922,ENDPOINT SOFT HOLD,right,2,0.2134799725337615,2,32942,31885,32.0
573515.18237548,ENDPOINT SOFT HOLD,right,3,0.24416891737239688,2,32961,31597,32.0
573515.186387316,ENDPOINT SOFT HOLD,right,4,1.732582742046235,2,32681,30489,31.0
573515.186421842,ENDPOINT SOFT HOLD,right,5,0.20476168513003543,2,32729,33010,35.0
573515.186439005,ENDPOINT SOFT HOLD,right,6,-0.30516319523918334,2,32822,33277,35.0
573515.186452471,ENDPOINT SOFT HOLD,right,7,0.5997770656900894,2,32738,30796,34.0
573515.186463983,ENDPOINT SOFT HOLD,right,8,0.12256397344930114,2,32723,32943,32.0
573515.186475385,ENDPOINT SOFT HOLD,right,1,-0.6016951247425055,2,32769,33321,31.0
573515.186486928,ENDPOINT SOFT HOLD,right,2,0.2134799725337615,2,32763,31949,32.0
573515.188976231,ENDPOINT SOFT HOLD,left,1,0.0021098649576565265,0,32803,32767,31.0
573515.18901686,ENDPOINT SOFT HOLD,left,2,0.004411535820553425,0,32848,32767,32.0
573515.189025957,ENDPOINT SOFT HOLD,left,3,-0.055048294804302955,0,32801,32767,32.0
573515.189046136,ENDPOINT SOFT HOLD,right,3,0.24416891737239688,2,33053,31697,32.0
573515.189053069,ENDPOINT SOFT HOLD,right,4,1.732582742046235,2,32612,30429,31.0
573515.1890587,ENDPOINT SOFT HOLD,right,5,0.20476168513003543,2,32716,32960,35.0
573515.189064251,ENDPOINT SOFT HOLD,right,6,-0.30516319523918334,2,32764,33446,35.0
573515.189069802,ENDPOINT SOFT HOLD,right,7,0.5997770656900894,2,32681,30651,34.0
573515.191299114,ENDPOINT SOFT HOLD,left,4,0.018988784618905186,0,32971,32767,32.0
573515.191313542,ENDPOINT SOFT HOLD,left,5,-0.9166404211490047,0,32768,32767,35.0
573515.191319874,ENDPOINT SOFT HOLD,left,6,0.033182421606774426,0,32832,32767,35.0
573515.191325355,ENDPOINT SOFT HOLD,left,7,0.008631265735866478,0,32789,32767,33.0
573515.193562693,ENDPOINT SOFT HOLD,left,8,-0.10108171206225691,0,32799,32767,32.0
573515.193593172,ENDPOINT SOFT HOLD,right,1,-0.6016951247425055,2,32968,33282,31.0
573515.19360758,ENDPOINT SOFT HOLD,right,2,0.2134799725337615,2,32775,31949,32.0
573515.193619363,ENDPOINT SOFT HOLD,right,3,0.24416891737239688,2,32838,31637,32.0
573515.195877401,ENDPOINT SOFT HOLD,right,4,1.732582742046235,2,32456,30434,31.0
573515.19589756,ENDPOINT SOFT HOLD,right,5,0.20476168513003543,2,32733,32922,35.0
573515.195910725,ENDPOINT SOFT HOLD,right,6,-0.30516319523918334,2,32751,33338,35.0
573515.195922388,ENDPOINT SOFT HOLD,right,7,0.5997770656900894,2,32778,30639,34.0
573515.198178863,ENDPOINT SOFT HOLD,right,8,0.12256397344930114,2,32756,32863,32.0
573515.205244369,ENDPOINT SOFT HOLD,right,1,-0.6016951247425055,2,32871,33306,31.0
573515.205313342,ENDPOINT SOFT HOLD,right,2,0.21386358434424402,2,32744,31898,32.0
573515.205331236,ENDPOINT SOFT HOLD,right,3,0.24416891737239688,2,32694,31584,32.0
573515.205344712,ENDPOINT SOFT HOLD,right,4,1.7321991302357507,2,32877,30566,31.0
573515.208241791,ENDPOINT SOFT HOLD,right,5,0.20476168513003543,2,32787,33033,35.0
573515.208268282,ENDPOINT SOFT HOLD,right,6,-0.30554680704966763,2,32770,33276,35.0
573515.208276879,ENDPOINT SOFT HOLD,right,7,0.5997770656900894,2,32801,30574,34.0
573515.208284784,ENDPOINT SOFT HOLD,right,8,0.12218036163881862,2,32757,32794,32.0
573515.208291086,ENDPOINT SOFT HOLD,right,1,-0.6016951247425055,2,32881,33330,31.0
573515.210642364,ENDPOINT SOFT HOLD,right,2,0.2134799725337615,2,32701,31944,32.0
573515.2106665,ENDPOINT SOFT HOLD,right,3,0.24416891737239688,2,32922,31621,32.0
573515.210674566,ENDPOINT SOFT HOLD,right,4,1.7321991302357507,2,32800,30520,31.0
573515.21068203,ENDPOINT SOFT HOLD,right,5,0.20476168513003543,2,32643,33097,35.0
573515.213238994,ENDPOINT SOFT HOLD,right,6,-0.30516319523918334,2,32801,33613,35.0
573515.213282818,ENDPOINT SOFT HOLD,right,7,0.5997770656900894,2,32866,30595,34.0
573515.216288917,ENDPOINT SOFT HOLD,right,1,-0.602078736552988,2,32801,33319,31.0
573515.216323684,ENDPOINT SOFT HOLD,right,2,0.2134799725337615,2,32835,31896,32.0
573515.216336389,ENDPOINT SOFT HOLD,right,3,0.24416891737239688,2,32805,31665,32.0
573515.216348382,ENDPOINT SOFT HOLD,right,4,1.7321991302357507,2,32845,30474,31.0
573515.218691724,ENDPOINT SOFT HOLD,right,5,0.20476168513003543,2,32689,33070,35.0
573515.218715801,ENDPOINT SOFT HOLD,right,6,-0.30516319523918334,2,32825,33489,35.0
573515.218723846,ENDPOINT SOFT HOLD,right,7,0.5997770656900894,2,32752,30392,34.0
573515.21873122,ENDPOINT SOFT HOLD,right,8,0.12256397344930114,2,32747,32897,32.0
573515.228279938,ENDPOINT SOFT HOLD,right,1,-0.6016951247425055,2,32659,33300,31.0
573515.228297362,ENDPOINT SOFT HOLD,right,2,0.2134799725337615,2,33017,31908,32.0
573515.228304916,ENDPOINT SOFT HOLD,right,3,0.24416891737239688,2,32588,31553,32.0
573515.228311309,ENDPOINT SOFT HOLD,right,4,1.7321991302357507,2,32637,30613,31.0
573515.230531174,ENDPOINT SOFT HOLD,right,5,0.20476168513003543,2,32824,32941,35.0
573515.230550691,ENDPOINT SOFT HOLD,right,6,-0.30516319523918334,2,32804,33380,35.0
573515.230566041,ENDPOINT SOFT HOLD,right,7,0.5997770656900894,2,32730,30542,34.0
573515.230572724,ENDPOINT SOFT HOLD,right,8,0.12256397344930114,2,32719,32712,32.0
573515.23289205,ENDPOINT SOFT HOLD,right,1,-0.6016951247425055,2,32760,33360,31.0
573515.232927628,ENDPOINT SOFT HOLD,right,2,0.2134799725337615,2,32929,31932,32.0
573515.232937608,ENDPOINT SOFT HOLD,right,3,0.24416891737239688,2,32561,31649,32.0
573515.232945353,ENDPOINT SOFT HOLD,right,4,1.7321991302357507,2,32822,30780,31.0
573515.235367356,ENDPOINT SOFT HOLD,right,5,0.20476168513003543,2,32787,33036,35.0
573515.235390381,ENDPOINT SOFT HOLD,right,6,-0.30516319523918334,2,32738,33358,35.0
573515.235401312,ENDPOINT SOFT HOLD,right,7,0.5997770656900894,2,32748,30528,34.0
573515.235416311,ENDPOINT SOFT HOLD,right,8,0.12256397344930114,2,32736,32802,32.0
573515.241738405,ENDPOINT SOFT HOLD,left,1,0.0021098649576565265,0,32809,32767,31.0
573515.241768473,ENDPOINT SOFT HOLD,left,2,0.004411535820553425,0,32672,32767,32.0
573515.241778623,ENDPOINT SOFT HOLD,left,3,-0.055048294804302955,0,32711,32767,32.0
573515.24179824,ENDPOINT SOFT HOLD,right,1,-0.6016951247425055,2,32707,33373,31.0
573515.241808089,ENDPOINT SOFT HOLD,right,2,0.2134799725337615,2,32743,32022,32.0
573515.241816435,ENDPOINT SOFT HOLD,right,3,0.24416891737239688,2,32789,31583,32.0
573515.241823669,ENDPOINT SOFT HOLD,right,4,1.7321991302357507,2,32807,30578,31.0
573515.244246435,ENDPOINT SOFT HOLD,left,4,0.018988784618905186,0,32692,32767,32.0
573515.244286773,ENDPOINT SOFT HOLD,left,5,-0.9166404211490047,0,32810,32767,35.0
573515.244298515,ENDPOINT SOFT HOLD,left,6,0.033182421606774426,0,32813,32767,35.0
573515.244307433,ENDPOINT SOFT HOLD,left,7,0.008631265735866478,0,32767,32767,33.0
573515.244316049,ENDPOINT SOFT HOLD,left,8,-0.10108171206225691,0,32819,32767,32.0
573515.244339374,ENDPOINT SOFT HOLD,right,5,0.20476168513003543,2,32774,32992,35.0
573515.244350045,ENDPOINT SOFT HOLD,right,6,-0.30516319523918334,2,32769,33273,35.0
573515.24435817,ENDPOINT SOFT HOLD,right,7,0.5997770656900894,2,32801,30509,34.0
573515.244365965,ENDPOINT SOFT HOLD,right,8,0.12256397344930114,2,32736,32825,32.0
573515.24972755,ENDPOINT SOFT HOLD,right,1,-0.6016951247425055,2,32656,33314,31.0
573515.249759291,ENDPOINT SOFT HOLD,right,2,0.2134799725337615,2,32798,32063,32.0
573515.249770372,ENDPOINT SOFT HOLD,right,3,0.24416891737239688,2,32634,31579,32.0
573515.252077686,ENDPOINT SOFT HOLD,right,4,1.7321991302357507,2,32870,30493,31.0
573515.252129395,ENDPOINT SOFT HOLD,right,5,0.20476168513003543,2,32806,32668,35.0
573515.252153011,ENDPOINT SOFT HOLD,right,6,-0.30554680704966763,2,32828,33492,35.0
573515.252171817,ENDPOINT SOFT HOLD,right,7,0.5997770656900894,2,32807,30463,34.0
573515.25218877,ENDPOINT SOFT HOLD,right,1,-0.602078736552988,2,32788,33340,31.0
573515.254675588,ENDPOINT SOFT HOLD,right,2,0.2134799725337615,2,32642,31901,32.0
573515.254739011,ENDPOINT SOFT HOLD,right,3,0.24416891737239688,2,32677,31657,32.0
573515.25474926,ENDPOINT SOFT HOLD,right,4,1.7321991302357507,2,32895,30708,31.0
573515.254758498,ENDPOINT SOFT HOLD,right,5,0.20476168513003543,2,32747,32913,35.0
573515.257354096,ENDPOINT SOFT HOLD,right,6,-0.30554680704966763,2,32738,33466,35.0
573515.257382661,ENDPOINT SOFT HOLD,right,7,0.5997770656900894,2,32739,30626,34.0
573515.257390266,ENDPOINT SOFT HOLD,right,8,0.12218036163881862,2,32839,32739,32.0
573515.262468846,ENDPOINT SOFT HOLD,right,1,-0.6016951247425055,2,32830,33348,31.0
573515.26249722,ENDPOINT SOFT HOLD,right,2,0.2134799725337615,2,32760,31975,32.0
573515.262506919,ENDPOINT SOFT HOLD,right,3,0.24416891737239688,2,32803,31563,32.0
573515.26477164,ENDPOINT SOFT HOLD,right,4,1.7321991302357507,2,32910,30588,31.0
573515.264788463,ENDPOINT SOFT HOLD,right,5,0.20476168513003543,2,32783,32771,35.0
573515.264796067,ENDPOINT SOFT HOLD,right,6,-0.30554680704966763,2,32780,33488,35.0
573515.26480249,ENDPOINT SOFT HOLD,right,7,0.5997770656900894,2,32761,30595,34.0
573515.267153056,ENDPOINT SOFT HOLD,right,8,0.12218036163881862,2,32766,32884,32.0
573515.270173342,ENDPOINT SOFT HOLD,right,1,-0.602078736552988,2,32553,33347,31.0
573515.270188592,ENDPOINT SOFT HOLD,right,2,0.2134799725337615,2,32749,31919,32.0
573515.270195816,ENDPOINT SOFT HOLD,right,3,0.24416891737239688,2,32722,31545,32.0
573515.270202509,ENDPOINT SOFT HOLD,right,4,1.7321991302357507,2,32869,30470,31.0
573515.272437673,ENDPOINT SOFT HOLD,right,5,0.20476168513003543,2,32839,32870,35.0
573515.272460697,ENDPOINT SOFT HOLD,right,6,-0.30554680704966763,2,32722,33455,35.0
573515.272468402,ENDPOINT SOFT HOLD,right,7,0.5997770656900894,2,32810,30623,34.0
573515.274839819,ENDPOINT SOFT HOLD,right,1,-0.602078736552988,2,32876,33336,31.0
573515.274967264,ENDPOINT SOFT HOLD,right,2,0.2134799725337615,2,32737,31945,32.0
573515.27498098,ENDPOINT SOFT HOLD,right,3,0.24416891737239688,2,32866,31756,32.0
573515.274990298,ENDPOINT SOFT HOLD,right,4,1.732582742046235,2,32722,30654,31.0
573515.274998344,ENDPOINT SOFT HOLD,right,5,0.20476168513003543,2,32828,33022,35.0
573515.277702,ENDPOINT SOFT HOLD,right,6,-0.30554680704966763,2,32771,33275,35.0
573515.277749051,ENDPOINT SOFT HOLD,right,7,0.6001606775005737,2,32729,30769,34.0
573515.277765733,ENDPOINT SOFT HOLD,right,8,0.12218036163881862,2,32787,33029,32.0
573515.282986667,ENDPOINT SOFT HOLD,right,1,-0.602078736552988,2,32798,33303,31.0
573515.283028337,ENDPOINT SOFT HOLD,right,2,0.2134799725337615,2,32719,31920,32.0
573515.283039158,ENDPOINT SOFT HOLD,right,3,0.24416891737239688,2,32573,31594,32.0
573515.283048025,ENDPOINT SOFT HOLD,right,4,1.7321991302357507,2,32884,30517,31.0
573515.285366069,ENDPOINT SOFT HOLD,right,5,0.20476168513003543,2,32711,33125,35.0
573515.285391889,ENDPOINT SOFT HOLD,right,6,-0.30516319523918334,2,32760,33690,35.0
573515.285403711,ENDPOINT SOFT HOLD,right,7,0.5997770656900894,2,32796,30394,34.0
573515.285411587,ENDPOINT SOFT HOLD,right,8,0.12218036163881862,2,32775,32885,32.0
573515.291715756,ENDPOINT SOFT HOLD,right,1,-0.602078736552988,2,32750,33338,31.0
573515.29173832,ENDPOINT SOFT HOLD,right,2,0.2134799725337615,2,32760,31903,32.0
573515.291748329,ENDPOINT SOFT HOLD,right,3,0.24416891737239688,2,32834,31610,32.0
573515.294144143,ENDPOINT SOFT HOLD,left,1,0.0021098649576565265,0,32615,32767,31.0
573515.294170313,ENDPOINT SOFT HOLD,left,2,0.004411535820553425,0,32820,32767,32.0
573515.294180903,ENDPOINT SOFT HOLD,left,3,-0.055048294804302955,0,32745,32767,32.0
573515.29419975,ENDPOINT SOFT HOLD,right,4,1.732582742046235,2,32674,30472,31.0
573515.294209519,ENDPOINT SOFT HOLD,right,5,0.20476168513003543,2,32767,32650,35.0
573515.29422077,ENDPOINT SOFT HOLD,right,6,-0.30554680704966763,2,32897,33268,35.0
573515.294234637,ENDPOINT SOFT HOLD,right,7,0.5997770656900894,2,32753,30693,34.0
573515.294259395,ENDPOINT SOFT HOLD,right,1,-0.602078736552988,2,32760,33330,31.0
573515.296676079,ENDPOINT SOFT HOLD,left,4,0.018988784618905186,0,32809,32767,32.0
573515.29670288,ENDPOINT SOFT HOLD,left,5,-0.9166404211490047,0,32735,32767,35.0
573515.296712749,ENDPOINT SOFT HOLD,left,6,0.033182421606774426,0,32765,32767,35.0
573515.296720624,ENDPOINT SOFT HOLD,left,7,0.008631265735866478,0,32712,32767,33.0
573515.296728059,ENDPOINT SOFT HOLD,left,8,-0.10108171206225691,0,32752,32767,32.0
573515.296743559,ENDPOINT SOFT HOLD,right,2,0.2134799725337615,2,32818,31979,32.0
573515.296752175,ENDPOINT SOFT HOLD,right,3,0.24416891737239688,2,32721,31547,32.0
573515.296759088,ENDPOINT SOFT HOLD,right,4,1.7321991302357507,2,32870,30665,31.0
573515.296766092,ENDPOINT SOFT HOLD,right,5,0.20476168513003543,2,32757,32742,35.0
573515.299232581,ENDPOINT SOFT HOLD,right,6,-0.30554680704966763,2,32703,33493,35.0
573515.299259002,ENDPOINT SOFT HOLD,right,7,0.6001606775005737,2,32654,30703,34.0
573515.299266968,ENDPOINT SOFT HOLD,right,8,0.12218036163881862,2,32732,32864,32.0
573515.306684,ENDPOINT SOFT HOLD,right,1,-0.602078736552988,2,32755,33359,31.0
573515.306722515,ENDPOINT SOFT HOLD,right,2,0.2134799725337615,2,32666,31983,32.0
573515.306736161,ENDPOINT SOFT HOLD,right,3,0.24416891737239688,2,32738,31695,32.0
573515.309123228,ENDPOINT SOFT HOLD,right,4,1.732582742046235,2,32735,30413,31.0
573515.309221317,ENDPOINT SOFT HOLD,right,5,0.20514529694051795,2,32746,33033,35.0
573515.309235805,ENDPOINT SOFT HOLD,right,6,-0.30554680704966763,2,32740,33302,35.0
573515.309245273,ENDPOINT SOFT HOLD,right,7,0.5997770656900894,2,32781,30606,34.0
573515.30925414,ENDPOINT SOFT HOLD,right,8,0.12218036163881862,2,32749,32992,32.0
573515.312435867,ENDPOINT SOFT HOLD,right,1,-0.602078736552988,2,32760,33345,31.0
573515.312494129,ENDPOINT SOFT HOLD,right,2,0.2134799725337615,2,32881,32037,32.0
573515.312506774,ENDPOINT SOFT HOLD,right,3,0.24416891737239688,2,32697,31726,32.0
573515.312517534,ENDPOINT SOFT HOLD,right,4,1.732582742046235,2,32894,30521,31.0
573515.314945119,ENDPOINT SOFT HOLD,right,5,0.20476168513003543,2,32756,32905,35.0
573515.314982631,ENDPOINT SOFT HOLD,right,6,-0.30554680704966763,2,32751,33297,35.0
573515.314993342,ENDPOINT SOFT HOLD,right,7,0.6001606775005737,2,32786,30646,34.0
573515.317472306,ENDPOINT SOFT HOLD,right,1,-0.602078736552988,2,32854,33345,31.0
573515.317532291,ENDPOINT SOFT HOLD,right,2,0.2134799725337615,2,32948,31986,32.0
573515.317545847,ENDPOINT SOFT HOLD,right,3,0.24416891737239688,2,32752,31644,32.0
573515.31989456,ENDPOINT SOFT HOLD,right,4,1.7321991302357507,2,32798,30417,31.0
573515.319926722,ENDPOINT SOFT HOLD,right,5,0.20476168513003543,2,32809,32850,35.0
573515.319936371,ENDPOINT SOFT HOLD,right,6,-0.30554680704966763,2,32798,33279,35.0
573515.319943745,ENDPOINT SOFT HOLD,right,7,0.6001606775005737,2,32792,30597,34.0
573515.322310042,ENDPOINT SOFT HOLD,right,8,0.12218036163881862,2,32799,32858,32.0
573515.329217122,ENDPOINT SOFT HOLD,right,1,-0.602078736552988,2,32820,33384,31.0
573515.329240317,ENDPOINT SOFT HOLD,right,2,0.2134799725337615,2,32666,32016,32.0
573515.329248082,ENDPOINT SOFT HOLD,right,3,0.24416891737239688,2,32760,31761,32.0
573515.331445524,ENDPOINT SOFT HOLD,right,4,1.732582742046235,2,32662,30609,31.0
573515.331460533,ENDPOINT SOFT HOLD,right,5,0.20476168513003543,2,32758,32912,35.0
573515.331467907,ENDPOINT SOFT HOLD,right,6,-0.30554680704966763,2,32819,33365,35.0
573515.33147452,ENDPOINT SOFT HOLD,right,7,0.6001606775005737,2,32804,30608,34.0
573515.333965947,ENDPOINT SOFT HOLD,right,8,0.12218036163881862,2,32812,32890,32.0
573515.334000855,ENDPOINT SOFT HOLD,right,1,-0.602078736552988,2,32760,33340,31.0
573515.334019711,ENDPOINT SOFT HOLD,right,2,0.2134799725337615,2,32862,31968,32.0
573515.334027406,ENDPOINT SOFT HOLD,right,3,0.24378530556191436,2,32914,31616,32.0
573515.336360048,ENDPOINT SOFT HOLD,right,4,1.732582742046235,2,32644,30520,31.0
573515.336383974,ENDPOINT SOFT HOLD,right,5,0.20476168513003543,2,32738,32841,35.0
573515.3363926,ENDPOINT SOFT HOLD,right,6,-0.30554680704966763,2,32750,33148,35.0
573515.336400095,ENDPOINT SOFT HOLD,right,7,0.6001606775005737,2,32762,30634,34.0
573515.338645389,ENDPOINT SOFT HOLD,right,8,0.12218036163881862,2,32871,32644,32.0
573515.340949987,ENDPOINT SOFT HOLD,right,1,-0.602078736552988,2,32883,33354,31.0
573515.34106602,ENDPOINT SOFT HOLD,right,2,0.21386358434424402,2,32815,31973,32.0
573515.34112812,ENDPOINT SOFT HOLD,right,3,0.24378530556191436,2,32772,31702,32.0
573515.344977803,ENDPOINT SOFT HOLD,right,4,1.7321991302357507,2,32882,30556,31.0
573515.345027248,ENDPOINT SOFT HOLD,right,5,0.20476168513003543,2,32806,32770,35.0
573515.345037278,ENDPOINT SOFT HOLD,right,6,-0.30554680704966763,2,32771,33273,35.0
573515.345045133,ENDPOINT SOFT HOLD,right,7,0.6001606775005737,2,32804,30625,34.0
573515.345052126,ENDPOINT SOFT HOLD,right,8,0.12218036163881862,2,32723,32845,32.0
573515.347658315,ENDPOINT SOFT HOLD,left,1,0.0021098649576565265,0,32746,32767,31.0
573515.347765761,ENDPOINT SOFT HOLD,left,2,0.004411535820553425,0,32748,32767,32.0
573515.347777063,ENDPOINT SOFT HOLD,left,3,-0.055048294804302955,0,32891,32767,32.0
573515.350354727,ENDPOINT SOFT HOLD,left,4,0.018988784618905186,0,32844,32767,32.0
573515.350384865,ENDPOINT SOFT HOLD,left,5,-0.9166404211490047,0,32766,32767,35.0
573515.350392961,ENDPOINT SOFT HOLD,left,6,0.033182421606774426,0,32736,32767,34.0
573515.350398912,ENDPOINT SOFT HOLD,left,7,0.008631265735866478,0,32802,32767,33.0
573515.350403972,ENDPOINT SOFT HOLD,left,8,-0.10108171206225691,0,32827,32767,32.0
573515.35281227,ENDPOINT SOFT HOLD,right,1,-0.602078736552988,2,32809,33347,31.0
573515.352848299,ENDPOINT SOFT HOLD,right,2,0.2134799725337615,2,32708,31970,32.0
573515.352863899,ENDPOINT SOFT HOLD,right,3,0.24378530556191436,2,32707,31674,32.0
573515.355953268,ENDPOINT SOFT HOLD,right,4,1.7321991302357507,2,32739,30529,31.0
573515.35597986,ENDPOINT SOFT HOLD,right,5,0.20476168513003543,2,32792,32947,35.0
573515.355988216,ENDPOINT SOFT HOLD,right,6,-0.30554680704966763,2,32736,33303,35.0
573515.355994588,ENDPOINT SOFT HOLD,right,7,0.6001606775005737,2,32848,30528,34.0
573515.356007232,ENDPOINT SOFT HOLD,right,8,0.12218036163881862,2,32811,32906,32.0
573515.358341848,ENDPOINT SOFT HOLD,right,1,-0.602078736552988,2,32772,33419,31.0
573515.358369441,ENDPOINT SOFT HOLD,right,2,0.2134799725337615,2,32797,32016,32.0
573515.358377687,ENDPOINT SOFT HOLD,right,3,0.24416891737239688,2,32537,31661,32.0
573515.358383959,ENDPOINT SOFT HOLD,right,4,1.7321991302357507,2,32820,30508,31.0
573515.36065388,ENDPOINT SOFT HOLD,right,5,0.20476168513003543,2,32743,32974,35.0
573515.360676253,ENDPOINT SOFT HOLD,right,6,-0.30554680704966763,2,32750,33431,35.0
573515.360686874,ENDPOINT SOFT HOLD,right,7,0.6001606775005737,2,32791,30545,34.0
573515.36301647,ENDPOINT SOFT HOLD,right,1,-0.6024623483634706,2,32657,33369,31.0
573515.363062408,ENDPOINT SOFT HOLD,right,2,0.2134799725337615,2,33012,31836,32.0
573515.363079431,ENDPOINT SOFT HOLD,right,3,0.24416891737239688,2,32873,31657,32.0
573515.365450898,ENDPOINT SOFT HOLD,right,4,1.7321991302357507,2,32868,30403,31.0
573515.365482819,ENDPOINT SOFT HOLD,right,5,0.20476168513003543,2,32816,32821,35.0
573515.36549377,ENDPOINT SOFT HOLD,right,6,-0.30554680704966763,2,32755,33431,35.0
573515.365502227,ENDPOINT SOFT HOLD,right,7,0.5997770656900894,2,32822,30416,34.0
573515.365509721,ENDPOINT SOFT HOLD,right,8,0.12256397344930114,2,32688,32961,32.0
573515.375262151,ENDPOINT SOFT HOLD,right,1,-0.602078736552988,2,32783,33348,31.0
573515.375306857,ENDPOINT SOFT HOLD,right,2,0.2134799725337615,2,32826,31936,32.0
573515.375317097,ENDPOINT SOFT HOLD,right,3,0.24416891737239688,2,32767,31682,32.0
573515.378328406,ENDPOINT SOFT HOLD,right,4,1.7321991302357507,2,32761,30456,31.0
573515.378395936,ENDPOINT SOFT HOLD,right,5,0.20476168513003543,2,32892,33007,35.0
573515.378410253,ENDPOINT SOFT HOLD,right,6,-0.30554680704966763,2,32768,33547,35.0
573515.378420253,ENDPOINT SOFT HOLD,right,7,0.5997770656900894,2,32813,30550,34.0
573515.37842921,ENDPOINT SOFT HOLD,right,8,0.12256397344930114,2,32802,32829,32.0
573515.378437175,ENDPOINT SOFT HOLD,right,1,-0.6024623483634706,2,32857,33339,31.0
573515.380972277,ENDPOINT SOFT HOLD,right,2,0.2134799725337615,2,32753,31959,32.0
573515.381030118,ENDPOINT SOFT HOLD,right,3,0.24378530556191436,2,32749,31704,32.0
573515.381040388,ENDPOINT SOFT HOLD,right,4,1.732582742046235,2,32639,30532,31.0
573515.381047752,ENDPOINT SOFT HOLD,right,5,0.20476168513003543,2,32816,33115,35.0
573515.383745417,ENDPOINT SOFT HOLD,right,6,-0.30554680704966763,2,32732,33361,35.0
573515.383775495,ENDPOINT SOFT HOLD,right,7,0.6001606775005737,2,32828,30663,34.0
573515.386424447,ENDPOINT SOFT HOLD,right,1,-0.6024623483634706,2,32791,33355,31.0
573515.386459554,ENDPOINT SOFT HOLD,right,2,0.2134799725337615,2,32816,31972,32.0
573515.38646777,ENDPOINT SOFT HOLD,right,3,0.24416891737239688,2,32757,31612,32.0
573515.388780083,ENDPOINT SOFT HOLD,right,4,1.732582742046235,2,32770,30552,31.0
573515.388805692,ENDPOINT SOFT HOLD,right,5,0.20476168513003543,2,32811,33020,35.0
573515.388814228,ENDPOINT SOFT HOLD,right,6,-0.30554680704966763,2,32793,33206,35.0
573515.388820911,ENDPOINT SOFT HOLD,right,7,0.5997770656900894,2,32836,30548,34.0
573515.388828145,ENDPOINT SOFT HOLD,right,8,0.12256397344930114,2,32771,32812,32.0
573515.400108908,ENDPOINT SOFT HOLD,left,1,0.0021098649576565265,0,32865,32767,31.0
573515.400138415,ENDPOINT SOFT HOLD,left,2,0.004411535820553425,0,32803,32767,32.0
573515.400157412,ENDPOINT SOFT HOLD,left,3,-0.055048294804302955,0,32780,32767,32.0
573515.400164616,ENDPOINT SOFT HOLD,left,4,0.018988784618905186,0,32742,32767,32.0
573515.400183522,ENDPOINT SOFT HOLD,right,1,-0.6024623483634706,2,32784,33322,31.0
573515.400191477,ENDPOINT SOFT HOLD,right,2,0.2134799725337615,2,32760,31972,32.0
573515.400198511,ENDPOINT SOFT HOLD,right,3,0.24378530556191436,2,32866,31519,32.0
573515.400205124,ENDPOINT SOFT HOLD,right,4,1.732582742046235,2,32918,30482,31.0
573515.402509592,ENDPOINT SOFT HOLD,left,5,-0.9166404211490047,0,32720,32767,35.0
573515.402539339,ENDPOINT SOFT HOLD,left,6,0.033182421606774426,0,32775,32767,35.0
573515.402549388,ENDPOINT SOFT HOLD,left,7,0.008631265735866478,0,32731,32767,33.0
573515.402557534,ENDPOINT SOFT HOLD,left,8,-0.10108171206225691,0,32774,32767,32.0
573515.402577252,ENDPOINT SOFT HOLD,right,5,0.20476168513003543,2,32831,33047,35.0
573515.402587582,ENDPOINT SOFT HOLD,right,6,-0.30554680704966763,2,32824,33365,35.0
573515.402596258,ENDPOINT SOFT HOLD,right,7,0.6001606775005737,2,32842,30456,34.0
573515.402601989,ENDPOINT SOFT HOLD,right,8,0.12256397344930114,2,32687,32808,32.0
573515.405259738,ENDPOINT SOFT HOLD,right,1,-0.6024623483634706,2,32644,33376,31.0
573515.405285948,ENDPOINT SOFT HOLD,right,2,0.2134799725337615,2,32796,31999,32.0
573515.405292761,ENDPOINT SOFT HOLD,right,3,0.24416891737239688,2,32552,31726,32.0
573515.405298733,ENDPOINT SOFT HOLD,right,4,1.7321991302357507,2,32917,30513,31.0
573515.40754622,ENDPOINT SOFT HOLD,right,5,0.20476168513003543,2,32699,32937,35.0
573515.407567642,ENDPOINT SOFT HOLD,right,6,-0.30516319523918334,2,32716,33317,35.0
573515.407574335,ENDPOINT SOFT HOLD,right,7,0.6001606775005737,2,32768,30427,34.0
573515.410011257,ENDPOINT SOFT HOLD,right,1,-0.6024623483634706,2,32816,33339,31.0
573515.410063939,ENDPOINT SOFT HOLD,right,2,0.2134799725337615,2,32668,31966,32.0
573515.410089017,ENDPOINT SOFT HOLD,right,3,0.24416891737239688,2,32802,31679,32.0
573515.412809476,ENDPOINT SOFT HOLD,right,4,1.732582742046235,2,32964,30523,31.0
573515.412896684,ENDPOINT SOFT HOLD,right,5,0.20476168513003543,2,32749,32910,35.0
573515.412909739,ENDPOINT SOFT HOLD,right,6,-0.30554680704966763,2,32749,33288,35.0
573515.412918125,ENDPOINT SOFT HOLD,right,7,0.5997770656900894,2,32834,30511,34.0
573515.41292579,ENDPOINT SOFT HOLD,right,8,0.12218036163881862,2,32771,32876,32.0
573515.420878224,ENDPOINT SOFT HOLD,right,1,-0.6024623483634706,2,32698,33314,31.0
573515.42090736,ENDPOINT SOFT HOLD,right,2,0.2134799725337615,2,32813,31974,32.0
573515.420921347,ENDPOINT SOFT HOLD,right,3,0.24416891737239688,2,32675,31540,32.0
573515.420929392,ENDPOINT SOFT HOLD,right,4,1.732582742046235,2,32677,30545,31.0
573515.423381164,ENDPOINT SOFT HOLD,right,5,0.20476168513003543,2,32757,33096,35.0
573515.423412775,ENDPOINT SOFT HOLD,right,6,-0.30554680704966763,2,32716,33335,35.0
573515.423422103,ENDPOINT SOFT HOLD,right,7,0.6001606775005737,2,32783,30704,34.0
573515.423428796,ENDPOINT SOFT HOLD,right,8,0.12256397344930114,2,32752,32744,32.0
573515.425978626,ENDPOINT SOFT HOLD,right,1,-0.6024623483634706,2,32782,33339,31.0
573515.426090391,ENDPOINT SOFT HOLD,right,2,0.21386358434424402,2,32599,31944,32.0
573515.426134746,ENDPOINT SOFT HOLD,right,3,0.24416891737239688,2,32912,31712,32.0
573515.426154975,ENDPOINT SOFT HOLD,right,4,1.732582742046235,2,32745,30445,31.0
573515.426172098,ENDPOINT SOFT HOLD,right,5,0.20476168513003543,2,32759,33106,35.0
573515.428736286,ENDPOINT SOFT HOLD,right,6,-0.30554680704966763,2,32733,33214,35.0
573515.428762597,ENDPOINT SOFT HOLD,right,7,0.6001606775005737,2,32700,30600,34.0
573515.431145917,ENDPOINT SOFT HOLD,right,1,-0.6024623483634706,2,32812,33365,31.0
573515.431163009,ENDPOINT SOFT HOLD,right,2,0.2134799725337615,2,32929,31978,32.0
573515.431169682,ENDPOINT SOFT HOLD,right,3,0.24416891737239688,2,32787,31672,32.0
573515.433375129,ENDPOINT SOFT HOLD,right,4,1.732582742046235,2,32830,30313,31.0
573515.433393825,ENDPOINT SOFT HOLD,right,5,0.20476168513003543,2,32750,32821,35.0
573515.433401289,ENDPOINT SOFT HOLD,right,6,-0.30554680704966763,2,32847,33130,35.0
573515.433408173,ENDPOINT SOFT HOLD,right,7,0.6001606775005737,2,32701,30666,34.0
573515.435836719,ENDPOINT SOFT HOLD,right,8,0.12218036163881862,2,32709,32929,32.0
573515.441711873,ENDPOINT SOFT HOLD,right,1,-0.6024623483634706,2,32681,33330,31.0
573515.441740709,ENDPOINT SOFT HOLD,right,2,0.2134799725337615,2,32745,32021,32.0
573515.441750959,ENDPOINT SOFT HOLD,right,3,0.24416891737239688,2,32775,31510,32.0
573515.441759365,ENDPOINT SOFT HOLD,right,4,1.732582742046235,2,32673,30532,31.0
573515.444249981,ENDPOINT SOFT HOLD,right,5,0.20476168513003543,2,32805,33155,35.0
573515.444287343,ENDPOINT SOFT HOLD,right,6,-0.30554680704966763,2,32790,33321,35.0
573515.444298775,ENDPOINT SOFT HOLD,right,7,0.6001606775005737,2,32706,30688,34.0
573515.444308814,ENDPOINT SOFT HOLD,right,8,0.12218036163881862,2,32797,32866,32.0
573515.446865818,ENDPOINT SOFT HOLD,right,1,-0.6028459601739531,2,32866,33382,31.0
573515.446917418,ENDPOINT SOFT HOLD,right,2,0.2134799725337615,2,32735,32001,32.0
573515.446930352,ENDPOINT SOFT HOLD,right,3,0.24416891737239688,2,32968,31587,32.0
573515.4469393,ENDPOINT SOFT HOLD,right,4,1.732582742046235,2,32737,30366,31.0
573515.450851263,ENDPOINT SOFT HOLD,right,5,0.20476168513003543,2,32740,33059,35.0
573515.450882934,ENDPOINT SOFT HOLD,right,6,-0.30554680704966763,2,32769,33340,35.0
573515.450892071,ENDPOINT SOFT HOLD,right,7,0.6001606775005737,2,32788,30696,34.0
573515.45090149,ENDPOINT SOFT HOLD,right,8,0.12218036163881862,2,32814,32792,32.0
573515.453219624,ENDPOINT SOFT HOLD,left,1,0.0021098649576565265,0,32750,32767,31.0
573515.45323835,ENDPOINT SOFT HOLD,left,2,0.004411535820553425,0,32669,32767,32.0
573515.453244772,ENDPOINT SOFT HOLD,left,3,-0.055048294804302955,0,32756,32767,32.0
573515.453259781,ENDPOINT SOFT HOLD,right,1,-0.6024623483634706,2,32776,33356,31.0
573515.453266143,ENDPOINT SOFT HOLD,right,2,0.21386358434424402,2,32622,31991,32.0
573515.453271704,ENDPOINT SOFT HOLD,right,3,0.24416891737239688,2,32858,31628,32.0
573515.455524913,ENDPOINT SOFT HOLD,left,4,0.018988784618905186,0,32847,32767,32.0
573515.455568457,ENDPOINT SOFT HOLD,left,5,-0.9166404211490047,0,32767,32767,35.0
573515.455577785,ENDPOINT SOFT HOLD,left,6,0.033182421606774426,0,32776,32767,35.0
573515.455587303,ENDPOINT SOFT HOLD,left,7,0.008631265735866478,0,32808,32767,33.0
573515.455614906,ENDPOINT SOFT HOLD,right,4,1.732582742046235,2,32634,30453,31.0
573515.455626138,ENDPOINT SOFT HOLD,right,5,0.20514529694051795,2,32745,33065,35.0
573515.455634243,ENDPOINT SOFT HOLD,right,6,-0.30554680704966763,2,32774,33218,35.0
573515.455642289,ENDPOINT SOFT HOLD,right,7,0.6001606775005737,2,32779,30581,34.0
573515.458442311,ENDPOINT SOFT HOLD,left,8,-0.10108171206225691,0,32783,32767,32.0
573515.458497287,ENDPOINT SOFT HOLD,right,8,0.12256397344930114,2,32827,32830,32.0
573515.463621364,ENDPOINT SOFT HOLD,right,1,-0.6028459601739531,2,32966,33344,31.0
573515.463643747,ENDPOINT SOFT HOLD,right,2,0.2134799725337615,2,32900,31970,32.0
573515.46365021,ENDPOINT SOFT HOLD,right,3,0.24416891737239688,2,32794,31639,32.0
573515.463655851,ENDPOINT SOFT HOLD,right,4,1.732582742046235,2,32865,30425,31.0
573515.465949147,ENDPOINT SOFT HOLD,right,5,0.20514529694051795,2,32663,33038,35.0
573515.465998061,ENDPOINT SOFT HOLD,right,6,-0.30554680704966763,2,32783,33173,35.0
573515.46602863,ENDPOINT SOFT HOLD,right,7,0.6001606775005737,2,32812,30577,34.0
573515.46603892,ENDPOINT SOFT HOLD,right,1,-0.6028459601739531,2,32842,33345,31.0
573515.468467667,ENDPOINT SOFT HOLD,right,2,0.2134799725337615,2,32743,32015,32.0
573515.468482606,ENDPOINT SOFT HOLD,right,3,0.24416891737239688,2,32816,31702,32.0
573515.468488828,ENDPOINT SOFT HOLD,right,4,1.732582742046235,2,32853,30442,31.0
573515.468494809,ENDPOINT SOFT HOLD,right,5,0.20476168513003543,2,32812,33025,35.0
573515.470711057,ENDPOINT SOFT HOLD,right,6,-0.30516319523918334,2,32790,33277,35.0
573515.470730654,ENDPOINT SOFT HOLD,right,7,0.6001606775005737,2,32721,30549,34.0
573515.470748889,ENDPOINT SOFT HOLD,right,8,0.12256397344930114,2,32708,32880,32.0
573515.478178847,ENDPOINT SOFT HOLD,right,1,-0.6028459601739531,2,32777,33384,31.0
573515.478295342,ENDPOINT SOFT HOLD,right,2,0.2134799725337615,2,32863,31938,32.0
573515.47830483,ENDPOINT SOFT HOLD,right,3,0.24416891737239688,2,32832,31642,32.0
573515.478311884,ENDPOINT SOFT HOLD,right,4,1.732582742046235,2,32814,30491,31.0
573515.480839972,ENDPOINT SOFT HOLD,right,5,0.20476168513003543,2,32796,32955,35.0
573515.48088582,ENDPOINT SOFT HOLD,right,6,-0.30516319523918334,2,32756,33424,35.0
573515.48089614,ENDPOINT SOFT HOLD,right,7,0.6001606775005737,2,32799,30669,34.0
573515.480904146,ENDPOINT SOFT HOLD,right,8,0.12218036163881862,2,32751,32773,32.0
573515.483681614,ENDPOINT SOFT HOLD,right,1,-0.6028459601739531,2,32783,33360,31.0
573515.483719788,ENDPOINT SOFT HOLD,right,2,0.2134799725337615,2,32749,32013,32.0
573515.483751409,ENDPOINT SOFT HOLD,right,3,0.24416891737239688,2,33091,31584,32.0
573515.483758663,ENDPOINT SOFT HOLD,right,4,1.732582742046235,2,32943,30537,31.0
573515.486051317,ENDPOINT SOFT HOLD,right,5,0.20476168513003543,2,32820,33069,35.0
573515.486075724,ENDPOINT SOFT HOLD,right,6,-0.30554680704966763,2,32795,33419,35.0
573515.486084431,ENDPOINT SOFT HOLD,right,7,0.6001606775005737,2,32781,30754,34.0
573515.488599304,ENDPOINT SOFT HOLD,right,1,-0.6024623483634706,2,32885,33364,31.0
573515.48881525,ENDPOINT SOFT HOLD,right,2,0.2134799725337615,2,32860,32012,32.0
573515.488830459,ENDPOINT SOFT HOLD,right,3,0.24416891737239688,2,32819,31659,32.0
573515.488837022,ENDPOINT SOFT HOLD,right,4,1.732582742046235,2,32946,30540,31.0
573515.491223257,ENDPOINT SOFT HOLD,right,5,0.20476168513003543,2,32818,32900,35.0
573515.491249197,ENDPOINT SOFT HOLD,right,6,-0.30554680704966763,2,32718,33283,35.0
573515.491257012,ENDPOINT SOFT HOLD,right,7,0.6001606775005737,2,32719,30571,34.0
573515.491263895,ENDPOINT SOFT HOLD,right,8,0.12218036163881862,2,32753,32863,32.0
573515.500471125,ENDPOINT SOFT HOLD,right,1,-0.6028459601739531,2,32825,33380,31.0
573515.500493719,ENDPOINT SOFT HOLD,right,2,0.2134799725337615,2,32690,31921,32.0
573515.500501594,ENDPOINT SOFT HOLD,right,3,0.24416891737239688,2,32781,31735,32.0
573515.504079895,ENDPOINT SOFT HOLD,right,4,1.732582742046235,2,32737,30350,31.0
573515.504120994,ENDPOINT SOFT HOLD,right,5,0.20476168513003543,2,32766,33118,35.0
573515.504130893,ENDPOINT SOFT HOLD,right,6,-0.30516319523918334,2,32733,33352,35.0
573515.504137326,ENDPOINT SOFT HOLD,right,7,0.6001606775005737,2,32761,30634,34.0
573515.504143487,ENDPOINT SOFT HOLD,right,8,0.12218036163881862,2,32791,33054,32.0
573515.504149228,ENDPOINT SOFT HOLD,right,1,-0.6028459601739531,2,32923,33371,31.0
573515.506467373,ENDPOINT SOFT HOLD,left,1,0.0021098649576565265,0,32698,32767,31.0
573515.506488193,ENDPOINT SOFT HOLD,left,2,0.004411535820553425,0,32795,32767,32.0
573515.506494856,ENDPOINT SOFT HOLD,left,3,-0.055048294804302955,0,32869,32767,32.0
573515.506506899,ENDPOINT SOFT HOLD,right,2,0.2134799725337615,2,32893,32085,32.0
573515.506517489,ENDPOINT SOFT HOLD,right,3,0.24416891737239688,2,32768,31635,32.0
573515.506522669,ENDPOINT SOFT HOLD,right,4,1.732582742046235,2,32663,30405,31.0
573515.506527438,ENDPOINT SOFT HOLD,right,5,0.20476168513003543,2,32772,33099,35.0
573515.508769356,ENDPOINT SOFT HOLD,left,4,0.018988784618905186,0,32813,32767,32.0
573515.508835253,ENDPOINT SOFT HOLD,left,5,-0.9166404211490047,0,32800,32767,35.0
573515.508849941,ENDPOINT SOFT HOLD,left,6,0.033182421606774426,0,32787,32767,35.0
573515.508862756,ENDPOINT SOFT HOLD,left,7,0.008631265735866478,0,32788,32767,33.0
573515.508909345,ENDPOINT SOFT HOLD,right,6,-0.30554680704966763,2,32791,33265,35.0
573515.50892714,ENDPOINT SOFT HOLD,right,7,0.6001606775005737,2,32769,30574,34.0
573515.511520393,ENDPOINT SOFT HOLD,left,8,-0.10108171206225691,0,32721,32767,32.0
573515.511713695,ENDPOINT SOFT HOLD,right,1,-0.6028459601739531,2,32718,33382,31.0
573515.51173691,ENDPOINT SOFT HOLD,right,2,0.2134799725337615,2,32775,31993,32.0
573515.511748813,ENDPOINT SOFT HOLD,right,3,0.24416891737239688,2,32754,31625,32.0
573515.511759884,ENDPOINT SOFT HOLD,right,4,1.732582742046235,2,32872,30497,31.0
573515.514363999,ENDPOINT SOFT HOLD,right,5,0.20476168513003543,2,32738,33027,35.0
573515.51441103,ENDPOINT SOFT HOLD,right,6,-0.30554680704966763,2,32790,33230,35.0
573515.514422281,ENDPOINT SOFT HOLD,right,7,0.6001606775005737,2,32708,30525,34.0
573515.514434054,ENDPOINT SOFT HOLD,right,8,0.12218036163881862,2,32777,32750,32.0
573515.521963213,ENDPOINT SOFT HOLD,right,1,-0.6028459601739531,2,32654,33389,31.0
573515.522015113,ENDPOINT SOFT HOLD,right,2,0.2134799725337615,2,32872,31946,32.0
573515.522023639,ENDPOINT SOFT HOLD,right,3,0.24378530556191436,2,32824,31638,32.0
573515.524540175,ENDPOINT SOFT HOLD,right,4,1.732582742046235,2,32752,30496,31.0
573515.524574882,ENDPOINT SOFT HOLD,right,5,0.20476168513003543,2,32747,32998,35.0
573515.524587687,ENDPOINT SOFT HOLD,right,6,-0.30554680704966763,2,32787,33286,35.0
573515.524598778,ENDPOINT SOFT HOLD,right,7,0.6001606775005737,2,32808,30677,34.0
573515.524608657,ENDPOINT SOFT HOLD,right,8,0.12256397344930114,2,32720,32856,32.0
573515.526923956,ENDPOINT SOFT HOLD,right,1,-0.6028459601739531,2,32692,33374,31.0
573515.526950427,ENDPOINT SOFT HOLD,right,2,0.2134799725337615,2,32646,32026,32.0
573515.526958322,ENDPOINT SOFT HOLD,right,3,0.24416891737239688,2,32663,31595,32.0
573515.526964794,ENDPOINT SOFT HOLD,right,4,1.732582742046235,2,32676,30495,31.0
573515.529259994,ENDPOINT SOFT HOLD,right,5,0.20476168513003543,2,32804,32876,35.0
573515.529281415,ENDPOINT SOFT HOLD,right,6,-0.30554680704966763,2,32811,33331,35.0
573515.52928906,ENDPOINT SOFT HOLD,right,7,0.6001606775005737,2,32710,30695,34.0
573515.533823282,ENDPOINT SOFT HOLD,right,1,-0.6028459601739531,2,32698,33357,31.0
573515.533845915,ENDPOINT SOFT HOLD,right,2,0.2134799725337615,2,33027,31961,32.0
573515.533853159,ENDPOINT SOFT HOLD,right,3,0.24416891737239688,2,32832,31609,32.0
573515.536080438,ENDPOINT SOFT HOLD,right,4,1.732582742046235,2,32846,30618,31.0
573515.536090187,ENDPOINT SOFT HOLD,right,5,0.20476168513003543,2,32769,32978,35.0
573515.536096229,ENDPOINT SOFT HOLD,right,6,-0.30554680704966763,2,32779,33273,35.0
573515.536101569,ENDPOINT SOFT HOLD,right,7,0.6001606775005737,2,32727,30577,34.0
573515.538253453,ENDPOINT SOFT HOLD,right,8,0.12218036163881862,2,32822,32904,32.0
573515.546629944,ENDPOINT SOFT HOLD,right,1,-0.6028459601739531,2,32807,33340,31.0
573515.546679038,ENDPOINT SOFT HOLD,right,2,0.2134799725337615,2,32846,31943,32.0
573515.546697624,ENDPOINT SOFT HOLD,right,3,0.24378530556191436,2,32831,31580,32.0
573515.546711451,ENDPOINT SOFT HOLD,right,4,1.732582742046235,2,32716,30514,31.0
573515.546724876,ENDPOINT SOFT HOLD,right,5,0.20476168513003543,2,32747,32908,35.0
573515.54917288,ENDPOINT SOFT HOLD,right,6,-0.30554680704966763,2,32782,33280,35.0
573515.549209461,ENDPOINT SOFT HOLD,right,7,0.6001606775005737,2,32779,30541,34.0
573515.549223307,ENDPOINT SOFT HOLD,right,8,0.12256397344930114,2,32765,33028,32.0
573515.549233707,ENDPOINT SOFT HOLD,right,1,-0.6028459601739531,2,32724,33389,31.0
573515.551666202,ENDPOINT SOFT HOLD,right,2,0.2134799725337615,2,32726,31952,32.0
573515.551734393,ENDPOINT SOFT HOLD,right,3,0.24416891737239688,2,32832,31727,32.0
573515.551746566,ENDPOINT SOFT HOLD,right,4,1.732582742046235,2,32861,30587,31.0
573515.551756516,ENDPOINT SOFT HOLD,right,5,0.20476168513003543,2,32794,32994,35.0
573515.555547326,ENDPOINT SOFT HOLD,right,6,-0.30554680704966763,2,32794,33293,35.0
573515.555618082,ENDPOINT SOFT HOLD,right,7,0.6001606775005737,2,32712,30607,34.0
573515.555637449,ENDPOINT SOFT HOLD,right,8,0.12256397344930114,2,32774,32740,32.0
573515.558477999,ENDPOINT SOFT HOLD,left,1,0.0021098649576565265,0,32791,32767,31.0
573515.558620674,ENDPOINT SOFT HOLD,left,2,0.004411535820553425,0,32804,32767,32.0
573515.558635863,ENDPOINT SOFT HOLD,left,3,-0.055048294804302955,0,32727,32767,32.0
573515.55864477,ENDPOINT SOFT HOLD,left,4,0.018988784618905186,0,32842,32767,32.0
573515.558818956,ENDPOINT SOFT HOLD,right,1,-0.6028459601739531,2,32830,33367,31.0
573515.558848783,ENDPOINT SOFT HOLD,right,2,0.2134799725337615,2,32855,32066,32.0
573515.558859354,ENDPOINT SOFT HOLD,right,3,0.24416891737239688,2,32852,31648,32.0
573515.558867169,ENDPOINT SOFT HOLD,right,4,1.732582742046235,2,32816,30461,31.0
573515.561248344,ENDPOINT SOFT HOLD,left,5,-0.9166404211490047,0,32813,32767,35.0
573515.56127213,ENDPOINT SOFT HOLD,left,6,0.033182421606774426,0,32743,32767,35.0
573515.561280176,ENDPOINT SOFT HOLD,left,7,0.008631265735866478,0,32816,32767,33.0
573515.561286398,ENDPOINT SOFT HOLD,left,8,-0.10108171206225691,0,32751,32767,32.0
573515.561304843,ENDPOINT SOFT HOLD,right,5,0.20476168513003543,2,32764,32966,35.0
573515.561315614,ENDPOINT SOFT HOLD,right,6,-0.30554680704966763,2,32756,33181,35.0
573515.561323309,ENDPOINT SOFT HOLD,right,7,0.6001606775005737,2,32780,30564,34.0
573515.561329781,ENDPOINT SOFT HOLD,right,8,0.12256397344930114,2,32745,32719,32.0
573515.56658969,ENDPOINT SOFT HOLD,right,1,-0.6028459601739531,2,32804,33379,31.0
573515.566613566,ENDPOINT SOFT HOLD,right,2,0.2134799725337615,2,32825,31961,32.0
573515.566621491,ENDPOINT SOFT HOLD,right,3,0.24416891737239688,2,32463,31678,32.0
573515.566628454,ENDPOINT SOFT HOLD,right,4,1.732582742046235,2,32794,30441,31.0
573515.569096477,ENDPOINT SOFT HOLD,right,5,0.20476168513003543,2,32716,33095,35.0
573515.5691239,ENDPOINT SOFT HOLD,right,6,-0.30516319523918334,2,32752,33374,35.0
573515.569131815,ENDPOINT SOFT HOLD,right,7,0.6001606775005737,2,32784,30491,34.0
573515.569138498,ENDPOINT SOFT HOLD,right,1,-0.6028459601739531,2,32777,33419,31.0
573515.571576633,ENDPOINT SOFT HOLD,right,2,0.2134799725337615,2,32638,31937,32.0
573515.571594648,ENDPOINT SOFT HOLD,right,3,0.24416891737239688,2,32615,31662,32.0
573515.571601471,ENDPOINT SOFT HOLD,right,4,1.732582742046235,2,32890,30562,31.0
573515.571607933,ENDPOINT SOFT HOLD,right,5,0.20476168513003543,2,32729,32978,35.0
573515.573837757,ENDPOINT SOFT HOLD,right,6,-0.30516319523918334,2,32704,33282,35.0
573515.573861483,ENDPOINT SOFT HOLD,right,7,0.6001606775005737,2,32760,30612,34.0
573515.573868887,ENDPOINT SOFT HOLD,right,8,0.12256397344930114,2,32775,32794,32.0
573515.581749874,ENDPOINT SOFT HOLD,right,1,-0.6028459601739531,2,32576,33380,31.0
573515.58180523,ENDPOINT SOFT HOLD,right,2,0.2134799725337615,2,32694,31995,32.0
573515.581815801,ENDPOINT SOFT HOLD,right,3,0.24378530556191436,2,32825,31636,32.0
573515.584330353,ENDPOINT SOFT HOLD,right,4,1.732582742046235,2,32799,30337,31.0
573515.584360331,ENDPOINT SOFT HOLD,right,5,0.20476168513003543,2,32765,32952,35.0
573515.584369539,ENDPOINT SOFT HOLD,right,6,-0.30554680704966763,2,32754,33295,35.0
573515.584377935,ENDPOINT SOFT HOLD,right,7,0.6001606775005737,2,32698,30602,34.0
573515.584385139,ENDPOINT SOFT HOLD,right,8,0.12256397344930114,2,32777,32836,32.0
573515.58696147,ENDPOINT SOFT HOLD,right,1,-0.6028459601739531,2,32684,33382,31.0
573515.587012618,ENDPOINT SOFT HOLD,right,2,0.2134799725337615,2,32813,32045,32.0
573515.587021926,ENDPOINT SOFT HOLD,right,3,0.24378530556191436,2,32871,31630,32.0
573515.589336283,ENDPOINT SOFT HOLD,right,4,1.732582742046235,2,32870,30410,31.0
573515.589358776,ENDPOINT SOFT HOLD,right,5,0.20476168513003543,2,32714,32959,35.0
573515.589367262,ENDPOINT SOFT HOLD,right,6,-0.30554680704966763,2,32744,33424,35.0
573515.589374897,ENDPOINT SOFT HOLD,right,7,0.6001606775005737,2,32793,30603,34.0
573515.591800478,ENDPOINT SOFT HOLD,right,1,-0.6028459601739531,2,32872,33368,31.0
573515.591835385,ENDPOINT SOFT HOLD,right,2,0.2134799725337615,2,32769,32047,32.0
573515.591848902,ENDPOINT SOFT HOLD,right,3,0.24416891737239688,2,32617,31567,32.0
573515.594199247,ENDPOINT SOFT HOLD,right,4,1.732582742046235,2,32794,30565,31.0
573515.594222222,ENDPOINT SOFT HOLD,right,5,0.20476168513003543,2,32729,32971,35.0
573515.594230618,ENDPOINT SOFT HOLD,right,6,-0.30554680704966763,2,32748,33400,35.0
573515.594237902,ENDPOINT SOFT HOLD,right,7,0.6001606775005737,2,32791,30500,34.0
573515.596523894,ENDPOINT SOFT HOLD,right,8,0.12218036163881862,2,32768,32989,32.0
573515.60323092,ENDPOINT SOFT HOLD,right,1,-0.6028459601739531,2,32780,33361,31.0
573515.603261238,ENDPOINT SOFT HOLD,right,2,0.2134799725337615,2,32891,32021,32.0
573515.603270095,ENDPOINT SOFT HOLD,right,3,0.24416891737239688,2,32833,31578,32.0
573515.608319589,ENDPOINT SOFT HOLD,right,4,1.732582742046235,2,32756,30571,31.0
573515.608345539,ENDPOINT SOFT HOLD,right,5,0.20476168513003543,2,32734,32804,35.0
573515.608357071,ENDPOINT SOFT HOLD,right,6,-0.30554680704966763,2,32768,33277,35.0
573515.608366489,ENDPOINT SOFT HOLD,right,7,0.6001606775005737,2,32779,30513,34.0
573515.608375537,ENDPOINT SOFT HOLD,right,8,0.12256397344930114,2,32727,32918,32.0
573515.608391748,ENDPOINT SOFT HOLD,right,1,-0.6028459601739531,2,32868,33377,31.0
573515.60840326,ENDPOINT SOFT HOLD,right,2,0.2134799725337615,2,32649,32016,32.0
573515.608412057,ENDPOINT SOFT HOLD,right,3,0.24416891737239688,2,32671,31621,32.0
573515.608417557,ENDPOINT SOFT HOLD,right,4,1.732582742046235,2,32826,30389,31.0
573515.610996414,ENDPOINT SOFT HOLD,left,1,0.0021098649576565265,0,32836,32767,31.0
573515.611100604,ENDPOINT SOFT HOLD,left,2,0.004411535820553425,0,32743,32767,32.0
573515.61110854,ENDPOINT SOFT HOLD,left,3,-0.055048294804302955,0,32758,32767,32.0
573515.611116555,ENDPOINT SOFT HOLD,left,4,0.018988784618905186,0,32718,32767,32.0
573515.611140621,ENDPOINT SOFT HOLD,right,5,0.20476168513003543,2,32734,32946,35.0
573515.61115571,ENDPOINT SOFT HOLD,right,6,-0.30516319523918334,2,32693,33276,35.0
573515.61116572,ENDPOINT SOFT HOLD,right,7,0.6001606775005737,2,32815,30516,34.0
573515.614031128,ENDPOINT SOFT HOLD,left,5,-0.9166404211490047,0,32787,32767,35.0
573515.614150177,ENDPOINT SOFT HOLD,left,6,0.033182421606774426,0,32720,32767,35.0
573515.614171779,ENDPOINT SOFT HOLD,left,7,0.008631265735866478,0,32758,32767,33.0
573515.614187449,ENDPOINT SOFT HOLD,left,8,-0.10069810025177439,0,32722,32767,32.0
573515.614228638,ENDPOINT SOFT HOLD,right,1,-0.6028459601739531,2,32742,33381,31.0
573515.614242555,ENDPOINT SOFT HOLD,right,2,0.2134799725337615,2,32703,31935,32.0
573515.614254087,ENDPOINT SOFT HOLD,right,3,0.24416891737239688,2,32602,31657,32.0
573515.614262593,ENDPOINT SOFT HOLD,right,4,1.732582742046235,2,32928,30632,31.0
573515.616880134,ENDPOINT SOFT HOLD,right,5,0.20476168513003543,2,32789,32944,35.0
573515.616914951,ENDPOINT SOFT HOLD,right,6,-0.30516319523918334,2,32754,33362,35.0
573515.616925351,ENDPOINT SOFT HOLD,right,7,0.6001606775005737,2,32713,30613,34.0
573515.616933367,ENDPOINT SOFT HOLD,right,8,0.12256397344930114,2,32714,32709,32.0
573515.624048328,ENDPOINT SOFT HOLD,right,1,-0.6028459601739531,2,32799,33393,31.0
573515.624084187,ENDPOINT SOFT HOLD,right,2,0.2134799725337615,2,32897,31954,32.0
573515.624094366,ENDPOINT SOFT HOLD,right,3,0.24416891737239688,2,32605,31600,32.0
573515.626797782,ENDPOINT SOFT HOLD,right,4,1.732582742046235,2,32415,30261,31.0
573515.626830585,ENDPOINT SOFT HOLD,right,5,0.20476168513003543,2,32790,32940,35.0
573515.626845284,ENDPOINT SOFT HOLD,right,6,-0.30554680704966763,2,32835,33272,35.0
573515.626856545,ENDPOINT SOFT HOLD,right,7,0.6001606775005737,2,32737,30410,34.0
573515.626867176,ENDPOINT SOFT HOLD,right,8,0.12256397344930114,2,32758,33004,32.0
573515.629522549,ENDPOINT SOFT HOLD,right,1,-0.6028459601739531,2,32698,33384,31.0
573515.629550393,ENDPOINT SOFT HOLD,right,2,0.2134799725337615,2,32849,32050,32.0
573515.6295591,ENDPOINT SOFT HOLD,right,3,0.24416891737239688,2,32575,31706,32.0
573515.629568588,ENDPOINT SOFT HOLD,right,4,1.732582742046235,2,32719,30506,31.0
573515.631892343,ENDPOINT SOFT HOLD,right,5,0.20476168513003543,2,32807,32935,35.0
573515.631916419,ENDPOINT SOFT HOLD,right,6,-0.30554680704966763,2,32743,33235,35.0
573515.631924194,ENDPOINT SOFT HOLD,right,7,0.6001606775005737,2,32795,30578,34.0
573515.634349194,ENDPOINT SOFT HOLD,right,1,-0.6028459601739531,2,32696,33403,31.0
573515.634363612,ENDPOINT SOFT HOLD,right,2,0.2134799725337615,2,32856,32034,32.0
573515.634371146,ENDPOINT SOFT HOLD,right,3,0.24416891737239688,2,32806,31570,32.0
573515.636549962,ENDPOINT SOFT HOLD,right,4,1.732582742046235,2,32802,30400,31.0
573515.636563278,ENDPOINT SOFT HOLD,right,5,0.20514529694051795,2,32691,33041,35.0
573515.636570051,ENDPOINT SOFT HOLD,right,6,-0.30554680704966763,2,32739,33205,35.0
573515.636576583,ENDPOINT SOFT HOLD,right,7,0.6001606775005737,2,32821,30535,34.0
573515.638757483,ENDPOINT SOFT HOLD,right,8,0.12218036163881862,2,32852,32911,32.0
573515.646047301,ENDPOINT SOFT HOLD,right,1,-0.6028459601739531,2,32801,33382,31.0
573515.64609375,ENDPOINT SOFT HOLD,right,2,0.2134799725337615,2,32609,32095,32.0
573515.646104341,ENDPOINT SOFT HOLD,right,3,0.24416891737239688,2,32716,31641,32.0
573515.646113789,ENDPOINT SOFT HOLD,right,4,1.732582742046235,2,32902,30403,31.0
573515.64901734,ENDPOINT SOFT HOLD,right,5,0.20514529694051795,2,32723,32868,35.0
573515.649115519,ENDPOINT SOFT HOLD,right,6,-0.30554680704966763,2,32738,33356,35.0
573515.649135267,ENDPOINT SOFT HOLD,right,7,0.6001606775005737,2,32792,30518,34.0
573515.649144846,ENDPOINT SOFT HOLD,right,8,0.12256397344930114,2,32739,32781,32.0
573515.651811892,ENDPOINT SOFT HOLD,right,1,-0.6028459601739531,2,32738,33378,31.0
573515.651866998,ENDPOINT SOFT HOLD,right,2,0.2134799725337615,2,32766,31989,32.0
573515.651894561,ENDPOINT SOFT HOLD,right,3,0.24416891737239688,2,32857,31664,32.0
573515.654314411,ENDPOINT SOFT HOLD,right,4,1.732582742046235,2,32888,30347,31.0
573515.654377613,ENDPOINT SOFT HOLD,right,5,0.20476168513003543,2,32766,32999,35.0
573515.654389305,ENDPOINT SOFT HOLD,right,6,-0.30554680704966763,2,32821,33227,35.0
573515.654397892,ENDPOINT SOFT HOLD,right,7,0.6001606775005737,2,32777,30540,34.0
573515.657023367,ENDPOINT SOFT HOLD,right,1,-0.6028459601739531,2,32842,33426,31.0
573515.657050109,ENDPOINT SOFT HOLD,right,2,0.2134799725337615,2,32641,31949,32.0
573515.657059728,ENDPOINT SOFT HOLD,right,3,0.24378530556191436,2,33023,31600,32.0
573515.65706627,ENDPOINT SOFT HOLD,right,4,1.7329663538567175,2,32463,30384,31.0
573515.660945931,ENDPOINT SOFT HOLD,right,5,0.20514529694051795,2,32724,33137,35.0
573515.661026767,ENDPOINT SOFT HOLD,right,6,-0.30554680704966763,2,32774,33172,35.0
573515.661038479,ENDPOINT SOFT HOLD,right,7,0.6001606775005737,2,32752,30500,34.0
573515.661045783,ENDPOINT SOFT HOLD,right,8,0.12218036163881862,2,32804,32996,32.0
573515.661055753,ENDPOINT SOFT HOLD,right,8,0.12256397344930114,2,32808,32971,32.0
573515.663504318,ENDPOINT SOFT HOLD,left,1,0.0021098649576565265,0,32625,32767,31.0
573515.663528244,ENDPOINT SOFT HOLD,left,2,0.004411535820553425,0,32683,32767,32.0
573515.663539235,ENDPOINT SOFT HOLD,left,3,-0.055048294804302955,0,32755,32767,32.0
573515.665823775,ENDPOINT SOFT HOLD,left,4,0.018988784618905186,0,32894,32767,32.0
573515.665846669,ENDPOINT SOFT HOLD,left,5,-0.9166404211490047,0,32715,32767,35.0
573515.665853983,ENDPOINT SOFT HOLD,left,6,0.033182421606774426,0,32798,32767,35.0
573515.665860606,ENDPOINT SOFT HOLD,left,7,0.008631265735866478,0,32806,32767,33.0
573515.668226922,ENDPOINT SOFT HOLD,left,8,-0.10108171206225691,0,32747,32767,32.0
573515.668254175,ENDPOINT SOFT HOLD,right,1,-0.6028459601739531,2,32780,33375,31.0
573515.668264044,ENDPOINT SOFT HOLD,right,2,0.2134799725337615,2,32599,31961,32.0
573515.668271548,ENDPOINT SOFT HOLD,right,3,0.24416891737239688,2,32661,31563,32.0
573515.670544325,ENDPOINT SOFT HOLD,right,4,1.732582742046235,2,32871,30317,31.0
573515.670558472,ENDPOINT SOFT HOLD,right,5,0.20476168513003543,2,32735,32917,35.0
573515.670565636,ENDPOINT SOFT HOLD,right,6,-0.30554680704966763,2,32756,33300,35.0
573515.670571958,ENDPOINT SOFT HOLD,right,7,0.6001606775005737,2,32805,30444,34.0
573515.673148941,ENDPOINT SOFT HOLD,right,8,0.12218036163881862,2,32735,32923,32.0
573515.673191082,ENDPOINT SOFT HOLD,right,1,-0.6028459601739531,2,32833,33342,31.0
573515.673202183,ENDPOINT SOFT HOLD,right,2,0.2134799725337615,2,32646,31990,32.0
573515.67321086,ENDPOINT SOFT HOLD,right,3,0.24378530556191436,2,32783,31462,32.0
573515.673217763,ENDPOINT SOFT HOLD,right,4,1.732582742046235,2,32801,30586,31.0
573515.675548241,ENDPOINT SOFT HOLD,right,5,0.20476168513003543,2,32859,32752,35.0
573515.67558963,ENDPOINT SOFT HOLD,right,6,-0.30554680704966763,2,32731,33162,35.0
573515.675600832,ENDPOINT SOFT HOLD,right,7,0.6001606775005737,2,32776,30419,34.0
573515.680537569,ENDPOINT SOFT HOLD,right,1,-0.6028459601739531,2,32776,33360,31.0
573515.680576163,ENDPOINT SOFT HOLD,right,2,0.2134799725337615,2,32761,31977,32.0
573515.68058496,ENDPOINT SOFT HOLD,right,3,0.24416891737239688,2,32938,31589,32.0
573515.680592585,ENDPOINT SOFT HOLD,right,4,1.732582742046235,2,32749,30279,31.0
573515.682967328,ENDPOINT SOFT HOLD,right,5,0.20476168513003543,2,32793,32799,35.0
573515.683006844,ENDPOINT SOFT HOLD,right,6,-0.30516319523918334,2,32720,33251,35.0
573515.683016683,ENDPOINT SOFT HOLD,right,7,0.6001606775005737,2,32780,30526,34.0
573515.683026542,ENDPOINT SOFT HOLD,right,8,0.12256397344930114,2,32749,32749,32.0
573515.690873212,ENDPOINT SOFT HOLD,right,1,-0.6032295719844356,2,32843,33356,31.0
573515.690912347,ENDPOINT SOFT HOLD,right,2,0.2134799725337615,2,32705,31965,32.0
573515.690921755,ENDPOINT SOFT HOLD,right,3,0.24416891737239688,2,32678,31507,32.0
573515.690929661,ENDPOINT SOFT HOLD,right,4,1.732582742046235,2,32831,30379,31.0
573515.694314709,ENDPOINT SOFT HOLD,right,5,0.20476168513003543,2,32754,33062,35.0
573515.694347823,ENDPOINT SOFT HOLD,right,6,-0.30516319523918334,2,32713,33298,35.0
573515.694358163,ENDPOINT SOFT HOLD,right,7,0.6001606775005737,2,32738,30496,34.0
573515.694365737,ENDPOINT SOFT HOLD,right,8,0.12218036163881862,2,32828,32696,32.0
573515.694373172,ENDPOINT SOFT HOLD,right,1,-0.6028459601739531,2,32679,33363,31.0
573515.696661028,ENDPOINT SOFT HOLD,right,2,0.2134799725337615,2,32685,32002,32.0
573515.696681237,ENDPOINT SOFT HOLD,right,3,0.24416891737239688,2,32804,31598,32.0
573515.696687419,ENDPOINT SOFT HOLD,right,4,1.732582742046235,2,32751,30363,31.0
573515.69669349,ENDPOINT SOFT HOLD,right,5,0.20476168513003543,2,32761,32848,35.0
573515.698980585,ENDPOINT SOFT HOLD,right,6,-0.30554680704966763,2,32763,33285,35.0
573515.699011003,ENDPOINT SOFT HOLD,right,7,0.6001606775005737,2,32696,30891,34.0
573515.701308918,ENDPOINT SOFT HOLD,right,1,-0.6028459601739531,2,32572,33384,31.0
573515.701329428,ENDPOINT SOFT HOLD,right,2,0.2134799725337615,2,32566,32012,32.0
573515.701337493,ENDPOINT SOFT HOLD,right,3,0.24416891737239688,2,32803,31611,32.0
573515.703663432,ENDPOINT SOFT HOLD,right,4,1.732582742046235,2,32747,30393,31.0
573515.703733267,ENDPOINT SOFT HOLD,right,5,0.20476168513003543,2,32741,32986,35.0
573515.703752313,ENDPOINT SOFT HOLD,right,6,-0.30554680704966763,2,32747,33238,35.0
573515.703767232,ENDPOINT SOFT HOLD,right,7,0.6001606775005737,2,32745,30715,34.0
573515.706369774,ENDPOINT SOFT HOLD,right,8,0.12256397344930114,2,32812,32828,32.0
573515.715338264,ENDPOINT SOFT HOLD,left,1,0.0021098649576565265,0,32812,32767,31.0
573515.715396326,ENDPOINT SOFT HOLD,left,2,0.004411535820553425,0,32957,32767,32.0
573515.715413549,ENDPOINT SOFT HOLD,left,3,-0.055048294804302955,0,32803,32767,32.0
573515.715422707,ENDPOINT SOFT HOLD,left,4,0.018988784618905186,0,32845,32767,32.0
573515.715446653,ENDPOINT SOFT HOLD,right,1,-0.6028459601739531,2,32755,33424,31.0
573515.715457464,ENDPOINT SOFT HOLD,right,2,0.2134799725337615,2,32710,31994,32.0
573515.715506789,ENDPOINT SOFT HOLD,right,3,0.24416891737239688,2,32730,31673,32.0
573515.715516928,ENDPOINT SOFT HOLD,right,4,1.732582742046235,2,32690,30375,31.0
573515.71791176,ENDPOINT SOFT HOLD,left,5,-0.9166404211490047,0,32781,32767,35.0
573515.717946938,ENDPOINT SOFT HOLD,left,6,0.033182421606774426,0,32777,32767,35.0
573515.717956807,ENDPOINT SOFT HOLD,left,7,0.008631265735866478,0,32843,32767,33.0
573515.717963981,ENDPOINT SOFT HOLD,left,8,-0.10108171206225691,0,32755,32767,32.0
573515.717983498,ENDPOINT SOFT HOLD,right,5,0.20476168513003543,2,32750,32989,35.0
573515.717992045,ENDPOINT SOFT HOLD,right,6,-0.30554680704966763,2,32809,33310,35.0
573515.717998587,ENDPOINT SOFT HOLD,right,7,0.6001606775005737,2,32758,30529,34.0
573515.718025329,ENDPOINT SOFT HOLD,right,8,0.12256397344930114,2,32697,32711,32.0
573515.718032863,ENDPOINT SOFT HOLD,right,1,-0.6032295719844356,2,32728,33381,31.0
573515.720371727,ENDPOINT SOFT HOLD,right,2,0.2134799725337615,2,32656,32041,32.0
573515.720436231,ENDPOINT SOFT HOLD,right,3,0.24416891737239688,2,32904,31735,32.0
573515.720449777,ENDPOINT SOFT HOLD,right,4,1.732582742046235,2,32821,30408,31.0
573515.720460298,ENDPOINT SOFT HOLD,right,5,0.20476168513003543,2,32793,32764,35.0
573515.722977415,ENDPOINT SOFT HOLD,right,6,-0.30516319523918334,2,32691,33343,35.0
573515.723026089,ENDPOINT SOFT HOLD,right,7,0.6001606775005737,2,32822,30605,34.0
573515.725924801,ENDPOINT SOFT HOLD,right,1,-0.6028459601739531,2,32708,33378,31.0
573515.725975549,ENDPOINT SOFT HOLD,right,2,0.2134799725337615,2,32806,32021,32.0
573515.725986129,ENDPOINT SOFT HOLD,right,3,0.24416891737239688,2,32903,31735,32.0
573515.725993794,ENDPOINT SOFT HOLD,right,4,1.732582742046235,2,32906,30265,31.0
573515.72844837,ENDPOINT SOFT HOLD,right,5,0.20476168513003543,2,32691,33090,35.0
573515.728475162,ENDPOINT SOFT HOLD,right,6,-0.30516319523918334,2,32682,33297,35.0
573515.728501593,ENDPOINT SOFT HOLD,right,7,0.6001606775005737,2,32702,30507,34.0
573515.728512504,ENDPOINT SOFT HOLD,right,8,0.12256397344930114,2,32761,32910,32.0
573515.736041232,ENDPOINT SOFT HOLD,right,1,-0.6028459601739531,2,32818,33398,31.0
573515.736080628,ENDPOINT SOFT HOLD,right,2,0.2134799725337615,2,32724,31947,32.0
573515.736089174,ENDPOINT SOFT HOLD,right,3,0.24416891737239688,2,32764,31610,32.0
573515.736096017,ENDPOINT SOFT HOLD,right,4,1.732582742046235,2,32751,30441,31.0
573515.738459128,ENDPOINT SOFT HOLD,right,5,0.20476168513003543,2,32743,32958,35.0
573515.738497973,ENDPOINT SOFT HOLD,right,6,-0.30554680704966763,2,32767,33313,35.0
573515.738506509,ENDPOINT SOFT HOLD,right,7,0.6001606775005737,2,32763,30619,34.0
573515.738513683,ENDPOINT SOFT HOLD,right,8,0.12218036163881862,2,32753,32921,32.0
573515.740841957,ENDPOINT SOFT HOLD,right,1,-0.6032295719844356,2,32849,33405,31.0
573515.740865532,ENDPOINT SOFT HOLD,right,2,0.2134799725337615,2,32758,31978,32.0
573515.740873247,ENDPOINT SOFT HOLD,right,3,0.24416891737239688,2,32784,31644,32.0
573515.740880301,ENDPOINT SOFT HOLD,right,4,1.7329663538567175,2,32665,30339,31.0
573515.743265754,ENDPOINT SOFT HOLD,right,5,0.20476168513003543,2,32739,33032,35.0
573515.743298858,ENDPOINT SOFT HOLD,right,6,-0.30554680704966763,2,32810,33179,35.0
573515.743307204,ENDPOINT SOFT HOLD,right,7,0.6001606775005737,2,32725,30402,34.0
573515.7461823,ENDPOINT SOFT HOLD,right,1,-0.6028459601739531,2,32822,33405,31.0
573515.746237577,ENDPOINT SOFT HOLD,right,2,0.2134799725337615,2,32770,31974,32.0
573515.746250632,ENDPOINT SOFT HOLD,right,3,0.24416891737239688,2,32708,31554,32.0
573515.746260882,ENDPOINT SOFT HOLD,right,4,1.732582742046235,2,32597,30360,31.0
573515.748770074,ENDPOINT SOFT HOLD,right,5,0.20476168513003543,2,32777,32987,35.0
573515.748816523,ENDPOINT SOFT HOLD,right,6,-0.30554680704966763,2,32793,33172,35.0
573515.748829749,ENDPOINT SOFT HOLD,right,7,0.6001606775005737,2,32767,30391,34.0
573515.748842894,ENDPOINT SOFT HOLD,right,8,0.12256397344930114,2,32721,32802,32.0
573515.757420722,ENDPOINT SOFT HOLD,right,1,-0.6032295719844356,2,32688,33383,31.0
573515.757474736,ENDPOINT SOFT HOLD,right,2,0.2134799725337615,2,32877,31967,32.0
573515.757486779,ENDPOINT SOFT HOLD,right,3,0.24416891737239688,2,32717,31533,32.0
573515.757495386,ENDPOINT SOFT HOLD,right,4,1.732582742046235,2,32857,30212,31.0
573515.757503482,ENDPOINT SOFT HOLD,right,5,0.20476168513003543,2,32762,33075,35.0
573515.759957988,ENDPOINT SOFT HOLD,right,6,-0.30554680704966763,2,32773,33261,35.0
573515.759988136,ENDPOINT SOFT HOLD,right,7,0.6001606775005737,2,32822,30455,34.0
573515.760025218,ENDPOINT SOFT HOLD,right,8,0.12218036163881862,2,32736,32739,32.0
573515.760032472,ENDPOINT SOFT HOLD,right,1,-0.6032295719844356,2,32861,33391,31.0
573515.763519166,ENDPOINT SOFT HOLD,right,2,0.2134799725337615,2,32736,31963,32.0
573515.763546419,ENDPOINT SOFT HOLD,right,3,0.24416891737239688,2,33001,31606,32.0
573515.763554865,ENDPOINT SOFT HOLD,right,4,1.732582742046235,2,32809,30168,31.0
573515.76356263,ENDPOINT SOFT HOLD,right,5,0.20476168513003543,2,32822,32824,35.0
573515.763570184,ENDPOINT SOFT HOLD,right,6,-0.30516319523918334,2,32686,33316,35.0
573515.763577709,ENDPOINT SOFT HOLD,right,7,0.6001606775005737,2,32830,30464,34.0
573515.766161625,ENDPOINT SOFT HOLD,left,1,0.0021098649576565265,0,32823,32767,31.0
573515.766192464,ENDPOINT SOFT HOLD,left,2,0.004411535820553425,0,32844,32767,32.0
573515.766202884,ENDPOINT SOFT HOLD,left,3,-0.055048294804302955,0,32888,32767,32.0
573515.766228674,ENDPOINT SOFT HOLD,right,8,0.12256397344930114,2,32737,32759,32.0
573515.768601182,ENDPOINT SOFT HOLD,left,4,0.018988784618905186,0,32742,32767,32.0
573515.768629196,ENDPOINT SOFT HOLD,left,5,-0.9166404211490047,0,32791,32767,35.0
573515.768639376,ENDPOINT SOFT HOLD,left,6,0.033182421606774426,0,32752,32767,35.0
573515.768653834,ENDPOINT SOFT HOLD,left,7,0.008631265735866478,0,32737,32767,33.0
573515.768661539,ENDPOINT SOFT HOLD,left,8,-0.10108171206225691,0,32766,32767,32.0
573515.768684312,ENDPOINT SOFT HOLD,right,1,-0.6032295719844356,2,32758,33404,31.0
573515.76869355,ENDPOINT SOFT HOLD,right,2,0.2134799725337615,2,32815,32008,32.0
573515.768701135,ENDPOINT SOFT HOLD,right,3,0.24416891737239688,2,32598,31627,32.0
573515.771030771,ENDPOINT SOFT HOLD,right,4,1.732582742046235,2,32823,30506,31.0
573515.771061861,ENDPOINT SOFT HOLD,right,5,0.20476168513003543,2,32827,32797,35.0
573515.771072502,ENDPOINT SOFT HOLD,right,6,-0.30516319523918334,2,32743,33305,35.0
573515.771081559,ENDPOINT SOFT HOLD,right,7,0.6001606775005737,2,32750,30641,34.0
573515.773326562,ENDPOINT SOFT HOLD,right,8,0.12218036163881862,2,32751,32906,32.0
573515.778617561,ENDPOINT SOFT HOLD,right,1,-0.6032295719844356,2,32844,33405,31.0
573515.778663329,ENDPOINT SOFT HOLD,right,2,0.2134799725337615,2,32833,32003,32.0
573515.778672397,ENDPOINT SOFT HOLD,right,3,0.24416891737239688,2,33115,31650,32.0
573515.778679831,ENDPOINT SOFT HOLD,right,4,1.732582742046235,2,32780,30423,31.0
573515.781202329,ENDPOINT SOFT HOLD,right,5,0.20476168513003543,2,32767,32974,35.0
573515.781247205,ENDPOINT SOFT HOLD,right,6,-0.30516319523918334,2,32766,33231,35.0
573515.781261092,ENDPOINT SOFT HOLD,right,7,0.6001606775005737,2,32717,30598,34.0
573515.781278505,ENDPOINT SOFT HOLD,right,1,-0.6032295719844356,2,32848,33425,31.0
573515.784081573,ENDPOINT SOFT HOLD,right,2,0.2134799725337615,2,32681,31971,32.0
573515.784119536,ENDPOINT SOFT HOLD,right,3,0.24416891737239688,2,32595,31565,32.0
573515.784134635,ENDPOINT SOFT HOLD,right,4,1.732582742046235,2,32918,30549,31.0
573515.784147159,ENDPOINT SOFT HOLD,right,5,0.20476168513003543,2,32734,32974,35.0
573515.784157479,ENDPOINT SOFT HOLD,right,6,-0.30516319523918334,2,32755,33235,35.0
573515.786513336,ENDPOINT SOFT HOLD,right,7,0.6001606775005737,2,32770,30595,34.0
573515.78654645,ENDPOINT SOFT HOLD,right,8,0.12218036163881862,2,32759,32914,32.0
573515.791269755,ENDPOINT SOFT HOLD,right,1,-0.6032295719844356,2,32749,33405,31.0
573515.79129801,ENDPOINT SOFT HOLD,right,2,0.2134799725337615,2,32760,32065,32.0
573515.791305624,ENDPOINT SOFT HOLD,right,3,0.24416891737239688,2,32725,31553,32.0
573515.793648075,ENDPOINT SOFT HOLD,right,4,1.732582742046235,2,32783,30394,31.0
573515.7936767,ENDPOINT SOFT HOLD,right,5,0.20476168513003543,2,32734,32910,35.0
573515.793686129,ENDPOINT SOFT HOLD,right,6,-0.30516319523918334,2,32758,33261,35.0
573515.793693272,ENDPOINT SOFT HOLD,right,7,0.6005442893110562,2,32742,30622,34.0
573515.796055401,ENDPOINT SOFT HOLD,right,8,0.12256397344930114,2,32782,32765,32.0
573515.798571035,ENDPOINT SOFT HOLD,right,1,-0.6032295719844356,2,32717,33407,31.0
573515.79858924,ENDPOINT SOFT HOLD,right,2,0.2134799725337615,2,32703,32016,32.0
573515.798596454,ENDPOINT SOFT HOLD,right,3,0.24416891737239688,2,32725,31403,32.0
573515.800811911,ENDPOINT SOFT HOLD,right,4,1.732582742046235,2,32713,30368,31.0
573515.800828382,ENDPOINT SOFT HOLD,right,5,0.20476168513003543,2,32817,32961,35.0
573515.800843081,ENDPOINT SOFT HOLD,right,6,-0.30516319523918334,2,32787,33362,35.0
573515.800849243,ENDPOINT SOFT HOLD,right,7,0.6001606775005737,2,32747,30586,34.0
573515.803120857,ENDPOINT SOFT HOLD,right,1,-0.6036131837949199,2,32757,33366,31.0
573515.803163819,ENDPOINT SOFT HOLD,right,2,0.2134799725337615,2,32831,32040,32.0
573515.803179099,ENDPOINT SOFT HOLD,right,3,0.2445525291828794,2,32636,31612,32.0
573515.805643855,ENDPOINT SOFT HOLD,right,4,1.732582742046235,2,32806,30300,31.0
573515.805674043,ENDPOINT SOFT HOLD,right,5,0.20476168513003543,2,32783,32889,35.0
573515.805691106,ENDPOINT SOFT HOLD,right,6,-0.30516319523918334,2,32730,33284,35.0
573515.80570353,ENDPOINT SOFT HOLD,right,7,0.6001606775005737,2,32728,30673,34.0
573515.805714952,ENDPOINT SOFT HOLD,right,8,0.12218036163881862,2,32775,33031,32.0
573515.817162376,ENDPOINT SOFT HOLD,right,1,-0.6032295719844356,2,32869,33443,31.0
573515.817207874,ENDPOINT SOFT HOLD,right,2,0.21309636072327898,2,32941,32049,32.0
573515.817218975,ENDPOINT SOFT HOLD,right,3,0.24416891737239688,2,32736,31645,32.0
573515.81722676,ENDPOINT SOFT HOLD,right,4,1.732582742046235,2,32787,30428,31.0
573515.817235137,ENDPOINT SOFT HOLD,right,5,0.20514529694051795,2,32739,32909,35.0
573515.817242771,ENDPOINT SOFT HOLD,right,6,-0.30516319523918334,2,32766,33157,35.0
573515.817249404,ENDPOINT SOFT HOLD,right,7,0.6001606775005737,2,32786,30598,34.0
573515.820070948,ENDPOINT SOFT HOLD,left,1,0.0021098649576565265,0,32742,32767,31.0
573515.820135512,ENDPOINT SOFT HOLD,left,2,0.004411535820553425,0,32712,32767,32.0
573515.8201447,ENDPOINT SOFT HOLD,left,3,-0.055048294804302955,0,32610,32767,32.0
573515.820153567,ENDPOINT SOFT HOLD,left,4,0.018988784618905186,0,32930,32767,32.0
573515.820172473,ENDPOINT SOFT HOLD,right,8,0.12256397344930114,2,32743,32853,32.0
573515.820179787,ENDPOINT SOFT HOLD,right,1,-0.6036131837949199,2,32910,33472,31.0
573515.82018631,ENDPOINT SOFT HOLD,right,2,0.2134799725337615,2,32757,32067,32.0
573515.820191941,ENDPOINT SOFT HOLD,right,3,0.24416891737239688,2,32823,31642,32.0
573515.820200096,ENDPOINT SOFT HOLD,right,4,1.732582742046235,2,32847,30428,31.0
573515.822612783,ENDPOINT SOFT HOLD,left,5,-0.9166404211490047,0,32754,32767,35.0
573515.822640656,ENDPOINT SOFT HOLD,left,6,0.033182421606774426,0,32707,32767,35.0
573515.822648992,ENDPOINT SOFT HOLD,left,7,0.008631265735866478,0,32759,32767,33.0
573515.822656116,ENDPOINT SOFT HOLD,left,8,-0.10069810025177439,0,32777,32767,32.0
573515.822675032,ENDPOINT SOFT HOLD,right,5,0.20476168513003543,2,32823,32810,35.0
573515.822683889,ENDPOINT SOFT HOLD,right,6,-0.30516319523918334,2,32793,33161,35.0
573515.822690873,ENDPOINT SOFT HOLD,right,7,0.6001606775005737,2,32833,30503,34.0
573515.825135871,ENDPOINT SOFT HOLD,right,1,-0.6036131837949199,2,32836,33384,31.0
573515.825169125,ENDPOINT SOFT HOLD,right,2,0.2134799725337615,2,32728,32109,32.0
573515.825177802,ENDPOINT SOFT HOLD,right,3,0.24416891737239688,2,32680,31598,32.0
573515.825185066,ENDPOINT SOFT HOLD,right,4,1.732582742046235,2,32642,30518,31.0
573515.82753973,ENDPOINT SOFT HOLD,right,5,0.20476168513003543,2,32773,32866,35.0
573515.827571842,ENDPOINT SOFT HOLD,right,6,-0.30516319523918334,2,32695,33100,35.0
573515.827584516,ENDPOINT SOFT HOLD,right,7,0.6001606775005737,2,32759,30621,34.0
573515.827594636,ENDPOINT SOFT HOLD,right,8,0.12256397344930114,2,32727,32870,32.0
573515.836758232,ENDPOINT SOFT HOLD,right,1,-0.6036131837949199,2,32764,33385,31.0
573515.836789362,ENDPOINT SOFT HOLD,right,2,0.2134799725337615,2,32661,31982,32.0
573515.836797728,ENDPOINT SOFT HOLD,right,3,0.24416891737239688,2,32938,31781,32.0
573515.839009578,ENDPOINT SOFT HOLD,right,4,1.732582742046235,2,32869,30555,31.0
573515.839025328,ENDPOINT SOFT HOLD,right,5,0.20476168513003543,2,32751,33085,35.0
573515.839035297,ENDPOINT SOFT HOLD,right,6,-0.30516319523918334,2,32785,33107,35.0
573515.839042601,ENDPOINT SOFT HOLD,right,7,0.6001606775005737,2,32762,30517,34.0
573515.841593674,ENDPOINT SOFT HOLD,right,8,0.12256397344930114,2,32778,33025,32.0
573515.841619914,ENDPOINT SOFT HOLD,right,1,-0.6036131837949199,2,32770,33396,31.0
573515.841630695,ENDPOINT SOFT HOLD,right,2,0.2134799725337615,2,32774,31956,32.0
573515.841639532,ENDPOINT SOFT HOLD,right,3,0.24416891737239688,2,32735,31668,32.0
573515.844232155,ENDPOINT SOFT HOLD,right,4,1.732582742046235,2,32896,30575,31.0
573515.84428177,ENDPOINT SOFT HOLD,right,5,0.20476168513003543,2,32756,32973,35.0
573515.844294625,ENDPOINT SOFT HOLD,right,6,-0.30554680704966763,2,32818,33269,35.0
573515.844305726,ENDPOINT SOFT HOLD,right,7,0.6005442893110562,2,32673,30686,34.0
573515.849440785,ENDPOINT SOFT HOLD,right,1,-0.6036131837949199,2,32877,33452,31.0
573515.849490541,ENDPOINT SOFT HOLD,right,2,0.2134799725337615,2,32705,31960,32.0
573515.849503235,ENDPOINT SOFT HOLD,right,3,0.24416891737239688,2,32872,31697,32.0
573515.849513255,ENDPOINT SOFT HOLD,right,4,1.732582742046235,2,32861,30440,31.0
573515.852157086,ENDPOINT SOFT HOLD,right,5,0.20476168513003543,2,32739,32748,35.0
573515.852203345,ENDPOINT SOFT HOLD,right,6,-0.30516319523918334,2,32732,33363,35.0
573515.852213264,ENDPOINT SOFT HOLD,right,7,0.6001606775005737,2,32877,30708,34.0
573515.852221099,ENDPOINT SOFT HOLD,right,8,0.12218036163881862,2,32812,32719,32.0
573515.859880849,ENDPOINT SOFT HOLD,right,1,-0.6036131837949199,2,32806,33408,31.0
573515.859922069,ENDPOINT SOFT HOLD,right,2,0.2134799725337615,2,32718,32028,32.0
573515.859935475,ENDPOINT SOFT HOLD,right,3,0.24416891737239688,2,32713,31589,32.0
573515.862528368,ENDPOINT SOFT HOLD,right,4,1.732582742046235,2,32795,30426,31.0
573515.862554107,ENDPOINT SOFT HOLD,right,5,0.20476168513003543,2,32840,32943,35.0
573515.862567172,ENDPOINT SOFT HOLD,right,6,-0.30554680704966763,2,32758,33254,35.0
573515.862578194,ENDPOINT SOFT HOLD,right,7,0.6001606775005737,2,32874,30637,34.0
573515.862588824,ENDPOINT SOFT HOLD,right,8,0.12218036163881862,2,32744,32731,32.0
573515.864916096,ENDPOINT SOFT HOLD,right,1,-0.6036131837949199,2,32751,33389,31.0
573515.86493893,ENDPOINT SOFT HOLD,right,2,0.2134799725337615,2,32911,31969,32.0
573515.864946795,ENDPOINT SOFT HOLD,right,3,0.24416891737239688,2,32876,31647,32.0
573515.864953488,ENDPOINT SOFT HOLD,right,4,1.732582742046235,2,33009,30665,31.0
573515.868534423,ENDPOINT SOFT HOLD,right,5,0.20476168513003543,2,32827,33119,35.0
573515.868555955,ENDPOINT SOFT HOLD,right,6,-0.30516319523918334,2,32787,33282,35.0
573515.86856369,ENDPOINT SOFT HOLD,right,7,0.6001606775005737,2,32783,30747,34.0
573515.868572517,ENDPOINT SOFT HOLD,right,8,0.12256397344930114,2,32735,32754,32.0
573515.870889439,ENDPOINT SOFT HOLD,left,1,0.0021098649576565265,0,32760,32767,31.0
573515.870909928,ENDPOINT SOFT HOLD,left,2,0.004411535820553425,0,32945,32767,32.0
573515.870916651,ENDPOINT SOFT HOLD,left,3,-0.055048294804302955,0,33067,32767,32.0
573515.870929245,ENDPOINT SOFT HOLD,right,1,-0.6036131837949199,2,32843,33398,31.0
573515.870936389,ENDPOINT SOFT HOLD,right,2,0.2134799725337615,2,32707,31928,32.0
573515.870942531,ENDPOINT SOFT HOLD,right,3,0.24416891737239688,2,32864,31717,32.0
573515.873152306,ENDPOINT SOFT HOLD,left,4,0.018988784618905186,0,32913,32767,32.0
573515.873174649,ENDPOINT SOFT HOLD,left,5,-0.9166404211490047,0,32834,32767,35.0
573515.873181422,ENDPOINT SOFT HOLD,left,6,0.033182421606774426,0,32768,32767,35.0
573515.873186873,ENDPOINT SOFT HOLD,left,7,0.008631265735866478,0,32792,32767,33.0
573515.8732011,ENDPOINT SOFT HOLD,right,4,1.732582742046235,2,32747,30529,31.0
573515.873208434,ENDPOINT SOFT HOLD,right,5,0.20476168513003543,2,32814,32997,35.0
573515.873214706,ENDPOINT SOFT HOLD,right,6,-0.30516319523918334,2,32717,33279,35.0
573515.87322168,ENDPOINT SOFT HOLD,right,7,0.6001606775005737,2,32746,30753,34.0
573515.875477073,ENDPOINT SOFT HOLD,left,8,-0.10069810025177439,0,32736,32767,32.0
573515.875531127,ENDPOINT SOFT HOLD,right,8,0.12218036163881862,2,32809,32775,32.0
573515.88353485,ENDPOINT SOFT HOLD,right,1,-0.6036131837949199,2,32728,33341,31.0
573515.883564327,ENDPOINT SOFT HOLD,right,2,0.2134799725337615,2,32814,31984,32.0
573515.883574346,ENDPOINT SOFT HOLD,right,3,0.24416891737239688,2,32925,31672,32.0
573515.883679448,ENDPOINT SOFT HOLD,right,4,1.732582742046235,2,32682,30207,31.0
573515.8860638,ENDPOINT SOFT HOLD,right,5,0.20476168513003543,2,32791,32709,35.0
573515.886094299,ENDPOINT SOFT HOLD,right,6,-0.30516319523918334,2,32766,33492,35.0
573515.886106161,ENDPOINT SOFT HOLD,right,7,0.6001606775005737,2,32674,30566,34.0
573515.886116451,ENDPOINT SOFT HOLD,right,8,0.12218036163881862,2,32797,32993,32.0
573515.888486796,ENDPOINT SOFT HOLD,right,1,-0.6036131837949199,2,32805,33408,31.0
573515.888524789,ENDPOINT SOFT HOLD,right,2,0.2134799725337615,2,32828,32010,32.0
573515.888533275,ENDPOINT SOFT HOLD,right,3,0.24416891737239688,2,32783,31644,32.0
573515.888541381,ENDPOINT SOFT HOLD,right,4,1.732582742046235,2,32752,30412,31.0
573515.891072034,ENDPOINT SOFT HOLD,right,5,0.20476168513003543,2,32789,32832,35.0
573515.891141578,ENDPOINT SOFT HOLD,right,6,-0.30516319523918334,2,32791,33221,35.0
573515.891159523,ENDPOINT SOFT HOLD,right,7,0.6001606775005737,2,32745,30887,34.0
573515.893809546,ENDPOINT SOFT HOLD,right,1,-0.6036131837949199,2,32598,33372,31.0
573515.893838411,ENDPOINT SOFT HOLD,right,2,0.2134799725337615,2,32689,32012,32.0
573515.893850404,ENDPOINT SOFT HOLD,right,3,0.24416891737239688,2,32780,31672,32.0
573515.896160523,ENDPOINT SOFT HOLD,right,4,1.732582742046235,2,32701,30476,31.0
573515.896186002,ENDPOINT SOFT HOLD,right,5,0.20476168513003543,2,32765,32923,35.0
573515.896194538,ENDPOINT SOFT HOLD,right,6,-0.30516319523918334,2,32793,33302,35.0
573515.896201622,ENDPOINT SOFT HOLD,right,7,0.6001606775005737,2,32787,30611,34.0
573515.898701496,ENDPOINT SOFT HOLD,right,8,0.12218036163881862,2,32739,32676,32.0
573515.902455465,ENDPOINT GAIN RESTORATION,right,1,-0.6036131837949199,2,32755,33336,31.0
573515.903550594,ENDPOINT GAIN RESTORATION,right,2,0.2134799725337615,2,32738,32066,32.0
573515.903575682,ENDPOINT GAIN RESTORATION,right,3,0.24416891737239688,2,32714,31623,32.0
573515.904683145,ENDPOINT GAIN RESTORATION,right,4,1.7329663538567175,2,32753,30507,31.0
573515.904722401,ENDPOINT GAIN RESTORATION,right,5,0.20476168513003543,2,32734,32868,35.0
573515.905837538,ENDPOINT GAIN RESTORATION,right,6,-0.30516319523918334,2,32763,33393,35.0
573515.905856284,ENDPOINT GAIN RESTORATION,right,7,0.6001606775005737,2,32829,30662,34.0
573515.906948036,ENDPOINT GAIN RESTORATION,right,8,0.12256397344930114,2,32707,32938,32.0
573515.913490305,ENDPOINT GAIN RESTORATION,right,1,-0.6036131837949199,2,32762,33457,31.0
573515.913532747,ENDPOINT GAIN RESTORATION,right,2,0.2134799725337615,2,32677,31947,32.0
573515.914642003,ENDPOINT GAIN RESTORATION,right,3,0.24416891737239688,2,32728,31602,32.0
573515.914665308,ENDPOINT GAIN RESTORATION,right,4,1.732582742046235,2,32703,30340,31.0
573515.915769885,ENDPOINT GAIN RESTORATION,right,5,0.20476168513003543,2,32838,33036,35.0
573515.915788461,ENDPOINT GAIN RESTORATION,right,6,-0.30516319523918334,2,32767,33076,35.0
573515.916881325,ENDPOINT GAIN RESTORATION,right,7,0.6001606775005737,2,32781,30688,34.0
573515.916896564,ENDPOINT GAIN RESTORATION,right,8,0.12256397344930114,2,32745,32901,32.0
573515.917988136,ENDPOINT GAIN RESTORATION,right,1,-0.6036131837949199,2,32735,33334,31.0
573515.918015228,ENDPOINT GAIN RESTORATION,right,2,0.2134799725337615,2,32748,32041,32.0
573515.919138361,ENDPOINT GAIN RESTORATION,right,3,0.24416891737239688,2,32868,31588,32.0
573515.919167447,ENDPOINT GAIN RESTORATION,right,4,1.732582742046235,2,32758,30608,31.0
573515.920355575,ENDPOINT GAIN RESTORATION,left,1,0.0021098649576565265,0,32709,32767,31.0
573515.920400422,ENDPOINT GAIN RESTORATION,right,5,0.20476168513003543,2,32742,33106,35.0
573515.920413236,ENDPOINT GAIN RESTORATION,right,6,-0.30516319523918334,2,32830,33135,35.0
573515.921501843,ENDPOINT GAIN RESTORATION,left,2,0.004411535820553425,0,32694,32767,32.0
573515.921535577,ENDPOINT GAIN RESTORATION,left,3,-0.055048294804302955,0,32694,32767,32.0
573515.921615251,ENDPOINT GAIN RESTORATION,right,7,0.6001606775005737,2,32800,30540,34.0
573515.921633055,ENDPOINT GAIN RESTORATION,right,1,-0.6036131837949199,2,32792,33379,31.0
573515.922740859,ENDPOINT GAIN RESTORATION,left,4,0.018988784618905186,0,32963,32767,32.0
573515.922763302,ENDPOINT GAIN RESTORATION,left,5,-0.9166404211490047,0,32787,32767,35.0
573515.922976312,ENDPOINT GAIN RESTORATION,left,6,0.033182421606774426,0,32706,32767,34.0
573515.92412269,ENDPOINT GAIN RESTORATION,left,7,0.008631265735866478,0,32736,32767,33.0
573515.924189378,ENDPOINT GAIN RESTORATION,left,8,-0.10108171206225691,0,32818,32767,32.0
573515.924282688,ENDPOINT GAIN RESTORATION,right,1,-0.6036131837949199,2,32746,33428,31.0
573515.92434622,ENDPOINT GAIN RESTORATION,right,2,0.2134799725337615,2,32759,32088,32.0
573515.925518307,ENDPOINT GAIN RESTORATION,right,3,0.2445525291828794,2,32903,31314,32.0
573515.925547563,ENDPOINT GAIN RESTORATION,right,4,1.732582742046235,2,32587,30334,31.0
573515.926640358,ENDPOINT GAIN RESTORATION,right,5,0.20476168513003543,2,32691,33071,35.0
573515.926658974,ENDPOINT GAIN RESTORATION,right,6,-0.30516319523918334,2,32775,33135,35.0
573515.927743803,ENDPOINT GAIN RESTORATION,right,7,0.6001606775005737,2,32811,30662,34.0
573515.928835144,ENDPOINT GAIN RESTORATION,right,8,0.12218036163881862,2,32774,32617,32.0
573515.928851876,ENDPOINT GAIN RESTORATION,right,2,0.21309636072327898,2,32954,32061,32.0
573515.93004787,ENDPOINT GAIN RESTORATION,right,3,0.2445525291828794,2,32639,31633,32.0
573515.932284948,ENDPOINT GAIN RESTORATION,right,4,1.732582742046235,2,33030,30653,31.0
573515.934571922,ENDPOINT GAIN RESTORATION,right,1,-0.6036131837949199,2,32811,33414,31.0
573515.935651551,ENDPOINT GAIN RESTORATION,right,2,0.2134799725337615,2,32737,31998,32.0
573515.935659626,ENDPOINT GAIN RESTORATION,right,3,0.2445525291828794,2,32549,31445,32.0
573515.936729586,ENDPOINT GAIN RESTORATION,right,4,1.7329663538567175,2,32573,30548,31.0
573515.936739285,ENDPOINT GAIN RESTORATION,right,5,0.20476168513003543,2,32797,32816,35.0
573515.937820858,ENDPOINT GAIN RESTORATION,right,6,-0.30516319523918334,2,32731,33195,35.0
573515.937836168,ENDPOINT GAIN RESTORATION,right,7,0.6001606775005737,2,32793,30761,34.0
573515.938926688,ENDPOINT GAIN RESTORATION,right,8,0.12256397344930114,2,32824,32734,32.0
573515.938942578,ENDPOINT GAIN RESTORATION,right,5,0.20476168513003543,2,32734,33037,35.0
573515.941270912,ENDPOINT GAIN RESTORATION,right,6,-0.30516319523918334,2,32746,33214,35.0
573515.943744395,ENDPOINT GAIN RESTORATION,right,7,0.6001606775005737,2,32807,30721,34.0
573515.945025562,ENDPOINT GAIN RESTORATION,right,1,-0.6036131837949199,2,32816,33359,31.0
573515.949236461,ENDPOINT GAIN RESTORATION,right,2,0.21309636072327898,2,32724,32026,32.0
573515.949262401,ENDPOINT GAIN RESTORATION,right,3,0.2445525291828794,2,32798,31509,32.0
573515.94927243,ENDPOINT GAIN RESTORATION,right,4,1.732582742046235,2,32904,30450,31.0
573515.949279514,ENDPOINT GAIN RESTORATION,right,5,0.20476168513003543,2,32823,33003,35.0
573515.949286778,ENDPOINT GAIN RESTORATION,right,6,-0.30516319523918334,2,32722,33185,35.0
573515.949293691,ENDPOINT GAIN RESTORATION,right,7,0.6001606775005737,2,32732,30687,34.0
573515.949300304,ENDPOINT GAIN RESTORATION,right,8,0.12256397344930114,2,32831,32764,32.0
573515.951502094,ENDPOINT GAIN RESTORATION,right,1,-0.6036131837949199,2,32750,33446,31.0
573515.951530919,ENDPOINT GAIN RESTORATION,right,2,0.2134799725337615,2,32885,32001,32.0
573515.951539596,ENDPOINT GAIN RESTORATION,right,3,0.2449361409933637,2,32636,31568,32.0
573515.95154671,ENDPOINT GAIN RESTORATION,right,4,1.732582742046235,2,32809,30462,31.0
573515.953811611,ENDPOINT GAIN RESTORATION,right,5,0.20476168513003543,2,32801,33039,35.0
573515.953892066,ENDPOINT GAIN RESTORATION,right,6,-0.30516319523918334,2,32853,33078,35.0
573515.953908228,ENDPOINT GAIN RESTORATION,right,7,0.6001606775005737,2,32756,30550,34.0
573515.956377873,ENDPOINT GAIN RESTORATION,right,1,-0.6036131837949199,2,32687,33426,31.0
573515.956463338,ENDPOINT GAIN RESTORATION,right,2,0.21309636072327898,2,32870,31998,32.0
573515.956481683,ENDPOINT GAIN RESTORATION,right,3,0.2449361409933637,2,32824,31502,32.0
573515.95883275,ENDPOINT GAIN RESTORATION,right,4,1.732582742046235,2,32630,30486,31.0
573515.958920309,ENDPOINT GAIN RESTORATION,right,5,0.20476168513003543,2,32765,32957,35.0
573515.958933605,ENDPOINT GAIN RESTORATION,right,6,-0.30516319523918334,2,32825,33206,35.0
573515.958943013,ENDPOINT GAIN RESTORATION,right,7,0.6001606775005737,2,32752,30674,34.0
573515.958950106,ENDPOINT GAIN RESTORATION,right,8,0.12256397344930114,2,32708,32757,32.0
573515.961559712,ENDPOINT GAIN RESTORATION,right,1,-0.6036131837949199,2,32745,33408,31.0
573515.961612233,ENDPOINT GAIN RESTORATION,right,2,0.21309636072327898,2,32849,32086,32.0
573515.961625579,ENDPOINT GAIN RESTORATION,right,3,0.2449361409933637,2,32732,31530,32.0
573515.963839622,ENDPOINT GAIN RESTORATION,right,4,1.7329663538567175,2,32794,30507,31.0
573515.963887154,ENDPOINT GAIN RESTORATION,right,5,0.20476168513003543,2,32810,32972,35.0
573515.963898546,ENDPOINT GAIN RESTORATION,right,6,-0.30516319523918334,2,32776,33282,35.0
573515.963910539,ENDPOINT GAIN RESTORATION,right,7,0.6001606775005737,2,32747,30634,34.0
573515.965298161,ENDPOINT GAIN RESTORATION,right,1,-0.6036131837949199,2,32617,33408,31.0
573515.966405293,ENDPOINT GAIN RESTORATION,right,2,0.21309636072327898,2,32902,32099,32.0
573515.966438858,ENDPOINT GAIN RESTORATION,right,3,0.2449361409933637,2,32669,31484,32.0
573515.967547893,ENDPOINT GAIN RESTORATION,right,4,1.7329663538567175,2,32885,30604,31.0
573515.967562682,ENDPOINT GAIN RESTORATION,right,5,0.20476168513003543,2,32715,32972,35.0
573515.968647842,ENDPOINT GAIN RESTORATION,right,6,-0.30516319523918334,2,32708,33109,35.0
573515.96866239,ENDPOINT GAIN RESTORATION,right,7,0.6001606775005737,2,32725,30340,34.0
573515.96973744,ENDPOINT GAIN RESTORATION,right,8,0.12218036163881862,2,32792,33085,32.0
573515.969746487,ENDPOINT GAIN RESTORATION,right,1,-0.6036131837949199,2,32712,33438,31.0
573515.970892975,ENDPOINT GAIN RESTORATION,left,1,0.0021098649576565265,0,32648,32767,31.0
573515.972243646,ENDPOINT GAIN RESTORATION,left,2,0.004411535820553425,0,32785,32767,32.0
573515.972257873,ENDPOINT GAIN RESTORATION,left,3,-0.055431906614785476,0,32984,32767,32.0
573515.972271409,ENDPOINT GAIN RESTORATION,right,2,0.2134799725337615,2,32842,32008,32.0
573515.973349405,ENDPOINT GAIN RESTORATION,left,4,0.018988784618905186,0,33060,32767,32.0
573515.97336253,ENDPOINT GAIN RESTORATION,left,5,-0.9166404211490047,0,32777,32767,35.0
573515.974527684,ENDPOINT GAIN RESTORATION,left,6,0.033182421606774426,0,32754,32767,35.0
573515.974549226,ENDPOINT GAIN RESTORATION,left,7,0.008631265735866478,0,32840,32767,33.0
573515.974573432,ENDPOINT GAIN RESTORATION,right,8,0.12256397344930114,2,32730,33004,32.0
573515.975749577,ENDPOINT GAIN RESTORATION,left,8,-0.10108171206225691,0,32793,32767,32.0
573515.975789364,ENDPOINT GAIN RESTORATION,right,3,0.2449361409933637,2,32931,31680,32.0
573515.976137655,ENDPOINT GAIN RESTORATION,right,1,-0.6039967956054024,2,32931,33478,31.0
573515.977275425,ENDPOINT GAIN RESTORATION,right,2,0.2134799725337615,2,32775,32037,32.0
573515.977291206,ENDPOINT GAIN RESTORATION,right,3,0.2449361409933637,2,32645,31650,32.0
573515.978379702,ENDPOINT GAIN RESTORATION,right,4,1.732582742046235,2,32822,30351,31.0
573515.978397576,ENDPOINT GAIN RESTORATION,right,5,0.20476168513003543,2,32723,33005,35.0
573515.979525238,ENDPOINT GAIN RESTORATION,right,6,-0.30516319523918334,2,32800,33167,35.0
573515.97954712,ENDPOINT GAIN RESTORATION,right,7,0.6001606775005737,2,32775,30578,34.0
573515.98066358,ENDPOINT GAIN RESTORATION,right,8,0.12218036163881862,2,32723,32959,32.0
573515.981802343,ENDPOINT GAIN RESTORATION,right,4,1.732582742046235,2,32915,30345,31.0
573515.983007644,ENDPOINT GAIN RESTORATION,right,5,0.20476168513003543,2,32723,32877,35.0
573515.985268247,ENDPOINT GAIN RESTORATION,right,6,-0.30516319523918334,2,32756,33289,35.0
573515.986466475,ENDPOINT GAIN RESTORATION,right,1,-0.6036131837949199,2,32851,33461,31.0
573515.987704539,ENDPOINT GAIN RESTORATION,right,2,0.21309636072327898,2,32756,32013,32.0
573515.987776818,ENDPOINT GAIN RESTORATION,right,3,0.2449361409933637,2,32766,31654,32.0
573515.988911844,ENDPOINT GAIN RESTORATION,right,4,1.732582742046235,2,32830,30445,31.0
573515.988934928,ENDPOINT GAIN RESTORATION,right,5,0.20476168513003543,2,32742,32956,35.0
573515.990133667,ENDPOINT GAIN RESTORATION,right,6,-0.30516319523918334,2,32781,33453,35.0
573515.990170548,ENDPOINT GAIN RESTORATION,right,7,0.6001606775005737,2,32762,30369,34.0
573515.991318709,ENDPOINT GAIN RESTORATION,right,8,0.12218036163881862,2,32852,32974,32.0
573515.991352844,ENDPOINT GAIN RESTORATION,right,7,0.6001606775005737,2,32714,30607,34.0
573515.99521384,ENDPOINT GAIN RESTORATION,right,1,-0.6039967956054024,2,32805,33488,31.0
573515.99523989,ENDPOINT GAIN RESTORATION,right,2,0.2134799725337615,2,32751,32059,32.0
573515.995249198,ENDPOINT GAIN RESTORATION,right,3,0.2445525291828794,2,32590,31568,32.0
573515.997438794,ENDPOINT GAIN RESTORATION,right,4,1.732582742046235,2,33055,30352,31.0
573515.997468582,ENDPOINT GAIN RESTORATION,right,5,0.20476168513003543,2,32788,32914,35.0
573515.997477559,ENDPOINT GAIN RESTORATION,right,6,-0.30516319523918334,2,32789,33126,35.0
573515.997485214,ENDPOINT GAIN RESTORATION,right,7,0.6001606775005737,2,32700,30484,34.0
573516.000770961,ENDPOINT GAIN RESTORATION,right,1,-0.6036131837949199,2,32810,33504,31.0
573516.000798744,ENDPOINT GAIN RESTORATION,right,2,0.2134799725337615,2,32678,31956,32.0
573516.000807441,ENDPOINT GAIN RESTORATION,right,3,0.2449361409933637,2,32727,31774,32.0
573516.000816048,ENDPOINT GAIN RESTORATION,right,4,1.7329663538567175,2,32610,30192,31.0
573516.000825476,ENDPOINT GAIN RESTORATION,right,5,0.20476168513003543,2,32769,32980,35.0
573516.00300893,ENDPOINT GAIN RESTORATION,right,6,-0.30516319523918334,2,32769,33160,35.0
573516.003051332,ENDPOINT GAIN RESTORATION,right,7,0.6005442893110562,2,32757,30582,34.0
573516.003061973,ENDPOINT GAIN RESTORATION,right,8,0.12256397344930114,2,32740,32753,32.0
573516.005717587,ENDPOINT GAIN RESTORATION,right,1,-0.6036131837949199,2,32695,33386,31.0
573516.005752344,ENDPOINT GAIN RESTORATION,right,2,0.21309636072327898,2,32790,32088,32.0
573516.005767132,ENDPOINT GAIN RESTORATION,right,3,0.2449361409933637,2,32729,31661,32.0
573516.00798858,ENDPOINT GAIN RESTORATION,right,4,1.7329663538567175,2,32837,30420,31.0
573516.008018066,ENDPOINT GAIN RESTORATION,right,5,0.20476168513003543,2,32823,33031,35.0
573516.008033586,ENDPOINT GAIN RESTORATION,right,6,-0.30516319523918334,2,32698,33250,35.0
573516.008047202,ENDPOINT GAIN RESTORATION,right,7,0.6001606775005737,2,32836,30466,34.0
573516.010451222,ENDPOINT GAIN RESTORATION,right,1,-0.6039967956054024,2,32997,33466,31.0
573516.010498253,ENDPOINT GAIN RESTORATION,right,2,0.21309636072327898,2,32913,32011,32.0
573516.010523371,ENDPOINT GAIN RESTORATION,right,3,0.2445525291828794,2,32672,31607,32.0
573516.013130952,ENDPOINT GAIN RESTORATION,right,4,1.732582742046235,2,32740,30145,31.0
573516.013224613,ENDPOINT GAIN RESTORATION,right,5,0.20476168513003543,2,32713,33041,35.0
573516.013242517,ENDPOINT GAIN RESTORATION,right,6,-0.30516319523918334,2,32786,33035,35.0
573516.013257727,ENDPOINT GAIN RESTORATION,right,7,0.6005442893110562,2,32755,30489,34.0
573516.013270491,ENDPOINT GAIN RESTORATION,right,8,0.12256397344930114,2,32776,32953,32.0
573516.015394291,ENDPOINT GAIN RESTORATION,right,1,-0.6036131837949199,2,32697,33426,31.0
573516.015456471,ENDPOINT GAIN RESTORATION,right,2,0.21309636072327898,2,32873,32057,32.0
573516.016573301,ENDPOINT GAIN RESTORATION,right,3,0.2449361409933637,2,32555,31607,32.0
573516.01659342,ENDPOINT GAIN RESTORATION,right,4,1.7329663538567175,2,32806,30418,31.0
573516.017697957,ENDPOINT GAIN RESTORATION,right,5,0.20476168513003543,2,32743,33151,35.0
573516.017722845,ENDPOINT GAIN RESTORATION,right,6,-0.30516319523918334,2,32713,33366,35.0
573516.018823935,ENDPOINT GAIN RESTORATION,right,7,0.6005442893110562,2,32713,30631,34.0
573516.018840978,ENDPOINT GAIN RESTORATION,right,1,-0.6036131837949199,2,32769,33487,31.0
573516.020049115,ENDPOINT GAIN RESTORATION,right,1,-0.6036131837949199,2,32677,33421,31.0
573516.021290726,ENDPOINT GAIN RESTORATION,left,1,0.0021098649576565265,0,32677,32767,31.0
573516.021328108,ENDPOINT GAIN RESTORATION,right,2,0.21309636072327898,2,32878,32052,32.0
573516.02133998,ENDPOINT GAIN RESTORATION,right,3,0.2445525291828794,2,32958,31751,32.0
573516.022486097,ENDPOINT GAIN RESTORATION,left,2,0.004411535820553425,0,32521,32767,32.0
573516.02251871,ENDPOINT GAIN RESTORATION,left,3,-0.055048294804302955,0,32680,32767,32.0
573516.022541604,ENDPOINT GAIN RESTORATION,right,4,1.7329663538567175,2,32679,30485,31.0
573516.022552616,ENDPOINT GAIN RESTORATION,right,5,0.20476168513003543,2,32709,32780,35.0
573516.023711167,ENDPOINT GAIN RESTORATION,left,4,0.018988784618905186,0,32885,32767,32.0
573516.02379598,ENDPOINT GAIN RESTORATION,left,5,-0.9166404211490047,0,32777,32767,35.0
573516.023840175,ENDPOINT GAIN RESTORATION,right,6,-0.30516319523918334,2,32765,33235,35.0
573516.02385307,ENDPOINT GAIN RESTORATION,right,7,0.6005442893110562,2,32747,30582,34.0
573516.025018013,ENDPOINT GAIN RESTORATION,left,6,0.033182421606774426,0,32799,32767,35.0
573516.025069673,ENDPOINT GAIN RESTORATION,left,7,0.008631265735866478,0,32760,32767,33.0
573516.025078229,ENDPOINT GAIN RESTORATION,left,8,-0.10108171206225691,0,32779,32767,32.0
573516.025095242,ENDPOINT GAIN RESTORATION,right,8,0.12256397344930114,2,32740,32719,32.0
573516.025104309,ENDPOINT GAIN RESTORATION,right,2,0.2134799725337615,2,32674,32121,32.0
573516.026361611,ENDPOINT GAIN RESTORATION,right,3,0.2445525291828794,2,32735,31757,32.0
573516.028910299,ENDPOINT GAIN RESTORATION,right,4,1.7329663538567175,2,32663,30381,31.0
573516.030069441,ENDPOINT GAIN RESTORATION,right,1,-0.6039967956054024,2,32842,33451,31.0
573516.03145008,ENDPOINT GAIN RESTORATION,right,2,0.21309636072327898,2,32823,32007,32.0
573516.031509033,ENDPOINT GAIN RESTORATION,right,3,0.2445525291828794,2,32692,31708,32.0
573516.032619131,ENDPOINT GAIN RESTORATION,right,4,1.7329663538567175,2,32878,30390,31.0
573516.032633058,ENDPOINT GAIN RESTORATION,right,5,0.20476168513003543,2,32813,32930,35.0
573516.033734038,ENDPOINT GAIN RESTORATION,right,6,-0.30516319523918334,2,32755,33369,35.0
573516.033757162,ENDPOINT GAIN RESTORATION,right,7,0.6005442893110562,2,32765,30590,34.0
573516.034842122,ENDPOINT GAIN RESTORATION,right,8,0.12218036163881862,2,32725,32853,32.0
573516.034916886,ENDPOINT GAIN RESTORATION,right,5,0.20476168513003543,2,32751,32824,35.0
573516.037272842,ENDPOINT GAIN RESTORATION,right,6,-0.30516319523918334,2,32768,33170,35.0
573516.039622076,ENDPOINT GAIN RESTORATION,right,7,0.6001606775005737,2,32768,30636,34.0
573516.040874999,ENDPOINT GAIN RESTORATION,right,1,-0.6039967956054024,2,32788,33498,31.0
573516.043536985,ENDPOINT GAIN RESTORATION,right,2,0.2134799725337615,2,32667,31994,32.0
573516.043584006,ENDPOINT GAIN RESTORATION,right,3,0.2445525291828794,2,32853,31734,32.0
573516.043595798,ENDPOINT GAIN RESTORATION,right,4,1.7329663538567175,2,32863,30591,31.0
573516.04360687,ENDPOINT GAIN RESTORATION,right,5,0.20476168513003543,2,32728,33000,35.0
573516.043616558,ENDPOINT GAIN RESTORATION,right,6,-0.30516319523918334,2,32709,33178,35.0
573516.046024405,ENDPOINT GAIN RESTORATION,right,7,0.6001606775005737,2,32760,30570,34.0
573516.04607876,ENDPOINT GAIN RESTORATION,right,8,0.12218036163881862,2,32765,32937,32.0
573516.046088018,ENDPOINT GAIN RESTORATION,right,1,-0.6039967956054024,2,32721,33444,31.0
573516.046097436,ENDPOINT GAIN RESTORATION,right,2,0.2134799725337615,2,32753,32051,32.0
573516.048418966,ENDPOINT GAIN RESTORATION,right,3,0.2445525291828794,2,32825,31694,32.0
573516.048454284,ENDPOINT GAIN RESTORATION,right,4,1.732582742046235,2,32849,30559,31.0
573516.048465446,ENDPOINT GAIN RESTORATION,right,5,0.20476168513003543,2,32862,32888,35.0
573516.048480004,ENDPOINT GAIN RESTORATION,right,6,-0.30516319523918334,2,32724,33232,35.0
573516.050731399,ENDPOINT GAIN RESTORATION,right,7,0.6005442893110562,2,32685,30439,34.0
573516.055182952,ENDPOINT GAIN RESTORATION,right,1,-0.6039967956054024,2,32856,33431,31.0
573516.055300498,ENDPOINT GAIN RESTORATION,right,2,0.21309636072327898,2,32699,32088,32.0
573516.0553376,ENDPOINT GAIN RESTORATION,right,3,0.2445525291828794,2,32928,31793,32.0
573516.055355183,ENDPOINT GAIN RESTORATION,right,4,1.7329663538567175,2,32590,30417,31.0
573516.055376174,ENDPOINT GAIN RESTORATION,right,5,0.20476168513003543,2,32831,32763,35.0
573516.055392175,ENDPOINT GAIN RESTORATION,right,6,-0.30516319523918334,2,32801,33083,35.0
573516.055404118,ENDPOINT GAIN RESTORATION,right,7,0.6005442893110562,2,32689,30653,34.0
573516.057793519,ENDPOINT GAIN RESTORATION,right,8,0.12218036163881862,2,32740,32884,32.0
573516.057826923,ENDPOINT GAIN RESTORATION,right,1,-0.6039967956054024,2,32789,33453,31.0
573516.057844958,ENDPOINT GAIN RESTORATION,right,2,0.21309636072327898,2,32841,32075,32.0
573516.057853905,ENDPOINT GAIN RESTORATION,right,3,0.2445525291828794,2,32717,31717,32.0
573516.060155638,ENDPOINT GAIN RESTORATION,right,4,1.7329663538567175,2,32754,30478,31.0
573516.060192108,ENDPOINT GAIN RESTORATION,right,5,0.20476168513003543,2,32679,32732,35.0
573516.060200654,ENDPOINT GAIN RESTORATION,right,6,-0.30516319523918334,2,32732,33122,35.0
573516.060208439,ENDPOINT GAIN RESTORATION,right,7,0.6001606775005737,2,32750,30600,34.0
573516.06429585,ENDPOINT GAIN RESTORATION,right,1,-0.6039967956054024,2,32768,33454,31.0
573516.064331148,ENDPOINT GAIN RESTORATION,right,2,0.21309636072327898,2,32693,32007,32.0
573516.06542773,ENDPOINT GAIN RESTORATION,right,3,0.2445525291828794,2,32778,31702,32.0
573516.065441847,ENDPOINT GAIN RESTORATION,right,4,1.7329663538567175,2,32735,30453,31.0
573516.066619245,ENDPOINT GAIN RESTORATION,right,5,0.20476168513003543,2,32819,32803,35.0
573516.066681875,ENDPOINT GAIN RESTORATION,right,6,-0.30516319523918334,2,32772,33167,35.0
573516.067832271,ENDPOINT GAIN RESTORATION,right,7,0.6001606775005737,2,32764,30503,34.0
573516.067859283,ENDPOINT GAIN RESTORATION,right,8,0.12256397344930114,2,32802,32714,32.0
573516.068987966,ENDPOINT GAIN RESTORATION,right,1,-0.604380407415885,2,32850,33450,31.0
573516.069056648,ENDPOINT GAIN RESTORATION,right,2,0.21309636072327898,2,32748,32083,32.0
573516.070180262,ENDPOINT GAIN RESTORATION,right,3,0.2445525291828794,2,32899,31701,32.0
573516.070201964,ENDPOINT GAIN RESTORATION,right,4,1.7329663538567175,2,32568,30423,31.0
573516.071357008,ENDPOINT GAIN RESTORATION,left,1,0.0021098649576565265,0,32783,32767,31.0
573516.071387346,ENDPOINT GAIN RESTORATION,right,5,0.20476168513003543,2,32856,32925,35.0
573516.071397656,ENDPOINT GAIN RESTORATION,right,6,-0.30516319523918334,2,32762,33164,35.0
573516.072488317,ENDPOINT GAIN RESTORATION,left,2,0.004411535820553425,0,32791,32767,32.0
573516.072505229,ENDPOINT GAIN RESTORATION,left,3,-0.055048294804302955,0,32820,32767,32.0
573516.072519767,ENDPOINT GAIN RESTORATION,right,7,0.6005442893110562,2,32777,30616,34.0
573516.072532111,ENDPOINT GAIN RESTORATION,right,1,-0.6039967956054024,2,32620,33458,31.0
573516.073733645,ENDPOINT GAIN RESTORATION,left,4,0.018988784618905186,0,32917,32767,32.0
573516.073760867,ENDPOINT GAIN RESTORATION,left,5,-0.9166404211490047,0,32718,32767,35.0
573516.073791556,ENDPOINT GAIN RESTORATION,right,1,-0.6039967956054024,2,32887,33512,31.0
573516.074968563,ENDPOINT GAIN RESTORATION,left,6,0.033182421606774426,0,32809,32767,35.0
573516.074999302,ENDPOINT GAIN RESTORATION,left,7,0.008631265735866478,0,32767,32767,33.0
573516.07502973,ENDPOINT GAIN RESTORATION,right,2,0.21309636072327898,2,32750,32055,32.0
573516.075040541,ENDPOINT GAIN RESTORATION,right,3,0.2445525291828794,2,32830,31579,32.0
573516.076162652,ENDPOINT GAIN RESTORATION,left,8,-0.10108171206225691,0,32726,32767,32.0
573516.076203922,ENDPOINT GAIN RESTORATION,right,4,1.7329663538567175,2,32828,30244,31.0
573516.076214653,ENDPOINT GAIN RESTORATION,right,5,0.20476168513003543,2,32777,33039,35.0
573516.077450663,ENDPOINT GAIN RESTORATION,right,6,-0.30516319523918334,2,32783,33205,35.0
573516.077559482,ENDPOINT GAIN RESTORATION,right,7,0.6001606775005737,2,32770,30627,34.0
573516.078702553,ENDPOINT GAIN RESTORATION,right,8,0.12218036163881862,2,32800,32779,32.0
573516.078733663,ENDPOINT GAIN RESTORATION,right,2,0.21309636072327898,2,32739,31978,32.0
573516.081137923,ENDPOINT GAIN RESTORATION,right,3,0.2445525291828794,2,32828,31614,32.0
573516.083469453,ENDPOINT GAIN RESTORATION,right,4,1.7329663538567175,2,32785,30187,31.0
573516.084727946,ENDPOINT GAIN RESTORATION,right,1,-0.604380407415885,2,32777,33424,31.0
573516.085938988,ENDPOINT GAIN RESTORATION,right,2,0.21309636072327898,2,32722,32049,32.0
573516.085964017,ENDPOINT GAIN RESTORATION,right,3,0.2445525291828794,2,32744,31614,32.0
573516.087090085,ENDPOINT GAIN RESTORATION,right,4,1.7329663538567175,2,33092,30468,31.0
573516.087238962,ENDPOINT GAIN RESTORATION,right,5,0.20476168513003543,2,32746,32932,35.0
573516.08842221,ENDPOINT GAIN RESTORATION,right,6,-0.3047795834287008,2,32818,33198,35.0
573516.088459663,ENDPOINT GAIN RESTORATION,right,7,0.6001606775005737,2,32709,30635,34.0
573516.089610729,ENDPOINT GAIN RESTORATION,right,8,0.12256397344930114,2,32757,32848,32.0
573516.08964265,ENDPOINT GAIN RESTORATION,right,5,0.20476168513003543,2,32741,32940,35.0
573516.092058323,ENDPOINT GAIN RESTORATION,right,6,-0.3047795834287008,2,32771,33115,35.0
573516.093284444,ENDPOINT GAIN RESTORATION,right,7,0.6001606775005737,2,32737,30611,34.0
573516.096979148,ENDPOINT GAIN RESTORATION,right,1,-0.604380407415885,2,32753,33442,31.0
573516.097029155,ENDPOINT GAIN RESTORATION,right,2,0.21309636072327898,2,32824,32066,32.0
573516.097040737,ENDPOINT GAIN RESTORATION,right,3,0.2445525291828794,2,32935,31629,32.0
573516.097051107,ENDPOINT GAIN RESTORATION,right,4,1.7333499656672,2,32575,30096,31.0
573516.099222178,ENDPOINT GAIN RESTORATION,right,5,0.20476168513003543,2,32795,32907,35.0
573516.099240573,ENDPOINT GAIN RESTORATION,right,6,-0.30516319523918334,2,32761,33196,35.0
573516.099248829,ENDPOINT GAIN RESTORATION,right,7,0.6001606775005737,2,32655,30666,34.0
573516.101378039,ENDPOINT GAIN RESTORATION,right,8,0.12256397344930114,2,32737,32858,32.0
573516.101395864,ENDPOINT GAIN RESTORATION,right,1,-0.604380407415885,2,32723,33444,31.0
573516.101404761,ENDPOINT GAIN RESTORATION,right,2,0.21309636072327898,2,32815,32121,32.0
573516.101412556,ENDPOINT GAIN RESTORATION,right,3,0.2449361409933637,2,32797,31644,32.0
573516.103582805,ENDPOINT GAIN RESTORATION,right,4,1.7329663538567175,2,32684,30159,31.0
573516.103620007,ENDPOINT GAIN RESTORATION,right,5,0.20476168513003543,2,32707,32979,35.0
573516.103628112,ENDPOINT GAIN RESTORATION,right,6,-0.30516319523918334,2,32746,33141,35.0
573516.103636559,ENDPOINT GAIN RESTORATION,right,7,0.6001606775005737,2,32660,30450,34.0
573516.107562058,ENDPOINT GAIN RESTORATION,right,1,-0.6047640192263675,2,32705,33412,31.0
573516.10759456,ENDPOINT GAIN RESTORATION,right,2,0.21309636072327898,2,32764,32098,32.0
573516.107611533,ENDPOINT GAIN RESTORATION,right,3,0.2449361409933637,2,32592,31645,32.0
573516.109883198,ENDPOINT GAIN RESTORATION,right,4,1.7333499656672,2,32778,30349,31.0
573516.109912935,ENDPOINT GAIN RESTORATION,right,5,0.20476168513003543,2,32768,32888,35.0
573516.10992047,ENDPOINT GAIN RESTORATION,right,6,-0.3047795834287008,2,32740,33206,35.0
573516.109926902,ENDPOINT GAIN RESTORATION,right,7,0.6001606775005737,2,32741,30526,34.0
573516.112106609,ENDPOINT GAIN RESTORATION,right,1,-0.6047640192263675,2,32789,33445,31.0
573516.112144693,ENDPOINT GAIN RESTORATION,right,2,0.21271274891279468,2,32793,32074,32.0
573516.11215349,ENDPOINT GAIN RESTORATION,right,3,0.2445525291828794,2,32951,31638,32.0
573516.112162086,ENDPOINT GAIN RESTORATION,right,4,1.7333499656672,2,32733,30578,31.0
573516.113520111,ENDPOINT GAIN RESTORATION,right,5,0.20476168513003543,2,32729,32961,35.0
573516.113552634,ENDPOINT GAIN RESTORATION,right,6,-0.3047795834287008,2,32721,33155,35.0
573516.114717437,ENDPOINT GAIN RESTORATION,right,7,0.6001606775005737,2,32759,30387,34.0
573516.114779677,ENDPOINT GAIN RESTORATION,right,8,0.12218036163881862,2,32829,32652,32.0
573516.115905996,ENDPOINT GAIN RESTORATION,right,1,-0.6047640192263675,2,32859,33440,31.0
573516.117098793,ENDPOINT GAIN RESTORATION,right,2,0.21309636072327898,2,32814,32108,32.0
573516.119410755,ENDPOINT GAIN RESTORATION,right,1,-0.6051476310368518,2,32791,33422,31.0
573516.120651855,ENDPOINT GAIN RESTORATION,right,2,0.21309636072327898,2,32717,32032,32.0
573516.120681001,ENDPOINT GAIN RESTORATION,right,3,0.2445525291828794,2,32798,31549,32.0
573516.121922021,ENDPOINT GAIN RESTORATION,left,1,0.0021098649576565265,0,32935,32767,31.0
573516.121981305,ENDPOINT GAIN RESTORATION,right,4,1.7333499656672,2,32708,30506,31.0
573516.121993328,ENDPOINT GAIN RESTORATION,right,5,0.20476168513003543,2,32818,33009,35.0
573516.122016763,ENDPOINT GAIN RESTORATION,right,6,-0.30516319523918334,2,32815,33233,35.0
573516.123151919,ENDPOINT GAIN RESTORATION,left,2,0.004411535820553425,0,32870,32767,32.0
573516.123172799,ENDPOINT GAIN RESTORATION,left,3,-0.055048294804302955,0,32676,32767,32.0
573516.123190904,ENDPOINT GAIN RESTORATION,right,7,0.6001606775005737,2,32692,30501,34.0
573516.124293488,ENDPOINT GAIN RESTORATION,left,4,0.018988784618905186,0,32849,32767,32.0
573516.124314669,ENDPOINT GAIN RESTORATION,left,5,-0.9166404211490047,0,32795,32767,35.0
573516.124331601,ENDPOINT GAIN RESTORATION,right,8,0.12218036163881862,2,32759,32887,32.0
573516.124340298,ENDPOINT GAIN RESTORATION,right,3,0.2449361409933637,2,32762,31664,32.0
573516.125432281,ENDPOINT GAIN RESTORATION,left,6,0.033182421606774426,0,32743,32767,35.0
573516.125456567,ENDPOINT GAIN RESTORATION,left,7,0.008631265735866478,0,32817,32767,33.0
573516.126658061,ENDPOINT GAIN RESTORATION,left,8,-0.10108171206225691,0,32718,32767,32.0
573516.126712616,ENDPOINT GAIN RESTORATION,right,8,0.12256397344930114,2,32775,32847,32.0
573516.126728196,ENDPOINT GAIN RESTORATION,right,4,1.7333499656672,2,32557,30517,31.0
573516.129060958,ENDPOINT GAIN RESTORATION,right,5,0.20476168513003543,2,32712,33091,35.0
573516.1302461,ENDPOINT GAIN RESTORATION,right,1,-0.6051476310368518,2,32811,33392,31.0
573516.131395093,ENDPOINT GAIN RESTORATION,right,2,0.21271274891279468,2,32845,32073,32.0
573516.131406625,ENDPOINT GAIN RESTORATION,right,3,0.2445525291828794,2,32999,31552,32.0
573516.132481054,ENDPOINT GAIN RESTORATION,right,4,1.7333499656672,2,32625,30482,31.0
573516.132491314,ENDPOINT GAIN RESTORATION,right,5,0.20476168513003543,2,32810,33074,35.0
573516.133565062,ENDPOINT GAIN RESTORATION,right,6,-0.30516319523918334,2,32801,33154,35.0
573516.133574249,ENDPOINT GAIN RESTORATION,right,7,0.6001606775005737,2,32829,30582,34.0
573516.134642046,ENDPOINT GAIN RESTORATION,right,8,0.12218036163881862,2,32742,32710,32.0
573516.135711385,ENDPOINT GAIN RESTORATION,right,6,-0.30516319523918334,2,32790,33140,35.0
573516.136833265,ENDPOINT GAIN RESTORATION,right,7,0.6005442893110562,2,32724,30555,34.0
573516.140450641,ENDPOINT GAIN RESTORATION,right,1,-0.6051476310368518,2,32725,33400,31.0
573516.140477092,ENDPOINT GAIN RESTORATION,right,2,0.21271274891279468,2,32837,32106,32.0
573516.140491911,ENDPOINT GAIN RESTORATION,right,3,0.2445525291828794,2,32686,31734,32.0
573516.14285429,ENDPOINT GAIN RESTORATION,right,4,1.7333499656672,2,32792,30647,31.0
573516.142893656,ENDPOINT GAIN RESTORATION,right,5,0.20476168513003543,2,32750,32839,35.0
573516.142912122,ENDPOINT GAIN RESTORATION,right,6,-0.30516319523918334,2,32770,33183,35.0
573516.142928273,ENDPOINT GAIN RESTORATION,right,7,0.6005442893110562,2,32717,30697,34.0
573516.142942771,ENDPOINT GAIN RESTORATION,right,1,-0.6051476310368518,2,32773,33437,31.0
573516.14548733,ENDPOINT GAIN RESTORATION,right,2,0.21271274891279468,2,32923,32127,32.0
573516.145565781,ENDPOINT GAIN RESTORATION,right,3,0.2445525291828794,2,32779,31538,32.0
573516.145578796,ENDPOINT GAIN RESTORATION,right,4,1.7333499656672,2,32873,30546,31.0
573516.145590068,ENDPOINT GAIN RESTORATION,right,5,0.20476168513003543,2,32755,33046,35.0
573516.147853196,ENDPOINT GAIN RESTORATION,right,6,-0.30516319523918334,2,32741,33253,35.0
573516.147880449,ENDPOINT GAIN RESTORATION,right,7,0.6001606775005737,2,32788,30521,34.0
573516.147889035,ENDPOINT GAIN RESTORATION,right,8,0.12256397344930114,2,32734,32821,32.0
573516.152519362,ENDPOINT GAIN RESTORATION,right,1,-0.6051476310368518,2,32680,33402,31.0
573516.152562164,ENDPOINT GAIN RESTORATION,right,2,0.21271274891279468,2,32743,32130,32.0
573516.152576512,ENDPOINT GAIN RESTORATION,right,3,0.2445525291828794,2,32879,31653,32.0
573516.155287773,ENDPOINT GAIN RESTORATION,right,4,1.7333499656672,2,32811,30543,31.0
573516.155360894,ENDPOINT GAIN RESTORATION,right,5,0.20476168513003543,2,32806,33047,35.0
573516.155374791,ENDPOINT GAIN RESTORATION,right,6,-0.30516319523918334,2,32821,33258,35.0
573516.155385992,ENDPOINT GAIN RESTORATION,right,7,0.6001606775005737,2,32702,30604,34.0
573516.155397725,ENDPOINT GAIN RESTORATION,right,1,-0.6051476310368518,2,32704,33377,31.0
573516.159475868,ENDPOINT GAIN RESTORATION,right,2,0.21271274891279468,2,32724,32036,32.0
573516.159512529,ENDPOINT GAIN RESTORATION,right,3,0.2445525291828794,2,32880,31797,32.0
573516.159527127,ENDPOINT GAIN RESTORATION,right,4,1.7333499656672,2,32827,30168,31.0
573516.159541074,ENDPOINT GAIN RESTORATION,right,5,0.20476168513003543,2,32746,33079,35.0
573516.159552456,ENDPOINT GAIN RESTORATION,right,6,-0.30516319523918334,2,32749,33353,35.0
573516.159559429,ENDPOINT GAIN RESTORATION,right,7,0.6001606775005737,2,32778,30372,34.0
573516.159566062,ENDPOINT GAIN RESTORATION,right,8,0.12256397344930114,2,32672,32781,32.0
573516.164252136,ENDPOINT GAIN RESTORATION,right,1,-0.6055312428473343,2,32901,33390,31.0
573516.164283336,ENDPOINT GAIN RESTORATION,right,2,0.21271274891279468,2,32733,32081,32.0
573516.164292524,ENDPOINT GAIN RESTORATION,right,3,0.2449361409933637,2,32696,31764,32.0
573516.164487509,ENDPOINT GAIN RESTORATION,right,4,1.7333499656672,2,32811,30286,31.0
573516.165597907,ENDPOINT GAIN RESTORATION,right,5,0.20476168513003543,2,32771,33089,35.0
573516.165627865,ENDPOINT GAIN RESTORATION,right,6,-0.30516319523918334,2,32779,33182,35.0
573516.166711201,ENDPOINT GAIN RESTORATION,right,7,0.6001606775005737,2,32749,30662,34.0
573516.167788916,ENDPOINT GAIN RESTORATION,right,1,-0.6055312428473343,2,32967,33426,31.0
573516.167800479,ENDPOINT GAIN RESTORATION,right,2,0.21271274891279468,2,32863,32109,32.0
573516.168897411,ENDPOINT GAIN RESTORATION,right,3,0.2445525291828794,2,32758,31727,32.0
573516.168918853,ENDPOINT GAIN RESTORATION,right,4,1.7333499656672,2,32700,30503,31.0
573516.17002385,ENDPOINT GAIN RESTORATION,right,5,0.20476168513003543,2,32773,32907,35.0
573516.170065541,ENDPOINT GAIN RESTORATION,right,6,-0.30516319523918334,2,32755,33178,35.0
573516.171168695,ENDPOINT GAIN RESTORATION,right,7,0.6001606775005737,2,32823,30455,34.0
573516.171190657,ENDPOINT GAIN RESTORATION,right,8,0.12256397344930114,2,32811,32767,32.0
573516.172401689,ENDPOINT GAIN RESTORATION,left,1,0.0021098649576565265,0,32676,32767,31.0
573516.172442197,ENDPOINT GAIN RESTORATION,right,1,-0.6051476310368518,2,32739,33382,31.0
573516.173645815,ENDPOINT GAIN RESTORATION,left,2,0.004411535820553425,0,32636,32767,32.0
573516.173680662,ENDPOINT GAIN RESTORATION,left,3,-0.055048294804302955,0,32646,32767,32.0
573516.173704168,ENDPOINT GAIN RESTORATION,right,2,0.21271274891279468,2,32863,32118,32.0
573516.174812071,ENDPOINT GAIN RESTORATION,left,4,0.018988784618905186,0,32769,32767,32.0
573516.174839223,ENDPOINT GAIN RESTORATION,left,5,-0.9166404211490047,0,32770,32767,35.0
573516.17520601,ENDPOINT GAIN RESTORATION,left,6,0.033182421606774426,0,32715,32767,35.0
573516.176402925,ENDPOINT GAIN RESTORATION,left,7,0.008631265735866478,0,32823,32767,33.0
573516.176489451,ENDPOINT GAIN RESTORATION,left,8,-0.10069810025177439,0,32777,32767,32.0
573516.176527795,ENDPOINT GAIN RESTORATION,right,1,-0.6055312428473343,2,32936,33408,31.0
573516.176538576,ENDPOINT GAIN RESTORATION,right,2,0.21271274891279468,2,32872,32195,32.0
573516.177640388,ENDPOINT GAIN RESTORATION,right,3,0.2445525291828794,2,32789,31740,32.0
573516.177662811,ENDPOINT GAIN RESTORATION,right,4,1.7329663538567175,2,32872,30202,31.0
573516.178861409,ENDPOINT GAIN RESTORATION,right,5,0.20476168513003543,2,32775,32844,35.0
573516.17895056,ENDPOINT GAIN RESTORATION,right,6,-0.30516319523918334,2,32753,33100,35.0
573516.180103671,ENDPOINT GAIN RESTORATION,right,7,0.6001606775005737,2,32732,30690,34.0
573516.180126676,ENDPOINT GAIN RESTORATION,right,8,0.12218036163881862,2,32838,32812,32.0
573516.181244648,ENDPOINT GAIN RESTORATION,right,3,0.2445525291828794,2,32814,31751,32.0
573516.182492732,ENDPOINT GAIN RESTORATION,right,4,1.7333499656672,2,32851,30383,31.0
573516.184813481,ENDPOINT GAIN RESTORATION,right,5,0.20476168513003543,2,32835,32824,35.0
573516.18715508,ENDPOINT GAIN RESTORATION,right,1,-0.6055312428473343,2,32753,33479,31.0
573516.18825055,ENDPOINT GAIN RESTORATION,right,2,0.21232913710231216,2,32799,32105,32.0
573516.188265388,ENDPOINT GAIN RESTORATION,right,3,0.2445525291828794,2,32695,31619,32.0
573516.189360056,ENDPOINT GAIN RESTORATION,right,4,1.7333499656672,2,32748,30285,31.0
573516.189379704,ENDPOINT GAIN RESTORATION,right,5,0.20476168513003543,2,32757,32900,35.0
573516.190483329,ENDPOINT GAIN RESTORATION,right,6,-0.3047795834287008,2,32713,33197,35.0
573516.190506714,ENDPOINT GAIN RESTORATION,right,7,0.6005442893110562,2,32803,30689,34.0
573516.191622002,ENDPOINT GAIN RESTORATION,right,8,0.12256397344930114,2,32680,32880,32.0
573516.191670095,ENDPOINT GAIN RESTORATION,right,6,-0.3047795834287008,2,32749,33248,35.0
573516.193986415,ENDPOINT GAIN RESTORATION,right,7,0.6001606775005737,2,32758,30513,34.0
573516.19770208,ENDPOINT GAIN RESTORATION,right,1,-0.6051476310368518,2,32855,33382,31.0
573516.197726667,ENDPOINT GAIN RESTORATION,right,2,0.21232913710231216,2,32914,32142,32.0
573516.197735504,ENDPOINT GAIN RESTORATION,right,3,0.2445525291828794,2,32747,31550,32.0
573516.200014092,ENDPOINT GAIN RESTORATION,right,4,1.7333499656672,2,32673,30555,31.0
573516.20008008,ENDPOINT GAIN RESTORATION,right,5,0.20476168513003543,2,32764,32936,35.0
573516.200097162,ENDPOINT GAIN RESTORATION,right,6,-0.30516319523918334,2,32788,33187,35.0
573516.200108715,ENDPOINT GAIN RESTORATION,right,7,0.6001606775005737,2,32759,30534,34.0
573516.202308852,ENDPOINT GAIN RESTORATION,right,1,-0.6055312428473343,2,32822,33378,31.0
573516.202325945,ENDPOINT GAIN RESTORATION,right,2,0.21232913710231216,2,32921,32136,32.0
573516.202333068,ENDPOINT GAIN RESTORATION,right,3,0.2445525291828794,2,32838,31640,32.0
573516.202340122,ENDPOINT GAIN RESTORATION,right,4,1.7333499656672,2,32930,30385,31.0
573516.204458571,ENDPOINT GAIN RESTORATION,right,5,0.20476168513003543,2,32713,33016,35.0
573516.204489801,ENDPOINT GAIN RESTORATION,right,6,-0.3047795834287008,2,32752,33196,35.0
573516.204497656,ENDPOINT GAIN RESTORATION,right,7,0.6001606775005737,2,32845,30523,34.0
573516.204503508,ENDPOINT GAIN RESTORATION,right,8,0.12256397344930114,2,32750,32787,32.0
573516.208984316,ENDPOINT GAIN RESTORATION,right,1,-0.6055312428473343,2,32611,33350,31.0
573516.209026417,ENDPOINT GAIN RESTORATION,right,2,0.21232913710231216,2,32999,32148,32.0
573516.209037689,ENDPOINT GAIN RESTORATION,right,3,0.2445525291828794,2,32733,31596,32.0
573516.21210211,ENDPOINT GAIN RESTORATION,right,4,1.7333499656672,2,32514,30469,31.0
573516.212132228,ENDPOINT GAIN RESTORATION,right,5,0.20476168513003543,2,32780,32872,35.0
573516.212141386,ENDPOINT GAIN RESTORATION,right,6,-0.30516319523918334,2,32817,33152,35.0
573516.212148009,ENDPOINT GAIN RESTORATION,right,7,0.6005442893110562,2,32752,30477,34.0
573516.212154481,ENDPOINT GAIN RESTORATION,right,1,-0.6051476310368518,2,32776,33448,31.0
573516.212446243,ENDPOINT GAIN RESTORATION,right,2,0.21271274891279468,2,32775,32075,32.0
573516.213556651,ENDPOINT GAIN RESTORATION,right,3,0.2445525291828794,2,32872,31764,32.0
573516.213575217,ENDPOINT GAIN RESTORATION,right,4,1.7333499656672,2,32890,30670,31.0
573516.214706375,ENDPOINT GAIN RESTORATION,right,5,0.20476168513003543,2,32752,32873,35.0
573516.215819579,ENDPOINT GAIN RESTORATION,right,6,-0.30516319523918334,2,32719,33427,35.0
573516.215838014,ENDPOINT GAIN RESTORATION,right,7,0.6001606775005737,2,32754,30614,34.0
573516.216959244,ENDPOINT GAIN RESTORATION,right,8,0.12256397344930114,2,32695,33070,32.0
573516.21701414,ENDPOINT GAIN RESTORATION,right,1,-0.6055312428473343,2,32729,33392,31.0
573516.218336045,ENDPOINT GAIN RESTORATION,right,2,0.21271274891279468,2,32661,32123,32.0
573516.219848387,ENDPOINT GAIN RESTORATION,right,3,0.2445525291828794,2,32767,31714,32.0
573516.221127701,ENDPOINT GAIN RESTORATION,right,1,-0.6055312428473343,2,32872,33390,31.0
573516.222351117,ENDPOINT GAIN RESTORATION,left,1,0.0021098649576565265,0,32752,32767,31.0
573516.222389761,ENDPOINT GAIN RESTORATION,right,2,0.21271274891279468,2,32892,32127,32.0
573516.22239973,ENDPOINT GAIN RESTORATION,right,3,0.2445525291828794,2,32712,31632,32.0
573516.22350047,ENDPOINT GAIN RESTORATION,left,2,0.004411535820553425,0,32789,32767,32.0
573516.223532682,ENDPOINT GAIN RESTORATION,left,3,-0.055048294804302955,0,32575,32767,32.0
573516.223555115,ENDPOINT GAIN RESTORATION,right,4,1.7333499656672,2,32815,30471,31.0
573516.223564213,ENDPOINT GAIN RESTORATION,right,5,0.20476168513003543,2,32796,32968,35.0
573516.224754625,ENDPOINT GAIN RESTORATION,left,4,0.018988784618905186,0,32901,32767,32.0
573516.224942407,ENDPOINT GAIN RESTORATION,left,5,-0.9166404211490047,0,32786,32767,35.0
573516.225013253,ENDPOINT GAIN RESTORATION,right,6,-0.30516319523918334,2,32787,33267,35.0
573516.225059853,ENDPOINT GAIN RESTORATION,right,7,0.6001606775005737,2,32778,30661,34.0
573516.22508925,ENDPOINT GAIN RESTORATION,right,8,0.12218036163881862,2,32765,32746,32.0
573516.22625294,ENDPOINT GAIN RESTORATION,left,6,0.033182421606774426,0,32811,32767,35.0
573516.226277187,ENDPOINT GAIN RESTORATION,left,7,0.008631265735866478,0,32714,32767,33.0
573516.226285864,ENDPOINT GAIN RESTORATION,left,8,-0.10108171206225691,0,32721,32767,32.0
573516.22630452,ENDPOINT GAIN RESTORATION,right,4,1.7333499656672,2,32660,30172,31.0
573516.22755602,ENDPOINT GAIN RESTORATION,right,5,0.20476168513003543,2,32815,32899,35.0
573516.229892649,ENDPOINT GAIN RESTORATION,right,8,0.12256397344930114,2,32749,32790,32.0
573516.22991864,ENDPOINT GAIN RESTORATION,right,6,-0.30516319523918334,2,32761,33356,35.0
573516.231281604,ENDPOINT GAIN RESTORATION,right,1,-0.6055312428473343,2,32740,33461,31.0
573516.232547823,ENDPOINT GAIN RESTORATION,right,2,0.21271274891279468,2,32624,32127,32.0
573516.232569524,ENDPOINT GAIN RESTORATION,right,3,0.2445525291828794,2,32769,31620,32.0
573516.233664793,ENDPOINT GAIN RESTORATION,right,4,1.7333499656672,2,32780,30366,31.0
573516.233683169,ENDPOINT GAIN RESTORATION,right,5,0.20514529694051795,2,32697,32962,35.0
573516.234785582,ENDPOINT GAIN RESTORATION,right,6,-0.30516319523918334,2,32653,33221,35.0
573516.234811632,ENDPOINT GAIN RESTORATION,right,7,0.6001606775005737,2,32787,30659,34.0
573516.235935987,ENDPOINT GAIN RESTORATION,right,8,0.12256397344930114,2,32724,32760,32.0
573516.235963661,ENDPOINT GAIN RESTORATION,right,7,0.6001606775005737,2,32782,30430,34.0
573516.239576658,ENDPOINT GAIN RESTORATION,right,1,-0.6055312428473343,2,32683,33409,31.0
573516.239609471,ENDPOINT GAIN RESTORATION,right,2,0.21232913710231216,2,32835,32153,32.0
573516.239620733,ENDPOINT GAIN RESTORATION,right,3,0.2445525291828794,2,32792,31710,32.0
573516.241864524,ENDPOINT GAIN RESTORATION,right,4,1.7333499656672,2,32767,30353,31.0
573516.241908568,ENDPOINT GAIN RESTORATION,right,5,0.20476168513003543,2,32804,32990,35.0
573516.241925721,ENDPOINT GAIN RESTORATION,right,6,-0.30516319523918334,2,32755,33347,35.0
573516.241936542,ENDPOINT GAIN RESTORATION,right,7,0.6001606775005737,2,32784,30421,34.0
573516.244475552,ENDPOINT GAIN RESTORATION,right,1,-0.6055312428473343,2,32872,33397,31.0
573516.244511782,ENDPOINT GAIN RESTORATION,right,2,0.21271274891279468,2,32805,32128,32.0
573516.244522793,ENDPOINT GAIN RESTORATION,right,3,0.2445525291828794,2,32681,31622,32.0
573516.246719032,ENDPOINT GAIN RESTORATION,right,4,1.7333499656672,2,32707,30146,31.0
573516.246748258,ENDPOINT GAIN RESTORATION,right,5,0.20476168513003543,2,32710,33071,35.0
573516.246767155,ENDPOINT GAIN RESTORATION,right,6,-0.30516319523918334,2,32702,33183,35.0
573516.24678557,ENDPOINT GAIN RESTORATION,right,7,0.6001606775005737,2,32852,30525,34.0
573516.249016206,ENDPOINT GAIN RESTORATION,right,8,0.12256397344930114,2,32661,32974,32.0
573516.251583139,ENDPOINT GAIN RESTORATION,right,1,-0.6055312428473343,2,32859,33398,31.0
573516.251618116,ENDPOINT GAIN RESTORATION,right,2,0.21232913710231216,2,32693,32097,32.0
573516.251626703,ENDPOINT GAIN RESTORATION,right,3,0.2449361409933637,2,32788,31545,32.0
573516.253951479,ENDPOINT GAIN RESTORATION,right,4,1.7333499656672,2,32733,30334,31.0
573516.254039158,ENDPOINT GAIN RESTORATION,right,5,0.20476168513003543,2,32793,33018,35.0
573516.254051652,ENDPOINT GAIN RESTORATION,right,6,-0.30516319523918334,2,32691,33214,35.0
573516.254061501,ENDPOINT GAIN RESTORATION,right,7,0.6001606775005737,2,32743,30571,34.0
573516.256477504,ENDPOINT GAIN RESTORATION,right,1,-0.6055312428473343,2,32808,33419,31.0
573516.256549232,ENDPOINT GAIN RESTORATION,right,2,0.21271274891279468,2,32802,32023,32.0
573516.256577146,ENDPOINT GAIN RESTORATION,right,3,0.2449361409933637,2,32799,31765,32.0
573516.25904088,ENDPOINT GAIN RESTORATION,right,4,1.7329663538567175,2,32995,30603,31.0
573516.259100515,ENDPOINT GAIN RESTORATION,right,5,0.20476168513003543,2,32721,33017,35.0
573516.259113049,ENDPOINT GAIN RESTORATION,right,6,-0.30516319523918334,2,32782,33129,35.0
573516.259121145,ENDPOINT GAIN RESTORATION,right,7,0.6001606775005737,2,32795,30546,34.0
573516.259126876,ENDPOINT GAIN RESTORATION,right,8,0.12256397344930114,2,32745,32693,32.0
573516.265153651,ENDPOINT GAIN RESTORATION,right,1,-0.6055312428473343,2,32980,33425,31.0
573516.265183519,ENDPOINT GAIN RESTORATION,right,2,0.21232913710231216,2,32797,32051,32.0
573516.265192807,ENDPOINT GAIN RESTORATION,right,3,0.2445525291828794,2,32902,31764,32.0
573516.266538498,ENDPOINT GAIN RESTORATION,right,4,1.7329663538567175,2,32660,30446,31.0
573516.26659644,ENDPOINT GAIN RESTORATION,right,5,0.20476168513003543,2,32859,32925,35.0
573516.266609846,ENDPOINT GAIN RESTORATION,right,6,-0.30516319523918334,2,32686,33232,35.0
573516.267730944,ENDPOINT GAIN RESTORATION,right,7,0.6001606775005737,2,32786,30565,34.0
573516.267752115,ENDPOINT GAIN RESTORATION,right,1,-0.6055312428473343,2,32760,33418,31.0
573516.268869888,ENDPOINT GAIN RESTORATION,right,2,0.21232913710231216,2,32846,32209,32.0
573516.269999253,ENDPOINT GAIN RESTORATION,right,3,0.2445525291828794,2,32719,31743,32.0
573516.27002914,ENDPOINT GAIN RESTORATION,right,4,1.7329663538567175,2,32756,30369,31.0
573516.271148977,ENDPOINT GAIN RESTORATION,right,5,0.20476168513003543,2,32766,33057,35.0
573516.271188974,ENDPOINT GAIN RESTORATION,right,6,-0.30516319523918334,2,32831,33194,35.0
573516.272422208,ENDPOINT GAIN RESTORATION,left,1,0.0021098649576565265,0,32501,32767,31.0
573516.272481883,ENDPOINT GAIN RESTORATION,right,7,0.6005442893110562,2,32787,30559,34.0
573516.272496391,ENDPOINT GAIN RESTORATION,right,8,0.12256397344930114,2,32713,32766,32.0
573516.273583064,ENDPOINT GAIN RESTORATION,left,2,0.004411535820553425,0,32736,32767,32.0
573516.273601119,ENDPOINT GAIN RESTORATION,left,3,-0.055048294804302955,0,32777,32767,32.0
573516.273616068,ENDPOINT GAIN RESTORATION,right,1,-0.6055312428473343,2,32676,33374,31.0
573516.274961338,ENDPOINT GAIN RESTORATION,left,4,0.018988784618905186,0,32723,32767,32.0
573516.275011034,ENDPOINT GAIN RESTORATION,left,5,-0.9166404211490047,0,32756,32767,35.0
573516.275033277,ENDPOINT GAIN RESTORATION,right,2,0.21271274891279468,2,32790,32167,32.0
573516.275289199,ENDPOINT GAIN RESTORATION,left,6,0.033182421606774426,0,32755,32767,35.0
573516.276507756,ENDPOINT GAIN RESTORATION,left,7,0.008631265735866478,0,32733,32767,33.0
573516.276540048,ENDPOINT GAIN RESTORATION,left,8,-0.10069810025177439,0,32771,32767,32.0
573516.276562151,ENDPOINT GAIN RESTORATION,right,3,0.2445525291828794,2,32822,31779,32.0
573516.277902692,ENDPOINT GAIN RESTORATION,right,1,-0.6055312428473343,2,32731,33392,31.0
573516.277947909,ENDPOINT GAIN RESTORATION,right,2,0.21271274891279468,2,32748,32163,32.0
573516.279061484,ENDPOINT GAIN RESTORATION,right,3,0.2445525291828794,2,32800,31809,32.0
573516.279105248,ENDPOINT GAIN RESTORATION,right,4,1.7329663538567175,2,32951,30272,31.0
573516.28023349,ENDPOINT GAIN RESTORATION,right,5,0.20476168513003543,2,32758,32661,35.0
573516.280258799,ENDPOINT GAIN RESTORATION,right,6,-0.30516319523918334,2,32758,33126,35.0
573516.281385409,ENDPOINT GAIN RESTORATION,right,7,0.6005442893110562,2,32738,30480,34.0
573516.281407151,ENDPOINT GAIN RESTORATION,right,8,0.12256397344930114,2,32763,32880,32.0
573516.282496569,ENDPOINT GAIN RESTORATION,right,4,1.7333499656672,2,32756,30369,31.0
573516.2837073,ENDPOINT GAIN RESTORATION,right,5,0.20476168513003543,2,32753,32921,35.0
573516.286037898,ENDPOINT GAIN RESTORATION,right,6,-0.30516319523918334,2,32771,33166,35.0
573516.287196489,ENDPOINT GAIN RESTORATION,right,1,-0.6055312428473343,2,32911,33395,31.0
573516.288361022,ENDPOINT GAIN RESTORATION,right,2,0.21232913710231216,2,32729,32149,32.0
573516.288379317,ENDPOINT GAIN RESTORATION,right,3,0.2445525291828794,2,33019,31888,32.0
573516.289473183,ENDPOINT GAIN RESTORATION,right,4,1.7333499656672,2,32592,30412,31.0
573516.2894921,ENDPOINT GAIN RESTORATION,right,5,0.20514529694051795,2,32714,32967,35.0
573516.290641183,ENDPOINT GAIN RESTORATION,right,6,-0.30516319523918334,2,32818,33316,35.0
573516.290698102,ENDPOINT GAIN RESTORATION,right,7,0.6001606775005737,2,32847,30643,34.0
573516.29187568,ENDPOINT GAIN RESTORATION,right,8,0.12256397344930114,2,32857,32821,32.0
573516.29192261,ENDPOINT GAIN RESTORATION,right,7,0.6001606775005737,2,32763,30401,34.0
573516.295536049,ENDPOINT GAIN RESTORATION,right,1,-0.6055312428473343,2,32840,33416,31.0
573516.295578771,ENDPOINT GAIN RESTORATION,right,2,0.21232913710231216,2,32827,32109,32.0
573516.295587047,ENDPOINT GAIN RESTORATION,right,3,0.2445525291828794,2,32790,31669,32.0
573516.297761564,ENDPOINT GAIN RESTORATION,right,4,1.7329663538567175,2,32795,30538,31.0
573516.297784609,ENDPOINT GAIN RESTORATION,right,5,0.20514529694051795,2,32765,32987,35.0
573516.297792724,ENDPOINT GAIN RESTORATION,right,6,-0.30516319523918334,2,32776,33313,35.0
573516.297799177,ENDPOINT GAIN RESTORATION,right,7,0.6005442893110562,2,32761,30464,34.0
573516.300009814,ENDPOINT GAIN RESTORATION,right,1,-0.6055312428473343,2,32823,33423,31.0
573516.300028871,ENDPOINT GAIN RESTORATION,right,2,0.21232913710231216,2,32709,32105,32.0
573516.300035553,ENDPOINT GAIN RESTORATION,right,3,0.2445525291828794,2,32640,31613,32.0
573516.302179612,ENDPOINT GAIN RESTORATION,right,4,1.7333499656672,2,32658,30516,31.0
573516.302200723,ENDPOINT GAIN RESTORATION,right,5,0.20514529694051795,2,32793,32886,35.0
573516.302208197,ENDPOINT GAIN RESTORATION,right,6,-0.3047795834287008,2,32697,33297,35.0
573516.30221482,ENDPOINT GAIN RESTORATION,right,7,0.6005442893110562,2,32747,30507,34.0
573516.304360462,ENDPOINT GAIN RESTORATION,right,8,0.12256397344930114,2,32798,33010,32.0
573516.306775653,ENDPOINT GAIN RESTORATION,right,1,-0.6055312428473343,2,32789,33431,31.0
573516.306793086,ENDPOINT GAIN RESTORATION,right,2,0.21232913710231216,2,32914,32170,32.0
573516.306802915,ENDPOINT GAIN RESTORATION,right,3,0.2445525291828794,2,32816,31644,32.0
573516.308985288,ENDPOINT GAIN RESTORATION,right,4,1.7333499656672,2,32962,30494,31.0
573516.309031146,ENDPOINT GAIN RESTORATION,right,5,0.20476168513003543,2,32853,32903,35.0
573516.309046576,ENDPOINT GAIN RESTORATION,right,6,-0.3047795834287008,2,32749,33215,35.0
573516.309060082,ENDPOINT GAIN RESTORATION,right,7,0.6005442893110562,2,32772,30532,34.0
573516.31134402,ENDPOINT GAIN RESTORATION,right,1,-0.6055312428473343,2,32843,33406,31.0
573516.311375401,ENDPOINT GAIN RESTORATION,right,2,0.21232913710231216,2,32781,32071,32.0
573516.311384318,ENDPOINT GAIN RESTORATION,right,3,0.2445525291828794,2,32883,31834,32.0
573516.313588292,ENDPOINT GAIN RESTORATION,right,4,1.7333499656672,2,32833,30328,31.0
573516.31361869,ENDPOINT GAIN RESTORATION,right,5,0.20514529694051795,2,32736,32950,35.0
573516.313629201,ENDPOINT GAIN RESTORATION,right,6,-0.3047795834287008,2,32713,33087,35.0
573516.313636926,ENDPOINT GAIN RESTORATION,right,7,0.6001606775005737,2,32801,30611,34.0
573516.315644531,ENDPOINT GAIN RESTORATION,right,8,0.12218036163881862,2,32791,32938,32.0
573516.316740522,ENDPOINT GAIN RESTORATION,right,1,-0.6055312428473343,2,32720,33396,31.0
573516.317857764,ENDPOINT GAIN RESTORATION,right,2,0.21232913710231216,2,32739,32117,32.0
573516.317878814,ENDPOINT GAIN RESTORATION,right,3,0.2445525291828794,2,32691,31701,32.0
573516.318976728,ENDPOINT GAIN RESTORATION,right,4,1.7333499656672,2,32847,30150,31.0
573516.31899303,ENDPOINT GAIN RESTORATION,right,5,0.20476168513003543,2,32703,32810,35.0
573516.32009395,ENDPOINT GAIN RESTORATION,right,6,-0.30516319523918334,2,32773,33170,35.0
573516.320124218,ENDPOINT GAIN RESTORATION,right,7,0.6001606775005737,2,32793,30727,34.0
573516.321640037,ENDPOINT GAIN RESTORATION,right,1,-0.6055312428473343,2,32708,33367,31.0
573516.321714761,ENDPOINT GAIN RESTORATION,right,1,-0.6055312428473343,2,32769,33373,31.0
573516.322996339,ENDPOINT GAIN RESTORATION,left,1,0.0021098649576565265,0,32990,32767,31.0
573516.323034112,ENDPOINT GAIN RESTORATION,right,2,0.21232913710231216,2,32749,32103,32.0
573516.323042287,ENDPOINT GAIN RESTORATION,right,3,0.2445525291828794,2,32798,31617,32.0
573516.32417071,ENDPOINT GAIN RESTORATION,left,2,0.004411535820553425,0,32800,32767,32.0
573516.32419121,ENDPOINT GAIN RESTORATION,left,3,-0.055048294804302955,0,32906,32767,32.0
573516.324205788,ENDPOINT GAIN RESTORATION,right,4,1.7333499656672,2,32647,30419,31.0
573516.324213072,ENDPOINT GAIN RESTORATION,right,5,0.20476168513003543,2,32736,32795,35.0
573516.325291519,ENDPOINT GAIN RESTORATION,left,4,0.018988784618905186,0,32752,32767,32.0
573516.325304213,ENDPOINT GAIN RESTORATION,left,5,-0.9166404211490047,0,32700,32767,35.0
573516.325315605,ENDPOINT GAIN RESTORATION,right,6,-0.3047795834287008,2,32727,33150,35.0
573516.325324192,ENDPOINT GAIN RESTORATION,right,7,0.6001606775005737,2,32776,30595,34.0
573516.326409031,ENDPOINT GAIN RESTORATION,left,6,0.033182421606774426,0,32833,32767,35.0
573516.326427857,ENDPOINT GAIN RESTORATION,left,7,0.009014877546348998,0,32736,32767,33.0
573516.32644506,ENDPOINT GAIN RESTORATION,right,8,0.12218036163881862,2,32757,32675,32.0
573516.326453486,ENDPOINT GAIN RESTORATION,right,2,0.21232913710231216,2,32861,32103,32.0
573516.32755111,ENDPOINT GAIN RESTORATION,left,8,-0.10108171206225691,0,32811,32767,32.0
573516.328808562,ENDPOINT GAIN RESTORATION,right,3,0.2445525291828794,2,32743,31700,32.0
573516.331077661,ENDPOINT GAIN RESTORATION,right,4,1.7333499656672,2,32571,30129,31.0
573516.332238426,ENDPOINT GAIN RESTORATION,right,1,-0.6055312428473343,2,32773,33387,31.0
573516.333419501,ENDPOINT GAIN RESTORATION,right,2,0.21271274891279468,2,32602,32117,32.0
573516.33343979,ENDPOINT GAIN RESTORATION,right,3,0.2445525291828794,2,32726,31816,32.0
573516.334523036,ENDPOINT GAIN RESTORATION,right,4,1.7333499656672,2,32706,30520,31.0
573516.334536432,ENDPOINT GAIN RESTORATION,right,5,0.20476168513003543,2,32772,33013,35.0
573516.335618675,ENDPOINT GAIN RESTORATION,right,6,-0.30516319523918334,2,32789,33199,35.0
573516.33563148,ENDPOINT GAIN RESTORATION,right,7,0.6001606775005737,2,32709,30513,34.0
573516.336712392,ENDPOINT GAIN RESTORATION,right,8,0.12256397344930114,2,32723,33013,32.0
573516.337802972,ENDPOINT GAIN RESTORATION,right,5,0.20514529694051795,2,32709,32829,35.0
573516.337937842,ENDPOINT GAIN RESTORATION,right,8,0.12218036163881862,2,32818,33160,32.0
573516.339034884,ENDPOINT GAIN RESTORATION,right,6,-0.30516319523918334,2,32741,33346,35.0
573516.341375161,ENDPOINT GAIN RESTORATION,right,7,0.6001606775005737,2,32768,30606,34.0
573516.342628003,ENDPOINT GAIN RESTORATION,right,1,-0.6051476310368518,2,32716,33323,31.0
573516.345450649,ENDPOINT GAIN RESTORATION,right,2,0.21232913710231216,2,32749,32094,32.0
573516.345488021,ENDPOINT GAIN RESTORATION,right,3,0.2445525291828794,2,32870,31697,32.0
573516.345498982,ENDPOINT GAIN RESTORATION,right,4,1.7333499656672,2,32823,30393,31.0
573516.345507198,ENDPOINT GAIN RESTORATION,right,5,0.20514529694051795,2,32653,33117,35.0
573516.345527697,ENDPOINT GAIN RESTORATION,right,6,-0.30516319523918334,2,32806,33212,35.0
573516.348163273,ENDPOINT GAIN RESTORATION,right,7,0.6001606775005737,2,32732,30530,34.0
573516.348206907,ENDPOINT GAIN RESTORATION,right,8,0.12256397344930114,2,32800,32989,32.0
573516.348222307,ENDPOINT GAIN RESTORATION,right,1,-0.6055312428473343,2,32700,33394,31.0
573516.348233047,ENDPOINT GAIN RESTORATION,right,2,0.21232913710231216,2,32725,32020,32.0
573516.348243056,ENDPOINT GAIN RESTORATION,right,3,0.2445525291828794,2,32895,31675,32.0
573516.350424277,ENDPOINT GAIN RESTORATION,right,4,1.7333499656672,2,32631,30374,31.0
573516.350445297,ENDPOINT GAIN RESTORATION,right,5,0.20476168513003543,2,32733,32858,35.0
573516.350455727,ENDPOINT GAIN RESTORATION,right,6,-0.30516319523918334,2,32840,33293,35.0
573516.350465095,ENDPOINT GAIN RESTORATION,right,7,0.6001606775005737,2,32814,30299,34.0
573516.355457499,ENDPOINT GAIN RESTORATION,right,1,-0.6051476310368518,2,32826,33417,31.0
573516.35552534,ENDPOINT GAIN RESTORATION,right,2,0.21232913710231216,2,32998,32112,32.0
573516.355539778,ENDPOINT GAIN RESTORATION,right,3,0.2445525291828794,2,32537,31682,32.0
573516.355552091,ENDPOINT GAIN RESTORATION,right,4,1.7333499656672,2,32763,30262,31.0
573516.357866809,ENDPOINT GAIN RESTORATION,right,5,0.20476168513003543,2,32800,32976,35.0
573516.357904301,ENDPOINT GAIN RESTORATION,right,6,-0.30516319523918334,2,32727,33234,35.0
573516.357917566,ENDPOINT GAIN RESTORATION,right,7,0.6001606775005737,2,32750,30620,34.0
573516.357929249,ENDPOINT GAIN RESTORATION,right,8,0.12256397344930114,2,32678,32967,32.0
573516.360126831,ENDPOINT GAIN RESTORATION,right,1,-0.6055312428473343,2,32814,33409,31.0
573516.360155045,ENDPOINT GAIN RESTORATION,right,2,0.21232913710231216,2,32959,32196,32.0
573516.360166567,ENDPOINT GAIN RESTORATION,right,3,0.2445525291828794,2,32749,31705,32.0
573516.360176637,ENDPOINT GAIN RESTORATION,right,4,1.7333499656672,2,32806,30354,31.0
573516.362303512,ENDPOINT GAIN RESTORATION,right,5,0.20476168513003543,2,32784,32981,35.0
573516.362316698,ENDPOINT GAIN RESTORATION,right,6,-0.30516319523918334,2,32772,33135,35.0
573516.362323621,ENDPOINT GAIN RESTORATION,right,7,0.6001606775005737,2,32745,30453,34.0
573516.363526307,ENDPOINT GAIN RESTORATION,right,1,-0.6055312428473343,2,32927,33391,31.0
573516.364694006,ENDPOINT GAIN RESTORATION,right,1,-0.6051476310368518,2,32768,33371,31.0
573516.365879729,ENDPOINT GAIN RESTORATION,right,2,0.21232913710231216,2,32820,32182,32.0
573516.365894888,ENDPOINT GAIN RESTORATION,right,3,0.2445525291828794,2,32739,31793,32.0
573516.366981351,ENDPOINT GAIN RESTORATION,right,4,1.7333499656672,2,32715,30329,31.0
573516.36699654,ENDPOINT GAIN RESTORATION,right,5,0.20476168513003543,2,32739,32931,35.0
573516.368093973,ENDPOINT GAIN RESTORATION,right,6,-0.30516319523918334,2,32755,33349,35.0
573516.368111236,ENDPOINT GAIN RESTORATION,right,7,0.6001606775005737,2,32789,30648,34.0
573516.369216054,ENDPOINT GAIN RESTORATION,right,8,0.12256397344930114,2,32772,32809,32.0
573516.369239549,ENDPOINT GAIN RESTORATION,right,2,0.21232913710231216,2,32624,32145,32.0
573516.371508128,ENDPOINT GAIN RESTORATION,right,3,0.2445525291828794,2,32609,31688,32.0
573516.373832123,ENDPOINT GAIN RESTORATION,left,1,0.0021098649576565265,0,32757,32767,31.0
573516.373869425,ENDPOINT GAIN RESTORATION,right,4,1.7333499656672,2,32840,30526,31.0
573516.375044969,ENDPOINT GAIN RESTORATION,left,2,0.004411535820553425,0,32769,32767,32.0
573516.375080367,ENDPOINT GAIN RESTORATION,left,3,-0.055048294804302955,0,32863,32767,32.0
573516.375126876,ENDPOINT GAIN RESTORATION,right,1,-0.6055312428473343,2,32664,33344,31.0
573516.375249603,ENDPOINT GAIN RESTORATION,left,4,0.018988784618905186,0,32745,32767,32.0
573516.376344391,ENDPOINT GAIN RESTORATION,left,5,-0.9166404211490047,0,32753,32767,35.0
573516.376383386,ENDPOINT GAIN RESTORATION,right,2,0.21232913710231216,2,32678,32169,32.0
573516.376393024,ENDPOINT GAIN RESTORATION,right,3,0.2445525291828794,2,32683,31667,32.0
573516.377575792,ENDPOINT GAIN RESTORATION,left,6,0.033182421606774426,0,32775,32767,35.0
573516.377645246,ENDPOINT GAIN RESTORATION,left,7,0.008631265735866478,0,32714,32767,33.0
573516.377681496,ENDPOINT GAIN RESTORATION,right,4,1.7333499656672,2,32777,30264,31.0
573516.377692126,ENDPOINT GAIN RESTORATION,right,5,0.20476168513003543,2,32765,32981,35.0
573516.37887296,ENDPOINT GAIN RESTORATION,left,8,-0.10108171206225691,0,32804,32767,32.0
573516.378918388,ENDPOINT GAIN RESTORATION,right,6,-0.3047795834287008,2,32808,33196,35.0
573516.378936833,ENDPOINT GAIN RESTORATION,right,7,0.6005442893110562,2,32676,30464,34.0
573516.380048183,ENDPOINT GAIN RESTORATION,right,8,0.12218036163881862,2,32869,32914,32.0
573516.380094392,ENDPOINT GAIN RESTORATION,right,5,0.20514529694051795,2,32697,33128,35.0
573516.38131843,ENDPOINT GAIN RESTORATION,right,6,-0.30516319523918334,2,32780,33216,35.0
573516.383623298,ENDPOINT GAIN RESTORATION,right,7,0.6001606775005737,2,32756,30588,34.0
573516.388440574,ENDPOINT GAIN RESTORATION,right,1,-0.6055312428473343,2,32782,33336,31.0
573516.388502824,ENDPOINT GAIN RESTORATION,right,2,0.21232913710231216,2,32836,32148,32.0
573516.388512824,ENDPOINT GAIN RESTORATION,right,3,0.2445525291828794,2,32780,31619,32.0
573516.388520218,ENDPOINT GAIN RESTORATION,right,4,1.7333499656672,2,32900,30477,31.0
573516.388527712,ENDPOINT GAIN RESTORATION,right,5,0.20476168513003543,2,32725,32940,35.0
573516.390767535,ENDPOINT GAIN RESTORATION,right,6,-0.30516319523918334,2,32822,33128,35.0
573516.390803916,ENDPOINT GAIN RESTORATION,right,7,0.6005442893110562,2,32758,30629,34.0
573516.390812602,ENDPOINT GAIN RESTORATION,right,8,0.12256397344930114,2,32708,33079,32.0
573516.390820027,ENDPOINT GAIN RESTORATION,right,1,-0.6055312428473343,2,32885,33330,31.0
573516.393042707,ENDPOINT GAIN RESTORATION,right,2,0.21232913710231216,2,32746,32016,32.0
573516.393112642,ENDPOINT GAIN RESTORATION,right,3,0.2445525291828794,2,32682,31635,32.0
573516.393127641,ENDPOINT GAIN RESTORATION,right,4,1.7333499656672,2,32757,30457,31.0
573516.393140415,ENDPOINT GAIN RESTORATION,right,5,0.20514529694051795,2,32730,33108,35.0
573516.395418261,ENDPOINT GAIN RESTORATION,right,6,-0.30516319523918334,2,32781,33161,35.0
573516.395445925,ENDPOINT GAIN RESTORATION,right,7,0.6001606775005737,2,32736,30684,34.0
573516.39771279,ENDPOINT GAIN RESTORATION,right,1,-0.6051476310368518,2,32739,33340,31.0
573516.397737277,ENDPOINT GAIN RESTORATION,right,2,0.21232913710231216,2,32774,32083,32.0
573516.397746876,ENDPOINT GAIN RESTORATION,right,3,0.2445525291828794,2,32630,31723,32.0
573516.400129975,ENDPOINT GAIN RESTORATION,right,4,1.7333499656672,2,32685,30519,31.0
573516.400146447,ENDPOINT GAIN RESTORATION,right,5,0.20476168513003543,2,32719,33026,35.0
573516.400155013,ENDPOINT GAIN RESTORATION,right,6,-0.30516319523918334,2,32860,33062,35.0
573516.400164832,ENDPOINT GAIN RESTORATION,right,7,0.6005442893110562,2,32718,30406,34.0
573516.402315583,ENDPOINT GAIN RESTORATION,right,8,0.12218036163881862,2,32815,32882,32.0
573516.402341243,ENDPOINT GAIN RESTORATION,right,1,-0.6055312428473343,2,32623,33353,31.0
573516.402349739,ENDPOINT GAIN RESTORATION,right,2,0.21232913710231216,2,32746,32074,32.0
573516.402355911,ENDPOINT GAIN RESTORATION,right,3,0.2445525291828794,2,32799,31700,32.0
573516.404508366,ENDPOINT GAIN RESTORATION,right,4,1.7333499656672,2,32810,30377,31.0
573516.40453098,ENDPOINT GAIN RESTORATION,right,5,0.20514529694051795,2,32710,32690,35.0
573516.40454127,ENDPOINT GAIN RESTORATION,right,6,-0.3047795834287008,2,32696,33400,35.0
573516.404549125,ENDPOINT GAIN RESTORATION,right,7,0.6001606775005737,2,32755,30385,34.0
573516.409060282,ENDPOINT GAIN RESTORATION,right,1,-0.6051476310368518,2,32809,33363,31.0
573516.409091943,ENDPOINT GAIN RESTORATION,right,2,0.21232913710231216,2,32863,31999,32.0
573516.409102102,ENDPOINT GAIN RESTORATION,right,3,0.2445525291828794,2,32758,31636,32.0
573516.411585144,ENDPOINT GAIN RESTORATION,right,4,1.7333499656672,2,32823,30238,31.0
573516.411653185,ENDPOINT GAIN RESTORATION,right,5,0.20476168513003543,2,32792,33005,35.0
573516.411692952,ENDPOINT GAIN RESTORATION,right,6,-0.30516319523918334,2,32730,33358,35.0
573516.411705967,ENDPOINT GAIN RESTORATION,right,7,0.6001606775005737,2,32740,30497,34.0
573516.411716016,ENDPOINT GAIN RESTORATION,right,8,0.12218036163881862,2,32840,32963,32.0
573516.414154742,ENDPOINT GAIN RESTORATION,right,1,-0.6051476310368518,2,32796,33382,31.0
573516.414175222,ENDPOINT GAIN RESTORATION,right,2,0.21232913710231216,2,32694,32081,32.0
573516.414185231,ENDPOINT GAIN RESTORATION,right,3,0.2445525291828794,2,32740,31701,32.0
573516.414192124,ENDPOINT GAIN RESTORATION,right,4,1.7333499656672,2,32835,30383,31.0
573516.415302032,ENDPOINT GAIN RESTORATION,right,5,0.20476168513003543,2,32812,33058,35.0
573516.415323052,ENDPOINT GAIN RESTORATION,right,6,-0.30516319523918334,2,32737,33240,35.0
573516.416415255,ENDPOINT GAIN RESTORATION,right,7,0.6001606775005737,2,32820,30395,34.0
573516.416432278,ENDPOINT GAIN RESTORATION,right,1,-0.6051476310368518,2,32898,33375,31.0
573516.418751574,ENDPOINT GAIN RESTORATION,right,1,-0.6055312428473343,2,32778,33398,31.0
573516.419971794,ENDPOINT GAIN RESTORATION,right,2,0.21232913710231216,2,32574,32110,32.0
573516.419992043,ENDPOINT GAIN RESTORATION,right,3,0.2445525291828794,2,32568,31664,32.0
573516.421091711,ENDPOINT GAIN RESTORATION,right,4,1.7333499656672,2,32730,30445,31.0
573516.421107812,ENDPOINT GAIN RESTORATION,right,5,0.20476168513003543,2,32729,33038,35.0
573516.422197981,ENDPOINT GAIN RESTORATION,right,6,-0.30516319523918334,2,32712,33357,35.0
573516.422232698,ENDPOINT GAIN RESTORATION,right,7,0.6001606775005737,2,32762,30483,34.0
573516.42343862,ENDPOINT GAIN RESTORATION,right,8,0.12256397344930114,2,32711,32795,32.0
573516.42348027,ENDPOINT GAIN RESTORATION,right,2,0.21232913710231216,2,32671,32051,32.0
573516.424692414,ENDPOINT GAIN RESTORATION,left,1,0.0021098649576565265,0,32647,32767,31.0
573516.424968737,ENDPOINT GAIN RESTORATION,left,2,0.004411535820553425,0,32912,32767,32.0
573516.42602998,ENDPOINT GAIN RESTORATION,left,3,-0.055048294804302955,0,32611,32767,32.0
573516.426041192,ENDPOINT GAIN RESTORATION,right,3,0.2445525291828794,2,32763,31743,32.0
573516.427164766,ENDPOINT GAIN RESTORATION,left,4,0.018988784618905186,0,32889,32767,32.0
573516.427195805,ENDPOINT GAIN RESTORATION,left,5,-0.9166404211490047,0,32795,32767,35.0
573516.427223479,ENDPOINT GAIN RESTORATION,right,4,1.7333499656672,2,32698,30664,31.0
573516.428316463,ENDPOINT GAIN RESTORATION,left,6,0.033182421606774426,0,32766,32767,35.0
573516.428326382,ENDPOINT GAIN RESTORATION,left,7,0.008631265735866478,0,32769,32767,33.0
573516.4284288,ENDPOINT GAIN RESTORATION,left,8,-0.10069810025177439,0,32764,32767,32.0
573516.429517095,ENDPOINT GAIN RESTORATION,right,1,-0.6055312428473343,2,32797,33471,31.0
573516.430663022,ENDPOINT GAIN RESTORATION,right,2,0.21232913710231216,2,32816,32079,32.0
573516.430703039,ENDPOINT GAIN RESTORATION,right,3,0.2445525291828794,2,32915,31797,32.0
573516.431842654,ENDPOINT GAIN RESTORATION,right,4,1.7329663538567175,2,32750,30166,31.0
573516.431862291,ENDPOINT GAIN RESTORATION,right,5,0.20514529694051795,2,32678,33007,35.0
573516.432962631,ENDPOINT GAIN RESTORATION,right,6,-0.30516319523918334,2,32834,33120,35.0
573516.43298299,ENDPOINT GAIN RESTORATION,right,7,0.6001606775005737,2,32725,30450,34.0
573516.434085813,ENDPOINT GAIN RESTORATION,right,8,0.12256397344930114,2,32737,32777,32.0
573516.434101514,ENDPOINT GAIN RESTORATION,right,5,0.20476168513003543,2,32860,32998,35.0
573516.436379851,ENDPOINT GAIN RESTORATION,right,6,-0.30516319523918334,2,32704,33234,35.0
573516.438575419,ENDPOINT GAIN RESTORATION,right,7,0.6001606775005737,2,32831,30561,34.0
573516.439755762,ENDPOINT GAIN RESTORATION,right,1,-0.6051476310368518,2,32719,33393,31.0
573516.440576392,ENDPOINT HOLD,right,2,0.21232913710231216,2,32784,32175,32.0
573516.444804945,ENDPOINT HOLD,right,3,0.2445525291828794,2,32711,31666,32.0
573516.444850453,ENDPOINT HOLD,right,4,1.7333499656672,2,32825,30470,31.0
573516.444866424,ENDPOINT HOLD,right,5,0.20514529694051795,2,32673,32794,35.0
573516.444878307,ENDPOINT HOLD,right,6,-0.30516319523918334,2,32744,33221,35.0
573516.444902433,ENDPOINT HOLD,right,7,0.6001606775005737,2,32773,30666,34.0
573516.444922922,ENDPOINT HOLD,right,8,0.12256397344930114,2,32756,32875,32.0
573516.444941037,ENDPOINT HOLD,right,1,-0.6055312428473343,2,32855,33353,31.0
573516.447228482,ENDPOINT HOLD,right,2,0.21232913710231216,2,32625,32093,32.0
573516.447276404,ENDPOINT HOLD,right,3,0.2445525291828794,2,32819,31815,32.0
573516.447292455,ENDPOINT HOLD,right,4,1.7329663538567175,2,32854,30567,31.0
573516.447311482,ENDPOINT HOLD,right,5,0.20476168513003543,2,32756,32763,35.0
573516.447326471,ENDPOINT HOLD,right,6,-0.30516319523918334,2,32684,33117,35.0
573516.44952768,ENDPOINT HOLD,right,7,0.6001606775005737,2,32762,30585,34.0
573516.44955385,ENDPOINT HOLD,right,8,0.12256397344930114,2,32708,32944,32.0
573516.451780328,ENDPOINT HOLD,right,1,-0.6055312428473343,2,32697,33366,31.0
573516.451813802,ENDPOINT HOLD,right,2,0.21194552529182964,2,32850,32063,32.0
573516.451826166,ENDPOINT HOLD,right,3,0.2445525291828794,2,32752,31750,32.0
573516.454094203,ENDPOINT HOLD,right,4,1.7329663538567175,2,32929,30687,31.0
573516.454160842,ENDPOINT HOLD,right,5,0.20476168513003543,2,32767,32887,35.0
573516.454172755,ENDPOINT HOLD,right,6,-0.30516319523918334,2,32786,32934,35.0
573516.454183355,ENDPOINT HOLD,right,7,0.6001606775005737,2,32789,30544,34.0
573516.456603005,ENDPOINT HOLD,right,8,0.12256397344930114,2,32695,32910,32.0
573516.463336532,ENDPOINT HOLD,right,1,-0.6055312428473343,2,32763,33486,31.0
573516.463386858,ENDPOINT HOLD,right,2,0.21232913710231216,2,32721,32059,32.0
573516.463400875,ENDPOINT HOLD,right,3,0.2445525291828794,2,32780,31834,32.0
573516.465827037,ENDPOINT HOLD,right,4,1.7329663538567175,2,32690,30441,31.0
573516.465848008,ENDPOINT HOLD,right,5,0.20476168513003543,2,32753,32945,35.0
573516.465857756,ENDPOINT HOLD,right,6,-0.30516319523918334,2,32747,33150,35.0
573516.46586508,ENDPOINT HOLD,right,7,0.6001606775005737,2,32844,30540,34.0
573516.468004661,ENDPOINT HOLD,right,8,0.12256397344930114,2,32771,32955,32.0
573516.468038386,ENDPOINT HOLD,right,1,-0.6055312428473343,2,32824,33400,31.0
573516.468047042,ENDPOINT HOLD,right,2,0.21232913710231216,2,32664,32079,32.0
573516.468053345,ENDPOINT HOLD,right,3,0.2445525291828794,2,32673,31625,32.0
573516.470175561,ENDPOINT HOLD,right,4,1.7329663538567175,2,32837,30477,31.0
573516.470190239,ENDPOINT HOLD,right,5,0.20514529694051795,2,32781,32810,35.0
573516.470197223,ENDPOINT HOLD,right,6,-0.3047795834287008,2,32689,33425,35.0
573516.472328918,ENDPOINT HOLD,right,7,0.6001606775005737,2,32817,30443,34.0
573516.47465093,ENDPOINT HOLD,right,1,-0.6055312428473343,2,32866,33385,31.0
573516.474683432,ENDPOINT HOLD,right,2,0.21232913710231216,2,32829,32134,32.0
573516.474693171,ENDPOINT HOLD,right,3,0.2445525291828794,2,32715,31687,32.0
573516.477035772,ENDPOINT HOLD,left,1,0.0017262531471740061,0,32833,32767,31.0
573516.477078855,ENDPOINT HOLD,left,2,0.004411535820553425,0,32904,32767,32.0
573516.477094184,ENDPOINT HOLD,left,3,-0.055048294804302955,0,32716,32767,32.0
573516.477124032,ENDPOINT HOLD,right,4,1.7329663538567175,2,32793,30238,31.0
573516.47713874,ENDPOINT HOLD,right,5,0.20514529694051795,2,32737,32874,35.0
573516.477150743,ENDPOINT HOLD,right,6,-0.30516319523918334,2,32733,33221,35.0
573516.477161284,ENDPOINT HOLD,right,7,0.6001606775005737,2,32656,30673,34.0
573516.479385427,ENDPOINT HOLD,left,4,0.018988784618905186,0,32792,32767,32.0
573516.47943378,ENDPOINT HOLD,left,5,-0.9166404211490047,0,32780,32767,35.0
573516.479455221,ENDPOINT HOLD,left,6,0.033182421606774426,0,32813,32767,35.0
573516.479474438,ENDPOINT HOLD,left,7,0.008631265735866478,0,32755,32767,33.0
573516.479503805,ENDPOINT HOLD,right,8,0.12256397344930114,2,32765,32868,32.0
573516.481697399,ENDPOINT HOLD,left,8,-0.10069810025177439,0,32778,32767,32.0
573516.486516008,ENDPOINT HOLD,right,1,-0.6055312428473343,2,32767,33373,31.0
573516.486545635,ENDPOINT HOLD,right,2,0.21232913710231216,2,32762,32001,32.0
573516.48656919,ENDPOINT HOLD,right,3,0.2445525291828794,2,32727,31599,32.0
573516.488862757,ENDPOINT HOLD,right,4,1.7329663538567175,2,32679,30341,31.0
573516.488904688,ENDPOINT HOLD,right,5,0.20476168513003543,2,32782,32775,35.0
573516.48891624,ENDPOINT HOLD,right,6,-0.30516319523918334,2,32776,33177,35.0
573516.488924616,ENDPOINT HOLD,right,7,0.6001606775005737,2,32720,30619,34.0
573516.491140143,ENDPOINT HOLD,right,8,0.12256397344930114,2,32787,32945,32.0
573516.491199297,ENDPOINT HOLD,right,1,-0.6055312428473343,2,33017,33383,31.0
573516.49121145,ENDPOINT HOLD,right,2,0.21232913710231216,2,32714,32066,32.0
573516.491221479,ENDPOINT HOLD,right,3,0.2445525291828794,2,32624,31658,32.0
573516.493448087,ENDPOINT HOLD,right,4,1.7329663538567175,2,32748,30682,31.0
573516.493472995,ENDPOINT HOLD,right,5,0.20476168513003543,2,32885,32835,35.0
573516.493482293,ENDPOINT HOLD,right,6,-0.30516319523918334,2,32783,33279,35.0
573516.493489347,ENDPOINT HOLD,right,7,0.6001606775005737,2,32760,30662,34.0
573516.498983036,ENDPOINT HOLD,right,1,-0.6055312428473343,2,32889,33350,31.0
573516.499007132,ENDPOINT HOLD,right,2,0.21232913710231216,2,32716,32194,32.0
573516.499014817,ENDPOINT HOLD,right,3,0.2445525291828794,2,32663,31748,32.0
573516.501115933,ENDPOINT HOLD,right,4,1.7329663538567175,2,32624,30478,31.0
573516.501125992,ENDPOINT HOLD,right,5,0.20476168513003543,2,32738,32765,35.0
573516.501132044,ENDPOINT HOLD,right,6,-0.30516319523918334,2,32775,33010,35.0
573516.501137414,ENDPOINT HOLD,right,7,0.6001606775005737,2,32803,30497,34.0
573516.503297113,ENDPOINT HOLD,right,8,0.12256397344930114,2,32780,32953,32.0
573516.507802219,ENDPOINT HOLD,right,1,-0.6055312428473343,2,32783,33391,31.0
573516.507816817,ENDPOINT HOLD,right,2,0.21194552529182964,2,32831,32078,32.0
573516.50782372,ENDPOINT HOLD,right,3,0.2445525291828794,2,32719,31761,32.0
573516.510022023,ENDPOINT HOLD,right,4,1.7329663538567175,2,32751,30418,31.0
573516.510056299,ENDPOINT HOLD,right,5,0.20476168513003543,2,32797,32941,35.0
573516.510074013,ENDPOINT HOLD,right,6,-0.30516319523918334,2,32782,32976,35.0
573516.510087259,ENDPOINT HOLD,right,7,0.6001606775005737,2,32792,30546,34.0
573516.512483534,ENDPOINT HOLD,right,1,-0.6055312428473343,2,32895,33372,31.0
573516.512527077,ENDPOINT HOLD,right,2,0.21232913710231216,2,32759,32072,32.0
573516.512536776,ENDPOINT HOLD,right,3,0.2445525291828794,2,32866,31725,32.0
573516.512544251,ENDPOINT HOLD,right,4,1.7329663538567175,2,32450,30252,31.0
573516.514767221,ENDPOINT HOLD,right,5,0.20476168513003543,2,32828,32890,35.0
573516.514804714,ENDPOINT HOLD,right,6,-0.30516319523918334,2,32787,33325,35.0
573516.514816887,ENDPOINT HOLD,right,7,0.6001606775005737,2,32821,30473,34.0
573516.514827017,ENDPOINT HOLD,right,8,0.12256397344930114,2,32794,32874,32.0
573516.52159024,ENDPOINT HOLD,right,1,-0.6055312428473343,2,32741,33358,31.0
573516.521619356,ENDPOINT HOLD,right,2,0.21194552529182964,2,32886,32142,32.0
573516.521628143,ENDPOINT HOLD,right,3,0.2445525291828794,2,32604,31701,32.0
573516.523964142,ENDPOINT HOLD,right,4,1.7333499656672,2,32945,30619,31.0
573516.523991324,ENDPOINT HOLD,right,5,0.20514529694051795,2,32737,32952,35.0
573516.524015681,ENDPOINT HOLD,right,6,-0.30516319523918334,2,32759,33269,35.0
573516.524023676,ENDPOINT HOLD,right,7,0.6001606775005737,2,32769,30676,34.0
573516.526193856,ENDPOINT HOLD,right,8,0.12256397344930114,2,32766,32901,32.0
573516.528734859,ENDPOINT HOLD,left,1,0.0021098649576565265,0,32685,32767,31.0
573516.528758023,ENDPOINT HOLD,left,2,0.004411535820553425,0,32645,32767,32.0
573516.528768173,ENDPOINT HOLD,left,3,-0.055048294804302955,0,32922,32767,32.0
573516.528785666,ENDPOINT HOLD,right,1,-0.6055312428473343,2,32780,33388,31.0
573516.528793582,ENDPOINT HOLD,right,2,0.21232913710231216,2,32637,32097,32.0
573516.528800114,ENDPOINT HOLD,right,3,0.2445525291828794,2,32784,31786,32.0
573516.530954443,ENDPOINT HOLD,left,4,0.018988784618905186,0,32719,32767,32.0
573516.530996294,ENDPOINT HOLD,left,5,-0.9166404211490047,0,32753,32767,35.0
573516.531012355,ENDPOINT HOLD,left,6,0.033182421606774426,0,32754,32767,35.0
573516.531019999,ENDPOINT HOLD,left,7,0.008631265735866478,0,32699,32767,33.0
573516.531033766,ENDPOINT HOLD,right,4,1.7333499656672,2,32760,30555,31.0
573516.53104137,ENDPOINT HOLD,right,5,0.20476168513003543,2,32793,32855,35.0
573516.531048835,ENDPOINT HOLD,right,6,-0.30516319523918334,2,32701,33102,35.0
573516.53105683,ENDPOINT HOLD,right,7,0.6005442893110562,2,32738,30456,34.0
573516.533292866,ENDPOINT HOLD,left,8,-0.10069810025177439,0,32795,32767,32.0
573516.533337261,ENDPOINT HOLD,right,1,-0.6055312428473343,2,32904,33374,31.0
573516.533350567,ENDPOINT HOLD,right,2,0.21232913710231216,2,32709,32218,32.0
573516.533358713,ENDPOINT HOLD,right,3,0.2445525291828794,2,32810,31810,32.0
573516.535513843,ENDPOINT HOLD,right,4,1.7329663538567175,2,32800,30524,31.0
573516.535529192,ENDPOINT HOLD,right,5,0.20476168513003543,2,32747,32872,35.0
573516.535536747,ENDPOINT HOLD,right,6,-0.30516319523918334,2,32808,33009,35.0
573516.535543771,ENDPOINT HOLD,right,7,0.6001606775005737,2,32758,30618,34.0
573516.537672961,ENDPOINT HOLD,right,8,0.12256397344930114,2,32704,32841,32.0
573516.544510247,ENDPOINT HOLD,right,1,-0.6055312428473343,2,32851,33362,31.0
573516.544631882,ENDPOINT HOLD,right,2,0.21232913710231216,2,32697,32092,32.0
573516.544647522,ENDPOINT HOLD,right,3,0.2445525291828794,2,32651,31824,32.0
573516.548647154,ENDPOINT HOLD,right,4,1.7329663538567175,2,32691,30324,31.0
573516.548754981,ENDPOINT HOLD,right,5,0.20476168513003543,2,32797,32814,35.0
573516.548773517,ENDPOINT HOLD,right,6,-0.3047795834287008,2,32783,33308,35.0
573516.548786542,ENDPOINT HOLD,right,7,0.6005442893110562,2,32711,30554,34.0
573516.548798285,ENDPOINT HOLD,right,8,0.12256397344930114,2,32700,32778,32.0
573516.551723708,ENDPOINT HOLD,right,1,-0.6055312428473343,2,32871,33408,31.0
573516.551767302,ENDPOINT HOLD,right,2,0.21232913710231216,2,32783,32055,32.0
573516.55178182,ENDPOINT HOLD,right,3,0.2445525291828794,2,32841,31752,32.0
573516.551792,ENDPOINT HOLD,right,4,1.7333499656672,2,32516,30338,31.0
573516.55441447,ENDPOINT HOLD,right,5,0.20476168513003543,2,32750,32742,35.0
573516.554510354,ENDPOINT HOLD,right,6,-0.30516319523918334,2,32750,33336,35.0
573516.554535012,ENDPOINT HOLD,right,7,0.6001606775005737,2,32750,30747,34.0
573516.554564889,ENDPOINT HOLD,right,8,0.12256397344930114,2,32738,32610,32.0
573516.557092547,ENDPOINT HOLD,right,1,-0.6055312428473343,2,32806,33361,31.0
573516.557150899,ENDPOINT HOLD,right,2,0.21232913710231216,2,32865,32162,32.0
573516.557179635,ENDPOINT HOLD,right,3,0.2445525291828794,2,32830,31730,32.0
573516.559419989,ENDPOINT HOLD,right,4,1.7329663538567175,2,32995,30473,31.0
573516.559446811,ENDPOINT HOLD,right,5,0.20476168513003543,2,32753,32885,35.0
573516.559455898,ENDPOINT HOLD,right,6,-0.30516319523918334,2,32765,33258,35.0
573516.559463292,ENDPOINT HOLD,right,7,0.6001606775005737,2,32758,30468,34.0
573516.559469624,ENDPOINT HOLD,right,8,0.12256397344930114,2,32780,32737,32.0
573516.568306983,ENDPOINT HOLD,right,1,-0.6055312428473343,2,32903,33376,31.0
573516.568352079,ENDPOINT HOLD,right,2,0.21232913710231216,2,32866,32133,32.0
573516.568367028,ENDPOINT HOLD,right,3,0.2445525291828794,2,32724,31766,32.0
573516.570588977,ENDPOINT HOLD,right,4,1.7329663538567175,2,32805,30355,31.0
573516.570622181,ENDPOINT HOLD,right,5,0.20476168513003543,2,32708,32782,35.0
573516.57063229,ENDPOINT HOLD,right,6,-0.30516319523918334,2,32821,33127,35.0
573516.570639685,ENDPOINT HOLD,right,7,0.6001606775005737,2,32781,30366,34.0
573516.573342449,ENDPOINT HOLD,right,8,0.12256397344930114,2,32730,32748,32.0
573516.573405941,ENDPOINT HOLD,right,1,-0.6051476310368518,2,32829,33409,31.0
573516.573422784,ENDPOINT HOLD,right,2,0.21232913710231216,2,32614,32009,32.0
573516.573434186,ENDPOINT HOLD,right,3,0.2445525291828794,2,32798,31582,32.0
573516.575756859,ENDPOINT HOLD,right,4,1.7329663538567175,2,32816,30487,31.0
573516.575788369,ENDPOINT HOLD,right,5,0.20476168513003543,2,32744,32761,35.0
573516.575799842,ENDPOINT HOLD,right,6,-0.30516319523918334,2,32802,33180,35.0
573516.575818357,ENDPOINT HOLD,right,7,0.6001606775005737,2,32797,30351,34.0
573516.580679147,ENDPOINT HOLD,left,1,0.0021098649576565265,0,32824,32767,31.0
573516.580723323,ENDPOINT HOLD,left,2,0.004411535820553425,0,32728,32767,32.0
573516.580735636,ENDPOINT HOLD,left,3,-0.055048294804302955,0,32695,32767,32.0
573516.58076337,ENDPOINT HOLD,right,1,-0.6051476310368518,2,32744,33390,31.0
573516.580775543,ENDPOINT HOLD,right,2,0.21232913710231216,2,32757,32082,32.0
573516.5807843,ENDPOINT HOLD,right,3,0.2445525291828794,2,32663,31805,32.0
573516.580791855,ENDPOINT HOLD,right,4,1.7329663538567175,2,32866,30334,31.0
573516.583624129,ENDPOINT HOLD,left,4,0.018988784618905186,0,32800,32767,32.0
573516.58370262,ENDPOINT HOLD,left,5,-0.9166404211490047,0,32787,32767,35.0
573516.583746855,ENDPOINT HOLD,left,6,0.033182421606774426,0,32836,32767,35.0
573516.583777224,ENDPOINT HOLD,left,7,0.008631265735866478,0,32753,32767,33.0
573516.583801761,ENDPOINT HOLD,left,8,-0.10108171206225691,0,32784,32767,32.0
573516.583949886,ENDPOINT HOLD,right,5,0.20514529694051795,2,32723,32899,35.0
573516.583969854,ENDPOINT HOLD,right,6,-0.30516319523918334,2,32732,33167,35.0
573516.583983401,ENDPOINT HOLD,right,7,0.6005442893110562,2,32797,30499,34.0
573516.584017196,ENDPOINT HOLD,right,8,0.12256397344930114,2,32720,32987,32.0
573516.59100892,ENDPOINT HOLD,right,1,-0.6051476310368518,2,32671,33373,31.0
573516.591048736,ENDPOINT HOLD,right,2,0.21232913710231216,2,32814,32103,32.0
573516.591061661,ENDPOINT HOLD,right,3,0.2445525291828794,2,32757,31783,32.0
573516.593542018,ENDPOINT HOLD,right,4,1.7333499656672,2,32660,30377,31.0
573516.593571975,ENDPOINT HOLD,right,5,0.20476168513003543,2,32794,32870,35.0
573516.593583738,ENDPOINT HOLD,right,6,-0.30516319523918334,2,32754,33091,35.0
573516.593593898,ENDPOINT HOLD,right,7,0.6001606775005737,2,32822,30503,34.0
573516.596039136,ENDPOINT HOLD,right,8,0.12256397344930114,2,32746,32826,32.0
573516.596106997,ENDPOINT HOLD,right,1,-0.6055312428473343,2,32654,33417,31.0
573516.596122346,ENDPOINT HOLD,right,2,0.21194552529182964,2,32924,32126,32.0
573516.596132155,ENDPOINT HOLD,right,3,0.2445525291828794,2,32677,31742,32.0
573516.596140712,ENDPOINT HOLD,right,4,1.7329663538567175,2,33065,30562,31.0
573516.598354535,ENDPOINT HOLD,right,5,0.20514529694051795,2,32772,32886,35.0
573516.598392859,ENDPOINT HOLD,right,6,-0.30516319523918334,2,32773,33138,35.0
573516.598404531,ENDPOINT HOLD,right,7,0.6005442893110562,2,32800,30541,34.0
573516.604368326,ENDPOINT HOLD,right,1,-0.6051476310368518,2,32622,33386,31.0
573516.604463609,ENDPOINT HOLD,right,2,0.21194552529182964,2,32975,32129,32.0
573516.604481694,ENDPOINT HOLD,right,3,0.2445525291828794,2,32658,31642,32.0
573516.606812863,ENDPOINT HOLD,right,4,1.7329663538567175,2,32842,30326,31.0
573516.606933044,ENDPOINT HOLD,right,5,0.20514529694051795,2,32771,32841,35.0
573516.60696193,ENDPOINT HOLD,right,6,-0.3047795834287008,2,32665,33282,35.0
573516.606975466,ENDPOINT HOLD,right,7,0.6005442893110562,2,32793,30712,34.0
573516.606985045,ENDPOINT HOLD,right,8,0.12218036163881862,2,32840,32726,32.0
573516.614369845,ENDPOINT HOLD,right,1,-0.6055312428473343,2,32777,33344,31.0
573516.614511178,ENDPOINT HOLD,right,2,0.21232913710231216,2,32769,32173,32.0
573516.614539141,ENDPOINT HOLD,right,3,0.2445525291828794,2,32761,31698,32.0
573516.61455381,ENDPOINT HOLD,right,4,1.7333499656672,2,32771,30404,31.0
573516.61695274,ENDPOINT HOLD,right,5,0.20514529694051795,2,32746,32999,35.0
573516.616985242,ENDPOINT HOLD,right,6,-0.30516319523918334,2,32785,33051,35.0
573516.616995201,ENDPOINT HOLD,right,7,0.6001606775005737,2,32749,30507,34.0
573516.617017735,ENDPOINT HOLD,right,1,-0.6051476310368518,2,32599,33354,31.0
573516.619211369,ENDPOINT HOLD,right,2,0.21232913710231216,2,32804,32109,32.0
573516.619234293,ENDPOINT HOLD,right,3,0.2445525291828794,2,32831,31792,32.0
573516.619241958,ENDPOINT HOLD,right,4,1.7329663538567175,2,32880,30317,31.0
573516.619254272,ENDPOINT HOLD,right,5,0.20514529694051795,2,32761,32831,35.0
573516.621432576,ENDPOINT HOLD,right,6,-0.3047795834287008,2,32754,33105,35.0
573516.621460871,ENDPOINT HOLD,right,7,0.6005442893110562,2,32747,30388,34.0
573516.621469698,ENDPOINT HOLD,right,8,0.12218036163881862,2,32811,33283,32.0
573516.628281646,ENDPOINT HOLD,right,1,-0.6051476310368518,2,32595,33331,31.0
573516.628312806,ENDPOINT HOLD,right,2,0.21232913710231216,2,32748,32009,32.0
573516.628321222,ENDPOINT HOLD,right,3,0.2445525291828794,2,32720,31616,32.0
573516.630548721,ENDPOINT HOLD,left,1,0.0021098649576565265,0,32771,32767,31.0
573516.630567157,ENDPOINT HOLD,left,2,0.004411535820553425,0,32797,32767,32.0
573516.630574271,ENDPOINT HOLD,left,3,-0.055048294804302955,0,32844,32767,32.0
573516.630588448,ENDPOINT HOLD,right,4,1.7333499656672,2,32879,30374,31.0
573516.630595902,ENDPOINT HOLD,right,5,0.20476168513003543,2,32812,32848,35.0
573516.630603146,ENDPOINT HOLD,right,6,-0.3047795834287008,2,32713,33267,35.0
573516.630611102,ENDPOINT HOLD,right,7,0.6001606775005737,2,32839,30482,34.0
573516.6328072,ENDPOINT HOLD,left,4,0.018988784618905186,0,32716,32767,32.0
573516.632827229,ENDPOINT HOLD,left,5,-0.9166404211490047,0,32707,32767,35.0
573516.632834663,ENDPOINT HOLD,left,6,0.033182421606774426,0,32752,32767,35.0
573516.632841246,ENDPOINT HOLD,left,7,0.008631265735866478,0,32749,32767,33.0
573516.632856706,ENDPOINT HOLD,right,8,0.12218036163881862,2,32756,32909,32.0
573516.635213344,ENDPOINT HOLD,left,8,-0.10069810025177439,0,32737,32767,32.0
573516.635238733,ENDPOINT HOLD,right,1,-0.6051476310368518,2,32645,33375,31.0
573516.635247169,ENDPOINT HOLD,right,2,0.21232913710231216,2,32717,32096,32.0
573516.635254223,ENDPOINT HOLD,right,3,0.2445525291828794,2,32689,31775,32.0
573516.637387541,ENDPOINT HOLD,right,4,1.7333499656672,2,32804,30296,31.0
573516.63740252,ENDPOINT HOLD,right,5,0.20514529694051795,2,32772,32919,35.0
573516.637410094,ENDPOINT HOLD,right,6,-0.3047795834287008,2,32803,33154,35.0
573516.637418079,ENDPOINT HOLD,right,7,0.6005442893110562,2,32730,30568,34.0
573516.639707929,ENDPOINT HOLD,right,1,-0.6055312428473343,2,32671,33317,31.0
573516.639756472,ENDPOINT HOLD,right,2,0.21232913710231216,2,32835,32151,32.0
573516.639768315,ENDPOINT HOLD,right,3,0.2445525291828794,2,32612,31766,32.0
573516.642012978,ENDPOINT HOLD,right,4,1.7329663538567175,2,32992,30449,31.0
573516.642035702,ENDPOINT HOLD,right,5,0.20476168513003543,2,32741,32846,35.0
573516.642043587,ENDPOINT HOLD,right,6,-0.3047795834287008,2,32702,33195,35.0
573516.642049659,ENDPOINT HOLD,right,7,0.6005442893110562,2,32775,30492,34.0
573516.644248042,ENDPOINT HOLD,right,8,0.12218036163881862,2,32814,32778,32.0
573516.651387801,ENDPOINT HOLD,right,1,-0.6055312428473343,2,32927,33446,31.0
573516.651430022,ENDPOINT HOLD,right,2,0.21232913710231216,2,32675,32017,32.0
573516.65143952,ENDPOINT HOLD,right,3,0.2445525291828794,2,32649,31666,32.0
573516.654865748,ENDPOINT HOLD,right,4,1.7333499656672,2,32902,30558,31.0
573516.654901136,ENDPOINT HOLD,right,5,0.20514529694051795,2,32721,33018,35.0
573516.654916787,ENDPOINT HOLD,right,6,-0.3047795834287008,2,32792,32957,35.0
573516.65492903,ENDPOINT HOLD,right,7,0.6005442893110562,2,32754,30730,34.0
573516.6549443,ENDPOINT HOLD,right,8,0.12218036163881862,2,32728,32847,32.0
573516.657505842,ENDPOINT HOLD,right,1,-0.6055312428473343,2,32811,33374,31.0
573516.657532654,ENDPOINT HOLD,right,2,0.21194552529182964,2,32562,31901,32.0
573516.657541191,ENDPOINT HOLD,right,3,0.2445525291828794,2,32660,31638,32.0
573516.659703074,ENDPOINT HOLD,right,4,1.7333499656672,2,32646,30271,31.0
573516.659723012,ENDPOINT HOLD,right,5,0.20514529694051795,2,32804,33054,35.0
573516.659733903,ENDPOINT HOLD,right,6,-0.3047795834287008,2,32805,32922,35.0
573516.659745175,ENDPOINT HOLD,right,7,0.6005442893110562,2,32712,30690,34.0
573516.662024063,ENDPOINT HOLD,right,8,0.12218036163881862,2,32774,32856,32.0
573516.662047528,ENDPOINT HOLD,right,1,-0.6055312428473343,2,32672,33426,31.0
573516.66205899,ENDPOINT HOLD,right,2,0.21232913710231216,2,32734,32114,32.0
573516.662066084,ENDPOINT HOLD,right,3,0.2445525291828794,2,32787,31546,32.0
573516.664237265,ENDPOINT HOLD,right,4,1.7333499656672,2,32770,30576,31.0
573516.664256202,ENDPOINT HOLD,right,5,0.20514529694051795,2,32723,32969,35.0
573516.664265099,ENDPOINT HOLD,right,6,-0.3047795834287008,2,32734,33140,35.0
573516.666421181,ENDPOINT HOLD,right,7,0.6005442893110562,2,32720,30549,34.0
573516.666442161,ENDPOINT HOLD,right,8,0.12218036163881862,2,32802,32875,32.0
573516.673055516,ENDPOINT HOLD,right,1,-0.6051476310368518,2,32786,33451,31.0
573516.673179826,ENDPOINT HOLD,right,2,0.21232913710231216,2,32799,32152,32.0
573516.673199694,ENDPOINT HOLD,right,3,0.2445525291828794,2,32895,31689,32.0
573516.675473443,ENDPOINT HOLD,right,4,1.7333499656672,2,32906,30544,31.0
573516.67559644,ENDPOINT HOLD,right,5,0.20514529694051795,2,32787,32796,35.0
573516.675662547,ENDPOINT HOLD,right,6,-0.30516319523918334,2,32828,33156,35.0
573516.675701893,ENDPOINT HOLD,right,7,0.6005442893110562,2,32729,30701,34.0
573516.675722623,ENDPOINT HOLD,right,8,0.12218036163881862,2,32764,32953,32.0
573516.678579925,ENDPOINT HOLD,right,1,-0.6055312428473343,2,32844,33382,31.0
573516.678630572,ENDPOINT HOLD,right,2,0.21232913710231216,2,32701,32051,32.0
573516.678640421,ENDPOINT HOLD,right,3,0.2445525291828794,2,32815,31702,32.0
573516.678647936,ENDPOINT HOLD,right,4,1.7333499656672,2,32571,30384,31.0
573516.681063317,ENDPOINT HOLD,left,1,0.0021098649576565265,0,32719,32767,31.0
573516.681092744,ENDPOINT HOLD,left,2,0.004411535820553425,0,32759,32767,32.0
573516.68110132,ENDPOINT HOLD,left,3,-0.055048294804302955,0,32489,32767,32.0
573516.681119836,ENDPOINT HOLD,right,5,0.20514529694051795,2,32758,32767,35.0
573516.681128663,ENDPOINT HOLD,right,6,-0.3047795834287008,2,32815,33401,35.0
573516.681136067,ENDPOINT HOLD,right,7,0.6005442893110562,2,32688,30536,34.0
573516.683380118,ENDPOINT HOLD,left,4,0.018988784618905186,0,32720,32767,32.0
573516.683441316,ENDPOINT HOLD,left,5,-0.9166404211490047,0,32741,32767,35.0
573516.683453189,ENDPOINT HOLD,left,6,0.033182421606774426,0,32747,32767,35.0
573516.683460894,ENDPOINT HOLD,left,7,0.008631265735866478,0,32719,32767,33.0
573516.683485682,ENDPOINT HOLD,right,1,-0.6055312428473343,2,32832,33435,31.0
573516.683494729,ENDPOINT HOLD,right,2,0.21232913710231216,2,32748,32072,32.0
573516.683503616,ENDPOINT HOLD,right,3,0.2445525291828794,2,32715,31781,32.0
573516.686706815,ENDPOINT HOLD,left,8,-0.10108171206225691,0,32774,32767,32.0
573516.686767201,ENDPOINT HOLD,right,4,1.7333499656672,2,32697,30348,31.0
573516.686780246,ENDPOINT HOLD,right,5,0.20514529694051795,2,32759,32948,35.0
573516.686789294,ENDPOINT HOLD,right,6,-0.3047795834287008,2,32738,33316,35.0
573516.686796608,ENDPOINT HOLD,right,7,0.6005442893110562,2,32728,30555,34.0
573516.68680289,ENDPOINT HOLD,right,8,0.12256397344930114,2,32742,32900,32.0
573516.694392415,ENDPOINT HOLD,right,1,-0.6055312428473343,2,32690,33374,31.0
573516.694428945,ENDPOINT HOLD,right,2,0.21194552529182964,2,32808,32050,32.0
573516.694440768,ENDPOINT HOLD,right,3,0.2445525291828794,2,32812,31736,32.0
573516.696724977,ENDPOINT HOLD,right,4,1.7333499656672,2,32714,30527,31.0
573516.696767338,ENDPOINT HOLD,right,5,0.20514529694051795,2,32672,32890,35.0
573516.696779923,ENDPOINT HOLD,right,6,-0.3047795834287008,2,32718,33244,35.0
573516.696788349,ENDPOINT HOLD,right,7,0.6005442893110562,2,32748,30506,34.0
573516.69940635,ENDPOINT HOLD,right,8,0.12256397344930114,2,32762,32843,32.0
573516.699440806,ENDPOINT HOLD,right,1,-0.6051476310368518,2,32741,33378,31.0
573516.699452088,ENDPOINT HOLD,right,2,0.21232913710231216,2,32649,32150,32.0
573516.699460855,ENDPOINT HOLD,right,3,0.2445525291828794,2,32817,31741,32.0
573516.70172223,ENDPOINT HOLD,right,4,1.7333499656672,2,32785,30546,31.0
573516.701756376,ENDPOINT HOLD,right,5,0.20514529694051795,2,32768,33000,35.0
573516.701766395,ENDPOINT HOLD,right,6,-0.3047795834287008,2,32771,33116,35.0
573516.70177421,ENDPOINT HOLD,right,7,0.6001606775005737,2,32849,30596,34.0
573516.707609928,ENDPOINT HOLD,right,1,-0.6055312428473343,2,32821,33432,31.0
573516.707681025,ENDPOINT HOLD,right,2,0.21232913710231216,2,32771,32130,32.0
573516.707693729,ENDPOINT HOLD,right,3,0.2445525291828794,2,32640,31565,32.0
573516.707702957,ENDPOINT HOLD,right,4,1.7329663538567175,2,32952,30450,31.0
573516.707712956,ENDPOINT HOLD,right,5,0.20514529694051795,2,32777,32908,35.0
573516.707722535,ENDPOINT HOLD,right,6,-0.30516319523918334,2,32765,33213,35.0
573516.709933582,ENDPOINT HOLD,right,7,0.6001606775005737,2,32788,30651,34.0
573516.70995849,ENDPOINT HOLD,right,8,0.12256397344930114,2,32755,32894,32.0
573516.716720051,ENDPOINT HOLD,right,1,-0.6055312428473343,2,32954,33343,31.0
573516.716766731,ENDPOINT HOLD,right,2,0.21194552529182964,2,32781,32101,32.0
573516.716778103,ENDPOINT HOLD,right,3,0.2445525291828794,2,32877,31753,32.0
573516.719535312,ENDPOINT HOLD,right,4,1.7329663538567175,2,32890,30262,31.0
573516.719590499,ENDPOINT HOLD,right,5,0.20514529694051795,2,32765,32872,35.0
573516.719604085,ENDPOINT HOLD,right,6,-0.30516319523918334,2,32797,33098,35.0
573516.719615968,ENDPOINT HOLD,right,7,0.6005442893110562,2,32791,30635,34.0
573516.719625025,ENDPOINT HOLD,right,8,0.12218036163881862,2,32812,32714,32.0
573516.721863115,ENDPOINT HOLD,right,1,-0.6051476310368518,2,32787,33420,31.0
573516.721900978,ENDPOINT HOLD,right,2,0.21232913710231216,2,32679,32094,32.0
573516.721915856,ENDPOINT HOLD,right,3,0.2445525291828794,2,32902,31699,32.0
573516.721934502,ENDPOINT HOLD,right,4,1.7333499656672,2,32763,30397,31.0
573516.724626977,ENDPOINT HOLD,right,5,0.20476168513003543,2,32906,32865,35.0
573516.72466466,ENDPOINT HOLD,right,6,-0.30516319523918334,2,32759,33154,35.0
573516.724672235,ENDPOINT HOLD,right,7,0.6005442893110562,2,32730,30707,34.0
573516.727085983,ENDPOINT HOLD,right,1,-0.6055312428473343,2,32818,33361,31.0
573516.727184573,ENDPOINT HOLD,right,2,0.21232913710231216,2,32765,32123,32.0
573516.727226604,ENDPOINT HOLD,right,3,0.2445525291828794,2,32725,31680,32.0
573516.729630603,ENDPOINT HOLD,right,4,1.7329663538567175,2,32861,30612,31.0
573516.729657044,ENDPOINT HOLD,right,5,0.20514529694051795,2,32826,32769,35.0
573516.729666672,ENDPOINT HOLD,right,6,-0.3047795834287008,2,32755,33346,35.0
573516.729673886,ENDPOINT HOLD,right,7,0.6005442893110562,2,32789,30650,34.0
573516.731896256,ENDPOINT HOLD,left,1,0.0021098649576565265,0,32667,32767,31.0
573516.731925131,ENDPOINT HOLD,left,2,0.004411535820553425,0,32693,32767,32.0
573516.731936764,ENDPOINT HOLD,left,3,-0.055048294804302955,0,32766,32767,32.0
573516.731958886,ENDPOINT HOLD,right,8,0.12256397344930114,2,32743,32756,32.0
573516.734104979,ENDPOINT HOLD,left,4,0.018988784618905186,0,32779,32767,32.0
573516.734135648,ENDPOINT HOLD,left,5,-0.9166404211490047,0,32766,32767,35.0
573516.734144305,ENDPOINT HOLD,left,6,0.033182421606774426,0,32742,32767,35.0
573516.734151028,ENDPOINT HOLD,left,7,0.008631265735866478,0,32828,32767,33.0
573516.736387494,ENDPOINT HOLD,left,8,-0.10108171206225691,0,32806,32767,32.0
573516.73878963,ENDPOINT HOLD,right,1,-0.6055312428473343,2,32859,33379,31.0
573516.738859846,ENDPOINT HOLD,right,2,0.21232913710231216,2,32694,32127,32.0
573516.738878321,ENDPOINT HOLD,right,3,0.2445525291828794,2,32806,31804,32.0
573516.742081209,ENDPOINT HOLD,right,4,1.7329663538567175,2,32689,30365,31.0
573516.742139121,ENDPOINT HOLD,right,5,0.20514529694051795,2,32829,32817,35.0
573516.742163878,ENDPOINT HOLD,right,6,-0.30516319523918334,2,32763,33183,35.0
573516.742177625,ENDPOINT HOLD,right,7,0.6005442893110562,2,32776,30697,34.0
573516.74218533,ENDPOINT HOLD,right,8,0.12256397344930114,2,32785,32880,32.0
573516.742192884,ENDPOINT HOLD,right,1,-0.6051476310368518,2,32775,33405,31.0
573516.744434901,ENDPOINT HOLD,right,2,0.21232913710231216,2,32698,32217,32.0
573516.744463697,ENDPOINT HOLD,right,3,0.2445525291828794,2,32698,31779,32.0
573516.744471782,ENDPOINT HOLD,right,4,1.7329663538567175,2,32658,30373,31.0
573516.746722547,ENDPOINT HOLD,right,5,0.20514529694051795,2,32783,33045,35.0
573516.746773304,ENDPOINT HOLD,right,6,-0.3047795834287008,2,32708,33109,35.0
573516.746783845,ENDPOINT HOLD,right,7,0.6005442893110562,2,32745,30637,34.0
573516.749166243,ENDPOINT HOLD,right,1,-0.6055312428473343,2,32858,33372,31.0
573516.749199296,ENDPOINT HOLD,right,2,0.21194552529182964,2,32932,32105,32.0
573516.749207783,ENDPOINT HOLD,right,3,0.2445525291828794,2,32978,31781,32.0
573516.751456413,ENDPOINT HOLD,right,4,1.7329663538567175,2,32626,30377,31.0
573516.751681847,ENDPOINT HOLD,right,5,0.20514529694051795,2,32858,32827,35.0
573516.751706434,ENDPOINT HOLD,right,6,-0.3047795834287008,2,32734,33104,35.0
573516.751716824,ENDPOINT HOLD,right,7,0.6001606775005737,2,32783,30568,34.0
573516.751727765,ENDPOINT HOLD,right,8,0.12256397344930114,2,32730,32751,32.0
573516.763343013,ENDPOINT HOLD,right,1,-0.6055312428473343,2,32792,33365,31.0
573516.763388681,ENDPOINT HOLD,right,2,0.21232913710231216,2,32701,32042,32.0
573516.763397568,ENDPOINT HOLD,right,3,0.24416891737239688,2,32968,31744,32.0
573516.763406114,ENDPOINT HOLD,right,4,1.7333499656672,2,32708,30224,31.0
573516.765584098,ENDPOINT HOLD,right,5,0.20514529694051795,2,32792,33070,35.0
573516.765608646,ENDPOINT HOLD,right,6,-0.30516319523918334,2,32819,33017,35.0
573516.765620328,ENDPOINT HOLD,right,7,0.6005442893110562,2,32657,30691,34.0
573516.765628163,ENDPOINT HOLD,right,8,0.12256397344930114,2,32737,32803,32.0
573516.767847217,ENDPOINT HOLD,right,1,-0.6055312428473343,2,32581,33361,31.0
573516.767867896,ENDPOINT HOLD,right,2,0.21232913710231216,2,32467,32135,32.0
573516.76787506,ENDPOINT HOLD,right,3,0.2445525291828794,2,32797,31724,32.0
573516.770125453,ENDPOINT HOLD,right,4,1.7333499656672,2,32681,30337,31.0
573516.77020674,ENDPOINT HOLD,right,5,0.20476168513003543,2,32794,32988,35.0
573516.770218994,ENDPOINT HOLD,right,6,-0.3047795834287008,2,32823,33342,35.0
573516.770229283,ENDPOINT HOLD,right,7,0.6005442893110562,2,32670,30621,34.0
573516.772509505,ENDPOINT HOLD,right,8,0.12256397344930114,2,32751,32844,32.0
573516.774872325,ENDPOINT HOLD,right,1,-0.6055312428473343,2,32575,33357,31.0
573516.774905248,ENDPOINT HOLD,right,2,0.21232913710231216,2,32547,32130,32.0
573516.774918033,ENDPOINT HOLD,right,3,0.2445525291828794,2,32788,31777,32.0
573516.77711314,ENDPOINT HOLD,right,4,1.7333499656672,2,32560,30050,31.0
573516.777139601,ENDPOINT HOLD,right,5,0.20476168513003543,2,32833,32793,35.0
573516.777148448,ENDPOINT HOLD,right,6,-0.3047795834287008,2,32806,33202,35.0
573516.777155201,ENDPOINT HOLD,right,7,0.6005442893110562,2,32804,30498,34.0
573516.779337243,ENDPOINT HOLD,right,8,0.12256397344930114,2,32747,32753,32.0
573516.784756248,ENDPOINT HOLD,left,1,0.0021098649576565265,0,32760,32767,31.0
573516.784794732,ENDPOINT HOLD,left,2,0.004411535820553425,0,32760,32767,32.0
573516.784804731,ENDPOINT HOLD,left,3,-0.055048294804302955,0,32783,32767,32.0
573516.784813438,ENDPOINT HOLD,left,4,0.018988784618905186,0,32844,32767,32.0
573516.784881068,ENDPOINT HOLD,right,1,-0.6055312428473343,2,32760,33339,31.0
573516.78489245,ENDPOINT HOLD,right,2,0.21194552529182964,2,32721,32052,32.0
573516.784900456,ENDPOINT HOLD,right,3,0.2445525291828794,2,32808,31644,32.0
573516.784907499,ENDPOINT HOLD,right,4,1.7333499656672,2,32429,30158,31.0
573516.787222057,ENDPOINT HOLD,left,5,-0.9166404211490047,0,32764,32767,35.0
573516.787290007,ENDPOINT HOLD,left,6,0.033182421606774426,0,32810,32767,35.0
573516.787300097,ENDPOINT HOLD,left,7,0.008631265735866478,0,32769,32767,33.0
573516.787308373,ENDPOINT HOLD,left,8,-0.10108171206225691,0,32790,32767,32.0
573516.787337208,ENDPOINT HOLD,right,5,0.20476168513003543,2,32762,32995,35.0
573516.787351245,ENDPOINT HOLD,right,6,-0.3047795834287008,2,32781,33281,35.0
573516.787363729,ENDPOINT HOLD,right,7,0.6005442893110562,2,32719,30696,34.0
573516.787374099,ENDPOINT HOLD,right,1,-0.6055312428473343,2,32822,33350,31.0
573516.789598032,ENDPOINT HOLD,right,2,0.21232913710231216,2,32662,32025,32.0
573516.789627178,ENDPOINT HOLD,right,3,0.2445525291828794,2,32762,31732,32.0
573516.789634933,ENDPOINT HOLD,right,4,1.7333499656672,2,32894,30355,31.0
573516.789641436,ENDPOINT HOLD,right,5,0.20476168513003543,2,32788,32931,35.0
573516.791848325,ENDPOINT HOLD,right,6,-0.3047795834287008,2,32833,33036,35.0
573516.791872402,ENDPOINT HOLD,right,7,0.6005442893110562,2,32757,30596,34.0
573516.791879255,ENDPOINT HOLD,right,8,0.12256397344930114,2,32741,32807,32.0
573516.798671004,ENDPOINT HOLD,right,1,-0.6055312428473343,2,32667,33373,31.0
573516.798705871,ENDPOINT HOLD,right,2,0.21194552529182964,2,32712,32099,32.0
573516.798714457,ENDPOINT HOLD,right,3,0.2445525291828794,2,32621,31699,32.0
573516.800907891,ENDPOINT HOLD,right,4,1.7333499656672,2,32888,30514,31.0
573516.800934382,ENDPOINT HOLD,right,5,0.20476168513003543,2,32779,32895,35.0
573516.800946927,ENDPOINT HOLD,right,6,-0.3047795834287008,2,32707,33296,35.0
573516.800957898,ENDPOINT HOLD,right,7,0.6005442893110562,2,32696,30603,34.0
573516.803138406,ENDPOINT HOLD,right,8,0.12256397344930114,2,32818,32820,32.0
573516.805686323,ENDPOINT HOLD,right,1,-0.6055312428473343,2,32954,33432,31.0
573516.805708215,ENDPOINT HOLD,right,2,0.21194552529182964,2,32824,32091,32.0
573516.805717253,ENDPOINT HOLD,right,3,0.24416891737239688,2,33024,31731,32.0
573516.807899695,ENDPOINT HOLD,right,4,1.7333499656672,2,32747,30337,31.0
573516.807920435,ENDPOINT HOLD,right,5,0.20476168513003543,2,32783,32716,35.0
573516.807929593,ENDPOINT HOLD,right,6,-0.3047795834287008,2,32757,33289,35.0
573516.807936326,ENDPOINT HOLD,right,7,0.6005442893110562,2,32708,30560,34.0
573516.810194615,ENDPOINT HOLD,right,1,-0.6051476310368518,2,32671,33386,31.0
573516.810219052,ENDPOINT HOLD,right,2,0.21232913710231216,2,32621,32085,32.0
573516.810227338,ENDPOINT HOLD,right,3,0.2445525291828794,2,32915,31680,32.0
573516.814036673,ENDPOINT HOLD,right,4,1.7333499656672,2,32821,30464,31.0
573516.814088002,ENDPOINT HOLD,right,5,0.20476168513003543,2,32768,32872,35.0
573516.814099304,ENDPOINT HOLD,right,6,-0.3047795834287008,2,32734,33289,35.0
573516.81411268,ENDPOINT HOLD,right,7,0.6005442893110562,2,32755,30597,34.0
573516.81412352,ENDPOINT HOLD,right,8,0.12256397344930114,2,32733,32799,32.0
573516.820747927,ENDPOINT HOLD,right,1,-0.6051476310368518,2,32544,33350,31.0
573516.820791291,ENDPOINT HOLD,right,2,0.21232913710231216,2,32677,32086,32.0
573516.820803544,ENDPOINT HOLD,right,3,0.2445525291828794,2,32895,31670,32.0
573516.822990255,ENDPOINT HOLD,right,4,1.7333499656672,2,32671,30441,31.0
573516.823032116,ENDPOINT HOLD,right,5,0.20514529694051795,2,32817,32956,35.0
573516.823047836,ENDPOINT HOLD,right,6,-0.30516319523918334,2,32773,33249,35.0
573516.823060801,ENDPOINT HOLD,right,7,0.6005442893110562,2,32783,30530,34.0
573516.825252762,ENDPOINT HOLD,right,8,0.12256397344930114,2,32767,32826,32.0
573516.827623678,ENDPOINT HOLD,right,1,-0.6051476310368518,2,32645,33343,31.0
573516.827651201,ENDPOINT HOLD,right,2,0.21194552529182964,2,32863,32065,32.0
573516.82766626,ENDPOINT HOLD,right,3,0.2445525291828794,2,32835,31719,32.0
573516.829835858,ENDPOINT HOLD,right,4,1.7329663538567175,2,32739,30424,31.0
573516.82984745,ENDPOINT HOLD,right,5,0.20476168513003543,2,32730,32948,35.0
573516.829853892,ENDPOINT HOLD,right,6,-0.3047795834287008,2,32772,33215,35.0
573516.829859423,ENDPOINT HOLD,right,7,0.6005442893110562,2,32809,30462,34.0
573516.832040002,ENDPOINT HOLD,right,1,-0.6055312428473343,2,32820,33398,31.0
573516.832065882,ENDPOINT HOLD,right,2,0.21194552529182964,2,32972,32116,32.0
573516.832079138,ENDPOINT HOLD,right,3,0.2445525291828794,2,32729,31800,32.0
573516.834327106,ENDPOINT HOLD,left,1,0.0021098649576565265,0,32794,32767,31.0
573516.834341464,ENDPOINT HOLD,left,2,0.004411535820553425,0,32700,32767,32.0
573516.834347566,ENDPOINT HOLD,left,3,-0.055048294804302955,0,32727,32767,32.0
573516.834358908,ENDPOINT HOLD,right,4,1.7329663538567175,2,32572,30388,31.0
573516.834364649,ENDPOINT HOLD,right,5,0.20514529694051795,2,32729,32994,35.0
573516.834370249,ENDPOINT HOLD,right,6,-0.3047795834287008,2,32735,33184,35.0
573516.83437552,ENDPOINT HOLD,right,7,0.6005442893110562,2,32803,30538,34.0
573516.83648396,ENDPOINT HOLD,left,4,0.018988784618905186,0,32867,32767,32.0
573516.83649978,ENDPOINT HOLD,left,5,-0.9166404211490047,0,32800,32767,35.0
573516.836522484,ENDPOINT HOLD,left,6,0.033182421606774426,0,32813,32767,35.0
573516.836528896,ENDPOINT HOLD,left,7,0.008631265735866478,0,32730,32767,33.0
573516.83654136,ENDPOINT HOLD,right,8,0.12256397344930114,2,32770,33055,32.0
573516.838661814,ENDPOINT HOLD,left,8,-0.10108171206225691,0,32764,32767,32.0
573516.843651863,ENDPOINT HOLD,right,1,-0.6051476310368518,2,32824,33366,31.0
573516.843701699,ENDPOINT HOLD,right,2,0.21232913710231216,2,32617,32002,32.0
573516.843714033,ENDPOINT HOLD,right,3,0.2445525291828794,2,32730,31791,32.0
573516.843723752,ENDPOINT HOLD,right,4,1.7329663538567175,2,32817,30404,31.0
573516.84594557,ENDPOINT HOLD,right,5,0.20476168513003543,2,32795,32923,35.0
573516.845980357,ENDPOINT HOLD,right,6,-0.30516319523918334,2,32773,33286,35.0
573516.845989976,ENDPOINT HOLD,right,7,0.6005442893110562,2,32736,30749,34.0
573516.845998532,ENDPOINT HOLD,right,8,0.12256397344930114,2,32762,32740,32.0
573516.848534666,ENDPOINT HOLD,right,1,-0.6055312428473343,2,32875,33326,31.0
573516.848561297,ENDPOINT HOLD,right,2,0.21194552529182964,2,32805,32055,32.0
573516.848569443,ENDPOINT HOLD,right,3,0.2445525291828794,2,32746,31763,32.0
573516.850717459,ENDPOINT HOLD,right,4,1.7329663538567175,2,32775,30522,31.0
573516.850739953,ENDPOINT HOLD,right,5,0.20514529694051795,2,32800,32982,35.0
573516.850753749,ENDPOINT HOLD,right,6,-0.30516319523918334,2,32776,33275,35.0
573516.850765993,ENDPOINT HOLD,right,7,0.6005442893110562,2,32671,30659,34.0
573516.855336995,ENDPOINT HOLD,right,1,-0.6051476310368518,2,32880,33344,31.0
573516.855463338,ENDPOINT HOLD,right,2,0.21232913710231216,2,32702,32114,32.0
573516.855476544,ENDPOINT HOLD,right,3,0.2445525291828794,2,32722,31858,32.0
573516.857882277,ENDPOINT HOLD,right,4,1.7329663538567175,2,32759,30339,31.0
573516.857907676,ENDPOINT HOLD,right,5,0.20514529694051795,2,32777,32808,35.0
573516.857919208,ENDPOINT HOLD,right,6,-0.3047795834287008,2,32734,33121,35.0
573516.857929738,ENDPOINT HOLD,right,7,0.6005442893110562,2,32794,30789,34.0
573516.857939477,ENDPOINT HOLD,right,8,0.12256397344930114,2,32810,32667,32.0
573516.868683376,ENDPOINT HOLD,right,1,-0.6055312428473343,2,32616,33328,31.0
573516.868708765,ENDPOINT HOLD,right,2,0.21194552529182964,2,32736,31981,32.0
573516.868716731,ENDPOINT HOLD,right,3,0.2445525291828794,2,32786,31830,32.0
573516.870921977,ENDPOINT HOLD,right,4,1.7329663538567175,2,32862,30409,31.0
573516.870958537,ENDPOINT HOLD,right,5,0.20476168513003543,2,32767,33065,35.0
573516.870979287,ENDPOINT HOLD,right,6,-0.30516319523918334,2,32798,33254,35.0
573516.871014044,ENDPOINT HOLD,right,7,0.6005442893110562,2,32803,30519,34.0
573516.87324457,ENDPOINT HOLD,right,8,0.12256397344930114,2,32750,32720,32.0
573516.873272624,ENDPOINT HOLD,right,1,-0.6051476310368518,2,32812,33374,31.0
573516.8732811,ENDPOINT HOLD,right,2,0.21194552529182964,2,32830,32107,32.0
573516.873288144,ENDPOINT HOLD,right,3,0.24416891737239688,2,32762,31774,32.0
573516.875496436,ENDPOINT HOLD,right,4,1.7329663538567175,2,32944,30345,31.0
573516.875531684,ENDPOINT HOLD,right,5,0.20514529694051795,2,32705,33056,35.0
573516.875546222,ENDPOINT HOLD,right,6,-0.30516319523918334,2,32802,33360,35.0
573516.875557003,ENDPOINT HOLD,right,7,0.6001606775005737,2,32813,30570,34.0
573516.880200645,ENDPOINT HOLD,right,1,-0.6055312428473343,2,32787,33373,31.0
573516.880276201,ENDPOINT HOLD,right,2,0.21194552529182964,2,33001,32089,32.0
573516.880293173,ENDPOINT HOLD,right,3,0.2445525291828794,2,32696,31790,32.0
573516.882506996,ENDPOINT HOLD,right,4,1.7329663538567175,2,32779,30523,31.0
573516.882532325,ENDPOINT HOLD,right,5,0.20514529694051795,2,32681,32946,35.0
573516.882541423,ENDPOINT HOLD,right,6,-0.30516319523918334,2,32821,33144,35.0
573516.882548757,ENDPOINT HOLD,right,7,0.6005442893110562,2,32765,30460,34.0
573516.884847884,ENDPOINT HOLD,left,1,0.0021098649576565265,0,32735,32767,31.0
573516.884891428,ENDPOINT HOLD,left,2,0.004411535820553425,0,32635,32767,32.0
573516.884900756,ENDPOINT HOLD,left,3,-0.055048294804302955,0,32722,32767,32.0
573516.884940312,ENDPOINT HOLD,right,8,0.12256397344930114,2,32756,32824,32.0
573516.884967745,ENDPOINT HOLD,right,8,0.12218036163881862,2,32804,32886,32.0
573516.887370562,ENDPOINT HOLD,left,4,0.018988784618905186,0,32907,32767,32.0
573516.887404958,ENDPOINT HOLD,left,5,-0.9166404211490047,0,32827,32767,35.0
573516.887415098,ENDPOINT HOLD,left,6,0.033182421606774426,0,32752,32767,35.0
573516.887422973,ENDPOINT HOLD,left,7,0.008631265735866478,0,32811,32767,33.0
573516.887429435,ENDPOINT HOLD,left,8,-0.10108171206225691,0,32836,32767,32.0
573516.890136889,ENDPOINT HOLD,right,1,-0.6055312428473343,2,32841,33359,31.0
573516.890232804,ENDPOINT HOLD,right,2,0.21232913710231216,2,32826,32072,32.0
573516.890244176,ENDPOINT HOLD,right,3,0.2445525291828794,2,32786,31656,32.0
573516.890253133,ENDPOINT HOLD,right,4,1.7329663538567175,2,32721,30385,31.0
573516.892818583,ENDPOINT HOLD,right,5,0.20476168513003543,2,32820,32812,35.0
573516.892849523,ENDPOINT HOLD,right,6,-0.3047795834287008,2,32742,33263,35.0
573516.892859632,ENDPOINT HOLD,right,7,0.6001606775005737,2,32814,30531,34.0
573516.892866876,ENDPOINT HOLD,right,1,-0.6051476310368518,2,32659,33361,31.0
573516.895067504,ENDPOINT HOLD,right,2,0.21194552529182964,2,32746,32114,32.0
573516.895099436,ENDPOINT HOLD,right,3,0.2445525291828794,2,32767,31635,32.0
573516.895110667,ENDPOINT HOLD,right,4,1.7329663538567175,2,32663,30477,31.0
573516.895120867,ENDPOINT HOLD,right,5,0.20476168513003543,2,32827,33050,35.0
573516.897340812,ENDPOINT HOLD,right,6,-0.3047795834287008,2,32758,33173,35.0
573516.897380057,ENDPOINT HOLD,right,7,0.6005442893110562,2,32763,30512,34.0
573516.897388994,ENDPOINT HOLD,right,8,0.12218036163881862,2,32782,32892,32.0
573516.904403292,ENDPOINT HOLD,right,1,-0.6055312428473343,2,32878,33413,31.0
573516.904501,ENDPOINT HOLD,right,2,0.21194552529182964,2,32903,32119,32.0
573516.904514005,ENDPOINT HOLD,right,3,0.2445525291828794,2,32875,31613,32.0
573516.904523223,ENDPOINT HOLD,right,4,1.7333499656672,2,32764,30381,31.0
573516.906795649,ENDPOINT HOLD,right,5,0.20514529694051795,2,32820,32774,35.0
573516.906816048,ENDPOINT HOLD,right,6,-0.3047795834287008,2,32730,33243,35.0
573516.906824544,ENDPOINT HOLD,right,7,0.6005442893110562,2,32677,30709,34.0
573516.906831899,ENDPOINT HOLD,right,8,0.12256397344930114,2,32791,32855,32.0
573516.911534865,ENDPOINT HOLD,right,1,-0.6051476310368518,2,32663,33346,31.0
573516.911571205,ENDPOINT HOLD,right,2,0.21194552529182964,2,32772,32122,32.0
573516.911579942,ENDPOINT HOLD,right,3,0.2445525291828794,2,32692,31627,32.0
573516.913821529,ENDPOINT HOLD,right,4,1.7333499656672,2,32784,30479,31.0
573516.913859131,ENDPOINT HOLD,right,5,0.20514529694051795,2,32720,33050,35.0
573516.913871615,ENDPOINT HOLD,right,6,-0.3047795834287008,2,32757,33261,35.0
573516.913880462,ENDPOINT HOLD,right,7,0.6005442893110562,2,32744,30766,34.0
573516.917761947,ENDPOINT HOLD,right,1,-0.6051476310368518,2,32881,33333,31.0
573516.917793588,ENDPOINT HOLD,right,2,0.21194552529182964,2,32912,32157,32.0
573516.917803467,ENDPOINT HOLD,right,3,0.2445525291828794,2,33027,31699,32.0
573516.91781047,ENDPOINT HOLD,right,4,1.7329663538567175,2,32696,30435,31.0
573516.917819798,ENDPOINT HOLD,right,5,0.20514529694051795,2,32752,32827,35.0
573516.920041406,ENDPOINT HOLD,right,6,-0.30516319523918334,2,32774,33156,35.0
573516.920070252,ENDPOINT HOLD,right,7,0.6005442893110562,2,32788,30583,34.0
573516.920080401,ENDPOINT HOLD,right,8,0.12256397344930114,2,32782,33047,32.0
573516.926852171,ENDPOINT HOLD,right,1,-0.6051476310368518,2,32794,33343,31.0
573516.926928849,ENDPOINT HOLD,right,2,0.21194552529182964,2,32638,32091,32.0
573516.926942375,ENDPOINT HOLD,right,3,0.2445525291828794,2,32902,31741,32.0
573516.926952254,ENDPOINT HOLD,right,4,1.7329663538567175,2,32750,30492,31.0
573516.929277151,ENDPOINT HOLD,right,5,0.20476168513003543,2,32815,32893,35.0
573516.92929748,ENDPOINT HOLD,right,6,-0.3047795834287008,2,32746,33251,35.0
573516.929305095,ENDPOINT HOLD,right,7,0.6005442893110562,2,32743,30558,34.0
573516.931677013,ENDPOINT HOLD,right,8,0.12256397344930114,2,32776,32679,32.0
573516.931706009,ENDPOINT HOLD,right,1,-0.6051476310368518,2,32752,33402,31.0
573516.931715828,ENDPOINT HOLD,right,2,0.21194552529182964,2,32736,32164,32.0
573516.93172247,ENDPOINT HOLD,right,3,0.2445525291828794,2,32752,31660,32.0
573516.933948938,ENDPOINT HOLD,right,4,1.7329663538567175,2,32824,30344,31.0
573516.933974818,ENDPOINT HOLD,right,5,0.20476168513003543,2,32782,32947,35.0
573516.933983915,ENDPOINT HOLD,right,6,-0.30516319523918334,2,32839,33023,35.0
573516.933991099,ENDPOINT HOLD,right,7,0.6005442893110562,2,32736,30574,34.0
573516.936204161,ENDPOINT HOLD,left,1,0.0021098649576565265,0,32827,32767,31.0
573516.936223237,ENDPOINT HOLD,left,2,0.004411535820553425,0,32695,32767,32.0
573516.936231213,ENDPOINT HOLD,left,3,-0.055048294804302955,0,32702,32767,32.0
573516.938406692,ENDPOINT HOLD,left,4,0.018988784618905186,0,32713,32767,32.0
573516.938416631,ENDPOINT HOLD,left,5,-0.9166404211490047,0,32774,32767,35.0
573516.938424707,ENDPOINT HOLD,left,6,0.033182421606774426,0,32726,32767,35.0
573516.938431109,ENDPOINT HOLD,left,7,0.008631265735866478,0,32793,32767,33.0
573516.938440547,ENDPOINT HOLD,right,1,-0.6051476310368518,2,32927,33358,31.0
573516.938446899,ENDPOINT HOLD,right,2,0.21194552529182964,2,32707,31989,32.0
573516.938452951,ENDPOINT HOLD,right,3,0.2445525291828794,2,32666,31773,32.0
573516.940546362,ENDPOINT HOLD,left,8,-0.10108171206225691,0,32829,32767,32.0
573516.940561111,ENDPOINT HOLD,right,4,1.7333499656672,2,32802,30615,31.0
573516.940567553,ENDPOINT HOLD,right,5,0.20514529694051795,2,32689,32816,35.0
573516.940572783,ENDPOINT HOLD,right,6,-0.3047795834287008,2,32701,32946,35.0
573516.942747641,ENDPOINT HOLD,right,7,0.6005442893110562,2,32676,30444,34.0
573516.942773331,ENDPOINT HOLD,right,8,0.12256397344930114,2,32742,33127,32.0
573516.949577774,ENDPOINT HOLD,right,1,-0.6051476310368518,2,32668,33388,31.0
573516.9496015,ENDPOINT HOLD,right,2,0.21194552529182964,2,32730,32070,32.0
573516.949609465,ENDPOINT HOLD,right,3,0.2445525291828794,2,32704,31854,32.0
573516.951997864,ENDPOINT HOLD,right,4,1.7329663538567175,2,32740,30619,31.0
573516.952033473,ENDPOINT HOLD,right,5,0.20514529694051795,2,32764,33133,35.0
573516.952043021,ENDPOINT HOLD,right,6,-0.30516319523918334,2,32751,33023,35.0
573516.952051107,ENDPOINT HOLD,right,7,0.6005442893110562,2,32752,30647,34.0
573516.954351206,ENDPOINT HOLD,right,8,0.12256397344930114,2,32786,32760,32.0
573516.95447753,ENDPOINT HOLD,right,1,-0.6051476310368518,2,32740,33379,31.0
573516.954496266,ENDPOINT HOLD,right,2,0.21232913710231216,2,32933,32074,32.0
573516.954507477,ENDPOINT HOLD,right,3,0.2445525291828794,2,32645,31788,32.0
573516.956888513,ENDPOINT HOLD,right,4,1.7329663538567175,2,32734,30539,31.0
573516.956914893,ENDPOINT HOLD,right,5,0.20514529694051795,2,32732,33056,35.0
573516.956923961,ENDPOINT HOLD,right,6,-0.3047795834287008,2,32706,33097,35.0
573516.956931566,ENDPOINT HOLD,right,7,0.6005442893110562,2,32825,30486,34.0
573516.961326729,ENDPOINT HOLD,right,1,-0.6055312428473343,2,32895,33412,31.0
573516.961355966,ENDPOINT HOLD,right,2,0.21232913710231216,2,32733,32070,32.0
573516.961367327,ENDPOINT HOLD,right,3,0.2445525291828794,2,32821,31810,32.0
573516.963652718,ENDPOINT HOLD,right,4,1.7329663538567175,2,32874,30481,31.0
573516.963683267,ENDPOINT HOLD,right,5,0.20514529694051795,2,32762,33130,35.0
573516.963696543,ENDPOINT HOLD,right,6,-0.3047795834287008,2,32791,33215,35.0
573516.963711151,ENDPOINT HOLD,right,7,0.6005442893110562,2,32808,30615,34.0
573516.965968327,ENDPOINT HOLD,right,8,0.12218036163881862,2,32830,32849,32.0
573516.971491463,ENDPOINT HOLD,right,1,-0.6055312428473343,2,32591,33387,31.0
573516.971554906,ENDPOINT HOLD,right,2,0.21194552529182964,2,32667,32121,32.0
573516.971562691,ENDPOINT HOLD,right,3,0.2445525291828794,2,32719,31764,32.0
573516.974020594,ENDPOINT HOLD,right,4,1.7333499656672,2,32634,30374,31.0
573516.974043177,ENDPOINT HOLD,right,5,0.20514529694051795,2,32732,32991,35.0
573516.974052996,ENDPOINT HOLD,right,6,-0.30516319523918334,2,32785,33131,35.0
573516.97406017,ENDPOINT HOLD,right,7,0.6005442893110562,2,32775,30540,34.0
573516.97635009,ENDPOINT HOLD,right,8,0.12218036163881862,2,32750,33128,32.0
573516.976392261,ENDPOINT HOLD,right,1,-0.6055312428473343,2,32756,33401,31.0
573516.976404294,ENDPOINT HOLD,right,2,0.21194552529182964,2,32810,32112,32.0
573516.976414223,ENDPOINT HOLD,right,3,0.24416891737239688,2,32815,31736,32.0
573516.978896473,ENDPOINT HOLD,right,4,1.7329663538567175,2,32849,30305,31.0
573516.97895722,ENDPOINT HOLD,right,5,0.20514529694051795,2,32803,32796,35.0
573516.978970085,ENDPOINT HOLD,right,6,-0.3047795834287008,2,32798,33266,35.0
573516.978979172,ENDPOINT HOLD,right,7,0.6005442893110562,2,32807,30636,34.0
573516.983571526,ENDPOINT HOLD,right,1,-0.6051476310368518,2,32653,33349,31.0
573516.98359947,ENDPOINT HOLD,right,2,0.21194552529182964,2,32664,32053,32.0
573516.983607205,ENDPOINT HOLD,right,3,0.2445525291828794,2,32696,31720,32.0
573516.985845204,ENDPOINT HOLD,right,4,1.7333499656672,2,32785,30432,31.0
573516.985890421,ENDPOINT HOLD,right,5,0.20514529694051795,2,32732,33028,35.0
573516.985910229,ENDPOINT HOLD,right,6,-0.30516319523918334,2,32849,33209,35.0
573516.985924868,ENDPOINT HOLD,right,7,0.6005442893110562,2,32745,30658,34.0
573516.988251268,ENDPOINT HOLD,left,1,0.0021098649576565265,0,32816,32767,31.0
573516.988295874,ENDPOINT HOLD,left,2,0.004411535820553425,0,32628,32767,32.0
573516.988303929,ENDPOINT HOLD,left,3,-0.055048294804302955,0,32862,32767,32.0
573516.988327585,ENDPOINT HOLD,right,8,0.12218036163881862,2,32844,33012,32.0
573516.988339868,ENDPOINT HOLD,right,8,0.12256397344930114,2,32728,32746,32.0
573516.990583078,ENDPOINT HOLD,left,4,0.018988784618905186,0,32837,32767,32.0
573516.990613957,ENDPOINT HOLD,left,5,-0.9166404211490047,0,32767,32767,35.0
573516.990623135,ENDPOINT HOLD,left,6,0.033182421606774426,0,32791,32767,35.0
573516.99063061,ENDPOINT HOLD,left,7,0.008631265735866478,0,32792,32767,33.0
573516.992817962,ENDPOINT HOLD,left,8,-0.10108171206225691,0,32814,32767,32.0
573516.995292236,ENDPOINT HOLD,right,1,-0.6051476310368518,2,32712,33359,31.0
573516.995314219,ENDPOINT HOLD,right,2,0.21194552529182964,2,32731,32067,32.0
573516.995322204,ENDPOINT HOLD,right,3,0.24416891737239688,2,32875,31697,32.0
573516.997472084,ENDPOINT HOLD,right,4,1.7329663538567175,2,32787,30587,31.0
573516.997494227,ENDPOINT HOLD,right,5,0.20476168513003543,2,32737,32896,35.0
573516.997502853,ENDPOINT HOLD,right,6,-0.30516319523918334,2,32819,33166,35.0
573516.997512642,ENDPOINT HOLD,right,7,0.6005442893110562,2,32725,30508,34.0
573516.999709723,ENDPOINT HOLD,right,8,0.12256397344930114,2,32624,32848,32.0
573516.999732517,ENDPOINT HOLD,right,1,-0.6055312428473343,2,32838,33387,31.0
573516.999741424,ENDPOINT HOLD,right,2,0.21194552529182964,2,32843,32021,32.0
573516.999748498,ENDPOINT HOLD,right,3,0.2445525291828794,2,32693,31755,32.0
573517.001939918,ENDPOINT HOLD,right,4,1.7329663538567175,2,32696,30400,31.0
573517.001963113,ENDPOINT HOLD,right,5,0.20514529694051795,2,32770,32923,35.0
573517.001971659,ENDPOINT HOLD,right,6,-0.3047795834287008,2,32754,33367,35.0
573517.001978843,ENDPOINT HOLD,right,7,0.6001606775005737,2,32834,30530,34.0
573517.00642793,ENDPOINT HOLD,right,1,-0.6051476310368518,2,32708,33402,31.0
573517.006443781,ENDPOINT HOLD,right,2,0.21194552529182964,2,32744,31980,32.0
573517.006450474,ENDPOINT HOLD,right,3,0.2445525291828794,2,32699,31598,32.0
573517.0085671,ENDPOINT HOLD,right,4,1.7329663538567175,2,32689,30370,31.0
573517.008590014,ENDPOINT HOLD,right,5,0.20514529694051795,2,32849,32909,35.0
573517.008605694,ENDPOINT HOLD,right,6,-0.30516319523918334,2,32850,33258,35.0
573517.010844906,ENDPOINT HOLD,right,7,0.6005442893110562,2,32753,30583,34.0
573517.010881076,ENDPOINT HOLD,right,8,0.12256397344930114,2,32764,32850,32.0
573517.016469107,ENDPOINT HOLD,right,1,-0.6055312428473343,2,32834,33377,31.0
573517.016503202,ENDPOINT HOLD,right,2,0.21194552529182964,2,32849,32116,32.0
573517.016512821,ENDPOINT HOLD,right,3,0.2445525291828794,2,32738,31633,32.0
573517.016521287,ENDPOINT HOLD,right,4,1.7333499656672,2,32652,30311,31.0
573517.018823891,ENDPOINT HOLD,right,5,0.20476168513003543,2,32823,32969,35.0
573517.018841124,ENDPOINT HOLD,right,6,-0.3047795834287008,2,32731,33292,35.0
573517.018848238,ENDPOINT HOLD,right,7,0.6005442893110562,2,32713,30688,34.0
573517.022402713,ENDPOINT HOLD,right,1,-0.6055312428473343,2,32679,33356,31.0
573517.022446778,ENDPOINT HOLD,right,2,0.21194552529182964,2,32608,32073,32.0
573517.022455785,ENDPOINT HOLD,right,3,0.2445525291828794,2,32696,31788,32.0
573517.022464462,ENDPOINT HOLD,right,4,1.7329663538567175,2,32909,30457,31.0
573517.022473319,ENDPOINT HOLD,right,5,0.20476168513003543,2,32811,32992,35.0
573517.022480773,ENDPOINT HOLD,right,6,-0.3047795834287008,2,32783,33177,35.0
573517.024693324,ENDPOINT HOLD,right,7,0.6005442893110562,2,32668,30652,34.0
573517.024727199,ENDPOINT HOLD,right,8,0.12256397344930114,2,32715,32784,32.0
573517.029165566,ENDPOINT HOLD,right,1,-0.6055312428473343,2,32696,33358,31.0
573517.029193821,ENDPOINT HOLD,right,2,0.21232913710231216,2,32520,32070,32.0
573517.029201375,ENDPOINT HOLD,right,3,0.2445525291828794,2,32889,31723,32.0
573517.031386924,ENDPOINT HOLD,right,4,1.7329663538567175,2,32771,30476,31.0
573517.031416962,ENDPOINT HOLD,right,5,0.20514529694051795,2,32774,33085,35.0
573517.031427602,ENDPOINT HOLD,right,6,-0.3047795834287008,2,32737,33067,35.0
573517.031437952,ENDPOINT HOLD,right,7,0.6005442893110562,2,32686,30807,34.0
573517.033616728,ENDPOINT HOLD,right,8,0.12256397344930114,2,32801,32871,32.0
573517.038226034,ENDPOINT HOLD,right,1,-0.6051476310368518,2,32622,33445,31.0
573517.038240321,ENDPOINT HOLD,right,2,0.21194552529182964,2,32780,32158,32.0
573517.038247475,ENDPOINT HOLD,right,3,0.2449361409933637,2,32562,31670,32.0
573517.040444837,ENDPOINT HOLD,left,1,0.0021098649576565265,0,32779,32767,31.0
573517.040460487,ENDPOINT HOLD,left,2,0.004411535820553425,0,32712,32767,32.0
573517.040466458,ENDPOINT HOLD,left,3,-0.055048294804302955,0,32735,32767,32.0
573517.040480335,ENDPOINT HOLD,right,4,1.7329663538567175,2,32836,30448,31.0
573517.040487128,ENDPOINT HOLD,right,5,0.20476168513003543,2,32734,32911,35.0
573517.040492609,ENDPOINT HOLD,right,6,-0.3047795834287008,2,32673,33273,35.0
573517.040497789,ENDPOINT HOLD,right,7,0.6001606775005737,2,32842,30442,34.0
573517.042671725,ENDPOINT HOLD,left,4,0.018988784618905186,0,32798,32767,32.0
573517.042701071,ENDPOINT HOLD,left,5,-0.9166404211490047,0,32762,32767,35.0
573517.042709397,ENDPOINT HOLD,left,6,0.033182421606774426,0,32803,32767,35.0
573517.042733454,ENDPOINT HOLD,right,1,-0.6051476310368518,2,32766,33372,31.0
573517.042744064,ENDPOINT HOLD,right,2,0.21194552529182964,2,32819,32072,32.0
573517.04275227,ENDPOINT HOLD,right,3,0.2445525291828794,2,32757,31782,32.0
573517.042761027,ENDPOINT HOLD,right,4,1.7329663538567175,2,32781,30408,31.0
