ST7 audio model v2: /home/jason/Proyectos3/st7/models/v2
ST7 hi-hat audio model hihat_v1: visual only; ride v2 remains the only strike-search input
[INFO] [launch]: All log files can be found below /home/jason/.ros/log/2026-10-05-13-48-59-209850-jason-band37-918183
[INFO] [launch]: Default logging verbosity is set to INFO
[INFO] [robot_state_publisher-1]: process started with pid [918186]
[INFO] [rviz2-2]: process started with pid [918187]
[INFO] [python3-3]: process started with pid [918188]
[INFO] [python-4]: process started with pid [918189]
[INFO] [python3-5]: process started with pid [918190]
[INFO] [python3-6]: process started with pid [918191]
[python3-6] ST7 hihat audio model hihat_v1: /home/jason/Proyectos3/st7/models/hihat_v1 (matching config, checkpoint and normality reference)
[python3-5] ST7 ride audio model v2: /home/jason/Proyectos3/st7/models/v2 (matching config, checkpoint and normality reference)
[robot_state_publisher-1] [INFO] [1791233339.306995452] [robot_state_publisher]: Robot initialized
[rviz2-2] [INFO] [1791233339.659130052] [rviz2]: Stereo is NOT SUPPORTED
[rviz2-2] [INFO] [1791233339.659204315] [rviz2]: OpenGl version: 4.6 (GLSL 4.6)
[rviz2-2] [INFO] [1791233339.673573966] [rviz2]: Stereo is NOT SUPPORTED
[python3-3] HARDWARE: one RUN button → center + close gripper → recording → experiment hybrid J7 search → first-hit depth → 100 BPM hybrid swing with partial returns; ride v2 controls search; hi-hat v1 continuously tunes only hi-hat timing; ride motion unchanged
[python-4] Preprocessing: local
[python-4] Model: /home/jason/Proyectos3/Y2/models/live_pose_best.pt; input: 640; required: drumstick + YOLO pose tip
[python-4] Camera: 0 -> /dev/video0
[python-4] Camera: requested 30 FPS; automatic low-light FPS reduction disabled.
[python-4] QFontDatabase: Cannot find font directory /home/jason/Proyectos3/Y2/.venv/lib/python3.12/site-packages/cv2/qt/fonts.
[python-4] Note that Qt no longer ships fonts. Deploy some (from https://dejavu-fonts.github.io/ for example) or switch to fontconfig.
[python-4] QFontDatabase: Cannot find font directory /home/jason/Proyectos3/Y2/.venv/lib/python3.12/site-packages/cv2/qt/fonts.
[python-4] Note that Qt no longer ships fonts. Deploy some (from https://dejavu-fonts.github.io/ for example) or switch to fontconfig.
[python-4] QFontDatabase: Cannot find font directory /home/jason/Proyectos3/Y2/.venv/lib/python3.12/site-packages/cv2/qt/fonts.
[python-4] Note that Qt no longer ships fonts. Deploy some (from https://dejavu-fonts.github.io/ for example) or switch to fontconfig.
[python-4] QFontDatabase: Cannot find font directory /home/jason/Proyectos3/Y2/.venv/lib/python3.12/site-packages/cv2/qt/fonts.
[python-4] Note that Qt no longer ships fonts. Deploy some (from https://dejavu-fonts.github.io/ for example) or switch to fontconfig.
[python-4] QFontDatabase: Cannot find font directory /home/jason/Proyectos3/Y2/.venv/lib/python3.12/site-packages/cv2/qt/fonts.
[python-4] Note that Qt no longer ships fonts. Deploy some (from https://dejavu-fonts.github.io/ for example) or switch to fontconfig.
[python3-6] {"status": "listening", "instrument": "hihat", "label": "hihat_close", "sample_rate": 16000, "device": "pipewire", "window_seconds": 6.0, "lookahead_seconds": 0.4, "timestamp_clock": "portaudio_adc_monotonic", "decoder": {"high_threshold": 0.9, "low_threshold": 0.225, "min_gap_seconds": 0.08, "smooth_frames": 1, "release_frames": 2, "max_peak_frames": 3}, "normality": {"enabled": true, "version": 1, "meaning": "0-100 similarity to reference normal hits"}}
[python3-5] {"status": "listening", "sample_rate": 16000, "device": "pipewire", "window_seconds": 6.0, "lookahead_seconds": 0.4, "timestamp_clock": "portaudio_adc_monotonic", "decoder": {"high_threshold": 0.6, "low_threshold": 0.15, "min_gap_seconds": 0.08, "smooth_frames": 1, "release_frames": 2, "max_peak_frames": 3}, "normality": {"enabled": true, "version": 1, "meaning": "0-100 similarity to reference normal hits"}}
[python3-3] PHYSICAL VERIFICATION EVIDENCE: /home/jason/Proyectos3/X5/playback_results/swing_verification/20261005T204914-6a572157
[python3-3] VERIFICATION PHASE: {"t": 573502.09655981, "phase": "READY", "status": "Recording preflight passed; waiting for camera, ST7/TONOR, ESP32 hi-hat, and fresh encoders"}
[python3-3] VERIFICATION PHASE: {"t": 573502.13849816, "phase": "SETTING UP", "status": "Recording preflight passed; centering with J7=80.2\u00b0 and closing gripper to +7\u00b0; recording follows automatically"}
[python3-3] VERIFICATION PHASE: {"t": 573504.296635606, "phase": "CENTERING", "status": "CENTERING"}
[python3-3] ONE RUN: center and gripper closure confirmed; starting recording without a loading pause
[python3-3] VERIFICATION PHASE: {"t": 573506.904638976, "phase": "MOVING TO RECORDING START", "status": "Centered with gripper closed at +7\u00b0 \u2014 moving to the recording's first pose"}
[python3-3] START HOLD 
[python3-3] VERIFICATION PHASE: {"t": 573508.911476538, "phase": "RECORDING PLAYBACK", "status": "Smooth recording: 0.00/4.80 s \u2022 START HOLD \u2022 camera observations 0"}
[python3-3] TEMPORARY POSITION GAINS 
[python3-3] PLAYBACK {"duration_s": 4.8}
[python3-3] ENDPOINT SOFT HOLD 
[python3-3] ENDPOINT GAIN RESTORATION {"ramp_s": 0.5}
[python3-3] ENDPOINT HOLD 
[python3-3] ENDPOINT VERIFIED {"t": 573517.042797106, "goal_rad": [-0.6055312428473343, 0.21194552529182964, 0.24416891737239688, 1.7329663538567175, 0.20476168513003543, -0.30516319523918334, 0.6001606775005737], "actual_rad": [-0.6051476310368518, 0.21194552529182964, 0.2445525291828794, 1.7329663538567175, 0.20476168513003543, -0.3047795834287008, 0.6001606775005737], "max_error_deg": 0.02197933771202081, "settle_range_deg": 0.0439586754241434, "settled_seconds": 0.6005229139700532, "tolerance_deg": 0.05}
[python3-3] VERIFICATION PHASE: {"t": 573517.174577615, "phase": "SETTLING RECORDING END", "status": "Recorded path complete \u2014 original gains restored; settling at its final pose"}
[python3-3] VERIFICATION PHASE: {"t": 573517.840596405, "phase": "HILL PLANNING", "status": "Holding endpoint \u2014 planning +X by 0.0100 m, validating candidate/return paths, and retaining recorded J2"}
[python3-3] VERIFICATION PHASE: {"t": 573521.139245494, "phase": "HILL MOVING CANDIDATE", "status": "Testing +X by 0.0100 m \u2192 X=+0.2696, Y=-0.1690, Z=+0.4346"}
[python3-3] PINK ZONE CONFIRMED ONCE (camera frame 1010); starting the J7 hit search at 5°, then increasing by 1°
[python3-3] HYBRID J7: experiment hardware tuning; kick 0.3 Nm / 40 ms; 500 Hz; search 5° through 12°; hard corridor 13°; fixed camera anchor; 100 BPM swing permits partial returns after 4° rebound
[python3-3] VERIFICATION PHASE: {"t": 573522.171204866, "phase": "STRIKE MOVING OUT", "status": "Hybrid hit search: J7 \u22125\u00b0 \u2014 waiting for fresh settled hold, then impulse/coast/catch/return"}
[python3-3] VERIFICATION PHASE: {"t": 573523.002151819, "phase": "STRIKE RETURNING TO CYMBAL POSE", "status": "Hybrid hit search: J7 \u22125\u00b0 \u2014 waiting for fresh settled hold, then impulse/coast/catch/return"}
[python3-3] HYBRID search −5°: measured peak 5.077°; returned and settled
[python3-3] VERIFICATION PHASE: {"t": 573523.33618194, "phase": "STRIKE WAITING FOR SOUND", "status": "J7 \u22125\u00b0 attempt returned to the pink-zone pose \u2014 waiting for ST7's finalized audio interval before declaring a miss"}
[python3-3] VERIFICATION PHASE: {"t": 573524.10166509, "phase": "STRIKE MOVING OUT", "status": "Hybrid hit search: J7 \u22126\u00b0 \u2014 waiting for fresh settled hold, then impulse/coast/catch/return"}
[python3-3] VERIFICATION PHASE: {"t": 573524.201311218, "phase": "STRIKE RETURNING TO CYMBAL POSE", "status": "Hybrid hit search: J7 \u22126\u00b0 \u2014 waiting for fresh settled hold, then impulse/coast/catch/return"}
[python3-3] HYBRID search −6°: measured peak 6.132°; returned and settled
[python3-3] VERIFICATION PHASE: {"t": 573524.535821855, "phase": "STRIKE WAITING FOR SOUND", "status": "J7 \u22126\u00b0 attempt returned to the pink-zone pose \u2014 waiting for ST7's finalized audio interval before declaring a miss"}
[python3-3] VERIFICATION PHASE: {"t": 573525.370630535, "phase": "STRIKE MOVING OUT", "status": "Hybrid hit search: J7 \u22127\u00b0 \u2014 waiting for fresh settled hold, then impulse/coast/catch/return"}
[python3-3] VERIFICATION PHASE: {"t": 573525.465105345, "phase": "STRIKE RETURNING TO CYMBAL POSE", "status": "Hybrid hit search: J7 \u22127\u00b0 \u2014 waiting for fresh settled hold, then impulse/coast/catch/return"}
[python3-3] HYBRID search −7°: measured peak 7.209°; returned and settled
[python3-3] VERIFICATION PHASE: {"t": 573525.791462461, "phase": "STRIKE WAITING FOR SOUND", "status": "J7 \u22127\u00b0 attempt returned to the pink-zone pose \u2014 waiting for ST7's finalized audio interval before declaring a miss"}
[python3-3] VERIFICATION PHASE: {"t": 573526.570136383, "phase": "STRIKE MOVING OUT", "status": "Hybrid hit search: J7 \u22128\u00b0 \u2014 waiting for fresh settled hold, then impulse/coast/catch/return"}
[python3-3] VERIFICATION PHASE: {"t": 573526.6702336, "phase": "STRIKE RETURNING TO CYMBAL POSE", "status": "Hybrid hit search: J7 \u22128\u00b0 \u2014 waiting for fresh settled hold, then impulse/coast/catch/return"}
[python3-3] HYBRID search −8°: measured peak 8.132°; returned and settled
[python3-3] VERIFICATION PHASE: {"t": 573527.003149586, "phase": "STRIKE WAITING FOR SOUND", "status": "J7 \u22128\u00b0 attempt returned to the pink-zone pose \u2014 waiting for ST7's finalized audio interval before declaring a miss"}
[python3-3] VERIFICATION PHASE: {"t": 573527.736146649, "phase": "STRIKE MOVING OUT", "status": "Hybrid hit search: J7 \u22129\u00b0 \u2014 waiting for fresh settled hold, then impulse/coast/catch/return"}
[python3-3] VERIFICATION PHASE: {"t": 573527.869273812, "phase": "STRIKE RETURNING TO CYMBAL POSE", "status": "Hybrid hit search: J7 \u22129\u00b0 \u2014 waiting for fresh settled hold, then impulse/coast/catch/return"}
[python3-3] HYBRID search −9°: measured peak 9.209°; returned and settled
[python3-3] VERIFICATION PHASE: {"t": 573528.17001041, "phase": "STRIKE WAITING FOR SOUND", "status": "J7 \u22129\u00b0 attempt returned to the pink-zone pose \u2014 waiting for ST7's finalized audio interval before declaring a miss"}
[python3-5] {"event": "HIT", "time_since_start": 39.16, "event_monotonic": 573527.87473, "score": 0.9956, "normality_score": 65.5, "notification_monotonic": 573528.664311967}
[python3-3] ST7 CYMBAL HIT DETECTED on J7 −9° attempt — selecting this first detected depth
[python3-3] HIHAT SYNC: {"kind": "start", "at": 573528.671295074, "advance": 0.0, "period": 0.6, "close_beats": [2, 4], "open_beats": [1, 3]}
[python3-3] HYBRID first detected depth 9°: 100 BPM swing + hi-hat; 4° minimum rebound before partial-return releases
[python3-3] VERIFICATION PHASE: {"t": 573528.671691237, "phase": "100 BPM STRIKE WAITING", "status": "HYBRID first detected depth 9\u00b0: 100 BPM swing + hi-hat; 4\u00b0 minimum rebound before partial-return releases"}
[python3-3] VERIFICATION PHASE: {"t": 573528.705988704, "phase": "100 BPM STRIKE MOVING OUT", "status": "HYBRID first detected depth 9\u00b0: 100 BPM swing + hi-hat; 4\u00b0 minimum rebound before partial-return releases"}
[python3-3] VERIFICATION PHASE: {"t": 573528.811980813, "phase": "100 BPM STRIKE RETURNING", "status": "HYBRID first detected depth 9\u00b0: 100 BPM swing + hi-hat; 4\u00b0 minimum rebound before partial-return releases"}
[python3-3] HIHAT SYNC: {"kind": "grid", "at": 573528.831848823, "beat1": 573529.0095990159}
[python3-3] HYBRID swing 1 (pickup (extra before beat 1)): target 9°; arrival error +0.0 ms; partial returns 0
[python3-3] J7 STRIKE LOW strike 1 [pickup (extra before beat 1), hybrid]: 9.19 deg down from anchor; lowest J7 encoder: 24.03 deg; commanded: 9 deg
[python3-3] VERIFICATION PHASE: {"t": 573528.957926801, "phase": "100 BPM STRIKE MOVING OUT", "status": "HYBRID first detected depth 9\u00b0: 100 BPM swing + hi-hat; 4\u00b0 minimum rebound before partial-return releases"}
[python3-3] VERIFICATION PHASE: {"t": 573529.026217389, "phase": "100 BPM STRIKE RETURNING", "status": "HYBRID first detected depth 9\u00b0: 100 BPM swing + hi-hat; 4\u00b0 minimum rebound before partial-return releases"}
[python3-3] HYBRID swing 2 (beat 1): target 9°; arrival error +18.0 ms; partial returns 1
[python3-3] J7 STRIKE LOW strike 2 [beat 1, hybrid]: 9.28 deg down from anchor; lowest J7 encoder: 23.95 deg; commanded: 9 deg
[python3-3] VERIFICATION PHASE: {"t": 573529.331659118, "phase": "100 BPM STRIKE WAITING", "status": "HYBRID first detected depth 9\u00b0: 100 BPM swing + hi-hat; 4\u00b0 minimum rebound before partial-return releases"}
[python3-3] VERIFICATION PHASE: {"t": 573529.543959585, "phase": "100 BPM STRIKE MOVING OUT", "status": "HYBRID first detected depth 9\u00b0: 100 BPM swing + hi-hat; 4\u00b0 minimum rebound before partial-return releases"}
[python3-3] VERIFICATION PHASE: {"t": 573529.607150852, "phase": "100 BPM STRIKE RETURNING", "status": "HYBRID first detected depth 9\u00b0: 100 BPM swing + hi-hat; 4\u00b0 minimum rebound before partial-return releases"}
[python3-3] HYBRID swing 3 (beat 2): target 9°; arrival error +17.9 ms; partial returns 1
[python3-5] {"event": "HIT", "time_since_start": 40.32, "event_monotonic": 573529.0347664399, "score": 0.996753, "normality_score": 72.8, "notification_monotonic": 573529.840188814}
[python3-3] ST7 HIT NOT SELECTED: {"reason": "no active released search (swing hits are informational)", "phase": "100 BPM STRIKE RETURNING", "onset": 573529.0347664399, "detected_at": 573529.840317602, "release": 573527.731539607, "returned": 573528.133517165}
[python3-3] J7 STRIKE LOW strike 3 [beat 2, hybrid]: 9.23 deg down from anchor; lowest J7 encoder: 23.99 deg; commanded: 9 deg
[python3-3] VERIFICATION PHASE: {"t": 573529.902783713, "phase": "100 BPM STRIKE MOVING OUT", "status": "HYBRID first detected depth 9\u00b0: 100 BPM swing + hi-hat; 4\u00b0 minimum rebound before partial-return releases"}
[python3-3] VERIFICATION PHASE: {"t": 573530.025955224, "phase": "100 BPM STRIKE RETURNING", "status": "HYBRID first detected depth 9\u00b0: 100 BPM swing + hi-hat; 4\u00b0 minimum rebound before partial-return releases"}
[python3-3] HYBRID swing 4 (extra after beat 2): target 9°; arrival error +12.8 ms; partial returns 2
[python3-3] J7 STRIKE LOW strike 4 [extra after beat 2, hybrid]: 9.25 deg down from anchor; lowest J7 encoder: 23.97 deg; commanded: 9 deg
[python3-3] VERIFICATION PHASE: {"t": 573530.135379372, "phase": "100 BPM STRIKE MOVING OUT", "status": "HYBRID first detected depth 9\u00b0: 100 BPM swing + hi-hat; 4\u00b0 minimum rebound before partial-return releases"}
[python3-3] VERIFICATION PHASE: {"t": 573530.238219261, "phase": "100 BPM STRIKE RETURNING", "status": "HYBRID first detected depth 9\u00b0: 100 BPM swing + hi-hat; 4\u00b0 minimum rebound before partial-return releases"}
[python3-3] HYBRID swing 5 (beat 3): target 9°; arrival error +36.9 ms; partial returns 3
[python3-6] {"event": "HIT", "instrument": "hihat", "label": "hihat_close", "time_since_start": 41.01, "event_monotonic": 573529.692807354, "score": 0.998234, "normality_score": 87.5, "notification_monotonic": 573530.43536749}
[python3-5] {"event": "HIT", "time_since_start": 40.92, "event_monotonic": 573529.6348165858, "score": 0.99981, "normality_score": 67.2, "notification_monotonic": 573530.46753222}
[python3-3] ST7 HIT NOT SELECTED: {"reason": "no active released search (swing hits are informational)", "phase": "100 BPM STRIKE RETURNING", "onset": 573529.6348165858, "detected_at": 573530.467782321, "release": 573527.731539607, "returned": 573528.133517165}
[python3-3] HI-HAT SOUND (visual only) #1: score=0.998; normality=87.5
[python3-3] J7 STRIKE LOW strike 5 [beat 3, hybrid]: 9.25 deg down from anchor; lowest J7 encoder: 23.97 deg; commanded: 9 deg
[python3-3] VERIFICATION PHASE: {"t": 573530.545068982, "phase": "100 BPM STRIKE WAITING", "status": "HYBRID first detected depth 9\u00b0: 100 BPM swing + hi-hat; 4\u00b0 minimum rebound before partial-return releases"}
[python3-5] {"event": "HIT", "time_since_start": 41.31, "event_monotonic": 573530.024814987, "score": 0.999741, "normality_score": 74.0, "notification_monotonic": 573530.681548852}
[python3-3] ST7 HIT NOT SELECTED: {"reason": "no active released search (swing hits are informational)", "phase": "100 BPM STRIKE MOVING OUT", "onset": 573530.024814987, "detected_at": 573530.68168309, "release": 573527.731539607, "returned": 573528.133517165}
[python3-3] VERIFICATION PHASE: {"t": 573530.711783635, "phase": "100 BPM STRIKE MOVING OUT", "status": "HYBRID first detected depth 9\u00b0: 100 BPM swing + hi-hat; 4\u00b0 minimum rebound before partial-return releases"}
[python3-3] HIHAT SYNC: {"kind": "match", "at": 573530.712226678, "index": 1, "target": 573529.6095990159, "ride_onset": 573529.6348165858, "hihat_onset": 573529.692807354, "error": 0.057990768225863576, "commanded": 573529.612651876, "advance_used": 0.0, "actual_advance": -0.0030528601491823792, "estimate": 0.0549379080766812, "advance_before": 0.0, "advance": 0.0}
[python3-3] VERIFICATION PHASE: {"t": 573530.806526261, "phase": "100 BPM STRIKE RETURNING", "status": "HYBRID first detected depth 9\u00b0: 100 BPM swing + hi-hat; 4\u00b0 minimum rebound before partial-return releases"}
[python3-3] HYBRID swing 6 (beat 4): target 9°; arrival error +10.9 ms; partial returns 3
[python3-5] {"event": "HIT", "time_since_start": 41.54, "event_monotonic": 573530.2548563419, "score": 0.999705, "normality_score": 80.2, "notification_monotonic": 573531.007690443}
[python3-3] ST7 HIT NOT SELECTED: {"reason": "no active released search (swing hits are informational)", "phase": "100 BPM STRIKE RETURNING", "onset": 573530.2548563419, "detected_at": 573531.007873054, "release": 573527.731539607, "returned": 573528.133517165}
[python3-3] J7 STRIKE LOW strike 6 [beat 4, hybrid]: 9.21 deg down from anchor; lowest J7 encoder: 24.01 deg; commanded: 9 deg
[python3-3] VERIFICATION PHASE: {"t": 573531.129159756, "phase": "100 BPM STRIKE MOVING OUT", "status": "HYBRID first detected depth 9\u00b0: 100 BPM swing + hi-hat; 4\u00b0 minimum rebound before partial-return releases"}
[python3-3] VERIFICATION PHASE: {"t": 573531.194149106, "phase": "100 BPM STRIKE RETURNING", "status": "HYBRID first detected depth 9\u00b0: 100 BPM swing + hi-hat; 4\u00b0 minimum rebound before partial-return releases"}
[python3-3] HYBRID swing 7 (extra after beat 4): target 9°; arrival error +14.9 ms; partial returns 4
[python3-3] J7 STRIKE LOW strike 7 [extra after beat 4, hybrid]: 9.23 deg down from anchor; lowest J7 encoder: 23.99 deg; commanded: 9 deg
[python3-3] VERIFICATION PHASE: {"t": 573531.34060117, "phase": "100 BPM STRIKE MOVING OUT", "status": "HYBRID first detected depth 9\u00b0: 100 BPM swing + hi-hat; 4\u00b0 minimum rebound before partial-return releases"}
[python3-3] VERIFICATION PHASE: {"t": 573531.451179342, "phase": "100 BPM STRIKE RETURNING", "status": "HYBRID first detected depth 9\u00b0: 100 BPM swing + hi-hat; 4\u00b0 minimum rebound before partial-return releases"}
[python3-3] HYBRID swing 8 (beat 1): target 9°; arrival error +38.9 ms; partial returns 5
[python3-6] {"event": "HIT", "instrument": "hihat", "label": "hihat_close", "time_since_start": 42.21, "event_monotonic": 573530.89291263, "score": 0.998125, "normality_score": 88.5, "notification_monotonic": 573531.617715891}
[python3-3] HI-HAT SOUND (visual only) #2: score=0.998; normality=88.5
[python3-5] {"event": "HIT", "time_since_start": 42.11, "event_monotonic": 573530.8248823431, "score": 0.999672, "normality_score": 30.4, "notification_monotonic": 573531.651972099}
[python3-3] ST7 HIT NOT SELECTED: {"reason": "no active released search (swing hits are informational)", "phase": "100 BPM STRIKE RETURNING", "onset": 573530.8248823431, "detected_at": 573531.652111197, "release": 573527.731539607, "returned": 573528.133517165}
[python3-3] J7 STRIKE LOW strike 8 [beat 1, hybrid]: 9.25 deg down from anchor; lowest J7 encoder: 23.97 deg; commanded: 9 deg
[python3-3] VERIFICATION PHASE: {"t": 573531.738756199, "phase": "100 BPM STRIKE WAITING", "status": "HYBRID first detected depth 9\u00b0: 100 BPM swing + hi-hat; 4\u00b0 minimum rebound before partial-return releases"}
[python3-3] VERIFICATION PHASE: {"t": 573531.908427966, "phase": "100 BPM STRIKE MOVING OUT", "status": "HYBRID first detected depth 9\u00b0: 100 BPM swing + hi-hat; 4\u00b0 minimum rebound before partial-return releases"}
[python3-5] {"event": "HIT", "time_since_start": 42.51, "event_monotonic": 573531.224865388, "score": 0.999825, "normality_score": 73.8, "notification_monotonic": 573531.967168523}
[python3-3] ST7 HIT NOT SELECTED: {"reason": "no active released search (swing hits are informational)", "phase": "100 BPM STRIKE MOVING OUT", "onset": 573531.224865388, "detected_at": 573531.96730191, "release": 573527.731539607, "returned": 573528.133517165}
[python3-3] HIHAT SYNC: {"kind": "match", "at": 573531.980536526, "index": 3, "target": 573530.809599016, "ride_onset": 573530.8248823431, "hihat_onset": 573530.89291263, "error": 0.06803028692957014, "commanded": 573530.81225376, "advance_used": 0.0, "actual_advance": -0.002654744079336524, "estimate": 0.06537554285023361, "advance_before": 0.0, "advance": 0.0}
[python3-3] VERIFICATION PHASE: {"t": 573532.008465088, "phase": "100 BPM STRIKE RETURNING", "status": "HYBRID first detected depth 9\u00b0: 100 BPM swing + hi-hat; 4\u00b0 minimum rebound before partial-return releases"}
[python3-3] HYBRID swing 9 (beat 2): target 9°; arrival error +8.9 ms; partial returns 5
[python3-5] {"event": "HIT", "time_since_start": 42.74, "event_monotonic": 573531.45492175, "score": 0.999592, "normality_score": 84.8, "notification_monotonic": 573532.188994794}
[python3-3] ST7 HIT NOT SELECTED: {"reason": "no active released search (swing hits are informational)", "phase": "100 BPM STRIKE RETURNING", "onset": 573531.45492175, "detected_at": 573532.189135445, "release": 573527.731539607, "returned": 573528.133517165}
[python3-3] J7 STRIKE LOW strike 9 [beat 2, hybrid]: 9.21 deg down from anchor; lowest J7 encoder: 24.01 deg; commanded: 9 deg
[python3-3] VERIFICATION PHASE: {"t": 573532.300360111, "phase": "100 BPM STRIKE MOVING OUT", "status": "HYBRID first detected depth 9\u00b0: 100 BPM swing + hi-hat; 4\u00b0 minimum rebound before partial-return releases"}
[python3-3] VERIFICATION PHASE: {"t": 573532.401105326, "phase": "100 BPM STRIKE RETURNING", "status": "HYBRID first detected depth 9\u00b0: 100 BPM swing + hi-hat; 4\u00b0 minimum rebound before partial-return releases"}
[python3-3] HYBRID swing 10 (extra after beat 2): target 9°; arrival error +10.9 ms; partial returns 6
[python3-3] J7 STRIKE LOW strike 10 [extra after beat 2, hybrid]: 9.25 deg down from anchor; lowest J7 encoder: 23.97 deg; commanded: 9 deg
[python3-3] VERIFICATION PHASE: {"t": 573532.533903496, "phase": "100 BPM STRIKE MOVING OUT", "status": "HYBRID first detected depth 9\u00b0: 100 BPM swing + hi-hat; 4\u00b0 minimum rebound before partial-return releases"}
[python3-3] VERIFICATION PHASE: {"t": 573532.668524014, "phase": "100 BPM STRIKE RETURNING", "status": "HYBRID first detected depth 9\u00b0: 100 BPM swing + hi-hat; 4\u00b0 minimum rebound before partial-return releases"}
[python3-3] HYBRID swing 11 (beat 3): target 9°; arrival error +34.9 ms; partial returns 7
[python3-6] {"event": "HIT", "instrument": "hihat", "label": "hihat_close", "time_since_start": 43.41, "event_monotonic": 573532.092977723, "score": 0.998434, "normality_score": 83.8, "notification_monotonic": 573532.790246786}
[python3-3] HI-HAT SOUND (visual only) #3: score=0.998; normality=83.8
[python3-5] {"event": "HIT", "time_since_start": 43.31, "event_monotonic": 573532.024964902, "score": 0.999539, "normality_score": 56.4, "notification_monotonic": 573532.822471752}
[python3-3] ST7 HIT NOT SELECTED: {"reason": "no active released search (swing hits are informational)", "phase": "100 BPM STRIKE RETURNING", "onset": 573532.024964902, "detected_at": 573532.822568498, "release": 573527.731539607, "returned": 573528.133517165}
[python3-3] J7 STRIKE LOW strike 11 [beat 3, hybrid]: 9.28 deg down from anchor; lowest J7 encoder: 23.95 deg; commanded: 9 deg
[python3-3] VERIFICATION PHASE: {"t": 573532.947262211, "phase": "100 BPM STRIKE WAITING", "status": "HYBRID first detected depth 9\u00b0: 100 BPM swing + hi-hat; 4\u00b0 minimum rebound before partial-return releases"}
[python3-3] VERIFICATION PHASE: {"t": 573533.108294591, "phase": "100 BPM STRIKE MOVING OUT", "status": "HYBRID first detected depth 9\u00b0: 100 BPM swing + hi-hat; 4\u00b0 minimum rebound before partial-return releases"}
[python3-5] {"event": "HIT", "time_since_start": 43.71, "event_monotonic": 573532.424927023, "score": 0.999737, "normality_score": 75.1, "notification_monotonic": 573533.141070779}
[python3-3] ST7 HIT NOT SELECTED: {"reason": "no active released search (swing hits are informational)", "phase": "100 BPM STRIKE MOVING OUT", "onset": 573532.424927023, "detected_at": 573533.14122719, "release": 573527.731539607, "returned": 573528.133517165}
[python3-3] HIHAT SYNC: {"kind": "match", "at": 573533.173572457, "index": 5, "target": 573532.0095990159, "ride_onset": 573532.024964902, "hihat_onset": 573532.092977723, "error": 0.06801282102242112, "commanded": 573532.013914983, "advance_used": 0.0, "actual_advance": -0.004315967089496553, "estimate": 0.06369685393292457, "advance_before": 0.0, "advance": 0.01}
[python3-3] VERIFICATION PHASE: {"t": 573533.205784678, "phase": "100 BPM STRIKE RETURNING", "status": "HYBRID first detected depth 9\u00b0: 100 BPM swing + hi-hat; 4\u00b0 minimum rebound before partial-return releases"}
[python3-3] HYBRID swing 12 (beat 4): target 9°; arrival error +8.9 ms; partial returns 7
[python3-5] {"event": "HIT", "time_since_start": 43.94, "event_monotonic": 573532.654936215, "score": 0.991446, "normality_score": 80.1, "notification_monotonic": 573533.459101521}
[python3-3] ST7 HIT NOT SELECTED: {"reason": "no active released search (swing hits are informational)", "phase": "100 BPM STRIKE RETURNING", "onset": 573532.654936215, "detected_at": 573533.459220871, "release": 573527.731539607, "returned": 573528.133517165}
[python3-3] J7 STRIKE LOW strike 12 [beat 4, hybrid]: 9.25 deg down from anchor; lowest J7 encoder: 23.97 deg; commanded: 9 deg
[python3-3] VERIFICATION PHASE: {"t": 573533.51664363, "phase": "100 BPM STRIKE MOVING OUT", "status": "HYBRID first detected depth 9\u00b0: 100 BPM swing + hi-hat; 4\u00b0 minimum rebound before partial-return releases"}
[python3-3] VERIFICATION PHASE: {"t": 573533.606914635, "phase": "100 BPM STRIKE RETURNING", "status": "HYBRID first detected depth 9\u00b0: 100 BPM swing + hi-hat; 4\u00b0 minimum rebound before partial-return releases"}
[python3-3] HYBRID swing 13 (extra after beat 4): target 9°; arrival error +14.9 ms; partial returns 8
[python3-5] {"event": "HIT", "time_since_start": 44.48, "event_monotonic": 573533.1948558779, "score": 0.818532, "normality_score": 59.2, "notification_monotonic": 573533.681168606}
[python3-3] ST7 HIT NOT SELECTED: {"reason": "no active released search (swing hits are informational)", "phase": "100 BPM STRIKE RETURNING", "onset": 573533.1948558779, "detected_at": 573533.681304618, "release": 573527.731539607, "returned": 573528.133517165}
[python3-3] J7 STRIKE LOW strike 13 [extra after beat 4, hybrid]: 9.23 deg down from anchor; lowest J7 encoder: 23.99 deg; commanded: 9 deg
[python3-3] VERIFICATION PHASE: {"t": 573533.745298992, "phase": "100 BPM STRIKE MOVING OUT", "status": "HYBRID first detected depth 9\u00b0: 100 BPM swing + hi-hat; 4\u00b0 minimum rebound before partial-return releases"}
[python3-3] VERIFICATION PHASE: {"t": 573533.859573511, "phase": "100 BPM STRIKE RETURNING", "status": "HYBRID first detected depth 9\u00b0: 100 BPM swing + hi-hat; 4\u00b0 minimum rebound before partial-return releases"}
[python3-3] HYBRID swing 14 (beat 1): target 9°; arrival error +38.9 ms; partial returns 9
[python3-6] {"event": "HIT", "instrument": "hihat", "label": "hihat_close", "time_since_start": 44.61, "event_monotonic": 573533.293032801, "score": 0.997806, "normality_score": 86.3, "notification_monotonic": 573533.96430381}
[python3-3] HI-HAT SOUND (visual only) #4: score=0.998; normality=86.3
[python3-3] J7 STRIKE LOW strike 14 [beat 1, hybrid]: 9.30 deg down from anchor; lowest J7 encoder: 23.92 deg; commanded: 9 deg
[python3-3] VERIFICATION PHASE: {"t": 573534.150361522, "phase": "100 BPM STRIKE WAITING", "status": "HYBRID first detected depth 9\u00b0: 100 BPM swing + hi-hat; 4\u00b0 minimum rebound before partial-return releases"}
[python3-3] VERIFICATION PHASE: {"t": 573534.299666429, "phase": "100 BPM STRIKE MOVING OUT", "status": "HYBRID first detected depth 9\u00b0: 100 BPM swing + hi-hat; 4\u00b0 minimum rebound before partial-return releases"}
[python3-5] {"event": "HIT", "time_since_start": 44.84, "event_monotonic": 573533.55503415, "score": 0.998771, "normality_score": 76.3, "notification_monotonic": 573534.311899336}
[python3-3] ST7 HIT NOT SELECTED: {"reason": "no active released search (swing hits are informational)", "phase": "100 BPM STRIKE MOVING OUT", "onset": 573533.55503415, "detected_at": 573534.312083881, "release": 573527.731539607, "returned": 573528.133517165}
[python3-3] HIHAT SYNC: {"kind": "match", "at": 573534.362588428, "index": 7, "target": 573533.2095990159, "ride_onset": 573533.1948558779, "hihat_onset": 573533.293032801, "error": 0.09817692311480641, "commanded": 573533.211089945, "advance_used": 0.0, "actual_advance": -0.001490929163992405, "estimate": 0.09668599395081401, "advance_before": 0.01, "advance": 0.02}
[python3-3] VERIFICATION PHASE: {"t": 573534.397377862, "phase": "100 BPM STRIKE RETURNING", "status": "HYBRID first detected depth 9\u00b0: 100 BPM swing + hi-hat; 4\u00b0 minimum rebound before partial-return releases"}
[python3-3] HYBRID swing 15 (beat 2): target 9°; arrival error +6.9 ms; partial returns 9
[python3-5] {"event": "HIT", "time_since_start": 45.14, "event_monotonic": 573533.8549472779, "score": 0.992067, "normality_score": 77.9, "notification_monotonic": 573534.636362275}
[python3-3] ST7 HIT NOT SELECTED: {"reason": "no active released search (swing hits are informational)", "phase": "100 BPM STRIKE RETURNING", "onset": 573533.8549472779, "detected_at": 573534.636524117, "release": 573527.731539607, "returned": 573528.133517165}
[python3-3] J7 STRIKE LOW strike 15 [beat 2, hybrid]: 9.25 deg down from anchor; lowest J7 encoder: 23.97 deg; commanded: 9 deg
[python3-3] VERIFICATION PHASE: {"t": 573534.725855132, "phase": "100 BPM STRIKE MOVING OUT", "status": "HYBRID first detected depth 9\u00b0: 100 BPM swing + hi-hat; 4\u00b0 minimum rebound before partial-return releases"}
[python3-3] VERIFICATION PHASE: {"t": 573534.798796886, "phase": "100 BPM STRIKE RETURNING", "status": "HYBRID first detected depth 9\u00b0: 100 BPM swing + hi-hat; 4\u00b0 minimum rebound before partial-return releases"}
[python3-3] HYBRID swing 16 (extra after beat 2): target 9°; arrival error +10.9 ms; partial returns 10
[python3-3] J7 STRIKE LOW strike 16 [extra after beat 2, hybrid]: 9.23 deg down from anchor; lowest J7 encoder: 23.99 deg; commanded: 9 deg
[python3-3] VERIFICATION PHASE: {"t": 573534.944570242, "phase": "100 BPM STRIKE MOVING OUT", "status": "HYBRID first detected depth 9\u00b0: 100 BPM swing + hi-hat; 4\u00b0 minimum rebound before partial-return releases"}
[python3-5] {"event": "HIT", "time_since_start": 45.67, "event_monotonic": 573534.384965658, "score": 0.998754, "normality_score": 64.0, "notification_monotonic": 573534.944818851}
[python3-3] ST7 HIT NOT SELECTED: {"reason": "no active released search (swing hits are informational)", "phase": "100 BPM STRIKE MOVING OUT", "onset": 573534.384965658, "detected_at": 573534.944928572, "release": 573527.731539607, "returned": 573528.133517165}
[python3-3] VERIFICATION PHASE: {"t": 573535.038104692, "phase": "100 BPM STRIKE RETURNING", "status": "HYBRID first detected depth 9\u00b0: 100 BPM swing + hi-hat; 4\u00b0 minimum rebound before partial-return releases"}
[python3-3] HYBRID swing 17 (beat 3): target 9°; arrival error +33.6 ms; partial returns 11
[python3-6] {"event": "HIT", "instrument": "hihat", "label": "hihat_close", "time_since_start": 45.81, "event_monotonic": 573534.493063048, "score": 0.997983, "normality_score": 87.6, "notification_monotonic": 573535.24522309}
[python3-3] HI-HAT SOUND (visual only) #5: score=0.998; normality=87.6
[python3-5] {"event": "HIT", "time_since_start": 45.99, "event_monotonic": 573534.705017363, "score": 0.764936, "normality_score": 69.6, "notification_monotonic": 573535.276882086}
[python3-3] ST7 HIT NOT SELECTED: {"reason": "no active released search (swing hits are informational)", "phase": "100 BPM STRIKE RETURNING", "onset": 573534.705017363, "detected_at": 573535.277041202, "release": 573527.731539607, "returned": 573528.133517165}
[python3-3] J7 STRIKE LOW strike 17 [beat 3, hybrid]: 9.28 deg down from anchor; lowest J7 encoder: 23.95 deg; commanded: 9 deg
[python3-3] VERIFICATION PHASE: {"t": 573535.361516947, "phase": "100 BPM STRIKE WAITING", "status": "HYBRID first detected depth 9\u00b0: 100 BPM swing + hi-hat; 4\u00b0 minimum rebound before partial-return releases"}
[python3-3] VERIFICATION PHASE: {"t": 573535.505194097, "phase": "100 BPM STRIKE MOVING OUT", "status": "HYBRID first detected depth 9\u00b0: 100 BPM swing + hi-hat; 4\u00b0 minimum rebound before partial-return releases"}
[python3-3] HIHAT SYNC: {"kind": "match", "at": 573535.50567884, "index": 9, "target": 573534.409599016, "ride_onset": 573534.384965658, "hihat_onset": 573534.493063048, "error": 0.10809739003889263, "commanded": 573534.402669432, "advance_used": 0.01, "actual_advance": 0.006929583963938057, "estimate": 0.11502697400283068, "advance_before": 0.02, "advance": 0.03}
[python3-3] VERIFICATION PHASE: {"t": 573535.605684231, "phase": "100 BPM STRIKE RETURNING", "status": "HYBRID first detected depth 9\u00b0: 100 BPM swing + hi-hat; 4\u00b0 minimum rebound before partial-return releases"}
[python3-3] HYBRID swing 18 (beat 4): target 9°; arrival error +7.6 ms; partial returns 11
[python3-5] {"event": "HIT", "time_since_start": 46.33, "event_monotonic": 573535.0450672039, "score": 0.991578, "normality_score": 87.6, "notification_monotonic": 573535.819570503}
[python3-3] ST7 HIT NOT SELECTED: {"reason": "no active released search (swing hits are informational)", "phase": "100 BPM STRIKE RETURNING", "onset": 573535.0450672039, "detected_at": 573535.81969369, "release": 573527.731539607, "returned": 573528.133517165}
[python3-3] J7 STRIKE LOW strike 18 [beat 4, hybrid]: 9.23 deg down from anchor; lowest J7 encoder: 23.99 deg; commanded: 9 deg
[python3-3] VERIFICATION PHASE: {"t": 573535.933315221, "phase": "100 BPM STRIKE MOVING OUT", "status": "HYBRID first detected depth 9\u00b0: 100 BPM swing + hi-hat; 4\u00b0 minimum rebound before partial-return releases"}
[python3-3] VERIFICATION PHASE: {"t": 573536.034286071, "phase": "100 BPM STRIKE RETURNING", "status": "HYBRID first detected depth 9\u00b0: 100 BPM swing + hi-hat; 4\u00b0 minimum rebound before partial-return releases"}
[python3-3] HYBRID swing 19 (extra after beat 4): target 9°; arrival error +17.5 ms; partial returns 12
[python3-3] J7 STRIKE LOW strike 19 [extra after beat 4, hybrid]: 9.25 deg down from anchor; lowest J7 encoder: 23.97 deg; commanded: 9 deg
[python3-5] {"event": "HIT", "time_since_start": 46.88, "event_monotonic": 573535.595093495, "score": 0.998001, "normality_score": 67.7, "notification_monotonic": 573536.127964337}
[python3-3] ST7 HIT NOT SELECTED: {"reason": "no active released search (swing hits are informational)", "phase": "100 BPM STRIKE MOVING OUT", "onset": 573535.595093495, "detected_at": 573536.128096612, "release": 573527.731539607, "returned": 573528.133517165}
[python3-3] VERIFICATION PHASE: {"t": 573536.138058215, "phase": "100 BPM STRIKE MOVING OUT", "status": "HYBRID first detected depth 9\u00b0: 100 BPM swing + hi-hat; 4\u00b0 minimum rebound before partial-return releases"}
[python3-3] VERIFICATION PHASE: {"t": 573536.247692378, "phase": "100 BPM STRIKE RETURNING", "status": "HYBRID first detected depth 9\u00b0: 100 BPM swing + hi-hat; 4\u00b0 minimum rebound before partial-return releases"}
[python3-3] HYBRID swing 20 (beat 1): target 9°; arrival error +37.6 ms; partial returns 13
[python3-6] {"event": "HIT", "instrument": "hihat", "label": "hihat_close", "time_since_start": 47.01, "event_monotonic": 573535.6930934781, "score": 0.998597, "normality_score": 86.7, "notification_monotonic": 573536.418147304}
[python3-3] HI-HAT SOUND (visual only) #6: score=0.999; normality=86.7
[python3-5] {"event": "HIT", "time_since_start": 47.17, "event_monotonic": 573535.885099984, "score": 0.926814, "normality_score": 78.6, "notification_monotonic": 573536.454452587}
[python3-3] ST7 HIT NOT SELECTED: {"reason": "no active released search (swing hits are informational)", "phase": "100 BPM STRIKE RETURNING", "onset": 573535.885099984, "detected_at": 573536.45475546, "release": 573527.731539607, "returned": 573528.133517165}
[python3-3] J7 STRIKE LOW strike 20 [beat 1, hybrid]: 9.28 deg down from anchor; lowest J7 encoder: 23.95 deg; commanded: 9 deg
[python3-3] VERIFICATION PHASE: {"t": 573536.534716231, "phase": "100 BPM STRIKE WAITING", "status": "HYBRID first detected depth 9\u00b0: 100 BPM swing + hi-hat; 4\u00b0 minimum rebound before partial-return releases"}
[python3-3] VERIFICATION PHASE: {"t": 573536.702210054, "phase": "100 BPM STRIKE MOVING OUT", "status": "HYBRID first detected depth 9\u00b0: 100 BPM swing + hi-hat; 4\u00b0 minimum rebound before partial-return releases"}
[python3-5] {"event": "HIT", "time_since_start": 47.32, "event_monotonic": 573536.035121449, "score": 0.996693, "normality_score": 77.6, "notification_monotonic": 573536.768686358}
[python3-3] ST7 HIT NOT SELECTED: {"reason": "no active released search (swing hits are informational)", "phase": "100 BPM STRIKE MOVING OUT", "onset": 573536.035121449, "detected_at": 573536.768800758, "release": 573527.731539607, "returned": 573528.133517165}
[python3-3] HIHAT SYNC: {"kind": "match", "at": 573536.773703199, "index": 11, "target": 573535.6095990159, "ride_onset": 573535.595093495, "hihat_onset": 573535.6930934781, "error": 0.09799998311791569, "commanded": 573535.605899616, "advance_used": 0.02, "actual_advance": 0.0036993998801335692, "estimate": 0.10169938299804926, "advance_before": 0.03, "advance": 0.04}
[python3-3] VERIFICATION PHASE: {"t": 573536.805302931, "phase": "100 BPM STRIKE RETURNING", "status": "HYBRID first detected depth 9\u00b0: 100 BPM swing + hi-hat; 4\u00b0 minimum rebound before partial-return releases"}
[python3-3] HYBRID swing 21 (beat 2): target 9°; arrival error +11.5 ms; partial returns 13
[python3-5] {"event": "HIT", "time_since_start": 47.54, "event_monotonic": 573536.255145303, "score": 0.990953, "normality_score": 79.9, "notification_monotonic": 573536.985427297}
[python3-3] ST7 HIT NOT SELECTED: {"reason": "no active released search (swing hits are informational)", "phase": "100 BPM STRIKE RETURNING", "onset": 573536.255145303, "detected_at": 573536.985539012, "release": 573527.731539607, "returned": 573528.133517165}
[python3-3] J7 STRIKE LOW strike 21 [beat 2, hybrid]: 9.25 deg down from anchor; lowest J7 encoder: 23.97 deg; commanded: 9 deg
[python3-3] VERIFICATION PHASE: {"t": 573537.129702097, "phase": "100 BPM STRIKE MOVING OUT", "status": "HYBRID first detected depth 9\u00b0: 100 BPM swing + hi-hat; 4\u00b0 minimum rebound before partial-return releases"}
[python3-3] VERIFICATION PHASE: {"t": 573537.200188243, "phase": "100 BPM STRIKE RETURNING", "status": "HYBRID first detected depth 9\u00b0: 100 BPM swing + hi-hat; 4\u00b0 minimum rebound before partial-return releases"}
[python3-3] HYBRID swing 22 (extra after beat 2): target 9°; arrival error +17.5 ms; partial returns 14
[python3-5] {"event": "HIT", "time_since_start": 48.09, "event_monotonic": 573536.8051274229, "score": 0.999425, "normality_score": 67.4, "notification_monotonic": 573537.299253082}
[python3-3] ST7 HIT NOT SELECTED: {"reason": "no active released search (swing hits are informational)", "phase": "100 BPM STRIKE RETURNING", "onset": 573536.8051274229, "detected_at": 573537.299857657, "release": 573527.731539607, "returned": 573528.133517165}
[python3-3] J7 STRIKE LOW strike 22 [extra after beat 2, hybrid]: 9.25 deg down from anchor; lowest J7 encoder: 23.97 deg; commanded: 9 deg
[python3-3] VERIFICATION PHASE: {"t": 573537.339557076, "phase": "100 BPM STRIKE MOVING OUT", "status": "HYBRID first detected depth 9\u00b0: 100 BPM swing + hi-hat; 4\u00b0 minimum rebound before partial-return releases"}
[python3-3] VERIFICATION PHASE: {"t": 573537.452361614, "phase": "100 BPM STRIKE RETURNING", "status": "HYBRID first detected depth 9\u00b0: 100 BPM swing + hi-hat; 4\u00b0 minimum rebound before partial-return releases"}
[python3-3] HYBRID swing 23 (beat 3): target 9°; arrival error +39.5 ms; partial returns 15
[python3-6] {"event": "HIT", "instrument": "hihat", "label": "hihat_close", "time_since_start": 48.18, "event_monotonic": 573536.863196648, "score": 0.997726, "normality_score": 82.4, "notification_monotonic": 573537.584278517}
[python3-3] HI-HAT SOUND (visual only) #7: score=0.998; normality=82.4
[python3-5] {"event": "HIT", "time_since_start": 48.35, "event_monotonic": 573537.065195589, "score": 0.984386, "normality_score": 72.4, "notification_monotonic": 573537.628370004}
[python3-3] ST7 HIT NOT SELECTED: {"reason": "no active released search (swing hits are informational)", "phase": "100 BPM STRIKE RETURNING", "onset": 573537.065195589, "detected_at": 573537.628483552, "release": 573527.731539607, "returned": 573528.133517165}
[python3-3] J7 STRIKE LOW strike 23 [beat 3, hybrid]: 9.30 deg down from anchor; lowest J7 encoder: 23.92 deg; commanded: 9 deg
[python3-3] VERIFICATION PHASE: {"t": 573537.743211975, "phase": "100 BPM STRIKE WAITING", "status": "HYBRID first detected depth 9\u00b0: 100 BPM swing + hi-hat; 4\u00b0 minimum rebound before partial-return releases"}
[python3-3] VERIFICATION PHASE: {"t": 573537.909549572, "phase": "100 BPM STRIKE MOVING OUT", "status": "HYBRID first detected depth 9\u00b0: 100 BPM swing + hi-hat; 4\u00b0 minimum rebound before partial-return releases"}
[python3-5] {"event": "HIT", "time_since_start": 48.52, "event_monotonic": 573537.235201726, "score": 0.997044, "normality_score": 82.5, "notification_monotonic": 573537.937436735}
[python3-3] ST7 HIT NOT SELECTED: {"reason": "no active released search (swing hits are informational)", "phase": "100 BPM STRIKE MOVING OUT", "onset": 573537.235201726, "detected_at": 573537.937544713, "release": 573527.731539607, "returned": 573528.133517165}
[python3-3] HIHAT SYNC: {"kind": "match", "at": 573537.943062288, "index": 13, "target": 573536.809599016, "ride_onset": 573536.8051274229, "hihat_onset": 573536.863196648, "error": 0.0580692250514403, "commanded": 573536.784636593, "advance_used": 0.03, "actual_advance": 0.02496242302004248, "estimate": 0.08303164807148278, "advance_before": 0.04, "advance": 0.05}
[python3-3] VERIFICATION PHASE: {"t": 573538.006780681, "phase": "100 BPM STRIKE RETURNING", "status": "HYBRID first detected depth 9\u00b0: 100 BPM swing + hi-hat; 4\u00b0 minimum rebound before partial-return releases"}
[python3-3] HYBRID swing 24 (beat 4): target 9°; arrival error +1.6 ms; partial returns 15
[python3-5] {"event": "HIT", "time_since_start": 48.74, "event_monotonic": 573537.45522177, "score": 0.964148, "normality_score": 79.7, "notification_monotonic": 573538.263598586}
[python3-3] ST7 HIT NOT SELECTED: {"reason": "no active released search (swing hits are informational)", "phase": "100 BPM STRIKE RETURNING", "onset": 573537.45522177, "detected_at": 573538.263868626, "release": 573527.731539607, "returned": 573528.133517165}
[python3-3] J7 STRIKE LOW strike 24 [beat 4, hybrid]: 9.25 deg down from anchor; lowest J7 encoder: 23.97 deg; commanded: 9 deg
[python3-3] VERIFICATION PHASE: {"t": 573538.300827878, "phase": "100 BPM STRIKE MOVING OUT", "status": "HYBRID first detected depth 9\u00b0: 100 BPM swing + hi-hat; 4\u00b0 minimum rebound before partial-return releases"}
[python3-3] VERIFICATION PHASE: {"t": 573538.402290926, "phase": "100 BPM STRIKE RETURNING", "status": "HYBRID first detected depth 9\u00b0: 100 BPM swing + hi-hat; 4\u00b0 minimum rebound before partial-return releases"}
[python3-3] HYBRID swing 25 (extra after beat 4): target 9°; arrival error +11.9 ms; partial returns 16
[python3-5] {"event": "HIT", "time_since_start": 49.15, "event_monotonic": 573537.8651351109, "score": 0.983412, "normality_score": 0.0, "notification_monotonic": 573538.479960425}
[python3-3] ST7 HIT NOT SELECTED: {"reason": "no active released search (swing hits are informational)", "phase": "100 BPM STRIKE RETURNING", "onset": 573537.8651351109, "detected_at": 573538.480076859, "release": 573527.731539607, "returned": 573528.133517165}
[python3-3] J7 STRIKE LOW strike 25 [extra after beat 4, hybrid]: 9.25 deg down from anchor; lowest J7 encoder: 23.97 deg; commanded: 9 deg
[python3-3] VERIFICATION PHASE: {"t": 573538.550900915, "phase": "100 BPM STRIKE MOVING OUT", "status": "HYBRID first detected depth 9\u00b0: 100 BPM swing + hi-hat; 4\u00b0 minimum rebound before partial-return releases"}
[python3-3] HYBRID swing 26 (beat 1): target 9°; arrival error +31.9 ms; partial returns 17
[python3-3] VERIFICATION PHASE: {"t": 573538.660620162, "phase": "100 BPM STRIKE RETURNING", "status": "HYBRID first detected depth 9\u00b0: 100 BPM swing + hi-hat; 4\u00b0 minimum rebound before partial-return releases"}
[python3-6] {"event": "HIT", "instrument": "hihat", "label": "hihat_close", "time_since_start": 49.38, "event_monotonic": 573538.0632552151, "score": 0.998751, "normality_score": 89.7, "notification_monotonic": 573538.745978938}
[python3-3] HI-HAT SOUND (visual only) #8: score=0.999; normality=89.7
[python3-5] {"event": "HIT", "time_since_start": 49.55, "event_monotonic": 573538.265346233, "score": 0.994884, "normality_score": 77.7, "notification_monotonic": 573538.795158583}
[python3-3] ST7 HIT NOT SELECTED: {"reason": "no active released search (swing hits are informational)", "phase": "100 BPM STRIKE RETURNING", "onset": 573538.265346233, "detected_at": 573538.795277262, "release": 573527.731539607, "returned": 573528.133517165}
[python3-3] J7 STRIKE LOW strike 26 [beat 1, hybrid]: 9.25 deg down from anchor; lowest J7 encoder: 23.97 deg; commanded: 9 deg
[python3-3] VERIFICATION PHASE: {"t": 573538.933557138, "phase": "100 BPM STRIKE WAITING", "status": "HYBRID first detected depth 9\u00b0: 100 BPM swing + hi-hat; 4\u00b0 minimum rebound before partial-return releases"}
[python3-3] VERIFICATION PHASE: {"t": 573539.138550374, "phase": "100 BPM STRIKE MOVING OUT", "status": "HYBRID first detected depth 9\u00b0: 100 BPM swing + hi-hat; 4\u00b0 minimum rebound before partial-return releases"}
[python3-3] HIHAT SYNC: {"kind": "skip", "index": 15, "target": 573538.0095990159, "at": 573539.138847546, "reason": "ambiguous/missing: ride=0, hihat=1, neighbor_ride=1"}
[python3-3] VERIFICATION PHASE: {"t": 573539.204340717, "phase": "100 BPM STRIKE RETURNING", "status": "HYBRID first detected depth 9\u00b0: 100 BPM swing + hi-hat; 4\u00b0 minimum rebound before partial-return releases"}
[python3-3] HYBRID swing 27 (beat 2): target 9°; arrival error +7.9 ms; partial returns 17
[python3-5] {"event": "HIT", "time_since_start": 49.93, "event_monotonic": 573538.6452539549, "score": 0.998367, "normality_score": 78.6, "notification_monotonic": 573539.437239992}
[python3-3] ST7 HIT NOT SELECTED: {"reason": "no active released search (swing hits are informational)", "phase": "100 BPM STRIKE RETURNING", "onset": 573538.6452539549, "detected_at": 573539.437364432, "release": 573527.731539607, "returned": 573528.133517165}
[python3-3] J7 STRIKE LOW strike 27 [beat 2, hybrid]: 9.25 deg down from anchor; lowest J7 encoder: 23.97 deg; commanded: 9 deg
[python3-3] VERIFICATION PHASE: {"t": 573539.52691534, "phase": "100 BPM STRIKE MOVING OUT", "status": "HYBRID first detected depth 9\u00b0: 100 BPM swing + hi-hat; 4\u00b0 minimum rebound before partial-return releases"}
[python3-3] VERIFICATION PHASE: {"t": 573539.597380035, "phase": "100 BPM STRIKE RETURNING", "status": "HYBRID first detected depth 9\u00b0: 100 BPM swing + hi-hat; 4\u00b0 minimum rebound before partial-return releases"}
[python3-3] HYBRID swing 28 (extra after beat 2): target 9°; arrival error +12.1 ms; partial returns 18
[python3-3] J7 STRIKE LOW strike 28 [extra after beat 2, hybrid]: 9.25 deg down from anchor; lowest J7 encoder: 23.97 deg; commanded: 9 deg
[python3-3] VERIFICATION PHASE: {"t": 573539.740455015, "phase": "100 BPM STRIKE MOVING OUT", "status": "HYBRID first detected depth 9\u00b0: 100 BPM swing + hi-hat; 4\u00b0 minimum rebound before partial-return releases"}
[python3-5] {"event": "HIT", "time_since_start": 50.34, "event_monotonic": 573539.0552756719, "score": 0.990773, "normality_score": 0.3, "notification_monotonic": 573539.758353833}
[python3-3] ST7 HIT NOT SELECTED: {"reason": "no active released search (swing hits are informational)", "phase": "100 BPM STRIKE MOVING OUT", "onset": 573539.0552756719, "detected_at": 573539.75847179, "release": 573527.731539607, "returned": 573528.133517165}
[python3-3] VERIFICATION PHASE: {"t": 573539.84067028, "phase": "100 BPM STRIKE RETURNING", "status": "HYBRID first detected depth 9\u00b0: 100 BPM swing + hi-hat; 4\u00b0 minimum rebound before partial-return releases"}
[python3-3] HYBRID swing 29 (beat 3): target 9°; arrival error +34.1 ms; partial returns 19
[python3-6] {"event": "HIT", "instrument": "hihat", "label": "hihat_close", "time_since_start": 50.57, "event_monotonic": 573539.253250357, "score": 0.999023, "normality_score": 86.0, "notification_monotonic": 573540.039300202}
[python3-3] HI-HAT SOUND (visual only) #9: score=0.999; normality=86.0
[python3-5] {"event": "HIT", "time_since_start": 50.72, "event_monotonic": 573539.435290105, "score": 0.999369, "normality_score": 66.6, "notification_monotonic": 573540.082458352}
[python3-3] ST7 HIT NOT SELECTED: {"reason": "no active released search (swing hits are informational)", "phase": "100 BPM STRIKE RETURNING", "onset": 573539.435290105, "detected_at": 573540.082617258, "release": 573527.731539607, "returned": 573528.133517165}
[python3-3] J7 STRIKE LOW strike 29 [beat 3, hybrid]: 9.28 deg down from anchor; lowest J7 encoder: 23.95 deg; commanded: 9 deg
[python3-3] VERIFICATION PHASE: {"t": 573540.154084883, "phase": "100 BPM STRIKE WAITING", "status": "HYBRID first detected depth 9\u00b0: 100 BPM swing + hi-hat; 4\u00b0 minimum rebound before partial-return releases"}
[python3-3] VERIFICATION PHASE: {"t": 573540.299497164, "phase": "100 BPM STRIKE MOVING OUT", "status": "HYBRID first detected depth 9\u00b0: 100 BPM swing + hi-hat; 4\u00b0 minimum rebound before partial-return releases"}
[python3-3] HIHAT SYNC: {"kind": "skip", "index": 17, "target": 573539.2095990159, "at": 573540.299730263, "reason": "ambiguous/missing: ride=0, hihat=1, neighbor_ride=1"}
[python3-3] VERIFICATION PHASE: {"t": 573540.398701874, "phase": "100 BPM STRIKE RETURNING", "status": "HYBRID first detected depth 9\u00b0: 100 BPM swing + hi-hat; 4\u00b0 minimum rebound before partial-return releases"}
[python3-3] HYBRID swing 30 (beat 4): target 9°; arrival error +6.3 ms; partial returns 19
[python3-5] {"event": "HIT", "time_since_start": 51.13, "event_monotonic": 573539.8453354149, "score": 0.999633, "normality_score": 86.9, "notification_monotonic": 573540.601472279}
[python3-3] ST7 HIT NOT SELECTED: {"reason": "no active released search (swing hits are informational)", "phase": "100 BPM STRIKE RETURNING", "onset": 573539.8453354149, "detected_at": 573540.60158669, "release": 573527.731539607, "returned": 573528.133517165}
[python3-3] J7 STRIKE LOW strike 30 [beat 4, hybrid]: 9.25 deg down from anchor; lowest J7 encoder: 23.97 deg; commanded: 9 deg
[python3-3] VERIFICATION PHASE: {"t": 573540.700957479, "phase": "100 BPM STRIKE MOVING OUT", "status": "HYBRID first detected depth 9\u00b0: 100 BPM swing + hi-hat; 4\u00b0 minimum rebound before partial-return releases"}
[python3-3] VERIFICATION PHASE: {"t": 573540.83343452, "phase": "100 BPM STRIKE RETURNING", "status": "HYBRID first detected depth 9\u00b0: 100 BPM swing + hi-hat; 4\u00b0 minimum rebound before partial-return releases"}
[python3-3] HYBRID swing 31 (extra after beat 4): target 9°; arrival error +10.5 ms; partial returns 20
[python3-3] J7 STRIKE LOW strike 31 [extra after beat 4, hybrid]: 9.25 deg down from anchor; lowest J7 encoder: 23.97 deg; commanded: 9 deg
[python3-5] {"event": "HIT", "time_since_start": 51.57, "event_monotonic": 573540.2853680131, "score": 0.706409, "normality_score": 65.5, "notification_monotonic": 573540.925860766}
[python3-3] ST7 HIT NOT SELECTED: {"reason": "no active released search (swing hits are informational)", "phase": "100 BPM STRIKE MOVING OUT", "onset": 573540.2853680131, "detected_at": 573540.925980907, "release": 573527.731539607, "returned": 573528.133517165}
[python3-3] VERIFICATION PHASE: {"t": 573540.936962755, "phase": "100 BPM STRIKE MOVING OUT", "status": "HYBRID first detected depth 9\u00b0: 100 BPM swing + hi-hat; 4\u00b0 minimum rebound before partial-return releases"}
[python3-3] VERIFICATION PHASE: {"t": 573541.03945257, "phase": "100 BPM STRIKE RETURNING", "status": "HYBRID first detected depth 9\u00b0: 100 BPM swing + hi-hat; 4\u00b0 minimum rebound before partial-return releases"}
[python3-3] HYBRID swing 32 (beat 1): target 9°; arrival error +30.4 ms; partial returns 21
[python3-6] {"event": "HIT", "instrument": "hihat", "label": "hihat_close", "time_since_start": 51.76, "event_monotonic": 573540.443386101, "score": 0.998146, "normality_score": 87.5, "notification_monotonic": 573541.217748716}
[python3-3] HI-HAT SOUND (visual only) #10: score=0.998; normality=87.5
[python3-5] {"event": "HIT", "time_since_start": 51.92, "event_monotonic": 573540.6354158621, "score": 0.996943, "normality_score": 69.0, "notification_monotonic": 573541.249520429}
[python3-3] ST7 HIT NOT SELECTED: {"reason": "no active released search (swing hits are informational)", "phase": "100 BPM STRIKE RETURNING", "onset": 573540.6354158621, "detected_at": 573541.249678634, "release": 573527.731539607, "returned": 573528.133517165}
[python3-3] J7 STRIKE LOW strike 32 [beat 1, hybrid]: 9.30 deg down from anchor; lowest J7 encoder: 23.92 deg; commanded: 9 deg
[python3-3] VERIFICATION PHASE: {"t": 573541.348023437, "phase": "100 BPM STRIKE WAITING", "status": "HYBRID first detected depth 9\u00b0: 100 BPM swing + hi-hat; 4\u00b0 minimum rebound before partial-return releases"}
[python3-3] VERIFICATION PHASE: {"t": 573541.506852344, "phase": "100 BPM STRIKE MOVING OUT", "status": "HYBRID first detected depth 9\u00b0: 100 BPM swing + hi-hat; 4\u00b0 minimum rebound before partial-return releases"}
[python3-5] {"event": "HIT", "time_since_start": 52.11, "event_monotonic": 573540.8253806181, "score": 0.995546, "normality_score": 75.3, "notification_monotonic": 573541.569473214}
[python3-5] {"event": "HIT", "time_since_start": 52.26, "event_monotonic": 573540.9753806181, "score": 0.996722, "normality_score": 79.8, "notification_monotonic": 573541.570498167}
[python3-3] ST7 HIT NOT SELECTED: {"reason": "no active released search (swing hits are informational)", "phase": "100 BPM STRIKE MOVING OUT", "onset": 573540.8253806181, "detected_at": 573541.569609677, "release": 573527.731539607, "returned": 573528.133517165}
[python3-3] ST7 HIT NOT SELECTED: {"reason": "no active released search (swing hits are informational)", "phase": "100 BPM STRIKE MOVING OUT", "onset": 573540.9753806181, "detected_at": 573541.570555438, "release": 573527.731539607, "returned": 573528.133517165}
[python3-3] HIHAT SYNC: {"kind": "match", "at": 573541.57946779, "index": 19, "target": 573540.409599016, "ride_onset": 573540.2853680131, "hihat_onset": 573540.443386101, "error": 0.15801808796823025, "commanded": 573540.361946313, "advance_used": 0.05, "actual_advance": 0.04765270301140845, "estimate": 0.2056707909796387, "advance_before": 0.05, "advance": 0.05}
[python3-3] VERIFICATION PHASE: {"t": 573541.605365361, "phase": "100 BPM STRIKE RETURNING", "status": "HYBRID first detected depth 9\u00b0: 100 BPM swing + hi-hat; 4\u00b0 minimum rebound before partial-return releases"}
[python3-3] HYBRID swing 33 (beat 2): target 9°; arrival error +4.4 ms; partial returns 21
[python3-3] J7 STRIKE LOW strike 33 [beat 2, hybrid]: 9.23 deg down from anchor; lowest J7 encoder: 23.99 deg; commanded: 9 deg
[python3-3] VERIFICATION PHASE: {"t": 573541.92602091, "phase": "100 BPM STRIKE MOVING OUT", "status": "HYBRID first detected depth 9\u00b0: 100 BPM swing + hi-hat; 4\u00b0 minimum rebound before partial-return releases"}
[python3-3] VERIFICATION PHASE: {"t": 573541.998491156, "phase": "100 BPM STRIKE RETURNING", "status": "HYBRID first detected depth 9\u00b0: 100 BPM swing + hi-hat; 4\u00b0 minimum rebound before partial-return releases"}
[python3-3] HYBRID swing 34 (extra after beat 2): target 9°; arrival error +16.4 ms; partial returns 22
[python3-5] {"event": "HIT", "time_since_start": 52.73, "event_monotonic": 573541.4454672281, "score": 0.995949, "normality_score": 0.1, "notification_monotonic": 573542.101730595}
[python3-3] ST7 HIT NOT SELECTED: {"reason": "no active released search (swing hits are informational)", "phase": "100 BPM STRIKE RETURNING", "onset": 573541.4454672281, "detected_at": 573542.101968022, "release": 573527.731539607, "returned": 573528.133517165}
[python3-3] J7 STRIKE LOW strike 34 [extra after beat 2, hybrid]: 9.25 deg down from anchor; lowest J7 encoder: 23.97 deg; commanded: 9 deg
[python3-3] VERIFICATION PHASE: {"t": 573542.13917418, "phase": "100 BPM STRIKE MOVING OUT", "status": "HYBRID first detected depth 9\u00b0: 100 BPM swing + hi-hat; 4\u00b0 minimum rebound before partial-return releases"}
[python3-3] VERIFICATION PHASE: {"t": 573542.241995984, "phase": "100 BPM STRIKE RETURNING", "status": "HYBRID first detected depth 9\u00b0: 100 BPM swing + hi-hat; 4\u00b0 minimum rebound before partial-return releases"}
[python3-3] HYBRID swing 35 (beat 3): target 9°; arrival error +39.4 ms; partial returns 23
[python3-6] {"event": "HIT", "instrument": "hihat", "label": "hihat_close", "time_since_start": 52.98, "event_monotonic": 573541.66347203, "score": 0.998798, "normality_score": 86.8, "notification_monotonic": 573542.384790785}
[python3-5] {"event": "HIT", "time_since_start": 53.11, "event_monotonic": 573541.825475099, "score": 0.844346, "normality_score": 73.5, "notification_monotonic": 573542.411538874}
[python3-3] ST7 HIT NOT SELECTED: {"reason": "no active released search (swing hits are informational)", "phase": "100 BPM STRIKE RETURNING", "onset": 573541.825475099, "detected_at": 573542.411679134, "release": 573527.731539607, "returned": 573528.133517165}
[python3-3] HI-HAT SOUND (visual only) #11: score=0.999; normality=86.8
[python3-3] J7 STRIKE LOW strike 35 [beat 3, hybrid]: 9.25 deg down from anchor; lowest J7 encoder: 23.97 deg; commanded: 9 deg
[python3-3] VERIFICATION PHASE: {"t": 573542.562160457, "phase": "100 BPM STRIKE WAITING", "status": "HYBRID first detected depth 9\u00b0: 100 BPM swing + hi-hat; 4\u00b0 minimum rebound before partial-return releases"}
[python3-3] VERIFICATION PHASE: {"t": 573542.703095145, "phase": "100 BPM STRIKE MOVING OUT", "status": "HYBRID first detected depth 9\u00b0: 100 BPM swing + hi-hat; 4\u00b0 minimum rebound before partial-return releases"}
[python3-5] {"event": "HIT", "time_since_start": 53.32, "event_monotonic": 573542.0355323959, "score": 0.97456, "normality_score": 76.6, "notification_monotonic": 573542.735611723}
[python3-3] ST7 HIT NOT SELECTED: {"reason": "no active released search (swing hits are informational)", "phase": "100 BPM STRIKE MOVING OUT", "onset": 573542.0355323959, "detected_at": 573542.735735151, "release": 573527.731539607, "returned": 573528.133517165}
[python3-3] HIHAT SYNC: {"kind": "skip", "index": 21, "target": 573541.6095990159, "at": 573542.739045055, "reason": "ambiguous/missing: ride=0, hihat=1, neighbor_ride=2"}
[python3-3] VERIFICATION PHASE: {"t": 573542.804601687, "phase": "100 BPM STRIKE RETURNING", "status": "HYBRID first detected depth 9\u00b0: 100 BPM swing + hi-hat; 4\u00b0 minimum rebound before partial-return releases"}
[python3-3] HYBRID swing 36 (beat 4): target 9°; arrival error -2.6 ms; partial returns 23
[python3-5] {"event": "HIT", "time_since_start": 53.54, "event_monotonic": 573542.2555246861, "score": 0.998131, "normality_score": 86.4, "notification_monotonic": 573543.066606572}
[python3-3] ST7 HIT NOT SELECTED: {"reason": "no active released search (swing hits are informational)", "phase": "100 BPM STRIKE RETURNING", "onset": 573542.2555246861, "detected_at": 573543.066736211, "release": 573527.731539607, "returned": 573528.133517165}
[python3-3] J7 STRIKE LOW strike 36 [beat 4, hybrid]: 9.23 deg down from anchor; lowest J7 encoder: 23.99 deg; commanded: 9 deg
[python3-3] VERIFICATION PHASE: {"t": 573543.1223778, "phase": "100 BPM STRIKE MOVING OUT", "status": "HYBRID first detected depth 9\u00b0: 100 BPM swing + hi-hat; 4\u00b0 minimum rebound before partial-return releases"}
[python3-3] VERIFICATION PHASE: {"t": 573543.231251279, "phase": "100 BPM STRIKE RETURNING", "status": "HYBRID first detected depth 9\u00b0: 100 BPM swing + hi-hat; 4\u00b0 minimum rebound before partial-return releases"}
[python3-3] HYBRID swing 37 (extra after beat 4): target 9°; arrival error +15.4 ms; partial returns 24
[python3-5] {"event": "HIT", "time_since_start": 54.0, "event_monotonic": 573542.7154165049, "score": 0.962915, "normality_score": 62.8, "notification_monotonic": 573543.275236952}
[python3-3] ST7 HIT NOT SELECTED: {"reason": "no active released search (swing hits are informational)", "phase": "100 BPM STRIKE RETURNING", "onset": 573542.7154165049, "detected_at": 573543.275350401, "release": 573527.731539607, "returned": 573528.133517165}
[python3-3] J7 STRIKE LOW strike 37 [extra after beat 4, hybrid]: 9.28 deg down from anchor; lowest J7 encoder: 23.95 deg; commanded: 9 deg
[python3-3] VERIFICATION PHASE: {"t": 573543.333865654, "phase": "100 BPM STRIKE MOVING OUT", "status": "HYBRID first detected depth 9\u00b0: 100 BPM swing + hi-hat; 4\u00b0 minimum rebound before partial-return releases"}
[python3-3] VERIFICATION PHASE: {"t": 573543.44312754, "phase": "100 BPM STRIKE RETURNING", "status": "HYBRID first detected depth 9\u00b0: 100 BPM swing + hi-hat; 4\u00b0 minimum rebound before partial-return releases"}
[python3-3] HYBRID swing 38 (beat 1): target 9°; arrival error +35.6 ms; partial returns 25
[python3-6] {"event": "HIT", "instrument": "hihat", "label": "hihat_close", "time_since_start": 54.17, "event_monotonic": 573542.85347411, "score": 0.998577, "normality_score": 87.1, "notification_monotonic": 573543.551608723}
[python3-3] HI-HAT SOUND (visual only) #12: score=0.999; normality=87.1
[python3-3] J7 STRIKE LOW strike 38 [beat 1, hybrid]: 9.30 deg down from anchor; lowest J7 encoder: 23.92 deg; commanded: 9 deg
[python3-3] VERIFICATION PHASE: {"t": 573543.760211851, "phase": "100 BPM STRIKE WAITING", "status": "HYBRID first detected depth 9\u00b0: 100 BPM swing + hi-hat; 4\u00b0 minimum rebound before partial-return releases"}
[python3-3] VERIFICATION PHASE: {"t": 573543.907812066, "phase": "100 BPM STRIKE MOVING OUT", "status": "HYBRID first detected depth 9\u00b0: 100 BPM swing + hi-hat; 4\u00b0 minimum rebound before partial-return releases"}
[python3-5] {"event": "HIT", "time_since_start": 54.52, "event_monotonic": 573543.23551592, "score": 0.995841, "normality_score": 76.0, "notification_monotonic": 573543.918557498}
[python3-3] ST7 HIT NOT SELECTED: {"reason": "no active released search (swing hits are informational)", "phase": "100 BPM STRIKE MOVING OUT", "onset": 573543.23551592, "detected_at": 573543.91869332, "release": 573527.731539607, "returned": 573528.133517165}
[python3-3] HIHAT SYNC: {"kind": "match", "at": 573543.943552822, "index": 23, "target": 573542.809599016, "ride_onset": 573542.7154165049, "hihat_onset": 573542.85347411, "error": 0.13805760513059795, "commanded": 573542.771706721, "advance_used": 0.05, "actual_advance": 0.03789229493122548, "estimate": 0.17594990006182343, "advance_before": 0.05, "advance": 0.05}
[python3-3] VERIFICATION PHASE: {"t": 573544.002835463, "phase": "100 BPM STRIKE RETURNING", "status": "HYBRID first detected depth 9\u00b0: 100 BPM swing + hi-hat; 4\u00b0 minimum rebound before partial-return releases"}
[python3-3] HYBRID swing 39 (beat 2): target 9°; arrival error +11.4 ms; partial returns 25
[python3-5] {"event": "HIT", "time_since_start": 54.73, "event_monotonic": 573543.4455248419, "score": 0.9994, "normality_score": 90.2, "notification_monotonic": 573544.243498489}
[python3-3] ST7 HIT NOT SELECTED: {"reason": "no active released search (swing hits are informational)", "phase": "100 BPM STRIKE RETURNING", "onset": 573543.4455248419, "detected_at": 573544.244027839, "release": 573527.731539607, "returned": 573528.133517165}
[python3-3] J7 STRIKE LOW strike 39 [beat 2, hybrid]: 9.21 deg down from anchor; lowest J7 encoder: 24.01 deg; commanded: 9 deg
[python3-3] VERIFICATION PHASE: {"t": 573544.305880238, "phase": "100 BPM STRIKE MOVING OUT", "status": "HYBRID first detected depth 9\u00b0: 100 BPM swing + hi-hat; 4\u00b0 minimum rebound before partial-return releases"}
[python3-3] VERIFICATION PHASE: {"t": 573544.403676224, "phase": "100 BPM STRIKE RETURNING", "status": "HYBRID first detected depth 9\u00b0: 100 BPM swing + hi-hat; 4\u00b0 minimum rebound before partial-return releases"}
[python3-3] HYBRID swing 40 (extra after beat 2): target 9°; arrival error +13.0 ms; partial returns 26
[python3-3] J7 STRIKE LOW strike 40 [extra after beat 2, hybrid]: 9.23 deg down from anchor; lowest J7 encoder: 23.99 deg; commanded: 9 deg
[python3-3] VERIFICATION PHASE: {"t": 573544.540984109, "phase": "100 BPM STRIKE MOVING OUT", "status": "HYBRID first detected depth 9\u00b0: 100 BPM swing + hi-hat; 4\u00b0 minimum rebound before partial-return releases"}
[python3-5] {"event": "HIT", "time_since_start": 55.21, "event_monotonic": 573543.925518726, "score": 0.818088, "normality_score": 66.2, "notification_monotonic": 573544.554079808}
[python3-3] ST7 HIT NOT SELECTED: {"reason": "no active released search (swing hits are informational)", "phase": "100 BPM STRIKE MOVING OUT", "onset": 573543.925518726, "detected_at": 573544.554592264, "release": 573527.731539607, "returned": 573528.133517165}
[python3-3] VERIFICATION PHASE: {"t": 573544.650296282, "phase": "100 BPM STRIKE RETURNING", "status": "HYBRID first detected depth 9\u00b0: 100 BPM swing + hi-hat; 4\u00b0 minimum rebound before partial-return releases"}
[python3-3] HYBRID swing 41 (beat 3): target 9°; arrival error +37.0 ms; partial returns 27
[python3-6] {"event": "HIT", "instrument": "hihat", "label": "hihat_close", "time_since_start": 55.37, "event_monotonic": 573544.0537039189, "score": 0.997869, "normality_score": 88.0, "notification_monotonic": 573544.844459524}
[python3-5] {"event": "HIT", "time_since_start": 55.57, "event_monotonic": 573544.2855134219, "score": 0.838761, "normality_score": 72.6, "notification_monotonic": 573544.874279799}
[python3-3] ST7 HIT NOT SELECTED: {"reason": "no active released search (swing hits are informational)", "phase": "100 BPM STRIKE RETURNING", "onset": 573544.2855134219, "detected_at": 573544.874468292, "release": 573527.731539607, "returned": 573528.133517165}
[python3-3] HI-HAT SOUND (visual only) #13: score=0.998; normality=88.0
[python3-3] J7 STRIKE LOW strike 41 [beat 3, hybrid]: 9.28 deg down from anchor; lowest J7 encoder: 23.95 deg; commanded: 9 deg
[python3-3] VERIFICATION PHASE: {"t": 573544.969442364, "phase": "100 BPM STRIKE WAITING", "status": "HYBRID first detected depth 9\u00b0: 100 BPM swing + hi-hat; 4\u00b0 minimum rebound before partial-return releases"}
[python3-5] {"event": "HIT", "time_since_start": 55.69, "event_monotonic": 573544.40558684, "score": 0.979953, "normality_score": 77.2, "notification_monotonic": 573545.084765733}
[python3-3] ST7 HIT NOT SELECTED: {"reason": "no active released search (swing hits are informational)", "phase": "100 BPM STRIKE MOVING OUT", "onset": 573544.40558684, "detected_at": 573545.084881776, "release": 573527.731539607, "returned": 573528.133517165}
[python3-3] VERIFICATION PHASE: {"t": 573545.102765225, "phase": "100 BPM STRIKE MOVING OUT", "status": "HYBRID first detected depth 9\u00b0: 100 BPM swing + hi-hat; 4\u00b0 minimum rebound before partial-return releases"}
[python3-3] HIHAT SYNC: {"kind": "match", "at": 573545.10294447, "index": 25, "target": 573544.0095990159, "ride_onset": 573543.925518726, "hihat_onset": 573544.0537039189, "error": 0.1281851929379627, "commanded": 573543.97182703, "advance_used": 0.05, "actual_advance": 0.03777198598254472, "estimate": 0.16595717892050743, "advance_before": 0.05, "advance": 0.05}
[python3-3] VERIFICATION PHASE: {"t": 573545.206171174, "phase": "100 BPM STRIKE RETURNING", "status": "HYBRID first detected depth 9\u00b0: 100 BPM swing + hi-hat; 4\u00b0 minimum rebound before partial-return releases"}
[python3-3] HYBRID swing 42 (beat 4): target 9°; arrival error +6.9 ms; partial returns 27
[python3-3] J7 STRIKE LOW strike 42 [beat 4, hybrid]: 9.25 deg down from anchor; lowest J7 encoder: 23.97 deg; commanded: 9 deg
[python3-3] VERIFICATION PHASE: {"t": 573545.533919962, "phase": "100 BPM STRIKE MOVING OUT", "status": "HYBRID first detected depth 9\u00b0: 100 BPM swing + hi-hat; 4\u00b0 minimum rebound before partial-return releases"}
[python3-3] VERIFICATION PHASE: {"t": 573545.600120024, "phase": "100 BPM STRIKE RETURNING", "status": "HYBRID first detected depth 9\u00b0: 100 BPM swing + hi-hat; 4\u00b0 minimum rebound before partial-return releases"}
[python3-3] HYBRID swing 43 (extra after beat 4): target 9°; arrival error +13.0 ms; partial returns 28
[python3-5] {"event": "HIT", "time_since_start": 56.46, "event_monotonic": 573545.1755810411, "score": 0.995928, "normality_score": 33.9, "notification_monotonic": 573545.729032091}
[python3-3] J7 STRIKE LOW strike 43 [extra after beat 4, hybrid]: 9.23 deg down from anchor; lowest J7 encoder: 23.99 deg; commanded: 9 deg
[python3-3] ST7 HIT NOT SELECTED: {"reason": "no active released search (swing hits are informational)", "phase": "100 BPM STRIKE MOVING OUT", "onset": 573545.1755810411, "detected_at": 573545.729174565, "release": 573527.731539607, "returned": 573528.133517165}
[python3-3] VERIFICATION PHASE: {"t": 573545.746053108, "phase": "100 BPM STRIKE MOVING OUT", "status": "HYBRID first detected depth 9\u00b0: 100 BPM swing + hi-hat; 4\u00b0 minimum rebound before partial-return releases"}
[python3-3] VERIFICATION PHASE: {"t": 573545.861236067, "phase": "100 BPM STRIKE RETURNING", "status": "HYBRID first detected depth 9\u00b0: 100 BPM swing + hi-hat; 4\u00b0 minimum rebound before partial-return releases"}
[python3-3] HYBRID swing 44 (beat 1): target 9°; arrival error +32.9 ms; partial returns 29
[python3-6] {"event": "HIT", "instrument": "hihat", "label": "hihat_close", "time_since_start": 56.57, "event_monotonic": 573545.253680235, "score": 0.998528, "normality_score": 87.5, "notification_monotonic": 573546.018566058}
[python3-3] HI-HAT SOUND (visual only) #14: score=0.999; normality=87.5
[python3-3] J7 STRIKE LOW strike 44 [beat 1, hybrid]: 9.21 deg down from anchor; lowest J7 encoder: 24.01 deg; commanded: 9 deg
[python3-3] VERIFICATION PHASE: {"t": 573546.141271313, "phase": "100 BPM STRIKE WAITING", "status": "HYBRID first detected depth 9\u00b0: 100 BPM swing + hi-hat; 4\u00b0 minimum rebound before partial-return releases"}
[python3-3] VERIFICATION PHASE: {"t": 573546.304008878, "phase": "100 BPM STRIKE MOVING OUT", "status": "HYBRID first detected depth 9\u00b0: 100 BPM swing + hi-hat; 4\u00b0 minimum rebound before partial-return releases"}
[python3-5] {"event": "HIT", "time_since_start": 56.86, "event_monotonic": 573545.575648203, "score": 0.734139, "normality_score": 73.9, "notification_monotonic": 573546.366405335}
[python3-3] ST7 HIT NOT SELECTED: {"reason": "no active released search (swing hits are informational)", "phase": "100 BPM STRIKE MOVING OUT", "onset": 573545.575648203, "detected_at": 573546.366523703, "release": 573527.731539607, "returned": 573528.133517165}
[python3-3] HIHAT SYNC: {"kind": "match", "at": 573546.371545413, "index": 27, "target": 573545.2095990159, "ride_onset": 573545.1755810411, "hihat_onset": 573545.253680235, "error": 0.07809919386636466, "commanded": 573545.171738487, "advance_used": 0.05, "actual_advance": 0.03786052891518921, "estimate": 0.11595972278155386, "advance_before": 0.05, "advance": 0.060000000000000005}
[python3-3] VERIFICATION PHASE: {"t": 573546.402094622, "phase": "100 BPM STRIKE RETURNING", "status": "HYBRID first detected depth 9\u00b0: 100 BPM swing + hi-hat; 4\u00b0 minimum rebound before partial-return releases"}
[python3-3] HYBRID swing 45 (beat 2): target 9°; arrival error +5.6 ms; partial returns 29
[python3-3] J7 STRIKE LOW strike 45 [beat 2, hybrid]: 9.23 deg down from anchor; lowest J7 encoder: 23.99 deg; commanded: 9 deg
[python3-3] VERIFICATION PHASE: {"t": 573546.719592179, "phase": "100 BPM STRIKE MOVING OUT", "status": "HYBRID first detected depth 9\u00b0: 100 BPM swing + hi-hat; 4\u00b0 minimum rebound before partial-return releases"}
[python3-3] VERIFICATION PHASE: {"t": 573546.821496627, "phase": "100 BPM STRIKE RETURNING", "status": "HYBRID first detected depth 9\u00b0: 100 BPM swing + hi-hat; 4\u00b0 minimum rebound before partial-return releases"}
[python3-3] HYBRID swing 46 (extra after beat 2): target 9°; arrival error +9.6 ms; partial returns 30
[python3-5] {"event": "HIT", "time_since_start": 57.69, "event_monotonic": 573546.4056588169, "score": 0.999701, "normality_score": 32.7, "notification_monotonic": 573546.907308706}
[python3-3] J7 STRIKE LOW strike 46 [extra after beat 2, hybrid]: 9.25 deg down from anchor; lowest J7 encoder: 23.97 deg; commanded: 9 deg
[python3-3] ST7 HIT NOT SELECTED: {"reason": "no active released search (swing hits are informational)", "phase": "100 BPM STRIKE MOVING OUT", "onset": 573546.4056588169, "detected_at": 573546.907467552, "release": 573527.731539607, "returned": 573528.133517165}
[python3-3] VERIFICATION PHASE: {"t": 573546.93420992, "phase": "100 BPM STRIKE MOVING OUT", "status": "HYBRID first detected depth 9\u00b0: 100 BPM swing + hi-hat; 4\u00b0 minimum rebound before partial-return releases"}
[python3-3] VERIFICATION PHASE: {"t": 573547.034760621, "phase": "100 BPM STRIKE RETURNING", "status": "HYBRID first detected depth 9\u00b0: 100 BPM swing + hi-hat; 4\u00b0 minimum rebound before partial-return releases"}
[python3-3] HYBRID swing 47 (beat 3): target 9°; arrival error +35.6 ms; partial returns 31
[python3-6] {"event": "HIT", "instrument": "hihat", "label": "hihat_close", "time_since_start": 57.78, "event_monotonic": 573546.463706723, "score": 0.998423, "normality_score": 85.6, "notification_monotonic": 573547.192049914}
[python3-3] HI-HAT SOUND (visual only) #15: score=0.998; normality=85.6
[python3-5] {"event": "HIT", "time_since_start": 57.91, "event_monotonic": 573546.625793683, "score": 0.944846, "normality_score": 62.2, "notification_monotonic": 573547.226738194}
[python3-3] ST7 HIT NOT SELECTED: {"reason": "no active released search (swing hits are informational)", "phase": "100 BPM STRIKE RETURNING", "onset": 573546.625793683, "detected_at": 573547.226857934, "release": 573527.731539607, "returned": 573528.133517165}
[python3-3] J7 STRIKE LOW strike 47 [beat 3, hybrid]: 9.25 deg down from anchor; lowest J7 encoder: 23.97 deg; commanded: 9 deg
[python3-3] VERIFICATION PHASE: {"t": 573547.361698007, "phase": "100 BPM STRIKE WAITING", "status": "HYBRID first detected depth 9\u00b0: 100 BPM swing + hi-hat; 4\u00b0 minimum rebound before partial-return releases"}
[python3-3] VERIFICATION PHASE: {"t": 573547.502735784, "phase": "100 BPM STRIKE MOVING OUT", "status": "HYBRID first detected depth 9\u00b0: 100 BPM swing + hi-hat; 4\u00b0 minimum rebound before partial-return releases"}
[python3-5] {"event": "HIT", "time_since_start": 58.05, "event_monotonic": 573546.7658192989, "score": 0.864199, "normality_score": 75.8, "notification_monotonic": 573547.539686741}
[python3-3] ST7 HIT NOT SELECTED: {"reason": "no active released search (swing hits are informational)", "phase": "100 BPM STRIKE MOVING OUT", "onset": 573546.7658192989, "detected_at": 573547.539820589, "release": 573527.731539607, "returned": 573528.133517165}
[python3-3] HIHAT SYNC: {"kind": "match", "at": 573547.571099944, "index": 29, "target": 573546.409599016, "ride_onset": 573546.4056588169, "hihat_onset": 573546.463706723, "error": 0.058047906029969454, "commanded": 573546.371609496, "advance_used": 0.05, "actual_advance": 0.037989520002156496, "estimate": 0.09603742603212595, "advance_before": 0.060000000000000005, "advance": 0.07}
[python3-3] VERIFICATION PHASE: {"t": 573547.600155056, "phase": "100 BPM STRIKE RETURNING", "status": "HYBRID first detected depth 9\u00b0: 100 BPM swing + hi-hat; 4\u00b0 minimum rebound before partial-return releases"}
[python3-3] HYBRID swing 48 (beat 4): target 9°; arrival error +9.6 ms; partial returns 31
[python3-5] {"event": "HIT", "time_since_start": 58.33, "event_monotonic": 573547.045760275, "score": 0.997884, "normality_score": 80.3, "notification_monotonic": 573547.867474484}
[python3-3] ST7 HIT NOT SELECTED: {"reason": "no active released search (swing hits are informational)", "phase": "100 BPM STRIKE RETURNING", "onset": 573547.045760275, "detected_at": 573547.867591289, "release": 573527.731539607, "returned": 573528.133517165}
[python3-3] J7 STRIKE LOW strike 48 [beat 4, hybrid]: 9.25 deg down from anchor; lowest J7 encoder: 23.97 deg; commanded: 9 deg
[python3-3] VERIFICATION PHASE: {"t": 573547.92848896, "phase": "100 BPM STRIKE MOVING OUT", "status": "HYBRID first detected depth 9\u00b0: 100 BPM swing + hi-hat; 4\u00b0 minimum rebound before partial-return releases"}
[python3-3] VERIFICATION PHASE: {"t": 573547.999935436, "phase": "100 BPM STRIKE RETURNING", "status": "HYBRID first detected depth 9\u00b0: 100 BPM swing + hi-hat; 4\u00b0 minimum rebound before partial-return releases"}
[python3-3] HYBRID swing 49 (extra after beat 4): target 9°; arrival error +11.6 ms; partial returns 32
[python3-5] {"event": "HIT", "time_since_start": 58.84, "event_monotonic": 573547.55569818, "score": 0.998885, "normality_score": 39.2, "notification_monotonic": 573548.079277685}
[python3-3] ST7 HIT NOT SELECTED: {"reason": "no active released search (swing hits are informational)", "phase": "100 BPM STRIKE RETURNING", "onset": 573547.55569818, "detected_at": 573548.079429808, "release": 573527.731539607, "returned": 573528.133517165}
[python3-3] J7 STRIKE LOW strike 49 [extra after beat 4, hybrid]: 9.23 deg down from anchor; lowest J7 encoder: 23.99 deg; commanded: 9 deg
[python3-3] VERIFICATION PHASE: {"t": 573548.148805345, "phase": "100 BPM STRIKE MOVING OUT", "status": "HYBRID first detected depth 9\u00b0: 100 BPM swing + hi-hat; 4\u00b0 minimum rebound before partial-return releases"}
[python3-3] HYBRID swing 50 (beat 1): target 9°; arrival error +35.6 ms; partial returns 33
[python3-3] VERIFICATION PHASE: {"t": 573548.261839676, "phase": "100 BPM STRIKE RETURNING", "status": "HYBRID first detected depth 9\u00b0: 100 BPM swing + hi-hat; 4\u00b0 minimum rebound before partial-return releases"}
[python3-6] {"event": "HIT", "instrument": "hihat", "label": "hihat_close", "time_since_start": 58.96, "event_monotonic": 573547.6437261971, "score": 0.997328, "normality_score": 87.4, "notification_monotonic": 573548.349266795}
[python3-3] HI-HAT SOUND (visual only) #16: score=0.997; normality=87.4
[python3-5] {"event": "HIT", "time_since_start": 59.19, "event_monotonic": 573547.905743893, "score": 0.999288, "normality_score": 72.9, "notification_monotonic": 573548.395022376}
[python3-3] ST7 HIT NOT SELECTED: {"reason": "no active released search (swing hits are informational)", "phase": "100 BPM STRIKE RETURNING", "onset": 573547.905743893, "detected_at": 573548.395135905, "release": 573527.731539607, "returned": 573528.133517165}
[python3-3] J7 STRIKE LOW strike 50 [beat 1, hybrid]: 9.30 deg down from anchor; lowest J7 encoder: 23.92 deg; commanded: 9 deg
[python3-3] VERIFICATION PHASE: {"t": 573548.545985948, "phase": "100 BPM STRIKE WAITING", "status": "HYBRID first detected depth 9\u00b0: 100 BPM swing + hi-hat; 4\u00b0 minimum rebound before partial-return releases"}
[python3-5] {"event": "HIT", "time_since_start": 59.31, "event_monotonic": 573548.025822422, "score": 0.99842, "normality_score": 74.0, "notification_monotonic": 573548.71598653}
[python3-3] VERIFICATION PHASE: {"t": 573548.716265527, "phase": "100 BPM STRIKE MOVING OUT", "status": "HYBRID first detected depth 9\u00b0: 100 BPM swing + hi-hat; 4\u00b0 minimum rebound before partial-return releases"}
[python3-3] ST7 HIT NOT SELECTED: {"reason": "no active released search (swing hits are informational)", "phase": "100 BPM STRIKE MOVING OUT", "onset": 573548.025822422, "detected_at": 573548.716208227, "release": 573527.731539607, "returned": 573528.133517165}
[python3-3] HIHAT SYNC: {"kind": "match", "at": 573548.748643427, "index": 31, "target": 573547.6095990159, "ride_onset": 573547.55569818, "hihat_onset": 573547.6437261971, "error": 0.08802801708225161, "commanded": 573547.552900898, "advance_used": 0.060000000000000005, "actual_advance": 0.05669811787083745, "estimate": 0.14472613495308906, "advance_before": 0.07, "advance": 0.08}
[python3-3] VERIFICATION PHASE: {"t": 573548.851861315, "phase": "100 BPM STRIKE RETURNING", "status": "HYBRID first detected depth 9\u00b0: 100 BPM swing + hi-hat; 4\u00b0 minimum rebound before partial-return releases"}
[python3-3] HYBRID swing 51 (beat 2): target 9°; arrival error +11.8 ms; partial returns 33
[python3-5] {"event": "HIT", "time_since_start": 59.53, "event_monotonic": 573548.245816596, "score": 0.998989, "normality_score": 85.8, "notification_monotonic": 573549.032999524}
[python3-3] ST7 HIT NOT SELECTED: {"reason": "no active released search (swing hits are informational)", "phase": "100 BPM STRIKE RETURNING", "onset": 573548.245816596, "detected_at": 573549.033124685, "release": 573527.731539607, "returned": 573528.133517165}
[python3-3] J7 STRIKE LOW strike 51 [beat 2, hybrid]: 9.25 deg down from anchor; lowest J7 encoder: 23.97 deg; commanded: 9 deg
[python3-3] VERIFICATION PHASE: {"t": 573549.137648387, "phase": "100 BPM STRIKE MOVING OUT", "status": "HYBRID first detected depth 9\u00b0: 100 BPM swing + hi-hat; 4\u00b0 minimum rebound before partial-return releases"}
[python3-3] VERIFICATION PHASE: {"t": 573549.201567848, "phase": "100 BPM STRIKE RETURNING", "status": "HYBRID first detected depth 9\u00b0: 100 BPM swing + hi-hat; 4\u00b0 minimum rebound before partial-return releases"}
[python3-3] HYBRID swing 52 (extra after beat 2): target 9°; arrival error +19.8 ms; partial returns 34
[python3-3] J7 STRIKE LOW strike 52 [extra after beat 2, hybrid]: 9.25 deg down from anchor; lowest J7 encoder: 23.97 deg; commanded: 9 deg
[python3-3] VERIFICATION PHASE: {"t": 573549.332963898, "phase": "100 BPM STRIKE MOVING OUT", "status": "HYBRID first detected depth 9\u00b0: 100 BPM swing + hi-hat; 4\u00b0 minimum rebound before partial-return releases"}
[python3-5] {"event": "HIT", "time_since_start": 60.01, "event_monotonic": 573548.7258254599, "score": 0.996324, "normality_score": 35.7, "notification_monotonic": 573549.3549672}
[python3-3] ST7 HIT NOT SELECTED: {"reason": "no active released search (swing hits are informational)", "phase": "100 BPM STRIKE MOVING OUT", "onset": 573548.7258254599, "detected_at": 573549.35540345, "release": 573527.731539607, "returned": 573528.133517165}
[python3-3] VERIFICATION PHASE: {"t": 573549.433626415, "phase": "100 BPM STRIKE RETURNING", "status": "HYBRID first detected depth 9\u00b0: 100 BPM swing + hi-hat; 4\u00b0 minimum rebound before partial-return releases"}
[python3-3] HYBRID swing 53 (beat 3): target 9°; arrival error +39.8 ms; partial returns 35
[python3-6] {"event": "HIT", "instrument": "hihat", "label": "hihat_close", "time_since_start": 60.15, "event_monotonic": 573548.8338697709, "score": 0.998513, "normality_score": 87.3, "notification_monotonic": 573549.640324264}
[python3-5] {"event": "HIT", "time_since_start": 60.32, "event_monotonic": 573549.035814465, "score": 0.993162, "normality_score": 67.0, "notification_monotonic": 573549.683068056}
[python3-3] HI-HAT SOUND (visual only) #17: score=0.999; normality=87.3
[python3-3] ST7 HIT NOT SELECTED: {"reason": "no active released search (swing hits are informational)", "phase": "100 BPM STRIKE RETURNING", "onset": 573549.035814465, "detected_at": 573549.683192927, "release": 573527.731539607, "returned": 573528.133517165}
[python3-3] J7 STRIKE LOW strike 53 [beat 3, hybrid]: 9.28 deg down from anchor; lowest J7 encoder: 23.95 deg; commanded: 9 deg
[python3-3] VERIFICATION PHASE: {"t": 573549.76818159, "phase": "100 BPM STRIKE WAITING", "status": "HYBRID first detected depth 9\u00b0: 100 BPM swing + hi-hat; 4\u00b0 minimum rebound before partial-return releases"}
[python3-5] {"event": "HIT", "time_since_start": 60.51, "event_monotonic": 573549.225851604, "score": 0.993586, "normality_score": 74.0, "notification_monotonic": 573549.883133694}
[python3-3] ST7 HIT NOT SELECTED: {"reason": "no active released search (swing hits are informational)", "phase": "100 BPM STRIKE MOVING OUT", "onset": 573549.225851604, "detected_at": 573549.88339104, "release": 573527.731539607, "returned": 573528.133517165}
[python3-3] VERIFICATION PHASE: {"t": 573549.906544847, "phase": "100 BPM STRIKE MOVING OUT", "status": "HYBRID first detected depth 9\u00b0: 100 BPM swing + hi-hat; 4\u00b0 minimum rebound before partial-return releases"}
[python3-3] HIHAT SYNC: {"kind": "match", "at": 573549.906770863, "index": 33, "target": 573548.809599016, "ride_onset": 573548.7258254599, "hihat_onset": 573548.8338697709, "error": 0.10804431093856692, "commanded": 573548.748803716, "advance_used": 0.07, "actual_advance": 0.060795299941673875, "estimate": 0.1688396108802408, "advance_before": 0.08, "advance": 0.09}
[python3-3] VERIFICATION PHASE: {"t": 573550.003350567, "phase": "100 BPM STRIKE RETURNING", "status": "HYBRID first detected depth 9\u00b0: 100 BPM swing + hi-hat; 4\u00b0 minimum rebound before partial-return releases"}
[python3-3] HYBRID swing 54 (beat 4): target 9°; arrival error +7.8 ms; partial returns 35
[python3-5] {"event": "HIT", "time_since_start": 60.74, "event_monotonic": 573549.456133917, "score": 0.999111, "normality_score": 79.5, "notification_monotonic": 573550.216858791}
[python3-3] ST7 HIT NOT SELECTED: {"reason": "no active released search (swing hits are informational)", "phase": "100 BPM STRIKE RETURNING", "onset": 573549.456133917, "detected_at": 573550.217331912, "release": 573527.731539607, "returned": 573528.133517165}
[python3-3] J7 STRIKE LOW strike 54 [beat 4, hybrid]: 9.21 deg down from anchor; lowest J7 encoder: 24.01 deg; commanded: 9 deg
[python3-3] VERIFICATION PHASE: {"t": 573550.302396542, "phase": "100 BPM STRIKE MOVING OUT", "status": "HYBRID first detected depth 9\u00b0: 100 BPM swing + hi-hat; 4\u00b0 minimum rebound before partial-return releases"}
[python3-3] VERIFICATION PHASE: {"t": 573550.402664749, "phase": "100 BPM STRIKE RETURNING", "status": "HYBRID first detected depth 9\u00b0: 100 BPM swing + hi-hat; 4\u00b0 minimum rebound before partial-return releases"}
[python3-3] HYBRID swing 55 (extra after beat 4): target 9°; arrival error +13.8 ms; partial returns 36
[python3-5] {"event": "HIT", "time_since_start": 61.22, "event_monotonic": 573549.935942955, "score": 0.996783, "normality_score": 39.6, "notification_monotonic": 573550.5328094}
[python3-3] J7 STRIKE LOW strike 55 [extra after beat 4, hybrid]: 9.28 deg down from anchor; lowest J7 encoder: 23.95 deg; commanded: 9 deg
[python3-3] ST7 HIT NOT SELECTED: {"reason": "no active released search (swing hits are informational)", "phase": "100 BPM STRIKE MOVING OUT", "onset": 573549.935942955, "detected_at": 573550.532919442, "release": 573527.731539607, "returned": 573528.133517165}
[python3-3] VERIFICATION PHASE: {"t": 573550.557312927, "phase": "100 BPM STRIKE MOVING OUT", "status": "HYBRID first detected depth 9\u00b0: 100 BPM swing + hi-hat; 4\u00b0 minimum rebound before partial-return releases"}
[python3-3] VERIFICATION PHASE: {"t": 573550.627169149, "phase": "100 BPM STRIKE RETURNING", "status": "HYBRID first detected depth 9\u00b0: 100 BPM swing + hi-hat; 4\u00b0 minimum rebound before partial-return releases"}
[python3-3] HYBRID swing 56 (beat 1): target 9°; arrival error +31.8 ms; partial returns 37
[python3-6] {"event": "HIT", "instrument": "hihat", "label": "hihat_close", "time_since_start": 61.34, "event_monotonic": 573550.023920614, "score": 0.998174, "normality_score": 85.5, "notification_monotonic": 573550.816835853}
[python3-5] {"event": "HIT", "time_since_start": 61.51, "event_monotonic": 573550.2259144661, "score": 0.955448, "normality_score": 68.8, "notification_monotonic": 573550.851665685}
[python3-3] HI-HAT SOUND (visual only) #18: score=0.998; normality=85.5
[python3-3] ST7 HIT NOT SELECTED: {"reason": "no active released search (swing hits are informational)", "phase": "100 BPM STRIKE RETURNING", "onset": 573550.2259144661, "detected_at": 573550.851814922, "release": 573527.731539607, "returned": 573528.133517165}
[python3-3] J7 STRIKE LOW strike 56 [beat 1, hybrid]: 9.36 deg down from anchor; lowest J7 encoder: 23.86 deg; commanded: 9 deg
[python3-3] VERIFICATION PHASE: {"t": 573550.94222737, "phase": "100 BPM STRIKE WAITING", "status": "HYBRID first detected depth 9\u00b0: 100 BPM swing + hi-hat; 4\u00b0 minimum rebound before partial-return releases"}
[python3-3] VERIFICATION PHASE: {"t": 573551.104131821, "phase": "100 BPM STRIKE MOVING OUT", "status": "HYBRID first detected depth 9\u00b0: 100 BPM swing + hi-hat; 4\u00b0 minimum rebound before partial-return releases"}
[python3-5] {"event": "HIT", "time_since_start": 61.71, "event_monotonic": 573550.4259510121, "score": 0.997295, "normality_score": 76.0, "notification_monotonic": 573551.168021453}
[python3-3] ST7 HIT NOT SELECTED: {"reason": "no active released search (swing hits are informational)", "phase": "100 BPM STRIKE MOVING OUT", "onset": 573550.4259510121, "detected_at": 573551.1681807, "release": 573527.731539607, "returned": 573528.133517165}
[python3-3] HIHAT SYNC: {"kind": "match", "at": 573551.17078232, "index": 35, "target": 573550.0095990159, "ride_onset": 573549.935942955, "hihat_onset": 573550.023920614, "error": 0.08797765907365829, "commanded": 573549.938117237, "advance_used": 0.08, "actual_advance": 0.07148177898488939, "estimate": 0.15945943805854768, "advance_before": 0.09, "advance": 0.09999999999999999}
[python3-3] VERIFICATION PHASE: {"t": 573551.202919697, "phase": "100 BPM STRIKE RETURNING", "status": "HYBRID first detected depth 9\u00b0: 100 BPM swing + hi-hat; 4\u00b0 minimum rebound before partial-return releases"}
[python3-3] HYBRID swing 57 (beat 2): target 9°; arrival error +6.3 ms; partial returns 37
[python3-5] {"event": "HIT", "time_since_start": 61.93, "event_monotonic": 573550.646198096, "score": 0.98277, "normality_score": 89.6, "notification_monotonic": 573551.38646373}
[python3-3] ST7 HIT NOT SELECTED: {"reason": "no active released search (swing hits are informational)", "phase": "100 BPM STRIKE RETURNING", "onset": 573550.646198096, "detected_at": 573551.386668574, "release": 573527.731539607, "returned": 573528.133517165}
[python3-3] J7 STRIKE LOW strike 57 [beat 2, hybrid]: 9.23 deg down from anchor; lowest J7 encoder: 23.99 deg; commanded: 9 deg
[python3-3] VERIFICATION PHASE: {"t": 573551.502697592, "phase": "100 BPM STRIKE MOVING OUT", "status": "HYBRID first detected depth 9\u00b0: 100 BPM swing + hi-hat; 4\u00b0 minimum rebound before partial-return releases"}
[python3-3] VERIFICATION PHASE: {"t": 573551.601940445, "phase": "100 BPM STRIKE RETURNING", "status": "HYBRID first detected depth 9\u00b0: 100 BPM swing + hi-hat; 4\u00b0 minimum rebound before partial-return releases"}
[python3-3] HYBRID swing 58 (extra after beat 2): target 9°; arrival error +8.3 ms; partial returns 38
[python3-5] {"event": "HIT", "time_since_start": 62.33, "event_monotonic": 573551.045979382, "score": 0.993807, "normality_score": 69.5, "notification_monotonic": 573551.71004836}
[python3-3] ST7 HIT NOT SELECTED: {"reason": "no active released search (swing hits are informational)", "phase": "100 BPM STRIKE RETURNING", "onset": 573551.045979382, "detected_at": 573551.710199661, "release": 573527.731539607, "returned": 573528.133517165}
[python3-3] J7 STRIKE LOW strike 58 [extra after beat 2, hybrid]: 9.23 deg down from anchor; lowest J7 encoder: 23.99 deg; commanded: 9 deg
[python3-3] VERIFICATION PHASE: {"t": 573551.750588778, "phase": "100 BPM STRIKE MOVING OUT", "status": "HYBRID first detected depth 9\u00b0: 100 BPM swing + hi-hat; 4\u00b0 minimum rebound before partial-return releases"}
[python3-3] HYBRID swing 59 (beat 3): target 9°; arrival error +32.2 ms; partial returns 39
[python3-3] VERIFICATION PHASE: {"t": 573551.864921781, "phase": "100 BPM STRIKE RETURNING", "status": "HYBRID first detected depth 9\u00b0: 100 BPM swing + hi-hat; 4\u00b0 minimum rebound before partial-return releases"}
[python3-6] {"event": "HIT", "instrument": "hihat", "label": "hihat_close", "time_since_start": 62.52, "event_monotonic": 573551.2040305339, "score": 0.998239, "normality_score": 88.2, "notification_monotonic": 573551.99199146}
[python3-5] {"event": "HIT", "time_since_start": 62.66, "event_monotonic": 573551.3760783189, "score": 0.999278, "normality_score": 67.8, "notification_monotonic": 573552.028619214}
[python3-3] ST7 HIT NOT SELECTED: {"reason": "no active released search (swing hits are informational)", "phase": "100 BPM STRIKE RETURNING", "onset": 573551.3760783189, "detected_at": 573552.028746048, "release": 573527.731539607, "returned": 573528.133517165}
[python3-3] HI-HAT SOUND (visual only) #19: score=0.998; normality=88.2
[python3-3] J7 STRIKE LOW strike 59 [beat 3, hybrid]: 9.23 deg down from anchor; lowest J7 encoder: 23.99 deg; commanded: 9 deg
[python3-3] VERIFICATION PHASE: {"t": 573552.141253234, "phase": "100 BPM STRIKE WAITING", "status": "HYBRID first detected depth 9\u00b0: 100 BPM swing + hi-hat; 4\u00b0 minimum rebound before partial-return releases"}
[python3-3] VERIFICATION PHASE: {"t": 573552.309243004, "phase": "100 BPM STRIKE MOVING OUT", "status": "HYBRID first detected depth 9\u00b0: 100 BPM swing + hi-hat; 4\u00b0 minimum rebound before partial-return releases"}
[python3-5] {"event": "HIT", "time_since_start": 62.9, "event_monotonic": 573551.6164560949, "score": 0.997067, "normality_score": 74.6, "notification_monotonic": 573552.342239636}
[python3-3] ST7 HIT NOT SELECTED: {"reason": "no active released search (swing hits are informational)", "phase": "100 BPM STRIKE MOVING OUT", "onset": 573551.6164560949, "detected_at": 573552.342345359, "release": 573527.731539607, "returned": 573528.133517165}
[python3-3] HIHAT SYNC: {"kind": "skip", "index": 37, "target": 573551.2095990159, "at": 573552.372401409, "reason": "ambiguous/missing: ride=0, hihat=1, neighbor_ride=2"}
[python3-3] VERIFICATION PHASE: {"t": 573552.408478022, "phase": "100 BPM STRIKE RETURNING", "status": "HYBRID first detected depth 9\u00b0: 100 BPM swing + hi-hat; 4\u00b0 minimum rebound before partial-return releases"}
[python3-3] HYBRID swing 60 (beat 4): target 9°; arrival error +8.2 ms; partial returns 39
[python3-5] {"event": "HIT", "time_since_start": 63.13, "event_monotonic": 573551.84602392, "score": 0.997889, "normality_score": 91.4, "notification_monotonic": 573552.664883284}
[python3-3] ST7 HIT NOT SELECTED: {"reason": "no active released search (swing hits are informational)", "phase": "100 BPM STRIKE RETURNING", "onset": 573551.84602392, "detected_at": 573552.665022512, "release": 573527.731539607, "returned": 573528.133517165}
[python3-3] J7 STRIKE LOW strike 60 [beat 4, hybrid]: 9.23 deg down from anchor; lowest J7 encoder: 23.99 deg; commanded: 9 deg
[python3-3] VERIFICATION PHASE: {"t": 573552.710014273, "phase": "100 BPM STRIKE MOVING OUT", "status": "HYBRID first detected depth 9\u00b0: 100 BPM swing + hi-hat; 4\u00b0 minimum rebound before partial-return releases"}
[python3-3] VERIFICATION PHASE: {"t": 573552.803555456, "phase": "100 BPM STRIKE RETURNING", "status": "HYBRID first detected depth 9\u00b0: 100 BPM swing + hi-hat; 4\u00b0 minimum rebound before partial-return releases"}
[python3-3] HYBRID swing 61 (extra after beat 4): target 9°; arrival error +8.3 ms; partial returns 40
[python3-5] {"event": "HIT", "time_since_start": 63.53, "event_monotonic": 573552.245976425, "score": 0.965574, "normality_score": 67.9, "notification_monotonic": 573552.878270235}
[python3-3] ST7 HIT NOT SELECTED: {"reason": "no active released search (swing hits are informational)", "phase": "100 BPM STRIKE RETURNING", "onset": 573552.245976425, "detected_at": 573552.878475069, "release": 573527.731539607, "returned": 573528.133517165}
[python3-3] J7 STRIKE LOW strike 61 [extra after beat 4, hybrid]: 9.25 deg down from anchor; lowest J7 encoder: 23.97 deg; commanded: 9 deg
[python3-3] VERIFICATION PHASE: {"t": 573552.949719956, "phase": "100 BPM STRIKE MOVING OUT", "status": "HYBRID first detected depth 9\u00b0: 100 BPM swing + hi-hat; 4\u00b0 minimum rebound before partial-return releases"}
[python3-3] HYBRID swing 62 (beat 1): target 9°; arrival error +32.4 ms; partial returns 41
[python3-3] VERIFICATION PHASE: {"t": 573553.067544913, "phase": "100 BPM STRIKE RETURNING", "status": "HYBRID first detected depth 9\u00b0: 100 BPM swing + hi-hat; 4\u00b0 minimum rebound before partial-return releases"}
[python3-6] {"event": "HIT", "instrument": "hihat", "label": "hihat_close", "time_since_start": 63.71, "event_monotonic": 573552.3941078621, "score": 0.997824, "normality_score": 88.5, "notification_monotonic": 573553.152017442}
[python3-5] {"event": "HIT", "time_since_start": 63.87, "event_monotonic": 573552.586160216, "score": 0.998782, "normality_score": 76.8, "notification_monotonic": 573553.200880729}
[python3-3] HI-HAT SOUND (visual only) #20: score=0.998; normality=88.5
[python3-3] ST7 HIT NOT SELECTED: {"reason": "no active released search (swing hits are informational)", "phase": "100 BPM STRIKE RETURNING", "onset": 573552.586160216, "detected_at": 573553.200993486, "release": 573527.731539607, "returned": 573528.133517165}
[python3-3] J7 STRIKE LOW strike 62 [beat 1, hybrid]: 9.30 deg down from anchor; lowest J7 encoder: 23.92 deg; commanded: 9 deg
[python3-3] VERIFICATION PHASE: {"t": 573553.336271873, "phase": "100 BPM STRIKE WAITING", "status": "HYBRID first detected depth 9\u00b0: 100 BPM swing + hi-hat; 4\u00b0 minimum rebound before partial-return releases"}
[python3-3] VERIFICATION PHASE: {"t": 573553.509704143, "phase": "100 BPM STRIKE MOVING OUT", "status": "HYBRID first detected depth 9\u00b0: 100 BPM swing + hi-hat; 4\u00b0 minimum rebound before partial-return releases"}
[python3-5] {"event": "HIT", "time_since_start": 64.11, "event_monotonic": 573552.826151576, "score": 0.985298, "normality_score": 68.1, "notification_monotonic": 573553.516359529}
[python3-3] ST7 HIT NOT SELECTED: {"reason": "no active released search (swing hits are informational)", "phase": "100 BPM STRIKE MOVING OUT", "onset": 573552.826151576, "detected_at": 573553.516525699, "release": 573527.731539607, "returned": 573528.133517165}
[python3-3] HIHAT SYNC: {"kind": "skip", "index": 39, "target": 573552.409599016, "at": 573553.541295529, "reason": "ambiguous/missing: ride=0, hihat=1, neighbor_ride=2"}
[python3-3] VERIFICATION PHASE: {"t": 573553.635221323, "phase": "100 BPM STRIKE RETURNING", "status": "HYBRID first detected depth 9\u00b0: 100 BPM swing + hi-hat; 4\u00b0 minimum rebound before partial-return releases"}
[python3-3] HYBRID swing 63 (beat 2): target 9°; arrival error +12.4 ms; partial returns 41
[python3-5] {"event": "HIT", "time_since_start": 64.33, "event_monotonic": 573553.046120303, "score": 0.999571, "normality_score": 86.7, "notification_monotonic": 573553.835453462}
[python3-3] ST7 HIT NOT SELECTED: {"reason": "no active released search (swing hits are informational)", "phase": "100 BPM STRIKE RETURNING", "onset": 573553.046120303, "detected_at": 573553.835556199, "release": 573527.731539607, "returned": 573528.133517165}
[python3-3] J7 STRIKE LOW strike 63 [beat 2, hybrid]: 9.23 deg down from anchor; lowest J7 encoder: 23.99 deg; commanded: 9 deg
[python3-3] VERIFICATION PHASE: {"t": 573553.900039075, "phase": "100 BPM STRIKE MOVING OUT", "status": "HYBRID first detected depth 9\u00b0: 100 BPM swing + hi-hat; 4\u00b0 minimum rebound before partial-return releases"}
[python3-3] VERIFICATION PHASE: {"t": 573554.006632863, "phase": "100 BPM STRIKE RETURNING", "status": "HYBRID first detected depth 9\u00b0: 100 BPM swing + hi-hat; 4\u00b0 minimum rebound before partial-return releases"}
[python3-3] HYBRID swing 64 (extra after beat 2): target 9°; arrival error +9.0 ms; partial returns 42
[python3-3] J7 STRIKE LOW strike 64 [extra after beat 2, hybrid]: 9.21 deg down from anchor; lowest J7 encoder: 24.01 deg; commanded: 9 deg
[python3-5] {"event": "HIT", "time_since_start": 64.73, "event_monotonic": 573553.446185385, "score": 0.967792, "normality_score": 66.9, "notification_monotonic": 573554.15639394}
[python3-3] ST7 HIT NOT SELECTED: {"reason": "no active released search (swing hits are informational)", "phase": "100 BPM STRIKE MOVING OUT", "onset": 573553.446185385, "detected_at": 573554.156659952, "release": 573527.731539607, "returned": 573528.133517165}
[python3-3] VERIFICATION PHASE: {"t": 573554.159945389, "phase": "100 BPM STRIKE MOVING OUT", "status": "HYBRID first detected depth 9\u00b0: 100 BPM swing + hi-hat; 4\u00b0 minimum rebound before partial-return releases"}
[python3-3] VERIFICATION PHASE: {"t": 573554.236230301, "phase": "100 BPM STRIKE RETURNING", "status": "HYBRID first detected depth 9\u00b0: 100 BPM swing + hi-hat; 4\u00b0 minimum rebound before partial-return releases"}
[python3-3] HYBRID swing 65 (beat 3): target 9°; arrival error +29.0 ms; partial returns 43
[python3-6] {"event": "HIT", "instrument": "hihat", "label": "hihat_close", "time_since_start": 64.91, "event_monotonic": 573553.594160713, "score": 0.998869, "normality_score": 86.4, "notification_monotonic": 573554.448386152}
[python3-3] HI-HAT SOUND (visual only) #21: score=0.999; normality=86.4
[python3-5] {"event": "HIT", "time_since_start": 65.05, "event_monotonic": 573553.7660973129, "score": 0.989851, "normality_score": 71.5, "notification_monotonic": 573554.488697159}
[python3-3] ST7 HIT NOT SELECTED: {"reason": "no active released search (swing hits are informational)", "phase": "100 BPM STRIKE RETURNING", "onset": 573553.7660973129, "detected_at": 573554.488841337, "release": 573527.731539607, "returned": 573528.133517165}
[python3-3] J7 STRIKE LOW strike 65 [beat 3, hybrid]: 9.25 deg down from anchor; lowest J7 encoder: 23.97 deg; commanded: 9 deg
[python3-3] VERIFICATION PHASE: {"t": 573554.545649753, "phase": "100 BPM STRIKE WAITING", "status": "HYBRID first detected depth 9\u00b0: 100 BPM swing + hi-hat; 4\u00b0 minimum rebound before partial-return releases"}
[python3-5] {"event": "HIT", "time_since_start": 65.31, "event_monotonic": 573554.026157767, "score": 0.991899, "normality_score": 72.6, "notification_monotonic": 573554.691304472}
[python3-3] ST7 HIT NOT SELECTED: {"reason": "no active released search (swing hits are informational)", "phase": "100 BPM STRIKE MOVING OUT", "onset": 573554.026157767, "detected_at": 573554.691699974, "release": 573527.731539607, "returned": 573528.133517165}
[python3-3] VERIFICATION PHASE: {"t": 573554.720639713, "phase": "100 BPM STRIKE MOVING OUT", "status": "HYBRID first detected depth 9\u00b0: 100 BPM swing + hi-hat; 4\u00b0 minimum rebound before partial-return releases"}
[python3-3] HIHAT SYNC: {"kind": "skip", "index": 41, "target": 573553.6095990159, "at": 573554.720837224, "reason": "ambiguous/missing: ride=0, hihat=1, neighbor_ride=2"}
[python3-3] VERIFICATION PHASE: {"t": 573554.79399818, "phase": "100 BPM STRIKE RETURNING", "status": "HYBRID first detected depth 9\u00b0: 100 BPM swing + hi-hat; 4\u00b0 minimum rebound before partial-return releases"}
[python3-3] HYBRID swing 66 (beat 4): target 9°; arrival error +9.0 ms; partial returns 43
[python3-5] {"event": "HIT", "time_since_start": 65.53, "event_monotonic": 573554.2461961489, "score": 0.99946, "normality_score": 85.0, "notification_monotonic": 573555.011510937}
[python3-3] ST7 HIT NOT SELECTED: {"reason": "no active released search (swing hits are informational)", "phase": "100 BPM STRIKE RETURNING", "onset": 573554.2461961489, "detected_at": 573555.011663911, "release": 573527.731539607, "returned": 573528.133517165}
[python3-3] J7 STRIKE LOW strike 66 [beat 4, hybrid]: 9.23 deg down from anchor; lowest J7 encoder: 23.99 deg; commanded: 9 deg
[python3-3] VERIFICATION PHASE: {"t": 573555.115020436, "phase": "100 BPM STRIKE MOVING OUT", "status": "HYBRID first detected depth 9\u00b0: 100 BPM swing + hi-hat; 4\u00b0 minimum rebound before partial-return releases"}
[python3-3] VERIFICATION PHASE: {"t": 573555.216348655, "phase": "100 BPM STRIKE RETURNING", "status": "HYBRID first detected depth 9\u00b0: 100 BPM swing + hi-hat; 4\u00b0 minimum rebound before partial-return releases"}
[python3-3] HYBRID swing 67 (extra after beat 4): target 9°; arrival error +13.1 ms; partial returns 44
[python3-5] {"event": "HIT", "time_since_start": 65.92, "event_monotonic": 573554.6361930291, "score": 0.995816, "normality_score": 1.3, "notification_monotonic": 573555.32670035}
[python3-3] J7 STRIKE LOW strike 67 [extra after beat 4, hybrid]: 9.23 deg down from anchor; lowest J7 encoder: 23.99 deg; commanded: 9 deg
[python3-3] ST7 HIT NOT SELECTED: {"reason": "no active released search (swing hits are informational)", "phase": "100 BPM STRIKE MOVING OUT", "onset": 573554.6361930291, "detected_at": 573555.326863514, "release": 573527.731539607, "returned": 573528.133517165}
[python3-3] VERIFICATION PHASE: {"t": 573555.365987626, "phase": "100 BPM STRIKE MOVING OUT", "status": "HYBRID first detected depth 9\u00b0: 100 BPM swing + hi-hat; 4\u00b0 minimum rebound before partial-return releases"}
[python3-3] VERIFICATION PHASE: {"t": 573555.437011127, "phase": "100 BPM STRIKE RETURNING", "status": "HYBRID first detected depth 9\u00b0: 100 BPM swing + hi-hat; 4\u00b0 minimum rebound before partial-return releases"}
[python3-3] HYBRID swing 68 (beat 1): target 9°; arrival error +35.0 ms; partial returns 45
[python3-6] {"event": "HIT", "instrument": "hihat", "label": "hihat_close", "time_since_start": 66.12, "event_monotonic": 573554.804151855, "score": 0.997481, "normality_score": 87.4, "notification_monotonic": 573555.614635159}
[python3-5] {"event": "HIT", "time_since_start": 66.32, "event_monotonic": 573555.0361978761, "score": 0.981249, "normality_score": 49.7, "notification_monotonic": 573555.643656566}
[python3-3] HI-HAT SOUND (visual only) #22: score=0.997; normality=87.4
[python3-3] ST7 HIT NOT SELECTED: {"reason": "no active released search (swing hits are informational)", "phase": "100 BPM STRIKE RETURNING", "onset": 573555.0361978761, "detected_at": 573555.643811515, "release": 573527.731539607, "returned": 573528.133517165}
[python3-3] J7 STRIKE LOW strike 68 [beat 1, hybrid]: 9.25 deg down from anchor; lowest J7 encoder: 23.97 deg; commanded: 9 deg
[python3-3] VERIFICATION PHASE: {"t": 573555.74551729, "phase": "100 BPM STRIKE WAITING", "status": "HYBRID first detected depth 9\u00b0: 100 BPM swing + hi-hat; 4\u00b0 minimum rebound before partial-return releases"}
[python3-3] VERIFICATION PHASE: {"t": 573555.910277631, "phase": "100 BPM STRIKE MOVING OUT", "status": "HYBRID first detected depth 9\u00b0: 100 BPM swing + hi-hat; 4\u00b0 minimum rebound before partial-return releases"}
[python3-5] {"event": "HIT", "time_since_start": 66.51, "event_monotonic": 573555.226183939, "score": 0.986377, "normality_score": 68.8, "notification_monotonic": 573555.965610837}
[python3-3] ST7 HIT NOT SELECTED: {"reason": "no active released search (swing hits are informational)", "phase": "100 BPM STRIKE MOVING OUT", "onset": 573555.226183939, "detected_at": 573555.965708775, "release": 573527.731539607, "returned": 573528.133517165}
[python3-3] HIHAT SYNC: {"kind": "skip", "index": 43, "target": 573554.809599016, "at": 573555.978074639, "reason": "ambiguous/missing: ride=0, hihat=1, neighbor_ride=2"}
[python3-3] VERIFICATION PHASE: {"t": 573556.005449004, "phase": "100 BPM STRIKE RETURNING", "status": "HYBRID first detected depth 9\u00b0: 100 BPM swing + hi-hat; 4\u00b0 minimum rebound before partial-return releases"}
[python3-3] HYBRID swing 69 (beat 2): target 9°; arrival error +9.0 ms; partial returns 45
[python3-5] {"event": "HIT", "time_since_start": 66.73, "event_monotonic": 573555.4462077699, "score": 0.999273, "normality_score": 80.7, "notification_monotonic": 573556.191887119}
[python3-3] ST7 HIT NOT SELECTED: {"reason": "no active released search (swing hits are informational)", "phase": "100 BPM STRIKE RETURNING", "onset": 573555.4462077699, "detected_at": 573556.192025265, "release": 573527.731539607, "returned": 573528.133517165}
[python3-3] J7 STRIKE LOW strike 69 [beat 2, hybrid]: 9.23 deg down from anchor; lowest J7 encoder: 23.99 deg; commanded: 9 deg
[python3-3] VERIFICATION PHASE: {"t": 573556.301035557, "phase": "100 BPM STRIKE MOVING OUT", "status": "HYBRID first detected depth 9\u00b0: 100 BPM swing + hi-hat; 4\u00b0 minimum rebound before partial-return releases"}
[python3-3] VERIFICATION PHASE: {"t": 573556.40141549, "phase": "100 BPM STRIKE RETURNING", "status": "HYBRID first detected depth 9\u00b0: 100 BPM swing + hi-hat; 4\u00b0 minimum rebound before partial-return releases"}
[python3-3] HYBRID swing 70 (extra after beat 2): target 9°; arrival error +15.0 ms; partial returns 46
[python3-5] {"event": "HIT", "time_since_start": 67.13, "event_monotonic": 573555.846207467, "score": 0.993208, "normality_score": 54.8, "notification_monotonic": 573556.495234088}
[python3-5] {"event": "HIT", "time_since_start": 67.23, "event_monotonic": 573555.946207467, "score": 0.996445, "normality_score": 34.1, "notification_monotonic": 573556.49615432}
[python3-3] ST7 HIT NOT SELECTED: {"reason": "no active released search (swing hits are informational)", "phase": "100 BPM STRIKE RETURNING", "onset": 573555.846207467, "detected_at": 573556.495337096, "release": 573527.731539607, "returned": 573528.133517165}
[python3-3] ST7 HIT NOT SELECTED: {"reason": "no active released search (swing hits are informational)", "phase": "100 BPM STRIKE RETURNING", "onset": 573555.946207467, "detected_at": 573556.496219505, "release": 573527.731539607, "returned": 573528.133517165}
[python3-3] J7 STRIKE LOW strike 70 [extra after beat 2, hybrid]: 9.25 deg down from anchor; lowest J7 encoder: 23.97 deg; commanded: 9 deg
[python3-3] VERIFICATION PHASE: {"t": 573556.538607172, "phase": "100 BPM STRIKE MOVING OUT", "status": "HYBRID first detected depth 9\u00b0: 100 BPM swing + hi-hat; 4\u00b0 minimum rebound before partial-return releases"}
[python3-3] VERIFICATION PHASE: {"t": 573556.646910342, "phase": "100 BPM STRIKE RETURNING", "status": "HYBRID first detected depth 9\u00b0: 100 BPM swing + hi-hat; 4\u00b0 minimum rebound before partial-return releases"}
[python3-3] HYBRID swing 71 (beat 3): target 9°; arrival error +35.0 ms; partial returns 47
[python3-6] {"event": "HIT", "instrument": "hihat", "label": "hihat_close", "time_since_start": 67.31, "event_monotonic": 573555.994308076, "score": 0.997465, "normality_score": 87.3, "notification_monotonic": 573556.79073166}
[python3-5] {"event": "HIT", "time_since_start": 67.5, "event_monotonic": 573556.216270115, "score": 0.99676, "normality_score": 75.9, "notification_monotonic": 573556.82623492}
[python3-3] HI-HAT SOUND (visual only) #23: score=0.997; normality=87.3
[python3-3] ST7 HIT NOT SELECTED: {"reason": "no active released search (swing hits are informational)", "phase": "100 BPM STRIKE RETURNING", "onset": 573556.216270115, "detected_at": 573556.826377053, "release": 573527.731539607, "returned": 573528.133517165}
[python3-3] J7 STRIKE LOW strike 71 [beat 3, hybrid]: 9.30 deg down from anchor; lowest J7 encoder: 23.92 deg; commanded: 9 deg
[python3-3] VERIFICATION PHASE: {"t": 573556.962374255, "phase": "100 BPM STRIKE WAITING", "status": "HYBRID first detected depth 9\u00b0: 100 BPM swing + hi-hat; 4\u00b0 minimum rebound before partial-return releases"}
[python3-3] VERIFICATION PHASE: {"t": 573557.100218142, "phase": "100 BPM STRIKE MOVING OUT", "status": "HYBRID first detected depth 9\u00b0: 100 BPM swing + hi-hat; 4\u00b0 minimum rebound before partial-return releases"}
[python3-5] {"event": "HIT", "time_since_start": 67.69, "event_monotonic": 573556.40625846, "score": 0.812343, "normality_score": 69.1, "notification_monotonic": 573557.13585089}
[python3-3] ST7 HIT NOT SELECTED: {"reason": "no active released search (swing hits are informational)", "phase": "100 BPM STRIKE MOVING OUT", "onset": 573556.40625846, "detected_at": 573557.13595475, "release": 573527.731539607, "returned": 573528.133517165}
[python3-3] HIHAT SYNC: {"kind": "match", "at": 573557.170977965, "index": 45, "target": 573556.0095990159, "ride_onset": 573555.946207467, "hihat_onset": 573555.994308076, "error": 0.04810060898307711, "commanded": 573555.910877226, "advance_used": 0.09999999999999999, "actual_advance": 0.09872178989462554, "estimate": 0.14682239887770265, "advance_before": 0.09999999999999999, "advance": 0.09999999999999999}
[python3-3] VERIFICATION PHASE: {"t": 573557.205068062, "phase": "100 BPM STRIKE RETURNING", "status": "HYBRID first detected depth 9\u00b0: 100 BPM swing + hi-hat; 4\u00b0 minimum rebound before partial-return releases"}
[python3-3] HYBRID swing 72 (beat 4): target 9°; arrival error -5.0 ms; partial returns 47
[python3-5] {"event": "HIT", "time_since_start": 67.93, "event_monotonic": 573556.646466409, "score": 0.999484, "normality_score": 78.0, "notification_monotonic": 573557.464686302}
[python3-3] ST7 HIT NOT SELECTED: {"reason": "no active released search (swing hits are informational)", "phase": "100 BPM STRIKE RETURNING", "onset": 573556.646466409, "detected_at": 573557.464821593, "release": 573527.731539607, "returned": 573528.133517165}
[python3-3] J7 STRIKE LOW strike 72 [beat 4, hybrid]: 9.25 deg down from anchor; lowest J7 encoder: 23.97 deg; commanded: 9 deg
[python3-3] VERIFICATION PHASE: {"t": 573557.50073951, "phase": "100 BPM STRIKE MOVING OUT", "status": "HYBRID first detected depth 9\u00b0: 100 BPM swing + hi-hat; 4\u00b0 minimum rebound before partial-return releases"}
[python3-3] VERIFICATION PHASE: {"t": 573557.602111053, "phase": "100 BPM STRIKE RETURNING", "status": "HYBRID first detected depth 9\u00b0: 100 BPM swing + hi-hat; 4\u00b0 minimum rebound before partial-return releases"}
[python3-3] HYBRID swing 73 (extra after beat 4): target 9°; arrival error +7.0 ms; partial returns 48
[python3-5] {"event": "HIT", "time_since_start": 68.34, "event_monotonic": 573557.0562055759, "score": 0.994393, "normality_score": 69.2, "notification_monotonic": 573557.677477306}
[python3-3] ST7 HIT NOT SELECTED: {"reason": "no active released search (swing hits are informational)", "phase": "100 BPM STRIKE RETURNING", "onset": 573557.0562055759, "detected_at": 573557.677896273, "release": 573527.731539607, "returned": 573528.133517165}
[python3-3] J7 STRIKE LOW strike 73 [extra after beat 4, hybrid]: 9.25 deg down from anchor; lowest J7 encoder: 23.97 deg; commanded: 9 deg
[python3-3] VERIFICATION PHASE: {"t": 573557.749537343, "phase": "100 BPM STRIKE MOVING OUT", "status": "HYBRID first detected depth 9\u00b0: 100 BPM swing + hi-hat; 4\u00b0 minimum rebound before partial-return releases"}
[python3-3] HYBRID swing 74 (beat 1): target 9°; arrival error +27.0 ms; partial returns 49
[python3-3] VERIFICATION PHASE: {"t": 573557.863749042, "phase": "100 BPM STRIKE RETURNING", "status": "HYBRID first detected depth 9\u00b0: 100 BPM swing + hi-hat; 4\u00b0 minimum rebound before partial-return releases"}
[python3-6] {"event": "HIT", "instrument": "hihat", "label": "hihat_close", "time_since_start": 68.51, "event_monotonic": 573557.1942944501, "score": 0.997981, "normality_score": 87.7, "notification_monotonic": 573557.953123631}
[python3-3] HI-HAT SOUND (visual only) #24: score=0.998; normality=87.7
[python3-5] {"event": "HIT", "time_since_start": 68.74, "event_monotonic": 573557.456322027, "score": 0.998691, "normality_score": 61.1, "notification_monotonic": 573558.002804432}
[python3-3] ST7 HIT NOT SELECTED: {"reason": "no active released search (swing hits are informational)", "phase": "100 BPM STRIKE RETURNING", "onset": 573557.456322027, "detected_at": 573558.002952668, "release": 573527.731539607, "returned": 573528.133517165}
[python3-3] J7 STRIKE LOW strike 74 [beat 1, hybrid]: 9.23 deg down from anchor; lowest J7 encoder: 23.99 deg; commanded: 9 deg
[python3-3] VERIFICATION PHASE: {"t": 573558.145387776, "phase": "100 BPM STRIKE WAITING", "status": "HYBRID first detected depth 9\u00b0: 100 BPM swing + hi-hat; 4\u00b0 minimum rebound before partial-return releases"}
[python3-5] {"event": "HIT", "time_since_start": 68.87, "event_monotonic": 573557.586371259, "score": 0.847791, "normality_score": 69.4, "notification_monotonic": 573558.314014282}
[python3-3] ST7 HIT NOT SELECTED: {"reason": "no active released search (swing hits are informational)", "phase": "100 BPM STRIKE MOVING OUT", "onset": 573557.586371259, "detected_at": 573558.314253313, "release": 573527.731539607, "returned": 573528.133517165}
[python3-3] VERIFICATION PHASE: {"t": 573558.31604375, "phase": "100 BPM STRIKE MOVING OUT", "status": "HYBRID first detected depth 9\u00b0: 100 BPM swing + hi-hat; 4\u00b0 minimum rebound before partial-return releases"}
[python3-3] HIHAT SYNC: {"kind": "skip", "index": 47, "target": 573557.2095990159, "at": 573558.316461846, "reason": "ambiguous/missing: ride=0, hihat=1, neighbor_ride=2"}
[python3-3] HYBRID swing 75 (beat 2): target 9°; arrival error +7.0 ms; partial returns 49
[python3-3] VERIFICATION PHASE: {"t": 573558.441244421, "phase": "100 BPM STRIKE RETURNING", "status": "HYBRID first detected depth 9\u00b0: 100 BPM swing + hi-hat; 4\u00b0 minimum rebound before partial-return releases"}
[python3-5] {"event": "HIT", "time_since_start": 69.12, "event_monotonic": 573557.8362897589, "score": 0.999451, "normality_score": 85.9, "notification_monotonic": 573558.642827742}
[python3-3] ST7 HIT NOT SELECTED: {"reason": "no active released search (swing hits are informational)", "phase": "100 BPM STRIKE RETURNING", "onset": 573557.8362897589, "detected_at": 573558.642957462, "release": 573527.731539607, "returned": 573528.133517165}
[python3-3] J7 STRIKE LOW strike 75 [beat 2, hybrid]: 9.21 deg down from anchor; lowest J7 encoder: 24.01 deg; commanded: 9 deg
[python3-3] VERIFICATION PHASE: {"t": 573558.726948805, "phase": "100 BPM STRIKE MOVING OUT", "status": "HYBRID first detected depth 9\u00b0: 100 BPM swing + hi-hat; 4\u00b0 minimum rebound before partial-return releases"}
[python3-3] VERIFICATION PHASE: {"t": 573558.796911693, "phase": "100 BPM STRIKE RETURNING", "status": "HYBRID first detected depth 9\u00b0: 100 BPM swing + hi-hat; 4\u00b0 minimum rebound before partial-return releases"}
[python3-3] HYBRID swing 76 (extra after beat 2): target 9°; arrival error +9.1 ms; partial returns 50
[python3-3] J7 STRIKE LOW strike 76 [extra after beat 2, hybrid]: 9.23 deg down from anchor; lowest J7 encoder: 23.99 deg; commanded: 9 deg
[python3-3] VERIFICATION PHASE: {"t": 573558.942862082, "phase": "100 BPM STRIKE MOVING OUT", "status": "HYBRID first detected depth 9\u00b0: 100 BPM swing + hi-hat; 4\u00b0 minimum rebound before partial-return releases"}
[python3-5] {"event": "HIT", "time_since_start": 69.53, "event_monotonic": 573558.2462913, "score": 0.992623, "normality_score": 64.1, "notification_monotonic": 573558.956562454}
[python3-3] ST7 HIT NOT SELECTED: {"reason": "no active released search (swing hits are informational)", "phase": "100 BPM STRIKE MOVING OUT", "onset": 573558.2462913, "detected_at": 573558.956699448, "release": 573527.731539607, "returned": 573528.133517165}
[python3-3] VERIFICATION PHASE: {"t": 573559.057883249, "phase": "100 BPM STRIKE RETURNING", "status": "HYBRID first detected depth 9\u00b0: 100 BPM swing + hi-hat; 4\u00b0 minimum rebound before partial-return releases"}
[python3-3] HYBRID swing 77 (beat 3): target 9°; arrival error +35.1 ms; partial returns 51
[python3-6] {"event": "HIT", "instrument": "hihat", "label": "hihat_close", "time_since_start": 69.72, "event_monotonic": 573558.4044262948, "score": 0.998738, "normality_score": 87.4, "notification_monotonic": 573559.242092162}
[python3-5] {"event": "HIT", "time_since_start": 69.87, "event_monotonic": 573558.5864181219, "score": 0.716373, "normality_score": 65.7, "notification_monotonic": 573559.282671456}
[python3-3] HI-HAT SOUND (visual only) #25: score=0.999; normality=87.4
[python3-3] ST7 HIT NOT SELECTED: {"reason": "no active released search (swing hits are informational)", "phase": "100 BPM STRIKE RETURNING", "onset": 573558.5864181219, "detected_at": 573559.282902351, "release": 573527.731539607, "returned": 573528.133517165}
[python3-3] J7 STRIKE LOW strike 77 [beat 3, hybrid]: 9.25 deg down from anchor; lowest J7 encoder: 23.97 deg; commanded: 9 deg
[python3-3] VERIFICATION PHASE: {"t": 573559.341774672, "phase": "100 BPM STRIKE WAITING", "status": "HYBRID first detected depth 9\u00b0: 100 BPM swing + hi-hat; 4\u00b0 minimum rebound before partial-return releases"}
[python3-5] {"event": "HIT", "time_since_start": 70.07, "event_monotonic": 573558.786338897, "score": 0.968075, "normality_score": 74.1, "notification_monotonic": 573559.486082517}
[python3-3] ST7 HIT NOT SELECTED: {"reason": "no active released search (swing hits are informational)", "phase": "100 BPM STRIKE MOVING OUT", "onset": 573558.786338897, "detected_at": 573559.486191628, "release": 573527.731539607, "returned": 573528.133517165}
[python3-3] VERIFICATION PHASE: {"t": 573559.507016901, "phase": "100 BPM STRIKE MOVING OUT", "status": "HYBRID first detected depth 9\u00b0: 100 BPM swing + hi-hat; 4\u00b0 minimum rebound before partial-return releases"}
[python3-3] HIHAT SYNC: {"kind": "skip", "index": 49, "target": 573558.409599016, "at": 573559.507232486, "reason": "ambiguous/missing: ride=0, hihat=1, neighbor_ride=2"}
[python3-3] VERIFICATION PHASE: {"t": 573559.607974066, "phase": "100 BPM STRIKE RETURNING", "status": "HYBRID first detected depth 9\u00b0: 100 BPM swing + hi-hat; 4\u00b0 minimum rebound before partial-return releases"}
[python3-3] HYBRID swing 78 (beat 4): target 9°; arrival error +9.0 ms; partial returns 51
[python3-5] {"event": "HIT", "time_since_start": 70.33, "event_monotonic": 573559.0463884299, "score": 0.999357, "normality_score": 89.2, "notification_monotonic": 573559.8215237}
[python3-3] ST7 HIT NOT SELECTED: {"reason": "no active released search (swing hits are informational)", "phase": "100 BPM STRIKE RETURNING", "onset": 573559.0463884299, "detected_at": 573559.821707675, "release": 573527.731539607, "returned": 573528.133517165}
[python3-3] J7 STRIKE LOW strike 78 [beat 4, hybrid]: 9.25 deg down from anchor; lowest J7 encoder: 23.97 deg; commanded: 9 deg
[python3-3] VERIFICATION PHASE: {"t": 573559.909869629, "phase": "100 BPM STRIKE MOVING OUT", "status": "HYBRID first detected depth 9\u00b0: 100 BPM swing + hi-hat; 4\u00b0 minimum rebound before partial-return releases"}
[python3-3] VERIFICATION PHASE: {"t": 573560.006875765, "phase": "100 BPM STRIKE RETURNING", "status": "HYBRID first detected depth 9\u00b0: 100 BPM swing + hi-hat; 4\u00b0 minimum rebound before partial-return releases"}
[python3-3] HYBRID swing 79 (extra after beat 4): target 9°; arrival error +13.0 ms; partial returns 52
[python3-5] {"event": "HIT", "time_since_start": 70.77, "event_monotonic": 573559.486448675, "score": 0.986899, "normality_score": 53.7, "notification_monotonic": 573560.131215407}
[python3-3] ST7 HIT NOT SELECTED: {"reason": "no active released search (swing hits are informational)", "phase": "100 BPM STRIKE RETURNING", "onset": 573559.486448675, "detected_at": 573560.131337743, "release": 573527.731539607, "returned": 573528.133517165}
[python3-3] J7 STRIKE LOW strike 79 [extra after beat 4, hybrid]: 9.25 deg down from anchor; lowest J7 encoder: 23.97 deg; commanded: 9 deg
[python3-3] VERIFICATION PHASE: {"t": 573560.195594282, "phase": "100 BPM STRIKE MOVING OUT", "status": "HYBRID first detected depth 9\u00b0: 100 BPM swing + hi-hat; 4\u00b0 minimum rebound before partial-return releases"}
[python3-3] HYBRID swing 80 (beat 1): target 9°; arrival error +37.1 ms; partial returns 53
[python3-3] VERIFICATION PHASE: {"t": 573560.267401913, "phase": "100 BPM STRIKE RETURNING", "status": "HYBRID first detected depth 9\u00b0: 100 BPM swing + hi-hat; 4\u00b0 minimum rebound before partial-return releases"}
[python3-6] {"event": "HIT", "instrument": "hihat", "label": "hihat_close", "time_since_start": 70.91, "event_monotonic": 573559.5943889741, "score": 0.997764, "normality_score": 88.0, "notification_monotonic": 573560.42058508}
[python3-3] HI-HAT SOUND (visual only) #26: score=0.998; normality=88.0
[python3-5] {"event": "HIT", "time_since_start": 71.12, "event_monotonic": 573559.836443123, "score": 0.822981, "normality_score": 53.7, "notification_monotonic": 573560.446973797}
[python3-3] ST7 HIT NOT SELECTED: {"reason": "no active released search (swing hits are informational)", "phase": "100 BPM STRIKE RETURNING", "onset": 573559.836443123, "detected_at": 573560.447116552, "release": 573527.731539607, "returned": 573528.133517165}
[python3-3] J7 STRIKE LOW strike 80 [beat 1, hybrid]: 9.23 deg down from anchor; lowest J7 encoder: 23.99 deg; commanded: 9 deg
[python3-3] VERIFICATION PHASE: {"t": 573560.550553822, "phase": "100 BPM STRIKE WAITING", "status": "HYBRID first detected depth 9\u00b0: 100 BPM swing + hi-hat; 4\u00b0 minimum rebound before partial-return releases"}
[python3-3] VERIFICATION PHASE: {"t": 573560.720014715, "phase": "100 BPM STRIKE MOVING OUT", "status": "HYBRID first detected depth 9\u00b0: 100 BPM swing + hi-hat; 4\u00b0 minimum rebound before partial-return releases"}
[python3-5] {"event": "HIT", "time_since_start": 71.31, "event_monotonic": 573560.0264218281, "score": 0.996282, "normality_score": 71.7, "notification_monotonic": 573560.763176953}
[python3-3] ST7 HIT NOT SELECTED: {"reason": "no active released search (swing hits are informational)", "phase": "100 BPM STRIKE RETURNING", "onset": 573560.0264218281, "detected_at": 573560.763306643, "release": 573527.731539607, "returned": 573528.133517165}
[python3-3] VERIFICATION PHASE: {"t": 573560.787871798, "phase": "100 BPM STRIKE RETURNING", "status": "HYBRID first detected depth 9\u00b0: 100 BPM swing + hi-hat; 4\u00b0 minimum rebound before partial-return releases"}
[python3-3] HIHAT SYNC: {"kind": "match", "at": 573560.788151216, "index": 51, "target": 573559.6095990159, "ride_onset": 573559.486448675, "hihat_onset": 573559.5943889741, "error": 0.10794029908720404, "commanded": 573559.512497515, "advance_used": 0.09999999999999999, "actual_advance": 0.09710150095634162, "estimate": 0.20504180004354566, "advance_before": 0.09999999999999999, "advance": 0.09999999999999999}
[python3-3] HYBRID swing 81 (beat 2): target 9°; arrival error +9.0 ms; partial returns 53
[python3-5] {"event": "HIT", "time_since_start": 71.53, "event_monotonic": 573560.246492001, "score": 0.998351, "normality_score": 77.8, "notification_monotonic": 573560.985384551}
[python3-3] ST7 HIT NOT SELECTED: {"reason": "no active released search (swing hits are informational)", "phase": "100 BPM STRIKE RETURNING", "onset": 573560.246492001, "detected_at": 573560.9855141, "release": 573527.731539607, "returned": 573528.133517165}
[python3-3] J7 STRIKE LOW strike 81 [beat 2, hybrid]: 9.23 deg down from anchor; lowest J7 encoder: 23.99 deg; commanded: 9 deg
[python3-3] VERIFICATION PHASE: {"t": 573561.103354587, "phase": "100 BPM STRIKE MOVING OUT", "status": "HYBRID first detected depth 9\u00b0: 100 BPM swing + hi-hat; 4\u00b0 minimum rebound before partial-return releases"}
[python3-3] VERIFICATION PHASE: {"t": 573561.205194402, "phase": "100 BPM STRIKE RETURNING", "status": "HYBRID first detected depth 9\u00b0: 100 BPM swing + hi-hat; 4\u00b0 minimum rebound before partial-return releases"}
[python3-3] HYBRID swing 82 (extra after beat 2): target 9°; arrival error +17.0 ms; partial returns 54
[python3-5] {"event": "HIT", "time_since_start": 71.99, "event_monotonic": 573560.706482671, "score": 0.998798, "normality_score": 41.4, "notification_monotonic": 573561.300146311}
[python3-3] ST7 HIT NOT SELECTED: {"reason": "no active released search (swing hits are informational)", "phase": "100 BPM STRIKE RETURNING", "onset": 573560.706482671, "detected_at": 573561.300281983, "release": 573527.731539607, "returned": 573528.133517165}
[python3-3] J7 STRIKE LOW strike 82 [extra after beat 2, hybrid]: 9.25 deg down from anchor; lowest J7 encoder: 23.97 deg; commanded: 9 deg
[python3-3] VERIFICATION PHASE: {"t": 573561.360615348, "phase": "100 BPM STRIKE MOVING OUT", "status": "HYBRID first detected depth 9\u00b0: 100 BPM swing + hi-hat; 4\u00b0 minimum rebound before partial-return releases"}
[python3-3] VERIFICATION PHASE: {"t": 573561.430609005, "phase": "100 BPM STRIKE RETURNING", "status": "HYBRID first detected depth 9\u00b0: 100 BPM swing + hi-hat; 4\u00b0 minimum rebound before partial-return releases"}
[python3-3] HYBRID swing 83 (beat 3): target 9°; arrival error +39.1 ms; partial returns 55
[python3-6] {"event": "HIT", "instrument": "hihat", "label": "hihat_close", "time_since_start": 72.12, "event_monotonic": 573560.804492355, "score": 0.997288, "normality_score": 87.6, "notification_monotonic": 573561.590350471}
[python3-3] HI-HAT SOUND (visual only) #27: score=0.997; normality=87.6
[python3-3] J7 STRIKE LOW strike 83 [beat 3, hybrid]: 9.25 deg down from anchor; lowest J7 encoder: 23.97 deg; commanded: 9 deg
[python3-3] VERIFICATION PHASE: {"t": 573561.775431915, "phase": "100 BPM STRIKE WAITING", "status": "HYBRID first detected depth 9\u00b0: 100 BPM swing + hi-hat; 4\u00b0 minimum rebound before partial-return releases"}
[python3-3] VERIFICATION PHASE: {"t": 573561.904948076, "phase": "100 BPM STRIKE MOVING OUT", "status": "HYBRID first detected depth 9\u00b0: 100 BPM swing + hi-hat; 4\u00b0 minimum rebound before partial-return releases"}
[python3-5] {"event": "HIT", "time_since_start": 72.51, "event_monotonic": 573561.226567131, "score": 0.998167, "normality_score": 76.7, "notification_monotonic": 573561.941917338}
[python3-3] ST7 HIT NOT SELECTED: {"reason": "no active released search (swing hits are informational)", "phase": "100 BPM STRIKE MOVING OUT", "onset": 573561.226567131, "detected_at": 573561.942123956, "release": 573527.731539607, "returned": 573528.133517165}
[python3-3] HIHAT SYNC: {"kind": "match", "at": 573561.971866581, "index": 53, "target": 573560.809599016, "ride_onset": 573560.706482671, "hihat_onset": 573560.804492355, "error": 0.09800968400668353, "commanded": 573560.720411299, "advance_used": 0.09999999999999999, "actual_advance": 0.08918771694879979, "estimate": 0.18719740095548332, "advance_before": 0.09999999999999999, "advance": 0.09999999999999999}
[python3-3] VERIFICATION PHASE: {"t": 573562.006032435, "phase": "100 BPM STRIKE RETURNING", "status": "HYBRID first detected depth 9\u00b0: 100 BPM swing + hi-hat; 4\u00b0 minimum rebound before partial-return releases"}
[python3-3] HYBRID swing 84 (beat 4): target 9°; arrival error -1.0 ms; partial returns 55
[python3-5] {"event": "HIT", "time_since_start": 72.73, "event_monotonic": 573561.446455092, "score": 0.999155, "normality_score": 84.9, "notification_monotonic": 573562.259833193}
[python3-3] ST7 HIT NOT SELECTED: {"reason": "no active released search (swing hits are informational)", "phase": "100 BPM STRIKE RETURNING", "onset": 573561.446455092, "detected_at": 573562.259947793, "release": 573527.731539607, "returned": 573528.133517165}
[python3-3] J7 STRIKE LOW strike 84 [beat 4, hybrid]: 9.25 deg down from anchor; lowest J7 encoder: 23.97 deg; commanded: 9 deg
[python3-3] VERIFICATION PHASE: {"t": 573562.294675649, "phase": "100 BPM STRIKE MOVING OUT", "status": "HYBRID first detected depth 9\u00b0: 100 BPM swing + hi-hat; 4\u00b0 minimum rebound before partial-return releases"}
[python3-3] VERIFICATION PHASE: {"t": 573562.402757704, "phase": "100 BPM STRIKE RETURNING", "status": "HYBRID first detected depth 9\u00b0: 100 BPM swing + hi-hat; 4\u00b0 minimum rebound before partial-return releases"}
[python3-3] HYBRID swing 85 (extra after beat 4): target 9°; arrival error +19.0 ms; partial returns 56
[python3-5] {"event": "HIT", "time_since_start": 73.15, "event_monotonic": 573561.8664190919, "score": 0.996139, "normality_score": 66.5, "notification_monotonic": 573562.474233716}
[python3-3] ST7 HIT NOT SELECTED: {"reason": "no active released search (swing hits are informational)", "phase": "100 BPM STRIKE RETURNING", "onset": 573561.8664190919, "detected_at": 573562.474328809, "release": 573527.731539607, "returned": 573528.133517165}
[python3-3] J7 STRIKE LOW strike 85 [extra after beat 4, hybrid]: 9.25 deg down from anchor; lowest J7 encoder: 23.97 deg; commanded: 9 deg
[python3-3] VERIFICATION PHASE: {"t": 573562.548688224, "phase": "100 BPM STRIKE MOVING OUT", "status": "HYBRID first detected depth 9\u00b0: 100 BPM swing + hi-hat; 4\u00b0 minimum rebound before partial-return releases"}
[python3-3] VERIFICATION PHASE: {"t": 573562.658770401, "phase": "100 BPM STRIKE RETURNING", "status": "HYBRID first detected depth 9\u00b0: 100 BPM swing + hi-hat; 4\u00b0 minimum rebound before partial-return releases"}
[python3-3] HYBRID swing 86 (beat 1): target 9°; arrival error +39.0 ms; partial returns 57
[python3-6] {"event": "HIT", "instrument": "hihat", "label": "hihat_close", "time_since_start": 73.31, "event_monotonic": 573561.994463272, "score": 0.998402, "normality_score": 87.0, "notification_monotonic": 573562.753582652}
[python3-5] {"event": "HIT", "time_since_start": 73.47, "event_monotonic": 573562.186477973, "score": 0.937847, "normality_score": 68.8, "notification_monotonic": 573562.794321133}
[python3-3] ST7 HIT NOT SELECTED: {"reason": "no active released search (swing hits are informational)", "phase": "100 BPM STRIKE RETURNING", "onset": 573562.186477973, "detected_at": 573562.794452716, "release": 573527.731539607, "returned": 573528.133517165}
[python3-3] HI-HAT SOUND (visual only) #28: score=0.998; normality=87.0
[python3-3] J7 STRIKE LOW strike 86 [beat 1, hybrid]: 9.28 deg down from anchor; lowest J7 encoder: 23.95 deg; commanded: 9 deg
[python3-3] VERIFICATION PHASE: {"t": 573562.938890251, "phase": "100 BPM STRIKE WAITING", "status": "HYBRID first detected depth 9\u00b0: 100 BPM swing + hi-hat; 4\u00b0 minimum rebound before partial-return releases"}
[python3-3] VERIFICATION PHASE: {"t": 573563.113975064, "phase": "100 BPM STRIKE MOVING OUT", "status": "HYBRID first detected depth 9\u00b0: 100 BPM swing + hi-hat; 4\u00b0 minimum rebound before partial-return releases"}
[python3-5] {"event": "HIT", "time_since_start": 73.72, "event_monotonic": 573562.4364685641, "score": 0.997476, "normality_score": 63.4, "notification_monotonic": 573563.119542816}
[python3-3] ST7 HIT NOT SELECTED: {"reason": "no active released search (swing hits are informational)", "phase": "100 BPM STRIKE MOVING OUT", "onset": 573562.4364685641, "detected_at": 573563.119660443, "release": 573527.731539607, "returned": 573528.133517165}
[python3-3] HIHAT SYNC: {"kind": "skip", "index": 55, "target": 573562.0095990159, "at": 573563.146903415, "reason": "ambiguous/missing: ride=0, hihat=1, neighbor_ride=2"}
[python3-3] VERIFICATION PHASE: {"t": 573563.177836172, "phase": "100 BPM STRIKE RETURNING", "status": "HYBRID first detected depth 9\u00b0: 100 BPM swing + hi-hat; 4\u00b0 minimum rebound before partial-return releases"}
[python3-3] HYBRID swing 87 (beat 2): target 9°; arrival error -0.6 ms; partial returns 57
[python3-5] {"event": "HIT", "time_since_start": 73.95, "event_monotonic": 573562.66653534, "score": 0.998302, "normality_score": 84.1, "notification_monotonic": 573563.439934258}
[python3-3] ST7 HIT NOT SELECTED: {"reason": "no active released search (swing hits are informational)", "phase": "100 BPM STRIKE RETURNING", "onset": 573562.66653534, "detected_at": 573563.440069829, "release": 573527.731539607, "returned": 573528.133517165}
[python3-3] J7 STRIKE LOW strike 87 [beat 2, hybrid]: 9.23 deg down from anchor; lowest J7 encoder: 23.99 deg; commanded: 9 deg
[python3-3] VERIFICATION PHASE: {"t": 573563.506204596, "phase": "100 BPM STRIKE MOVING OUT", "status": "HYBRID first detected depth 9\u00b0: 100 BPM swing + hi-hat; 4\u00b0 minimum rebound before partial-return releases"}
[python3-3] VERIFICATION PHASE: {"t": 573563.603889719, "phase": "100 BPM STRIKE RETURNING", "status": "HYBRID first detected depth 9\u00b0: 100 BPM swing + hi-hat; 4\u00b0 minimum rebound before partial-return releases"}
[python3-3] HYBRID swing 88 (extra after beat 2): target 9°; arrival error +9.3 ms; partial returns 58
[python3-3] J7 STRIKE LOW strike 88 [extra after beat 2, hybrid]: 9.23 deg down from anchor; lowest J7 encoder: 23.99 deg; commanded: 9 deg
[python3-5] {"event": "HIT", "time_since_start": 74.32, "event_monotonic": 573563.036543764, "score": 0.795265, "normality_score": 65.7, "notification_monotonic": 573563.747796893}
[python3-3] ST7 HIT NOT SELECTED: {"reason": "no active released search (swing hits are informational)", "phase": "100 BPM STRIKE MOVING OUT", "onset": 573563.036543764, "detected_at": 573563.747904791, "release": 573527.731539607, "returned": 573528.133517165}
[python3-3] VERIFICATION PHASE: {"t": 573563.755581143, "phase": "100 BPM STRIKE MOVING OUT", "status": "HYBRID first detected depth 9\u00b0: 100 BPM swing + hi-hat; 4\u00b0 minimum rebound before partial-return releases"}
[python3-3] VERIFICATION PHASE: {"t": 573563.827778144, "phase": "100 BPM STRIKE RETURNING", "status": "HYBRID first detected depth 9\u00b0: 100 BPM swing + hi-hat; 4\u00b0 minimum rebound before partial-return releases"}
[python3-3] HYBRID swing 89 (beat 3): target 9°; arrival error +33.3 ms; partial returns 59
[python3-6] {"event": "HIT", "instrument": "hihat", "label": "hihat_close", "time_since_start": 74.51, "event_monotonic": 573563.1945488399, "score": 0.997855, "normality_score": 87.2, "notification_monotonic": 573564.039477987}
[python3-5] {"event": "HIT", "time_since_start": 74.74, "event_monotonic": 573563.456516249, "score": 0.98401, "normality_score": 59.5, "notification_monotonic": 573564.07434471}
[python3-3] HI-HAT SOUND (visual only) #29: score=0.998; normality=87.2
[python3-3] ST7 HIT NOT SELECTED: {"reason": "no active released search (swing hits are informational)", "phase": "100 BPM STRIKE RETURNING", "onset": 573563.456516249, "detected_at": 573564.074534366, "release": 573527.731539607, "returned": 573528.133517165}
[python3-3] J7 STRIKE LOW strike 89 [beat 3, hybrid]: 9.23 deg down from anchor; lowest J7 encoder: 23.99 deg; commanded: 9 deg
[python3-3] VERIFICATION PHASE: {"t": 573564.137233697, "phase": "100 BPM STRIKE WAITING", "status": "HYBRID first detected depth 9\u00b0: 100 BPM swing + hi-hat; 4\u00b0 minimum rebound before partial-return releases"}
[python3-5] {"event": "HIT", "time_since_start": 74.91, "event_monotonic": 573563.626535625, "score": 0.916417, "normality_score": 70.6, "notification_monotonic": 573564.289324921}
[python3-3] ST7 HIT NOT SELECTED: {"reason": "no active released search (swing hits are informational)", "phase": "100 BPM STRIKE MOVING OUT", "onset": 573563.626535625, "detected_at": 573564.289440594, "release": 573527.731539607, "returned": 573528.133517165}
[python3-3] VERIFICATION PHASE: {"t": 573564.309489692, "phase": "100 BPM STRIKE MOVING OUT", "status": "HYBRID first detected depth 9\u00b0: 100 BPM swing + hi-hat; 4\u00b0 minimum rebound before partial-return releases"}
[python3-3] HIHAT SYNC: {"kind": "skip", "index": 57, "target": 573563.2095990159, "at": 573564.309822844, "reason": "ambiguous/missing: ride=0, hihat=1, neighbor_ride=2"}
[python3-3] VERIFICATION PHASE: {"t": 573564.405269036, "phase": "100 BPM STRIKE RETURNING", "status": "HYBRID first detected depth 9\u00b0: 100 BPM swing + hi-hat; 4\u00b0 minimum rebound before partial-return releases"}
[python3-3] HYBRID swing 90 (beat 4): target 9°; arrival error +7.9 ms; partial returns 59
[python3-3] J7 STRIKE LOW strike 90 [beat 4, hybrid]: 9.23 deg down from anchor; lowest J7 encoder: 23.99 deg; commanded: 9 deg
[python3-3] VERIFICATION PHASE: {"t": 573564.704474911, "phase": "100 BPM STRIKE MOVING OUT", "status": "HYBRID first detected depth 9\u00b0: 100 BPM swing + hi-hat; 4\u00b0 minimum rebound before partial-return releases"}
[python3-3] VERIFICATION PHASE: {"t": 573564.803739598, "phase": "100 BPM STRIKE RETURNING", "status": "HYBRID first detected depth 9\u00b0: 100 BPM swing + hi-hat; 4\u00b0 minimum rebound before partial-return releases"}
[python3-3] HYBRID swing 91 (extra after beat 4): target 9°; arrival error +15.9 ms; partial returns 60
[python3-5] {"event": "HIT", "time_since_start": 75.63, "event_monotonic": 573564.346592172, "score": 0.999721, "normality_score": 38.8, "notification_monotonic": 573564.931514004}
[python3-3] J7 STRIKE LOW strike 91 [extra after beat 4, hybrid]: 9.25 deg down from anchor; lowest J7 encoder: 23.97 deg; commanded: 9 deg
[python3-3] ST7 HIT NOT SELECTED: {"reason": "no active released search (swing hits are informational)", "phase": "100 BPM STRIKE MOVING OUT", "onset": 573564.346592172, "detected_at": 573564.931778954, "release": 573527.731539607, "returned": 573528.133517165}
[python3-3] VERIFICATION PHASE: {"t": 573564.962128298, "phase": "100 BPM STRIKE MOVING OUT", "status": "HYBRID first detected depth 9\u00b0: 100 BPM swing + hi-hat; 4\u00b0 minimum rebound before partial-return releases"}
[python3-3] VERIFICATION PHASE: {"t": 573565.031661149, "phase": "100 BPM STRIKE RETURNING", "status": "HYBRID first detected depth 9\u00b0: 100 BPM swing + hi-hat; 4\u00b0 minimum rebound before partial-return releases"}
[python3-3] HYBRID swing 92 (beat 1): target 9°; arrival error +35.9 ms; partial returns 61
[python3-6] {"event": "HIT", "instrument": "hihat", "label": "hihat_close", "time_since_start": 75.71, "event_monotonic": 573564.3945658561, "score": 0.998251, "normality_score": 88.4, "notification_monotonic": 573565.217469572}
[python3-3] HI-HAT SOUND (visual only) #30: score=0.998; normality=88.4
[python3-5] {"event": "HIT", "time_since_start": 75.95, "event_monotonic": 573564.6666355331, "score": 0.801034, "normality_score": 50.6, "notification_monotonic": 573565.254548435}
[python3-3] ST7 HIT NOT SELECTED: {"reason": "no active released search (swing hits are informational)", "phase": "100 BPM STRIKE RETURNING", "onset": 573564.6666355331, "detected_at": 573565.254805731, "release": 573527.731539607, "returned": 573528.133517165}
[python3-3] J7 STRIKE LOW strike 92 [beat 1, hybrid]: 9.25 deg down from anchor; lowest J7 encoder: 23.97 deg; commanded: 9 deg
[python3-3] VERIFICATION PHASE: {"t": 573565.342401415, "phase": "100 BPM STRIKE WAITING", "status": "HYBRID first detected depth 9\u00b0: 100 BPM swing + hi-hat; 4\u00b0 minimum rebound before partial-return releases"}
[python3-3] VERIFICATION PHASE: {"t": 573565.503489565, "phase": "100 BPM STRIKE MOVING OUT", "status": "HYBRID first detected depth 9\u00b0: 100 BPM swing + hi-hat; 4\u00b0 minimum rebound before partial-return releases"}
[python3-5] {"event": "HIT", "time_since_start": 76.11, "event_monotonic": 573564.8266231581, "score": 0.991264, "normality_score": 68.2, "notification_monotonic": 573565.56196392}
[python3-3] ST7 HIT NOT SELECTED: {"reason": "no active released search (swing hits are informational)", "phase": "100 BPM STRIKE MOVING OUT", "onset": 573564.8266231581, "detected_at": 573565.562361034, "release": 573527.731539607, "returned": 573528.133517165}
[python3-3] HIHAT SYNC: {"kind": "match", "at": 573565.573301723, "index": 59, "target": 573564.409599016, "ride_onset": 573564.346592172, "hihat_onset": 573564.3945658561, "error": 0.047973684035241604, "commanded": 573564.310160474, "advance_used": 0.09999999999999999, "actual_advance": 0.09943854191806167, "estimate": 0.14741222595330328, "advance_before": 0.09999999999999999, "advance": 0.09999999999999999}
[python3-3] VERIFICATION PHASE: {"t": 573565.607060122, "phase": "100 BPM STRIKE RETURNING", "status": "HYBRID first detected depth 9\u00b0: 100 BPM swing + hi-hat; 4\u00b0 minimum rebound before partial-return releases"}
[python3-3] HYBRID swing 93 (beat 2): target 9°; arrival error +12.0 ms; partial returns 61
[python3-5] {"event": "HIT", "time_since_start": 76.33, "event_monotonic": 573565.046667382, "score": 0.99955, "normality_score": 81.1, "notification_monotonic": 573565.787210991}
[python3-3] ST7 HIT NOT SELECTED: {"reason": "no active released search (swing hits are informational)", "phase": "100 BPM STRIKE RETURNING", "onset": 573565.046667382, "detected_at": 573565.787357994, "release": 573527.731539607, "returned": 573528.133517165}
[python3-3] J7 STRIKE LOW strike 93 [beat 2, hybrid]: 9.23 deg down from anchor; lowest J7 encoder: 23.99 deg; commanded: 9 deg
[python3-3] VERIFICATION PHASE: {"t": 573565.934908504, "phase": "100 BPM STRIKE MOVING OUT", "status": "HYBRID first detected depth 9\u00b0: 100 BPM swing + hi-hat; 4\u00b0 minimum rebound before partial-return releases"}
[python3-3] VERIFICATION PHASE: {"t": 573566.005170899, "phase": "100 BPM STRIKE RETURNING", "status": "HYBRID first detected depth 9\u00b0: 100 BPM swing + hi-hat; 4\u00b0 minimum rebound before partial-return releases"}
[python3-3] HYBRID swing 94 (extra after beat 2): target 9°; arrival error +17.9 ms; partial returns 62
[python3-5] {"event": "HIT", "time_since_start": 76.79, "event_monotonic": 573565.506657994, "score": 0.943539, "normality_score": 40.5, "notification_monotonic": 573566.100597804}
[python3-3] ST7 HIT NOT SELECTED: {"reason": "no active released search (swing hits are informational)", "phase": "100 BPM STRIKE RETURNING", "onset": 573565.506657994, "detected_at": 573566.100790806, "release": 573527.731539607, "returned": 573528.133517165}
[python3-3] J7 STRIKE LOW strike 94 [extra after beat 2, hybrid]: 9.23 deg down from anchor; lowest J7 encoder: 23.99 deg; commanded: 9 deg
[python3-3] VERIFICATION PHASE: {"t": 573566.155771383, "phase": "100 BPM STRIKE MOVING OUT", "status": "HYBRID first detected depth 9\u00b0: 100 BPM swing + hi-hat; 4\u00b0 minimum rebound before partial-return releases"}
[python3-3] HYBRID swing 95 (beat 3): target 9°; arrival error +33.9 ms; partial returns 63
[python3-3] VERIFICATION PHASE: {"t": 573566.264841521, "phase": "100 BPM STRIKE RETURNING", "status": "HYBRID first detected depth 9\u00b0: 100 BPM swing + hi-hat; 4\u00b0 minimum rebound before partial-return releases"}
[python3-6] {"event": "HIT", "instrument": "hihat", "label": "hihat_close", "time_since_start": 76.92, "event_monotonic": 573565.6046834069, "score": 0.997655, "normality_score": 86.7, "notification_monotonic": 573566.390748001}
[python3-3] HI-HAT SOUND (visual only) #31: score=0.998; normality=86.7
[python3-3] J7 STRIKE LOW strike 95 [beat 3, hybrid]: 9.25 deg down from anchor; lowest J7 encoder: 23.97 deg; commanded: 9 deg
[python3-3] VERIFICATION PHASE: {"t": 573566.556575086, "phase": "100 BPM STRIKE WAITING", "status": "HYBRID first detected depth 9\u00b0: 100 BPM swing + hi-hat; 4\u00b0 minimum rebound before partial-return releases"}
[python3-3] VERIFICATION PHASE: {"t": 573566.72980136, "phase": "100 BPM STRIKE MOVING OUT", "status": "HYBRID first detected depth 9\u00b0: 100 BPM swing + hi-hat; 4\u00b0 minimum rebound before partial-return releases"}
[python3-5] {"event": "HIT", "time_since_start": 77.31, "event_monotonic": 573566.026718847, "score": 0.999657, "normality_score": 72.5, "notification_monotonic": 573566.738552102}
[python3-3] ST7 HIT NOT SELECTED: {"reason": "no active released search (swing hits are informational)", "phase": "100 BPM STRIKE MOVING OUT", "onset": 573566.026718847, "detected_at": 573566.738683535, "release": 573527.731539607, "returned": 573528.133517165}
[python3-3] HIHAT SYNC: {"kind": "match", "at": 573566.76465044, "index": 61, "target": 573565.6095990159, "ride_onset": 573565.506657994, "hihat_onset": 573565.6046834069, "error": 0.09802541288081557, "commanded": 573565.514207595, "advance_used": 0.09999999999999999, "actual_advance": 0.09539142088033259, "estimate": 0.19341683376114815, "advance_before": 0.09999999999999999, "advance": 0.09999999999999999}
[python3-3] VERIFICATION PHASE: {"t": 573566.796655111, "phase": "100 BPM STRIKE RETURNING", "status": "HYBRID first detected depth 9\u00b0: 100 BPM swing + hi-hat; 4\u00b0 minimum rebound before partial-return releases"}
[python3-3] HYBRID swing 96 (beat 4): target 9°; arrival error +9.9 ms; partial returns 63
[python3-5] {"event": "HIT", "time_since_start": 77.53, "event_monotonic": 573566.24668514, "score": 0.997627, "normality_score": 82.6, "notification_monotonic": 573567.06402002}
[python3-3] ST7 HIT NOT SELECTED: {"reason": "no active released search (swing hits are informational)", "phase": "100 BPM STRIKE RETURNING", "onset": 573566.24668514, "detected_at": 573567.064137356, "release": 573527.731539607, "returned": 573528.133517165}
[python3-3] J7 STRIKE LOW strike 96 [beat 4, hybrid]: 9.23 deg down from anchor; lowest J7 encoder: 23.99 deg; commanded: 9 deg
[python3-3] VERIFICATION PHASE: {"t": 573567.103848598, "phase": "100 BPM STRIKE MOVING OUT", "status": "HYBRID first detected depth 9\u00b0: 100 BPM swing + hi-hat; 4\u00b0 minimum rebound before partial-return releases"}
[python3-3] VERIFICATION PHASE: {"t": 573567.201943752, "phase": "100 BPM STRIKE RETURNING", "status": "HYBRID first detected depth 9\u00b0: 100 BPM swing + hi-hat; 4\u00b0 minimum rebound before partial-return releases"}
[python3-3] HYBRID swing 97 (extra after beat 4): target 9°; arrival error +14.2 ms; partial returns 64
[python3-5] {"event": "HIT", "time_since_start": 78.05, "event_monotonic": 573566.766653911, "score": 0.99947, "normality_score": 39.3, "notification_monotonic": 573567.279696371}
[python3-3] ST7 HIT NOT SELECTED: {"reason": "no active released search (swing hits are informational)", "phase": "100 BPM STRIKE RETURNING", "onset": 573566.766653911, "detected_at": 573567.279806022, "release": 573527.731539607, "returned": 573528.133517165}
[python3-3] J7 STRIKE LOW strike 97 [extra after beat 4, hybrid]: 9.23 deg down from anchor; lowest J7 encoder: 23.99 deg; commanded: 9 deg
[python3-3] VERIFICATION PHASE: {"t": 573567.350019673, "phase": "100 BPM STRIKE MOVING OUT", "status": "HYBRID first detected depth 9\u00b0: 100 BPM swing + hi-hat; 4\u00b0 minimum rebound before partial-return releases"}
[python3-3] VERIFICATION PHASE: {"t": 573567.450498256, "phase": "100 BPM STRIKE RETURNING", "status": "HYBRID first detected depth 9\u00b0: 100 BPM swing + hi-hat; 4\u00b0 minimum rebound before partial-return releases"}
[python3-3] HYBRID swing 98 (beat 1): target 9°; arrival error +35.9 ms; partial returns 65
[python3-6] {"event": "HIT", "instrument": "hihat", "label": "hihat_close", "time_since_start": 78.13, "event_monotonic": 573566.8146955159, "score": 0.998189, "normality_score": 86.9, "notification_monotonic": 573567.558618115}
[python3-3] HI-HAT SOUND (visual only) #32: score=0.998; normality=86.9
[python3-3] J7 STRIKE LOW strike 98 [beat 1, hybrid]: 9.25 deg down from anchor; lowest J7 encoder: 23.97 deg; commanded: 9 deg
[python3-3] VERIFICATION PHASE: {"t": 573567.773174639, "phase": "100 BPM STRIKE WAITING", "status": "HYBRID first detected depth 9\u00b0: 100 BPM swing + hi-hat; 4\u00b0 minimum rebound before partial-return releases"}
[python3-3] VERIFICATION PHASE: {"t": 573567.908301695, "phase": "100 BPM STRIKE MOVING OUT", "status": "HYBRID first detected depth 9\u00b0: 100 BPM swing + hi-hat; 4\u00b0 minimum rebound before partial-return releases"}
[python3-5] {"event": "HIT", "time_since_start": 78.51, "event_monotonic": 573567.226674185, "score": 0.999648, "normality_score": 79.3, "notification_monotonic": 573567.915573609}
[python3-3] ST7 HIT NOT SELECTED: {"reason": "no active released search (swing hits are informational)", "phase": "100 BPM STRIKE MOVING OUT", "onset": 573567.226674185, "detected_at": 573567.915946407, "release": 573527.731539607, "returned": 573528.133517165}
[python3-3] HIHAT SYNC: {"kind": "match", "at": 573567.940055835, "index": 63, "target": 573566.809599016, "ride_onset": 573566.766653911, "hihat_onset": 573566.8146955159, "error": 0.04804160492494702, "commanded": 573566.730202022, "advance_used": 0.09999999999999999, "actual_advance": 0.07939699396956712, "estimate": 0.12743859889451414, "advance_before": 0.09999999999999999, "advance": 0.10999999999999999}
[python3-3] VERIFICATION PHASE: {"t": 573568.003851777, "phase": "100 BPM STRIKE RETURNING", "status": "HYBRID first detected depth 9\u00b0: 100 BPM swing + hi-hat; 4\u00b0 minimum rebound before partial-return releases"}
[python3-3] HYBRID swing 99 (beat 2): target 9°; arrival error +7.9 ms; partial returns 65
[python3-3] J7 STRIKE LOW strike 99 [beat 2, hybrid]: 9.23 deg down from anchor; lowest J7 encoder: 23.99 deg; commanded: 9 deg
[python3-3] VERIFICATION PHASE: {"t": 573568.300165774, "phase": "100 BPM STRIKE MOVING OUT", "status": "HYBRID first detected depth 9\u00b0: 100 BPM swing + hi-hat; 4\u00b0 minimum rebound before partial-return releases"}
[python3-3] VERIFICATION PHASE: {"t": 573568.404256994, "phase": "100 BPM STRIKE RETURNING", "status": "HYBRID first detected depth 9\u00b0: 100 BPM swing + hi-hat; 4\u00b0 minimum rebound before partial-return releases"}
[python3-3] HYBRID swing 100 (extra after beat 2): target 9°; arrival error +13.9 ms; partial returns 66
[python3-3] J7 STRIKE LOW strike 100 [extra after beat 2, hybrid]: 9.21 deg down from anchor; lowest J7 encoder: 24.01 deg; commanded: 9 deg
[python3-3] VERIFICATION PHASE: {"t": 573568.531426846, "phase": "100 BPM STRIKE MOVING OUT", "status": "HYBRID first detected depth 9\u00b0: 100 BPM swing + hi-hat; 4\u00b0 minimum rebound before partial-return releases"}
[python3-5] {"event": "HIT", "time_since_start": 79.24, "event_monotonic": 573567.956772953, "score": 0.999752, "normality_score": 37.1, "notification_monotonic": 573568.551787375}
[python3-3] ST7 HIT NOT SELECTED: {"reason": "no active released search (swing hits are informational)", "phase": "100 BPM STRIKE MOVING OUT", "onset": 573567.956772953, "detected_at": 573568.551926964, "release": 573527.731539607, "returned": 573528.133517165}
[python3-3] VERIFICATION PHASE: {"t": 573568.643162578, "phase": "100 BPM STRIKE RETURNING", "status": "HYBRID first detected depth 9\u00b0: 100 BPM swing + hi-hat; 4\u00b0 minimum rebound before partial-return releases"}
[python3-3] HYBRID swing 101 (beat 3): target 9°; arrival error +37.9 ms; partial returns 67
[python3-6] {"event": "HIT", "instrument": "hihat", "label": "hihat_close", "time_since_start": 79.32, "event_monotonic": 573568.0048159119, "score": 0.998527, "normality_score": 87.4, "notification_monotonic": 573568.844873726}
[python3-3] HI-HAT SOUND (visual only) #33: score=0.999; normality=87.4
[python3-3] J7 STRIKE LOW strike 101 [beat 3, hybrid]: 9.25 deg down from anchor; lowest J7 encoder: 23.97 deg; commanded: 9 deg
[python3-3] VERIFICATION PHASE: {"t": 573568.968292806, "phase": "100 BPM STRIKE WAITING", "status": "HYBRID first detected depth 9\u00b0: 100 BPM swing + hi-hat; 4\u00b0 minimum rebound before partial-return releases"}
[python3-5] {"event": "HIT", "time_since_start": 79.71, "event_monotonic": 573568.426726852, "score": 0.999416, "normality_score": 69.5, "notification_monotonic": 573569.092240393}
[python3-3] ST7 HIT NOT SELECTED: {"reason": "no active released search (swing hits are informational)", "phase": "100 BPM STRIKE MOVING OUT", "onset": 573568.426726852, "detected_at": 573569.092671513, "release": 573527.731539607, "returned": 573528.133517165}
[python3-3] VERIFICATION PHASE: {"t": 573569.106289678, "phase": "100 BPM STRIKE MOVING OUT", "status": "HYBRID first detected depth 9\u00b0: 100 BPM swing + hi-hat; 4\u00b0 minimum rebound before partial-return releases"}
[python3-3] HIHAT SYNC: {"kind": "match", "at": 573569.106449907, "index": 65, "target": 573568.0095990159, "ride_onset": 573567.956772953, "hihat_onset": 573568.0048159119, "error": 0.04804295883513987, "commanded": 573567.913819882, "advance_used": 0.09999999999999999, "actual_advance": 0.09577913396060467, "estimate": 0.14382209279574454, "advance_before": 0.10999999999999999, "advance": 0.11999999999999998}
[python3-3] VERIFICATION PHASE: {"t": 573569.206679911, "phase": "100 BPM STRIKE RETURNING", "status": "HYBRID first detected depth 9\u00b0: 100 BPM swing + hi-hat; 4\u00b0 minimum rebound before partial-return releases"}
[python3-3] HYBRID swing 102 (beat 4): target 9°; arrival error +9.9 ms; partial returns 67
[python3-3] VERIFICATION: five seconds of swing measured; Center + Relax requested
[python3-3] HIHAT SYNC: {"kind": "stop", "at": 573569.241573857, "advance": 0.11999999999999998, "matches": 22, "skips": 11}
[python3-3] Stop requested — finishing hybrid return, then Center + Relax
[python3-3] VERIFICATION PHASE: {"t": 573569.273909035, "phase": "HYBRID FINISHING RETURN", "status": "Stop requested \u2014 finishing hybrid return, then Center + Relax"}
[python3-3] J7 STRIKE LOW strike 102 [beat 4, hybrid]: 9.23 deg down from anchor; lowest J7 encoder: 23.99 deg; commanded: 9 deg
[python3-3] Hybrid stopped; J7 stays powered in its current mode until verified center, then relax
[python3-3] VERIFICATION PHASE: {"t": 573569.654276164, "phase": "CENTER RELAX RECENTERING", "status": "Hybrid stopped; J7 stays powered in its current mode until verified center, then relax"}
[python3-5] {"event": "HIT", "time_since_start": 80.43, "event_monotonic": 573569.1467544921, "score": 0.999731, "normality_score": 36.1, "notification_monotonic": 573569.726423699}
[python3-3] ST7 HIT NOT SELECTED: {"reason": "no active released search (swing hits are informational)", "phase": "CENTER RELAX RECENTERING", "onset": 573569.1467544921, "detected_at": 573569.726534884, "release": 573527.731539607, "returned": 573528.133517165}
[python3-6] {"event": "HIT", "instrument": "hihat", "label": "hihat_close", "time_since_start": 80.51, "event_monotonic": 573569.194771792, "score": 0.996675, "normality_score": 85.3, "notification_monotonic": 573570.008574151}
[python3-3] HI-HAT SOUND (visual only) #34: score=0.997; normality=85.3
[python3-3] CENTER VERIFIED BEFORE RELAX: {"t": 573575.093678347, "goal_rad": [0.0, 0.0, 0.0, 0.0, 0.0, 0.0, 1.4], "actual_rad": [0.0005754177157246687, 0.00019180590524214836, 0.00019180590524214836, 0.0005754177157246687, -8.702166785959364e-05, 0.00019180590524214836, 1.3992240787365535], "max_error_deg": 0.0989070197042463, "span_deg": 0.08791735084818501, "settled_s": 0.633629241026938}
[python3-3] VERIFICATION PHASE: {"t": 573575.117331537, "phase": "RELAXING", "status": "Center + Relax complete; centered; right motors disabled \u2014 confirming disabled feedback"}
[python3-3] VERIFICATION PHASE: {"t": 573575.161117787, "phase": "RELAXED", "status": "Right motors disabled"}
[python3-3] PHYSICAL SWING RESULT: {"success": true, "physical": true, "duration_s": 40.40991114301141, "motion_success": true, "st7_search_confirmed": true, "accepted_search_hit": {"version": 2, "kind": "hit", "event_at": 573527.87473, "detected_at": 573528.664441015, "score": 0.9956, "normality_score": 65.5, "instrument": "ride", "degrees": 9, "released_at": 573527.731539607, "returned_at": 573528.133517165}, "encoder_strikes": 102, "audio_hits": 117, "audio_matched_strikes": 87, "audio_span_s": 40.111988052143715, "faults": [], "center": {"t": 573575.093678347, "goal_rad": [0.0, 0.0, 0.0, 0.0, 0.0, 0.0, 1.4], "actual_rad": [0.0005754177157246687, 0.00019180590524214836, 0.00019180590524214836, 0.0005754177157246687, -8.702166785959364e-05, 0.00019180590524214836, 1.3992240787365535], "max_error_deg": 0.0989070197042463, "span_deg": 0.08791735084818501, "settled_s": 0.633629241026938}, "relaxed_verified": true, "bottoms": [{"at": 573528.809599016, "count": 1, "lateness": 0.0, "peak": 0.1595825131609061, "partial_returns": 0, "q": 0.4202467383840691, "target_degrees": 9}, {"at": 573529.027628105, "count": 2, "lateness": 0.018029089085757732, "peak": 0.161884184023803, "partial_returns": 1, "q": 0.4329059281300065, "target_degrees": 9}, {"at": 573529.62753197, "count": 3, "lateness": 0.017932954127900302, "peak": 0.16111696040283796, "partial_returns": 1, "q": 0.4194795147631041, "target_degrees": 9}, {"at": 573530.022381613, "count": 4, "lateness": 0.012782597099430859, "peak": 0.16073334859235544, "partial_returns": 2, "q": 0.4190959029526198, "target_degrees": 9}, {"at": 573530.246502783, "count": 5, "lateness": 0.036903767148032784, "peak": 0.16150057221332048, "partial_returns": 3, "q": 0.42101396200503594, "target_degrees": 9}, {"at": 573530.820483689, "count": 6, "lateness": 0.010884673101827502, "peak": 0.16073334859235544, "partial_returns": 3, "q": 0.42331563286793283, "target_degrees": 9}, {"at": 573531.22448264, "count": 7, "lateness": 0.014883624156937003, "peak": 0.1595825131609061, "partial_returns": 4, "q": 0.4202467383840691, "target_degrees": 9}, {"at": 573531.448538737, "count": 8, "lateness": 0.03893972118385136, "peak": 0.16150057221332048, "partial_returns": 5, "q": 0.4309878690775921, "target_degrees": 9}, {"at": 573532.018478451, "count": 9, "lateness": 0.00887943513225764, "peak": 0.16073334859235544, "partial_returns": 5, "q": 0.4248500801098647, "target_degrees": 9}, {"at": 573532.420490175, "count": 10, "lateness": 0.01089115918148309, "peak": 0.16150057221332048, "partial_returns": 6, "q": 0.4190959029526198, "target_degrees": 9}, {"at": 573532.644513477, "count": 11, "lateness": 0.03491446119733155, "peak": 0.161884184023803, "partial_returns": 7, "q": 0.4221647974364835, "target_degrees": 9}, {"at": 573533.218471279, "count": 12, "lateness": 0.00887226324994117, "peak": 0.16150057221332048, "partial_returns": 7, "q": 0.42101396200503594, "target_degrees": 9}, {"at": 573533.624492445, "count": 13, "lateness": 0.014893429237417877, "peak": 0.16111696040283796, "partial_returns": 8, "q": 0.4225484092469678, "target_degrees": 9}, {"at": 573533.848479768, "count": 14, "lateness": 0.03888075228314847, "peak": 0.16226779583428552, "partial_returns": 9, "q": 0.4179450675211722, "target_degrees": 9}, {"at": 573534.416512189, "count": 15, "lateness": 0.00691317324526608, "peak": 0.16150057221332048, "partial_returns": 9, "q": 0.4194795147631041, "target_degrees": 9}, {"at": 573534.820488297, "count": 16, "lateness": 0.0108892812859267, "peak": 0.16111696040283796, "partial_returns": 10, "q": 0.4190959029526198, "target_degrees": 9}, {"at": 573535.043217217, "count": 17, "lateness": 0.033618201268836856, "peak": 0.161884184023803, "partial_returns": 11, "q": 0.42408285648889965, "target_degrees": 9}, {"at": 573535.617166442, "count": 18, "lateness": 0.007567426306195557, "peak": 0.16111696040283796, "partial_returns": 11, "q": 0.42331563286793283, "target_degrees": 9}, {"at": 573536.0271089, "count": 19, "lateness": 0.017509884317405522, "peak": 0.16150057221332048, "partial_returns": 12, "q": 0.41832867933165474, "target_degrees": 9}, {"at": 573536.24720522, "count": 20, "lateness": 0.03760620439425111, "peak": 0.161884184023803, "partial_returns": 13, "q": 0.42906981002517774, "target_degrees": 9}, {"at": 573536.821148875, "count": 21, "lateness": 0.011549859424121678, "peak": 0.16150057221332048, "partial_returns": 13, "q": 0.42139757381551846, "target_degrees": 9}, {"at": 573537.227120566, "count": 22, "lateness": 0.0175215502968058, "peak": 0.16150057221332048, "partial_returns": 14, "q": 0.41871229114213726, "target_degrees": 9}, {"at": 573537.449138808, "count": 23, "lateness": 0.03953979234211147, "peak": 0.16150057221332048, "partial_returns": 15, "q": 0.41832867933165474, "target_degrees": 9}, {"at": 573538.011187587, "count": 24, "lateness": 0.00158857146743685, "peak": 0.16150057221332048, "partial_returns": 15, "q": 0.42600091554131403, "target_degrees": 9}, {"at": 573538.421546126, "count": 25, "lateness": 0.011947110411711037, "peak": 0.16150057221332048, "partial_returns": 16, "q": 0.4202467383840691, "target_degrees": 9}, {"at": 573538.641543426, "count": 26, "lateness": 0.03194441040977836, "peak": 0.16150057221332048, "partial_returns": 17, "q": 0.4190959029526198, "target_degrees": 9}, {"at": 573539.217527721, "count": 27, "lateness": 0.00792870542500168, "peak": 0.16150057221332048, "partial_returns": 17, "q": 0.42063035019455164, "target_degrees": 9}, {"at": 573539.621693635, "count": 28, "lateness": 0.012094619451090693, "peak": 0.16073334859235544, "partial_returns": 18, "q": 0.4190959029526198, "target_degrees": 9}, {"at": 573539.843711436, "count": 29, "lateness": 0.03411242051515728, "peak": 0.161884184023803, "partial_returns": 19, "q": 0.4256173037308315, "target_degrees": 9}, {"at": 573540.415856809, "count": 30, "lateness": 0.006257793516851962, "peak": 0.16150057221332048, "partial_returns": 19, "q": 0.4194795147631041, "target_degrees": 9}, {"at": 573540.820055406, "count": 31, "lateness": 0.010456390446051955, "peak": 0.16150057221332048, "partial_returns": 20, "q": 0.4194795147631041, "target_degrees": 9}, {"at": 573541.04001844, "count": 32, "lateness": 0.03041942452546209, "peak": 0.16226779583428552, "partial_returns": 21, "q": 0.4275353627832459, "target_degrees": 9}, {"at": 573541.614028955, "count": 33, "lateness": 0.004429939552210271, "peak": 0.16111696040283796, "partial_returns": 21, "q": 0.42676813916227907, "target_degrees": 9}, {"at": 573542.026024247, "count": 34, "lateness": 0.016425231588073075, "peak": 0.16111696040283796, "partial_returns": 22, "q": 0.41871229114213726, "target_degrees": 9}, {"at": 573542.249032925, "count": 35, "lateness": 0.039433909580111504, "peak": 0.16150057221332048, "partial_returns": 23, "q": 0.42446646829938217, "target_degrees": 9}, {"at": 573542.807018561, "count": 36, "lateness": -0.0025804543402045965, "peak": 0.16111696040283796, "partial_returns": 23, "q": 0.4279189745937284, "target_degrees": 9}, {"at": 573543.22503583, "count": 37, "lateness": 0.01543681463226676, "peak": 0.161884184023803, "partial_returns": 24, "q": 0.4179450675211722, "target_degrees": 9}, {"at": 573543.445221082, "count": 38, "lateness": 0.035622066585347056, "peak": 0.16226779583428552, "partial_returns": 25, "q": 0.4256173037308315, "target_degrees": 9}, {"at": 573544.021026934, "count": 39, "lateness": 0.011427918681874871, "peak": 0.16073334859235544, "partial_returns": 25, "q": 0.42063035019455164, "target_degrees": 9}, {"at": 573544.422562233, "count": 40, "lateness": 0.012963217683136463, "peak": 0.16111696040283796, "partial_returns": 26, "q": 0.41871229114213726, "target_degrees": 9}, {"at": 573544.646606767, "count": 41, "lateness": 0.03700775164179504, "peak": 0.161884184023803, "partial_returns": 27, "q": 0.4302206454566253, "target_degrees": 9}, {"at": 573545.216509773, "count": 42, "lateness": 0.006910757743753493, "peak": 0.16150057221332048, "partial_returns": 27, "q": 0.42408285648889965, "target_degrees": 9}, {"at": 573545.622549266, "count": 43, "lateness": 0.012950250646099448, "peak": 0.16111696040283796, "partial_returns": 28, "q": 0.4202467383840691, "target_degrees": 9}, {"at": 573545.842512401, "count": 44, "lateness": 0.03291338577400893, "peak": 0.16073334859235544, "partial_returns": 29, "q": 0.4190959029526198, "target_degrees": 9}, {"at": 573546.415180942, "count": 45, "lateness": 0.005581926787272096, "peak": 0.16111696040283796, "partial_returns": 29, "q": 0.4225484092469678, "target_degrees": 9}, {"at": 573546.819173974, "count": 46, "lateness": 0.009574958705343306, "peak": 0.16150057221332048, "partial_returns": 30, "q": 0.4375092698558021, "target_degrees": 9}, {"at": 573547.045191869, "count": 47, "lateness": 0.03559285379014909, "peak": 0.16150057221332048, "partial_returns": 31, "q": 0.4221647974364835, "target_degrees": 9}, {"at": 573547.619195271, "count": 48, "lateness": 0.009596255840733647, "peak": 0.16150057221332048, "partial_returns": 31, "q": 0.41832867933165474, "target_degrees": 9}, {"at": 573548.021172572, "count": 49, "lateness": 0.011573556810617447, "peak": 0.16111696040283796, "partial_returns": 32, "q": 0.42139757381551846, "target_degrees": 9}, {"at": 573548.245179333, "count": 50, "lateness": 0.0355803178390488, "peak": 0.16226779583428552, "partial_returns": 33, "q": 0.4190959029526198, "target_degrees": 9}, {"at": 573548.821410476, "count": 51, "lateness": 0.011811460833996534, "peak": 0.16150057221332048, "partial_returns": 33, "q": 0.42906981002517774, "target_degrees": 9}, {"at": 573549.229369706, "count": 52, "lateness": 0.019770690822042525, "peak": 0.16073334859235544, "partial_returns": 34, "q": 0.4190959029526198, "target_degrees": 9}, {"at": 573549.449372757, "count": 53, "lateness": 0.03977374185342342, "peak": 0.161884184023803, "partial_returns": 35, "q": 0.42139757381551846, "target_degrees": 9}, {"at": 573550.017382128, "count": 54, "lateness": 0.007783112931065261, "peak": 0.16073334859235544, "partial_returns": 35, "q": 0.4225484092469678, "target_degrees": 9}, {"at": 573550.423365132, "count": 55, "lateness": 0.01376611681189388, "peak": 0.161884184023803, "partial_returns": 36, "q": 0.42063035019455164, "target_degrees": 9}, {"at": 573550.641363344, "count": 56, "lateness": 0.03176432894542813, "peak": 0.16341863126573486, "partial_returns": 37, "q": 0.42101396200503594, "target_degrees": 9}, {"at": 573551.215906656, "count": 57, "lateness": 0.0063076409278437495, "peak": 0.16111696040283796, "partial_returns": 37, "q": 0.42139757381551846, "target_degrees": 9}, {"at": 573551.617854591, "count": 58, "lateness": 0.008255575899966061, "peak": 0.16111696040283796, "partial_returns": 38, "q": 0.4221647974364835, "target_degrees": 9}, {"at": 573551.841840773, "count": 59, "lateness": 0.032241757959127426, "peak": 0.16111696040283796, "partial_returns": 39, "q": 0.42408285648889965, "target_degrees": 9}, {"at": 573552.417843026, "count": 60, "lateness": 0.00824401096906513, "peak": 0.16111696040283796, "partial_returns": 39, "q": 0.42676813916227907, "target_degrees": 9}, {"at": 573552.817906021, "count": 61, "lateness": 0.008307005977258086, "peak": 0.16150057221332048, "partial_returns": 40, "q": 0.4229320210574503, "target_degrees": 9}, {"at": 573553.041964372, "count": 62, "lateness": 0.03236535703763366, "peak": 0.16226779583428552, "partial_returns": 41, "q": 0.42331563286793283, "target_degrees": 9}, {"at": 573553.622039538, "count": 63, "lateness": 0.012440523016266525, "peak": 0.16111696040283796, "partial_returns": 41, "q": 0.4194795147631041, "target_degrees": 9}, {"at": 573554.018627812, "count": 64, "lateness": 0.009028797037899494, "peak": 0.16073334859235544, "partial_returns": 42, "q": 0.42715175097276337, "target_degrees": 9}, {"at": 573554.238606958, "count": 65, "lateness": 0.029007942997850478, "peak": 0.16150057221332048, "partial_returns": 43, "q": 0.42715175097276337, "target_degrees": 9}, {"at": 573554.818625035, "count": 66, "lateness": 0.009026020066812634, "peak": 0.16111696040283796, "partial_returns": 43, "q": 0.41871229114213726, "target_degrees": 9}, {"at": 573555.222698673, "count": 67, "lateness": 0.013099658070132136, "peak": 0.16111696040283796, "partial_returns": 44, "q": 0.46206042572671, "target_degrees": 9}, {"at": 573555.444624829, "count": 68, "lateness": 0.035025814082473516, "peak": 0.16150057221332048, "partial_returns": 45, "q": 0.4248500801098647, "target_degrees": 9}, {"at": 573556.018646739, "count": 69, "lateness": 0.009047724073752761, "peak": 0.16111696040283796, "partial_returns": 45, "q": 0.42139757381551846, "target_degrees": 9}, {"at": 573556.424633482, "count": 70, "lateness": 0.01503446709830314, "peak": 0.16150057221332048, "partial_returns": 46, "q": 0.41871229114213726, "target_degrees": 9}, {"at": 573556.644625101, "count": 71, "lateness": 0.035026086145080626, "peak": 0.16073334859235544, "partial_returns": 47, "q": 0.4190959029526198, "target_degrees": 9}, {"at": 573557.204632283, "count": 72, "lateness": -0.004966731881722808, "peak": 0.15881528953993929, "partial_returns": 47, "q": 0.42101396200503594, "target_degrees": 9}, {"at": 573557.616643398, "count": 73, "lateness": 0.007044383091852069, "peak": 0.16150057221332048, "partial_returns": 48, "q": 0.42408285648889965, "target_degrees": 9}, {"at": 573557.836631731, "count": 74, "lateness": 0.02703271619975567, "peak": 0.16111696040283796, "partial_returns": 49, "q": 0.4248500801098647, "target_degrees": 9}, {"at": 573558.416623929, "count": 75, "lateness": 0.00702491425909102, "peak": 0.16073334859235544, "partial_returns": 49, "q": 0.4256173037308315, "target_degrees": 9}, {"at": 573558.818656498, "count": 76, "lateness": 0.009057483170181513, "peak": 0.16111696040283796, "partial_returns": 50, "q": 0.4198631265735866, "target_degrees": 9}, {"at": 573559.044659424, "count": 77, "lateness": 0.03506040922366083, "peak": 0.16150057221332048, "partial_returns": 51, "q": 0.41832867933165474, "target_degrees": 9}, {"at": 573559.618629164, "count": 78, "lateness": 0.009030149201862514, "peak": 0.16150057221332048, "partial_returns": 51, "q": 0.4252336919203472, "target_degrees": 9}, {"at": 573560.022639281, "count": 79, "lateness": 0.013040266232565045, "peak": 0.16150057221332048, "partial_returns": 52, "q": 0.42139757381551846, "target_degrees": 9}, {"at": 573560.246698705, "count": 80, "lateness": 0.037099690292961895, "peak": 0.16111696040283796, "partial_returns": 53, "q": 0.4221647974364835, "target_degrees": 9}, {"at": 573560.818624068, "count": 81, "lateness": 0.009025053353980184, "peak": 0.15919890135042358, "partial_returns": 53, "q": 0.42063035019455164, "target_degrees": 9}, {"at": 573561.226617606, "count": 82, "lateness": 0.017018591286614537, "peak": 0.16150057221332048, "partial_returns": 54, "q": 0.4198631265735866, "target_degrees": 9}, {"at": 573561.448723328, "count": 83, "lateness": 0.03912431327626109, "peak": 0.16150057221332048, "partial_returns": 55, "q": 0.4198631265735866, "target_degrees": 9}, {"at": 573562.008631841, "count": 84, "lateness": -0.0009671736042946577, "peak": 0.16150057221332048, "partial_returns": 55, "q": 0.4279189745937284, "target_degrees": 9}, {"at": 573562.42861622, "count": 85, "lateness": 0.01901720534078777, "peak": 0.16111696040283796, "partial_returns": 56, "q": 0.41871229114213726, "target_degrees": 9}, {"at": 573562.648620134, "count": 86, "lateness": 0.03902111935894936, "peak": 0.161884184023803, "partial_returns": 57, "q": 0.4179450675211722, "target_degrees": 9}, {"at": 573563.208972452, "count": 87, "lateness": -0.0006265626288950443, "peak": 0.16111696040283796, "partial_returns": 57, "q": 0.4359748226138702, "target_degrees": 9}, {"at": 573563.618874035, "count": 88, "lateness": 0.009275020333006978, "peak": 0.16111696040283796, "partial_returns": 58, "q": 0.42369924467841535, "target_degrees": 9}, {"at": 573563.842859146, "count": 89, "lateness": 0.033260131371207535, "peak": 0.16111696040283796, "partial_returns": 59, "q": 0.4248500801098647, "target_degrees": 9}, {"at": 573564.417461736, "count": 90, "lateness": 0.007862721453420818, "peak": 0.16111696040283796, "partial_returns": 59, "q": 0.42331563286793283, "target_degrees": 9}, {"at": 573564.825465465, "count": 91, "lateness": 0.0158664503833279, "peak": 0.16150057221332048, "partial_returns": 60, "q": 0.41832867933165474, "target_degrees": 9}, {"at": 573565.045535066, "count": 92, "lateness": 0.0359360515139997, "peak": 0.16150057221332048, "partial_returns": 61, "q": 0.42101396200503594, "target_degrees": 9}, {"at": 573565.621627915, "count": 93, "lateness": 0.012028900440782309, "peak": 0.16111696040283796, "partial_returns": 61, "q": 0.42139757381551846, "target_degrees": 9}, {"at": 573566.027481443, "count": 94, "lateness": 0.01788242848124355, "peak": 0.16111696040283796, "partial_returns": 62, "q": 0.42063035019455164, "target_degrees": 9}, {"at": 573566.243461298, "count": 95, "lateness": 0.03386228356976062, "peak": 0.16150057221332048, "partial_returns": 63, "q": 0.42139757381551846, "target_degrees": 9}, {"at": 573566.819478042, "count": 96, "lateness": 0.009879027493298054, "peak": 0.16073334859235544, "partial_returns": 63, "q": 0.4190959029526198, "target_degrees": 9}, {"at": 573567.223824087, "count": 97, "lateness": 0.014225072460249066, "peak": 0.16111696040283796, "partial_returns": 64, "q": 0.4198631265735866, "target_degrees": 9}, {"at": 573567.44545754, "count": 98, "lateness": 0.035858525545336306, "peak": 0.15766445410849173, "partial_returns": 65, "q": 0.4221647974364835, "target_degrees": 9}, {"at": 573568.017515931, "count": 99, "lateness": 0.007916916627436876, "peak": 0.16111696040283796, "partial_returns": 65, "q": 0.4229320210574503, "target_degrees": 9}, {"at": 573568.423523686, "count": 100, "lateness": 0.01392467156983912, "peak": 0.16073334859235544, "partial_returns": 66, "q": 0.4190959029526198, "target_degrees": 9}, {"at": 573568.647537242, "count": 101, "lateness": 0.03793822764419019, "peak": 0.16150057221332048, "partial_returns": 67, "q": 0.4252336919203472, "target_degrees": 9}, {"at": 573569.219510159, "count": 102, "lateness": 0.009911144617944956, "peak": 0.16111696040283796, "partial_returns": 67, "q": 0.42331563286793283, "target_degrees": 9}], "audio": [{"version": 2, "kind": "hit", "event_at": 573529.0347664399, "detected_at": 573529.840317602, "score": 0.996753, "normality_score": 72.8, "instrument": "ride"}, {"version": 2, "kind": "hit", "event_at": 573529.6348165858, "detected_at": 573530.467782321, "score": 0.99981, "normality_score": 67.2, "instrument": "ride"}, {"version": 2, "kind": "hit", "event_at": 573530.024814987, "detected_at": 573530.68168309, "score": 0.999741, "normality_score": 74.0, "instrument": "ride"}, {"version": 2, "kind": "hit", "event_at": 573530.2548563419, "detected_at": 573531.007873054, "score": 0.999705, "normality_score": 80.2, "instrument": "ride"}, {"version": 2, "kind": "hit", "event_at": 573530.8248823431, "detected_at": 573531.652111197, "score": 0.999672, "normality_score": 30.4, "instrument": "ride"}, {"version": 2, "kind": "hit", "event_at": 573531.224865388, "detected_at": 573531.96730191, "score": 0.999825, "normality_score": 73.8, "instrument": "ride"}, {"version": 2, "kind": "hit", "event_at": 573531.45492175, "detected_at": 573532.189135445, "score": 0.999592, "normality_score": 84.8, "instrument": "ride"}, {"version": 2, "kind": "hit", "event_at": 573532.024964902, "detected_at": 573532.822568498, "score": 0.999539, "normality_score": 56.4, "instrument": "ride"}, {"version": 2, "kind": "hit", "event_at": 573532.424927023, "detected_at": 573533.14122719, "score": 0.999737, "normality_score": 75.1, "instrument": "ride"}, {"version": 2, "kind": "hit", "event_at": 573532.654936215, "detected_at": 573533.459220871, "score": 0.991446, "normality_score": 80.1, "instrument": "ride"}, {"version": 2, "kind": "hit", "event_at": 573533.1948558779, "detected_at": 573533.681304618, "score": 0.818532, "normality_score": 59.2, "instrument": "ride"}, {"version": 2, "kind": "hit", "event_at": 573533.55503415, "detected_at": 573534.312083881, "score": 0.998771, "normality_score": 76.3, "instrument": "ride"}, {"version": 2, "kind": "hit", "event_at": 573533.8549472779, "detected_at": 573534.636524117, "score": 0.992067, "normality_score": 77.9, "instrument": "ride"}, {"version": 2, "kind": "hit", "event_at": 573534.384965658, "detected_at": 573534.944928572, "score": 0.998754, "normality_score": 64.0, "instrument": "ride"}, {"version": 2, "kind": "hit", "event_at": 573534.705017363, "detected_at": 573535.277041202, "score": 0.764936, "normality_score": 69.6, "instrument": "ride"}, {"version": 2, "kind": "hit", "event_at": 573535.0450672039, "detected_at": 573535.81969369, "score": 0.991578, "normality_score": 87.6, "instrument": "ride"}, {"version": 2, "kind": "hit", "event_at": 573535.595093495, "detected_at": 573536.128096612, "score": 0.998001, "normality_score": 67.7, "instrument": "ride"}, {"version": 2, "kind": "hit", "event_at": 573535.885099984, "detected_at": 573536.45475546, "score": 0.926814, "normality_score": 78.6, "instrument": "ride"}, {"version": 2, "kind": "hit", "event_at": 573536.035121449, "detected_at": 573536.768800758, "score": 0.996693, "normality_score": 77.6, "instrument": "ride"}, {"version": 2, "kind": "hit", "event_at": 573536.255145303, "detected_at": 573536.985539012, "score": 0.990953, "normality_score": 79.9, "instrument": "ride"}, {"version": 2, "kind": "hit", "event_at": 573536.8051274229, "detected_at": 573537.299857657, "score": 0.999425, "normality_score": 67.4, "instrument": "ride"}, {"version": 2, "kind": "hit", "event_at": 573537.065195589, "detected_at": 573537.628483552, "score": 0.984386, "normality_score": 72.4, "instrument": "ride"}, {"version": 2, "kind": "hit", "event_at": 573537.235201726, "detected_at": 573537.937544713, "score": 0.997044, "normality_score": 82.5, "instrument": "ride"}, {"version": 2, "kind": "hit", "event_at": 573537.45522177, "detected_at": 573538.263868626, "score": 0.964148, "normality_score": 79.7, "instrument": "ride"}, {"version": 2, "kind": "hit", "event_at": 573537.8651351109, "detected_at": 573538.480076859, "score": 0.983412, "normality_score": 0.0, "instrument": "ride"}, {"version": 2, "kind": "hit", "event_at": 573538.265346233, "detected_at": 573538.795277262, "score": 0.994884, "normality_score": 77.7, "instrument": "ride"}, {"version": 2, "kind": "hit", "event_at": 573538.6452539549, "detected_at": 573539.437364432, "score": 0.998367, "normality_score": 78.6, "instrument": "ride"}, {"version": 2, "kind": "hit", "event_at": 573539.0552756719, "detected_at": 573539.75847179, "score": 0.990773, "normality_score": 0.3, "instrument": "ride"}, {"version": 2, "kind": "hit", "event_at": 573539.435290105, "detected_at": 573540.082617258, "score": 0.999369, "normality_score": 66.6, "instrument": "ride"}, {"version": 2, "kind": "hit", "event_at": 573539.8453354149, "detected_at": 573540.60158669, "score": 0.999633, "normality_score": 86.9, "instrument": "ride"}, {"version": 2, "kind": "hit", "event_at": 573540.2853680131, "detected_at": 573540.925980907, "score": 0.706409, "normality_score": 65.5, "instrument": "ride"}, {"version": 2, "kind": "hit", "event_at": 573540.6354158621, "detected_at": 573541.249678634, "score": 0.996943, "normality_score": 69.0, "instrument": "ride"}, {"version": 2, "kind": "hit", "event_at": 573540.8253806181, "detected_at": 573541.569609677, "score": 0.995546, "normality_score": 75.3, "instrument": "ride"}, {"version": 2, "kind": "hit", "event_at": 573540.9753806181, "detected_at": 573541.570555438, "score": 0.996722, "normality_score": 79.8, "instrument": "ride"}, {"version": 2, "kind": "hit", "event_at": 573541.4454672281, "detected_at": 573542.101968022, "score": 0.995949, "normality_score": 0.1, "instrument": "ride"}, {"version": 2, "kind": "hit", "event_at": 573541.825475099, "detected_at": 573542.411679134, "score": 0.844346, "normality_score": 73.5, "instrument": "ride"}, {"version": 2, "kind": "hit", "event_at": 573542.0355323959, "detected_at": 573542.735735151, "score": 0.97456, "normality_score": 76.6, "instrument": "ride"}, {"version": 2, "kind": "hit", "event_at": 573542.2555246861, "detected_at": 573543.066736211, "score": 0.998131, "normality_score": 86.4, "instrument": "ride"}, {"version": 2, "kind": "hit", "event_at": 573542.7154165049, "detected_at": 573543.275350401, "score": 0.962915, "normality_score": 62.8, "instrument": "ride"}, {"version": 2, "kind": "hit", "event_at": 573543.23551592, "detected_at": 573543.91869332, "score": 0.995841, "normality_score": 76.0, "instrument": "ride"}, {"version": 2, "kind": "hit", "event_at": 573543.4455248419, "detected_at": 573544.244027839, "score": 0.9994, "normality_score": 90.2, "instrument": "ride"}, {"version": 2, "kind": "hit", "event_at": 573543.925518726, "detected_at": 573544.554592264, "score": 0.818088, "normality_score": 66.2, "instrument": "ride"}, {"version": 2, "kind": "hit", "event_at": 573544.2855134219, "detected_at": 573544.874468292, "score": 0.838761, "normality_score": 72.6, "instrument": "ride"}, {"version": 2, "kind": "hit", "event_at": 573544.40558684, "detected_at": 573545.084881776, "score": 0.979953, "normality_score": 77.2, "instrument": "ride"}, {"version": 2, "kind": "hit", "event_at": 573545.1755810411, "detected_at": 573545.729174565, "score": 0.995928, "normality_score": 33.9, "instrument": "ride"}, {"version": 2, "kind": "hit", "event_at": 573545.575648203, "detected_at": 573546.366523703, "score": 0.734139, "normality_score": 73.9, "instrument": "ride"}, {"version": 2, "kind": "hit", "event_at": 573546.4056588169, "detected_at": 573546.907467552, "score": 0.999701, "normality_score": 32.7, "instrument": "ride"}, {"version": 2, "kind": "hit", "event_at": 573546.625793683, "detected_at": 573547.226857934, "score": 0.944846, "normality_score": 62.2, "instrument": "ride"}, {"version": 2, "kind": "hit", "event_at": 573546.7658192989, "detected_at": 573547.539820589, "score": 0.864199, "normality_score": 75.8, "instrument": "ride"}, {"version": 2, "kind": "hit", "event_at": 573547.045760275, "detected_at": 573547.867591289, "score": 0.997884, "normality_score": 80.3, "instrument": "ride"}, {"version": 2, "kind": "hit", "event_at": 573547.55569818, "detected_at": 573548.079429808, "score": 0.998885, "normality_score": 39.2, "instrument": "ride"}, {"version": 2, "kind": "hit", "event_at": 573547.905743893, "detected_at": 573548.395135905, "score": 0.999288, "normality_score": 72.9, "instrument": "ride"}, {"version": 2, "kind": "hit", "event_at": 573548.025822422, "detected_at": 573548.716208227, "score": 0.99842, "normality_score": 74.0, "instrument": "ride"}, {"version": 2, "kind": "hit", "event_at": 573548.245816596, "detected_at": 573549.033124685, "score": 0.998989, "normality_score": 85.8, "instrument": "ride"}, {"version": 2, "kind": "hit", "event_at": 573548.7258254599, "detected_at": 573549.35540345, "score": 0.996324, "normality_score": 35.7, "instrument": "ride"}, {"version": 2, "kind": "hit", "event_at": 573549.035814465, "detected_at": 573549.683192927, "score": 0.993162, "normality_score": 67.0, "instrument": "ride"}, {"version": 2, "kind": "hit", "event_at": 573549.225851604, "detected_at": 573549.88339104, "score": 0.993586, "normality_score": 74.0, "instrument": "ride"}, {"version": 2, "kind": "hit", "event_at": 573549.456133917, "detected_at": 573550.217331912, "score": 0.999111, "normality_score": 79.5, "instrument": "ride"}, {"version": 2, "kind": "hit", "event_at": 573549.935942955, "detected_at": 573550.532919442, "score": 0.996783, "normality_score": 39.6, "instrument": "ride"}, {"version": 2, "kind": "hit", "event_at": 573550.2259144661, "detected_at": 573550.851814922, "score": 0.955448, "normality_score": 68.8, "instrument": "ride"}, {"version": 2, "kind": "hit", "event_at": 573550.4259510121, "detected_at": 573551.1681807, "score": 0.997295, "normality_score": 76.0, "instrument": "ride"}, {"version": 2, "kind": "hit", "event_at": 573550.646198096, "detected_at": 573551.386668574, "score": 0.98277, "normality_score": 89.6, "instrument": "ride"}, {"version": 2, "kind": "hit", "event_at": 573551.045979382, "detected_at": 573551.710199661, "score": 0.993807, "normality_score": 69.5, "instrument": "ride"}, {"version": 2, "kind": "hit", "event_at": 573551.3760783189, "detected_at": 573552.028746048, "score": 0.999278, "normality_score": 67.8, "instrument": "ride"}, {"version": 2, "kind": "hit", "event_at": 573551.6164560949, "detected_at": 573552.342345359, "score": 0.997067, "normality_score": 74.6, "instrument": "ride"}, {"version": 2, "kind": "hit", "event_at": 573551.84602392, "detected_at": 573552.665022512, "score": 0.997889, "normality_score": 91.4, "instrument": "ride"}, {"version": 2, "kind": "hit", "event_at": 573552.245976425, "detected_at": 573552.878475069, "score": 0.965574, "normality_score": 67.9, "instrument": "ride"}, {"version": 2, "kind": "hit", "event_at": 573552.586160216, "detected_at": 573553.200993486, "score": 0.998782, "normality_score": 76.8, "instrument": "ride"}, {"version": 2, "kind": "hit", "event_at": 573552.826151576, "detected_at": 573553.516525699, "score": 0.985298, "normality_score": 68.1, "instrument": "ride"}, {"version": 2, "kind": "hit", "event_at": 573553.046120303, "detected_at": 573553.835556199, "score": 0.999571, "normality_score": 86.7, "instrument": "ride"}, {"version": 2, "kind": "hit", "event_at": 573553.446185385, "detected_at": 573554.156659952, "score": 0.967792, "normality_score": 66.9, "instrument": "ride"}, {"version": 2, "kind": "hit", "event_at": 573553.7660973129, "detected_at": 573554.488841337, "score": 0.989851, "normality_score": 71.5, "instrument": "ride"}, {"version": 2, "kind": "hit", "event_at": 573554.026157767, "detected_at": 573554.691699974, "score": 0.991899, "normality_score": 72.6, "instrument": "ride"}, {"version": 2, "kind": "hit", "event_at": 573554.2461961489, "detected_at": 573555.011663911, "score": 0.99946, "normality_score": 85.0, "instrument": "ride"}, {"version": 2, "kind": "hit", "event_at": 573554.6361930291, "detected_at": 573555.326863514, "score": 0.995816, "normality_score": 1.3, "instrument": "ride"}, {"version": 2, "kind": "hit", "event_at": 573555.0361978761, "detected_at": 573555.643811515, "score": 0.981249, "normality_score": 49.7, "instrument": "ride"}, {"version": 2, "kind": "hit", "event_at": 573555.226183939, "detected_at": 573555.965708775, "score": 0.986377, "normality_score": 68.8, "instrument": "ride"}, {"version": 2, "kind": "hit", "event_at": 573555.4462077699, "detected_at": 573556.192025265, "score": 0.999273, "normality_score": 80.7, "instrument": "ride"}, {"version": 2, "kind": "hit", "event_at": 573555.846207467, "detected_at": 573556.495337096, "score": 0.993208, "normality_score": 54.8, "instrument": "ride"}, {"version": 2, "kind": "hit", "event_at": 573555.946207467, "detected_at": 573556.496219505, "score": 0.996445, "normality_score": 34.1, "instrument": "ride"}, {"version": 2, "kind": "hit", "event_at": 573556.216270115, "detected_at": 573556.826377053, "score": 0.99676, "normality_score": 75.9, "instrument": "ride"}, {"version": 2, "kind": "hit", "event_at": 573556.40625846, "detected_at": 573557.13595475, "score": 0.812343, "normality_score": 69.1, "instrument": "ride"}, {"version": 2, "kind": "hit", "event_at": 573556.646466409, "detected_at": 573557.464821593, "score": 0.999484, "normality_score": 78.0, "instrument": "ride"}, {"version": 2, "kind": "hit", "event_at": 573557.0562055759, "detected_at": 573557.677896273, "score": 0.994393, "normality_score": 69.2, "instrument": "ride"}, {"version": 2, "kind": "hit", "event_at": 573557.456322027, "detected_at": 573558.002952668, "score": 0.998691, "normality_score": 61.1, "instrument": "ride"}, {"version": 2, "kind": "hit", "event_at": 573557.586371259, "detected_at": 573558.314253313, "score": 0.847791, "normality_score": 69.4, "instrument": "ride"}, {"version": 2, "kind": "hit", "event_at": 573557.8362897589, "detected_at": 573558.642957462, "score": 0.999451, "normality_score": 85.9, "instrument": "ride"}, {"version": 2, "kind": "hit", "event_at": 573558.2462913, "detected_at": 573558.956699448, "score": 0.992623, "normality_score": 64.1, "instrument": "ride"}, {"version": 2, "kind": "hit", "event_at": 573558.5864181219, "detected_at": 573559.282902351, "score": 0.716373, "normality_score": 65.7, "instrument": "ride"}, {"version": 2, "kind": "hit", "event_at": 573558.786338897, "detected_at": 573559.486191628, "score": 0.968075, "normality_score": 74.1, "instrument": "ride"}, {"version": 2, "kind": "hit", "event_at": 573559.0463884299, "detected_at": 573559.821707675, "score": 0.999357, "normality_score": 89.2, "instrument": "ride"}, {"version": 2, "kind": "hit", "event_at": 573559.486448675, "detected_at": 573560.131337743, "score": 0.986899, "normality_score": 53.7, "instrument": "ride"}, {"version": 2, "kind": "hit", "event_at": 573559.836443123, "detected_at": 573560.447116552, "score": 0.822981, "normality_score": 53.7, "instrument": "ride"}, {"version": 2, "kind": "hit", "event_at": 573560.0264218281, "detected_at": 573560.763306643, "score": 0.996282, "normality_score": 71.7, "instrument": "ride"}, {"version": 2, "kind": "hit", "event_at": 573560.246492001, "detected_at": 573560.9855141, "score": 0.998351, "normality_score": 77.8, "instrument": "ride"}, {"version": 2, "kind": "hit", "event_at": 573560.706482671, "detected_at": 573561.300281983, "score": 0.998798, "normality_score": 41.4, "instrument": "ride"}, {"version": 2, "kind": "hit", "event_at": 573561.226567131, "detected_at": 573561.942123956, "score": 0.998167, "normality_score": 76.7, "instrument": "ride"}, {"version": 2, "kind": "hit", "event_at": 573561.446455092, "detected_at": 573562.259947793, "score": 0.999155, "normality_score": 84.9, "instrument": "ride"}, {"version": 2, "kind": "hit", "event_at": 573561.8664190919, "detected_at": 573562.474328809, "score": 0.996139, "normality_score": 66.5, "instrument": "ride"}, {"version": 2, "kind": "hit", "event_at": 573562.186477973, "detected_at": 573562.794452716, "score": 0.937847, "normality_score": 68.8, "instrument": "ride"}, {"version": 2, "kind": "hit", "event_at": 573562.4364685641, "detected_at": 573563.119660443, "score": 0.997476, "normality_score": 63.4, "instrument": "ride"}, {"version": 2, "kind": "hit", "event_at": 573562.66653534, "detected_at": 573563.440069829, "score": 0.998302, "normality_score": 84.1, "instrument": "ride"}, {"version": 2, "kind": "hit", "event_at": 573563.036543764, "detected_at": 573563.747904791, "score": 0.795265, "normality_score": 65.7, "instrument": "ride"}, {"version": 2, "kind": "hit", "event_at": 573563.456516249, "detected_at": 573564.074534366, "score": 0.98401, "normality_score": 59.5, "instrument": "ride"}, {"version": 2, "kind": "hit", "event_at": 573563.626535625, "detected_at": 573564.289440594, "score": 0.916417, "normality_score": 70.6, "instrument": "ride"}, {"version": 2, "kind": "hit", "event_at": 573564.346592172, "detected_at": 573564.931778954, "score": 0.999721, "normality_score": 38.8, "instrument": "ride"}, {"version": 2, "kind": "hit", "event_at": 573564.6666355331, "detected_at": 573565.254805731, "score": 0.801034, "normality_score": 50.6, "instrument": "ride"}, {"version": 2, "kind": "hit", "event_at": 573564.8266231581, "detected_at": 573565.562361034, "score": 0.991264, "normality_score": 68.2, "instrument": "ride"}, {"version": 2, "kind": "hit", "event_at": 573565.046667382, "detected_at": 573565.787357994, "score": 0.99955, "normality_score": 81.1, "instrument": "ride"}, {"version": 2, "kind": "hit", "event_at": 573565.506657994, "detected_at": 573566.100790806, "score": 0.943539, "normality_score": 40.5, "instrument": "ride"}, {"version": 2, "kind": "hit", "event_at": 573566.026718847, "detected_at": 573566.738683535, "score": 0.999657, "normality_score": 72.5, "instrument": "ride"}, {"version": 2, "kind": "hit", "event_at": 573566.24668514, "detected_at": 573567.064137356, "score": 0.997627, "normality_score": 82.6, "instrument": "ride"}, {"version": 2, "kind": "hit", "event_at": 573566.766653911, "detected_at": 573567.279806022, "score": 0.99947, "normality_score": 39.3, "instrument": "ride"}, {"version": 2, "kind": "hit", "event_at": 573567.226674185, "detected_at": 573567.915946407, "score": 0.999648, "normality_score": 79.3, "instrument": "ride"}, {"version": 2, "kind": "hit", "event_at": 573567.956772953, "detected_at": 573568.551926964, "score": 0.999752, "normality_score": 37.1, "instrument": "ride"}, {"version": 2, "kind": "hit", "event_at": 573568.426726852, "detected_at": 573569.092671513, "score": 0.999416, "normality_score": 69.5, "instrument": "ride"}, {"version": 2, "kind": "hit", "event_at": 573569.1467544921, "detected_at": 573569.726534884, "score": 0.999731, "normality_score": 36.1, "instrument": "ride"}]}
[python3-3] CLOSE REQUEST: center and verify before disabling or exiting
[INFO] [python3-3]: process has finished cleanly [pid 918188]
[INFO] [python3-6]: sending signal 'SIGINT' to process[python3-6]
[INFO] [python3-5]: sending signal 'SIGINT' to process[python3-5]
[INFO] [python-4]: sending signal 'SIGINT' to process[python-4]
[INFO] [rviz2-2]: sending signal 'SIGINT' to process[rviz2-2]
[INFO] [robot_state_publisher-1]: sending signal 'SIGINT' to process[robot_state_publisher-1]
[rviz2-2] [INFO] [1791233428.187487286] [rclcpp]: signal_handler(SIGINT/SIGTERM)
[robot_state_publisher-1] [INFO] [1791233428.188032005] [rclcpp]: signal_handler(SIGINT/SIGTERM)
[python-4] Saved recording to /home/jason/Proyectos3/Y2/recordings/20261005_134900_348638.mp4
[INFO] [robot_state_publisher-1]: process has finished cleanly [pid 918186]
[python3-6] {"status": "stopped", "captured_seconds": 86.9}
[INFO] [rviz2-2]: process has finished cleanly [pid 918187]
[python3-5] {"status": "stopped", "captured_seconds": 86.9}
[INFO] [python-4]: process has finished cleanly [pid 918189]
[INFO] [python3-6]: process has finished cleanly [pid 918191]
[INFO] [python3-5]: process has finished cleanly [pid 918190]
