monotonic_s,phase,trajectory_time_s,lateness_s,q1,q2,q3,q4,q5,q6,q7,target1,target2,target3,target4,target5,target6,target7
326156.497940851,CENTER,9.819632396101952e-07,9.819632396101952e-07,0.02742824444953129,0.0005754177157246687,0.0005754177157246687,0.0009590295262071891,0.0006802019531072234,-0.005178759441520242,0.5173005264362551,0.02742824444953129,0.0009590295262071891,0.0005754177157246687,0.0005754177157246687,0.0006802019531072234,-0.005562371252002762,0.5173005264362551
326156.508185745,CENTER,0.01005794497905299,5.794496973976493e-05,0.02742824444953129,0.0009590295262071891,0.0005754177157246687,0.0009590295262071891,0.0006802019531072234,-0.005178759441520242,0.5173005264362551,0.02742824310166035,0.0009590294790788345,0.0005754176874476559,0.0005754176874476559,0.0006802019196809337,-0.005562370978658306,0.51730056981362
326156.517294027,CENTER,0.02005877299234271,5.8772973716259e-05,0.02742824444953129,0.0009590295262071891,0.0005754177157246687,0.0009590295262071891,0.0006802019531072234,-0.005178759441520242,0.5173005264362551,0.027428233785301914,0.000959029153332036,0.0005754174919995769,0.0005754174919995769,0.0006802016886415313,-0.005562369089326875,0.5173008696339276
326156.527263025,CENTER,0.030060252000112087,6.0251972172409296e-05,0.02742824444953129,0.0009590295262071891,0.0005754177157246687,0.0009590295262071891,0.0006802019531072234,-0.005178759441520242,0.5173005264362551,0.02742820864906368,0.0009590282744425873,0.0005754169646659076,0.0005754169646659076,0.0006802010652797857,-0.005562363991768072,0.5173016785717471
326156.537243285,CENTER,0.040056211000774056,5.621102172881365e-05,0.02742824444953129,0.0009590295262071891,0.0005754177157246687,0.0009590295262071891,0.0006802019531072234,-0.005178759441520242,0.5173005264362551,0.027428159957800943,0.0009590265719508832,0.0005754159431708852,0.0005754159431708852,0.0006801998577693279,-0.005562354117316188,0.5173032455605517
326156.547294848,CENTER,0.050060855981428176,6.085599306970835e-05,0.02742824444953129,0.0009590295262071891,0.0005754177157246687,0.0009590295262071891,0.0006802019531072234,-0.005562371252002762,0.5173005264362551,0.027428079940062817,0.0009590237741278718,0.0005754142644770784,0.0005754142644770784,0.0006801978733834203,-0.0055623378899427225,0.5173058207022255
326156.557288833,CENTER,0.060061723983380944,6.172398570924997e-05,0.02742824444953129,0.0009590295262071891,0.0005754177157246687,0.0009590295262071891,0.0006802019531072234,-0.005562371252002762,0.5173005264362551,0.027427961062452284,0.0009590196175680629,0.000575411770541193,0.000575411770541193,0.0006801949252989004,-0.00556231378189583,0.5173096464375704
326156.567490275,CENTER,0.07006007799645886,6.007798947393894e-05,0.027811856260013812,0.0009590295262071891,0.0005754177157246687,0.0009590295262071891,0.0010638137635897438,-0.005178759441520242,0.5173005264362551,0.0274277958198042,0.0009590138398530949,0.0005754083039122123,0.0005754083039122123,0.0006801908273927378,-0.005562280271149017,0.5173149642988262
326156.577318501,CENTER,0.0800579899805598,5.798996426165104e-05,0.02742824444953129,0.0009590295262071891,0.0005754177157246687,0.0009590295262071891,0.0006802019531072234,-0.005562371252002762,0.5173005264362551,0.02742757675394834,0.0009590061802077852,0.0005754037081250263,0.0005754037081250263,0.0006801853947073433,-0.00556223584520622,0.5173220143058362
326156.587295816,CENTER,0.0900611329707317,6.113294512033463e-05,0.027811856260013812,0.0009590295262071891,0.0005754177157246687,0.0005754177157246687,0.0010638137635897438,-0.005562371252002762,0.5173005264362551,0.02742729633015073,0.0009589963751798966,0.0005753978251082933,0.0005753978251082933,0.0006801784403863993,-0.005562178976044467,0.5173310389424287
326156.597288308,CENTER,0.10005827399436384,5.827401764690876e-05,0.027811856260013812,0.0009590295262071891,0.0005754177157246687,0.0009590295262071891,0.0006802019531072234,-0.005178759441520242,0.5173005264362551,0.02742694758231085,0.0009589841811994813,0.000575390508720044,0.000575390508720044,0.0006801697916753137,-0.005562108250958057,0.517342262392593
326156.607336524,CENTER,0.11005872098030522,5.8720994275063276e-05,0.027811856260013812,0.0009590295262071891,0.0005754177157246687,0.0005754177157246687,0.0006802019531072234,-0.005562371252002762,0.5176841382467376,0.02742652300172183,0.0009589693357243406,0.0005753816014349597,0.0005753816014349597,0.0006801592623632232,-0.0055620221472022415,0.517355926302549
326156.617261922,CENTER,0.12005762598710135,5.762599175795913e-05,0.027811856260013812,0.0009590295262071891,0.0005754177157246687,0.0005754177157246687,0.0010638137635897438,-0.005178759441520242,0.5176841382467376,0.027426015642088006,0.0009589515958770043,0.0005753709575265578,0.0005753709575265578,0.000680146680186683,-0.00556191925608769,0.517372254218924
326156.627274171,CENTER,0.1300581029499881,5.810294533148408e-05,0.027811856260013812,0.0009590295262071891,0.0005754177157246687,0.0009590295262071891,0.0006802019531072234,-0.005178759441520242,0.5173005264362551,0.02742541828888828,0.0009589307094014894,0.0005753584256412489,0.0005753584256412489,0.0006801318662304381,-0.005561798114529704,0.5173914783204118
326156.63729704,CENTER,0.14008099195780233,8.099194383248687e-05,0.027811856260013812,0.0009590295262071891,0.0005754177157246687,0.0009590295262071891,0.0006802019531072234,-0.005562371252002762,0.5173005264362551,0.027424722365821306,0.0009589063764271197,0.000575343825856627,0.000575343825856627,0.0006801146078080028,-0.00556165698327836,0.5174138746107025
326156.647390852,CENTER,0.15011055395007133,0.00011055392678827047,0.027811856260013812,0.0009590295262071891,0.0005754177157246687,0.0009590295262071891,0.0010638137635897438,-0.005562371252002762,0.5176841382467376,0.027423921590435843,0.0009588783772877678,0.0005753270263730159,0.0005753270263730159,0.0006800947491188259,-0.0055614945882701185,0.5174396452724921
326156.657247761,CENTER,0.1600663680001162,6.636802572757006e-05,0.027811856260013812,0.0009590295262071891,0.0005754177157246687,0.0009590295262071891,0.0006802019531072234,-0.005562371252002762,0.5176841382467376,0.027423016637722335,0.0009588467355844983,0.0005753080413510542,0.0005753080413510542,0.0006800723069022148,-0.005561311066391156,0.5174687685831467
326156.667240985,CENTER,0.17005853995215148,5.853996844962239e-05,0.027811856260013812,0.0009590295262071891,0.0005754177157246687,0.0009590295262071891,0.0006802019531072234,-0.005562371252002762,0.5176841382467376,0.027421991400136403,0.0009588108881164587,0.0005752865328702304,0.0005752865328702304,0.0006800468817019388,-0.005561103151076526,0.5175017629178387
326156.677488083,CENTER,0.18007971596671268,7.971597369760275e-05,0.027811856260013812,0.0009590295262071891,0.0005754177157246687,0.0009590295262071891,0.0006802019531072234,-0.005562371252002762,0.5173005264362551,0.02742083880024522,0.0009587705874209628,0.0005752623524529329,0.0005752623524529329,0.0006800182980024397,-0.00556086940704265,0.5175388560434686
326156.687559924,CENTER,0.1900021079927683,2.107990439981222e-06,0.027811856260013812,0.0009590295262071891,0.0005754177157246687,0.0009590295262071891,0.0006802019531072234,-0.005562371252002762,0.5176841382467376,0.02741956832033033,0.0009587261650463163,0.0005752356990281449,0.0005752356990281449,0.0006799867909579009,-0.0055606117572697,0.5175797427999693
326156.69743666,CENTER,0.2000690689892508,6.906897760927677e-05,0.027811856260013812,0.0009590295262071891,0.0005754177157246687,0.0005754177157246687,0.0006802019531072234,-0.005562371252002762,0.5176841382467376,0.027418141342568324,0.0009586762707189735,0.0005752057624317392,0.0005752057624317392,0.0006799514028723622,-0.005560322370171112,0.5176256659913578
326156.707315059,CENTER,0.21005952800624073,5.952798528596759e-05,0.027811856260013812,0.0009590295262071891,0.0005754177157246687,0.0005754177157246687,0.0010638137635897438,-0.005562371252002762,0.5173005264362551,0.027416581353220802,0.0009586217256368924,0.0005751730353824906,0.0005751730353824906,0.000679912716189262,-0.0055600060086950405,0.5176758697795864
326156.717302382,CENTER,0.22005859296768904,5.859299562871456e-05,0.027811856260013812,0.0009590295262071891,0.0005754177157246687,0.0009590295262071891,0.0006802019531072234,-0.005562371252002762,0.5176841382467376,0.027414870152257242,0.0009585618934353693,0.0005751371360615767,0.0005751371360615767,0.0006798702795601255,-0.005559658981926207,0.5177309398804991
326156.727336803,CENTER,0.23005842795828357,5.842797691002488e-05,0.027811856260013812,0.0009590295262071891,0.0009590295262071891,0.0009590295262071891,0.0010638137635897438,-0.005178759441520242,0.5173005264362551,0.027413002580189357,0.000958496593712716,0.0005750979562279847,0.0005750979562279847,0.0006798239650331247,-0.005559280243534818,0.5177910423374462
326156.737339985,CENTER,0.2400598879903555,5.9887999668717384e-05,0.027811856260013812,0.0009590295262071891,0.0005754177157246687,0.0009590295262071891,0.0010638137635897438,-0.005562371252002762,0.5173005264362551,0.027410972202311982,0.0009584256014792413,0.0005750553608878998,0.0005750553608878998,0.0006797736130319137,-0.0055588684885806644,0.5178563842329801
326156.747659538,CENTER,0.2501215399825014,0.0001215399825014174,0.027811856260013812,0.0009590295262071891,0.0009590295262071891,0.0005754177157246687,0.0006802019531072234,-0.005562371252002762,0.5176841382467376,0.027408759406227376,0.0009583482309867725,0.0005750089385924185,0.0005750089385924185,0.0006797187371822636,-0.005558419739724346,0.5179275967359377
326156.758971123,CENTER,0.26006543094990775,6.543094059452415e-05,0.027811856260013812,0.0009590295262071891,0.0005754177157246687,0.0009590295262071891,0.0010638137635897438,-0.005178759441520242,0.5173005264362551,0.027406398746987238,0.0009582656904539007,0.0005749594142726954,0.0005749594142726954,0.0006796601944261381,-0.005557941004633689,0.5180035677909706
326156.767291394,CENTER,0.27005858498159796,5.85849629715085e-05,0.027811856260013812,0.0009590295262071891,0.0005754177157246687,0.0009590295262071891,0.0010638137635897438,-0.005562371252002762,0.5176841382467376,0.0274038463970562,0.0009581764474493188,0.0005749058684699463,0.0005749058684699463,0.0006795968978702356,-0.005557423395207114,0.5180857078617515
326156.777661932,CENTER,0.2800594529835507,5.945295561105013e-05,0.027811856260013812,0.0009590295262071891,0.0005754177157246687,0.0005754177157246687,0.0010638137635897438,-0.005562371252002762,0.5176841382467376,0.027401105520268473,0.0009580806125966012,0.0005748483675583157,0.0005748483675583157,0.0006795289259755098,-0.005556867553061352,0.5181739151293394
326156.787605072,CENTER,0.2901196219609119,0.00011962198186665773,0.027811856260013812,0.0009590295262071891,0.0005754177157246687,0.0005754177157246687,0.0010638137635897438,-0.005562371252002762,0.5176841382467376,0.027398154188431893,0.0009579774191757418,0.0005747864515058,0.0005747864515058,0.0006794557349375926,-0.0055562690312203665,0.5182688952897816
326156.797387523,CENTER,0.30011704296339303,0.00011704297503456473,0.02742824444953129,0.0009590295262071891,0.0005754177157246687,0.0009590295262071891,0.0010638137635897438,-0.005562371252002762,0.5176841382467376,0.02739502250624359,0.0009578679197985284,0.0005747207518794719,0.0005747207518794719,0.0006793780713326574,-0.00555563393483253,0.5183696795096419
326156.80736651,CENTER,0.31005829997593537,5.8299978263676167e-05,0.027811856260013812,0.0009590295262071891,0.0005754177157246687,0.0009590295262071891,0.0010638137635897438,-0.005562371252002762,0.5176841382467376,0.02739170629726888,0.0009577519684357764,0.0005746511810618206,0.0005746511810618206,0.0006792958315879424,-0.005554961416928568,0.5184764021955064
326156.817318547,CENTER,0.3200605009915307,6.050098454579711e-05,0.027811856260013812,0.0009590295262071891,0.0005754177157246687,0.0009590295262071891,0.0010638137635897438,-0.005562371252002762,0.5176841382467376,0.027388160748144385,0.0009576279981866682,0.0005745767989123557,0.0005745767989123557,0.000679207904362277,-0.0055542423894837396,0.5185905055370981
326156.827696108,CENTER,0.33011500898282975,0.00011500896653160453,0.027811856260013812,0.0009590295262071891,0.0005754177157246687,0.0009590295262071891,0.0010638137635897438,-0.005178759441520242,0.5176841382467376,0.02738437975927988,0.0009574957957788183,0.0005744974774676457,0.0005744974774676457,0.0006791141383899397,-0.00555347561551821,0.5187121858322549
326156.837241226,CENTER,0.34005817997967824,5.81799540668726e-05,0.027811856260013812,0.0009590295262071891,0.0005754177157246687,0.0009590295262071891,0.0010638137635897438,-0.005562371252002762,0.5180677500572202,0.027380421321552887,0.0009573573888652871,0.0005744144333195269,0.0005744144333195269,0.0006790159718055596,-0.00555267285541973,0.5188395768107107
326156.847276428,CENTER,0.35005845595151186,5.845597479492426e-05,0.027811856260013812,0.0009590295262071891,0.0009590295262071891,0.0005754177157246687,0.0006802019531072234,-0.005562371252002762,0.5180677500572202,0.027376214775118247,0.000957210306822118,0.0005743261840936254,0.0005743261840936254,0.0006789116522926596,-0.005551819779569348,0.5189749524571619
326156.85723141,CENTER,0.36005790199851617,5.790201248601079e-05,0.027811856260013812,0.0009590295262071891,0.0009590295262071891,0.0009590295262071891,0.0006802019531072234,-0.005562371252002762,0.5180677500572202,0.027371777255876594,0.0009570551488066756,0.0005742330892843599,0.0005742330892843599,0.0006788016048100117,-0.005550919863079782,0.5191177613017361
326156.867280819,CENTER,0.37006030295742676,6.0302962083369493e-05,0.027811856260013812,0.0009590295262071891,0.0009590295262071891,0.0009590295262071891,0.0006802019531072234,-0.005178759441520242,0.5180677500572202,0.027367101739156977,0.0009568916692010946,0.0005741350015210112,0.0005741350015210112,0.0006786856551505167,-0.005549971681367412,0.5192682294133442
326156.877487852,CENTER,0.38005962799070403,5.9627986047416925e-05,0.027811856260013812,0.0009590295262071891,0.0009590295262071891,0.0009590295262071891,0.0006802019531072234,-0.005562371252002762,0.5184513618677045,0.02736218584985911,0.0009567197849599105,0.0005740318709763007,0.0005740318709763007,0.0006785637444132903,-0.005548974752768544,0.5194264332277847
326156.887564381,CENTER,0.3900575309526175,5.7530938647687435e-05,0.027811856260013812,0.0009590295262071891,0.0009590295262071891,0.0009590295262071891,0.0010638137635897438,-0.005562371252002762,0.5184513618677045,0.0273570238125161,0.0009565392941437214,0.0005739235764865871,0.0005739235764865871,0.000678435729370651,-0.005547927906034647,0.5195925586119148
326156.897384853,CENTER,0.40017256198916584,0.00017256196588277817,0.027811856260013812,0.0009590295262071891,0.0009590295262071891,0.0005754177157246687,0.0010638137635897438,-0.005562371252002762,0.518834973678187,0.027351544953479214,0.0009563477256459282,0.0005738086353879112,0.0005738086353879112,0.0006782998573638025,-0.005546816808747446,0.519768879994659
326156.907272179,CENTER,0.41006423596991226,6.423599552363157e-05,0.02742824444953129,0.0009590295262071891,0.0009590295262071891,0.0009590295262071891,0.0010638137635897438,-0.005562371252002762,0.518834973678187,0.02734593277961805,0.0009561514957906428,0.0005736908974747399,0.0005736908974747399,0.000678160679239276,-0.005545678675586791,0.519949491733114
326156.917252689,CENTER,0.42005699896253645,5.6998978834599257e-05,0.027811856260013812,0.0009590295262071891,0.0009590295262071891,0.0009590295262071891,0.0010638137635897438,-0.005562371252002762,0.5192185854886695,0.027340003040862704,0.0009559441622677287,0.0005735664973609913,0.0005735664973609913,0.0006780136257196742,-0.0055444761411538885,0.520140323387956
326156.927310524,CENTER,0.4300578269758262,5.782698281109333e-05,0.027811856260013812,0.0009590295262071891,0.0009590295262071891,0.0009590295262071891,0.0010638137635897438,-0.005562371252002762,0.519602197299152,0.0273338018388336,0.0009557273370219558,0.0005734364022135275,0.0005734364022135275,0.0006778598400940731,-0.0055432185547284055,0.5203398913105995
326156.937348862,CENTER,0.4400676519726403,6.765197031199932e-05,0.027811856260013812,0.0009590295262071891,0.0009590295262071891,0.0005754177157246687,0.0010638137635897438,-0.005562371252002762,0.519602197299152,0.02732732312743384,0.0009555008086513348,0.0005733004851911548,0.0005733004851911548,0.0006776991724233498,-0.005541904690178804,0.5205483900773531
326156.947288004,CENTER,0.45005920296534896,5.9202953707426786e-05,0.02742824444953129,0.0009590295262071891,0.0005754177157246687,0.0005754177157246687,0.0010638137635897438,-0.005562371252002762,0.5199858091096363,0.027320580230003333,0.0009552650430069116,0.0005731590258045008,0.0005731590258045008,0.0006775319531173432,-0.005540537249441149,0.5207653909146889
326156.957315623,CENTER,0.4600586879532784,5.868793232366443e-05,0.02742824444953129,0.0009590295262071891,0.0005754177157246687,0.0005754177157246687,0.0010638137635897438,-0.005562371252002762,0.5203694209201188,0.02731355125071266,0.0009550192745002448,0.0005730115647005007,0.0005730115647005007,0.0006773576391742594,-0.005539111792102481,0.5209915984771518
326156.968061952,CENTER,0.47082533600041643,0.0008253360283561051,0.02742824444953129,0.0009590295262071891,0.0005754177157246687,0.0005754177157246687,0.0010638137635897438,-0.005562371252002762,0.5203694209201188,0.0273056637841265,0.0009547434889552742,0.0005728460933735182,0.0005728460933735182,0.0006771620353255753,-0.005537512235941651,0.5212454339939006
326156.977439507,CENTER,0.48007525195134804,7.525196997448802e-05,0.02742824444953129,0.0009590295262071891,0.0005754177157246687,0.0005754177157246687,0.0010638137635897438,-0.005178759441520242,0.5203694209201188,0.02729861892757668,0.0009544971652996861,0.0005726982991801652,0.0005726982991801652,0.0006769873276371789,-0.00553608355873924,0.5214721525204655
326156.987310182,CENTER,0.4900619839900173,6.198399933055043e-05,0.027811856260013812,0.0009590295262071891,0.0005754177157246687,0.0005754177157246687,0.0010638137635897438,-0.005562371252002762,0.5207530327306014,0.02729073002703193,0.0009542213296163034,0.0005725327977701355,0.0005725327977701355,0.0006767916882272897,-0.00553448371177562,0.5217260341850634
326156.997259614,CENTER,0.5000592959695496,5.929596954956651e-05,0.02742824444953129,0.0009590295262071891,0.0005754177157246687,0.0005754177157246687,0.0010638137635897438,-0.005178759441520242,0.5211366445410839,0.027282534342174397,0.0009539347672086973,0.0005723608603255718,0.0005723608603255718,0.0006765884407734686,-0.005532821649811504,0.5219897888239193
326157.00732931,CENTER,0.5100585199543275,5.851994501426816e-05,0.027811856260013812,0.0013426413366897094,0.0005754177157246687,0.0005754177157246687,0.0010638137635897438,-0.005562371252002762,0.5215202563515682,0.02727403412328198,0.0009536375567579136,0.0005721825340551014,0.0005721825340551014,0.0006763776410810895,-0.005531097829196958,0.5222633440182854
326157.017667919,CENTER,0.520110172976274,0.00011017295764759183,0.027811856260013812,0.0009590295262071891,0.0005754177157246687,0.0005754177157246687,0.0010638137635897438,-0.005562371252002762,0.5219038681620507,0.027265179680448292,0.0009533279608546378,0.0005719967765131359,0.0005719967765131359,0.0006761580568740057,-0.0055293021729579585,0.5225482988954515
326157.027503198,CENTER,0.5300642539514229,6.425392348319292e-05,0.02742824444953129,0.0009590295262071891,0.0005754177157246687,0.0005754177157246687,0.0010638137635897438,-0.005562371252002762,0.5219038681620507,0.027256101081687346,0.0009530105273315278,0.0005718063163992697,0.0005718063163992697,0.0006759329137511918,-0.005527461058523921,0.522840467588994
326157.037542989,CENTER,0.5401082829921506,0.00010828301310539246,0.027811856260013812,0.0009590295262071891,0.0005754177157246687,0.0009590295262071891,0.0006802019531072234,-0.005562371252002762,0.5222874799725332,0.02724662353327243,0.0009526791445198177,0.0005716074867122434,0.0005716074867122434,0.0006756978769461802,-0.005525539038216001,0.5231454753342734
326157.04736316,CENTER,0.550057994958479,5.79949701204896e-05,0.02742824444953129,0.0009590295262071891,0.0005754177157246687,0.0009590295262071891,0.0010638137635897438,-0.005562371252002762,0.5226710917830157,0.027236917110486827,0.0009523397591077337,0.000571403855464993,0.000571403855464993,0.0006754571642112255,-0.0055235706028259135,0.5234578487455138
326157.057249835,CENTER,0.5600575910066254,5.7591008953750134e-05,0.02742824444953129,0.0009590295262071891,0.0005754177157246687,0.0009590295262071891,0.0010638137635897438,-0.005178759441520242,0.5226710917830157,0.02722683931247741,0.0009519873885479638,0.000571192433129131,0.000571192433129131,0.0006752072416213332,-0.005521526853579249,0.5237821738044495
326157.067354867,CENTER,0.5700629779603332,6.29779533483088e-05,0.02742824444953129,0.0009590295262071891,0.0009590295262071891,0.0005754177157246687,0.0006802019531072234,-0.005562371252002762,0.5230547035935,0.02721642798170747,0.0009516233560035605,0.0005709740136024888,0.0005709740136024888,0.0006749490476440559,-0.005519415464821709,0.5241172326598069
326157.07734771,CENTER,0.5800566419493407,5.664193304255605e-05,0.02742824444953129,0.0009590295262071891,0.0009590295262071891,0.0009590295262071891,0.0006802019531072234,-0.005562371252002762,0.5234383154039826,0.027205697801782027,0.0009512481748872863,0.0005707489049327242,0.0005707489049327242,0.0006746829464228892,-0.005517239414347318,0.524462552761823
326157.087276384,CENTER,0.5900580419693142,5.8041943702846766e-05,0.02742824444953129,0.0009590295262071891,0.0009590295262071891,0.0009590295262071891,0.0006802019531072234,-0.005562371252002762,0.5238219272144651,0.027194624308383146,0.0009508609898034095,0.000570516593882398,0.000570516593882398,0.0006744083312592576,-0.005514993740860832,0.5248189214244869
326157.097293282,CENTER,0.6000645500025712,6.455002585425973e-05,0.02742824444953129,0.0009590295262071891,0.0009590295262071891,0.0005754177157246687,0.0010638137635897438,-0.005178759441520242,0.5238219272144651,0.027183206056967016,0.0009504617502434049,0.0005702770501463951,0.0005702770501463951,0.000674125166329449,-0.005512678151412805,0.5251863851363037
326157.107341178,CENTER,0.6100592069560662,5.9206970036029816e-05,0.02742824444953129,0.0009590295262071891,0.0005754177157246687,0.0005754177157246687,0.0010638137635897438,-0.005178759441520242,0.5242055390249476,0.027171459103401942,0.0009500510176012696,0.0005700306105611137,0.0005700306105611137,0.000673833849808163,-0.00551029590208842,0.5255644271851466
326157.117422456,CENTER,0.6200578910065815,5.7891011238098145e-05,0.02742824444953129,0.0013426413366897094,0.0005754177157246687,0.0009590295262071891,0.0006802019531072234,-0.005562371252002762,0.5245891508354301,0.027159361613727236,0.0009496280284518045,0.0005697768170714345,0.0005697768170714345,0.0006735338402279081,-0.0055078425650215215,0.5259537502344929
326157.127297139,CENTER,0.6300584079581313,5.840795347467065e-05,0.02742824444953129,0.0009590295262071891,0.0005754177157246687,0.0009590295262071891,0.0006802019531072234,-0.005562371252002762,0.5249727626459144,0.02714691242807559,0.0009491927422402086,0.0005695156453444768,0.0005695156453444768,0.0006732251088247582,-0.0055053179049942644,0.5263543916113489
326157.137284722,CENTER,0.6400857459520921,8.574593812227249e-05,0.02742824444953129,0.0009590295262071891,0.0009590295262071891,0.0009590295262071891,0.0006802019531072234,-0.005562371252002762,0.5253563744563969,0.02713407547182125,0.000948743897615931,0.0005692463385699101,0.0005692463385699101,0.0006729067609723383,-0.005502714606173454,0.5267675122742014
326157.147433246,CENTER,0.6500940579571761,9.405793389305472e-05,0.02742824444953129,0.0009590295262071891,0.0009590295262071891,0.0009590295262071891,0.0006802019531072234,-0.005178759441520242,0.5253563744563969,0.027120905628413357,0.0009482834135806901,0.0005689700481487653,0.0005689700481487653,0.0006725801577431507,-0.005500043798769056,0.5271913459564647
326157.157344066,CENTER,0.6600589189911261,5.891901673749089e-05,0.02742824444953129,0.0009590295262071891,0.0009590295262071891,0.0005754177157246687,0.0006802019531072234,-0.005562371252002762,0.5257399862668795,0.027107435073495542,0.0009478124151569904,0.0005686874490945453,0.0005686874490945453,0.0006722460970714445,-0.0054973120079115975,0.5276248571772226
326157.167320308,CENTER,0.6700587449595332,5.8744975831359625e-05,0.02742824444953129,0.0009590295262071891,0.0009590295262071891,0.0005754177157246687,0.0006802019531072234,-0.005562371252002762,0.526123598077362,0.027093555012941153,0.0009473270983543894,0.0005683962590129845,0.0005683962590129845,0.0006719018809362953,-0.005494497170456511,0.5280715471637779
326157.177238522,CENTER,0.6800571879721247,5.7187979109585285e-05,0.02742824444953129,0.0009590295262071891,0.0009590295262071891,0.0005754177157246687,0.0010638137635897438,-0.005178759441520242,0.5268908216983288,0.027079310883306083,0.0009468290518636529,0.0005680974311185425,0.0005680974311185425,0.000671548636133628,-0.005491608500810239,0.5285299536707413
326157.187348554,CENTER,0.6900588579592295,5.8857956901192665e-05,0.02742824444953129,0.0009590295262071891,0.0009590295262071891,0.0005754177157246687,0.0010638137635897438,-0.005562371252002762,0.5272744335088113,0.027064692883433595,0.0009463179329869925,0.000567790759792546,0.000567790759792546,0.0006711861196013692,-0.005488644011325608,0.5290003921202653
326157.19724708,CENTER,0.7000595859717578,5.95859601162374e-05,0.02742824444953129,0.0009590295262071891,0.0005754177157246687,0.0005754177157246687,0.0010638137635897438,-0.005178759441520242,0.5276580453192938,0.02704970390962612,0.0009457938429937242,0.0005674763057965849,0.0005674763057965849,0.000670814403165865,-0.005485604289364652,0.529482769303153
326157.207302811,CENTER,0.710057878983207,5.787896225228906e-05,0.02742824444953129,0.0009590295262071891,0.0009590295262071891,0.00019180590524214836,0.0010638137635897438,-0.005562371252002762,0.5276580453192938,0.027034343381163707,0.0009452567615789546,0.000567154056947723,0.000567154056947723,0.0006704334724256524,-0.005482489217158988,0.5299771039082124
326157.217581899,CENTER,0.7201021279906854,0.00010212801862508059,0.027044632639046995,0.0009590295262071891,0.0005754177157246687,0.00019180590524214836,0.0006802019531072234,-0.005562371252002762,0.5284252689402607,0.027018531531334156,0.0009447038996968026,0.0005668223398184316,0.0005668223398184316,0.0006700413492200973,-0.005479282618242505,0.530485962998567
326157.228343807,CENTER,0.7311824309872463,0.001182431005872786,0.027044632639046995,0.0009590295262071891,0.0009590295262071891,0.0005754177157246687,0.0006802019531072234,-0.005178759441520242,0.5288088807507432,0.027000642542876385,0.0009440784105898877,0.0005664470463542824,0.0005664470463542824,0.0006695977143782656,-0.005475654781422398,0.5310616688452652
326157.237327406,CENTER,0.7400588399614207,5.8839970733970404e-05,0.027044632639046995,0.0009590295262071891,0.0009590295262071891,0.0005754177157246687,0.0010638137635897438,-0.005178759441520242,0.5291924925612257,0.02698597154974134,0.0009435654388019493,0.0005661392632815191,0.0005661392632815191,0.0006692338836488568,-0.005472679545052354,0.531533812731134
326157.247462104,CENTER,0.7500667319982313,6.673199823126197e-05,0.027044632639046995,0.0009590295262071891,0.0005754177157246687,0.00019180590524214836,0.0010638137635897438,-0.005178759441520242,0.52957610437171,0.02696906491677603,0.0009429742977891762,0.0005657845786738551,0.0005657845786738551,0.0006688146105603208,-0.00546925092717827,0.5320779042804737
326157.257537121,CENTER,0.7600621089804918,6.210897117853165e-05,0.027044632639046995,0.0009590295262071891,0.0009590295262071891,0.00019180590524214836,0.0006802019531072234,-0.005178759441520242,0.5299597161821925,0.02695179013695892,0.0009423702845088578,0.0005654221707056638,0.0005654221707056638,0.0006683862076782948,-0.005465747650152422,0.5326338435816037
326157.267279907,CENTER,0.7700585189741105,5.851895548403263e-05,0.027044632639046995,0.0009590295262071891,0.0005754177157246687,0.0005754177157246687,0.0010638137635897438,-0.005178759441520242,0.530343327992675,0.026934121826861734,0.0009417525114285368,0.0005650515068574709,0.0005650515068574709,0.0006679480455108865,-0.0054621645662865604,0.5332024475274465
326157.27729954,CENTER,0.7800582149648108,5.821493687108159e-05,0.027044632639046995,0.0009590295262071891,0.0009590295262071891,0.00019180590524214836,0.0010638137635897438,-0.005178759441520242,0.5307269398031575,0.02691605317054475,0.0009411207402286423,0.000564672444137534,0.000564672444137534,0.0006674999550273906,-0.005458500293327171,0.5337839354694967
326157.287344561,CENTER,0.7900574909872375,5.7491008192300797e-05,0.027044632639046995,0.0009590295262071891,0.0009590295262071891,0.00019180590524214836,0.0010638137635897438,-0.005178759441520242,0.5314941634241244,0.02689758817400172,0.0009404751109788862,0.0005642850665876801,0.0005642850665876801,0.0006670420355737487,-0.005454755643678586,0.5343781784863212
326157.297376407,CENTER,0.8000642489641905,6.424897583201528e-05,0.027044632639046995,0.0009590295262071891,0.0005754177157246687,0.00019180590524214836,0.0010638137635897438,-0.005178759441520242,0.5318777752346069,0.02687870935969712,0.0009398150125766276,0.0005638890075463247,0.0005638890075463247,0.000666573853718874,-0.005450927072945484,0.5349857390423327
326157.307291866,CENTER,0.8100597379961982,5.973799852654338e-05,0.027044632639046995,0.0009590295262071891,0.0009590295262071891,0.00019180590524214836,0.0010638137635897438,-0.005562371252002762,0.5318777752346069,0.026859449928241592,0.0009391416058823784,0.000563484963529775,0.000563484963529775,0.0006660962328155058,-0.005447021314118839,0.5356055486709881
326157.31743017,CENTER,0.8200618779519573,6.18779449723661e-05,0.027044632639046995,0.0009590295262071891,0.0009590295262071891,0.00019180590524214836,0.0006802019531072234,-0.005178759441520242,0.5322613870450894,0.02683977328569771,0.0009384536113878373,0.00056307216683305,0.00056307216683305,0.0006656082653586908,-0.005443030946050499,0.5362387850433321
326157.327317146,CENTER,0.8300583279924467,5.8327976148575544e-05,0.026661020828564475,0.0009590295262071891,0.0005754177157246687,0.00019180590524214836,0.0006802019531072234,-0.005178759441520242,0.5330286106660562,0.026819701367697617,0.0009377517960731489,0.0005626510776442367,0.0005626510776442367,0.0006651104953373031,-0.005438960417225306,0.5368847422238836
326157.337355865,CENTER,0.840058664965909,5.866494029760361e-05,0.027044632639046995,0.0009590295262071891,0.0005754177157246687,0.00019180590524214836,0.0006802019531072234,-0.005562371252002762,0.5337958342870213,0.02679921282866563,0.0009370354135895131,0.000562221248154055,0.000562221248154055,0.0006646023933954702,-0.005434805398820217,0.537544107158847
326157.347279278,CENTER,0.8500581109547056,5.811097798869014e-05,0.026661020828564475,0.0009590295262071891,0.0005754177157246687,0.00019180590524214836,0.0006802019531072234,-0.005562371252002762,0.5341794460975038,0.026778315105878865,0.0009363047239815844,0.0005617828343892975,0.0005617828343892975,0.000664084143972646,-0.005430567399094231,0.538216640500764
326157.357344266,CENTER,0.8600587079999968,5.870801396667957e-05,0.026661020828564475,0.0009590295262071891,0.0009590295262071891,0.0005754177157246687,0.0010638137635897438,-0.005562371252002762,0.5349466697184706,0.026757001805053422,0.0009355595036730027,0.0005613357022041482,0.0005613357022041482,0.0006635555884949047,-0.005426245121304456,0.538902548031344
326157.3673054,CENTER,0.8700585339684039,5.8533973060548306e-05,0.026661020828564475,0.0009590295262071891,0.0009590295262071891,0.00019180590524214836,0.0010638137635897438,-0.005562371252002762,0.5357138933394356,0.026735274946266593,0.0009347998232958409,0.0005608798939778509,0.0005608798939778509,0.0006630167770587999,-0.005421838975116916,0.5396017647401865
326157.377297081,CENTER,0.8800586019642651,5.8601959608495235e-05,0.026661020828564475,0.0009590295262071891,0.0009590295262071891,0.00019180590524214836,0.0006802019531072234,-0.005562371252002762,0.5360975051499199,0.026713130365752506,0.0009340255372638801,0.0005604153223586741,0.0005604153223586741,0.0006624676064057478,-0.0054173481161315425,0.5403144246261679
326157.3879192,CENTER,0.890230338962283,0.00023033894831314683,0.026661020828564475,0.0013426413366897094,0.0009590295262071891,0.00019180590524214836,0.0010638137635897438,-0.005562371252002762,0.536864728770885,0.026690175628869897,0.0009332229240861667,0.0005599337544520457,0.0005599337544520457,0.0006618983444214694,-0.005412692959700803,0.5410531570740048
326157.397269054,CENTER,0.9000710999825969,7.109995931386948e-05,0.026277409018081954,0.0009590295262071891,0.0005754177157246687,0.00019180590524214836,0.0006802019531072234,-0.005562371252002762,0.5376319523918518,0.026667553230110226,0.000932431931122542,0.0005594591586738706,0.0005594591586738706,0.0006613373241983701,-0.00540810520051178,0.5417811941714084
326157.407708321,CENTER,0.91011581098428,0.0001158110098913312,0.026661020828564475,0.0013426413366897094,0.0005754177157246687,0.00019180590524214836,0.0010638137635897438,-0.005562371252002762,0.5387827878232994,0.026644039668437515,0.0009316097786165032,0.0005589658671702471,0.0005589658671702471,0.0006607542037364056,-0.005403336715976754,0.5425379107942423
326157.417413528,CENTER,0.9200638610054739,6.386102177202702e-05,0.026661020828564475,0.0009590295262071891,0.0009590295262071891,0.0005754177157246687,0.0006802019531072234,-0.005562371252002762,0.5391663996337837,0.026620330124704425,0.0009307807735908709,0.0005584684641548673,0.0005584684641548673,0.0006601662230515972,-0.005398528486828086,0.5433009345382571
326157.427745616,CENTER,0.9300680159940384,6.801600102335215e-05,0.026277409018081954,0.0009590295262071891,0.0005754177157246687,0.0005754177157246687,0.0010638137635897438,-0.005178759441520242,0.5395500114442662,0.026596061380016058,0.0009299322160842848,0.0005579593296509153,0.0005579593296509153,0.0006595643745604601,-0.005393606853289885,0.5440819545630674
326157.437350435,CENTER,0.9401727289659902,0.0001727289636619389,0.026661020828564475,0.0009590295262071891,0.0005754177157246687,0.00019180590524214836,0.0010638137635897438,-0.005178759441520242,0.5403172350652312,0.026571113873314896,0.0009290599256401884,0.0005574359553844572,0.0005574359553844572,0.0006589456932294508,-0.005388547568714126,0.5448848185988011
326157.447299528,CENTER,0.9500613379641436,6.133795250207186e-05,0.026661020828564475,0.0009590295262071891,0.0005754177157246687,0.0005754177157246687,0.0010638137635897438,-0.005178759441520242,0.541084458686198,0.026546275244867627,0.0009281914421280463,0.0005569148652771717,0.0005569148652771717,0.0006583297120056643,-0.0053835103643437,0.5456841786998383
326157.457369285,CENTER,0.9600581299746409,5.812995368614793e-05,0.026661020828564475,0.0013426413366897094,0.0005754177157246687,0.00019180590524214836,0.0010638137635897438,-0.005562371252002762,0.5418516823071631,0.02652073635225152,0.000927298473854756,0.0005563790843131971,0.0005563790843131971,0.0006576963647030458,-0.005378331148358615,0.5465060747970938
326157.467315943,CENTER,0.9700581069919281,5.810701986774802e-05,0.026661020828564475,0.0009590295262071891,0.0005754177157246687,0.00019180590524214836,0.0010638137635897438,-0.005178759441520242,0.5426189059281299,0.02649475677457767,0.0009263900970130132,0.0005558340582081511,0.0005558340582081511,0.0006570520887083801,-0.005373062562676507,0.5473421530804966
326157.477270586,CENTER,0.9800591959501617,5.919596878811717e-05,0.026661020828564475,0.0009590295262071891,0.0005754177157246687,0.00019180590524214836,0.0010638137635897438,-0.005178759441520242,0.5433861295490949,0.026468340181591696,0.0009254664399156018,0.0005552798639497039,0.0005552798639497039,0.0006563969750288823,-0.005367705351511519,0.5481922954497966
326157.488959155,CENTER,0.9900757749564946,7.577496580779552e-05,0.026661020828564475,0.0009590295262071891,0.0005754177157246687,0.00019180590524214836,0.0010638137635897438,-0.005178759441520242,0.5441533531700617,0.026441446126777176,0.0009245260883486607,0.0005547156530095389,0.0005547156530095389,0.0006557300206182393,-0.005362251312423259,0.5490578035602575
326157.497198856,CENTER,1.000057206954807,5.7206954807043076e-05,0.026661020828564475,0.0009590295262071891,0.0005754177157246687,0.00019180590524214836,0.0010638137635897438,-0.005178759441520242,0.5449205767910268,0.02641421052618545,0.0009235737946216774,0.0005541442767733486,0.0005541442767733486,0.0006550545961028049,-0.0053567280088067555,0.5499343033431271
326157.508298637,CENTER,1.0111552749876864,0.0011552749783731997,0.026277409018081954,0.0009590295262071891,0.0005754177157246687,0.0005754177157246687,0.0010638137635897438,-0.005178759441520242,0.5460714122224761,0.02638341560737767,0.0009224970492088182,0.0005534982295256327,0.0005534982295256327,0.0006542909028975262,-0.005350482885412171,0.5509253495863559
326157.517378938,CENTER,1.020059626956936,5.962693830952048e-05,0.026277409018081954,0.0009590295262071891,0.0005754177157246687,0.0005754177157246687,0.0006802019531072234,-0.005562371252002762,0.5464550240329586,0.026358316589788187,0.0009216194611812141,0.0005529716767090699,0.0005529716767090699,0.0006536684641987297,-0.005345392874852067,0.551733089565995
326157.527379957,CENTER,1.0300582610070705,5.826097913086414e-05,0.026661020828564475,0.0009590295262071891,0.0005754177157246687,0.0005754177157246687,0.0010638137635897438,-0.005178759441520242,0.547605859464408,0.026329716823039438,0.0009206194693368525,0.0005523716816024525,0.0005523716816024525,0.0006529592092831734,-0.005339592922154767,0.5526534911286841
326157.537336443,CENTER,1.0400582689908333,5.82690117880702e-05,0.026661020828564475,0.0009590295262071891,0.0009590295262071891,0.0005754177157246687,0.0006802019531072234,-0.005178759441520242,0.548373083085373,0.02630067160898155,0.0009196039024117518,0.0005517623414473918,0.0005517623414473918,0.0006522389075749492,-0.005333702633989182,0.5535882281369391
326157.547349404,CENTER,1.05005971895298,5.9718964621424675e-05,0.026661020828564475,0.0009590295262071891,0.0009590295262071891,0.00019180590524214836,0.0006802019531072234,-0.005562371252002762,0.5491403067063398,0.026271179500799848,0.0009185727098179862,0.0005511436258911319,0.0005511436258911319,0.0006515075231940291,-0.0053277217169453404,0.5545373471523458
326157.557469987,CENTER,1.0600645359954797,6.453599780797958e-05,0.026277409018081954,0.0009590295262071891,0.0009590295262071891,0.0005754177157246687,0.0006802019531072234,-0.005178759441520242,0.5495239185168224,0.026241233491413975,0.000917525646552746,0.0005505153879319874,0.0005505153879319874,0.000650764882369549,-0.005321648750006946,0.5555010736777122
326157.56741407,CENTER,1.0700624089804478,6.240897346287966e-05,0.026277409018081954,0.0009590295262071891,0.0009590295262071891,0.0005754177157246687,0.0006802019531072234,-0.005178759441520242,0.5506747539482717,0.02621086372384163,0.0009164637665676992,0.000549878259940959,0.000549878259940959,0.0006500117326280069,-0.005315489846093674,0.5564784376463646
326157.577597099,CENTER,1.0800575469620526,5.754694575443864e-05,0.026277409018081954,0.0009590295262071891,0.0009590295262071891,0.0005754177157246687,0.0006802019531072234,-0.005178759441520242,0.5510583657587542,0.026180057152819933,0.0009153866137347731,0.0005492319682412029,0.0005492319682412029,0.0006492477504556862,-0.005309242359662701,0.5574698588827178
326157.587440764,CENTER,1.090064657968469,6.46579428575933e-05,0.026277409018081954,0.0009590295262071891,0.0009590295262071891,0.00019180590524214836,0.0006802019531072234,-0.005178759441520242,0.5522092011902036,0.02614876697352247,0.0009142925515215753,0.0005485755309132839,0.0005485755309132839,0.0006484717751244772,-0.0053028967988261524,0.5584768436660279
326157.597460529,CENTER,1.1000622009742074,6.220099749043584e-05,0.026277409018081954,0.0009590295262071891,0.0009590295262071891,0.00019180590524214836,0.0006802019531072234,-0.005178759441520242,0.5533600366216511,0.02611705957625496,0.0009131839012674666,0.0005479103407608182,0.0005479103407608182,0.0006476854530691595,-0.005296466627352321,0.5594972554144944
326157.607251035,CENTER,1.1100577889592387,5.7788973208516836e-05,0.026661020828564475,0.0013426413366897094,0.0009590295262071891,0.0005754177157246687,0.0010638137635897438,-0.005178759441520242,0.5541272602426179,0.026084910837754056,0.0009120598195017011,0.0005472358917013586,0.0005472358917013586,0.0006468881860490817,-0.00528994695311088,0.5605318704662414
326157.617345008,CENTER,1.1200590689550154,5.9068959672003984e-05,0.026661020828564475,0.0013426413366897094,0.0009590295262071891,0.00019180590524214836,0.0010638137635897438,-0.005178759441520242,0.554894483863583,0.026052295210834842,0.0009109194129660645,0.0005465516477799761,0.0005465516477799761,0.0006460793405112971,-0.005283332595204186,0.5615815109842306
326157.627361707,CENTER,1.1300592069746926,5.9206970036029816e-05,0.026277409018081954,0.0013426413366897094,0.0005754177157246687,0.0005754177157246687,0.0006802019531072234,-0.005178759441520242,0.5556617074845498,0.02601923402526893,0.0009097634274567671,0.0005458580564743973,0.0005458580564743973,0.0006452594454197483,-0.00527662787925026,0.5626454905308663
326157.637306801,CENTER,1.1400584129733033,5.841295933350921e-05,0.026661020828564475,0.0009590295262071891,0.0009590295262071891,0.0005754177157246687,0.0006802019531072234,-0.005178759441520242,0.5568125429159991,0.02598572612624997,0.0009085918225959645,0.0005451550935579153,0.0005451550935579153,0.0006444284721360168,-0.005269832571057604,0.5637238462702825
326157.647265782,CENTER,1.1500573079683818,5.730794509872794e-05,0.026277409018081954,0.0009590295262071891,0.0005754177157246687,0.0005754177157246687,0.0006802019531072234,-0.005178759441520242,0.5579633783474467,0.025951768966189868,0.00090740450930715,0.0005444427055846261,0.0005444427055846261,0.0006435863574816372,-0.005262946153982479,0.564816660189304
326157.657321313,CENTER,1.160059559973888,5.9559999499469995e-05,0.026277409018081954,0.0009590295262071891,0.0005754177157246687,0.0005754177157246687,0.0006802019531072234,-0.005562371252002762,0.559114213778896,0.025917349381388413,0.0009062010273210854,0.0005437206163929869,0.0005437206163929869,0.0006427327750057274,-0.005255965958463302,0.5659243559239119
326157.667360794,CENTER,1.170109620958101,0.00010962097439914942,0.026277409018081954,0.0009590295262071891,0.0005754177157246687,0.0005754177157246687,0.0010638137635897438,-0.005178759441520242,0.5606486610208279,0.02588231048236879,0.0009049758909917281,0.0005429855345953722,0.0005429855345953722,0.0006418638339551352,-0.005248860167753029,0.5670519825124741
326157.677682191,CENTER,1.1800578609691001,5.7860976085066795e-05,0.026277409018081954,0.0009590295262071891,0.0009590295262071891,0.0005754177157246687,0.0010638137635897438,-0.005178759441520242,0.5617994964522772,0.0258471772011196,0.000903747454584414,0.0005422484727509833,0.0005422484727509833,0.0006409925522889412,-0.0052417352365906065,0.5681826465227169
326157.687627387,CENTER,1.190115375968162,0.00011537596583366394,0.026277409018081954,0.0009590295262071891,0.0005754177157246687,0.0005754177157246687,0.0010638137635897438,-0.005178759441520242,0.5625667200732423,0.025811203167364655,0.0009024896212363393,0.000541493772742138,0.000541493772742138,0.0006401004205279646,-0.005234439803171771,0.5693403677438429
326157.697755253,CENTER,1.2005252490052953,0.0005252489936538041,0.025893797207599434,0.0009590295262071891,0.0005754177157246687,0.0005754177157246687,0.0010638137635897438,-0.005562371252002762,0.5641011673151741,0.025773486845835882,0.0009011708687353336,0.000540702521241534,0.000540702521241534,0.0006391650812059348,-0.0052267910386659365,0.5705541595058153
326157.707269964,CENTER,1.2100572629715316,5.726295057684183e-05,0.025893797207599434,0.0009590295262071891,0.0009590295262071891,0.0005754177157246687,0.0010638137635897438,-0.005178759441520242,0.5660192263675885,0.025738520890463364,0.0008999482828831478,0.0005399689697302221,0.0005399689697302221,0.0006382979491085667,-0.005219700040723258,0.5716794386120582
326157.717253861,CENTER,1.2200579909840599,5.799101199954748e-05,0.025893797207599434,0.0013426413366897094,0.0009590295262071891,0.0005754177157246687,0.0006802019531072234,-0.005178759441520242,0.5671700617990378,0.025701393239234954,0.0008986501132597772,0.0005391900679561992,0.0005391900679561992,0.000637377208412737,-0.0052121706569077065,0.5728742857067848
326157.727377289,CENTER,1.2300612549879588,6.125500658527017e-05,0.025893797207599434,0.0009590295262071891,0.0005754177157246687,0.0005754177157246687,0.0010638137635897438,-0.005178759441520242,0.5683208972304872,0.025663802900403973,0.0008973357657482047,0.0005384014594492552,0.0005384014594492552,0.0006364449933765964,-0.005204547441340584,0.5740840230765331
326157.737332543,CENTER,1.240059920004569,5.992001388221979e-05,0.025893797207599434,0.0013426413366897094,0.0009590295262071891,0.0005754177157246687,0.0006802019531072234,-0.004795147631037722,0.569855344472419,0.025625776712818227,0.0008960061787696824,0.0005376037072621413,0.0005376037072621413,0.0006355019695854587,-0.005196835836865154,0.575307786989872
326157.747247361,CENTER,1.2500580729683861,5.8072968386113644e-05,0.025893797207599434,0.0013426413366897094,0.0005754177157246687,0.0005754177157246687,0.0010638137635897438,-0.005178759441520242,0.5713897917143509,0.025587299414778334,0.0008946608186983577,0.0005367964912193461,0.0005367964912193461,0.0006345477585594785,-0.005189032748451469,0.5765460686008756
326157.757430421,CENTER,1.2600581609876826,5.8160978369414806e-05,0.025510185397115137,0.0009590295262071891,0.0005754177157246687,0.0005754177157246687,0.0006802019531072234,-0.005178759441520242,0.5729242389562827,0.02554836147295399,0.0008932993522010033,0.0005359796113209329,0.0005359796113209329,0.0006335821238784975,-0.005181136242766812,0.5777991747124697
326157.767326624,CENTER,1.2700581579701975,5.8157951571047306e-05,0.025893797207599434,0.0009590295262071891,0.0009590295262071891,0.0005754177157246687,0.0010638137635897438,-0.005178759441520242,0.5740750743877303,0.025508970678718934,0.0008919220517032744,0.0005351532310222951,0.0005351532310222951,0.0006326052587633264,-0.0051731478998799825,0.5790668545816104
326157.777298309,CENTER,1.2800577849848196,5.778495687991381e-05,0.025510185397115137,0.0009590295262071891,0.0009590295262071891,0.0005754177157246687,0.0010638137635897438,-0.005178759441520242,0.5752259098191796,0.02546912823615429,0.0008905289593059095,0.0005343173755838756,0.0005343173755838756,0.0006316171930743648,-0.005165067963975265,0.5803490694583963
326157.787263431,CENTER,1.2900596559629776,5.96559839323163e-05,0.025893797207599434,0.0013426413366897094,0.0009590295262071891,0.0005754177157246687,0.0010638137635897438,-0.005178759441520242,0.5767603570611115,0.02542882372313011,0.0008891197105987706,0.0005334718263595917,0.0005334718263595917,0.0006306176683498231,-0.005156894321473858,0.5816461547492229
326157.797316057,CENTER,1.3000647529843263,6.475299596786499e-05,0.025893797207599434,0.0009590295262071891,0.0005754177157246687,0.0005754177157246687,0.0010638137635897438,-0.005178759441520242,0.5779111924925608,0.02538805297656834,0.0008876941600196881,0.0005326164960121417,0.0005326164960121417,0.0006296065813481747,-0.005148626128115177,0.5829582444308318
326157.807194918,CENTER,1.3100554730044678,5.5473006796091795e-05,0.025893797207599434,0.0009590295262071891,0.0009590295262071891,0.0005754177157246687,0.0006802019531072234,-0.005178759441520242,0.5790620279240102,0.025346888697546872,0.0008862548495643923,0.0005317529097389637,0.0005317529097389637,0.000628585735007091,-0.0051402781274744605,0.5842829988272985
326157.817316332,CENTER,1.320058645971585,5.864596460014582e-05,0.025893797207599434,0.0009590295262071891,0.0005754177157246687,0.0005754177157246687,0.0006802019531072234,-0.005178759441520242,0.5802128633554577,0.02530522072744326,0.0008847979275327978,0.0005308787565200064,0.0005308787565200064,0.000627552397467073,-0.00513182797969121,0.5856239630783138
326157.827359129,CENTER,1.3300591849838383,5.9184967540204525e-05,0.025510185397115137,0.0009590295262071891,0.0009590295262071891,0.0005754177157246687,0.0010638137635897438,-0.005178759441520242,0.5813636987869071,0.025263111546152066,0.0008833255785366024,0.0005299953471222887,0.0005299953471222887,0.0006265081181873428,-0.005123288355513276,0.586979126447458
326157.837252758,CENTER,1.3400566069758497,5.6606950238347054e-05,0.025510185397115137,0.0013426413366897094,0.0009590295262071891,0.0005754177157246687,0.0010638137635897438,-0.004795147631037722,0.5825145342183564,0.025220563924264937,0.0008818378994496402,0.0005291027396701108,0.0005291027396701108,0.000625452965876704,-0.005114659816808894,0.5883483997711758
326157.847371407,CENTER,1.350116727000568,0.00011672702385112643,0.025510185397115137,0.0009590295262071891,0.0005754177157246687,0.0005754177157246687,0.0010638137635897438,-0.005178759441520242,0.583665369649804,0.02517729411266648,0.00088032496897417,0.0005281949813848281,0.0005281949813848281,0.0006243799037485751,-0.005105884820051164,0.5897409147018868
326157.857550178,CENTER,1.3600639859796502,6.398599362000823e-05,0.025510185397115137,0.0009590295262071891,0.0005754177157246687,0.0005754177157246687,0.0006802019531072234,-0.005178759441520242,0.5851998168917358,0.025134061042481087,0.0008788133231634923,0.0005272879938984209,0.0005272879938984209,0.0006233077527826962,-0.005097117274349232,0.5911322472154718
326157.86742913,CENTER,1.3700652059633285,6.52059679850936e-05,0.025510185397115137,0.0009590295262071891,0.0005754177157246687,0.0005754177157246687,0.0010638137635897438,-0.005178759441520242,0.5863506523231852,0.025090144129989177,0.0008772777667826566,0.000526366660069919,0.000526366660069919,0.0006222186429890892,-0.005088211047340383,0.5925455872346802
326157.877328829,CENTER,1.3800589809543453,5.898094968870282e-05,0.025126573586632617,0.0009590295262071891,0.0005754177157246687,0.0005754177157246687,0.0010638137635897438,-0.005178759441520242,0.5875014877546345,0.02504581040334325,0.0008757276364803517,0.0005254365818885354,0.0005254365818885354,0.0006211191964857385,-0.005079220291587013,0.5939723412233828
326157.887334117,CENTER,1.3900581169873476,5.8116973377764225e-05,0.025126573586632617,0.0009590295262071891,0.0005754177157246687,0.0005754177157246687,0.0010638137635897438,-0.005178759441520242,0.5890359349965664,0.025001003759877048,0.0008741609706248905,0.0005244965823752581,0.0005244965823752581,0.0006200080219643809,-0.005070133629625336,0.5954143146851751
326157.897527926,CENTER,1.4000772499712184,7.724994793534279e-05,0.025126573586632617,0.0009590295262071891,0.0005754177157246687,0.0005754177157246687,0.0010638137635897438,-0.005178759441520242,0.5901867704280157,0.02495565751699151,0.000872575437656865,0.0005235452625944422,0.0005235452625944422,0.0006188834657415584,-0.005060937538410786,0.5968736536084813
326157.907304146,CENTER,1.4100586529821157,5.8653007727116346e-05,0.025126573586632617,0.0009590295262071891,0.0009590295262071891,0.0005754177157246687,0.0010638137635897438,-0.005178759441520242,0.5917212176699476,0.024910034789416634,0.0008709802373920094,0.0005225881424355283,0.0005225881424355283,0.0006177520528850187,-0.005051685376874623,0.5983418903994646
326157.91763458,CENTER,1.4200091469683684,9.146984666585922e-06,0.024742961776150096,0.0009590295262071891,0.0005754177157246687,0.0005754177157246687,0.0006802019531072234,-0.005178759441520242,0.5932556649118794,0.024864109693819747,0.0008693744648186921,0.0005216246788915373,0.0005216246788915373,0.0006166131415055786,-0.00504237189594938,0.5998198580390387
326157.927354334,CENTER,1.430081499973312,8.149998029693961e-05,0.025126573586632617,0.0009590295262071891,0.0005754177157246687,0.0005754177157246687,0.0010638137635897438,-0.004795147631037722,0.5947901121538113,0.02481717179019724,0.000867733279377346,0.000520639967626729,0.000520639967626729,0.0006154491131705703,-0.0050328530203895714,0.6013304200035133
326157.937318805,CENTER,1.4400579739594832,5.7973957154899836e-05,0.025126573586632617,0.0013426413366897094,0.0005754177157246687,0.0005754177157246687,0.0010638137635897438,-0.005178759441520242,0.5951737239642938,0.024770234792481555,0.0008660921256110636,0.000519655275366959,0.000519655275366959,0.0006142851073014399,-0.005023334328545132,0.602840952813972
326157.947272035,CENTER,1.4500578709994443,5.787098780274391e-05,0.024742961776150096,0.0009590295262071891,0.0005754177157246687,0.0005754177157246687,0.0010638137635897438,-0.005178759441520242,0.59709178301671,0.024722743087009346,0.0008644315764686791,0.0005186589458815277,0.0005186589458815277,0.0006131073450542779,-0.005013703143519299,0.6043693373044959
326157.957246996,CENTER,1.4600600929697976,6.00929488427937e-05,0.024742961776150096,0.0009590295262071891,0.0009590295262071891,0.0005754177157246687,0.0010638137635897438,-0.005178759441520242,0.5986262302586418,0.02467479601792064,0.0008627551055215218,0.0005176530633132328,0.0005176530633132328,0.0006119182900967171,-0.0050039796120257855,0.6059123763685308
326157.967394569,CENTER,1.470065048953984,6.504898192360997e-05,0.025126573586632617,0.0009590295262071891,0.0009590295262071891,0.0005754177157246687,0.0010638137635897438,-0.005178759441520242,0.5997770656900894,0.02462639219169946,0.0008610626640452573,0.0005166375984274733,0.0005166375984274733,0.0006107179078705016,-0.0049941634514634485,0.6074701148523964
326157.977485596,CENTER,1.480058744957205,5.8744975831359625e-05,0.024742961776150096,0.0009590295262071891,0.0005754177157246687,0.0005754177157246687,0.0010638137635897438,-0.004795147631037722,0.6009279011215387,0.024577600821930046,0.000859356672095278,0.0005156140032574852,0.0005156140032574852,0.0006095079148258138,-0.004984268698153568,0.6090403253151608
326157.987236098,CENTER,1.4900581209803931,5.8120989706367254e-05,0.024742961776150096,0.0009590295262071891,0.0009590295262071891,0.0005754177157246687,0.0010638137635897438,-0.004795147631037722,0.6024623483634706,0.02452834055884248,0.0008576342852740348,0.0005145805711647386,0.0005145805711647386,0.0006082862935432562,-0.0049742788545903555,0.6106256257661253
326157.997511329,CENTER,1.5000676259514876,6.7625951487571e-05,0.024742961776150096,0.0009590295262071891,0.0005754177157246687,0.0005754177157246687,0.0006802019531072234,-0.004795147631037722,0.6036131837949199,0.02447858946599157,0.0008558947365729545,0.0005135368419440897,0.0005135368419440897,0.0006070525000137915,-0.004964189472124087,0.6122267221669366
326158.008920337,CENTER,1.511576349963434,0.0015763499541208148,0.024742961776150096,0.0009590295262071891,0.0005754177157246687,0.0005754177157246687,0.0010638137635897438,-0.004795147631037722,0.6055312428473343,0.024420842849045273,0.0008538756240923151,0.0005123253744557054,0.0005123253744557054,0.0006056204228823338,-0.0049524786197363765,0.6140851316058775
326158.017531191,CENTER,1.5200582229881547,5.822296952828765e-05,0.024742961776150096,0.0009590295262071891,0.0005754177157246687,0.0005754177157246687,0.0006802019531072234,-0.004795147631037722,0.6062984664682993,0.02437791246963316,0.0008523745618751086,0.0005114247371253809,0.0005114247371253809,0.0006045557784433692,-0.004943772458876577,0.6154667228840467
326158.027341253,CENTER,1.5300213609589264,2.1360930986702442e-05,0.024742961776150096,0.0009590295262071891,0.0005754177157246687,0.0005754177157246687,0.0006802019531072234,-0.004795147631037722,0.608600137331198,0.024327083289794986,0.0008505973178248232,0.0005103583906952091,0.0005103583906952091,0.0006032952490841395,-0.00493346444338492,0.6171025144261335
326158.037333647,CENTER,1.5400578169501387,5.7816971093416214e-05,0.024742961776150096,0.0009590295262071891,0.0005754177157246687,0.0005754177157246687,0.0006802019531072234,-0.004795147631037722,0.6105181963836124,0.024275442663594184,0.0008487917015240963,0.0005092750209147722,0.0005092750209147722,0.0006020145964027002,-0.0049229918688407015,0.6187644200448407
326158.047394107,CENTER,1.550059266970493,5.92669821344316e-05,0.024742961776150096,0.0009590295262071891,0.0005754177157246687,0.0005754177157246687,0.0010638137635897438,-0.004795147631037722,0.6124362554360268,0.0242235466722292,0.0008469771563714749,0.0005081862938231987,0.0005081862938231987,0.0006007276108375158,-0.004912467506955495,0.6204345438598091
326158.057266175,CENTER,1.5600577419972979,5.774199962615967e-05,0.024359349965667576,0.0009590295262071891,0.0005754177157246687,0.0005754177157246687,0.0010638137635897438,-0.004795147631037722,0.6143543144884411,0.024171232854235863,0.0008451480018961837,0.0005070888011380233,0.0005070888011380233,0.0005994302634539075,-0.004901858410998805,0.6221181142278579
326158.067437813,CENTER,1.5700638009584509,6.380095146596432e-05,0.024359349965667576,0.0009590295262071891,0.0005754177157246687,0.0005754177157246687,0.0006802019531072234,-0.004795147631037722,0.6166559853513398,0.024118446965697534,0.000843302341457781,0.000505981404874981,0.000505981404874981,0.0005981212090393483,-0.004891153580456067,0.6238168768340506
326158.077337443,CENTER,1.580058557970915,5.8557954616844654e-05,0.024359349965667576,0.0009590295262071891,0.0009590295262071891,0.0005754177157246687,0.0010638137635897438,-0.004795147631037722,0.6185740444037542,0.02406529021609879,0.0008414437138494337,0.0005048662283099719,0.0005048662283099719,0.0005968029575207567,-0.004880373540327651,0.6255275745410623
326158.087585684,CENTER,1.5900578440050595,5.784397944808006e-05,0.024359349965667576,0.0009590295262071891,0.0009590295262071891,0.0005754177157246687,0.0010638137635897438,-0.004795147631037722,0.6197248798352035,0.02401168022275106,0.0008395692385575555,0.0005037415431348443,0.0005037415431348443,0.00059547346586305,-0.004869501583634755,0.627252858599722
326158.097399584,CENTER,1.600118363974616,0.00011836399789899588,0.024359349965667576,0.0009590295262071891,0.0009590295262071891,0.0005754177157246687,0.0010638137635897438,-0.004795147631037722,0.6216429388876179,0.023957310156093845,0.0008376681872758349,0.0005026009123658112,0.0005026009123658112,0.0005941251249001838,-0.004858475486200773,0.6290026034404558
326158.107346242,CENTER,1.6100581089849584,5.810899892821908e-05,0.023975738155185056,0.0009590295262071891,0.0009590295262071891,0.0005754177157246687,0.0006802019531072234,-0.004795147631037722,0.6231773861295498,0.02390316891134204,0.000835775136760038,0.0005014650820563324,0.0005014650820563324,0.0005927824585661573,-0.004847495793209149,0.6307449843036729
326158.117225163,CENTER,1.6200572149828076,5.7214987464249134e-05,0.023975738155185056,0.0013426413366897094,0.0005754177157246687,0.0005754177157246687,0.0010638137635897438,-0.004795147631037722,0.6254790569924467,0.02384828071040981,0.0008338559688952751,0.000500313581337474,0.000500313581337474,0.0005914212682229205,-0.0048363646195935224,0.6325114038117419
326158.127376353,CENTER,1.6300642759888433,6.427598418667912e-05,0.023975738155185056,0.0009590295262071891,0.0005754177157246687,0.0005754177157246687,0.0010638137635897438,-0.004795147631037722,0.6270135042343785,0.023792924977942047,0.0008319204537740251,0.0004991522722647232,0.0004991522722647232,0.0005900484834131038,-0.00482513863189027,0.6342928694829386
326158.137408109,CENTER,1.6400682399980724,6.823998410254717e-05,0.023975738155185056,0.0009590295262071891,0.0009590295262071891,0.0005754177157246687,0.0010638137635897438,-0.004795147631037722,0.6285479514763104,0.02373716410548097,0.000829970772918743,0.0004979824637515532,0.0004979824637515532,0.0005886656514048512,-0.004813830482929632,0.6360873734242104
326158.147621385,CENTER,1.6500599319697358,5.993194645270705e-05,0.023975738155185056,0.0013426413366897094,0.0009590295262071891,0.0005754177157246687,0.0010638137635897438,-0.004795147631037722,0.6304660105287265,0.023681051803159908,0.0008280088043061189,0.000496805282583978,0.000496805282583978,0.0005872741041732243,-0.00480245106497641,0.6378931871287801
326158.157240421,CENTER,1.6600814499543048,8.144997991621494e-05,0.023975738155185056,0.0009590295262071891,0.0005754177157246687,0.0005754177157246687,0.0010638137635897438,-0.004795147631037722,0.6316168459601741,0.023624352185470876,0.0008260263001911182,0.0004956157801149769,0.0004956157801149769,0.0005858679919168065,-0.004790952541109403,0.639717901895978
326158.167203069,CENTER,1.6700568609521724,5.6860968470573425e-05,0.02359212634470076,0.0009590295262071891,0.0005754177157246687,0.0005754177157246687,0.0010638137635897438,-0.004795147631037722,0.633151293202106,0.023567497552368886,0.0008240383759567833,0.0004944230255743753,0.0004944230255743753,0.0005844580353827555,-0.004779422580550259,0.6415476053901672
326158.177422436,CENTER,1.6800618279958144,6.182800279930234e-05,0.02359212634470076,0.0009590295262071891,0.0009590295262071891,0.0005754177157246687,0.0010638137635897438,-0.004795147631037722,0.6350693522545203,0.023510059404257336,0.0008220300490997365,0.0004932180294601465,0.0004932180294601465,0.0005830336080702372,-0.004767774284779386,0.6433960876433362
326158.187540624,CENTER,1.6900580479996279,5.8047997299581766e-05,0.02359212634470076,0.0009590295262071891,0.0005754177157246687,0.0005754177157246687,0.0006802019531072234,-0.004795147631037722,0.6366037994964522,0.023452258081485974,0.000820009023828011,0.0004920054142971104,0.0004920054142971104,0.0005816001742712347,-0.004756052338203375,0.6452562576325402
326158.197604931,CENTER,1.7001145409885794,0.00011454097693786025,0.02359212634470076,0.0009590295262071891,0.0009590295262071891,0.0005754177157246687,0.0010638137635897438,-0.004795147631037722,0.638138246738384,0.023393693080043174,0.0008179612965048366,0.0004907767779032049,0.0004907767779032049,0.0005801478017565293,-0.004744175519728961,0.6471410044320645
326158.207510352,CENTER,1.71012762299506,0.0001276229741051793,0.02359212634470076,0.0009590295262071891,0.0005754177157246687,0.0005754177157246687,0.0006802019531072234,-0.004795147631037722,0.6396726939803159,0.02333496899338186,0.0008159080067614344,0.0004895448040571628,0.0004895448040571628,0.0005786914840357593,-0.004732266439217226,0.649030870933613
326158.218463549,CENTER,1.7212249289732426,0.0012249290011823177,0.02359212634470076,0.0009590295262071891,0.0005754177157246687,0.0005754177157246687,0.0010638137635897438,-0.004795147631037722,0.6412071412222478,0.023269408297621804,0.0008136156747418525,0.00048816940484541294,0.00048816940484541294,0.0005770656230228493,-0.004718970913503649,0.6511407541140826
326158.227385163,CENTER,1.7300630969693884,6.309698801487684e-05,0.02359212634470076,0.0009590295262071891,0.0009590295262071891,0.0005754177157246687,0.0006802019531072234,-0.004795147631037722,0.6423579766536971,0.023216836352766675,0.0008117774948518135,0.00048706649691138875,0.00048706649691138875,0.0005757618742672589,-0.00470830947014142,0.6528326315557187
326158.237384199,CENTER,1.7400944129913114,9.441300062462687e-05,0.02359212634470076,0.0009590295262071891,0.0005754177157246687,0.0005754177157246687,0.0010638137635897438,-0.004795147631037722,0.6450432593270783,0.023156784654308475,0.0008096777851155131,0.00048580667106960785,0.00048580667106960785,0.0005742726326698306,-0.004696131153670876,0.6547652234397234
326158.247322641,CENTER,1.750058833975345,5.8833975344896317e-05,0.02320851453421824,0.0009590295262071891,0.0009590295262071891,0.0005754177157246687,0.0010638137635897438,-0.004795147631037722,0.6473449301899752,0.023096732582798905,0.0008075780623354587,0.0004845468374015744,0.0004845468374015744,0.0005727833818209801,-0.004683952761546558,0.6566978273293178
326158.257623851,CENTER,1.760058421001304,5.8420991990715265e-05,0.02320851453421824,0.0009590295262071891,0.0005754177157246687,0.0005754177157246687,0.0006802019531072234,-0.004795147631037722,0.6492629892423896,0.02303606894200887,0.0008054569560141293,0.0004832741736087759,0.0004832741736087759,0.0005712789644666757,-0.004671650344882845,0.6586501128242336
326158.267569737,CENTER,1.7700846869847737,8.468696614727378e-05,0.02320851453421824,0.0009590295262071891,0.0009590295262071891,0.0005754177157246687,0.0010638137635897438,-0.004795147631037722,0.6511810482948039,0.022974843526530647,0.0008033162072211848,0.00048198972433300845,0.00048198972433300845,0.0005697606154792034,-0.004659234001883764,0.6606204774281657
326158.277360564,CENTER,1.7800569219980389,5.692197009921074e-05,0.02320851453421824,0.0009590295262071891,0.0005754177157246687,0.0005754177157246687,0.0006802019531072234,-0.004795147631037722,0.6530991073472201,0.022913552865171733,0.0008011731771037407,0.0004807039062625412,0.0004807039062625412,0.0005682406484379195,-0.004646804427202587,0.6625929417838569
326158.287324494,CENTER,1.7900585829629563,5.8582983911037445e-05,0.02320851453421824,0.0013426413366897094,0.0009590295262071891,0.0005754177157246687,0.0010638137635897438,-0.004411535820553425,0.655400778210117,0.022851687558691908,0.0007990100544995514,0.00047940603270002686,0.00047940603270002686,0.0005667064305854213,-0.004634258316098286,0.6645838994465714
326158.297281842,CENTER,1.800060894980561,6.089499220252037e-05,0.02320851453421824,0.0009590295262071891,0.0009590295262071891,0.0005754177157246687,0.0010638137635897438,-0.004795147631037722,0.6565516136415663,0.022789425926075718,0.0007968330743381468,0.00047809984460318324,0.00047809984460318324,0.0005651623841121918,-0.004621631831162137,0.6665876117306242
326158.307387737,CENTER,1.810061322990805,6.13229931332171e-05,0.02320851453421824,0.0009590295262071891,0.0005754177157246687,0.0005754177157246687,0.0010638137635897438,-0.004411535820553425,0.6588532845044632,0.022726785962217694,0.0007946428658116428,0.00047678571948728005,0.00047678571948728005,0.0005636089552794719,-0.004608928621708411,0.668603499521885
326158.317335577,CENTER,1.8200590959750116,5.909596802666783e-05,0.02282490272373572,0.0009590295262071891,0.0009590295262071891,0.0005754177157246687,0.0010638137635897438,-0.004795147631037722,0.6615385671778444,0.022663774934694018,0.0007924396830310952,0.00047546380981895064,0.00047546380981895064,0.0005620463243182464,-0.004596150161581232,0.6706313289342342
326158.327364619,CENTER,1.8300582319498062,5.823193350806832e-05,0.02282490272373572,0.0009590295262071891,0.0009590295262071891,0.0005754177157246687,0.0010638137635897438,-0.004795147631037722,0.6638402380407413,0.022600369798941138,0.0007902227202425333,0.00047413363214581276,0.00047413363214581276,0.0005604739197388904,-0.004583291777407571,0.6726718415909333
326158.337358364,CENTER,1.8400590609526262,5.9060927014797926e-05,0.022441290913253198,0.0009590295262071891,0.0009590295262071891,0.0005754177157246687,0.0006802019531072234,-0.004411535820553425,0.6657582970931575,0.022536570521089826,0.0007879919762617187,0.00047279518575732313,0.00047279518575732313,0.0005588917407014699,-0.004570353462318844,0.6747250385819664
326158.347254578,CENTER,1.8500563830020837,5.6383025366812944e-05,0.02282490272373572,0.0009590295262071891,0.0009590295262071891,0.0005754177157246687,0.0010638137635897438,-0.004795147631037722,0.6680599679560544,0.022472412643631458,0.0007857486938331049,0.000471449216300154,0.000471449216300154,0.0005573006686357861,-0.004557342424232881,0.6767897760740679
326158.357355023,CENTER,1.8600632239831612,6.322399713099003e-05,0.02282490272373572,0.0009590295262071891,0.0005754177157246687,0.0005754177157246687,0.0006802019531072234,-0.004411535820553425,0.6703616388189513,0.022407814528543367,0.0007834900184803749,0.00047009401108851515,0.00047009401108851515,0.0005556986789739682,-0.004544242107187045,0.6788686813531275
326158.367271023,CENTER,1.870057599968277,5.759997293353081e-05,0.022441290913253198,0.0009590295262071891,0.0005754177157246687,0.0005754177157246687,0.0010638137635897438,-0.004795147631037722,0.6722796978713674,0.022342920584119224,0.0007812209994445662,0.0004687325996670291,0.0004687325996670291,0.0005540893529442489,-0.004531081796779352,0.6809571070519018
326158.377324741,CENTER,1.8800568559672683,5.685596261173487e-05,0.022441290913253198,0.0009590295262071891,0.0005754177157246687,0.0005754177157246687,0.0006802019531072234,-0.004795147631037722,0.6741977569237818,0.022277620973087414,0.0007789377962616362,0.00046736267775727026,0.00046736267775727026,0.0005524699666564131,-0.004517839218318356,0.6830585879683255
326158.387311765,CENTER,1.8900588079704903,5.8807956520467997e-05,0.02282490272373572,0.0009590295262071891,0.0009590295262071891,0.0005754177157246687,0.0010638137635897438,-0.004411535820553425,0.6764994277866787,0.02221193192009184,0.0007766409762268265,0.00046598458573638357,0.00046598458573638357,0.0005508409224706808,-0.004504517662116457,0.6851726019587137
326158.39729903,CENTER,1.9000597279518843,5.972792860120535e-05,0.022441290913253198,0.0009590295262071891,0.0009590295262071891,0.0005754177157246687,0.0010638137635897438,-0.004411535820553425,0.6784174868390949,0.022145880233704465,0.0007743314767027929,0.0004645988860219626,0.0004645988860219626,0.0005492028852215456,-0.004491122564877059,0.6872982862659762
326158.40745568,CENTER,1.9100597969954833,5.9797021094709635e-05,0.022441290913253198,0.0009590295262071891,0.0009590295262071891,0.0005754177157246687,0.0006802019531072234,-0.004411535820553425,0.6803355458915092,0.022079467268158643,0.000772009345040352,0.0004632056070244972,0.0004632056070244972,0.0005475558884930809,-0.0044776542012349,0.6894355973079925
326158.417341555,CENTER,1.9200554569833912,5.545699968934059e-05,0.022441290913253198,0.0009590295262071891,0.0009590295262071891,0.0005754177157246687,0.0006802019531072234,-0.004411535820553425,0.6822536049439236,0.02201271941576012,0.0007696755040473972,0.0004618053024287235,0.0004618053024287235,0.0005459005867966588,-0.0044641179234757595,0.6915836857240083
326158.427942866,CENTER,1.9303796999738552,0.00037969998084008694,0.0220576791027689,0.0009590295262071891,0.0005754177157246687,0.0009590295262071891,0.0006802019531072234,-0.004411535820553425,0.6837880521858555,0.02194339780617053,0.0007672516715442651,0.00046035100292684335,0.00046035100292684335,0.0005441814576587318,-0.004450059694957591,0.6938146031421433
326158.437566963,CENTER,1.940068847965449,6.884796312078834e-05,0.0220576791027689,0.0009590295262071891,0.0009590295262071891,0.0009590295262071891,0.0006802019531072234,-0.004411535820553425,0.6857061112382699,0.021877992104912595,0.0007649647589128692,0.0004589788553480049,0.0004589788553480049,0.0005425594404048803,-0.0044367956016954915,0.6959194982685768
326158.447321172,CENTER,1.9500562229659408,5.622295429930091e-05,0.0220576791027689,0.0009590295262071891,0.0005754177157246687,0.0009590295262071891,0.0010638137635897438,-0.004411535820553425,0.6876241702906842,0.021810222680938216,0.0007625951986340453,0.0004575571191807097,0.0004575571191807097,0.0005408788044227582,-0.00442305215207831,0.6981004630392523
326158.457388957,CENTER,1.9600614609662443,6.146094528958201e-05,0.0220576791027689,0.0009590295262071891,0.0005754177157246687,0.0009590295262071891,0.0010638137635897438,-0.004411535820553425,0.6899258411535829,0.02174197777030248,0.0007602090129474817,0.0004561254077687706,0.0004561254077687706,0.0005391863766923043,-0.004409212275096238,0.7002967299859907
326158.467358278,CENTER,1.9700618599890731,6.186001701280475e-05,0.0220576791027689,0.0009590295262071891,0.0005754177157246687,0.0009590295262071891,0.0006802019531072234,-0.004411535820553425,0.6922275120164798,0.0216734141444457,0.0007578116833720702,0.00045468701002352287,0.00045468701002352287,0.0005374860450394452,-0.004395307763558849,0.702503253869091
326158.477447984,CENTER,1.980063410999719,6.3411018345505e-05,0.02167406729228638,0.0009590295262071891,0.0005754177157246687,0.0009590295262071891,0.0010638137635897438,-0.004411535820553425,0.6929947356374466,0.021604493566544855,0.0007554018729559572,0.0004532411237738542,0.0004532411237738542,0.0005357768612167731,-0.004381330863145392,0.7047212652311643
326158.487318681,CENTER,1.9900586399598978,5.863996921107173e-05,0.02167406729228638,0.0009590295262071891,0.0005754177157246687,0.0009590295262071891,0.0006802019531072234,-0.004411535820553425,0.6952964065003435,0.021535270477697925,0.0007529814852340371,0.0004517888911407012,0.0004517888911407012,0.0005340601753267798,-0.004367292614358252,0.7069490120414303
326158.497599804,CENTER,2.0000601320061833,6.013200618326664e-05,0.02167406729228638,0.0009590295262071891,0.0005754177157246687,0.0009590295262071891,0.0010638137635897438,-0.004795147631037722,0.6979816891737247,0.021465660416615306,0.0007505475670143656,0.0004503285402088974,0.0004503285402088974,0.0005323338927864796,-0.004353175888684155,0.7091892124445378
326158.507471322,CENTER,2.0100758689804934,7.586897118017077e-05,0.02167406729228638,0.0009590295262071891,0.0005754177157246687,0.0005754177157246687,0.0010638137635897438,-0.004411535820553425,0.7006669718471041,0.021395609502334607,0.0007480982343472088,0.00044885894060860246,0.00044885894060860246,0.0005305966773843655,-0.004338969759214642,0.7114436004449075
326158.517397242,CENTER,2.0200580039527267,5.800393410027027e-05,0.02129045548180386,0.0009590295262071891,0.0005754177157246687,0.0009590295262071891,0.0006802019531072234,-0.004411535820553425,0.7033522545204853,0.021325456113030557,0.0007456453186372776,0.0004473871911826428,0.0004473871911826428,0.0005288569206708248,-0.004324742848097038,0.7137012863103422
326158.527285422,CENTER,2.030058022995945,5.8022968005388975e-05,0.02129045548180386,0.0009590295262071891,0.0005754177157246687,0.0009590295262071891,0.0010638137635897438,-0.004411535820553425,0.705653925383384,0.021254841978588755,0.0007431762929574948,0.00044590577577477213,0.00044590577577477213,0.0005271057377887898,-0.0043104224991542955,0.7159737999381333
326158.537361813,CENTER,2.0400591229554266,5.912297638133168e-05,0.02129045548180386,0.0009590295262071891,0.0005754177157246687,0.0005754177157246687,0.0006802019531072234,-0.004411535820553425,0.7083392080567634,0.02118388759791432,0.0007406953705562913,0.0004444172223340492,0.0004444172223340492,0.000525346117029792,-0.004296033149227312,0.7182572634162134
326158.547921826,CENTER,2.050059381988831,5.938200047239661e-05,0.02090684367132134,0.0009590295262071891,0.0005754177157246687,0.0005754177157246687,0.0006802019531072234,-0.004411535820553425,0.7106408789196621,0.02111260941923873,0.0007382031265466559,0.00044292187592826697,0.00044292187592826697,0.0005235784662988721,-0.004281578133971424,0.7205511474053727
326158.55730321,CENTER,2.060059048992116,5.9048994444310665e-05,0.02090684367132134,0.0009590295262071891,0.0005754177157246687,0.0005754177157246687,0.0006802019531072234,-0.004411535820553425,0.712942549782559,0.021041008589440434,0.0007356996010292334,0.0004414197606178125,0.0004414197606178125,0.0005218028140378419,-0.004267057685970371,0.7228554149966135
326158.567295444,CENTER,2.0700597189716063,5.9718964621424675e-05,0.02090684367132134,0.0009590295262071891,0.0005754177157246687,0.0005754177157246687,0.0006802019531072234,-0.004411535820553425,0.7152442206454577,0.020969076542739343,0.0007331844945012236,0.00043991069670100576,0.00043991069670100576,0.0005200189478211356,-0.004252470068107912,0.7251703418550294
326158.577397612,CENTER,2.0800660889944993,6.60889782011509e-05,0.02090684367132134,0.0009590295262071891,0.0005754177157246687,0.0005754177157246687,0.0010638137635897438,-0.004411535820553425,0.7175458915083546,0.02089678207144239,0.0007306567157845475,0.00043839402947099915,0.00043839402947099915,0.0005182260937190247,-0.004237808951551188,0.7274969323108207
326158.587344111,CENTER,2.090019138995558,1.913896994665265e-05,0.02090684367132134,0.0009590295262071891,0.0005754177157246687,0.0005754177157246687,0.0006802019531072234,-0.004411535820553425,0.7198475623712515,0.020824556777043687,0.0007281313558405375,0.0004368788135045923,0.0004368788135045923,0.0005164349551573084,-0.004223161863875927,0.7298212965063137
326158.597271504,CENTER,2.100062027981039,6.202800432220101e-05,0.020523231860837043,0.0009590295262071891,0.0005754177157246687,0.0005754177157246687,0.0010638137635897438,-0.004411535820553425,0.7221492332341501,0.02075136302867267,0.0007255721338695234,0.00043534328032198284,0.00043534328032198284,0.0005146197995906144,-0.004208318376444042,0.7321768276185632
326158.607378832,CENTER,2.1100585899548605,5.858996883034706e-05,0.020523231860837043,0.0009590295262071891,0.0005754177157246687,0.0005754177157246687,0.0006802019531072234,-0.004411535820553425,0.7248345159075313,0.020678194138307505,0.0007230137810595532,0.0004338082686359997,0.0004338082686359997,0.000512805260485691,-0.004193479930146212,0.7345315587471053
326158.617545281,CENTER,2.120102079003118,0.00010207900777459145,0.020523231860837043,0.0009590295262071891,0.0005754177157246687,0.0005754177157246687,0.0006802019531072234,-0.004411535820553425,0.7267525749599457,0.02060437053529867,0.000720432536199105,0.00043225952171972986,0.00043225952171972986,0.0005109744849490206,-0.004178508709955609,0.7369073599265201
326158.627591005,CENTER,2.1300582049880177,5.820498336106539e-05,0.020523231860837043,0.0009590295262071891,0.0005754177157246687,0.0009590295262071891,0.0006802019531072234,-0.004411535820553425,0.7290542458228426,0.020530884184782393,0.000717863083383851,0.00043071785003057653,0.00043071785003057653,0.0005091520730465793,-0.004163605883627134,0.7392723076005937
326158.637372956,CENTER,2.140059867000673,5.986698670312762e-05,0.020523231860837043,0.0009590295262071891,0.0005754177157246687,0.0005754177157246687,0.0006802019531072234,-0.004411535820553425,0.7313559166857413,0.02045675911247702,0.0007152712976389083,0.00042916277858361,0.00042916277858361,0.0005073138212747932,-0.004148573526306463,0.7416578107056948
326158.647450699,CENTER,2.15006216900656,6.216898327693343e-05,0.020523231860837043,0.0009590295262071891,0.0009590295262071891,0.0005754177157246687,0.0006802019531072234,-0.004027924010070905,0.7321231403067063,0.020382329018381388,0.0007126688467964043,0.0004276013080781066,0.0004276013080781066,0.000505468005168445,-0.004133479311419937,0.7440531300633154
326158.65746288,CENTER,2.1600590619491413,5.906197475269437e-05,0.020523231860837043,0.0009590295262071891,0.0005754177157246687,0.0005754177157246687,0.0006802019531072234,-0.004027924010070905,0.7348084229800875,0.020307642214576548,0.0007100574200899419,0.0004260344520542282,0.0004260344520542282,0.0005036158228345423,-0.004118333036522452,0.7464567108875274
326158.66736176,CENTER,2.1700639489572495,6.394897354766726e-05,0.020139620050354523,0.0009590295262071891,0.0005754177157246687,0.0005754177157246687,0.0006802019531072234,-0.004027924010070905,0.7367264820325019,0.020232601560857957,0.0007074336210088728,0.0004244601726055858,0.0004244601726055858,0.000501754865261565,-0.0041031150018522485,0.748871679357535
326158.677612546,CENTER,2.1801079500000924,0.00010795000707730651,0.020139620050354523,0.0009590295262071891,0.0005754177157246687,0.0005754177157246687,0.0006802019531072234,-0.004027924010070905,0.7390281528953988,0.020156974720315215,0.0007047893258850013,0.0004228735955312619,0.0004228735955312619,0.0004998793706509217,-0.004087778090133791,0.7513055125712209
326158.687698335,CENTER,2.1901011249865405,0.00010112498421221972,0.020139620050354523,0.0009590295262071891,0.0005754177157246687,0.0005754177157246687,0.0006802019531072234,-0.004027924010070905,0.7413298237582975,0.02008144257229973,0.0007021483416886562,0.0004212890050134539,0.0004212890050134539,0.0004980062243510536,-0.004072460381794986,0.753736298377184
326158.69730553,CENTER,2.2000588149530813,5.881494143977761e-05,0.020139620050354523,0.0009590295262071891,0.0005754177157246687,0.0005754177157246687,0.0006802019531072234,-0.004027924010070905,0.7440151064316787,0.020005896037607152,0.0006995068544616435,0.00041970411267724527,0.00041970411267724527,0.0004961327212713021,-0.00405713975587831,0.7561675471771359
326158.707325135,CENTER,2.2100614679511636,6.146793020889163e-05,0.020139620050354523,0.0009590295262071891,0.0005754177157246687,0.0005754177157246687,0.0006802019531072234,-0.004027924010070905,0.7470840009155406,0.019929727555527625,0.0006968436208224998,0.000418106172493758,0.000418106172493758,0.0004942437943160593,-0.0040416930007712735,0.7586188115720357
326158.717338127,CENTER,2.2200646519777365,6.465200567618012e-05,0.020139620050354523,0.0009590295262071891,0.0009590295262071891,0.0005754177157246687,0.0006802019531072234,-0.0036443121995883843,0.7497692835889218,0.019853276762542844,0.0006941705161726828,0.00041650230970386685,0.00041650230970386685,0.0004923478662408765,-0.004026188993802332,0.7610791613346817
326158.727301777,CENTER,2.230058688961435,5.868898006156087e-05,0.019756008239872003,0.0009590295262071891,0.0005754177157246687,0.0005754177157246687,0.0006802019531072234,-0.004027924010070905,0.7528381780727855,0.019776621215831347,0.0006914902523016521,0.00041489415138124745,0.00041489415138124745,0.000490446860411444,-0.004010643463350351,0.763546100509461
326158.737848567,CENTER,2.2406392109696753,0.000639210978988558,0.019756008239872003,0.0009590295262071891,0.0005754177157246687,0.0005754177157246687,0.0006802019531072234,-0.004027924010070905,0.7555234607461667,0.0196951716897717,0.0006886423667750916,0.00041318542006531,0.00041318542006531,0.00048842696712927,-0.003994125727296296,0.7661673201761867
326158.74727296,CENTER,2.25005713297287,5.713297287002206e-05,0.019756008239872003,0.0009590295262071891,0.0005754177157246687,0.0005754177157246687,0.0006802019531072234,-0.004027924010070905,0.7578251316090636,0.019622419294430333,0.0006860985767281912,0.0004116591460371689,0.0004116591460371689,0.00048662275681987595,-0.003979371745024271,0.7685086476055265
326158.757364209,CENTER,2.2600601359736174,6.0135964304208755e-05,0.019372396429389482,0.0009590295262071891,0.0005754177157246687,0.0005754177157246687,0.0006802019531072234,-0.004027924010070905,0.7605104142824448,0.019544889829981545,0.0006833877562929193,0.00041003265377600475,0.00041003265377600475,0.0004847000784202992,-0.003963648986499691,0.7710037113191576
326158.767351534,CENTER,2.2700593029730953,5.9302954468876123e-05,0.019372396429389482,0.0009590295262071891,0.0005754177157246687,0.0005754177157246687,0.0006802019531072234,-0.0036443121995883843,0.7628120851453417,0.019467128360884545,0.0006806688238070109,0.00040840129428445875,0.00040840129428445875,0.0004827716464620093,-0.00394787917808142,0.7735062414377643
326158.777613991,CENTER,2.280061344965361,6.134493742138147e-05,0.019372396429389482,0.0009590295262071891,0.0005754177157246687,0.0005754177157246687,0.0006802019531072234,-0.004027924010070905,0.7651137560082404,0.01938908606818033,0.0006779400723138571,0.00040676404338856536,0.00040676404338856536,0.00048083625026776685,-0.003932052419421125,0.7760178090596905
326158.787412193,CENTER,2.2900642689783126,6.426899926736951e-05,0.019372396429389482,0.0009590295262071891,0.0005754177157246687,0.0005754177157246687,0.0006802019531072234,-0.004027924010070905,0.7677990386816198,0.019310781709680633,0.000675202157681001,0.0004051212946088507,0.0004051212946088507,0.0004788943550186448,-0.0039161725145505566,0.778537810518501
326158.797588801,CENTER,2.3000802669557743,8.026696741580963e-05,0.019372396429389482,0.0009590295262071891,0.00019180590524214836,0.0005754177157246687,0.0010638137635897438,-0.004027924010070905,0.769717097734036,0.019232122690952445,0.0006724518423408552,0.0004034711054047622,0.0004034711054047622,0.0004769436644351895,-0.0039002206855777073,0.7810692257007659
326158.807312113,CENTER,2.310058273957111,5.8273959439247847e-05,0.019372396429389482,0.0009590295262071891,0.0005754177157246687,0.0005754177157246687,0.0006802019531072234,-0.0036443121995883843,0.7720187685969329,0.019153514361427443,0.0006697032993504711,0.00040182197961053073,0.00040182197961053073,0.00047499423090976696,-0.003884279136233477,0.783599009596236
326158.817558852,CENTER,2.320073851966299,7.38519593141973e-05,0.019372396429389482,0.0005754177157246687,0.0005754177157246687,0.0005754177157246687,0.0006802019531072234,-0.004027924010070905,0.774704051270314,0.019074364858087882,0.0006669358341987387,0.00040016150051949034,0.00040016150051949034,0.00047303137663894047,-0.0038682278383534263,0.7861462096206202
326158.827231599,CENTER,2.330056466977112,5.6466960813850164e-05,0.018988784618905186,0.0009590295262071891,0.0005754177157246687,0.00019180590524214836,0.0006802019531072234,-0.0036443121995883843,0.7777729457541778,0.018995234830716072,0.0006641690500248998,0.00039850143001518595,0.00039850143001518595,0.00047106900535897125,-0.0038521804901451573,0.7886927828667754
326158.837364295,CENTER,2.340058539994061,5.853996844962239e-05,0.018988784618905186,0.0009590295262071891,0.0005754177157246687,0.0005754177157246687,0.0006802019531072234,-0.0036443121995883843,0.7789237811856253,0.018915712677043166,0.0006613885551412324,0.0003968331330849844,0.0003968331330849844,0.00046909690961135126,-0.0038360536198198828,0.7912519755746021
326158.847561421,CENTER,2.350058066949714,5.8066972997039557e-05,0.018988784618905186,0.0009590295262071891,0.0005754177157246687,0.0005754177157246687,0.0006802019531072234,-0.0036443121995883843,0.781225452048524,0.018835976194237304,0.0006586005662319371,0.00039516033973940624,0.00039516033973940624,0.0004671194986458684,-0.0038198832841459672,0.7938180658515815
326158.857272961,CENTER,2.360083451960236,8.345197420567274e-05,0.018988784618905186,0.0009590295262071891,0.0005754177157246687,0.0005754177157246687,0.0006802019531072234,-0.0036443121995883843,0.7835271229114209,0.01875580155687965,0.0006557972572334182,0.00039347835434029387,0.00039347835434029387,0.0004651312217431783,-0.0038036240919545545,0.7963982568776236
326158.867392372,CENTER,2.370059205975849,5.920598050579429e-05,0.018988784618905186,0.0009590295262071891,0.0005754177157246687,0.0005754177157246687,0.0006802019531072234,-0.0036443121995883843,0.7862124055848021,0.018675796770034815,0.0006529998870640191,0.0003917999322386533,0.0003917999322386533,0.00046314715701858695,-0.003787399344972036,0.7989729817514835
326158.87785808,CENTER,2.3800694730016403,6.947299698367715e-05,0.018988784618905186,0.0009590295262071891,0.0005754177157246687,0.0005754177157246687,0.0006802019531072234,-0.0036443121995883843,0.788514076447699,0.01859529103125351,0.0006501850010926454,0.0003901110006558281,0.0003901110006558281,0.00046115066902402565,-0.0037710730063380657,0.8015638283283351
326158.887628299,CENTER,2.39012382295914,0.0001238229451701045,0.018605172808422665,0.0009590295262071891,0.0005754177157246687,0.0005754177157246687,0.0006802019531072234,-0.0036443121995883843,0.7911993591210802,0.01851420828947845,0.00064734994019142,0.00038840996411509184,0.00038840996411509184,0.00045913987174459465,-0.0037546296531109557,0.8041732440935927
326158.897344868,CENTER,2.4000618149875663,6.181496428325772e-05,0.018605172808422665,0.0009590295262071891,0.0005754177157246687,0.0005754177157246687,0.0006802019531072234,-0.0036443121995883843,0.7942682536049439,0.01843384831844555,0.0006445401509944661,0.0003867240905969185,0.0003867240905969185,0.00045714699869182625,-0.00373833287576862,0.8067593995530447
326158.90727171,CENTER,2.410057965957094,5.796598270535469e-05,0.018221560997940145,0.0009590295262071891,0.0005754177157246687,0.0005754177157246687,0.0006802019531072234,-0.0036443121995883843,0.7969535362783251,0.01835280538464582,0.00064170648198049,0.00038502388918853174,0.00038502388918853174,0.00045513718862331997,-0.003721897595487555,0.809367534212655
326158.917410768,CENTER,2.4200659999623895,6.59999786876142e-05,0.018221560997940145,0.0009590295262071891,0.0005754177157246687,0.0005754177157246687,0.0006802019531072234,-0.004027924010070905,0.8004060425726713,0.018271455994031138,0.0006388620976932641,0.00038331725861619507,0.00038331725861619507,0.0004531197786326075,-0.003705400166621641,0.8119855313069435
326158.927336968,CENTER,2.4300621309666894,6.213097367435694e-05,0.018221560997940145,0.0009590295262071891,0.0005754177157246687,0.00019180590524214836,0.0006802019531072234,-0.0036443121995883843,0.803474937056535,0.01818999707388043,0.0006360138837019811,0.0003816083302214243,0.0003816083302214243,0.00045109965238331474,-0.0036888805254721973,0.8146070532955785
326158.937309215,CENTER,2.4400584219838493,5.8421981520950794e-05,0.017837949187457625,0.0009590295262071891,0.0005754177157246687,0.00019180590524214836,0.0006802019531072234,-0.0036443121995883843,0.805776607919432,0.018108334282211598,0.0006331585413359387,0.0003798951248017978,0.0003798951248017978,0.0004490744702579499,-0.003672319539749148,0.8172351363049909
326158.947317509,CENTER,2.450056225992739,5.622598109766841e-05,0.017837949187457625,0.0009590295262071891,0.0005754177157246687,0.00019180590524214836,0.0006802019531072234,-0.0036443121995883843,0.8084618905928131,0.0180264601258851,0.0006302958085972505,0.00037817748515858377,0.00037817748515858377,0.0004470440464317089,-0.0036557156898647533,0.8198700214804113
326158.957271741,CENTER,2.4600570159964263,5.701597547158599e-05,0.017837949187457625,0.0009590295262071891,0.0005754177157246687,0.0005754177157246687,0.0006802019531072234,-0.0036443121995883843,0.8111471732661943,0.017944366034991395,0.0006274253858387299,0.00037645523150347035,0.00037645523150347035,0.00044500816837661836,-0.003639067237865331,0.8225119846198279
326158.967606174,CENTER,2.4700639869552106,6.398698315024376e-05,0.017454337376973328,0.0009590295262071891,0.0005754177157246687,0.0005754177157246687,0.0006802019531072234,-0.0036443121995883843,0.8130652323186087,0.01786202916024378,0.0006245464741342685,0.00037472788448079247,0.00037472788448079247,0.0004429662694457873,-0.0036223695499794516,0.8251617610620763
326158.977290463,CENTER,2.48005839495454,5.8394973166286945e-05,0.017454337376973328,0.0009590295262071891,0.0005754177157246687,0.0005754177157246687,0.0006802019531072234,-0.0036443121995883843,0.8153669031815056,0.01777960756294967,0.0006216646001030064,0.0003729987600620342,0.0003729987600620342,0.00044092226945297583,-0.003605654680598128,0.8278142640567783
326158.987338701,CENTER,2.4900613089557737,6.130896508693695e-05,0.017454337376973328,0.0009590295262071891,0.0005754177157246687,0.0005754177157246687,0.0006802019531072234,-0.0036443121995883843,0.8176685740444043,0.017696931276275606,0.0006187738208486692,0.0003712642925094308,0.0003712642925094308,0.0004388719533354122,-0.003588888160922969,0.8304749634995617
326158.997310737,CENTER,2.500081223959569,8.122395956888795e-05,0.017454337376973328,0.0009590295262071891,0.0005754177157246687,0.0005754177157246687,0.0006802019531072234,-0.0036443121995883843,0.8203538567177837,0.017613933075927686,0.0006158717858714699,0.0003695230715231101,0.0003695230715231101,0.00043681365397597204,-0.0035720563580552097,0.8331460228117482
326159.007312409,CENTER,2.5100594319519587,5.943194264546037e-05,0.017454337376973328,0.0009590295262071891,0.0005754177157246687,0.0005754177157246687,0.0006802019531072234,-0.003260700389105864,0.8230391393911649,0.01753110361547762,0.0006129756508906987,0.0003677853905346463,0.0003677853905346463,0.00043475953925212874,-0.003555258775166734,0.8358116517137137
326159.017524353,CENTER,2.520058288006112,5.828798748552799e-05,0.017070725566490808,0.0009590295262071891,0.0005754177157246687,0.0005754177157246687,0.0006802019531072234,-0.003260700389105864,0.8257244220645461,0.017447929544333426,0.0006100674665849584,0.00036604047995120105,0.00036604047995120105,0.00043269687841562284,-0.003538391306193437,0.8384883709236588
326159.027337863,CENTER,2.530060209974181,6.020994624122977e-05,0.017454337376973328,0.0009590295262071891,0.0005754177157246687,0.0005754177157246687,0.0006802019531072234,-0.0036443121995883843,0.8284097047379255,0.017364560217734283,0.0006071524551654085,0.00036429147309947007,0.00036429147309947007,0.0004306293753755973,-0.0035214842399600445,0.8411713738710708
326159.037398644,CENTER,2.540058273996692,5.827401764690876e-05,0.017454337376973328,0.0009590295262071891,0.0005754177157246687,0.0005754177157246687,0.0006802019531072234,-0.0036443121995883843,0.8310949874113067,0.017281057098385552,0.0006042327656776913,0.00036253965940683853,0.00036253965940683853,0.0004285585543656684,-0.0035045500409312804,0.8438586825548504
326159.048664025,CENTER,2.550057731976267,5.773198790848255e-05,0.017454337376973328,0.0009590295262071891,0.0005754177157246687,0.0005754177157246687,0.0006802019531072234,-0.0036443121995883843,0.8337802700846879,0.017197380125776526,0.0006013069974046489,0.00036078419844301214,0.00036078419844301214,0.0004264834219122047,-0.0034875805849476325,0.846551586207773
326159.057406656,CENTER,2.5600606049993075,6.0605001635849476e-05,0.017070725566490808,0.0009590295262071891,0.0005754177157246687,0.0005754177157246687,0.0006802019531072234,-0.0036443121995883843,0.8376163881895167,0.01711351602544986,0.0005983746862044165,0.00035902481172287153,0.00035902481172287153,0.0004244036488176217,-0.0034705731799862805,0.8492505120302206
326159.067351451,CENTER,2.570059480960481,5.948095349594951e-05,0.017070725566490808,0.0009590295262071891,0.0005754177157246687,0.0005754177157246687,0.0006802019531072234,-0.0036443121995883843,0.8399180590524153,0.017029530719261995,0.0005954381370370093,0.00035726288222242614,0.00035726288222242614,0.00042232086989947375,-0.0034535411948153154,0.8519533385160909
326159.077683129,CENTER,2.580058757972438,5.875795613974333e-05,0.017070725566490808,0.0009590295262071891,0.0005754177157246687,0.0005754177157246687,0.0006802019531072234,-0.003260700389105864,0.8414525062943472,0.01694539112402719,0.0005924961931476809,0.000355497715888828,0.000355497715888828,0.00042023426471707954,-0.003436477920257208,0.8546611303529432
326159.08741184,CENTER,2.5900664309738204,6.643094820901752e-05,0.017070725566490808,0.0009590295262071891,0.0005754177157246687,0.0005754177157246687,0.0006802019531072234,-0.003260700389105864,0.8449050125886934,0.016861033557763604,0.00058954662789371,0.0003537279767364444,0.0003537279767364444,0.0004181422540002638,-0.0034193704417841736,0.8573759369629324
326159.097675691,CENTER,2.600076657952741,7.665797602385283e-05,0.017070725566490808,0.0009590295262071891,0.0005754177157246687,0.0005754177157246687,0.0006802019531072234,-0.003260700389105864,0.8475902952620729,0.016776510828605436,0.0005865912877133551,0.0003519547726282304,0.0003519547726282304,0.00041604614735511823,-0.003402229468738112,0.8600960588675394
326159.10730119,CENTER,2.610057951998897,5.795201286673546e-05,0.016687113756008287,0.0009590295262071891,0.0005754177157246687,0.0009590295262071891,0.0006802019531072234,-0.003260700389105864,0.8506591897459366,0.016692093165528325,0.000583639621172198,0.00035018377270353506,0.00035018377270353506,0.0004139526462778818,-0.003385109802799397,0.8628127995213117
326159.117324031,CENTER,2.620089509000536,8.950900519266725e-05,0.016687113756008287,0.0009590295262071891,0.0005754177157246687,0.0005754177157246687,0.0006802019531072234,-0.003260700389105864,0.8537280842298003,0.016607114149266244,0.0005806683268973008,0.00034840099613859556,0.00034840099613859556,0.00041184522402047284,-0.00336787629600499,0.8655476057192266
326159.127358955,CENTER,2.6300724349566735,7.243495201691985e-05,0.016687113756008287,0.0009590295262071891,0.0005754177157246687,0.0005754177157246687,0.0006802019531072234,-0.003260700389105864,0.856029755092699,0.016522415315804985,0.0005777068292238309,0.0003466240975345125,0.0003466240975345125,0.0004097447501074501,-0.003350699609498861,0.8682733950363403
326159.137335619,CENTER,2.6400588380056433,5.8837991673499346e-05,0.016687113756008287,0.0009590295262071891,0.0005754177157246687,0.0005754177157246687,0.0006802019531072234,-0.003260700389105864,0.8587150377660784,0.016437559277798733,0.0005747398348879484,0.000344843900932982,0.000344843900932982,0.00040764037762779684,-0.0033334910423507397,0.8710042435313887
326159.147491519,CENTER,2.650057984981686,5.798495840281248e-05,0.016687113756008287,0.0009590295262071891,0.0005754177157246687,0.0005754177157246687,0.00029659014262470307,-0.003260700389105864,0.8610167086289771,0.016352470818843702,0.0005717647139454656,0.00034305882836749117,0.00034305882836749117,0.0004055302412654573,-0.003316235340884336,0.8737425718288543
326159.157673196,CENTER,2.6601158009725623,0.00011580099817365408,0.016303501945525767,0.0009590295262071891,0.0005754177157246687,0.0005754177157246687,0.0006802019531072234,-0.003260700389105864,0.8637019913023565,0.01626676169474088,0.0005687678914243885,0.0003412607348548438,0.0003412607348548438,0.00040340471282629224,-0.003298853770262085,0.8765008744560743
326159.167367413,CENTER,2.6700736709753983,7.367099169641733e-05,0.016303501945525767,0.0009590295262071891,0.0005754177157246687,0.0005754177157246687,0.0006802019531072234,-0.003260700389105864,0.8660036621652552,0.016181788161139677,0.0005657967888509205,0.00033947807331076186,0.00033947807331076186,0.0004012974265351731,-0.0032816213753359674,0.8792355042102551
326159.1773556,CENTER,2.6800584199954756,5.8420002460479736e-05,0.016303501945525767,0.0005754177157246687,0.0005754177157246687,0.0005754177157246687,0.0006802019531072234,-0.003260700389105864,0.8686889448386363,0.016096473110639196,0.000562813745127128,0.0003376882470764853,0.0003376882470764853,0.0003991816708554158,-0.0032643197217379675,0.8819811247074913
326159.187617106,CENTER,2.6901146339951083,0.00011463399277999997,0.01591989013504147,0.0009590295262071891,0.0005754177157246687,0.0005754177157246687,0.0006802019531072234,-0.003260700389105864,0.8713742275120158,0.016010437821551073,0.0005598055182359355,0.0003358833109417687,0.0003358833109417687,0.0003970480537447193,-0.003246872005769048,0.884749924020394
326159.19735759,CENTER,2.700069246988278,6.924697663635015e-05,0.01591989013504147,0.0009590295262071891,0.0005754177157246687,0.0005754177157246687,0.0006802019531072234,-0.003260700389105864,0.8744431219958795,0.015925167308443167,0.0005568240317636317,0.00033409441905838527,0.00033409441905838527,0.0003949334025622429,-0.0032295793842296826,0.8874941112092372
326159.207297977,CENTER,2.7100546580040827,5.4657983127981424e-05,0.01553627832455895,0.0009590295262071891,0.0005754177157246687,0.0005754177157246687,0.0006802019531072234,-0.003260700389105864,0.8767447928587782,0.01583953243800068,0.0005538298055243845,0.0003322978833148359,0.0003322978833148359,0.00039280971556374605,-0.0032122128720420457,0.8902500241951145
326159.217274181,CENTER,2.720058273000177,5.827302811667323e-05,0.01553627832455895,0.0009590295262071891,0.0005754177157246687,0.0005754177157246687,0.00029659014262470307,-0.003260700389105864,0.8801972991531244,0.015753644366182727,0.0005508267260901909,0.00033049603565431864,0.00033049603565431864,0.00039067974934200403,-0.00319479501132372,0.893014085741912
326159.227378454,CENTER,2.730061777983792,6.177800241857767e-05,0.01553627832455895,0.0009590295262071891,0.0005754177157246687,0.0005754177157246687,0.0006802019531072234,-0.003260700389105864,0.8836498054474706,0.015667663974975425,0.0005478204187053209,0.00032869225122339555,0.00032869225122339555,0.0003885474936617055,-0.0031773584284914705,0.8957811183237872
326159.237348246,CENTER,2.7400592409539968,5.924096331000328e-05,0.01553627832455895,0.0009590295262071891,0.0005754177157246687,0.0005754177157246687,0.0006802019531072234,-0.003260700389105864,0.8867186999313343,0.015581646247504338,0.0005448128058566822,0.0003268876835142111,0.0003268876835142111,0.0003864143120672605,-0.0031599142739693617,0.8985493524663546
326159.247571831,CENTER,2.750058237987105,5.8237987104803324e-05,0.01553627832455895,0.0009590295262071891,0.0005754177157246687,0.0005754177157246687,0.0006802019531072234,-0.003260700389105864,0.8901712062256806,0.015495529976607273,0.0005418017474337084,0.0003250810484604258,0.0003250810484604258,0.00038427868666235073,-0.003142450135116111,0.9013207579467886
326159.257730275,CENTER,2.76054537598975,0.0005453759804368019,0.01515266651407643,0.0009590295262071891,0.0005754177157246687,0.0005754177157246687,0.0006802019531072234,-0.002877088578621567,0.8928564888990618,0.01540512217610721,0.0005386406355281125,0.0003231843813170671,0.0003231843813170671,0.0003820366342193143,-0.0031241156860636514,0.9042302740134949
326159.267485717,CENTER,2.770058624970261,5.8624951634556055e-05,0.01515266651407643,0.0009590295262071891,0.0005754177157246687,0.0005754177157246687,0.0006802019531072234,-0.002877088578621567,0.8943909361409936,0.015323036420939415,0.0005357705042285399,0.00032146230253732235,0.00032146230253732235,0.0003800009628846012,-0.003107468924526126,0.9068719688914525
326159.277382493,CENTER,2.7800603269715793,6.032694363966584e-05,0.01515266651407643,0.0009590295262071891,0.0005754177157246687,0.0005754177157246687,0.0006802019531072234,-0.002877088578621567,0.897076218814373,0.01523666426756386,0.0005327504988657588,0.00031965029931965266,0.00031965029931965266,0.00037785899176690055,-0.0030899528934219935,0.9096516092164268
326159.287332618,CENTER,2.7900559369591065,5.5936980061233044e-05,0.01515266651407643,0.0009590295262071891,0.0005754177157246687,0.0005754177157246687,0.00029659014262470307,-0.002877088578621567,0.9001451132982368,0.01515027512186773,0.0005297298993658947,0.0003178379396197331,0.0003178379396197331,0.00037571659925111645,-0.003072433416322778,0.9124317963905606
326159.297253709,CENTER,2.8000602329848334,6.0232996474951506e-05,0.01515266651407643,0.0009590295262071891,0.0005754177157246687,0.0005754177157246687,0.00029659014262470307,-0.002877088578621567,0.9024467841611354,0.015063745180758724,0.0005267043769494966,0.00031602262616989307,0.00031602262616989307,0.0003735707151041052,-0.0030548853863076658,0.9152165146617195
326159.307363772,CENTER,2.81005880900193,5.880900425836444e-05,0.014769054703593909,0.0005754177157246687,0.0005754177157246687,0.0005754177157246687,0.0006802019531072234,-0.003260700389105864,0.9055156786449992,0.014977202965768783,0.0005236784253764223,0.0003142070552260474,0.0003142070552260474,0.0003714245265731294,-0.0030373348671838317,0.9180016279325751
326159.317290774,CENTER,2.8200580150005408,5.801499355584383e-05,0.01515266651407643,0.0009590295262071891,0.0005754177157246687,0.0005754177157246687,0.00029659014262470307,-0.002877088578621567,0.907817349507896,0.014890597514817885,0.0005206502627557621,0.0003123901576536502,0.0003123901576536502,0.00036927676983299513,-0.0030197715239839995,0.9207887762716813
326159.327344313,CENTER,2.830060918990057,6.091897375881672e-05,0.01515266651407643,0.0009590295262071891,0.0005754177157246687,0.0005754177157246687,0.0006802019531072234,-0.002877088578621567,0.9105026321812772,0.014803906176577541,0.0005176190970830235,0.00031057145825000586,0.00031057145825000586,0.00036712688314604133,-0.003002190763082112,0.9235786886471558
326159.337344351,CENTER,2.840058732952457,5.873292684555054e-05,0.014769054703593909,0.0005754177157246687,0.0005754177157246687,0.0005754177157246687,0.0006802019531072234,-0.002877088578621567,0.913571526665141,0.0147172090849263,0.0005145877302420716,0.0003087526381454336,0.0003087526381454336,0.00036497685377837985,-0.0029846088354045877,0.9263687861796782
326159.347619272,CENTER,2.8500582699780352,5.827000131830573e-05,0.014769054703593909,0.0009590295262071891,0.00019180590524214836,0.0005754177157246687,0.0006802019531072234,-0.002877088578621567,0.9162568093385204,0.014630451148368693,0.0005115542359568413,0.0003069325415742943,0.0003069325415742943,0.00036282531549810014,-0.002967014568550248,0.9291608418312087
326159.357402636,CENTER,2.8600593109731562,5.931098712608218e-05,0.014769054703593909,0.0009590295262071891,0.00019180590524214836,0.0005754177157246687,0.0006802019531072234,-0.002877088578621567,0.9189420920119016,0.01454363821347139,0.0005085188186527403,0.0003051112911918326,0.0003051112911918326,0.0003606724132961101,-0.0029494091481864593,0.931954667446748
326159.367232337,CENTER,2.870060119952541,6.011995719745755e-05,0.014769054703593909,0.0009590295262071891,0.0005754177157246687,0.0005754177157246687,0.0006802019531072234,-0.002877088578621567,0.9212437628747985,0.014456789312592228,0.0005054821437968262,0.000303289286278283,0.000303289286278283,0.00035851861916204076,-0.002931796434022154,0.9347496505243813
326159.377562331,CENTER,2.880066640966106,6.66409614495933e-05,0.014769054703593909,0.0009590295262071891,0.0005754177157246687,0.00019180590524214836,0.0006802019531072234,-0.002877088578621567,0.9243126573586622,0.01436985677349297,0.0005024425445276221,0.00030146552671675935,0.00030146552671675935,0.00035636275085655406,-0.0029141667582607664,0.9375473252585287
326159.387280434,CENTER,2.8900576129672118,5.761295324191451e-05,0.014385442893111389,0.0009590295262071891,0.0005754177157246687,0.0005754177157246687,0.0006802019531072234,-0.002493476768139047,0.9277651636530102,0.014283029324664305,0.0004994066197434037,0.00029964397184622724,0.00029964397184622724,0.00035420948871886065,-0.002896558394512296,0.9403416179633706
326159.397323864,CENTER,2.9000585739850067,5.857396172359586e-05,0.014385442893111389,0.0009590295262071891,0.0005754177157246687,0.00019180590524214836,0.0006802019531072234,-0.002877088578621567,0.9308340581368721,0.014196089026630478,0.000496366749182781,0.00029782004950985245,0.00029782004950985245,0.0003520534279970326,-0.0028789271452606814,0.9431395423966
326159.407327971,CENTER,2.9100577219505794,5.7721976190805435e-05,0.014385442893111389,0.0005754177157246687,0.0005754177157246687,0.0005754177157246687,0.00029659014262470307,-0.002493476768139047,0.9342865644312202,0.014109142422898568,0.0004933266581432043,0.00029599599488610537,0.00029599599488610537,0.0003498972108981473,-0.0028612946172311333,0.9459376697606583
326159.417278568,CENTER,2.920057490991894,5.7491008192300797e-05,0.014385442893111389,0.0009590295262071891,0.0005754177157246687,0.0005754177157246687,0.00029659014262470307,-0.002493476768139047,0.9377390707255664,0.014022172332149864,0.0004902857458792643,0.0002941714475277402,0.0002941714475277402,0.0003477404113370951,-0.0028436573261002777,0.9487365529870686
326159.427290089,CENTER,2.9300580410053954,5.804101238027215e-05,0.014385442893111389,0.0009590295262071891,0.0005754177157246687,0.0005754177157246687,0.0006802019531072234,-0.002877088578621567,0.938889906157014,0.013935181342160562,0.00048724410287264596,0.0002923464617237681,0.0002923464617237681,0.0003455830934889794,-0.002826015796661888,0.9515361087956671
326159.43733962,CENTER,2.940056947991252,5.694798892363906e-05,0.014001831082627092,0.0009590295262071891,0.0005754177157246687,0.0005754177157246687,0.00029659014262470307,-0.002877088578621567,0.9419588006408777,0.013848194522553568,0.00048420260568359083,0.00029052156341033387,0.00029052156341033387,0.0003434258790635307,-0.002808375112965365,0.954335530392458
326159.447609844,CENTER,2.950058068963699,5.8068952057510614e-05,0.014001831082627092,0.0009590295262071891,0.0005754177157246687,0.0005754177157246687,0.0006802019531072234,-0.002493476768139047,0.9446440833142589,0.013761182302068825,0.00048116022035195707,0.0002886961322113525,0.0002886961322113525,0.0003412680347134549,-0.002790729278041886,0.957135769443733
326159.457326494,CENTER,2.960059981967788,5.998194683343172e-05,0.014001831082627092,0.0009590295262071891,0.0005754177157246687,0.0005754177157246687,0.0006802019531072234,-0.002493476768139047,0.9469457541771575,0.013674161035028928,0.0004781175187072061,0.00028687051122450077,0.00028687051122450077,0.00033910996601491615,-0.002773081608502327,0.9599362996324698
326159.467280487,CENTER,2.9700612129527144,6.121298065409064e-05,0.014001831082627092,0.0009590295262071891,0.0005754177157246687,0.0005754177157246687,0.00029659014262470307,-0.002493476768139047,0.9500146486610195,0.013587147532260764,0.0004750750885404877,0.00028504505312446863,0.00028504505312446863,0.0003369520898650768,-0.0027554355135353567,0.9627365799503635
326159.477342953,CENTER,2.9800577759742737,5.777599290013313e-05,0.014001831082627092,0.0009590295262071891,0.0005754177157246687,0.0005754177157246687,0.00029659014262470307,-0.002493476768139047,0.9526999313344007,0.01350018045340601,0.00047203428158752486,0.0002832205689526898,0.0002832205689526898,0.0003347953649969621,-0.0027377988332081687,0.9655353662475952
326159.4873043,CENTER,2.990057614981197,5.761499051004648e-05,0.014001831082627092,0.0009590295262071891,0.0005754177157246687,0.0005754177157246687,0.00029659014262470307,-0.002493476768139047,0.9550016021972993,0.013413194669931789,0.0004689928206268884,0.00028139569237630677,0.00028139569237630677,0.00033263817626690695,-0.002720158359636474,0.968334754499421
326159.497421428,CENTER,3.000067932996899,6.793299689888954e-05,0.014001831082627092,0.0009590295262071891,0.0005754177157246687,0.0005754177157246687,0.00029659014262470307,-0.002493476768139047,0.9576868848706788,0.013326131535070325,0.0004659486550722924,0.00027956919304354807,0.00027956919304354807,0.00033047906927464673,-0.002702502199419814,0.9711366320840557
326159.50734833,CENTER,3.0100580739672296,5.807395791634917e-05,0.013618219272144572,0.0005754177157246687,0.0005754177157246687,0.0005754177157246687,0.00029659014262470307,-0.002493476768139047,0.96037216754406,0.013239261633201486,0.00046291124591604,0.00027774674754979544,0.00027774674754979544,0.00032832475433020535,-0.002684885226313546,0.9739322910183797
326159.518909695,CENTER,3.0216210809885524,0.0016210809699259698,0.013618219272144572,0.0005754177157246687,0.0005754177157246687,0.0005754177157246687,0.00029659014262470307,-0.002493476768139047,0.9630574502174412,0.013138742129256767,0.0004593965779459456,0.0002756379467677375,0.0002756379467677375,0.00032583193846536293,-0.002664500152086995,0.9771672232933256
326159.527328522,CENTER,3.0300144809880294,1.4480960089713335e-05,0.013234607461662051,0.0009590295262071891,0.0005754177157246687,0.00019180590524214836,0.00029659014262470307,-0.002493476768139047,0.9649755092698555,0.0130657983568515,0.00045684609639331446,0.0002741076578361579,0.0002741076578361579,0.00032402298213392994,-0.002649707359081731,0.9795147096452268
326159.537474253,CENTER,3.0400702739716507,7.027399260550737e-05,0.013234607461662051,0.0009590295262071891,0.0005754177157246687,0.0005754177157246687,0.00029659014262470307,-0.002493476768139047,0.9688116273746843,0.012978435112474424,0.0004537914374990117,0.0002722748624995751,0.0002722748624995751,0.0003218564326282037,-0.002631990337494772,0.9823262453948939
326159.547333529,CENTER,3.0500586509588175,5.8650970458984375e-05,0.013234607461662051,0.0009590295262071891,0.0005754177157246687,0.0005754177157246687,0.0006802019531072234,-0.002493476768139047,0.971880521858548,0.012891691275114414,0.0004507584361927182,0.00027045506171579796,0.00027045506171579796,0.0003197052439985099,-0.002614398929918267,0.98511784730414
326159.557588504,CENTER,3.0600582999759354,5.8299978263676167e-05,0.012850995651179531,0.0005754177157246687,0.0005754177157246687,0.00019180590524214836,0.0006802019531072234,-0.002493476768139047,0.9749494163424117,0.012804887172931956,0.00044772332772480077,0.0002686339966350463,0.0002686339966350463,0.0003175525608418875,-0.002596795300804342,0.9879113886640551
326159.567477236,CENTER,3.0700653119711205,6.531196413561702e-05,0.012850995651179531,0.0005754177157246687,0.0005754177157246687,0.0005754177157246687,0.0006802019531072234,-0.0021098649576565265,0.978401922636758,0.012718060818649858,0.00044468744121144133,0.00026681246472702954,0.00026681246472702954,0.0003153993258482103,-0.002579187159026854,0.9907056461440513
326159.577308159,CENTER,3.080058357969392,5.835795309394598e-05,0.012850995651179531,0.0009590295262071891,0.0005754177157246687,0.0005754177157246687,0.00029659014262470307,-0.0021098649576565265,0.9818544289311042,0.012631401198027296,0.00044165738454631745,0.00026499443072795407,0.00026499443072795407,0.0003132502257367737,-0.002561612830369132,0.9934945377788594
326159.58729855,CENTER,3.0900580169982277,5.801697261631489e-05,0.012467383840695234,0.0005754177157246687,0.0005754177157246687,0.00019180590524214836,0.00029659014262470307,-0.002493476768139047,0.9833888761730378,0.012544733762675096,0.00043862705463889847,0.00026317623278350157,0.00026317623278350157,0.00031110093182531567,-0.0025440369169060983,0.996283680908354
326159.597321483,CENTER,3.100060560973361,6.0560996644198895e-05,0.012083772030212714,0.0005754177157246687,0.0005754177157246687,0.00019180590524214836,0.00029659014262470307,-0.002493476768139047,0.9864577706569015,0.012458094856722715,0.00043559772226294175,0.0002613586333579264,0.0002613586333579264,0.00030895234542372086,-0.002526466789125546,0.9990719059008438
326159.607216095,CENTER,3.1100541279884055,5.4128002375364304e-05,0.012467383840695234,0.0005754177157246687,0.0005754177157246687,0.00019180590524214836,0.0006802019531072234,-0.002493476768139047,0.9891430533302827,0.012371591129116118,0.00043257311640257183,0.0002595438698417033,0.0002595438698417033,0.0003068071113538798,-0.0025089240751353975,1.001855780565522
326159.617677946,CENTER,3.1200581239536405,5.812395829707384e-05,0.012083772030212714,0.0005754177157246687,0.0005754177157246687,0.00019180590524214836,0.0006802019531072234,-0.0021098649576565265,0.9918283360036622,0.01228505857070187,0.0004295475024720043,0.0002577285014833617,0.0002577285014833617,0.0003046611622994648,-0.0024913755143381026,1.004640583067152
326159.627697171,CENTER,3.1301128959748894,0.00011289597023278475,0.012083772030212714,0.0009590295262071891,0.0005754177157246687,0.00019180590524214836,0.0006802019531072234,-0.002493476768139047,0.9945136186770434,0.0121981527416597,0.00042650883712088013,0.00025590530227268606,0.00025590530227268606,0.00030250595638536923,-0.0024737512553015787,1.0074373982146287
326159.637400216,CENTER,3.140067439991981,6.743997801095247e-05,0.012083772030212714,0.0009590295262071891,0.0005754177157246687,0.00019180590524214836,0.0006802019531072234,-0.002493476768139047,0.9971989013504245,0.012112182251978361,0.0004235028759432116,0.00025410172556608384,0.00025410172556608384,0.00030037394625623287,-0.002456316680471098,1.010204112144256
326159.647312,CENTER,3.1500578509876505,5.785096436738968e-05,0.012083772030212714,0.0005754177157246687,0.0005754177157246687,0.00019180590524214836,0.0006802019531072234,-0.002493476768139047,0.999884184023804,0.012025974999894893,0.0004204886363598741,0.00025229318181608026,0.00025229318181608026,0.00029823606457929656,-0.0024388340908877374,1.0129784455935393
326159.657447823,CENTER,3.1600578899960965,5.7890021707862616e-05,0.012083772030212714,0.0005754177157246687,0.0005754177157246687,0.00019180590524214836,0.0006802019531072234,-0.0021098649576565265,1.0025694666971852,0.011939761826497369,0.00041747418973758375,0.00025048451384270486,0.00025048451384270486,0.00029609803605776757,-0.0024213503004784495,1.0157529696033527
326159.66735052,CENTER,3.170058980991598,5.8981007896363735e-05,0.012083772030212714,0.0009590295262071891,0.0005754177157246687,0.0005754177157246687,0.0006802019531072234,-0.002493476768139047,1.0052547493705664,0.01185362072105245,0.000414462262973776,0.00024867735778441916,0.00024867735778441916,0.00029396179477283,-0.0024038811252483617,1.0185251743125652
326159.677492435,CENTER,3.1800577589892782,5.77589962631464e-05,0.012083772030212714,0.0005754177157246687,0.00019180590524214836,0.0005754177157246687,0.0006802019531072234,-0.0021098649576565265,1.0075564202334633,0.011767584575031027,0.00041145400611988065,0.0002468724036720808,0.0002468724036720808,0.0002918281564107659,-0.002386433235495765,1.0212940012034115
326159.687269287,CENTER,3.190057997999247,5.79979969188571e-05,0.012083772030212714,0.0009590295262071891,0.00019180590524214836,0.0005754177157246687,0.0006802019531072234,-0.0021098649576565265,1.0102417029068445,0.011681624821652501,0.0004084484203374153,0.0002450690522026005,0.0002450690522026005,0.0002896964125346941,-0.002369000837957463,1.024060369615889
326159.697503965,CENTER,3.2000658320030198,6.583199137821794e-05,0.012083772030212714,0.0005754177157246687,0.0005754177157246687,0.0005754177157246687,0.00029659014262470307,-0.0021098649576565265,1.0133105973907082,0.011595692773164645,0.000405443803257421,0.0002432662819546028,0.0002432662819546028,0.000287565355721215,-0.0023515740588934925,1.0268258464258269
326159.707337283,CENTER,3.2100620639976114,6.206397665664554e-05,0.012083772030212714,0.0005754177157246687,0.00019180590524214836,0.0005754177157246687,0.0006802019531072234,-0.0021098649576565265,1.0167631036850544,0.011509957113965272,0.00040244605293576524,0.00024146763176160823,0.00024146763176160823,0.0002854391692295621,-0.002334187107027886,1.0295850030091138
326159.717595704,CENTER,3.2200588769628666,5.887699080631137e-05,0.011700160219730193,0.0005754177157246687,0.0005754177157246687,0.0005754177157246687,0.00029659014262470307,-0.0021098649576565265,1.0198319981689181,0.01142431708961775,0.00039945164649004834,0.00023967098789417699,0.00023967098789417699,0.00028331535441769834,-0.0023168195496427245,1.03234108185866
326159.727210504,CENTER,3.2300575340050273,5.753402365371585e-05,0.011700160219730193,0.0005754177157246687,0.0005754177157246687,0.0005754177157246687,0.00029659014262470307,-0.0021098649576565265,1.0229008926527818,0.0113387658056021,0.0003964603428531381,0.0002378762057120297,0.0002378762057120297,0.0002811937403061808,-0.002299469988548641,1.0350943048548409
326159.737343752,CENTER,3.240058504976332,5.85049856454134e-05,0.011316548409247673,0.0005754177157246687,0.0005754177157246687,0.0005754177157246687,0.0006802019531072234,-0.0021098649576565265,1.0259697871366456,0.01125330319159143,0.00039347213956605236,0.00023608328373977717,0.00023608328373977717,0.0002790743251509502,-0.002282138409483541,1.0378446742609255
326159.747170688,CENTER,3.2500542359775864,5.4235977586358786e-05,0.011700160219730193,0.0005754177157246687,0.00019180590524214836,0.0005754177157246687,0.00029659014262470307,-0.0021098649576565265,1.028655069810025,0.011167997625710122,0.000390489427472301,0.00023429365648352526,0.00023429365648352526,0.00027695880468334795,-0.0022648386793397797,1.0405899895228643
326159.757308765,CENTER,3.2600604069884866,6.040697917342186e-05,0.011316548409247673,0.0009590295262071891,0.0005754177157246687,0.0005754177157246687,0.0006802019531072234,-0.0021098649576565265,1.0313403524834062,0.011082719252132868,0.00038750766615841157,0.00023250459969519045,0.00023250459969519045,0.00027484395856653614,-0.0022475444637192177,1.0433344296783953
326159.767570773,CENTER,3.2700651549967006,6.51549780741334e-05,0.011316548409247673,0.0005754177157246687,0.0005754177157246687,0.0005754177157246687,0.0006802019531072234,-0.0021098649576565265,1.0344092469672699,0.010997573197750129,0.00038453053138978494,0.00023071831883401337,0.00023071831883401337,0.0002727323938764561,-0.0022302770820611796,1.0460746115197075
326159.777859501,CENTER,3.280687725986354,0.0006877259584143758,0.011316548409247673,0.0005754177157246687,0.00019180590524214836,0.0005754177157246687,0.0006802019531072234,-0.0021098649576565265,1.037094529640651,0.01090730497594829,0.0003813742998582528,0.00022882457991509292,0.00022882457991509292,0.0002704938028909446,-0.00221197093917829,1.0489796356458645
326159.787404571,CENTER,3.2900669769733213,6.697699427604675e-05,0.010932936598763376,0.0005754177157246687,0.00019180590524214836,0.0005754177157246687,0.0006802019531072234,-0.0021098649576565265,1.0401634241245148,0.010827722131408167,0.00037859168291629107,0.00022715500974991484,0.00022715500974991484,0.0002685202020507733,-0.002195831760914909,1.0515407815153905
326159.797322587,CENTER,3.300059972971212,5.997298285365105e-05,0.010932936598763376,0.0005754177157246687,0.00019180590524214836,0.0005754177157246687,0.0006802019531072234,-0.0021098649576565265,1.0413142595559624,0.010743059127690975,0.00037563143803107514,0.00022537886281878423,0.00022537886281878423,0.0002664206166912246,-0.002178662340580653,1.0542654177548334
326159.807270199,CENTER,3.310058097995352,5.8097997680306435e-05,0.010932936598763376,0.0005754177157246687,0.00019180590524214836,0.0005754177157246687,0.0006802019531072234,-0.0021098649576565265,1.0439995422293435,0.010658488013406155,0.000372674406063075,0.0002236046436379831,0.0002236046436379831,0.0002643233101275896,-0.0021615115551662494,1.0569870967961323
326159.81738409,CENTER,3.3200584779842757,5.847797729074955e-05,0.010932936598763376,0.0009590295262071891,0.0005754177157246687,0.0005754177157246687,0.0006802019531072234,-0.0017262531471740061,1.0466848249027247,0.010574037065120053,0.0003697215757034217,0.00022183294542219,0.00022183294542219,0.0002622289835996318,-0.002144385139080257,1.0597049086390036
326159.827320331,CENTER,3.330058757972438,5.875795613974333e-05,0.010549324788280856,0.0005754177157246687,0.0005754177157246687,0.0005754177157246687,0.0006802019531072234,-0.0021098649576565265,1.0493701075761042,0.010489730022381058,0.00036677377700625473,0.0002200642662038887,0.0002200642662038887,0.00026013822583213135,-0.002127287906636685,1.062418089294089
326159.837546462,CENTER,3.34006087097805,6.087095243856311e-05,0.010932936598763376,0.0005754177157246687,0.00019180590524214836,0.00019180590524214836,0.00029659014262470307,-0.0017262531471740061,1.0512881666285203,0.010405554425070431,0.0003638305743030865,0.0002182983445819867,0.0002182983445819867,0.0002580507278225519,-0.0021102173309583065,1.065127039754616
326159.847360243,CENTER,3.3500578840030357,5.788402631878853e-05,0.010932936598763376,0.0005754177157246687,0.00019180590524214836,0.00019180590524214836,0.00029659014262470307,-0.0017262531471740061,1.0539734493018997,0.010321572333531509,0.000360894137535992,0.00021653648252172887,0.00021653648252172887,0.00025596802862552835,-0.0020931859977091545,1.0678297627862192
326159.857297816,CENTER,3.3600591759895906,5.917600356042385e-05,0.010549324788280856,0.0005754177157246687,0.0005754177157246687,0.0005754177157246687,0.0006802019531072234,-0.0017262531471740061,1.056658731975281,0.010237708716134431,0.0003579618432214093,0.00021477710593297824,0.00021477710593297824,0.0002538882675072733,-0.002076178690684572,1.0705286730669614
326159.867274291,CENTER,3.370061639987398,6.163999205455184e-05,0.010549324788280856,0.0005754177157246687,0.00019180590524214836,0.0005754177157246687,0.0006802019531072234,-0.0017262531471740061,1.0597276264591446,0.010153993519267018,0.0003550347384358362,0.00021302084306163322,0.00021302084306163322,0.00025181218711799625,-0.0020592014829282444,1.0732228068581384
326159.877548502,CENTER,3.3800588739686646,5.887396400794387e-05,0.010549324788280856,0.0005754177157246687,0.0005754177157246687,0.0005754177157246687,0.00029659014262470307,-0.0021098649576565265,1.0631801327534909,0.010070483981851182,0.00035211482454017805,0.00021126889472423732,0.00021126889472423732,0.0002497412069443342,-0.0020422659823334244,1.075910322089022
326159.887799139,CENTER,3.3901171509642154,0.00011715095024555922,0.010165712977798336,0.0005754177157246687,0.00019180590524214836,0.0005754177157246687,0.0006802019531072234,-0.0017262531471740061,1.0666326390478371,0.009986631648950962,0.0003491829247884229,0.00020950975487318303,0.00020950975487318303,0.00024766172567398633,-0.0020252609637732405,1.0786088692105598
326159.897247068,CENTER,3.400059893960133,5.989393685013056e-05,0.010165712977798336,0.0005754177157246687,0.0005754177157246687,0.0005754177157246687,0.0006802019531072234,-0.0017262531471740061,1.0697015335317008,0.009903910937426433,0.0003462905922176357,0.00020777435533070971,0.00020777435533070971,0.00024561030785011004,-0.002008485434862672,1.0812709983398912
326159.907610325,CENTER,3.410079469962511,7.946998812258244e-05,0.010165712977798336,0.0005754177157246687,0.0005754177157246687,0.0005754177157246687,0.0006802019531072234,-0.0017262531471740061,1.072386816205082,0.00982072414854017,0.00034338196323559916,0.00020602917794148668,0.00020602917794148668,0.000243547331622183,-0.0019916153867668564,1.0839481268339322
326159.917374324,CENTER,3.4200572269619443,5.722697824239731e-05,0.010165712977798336,0.0005754177157246687,0.0005754177157246687,0.00019180590524214836,0.0006802019531072234,-0.0017262531471740061,1.0750720988784614,0.009738060980852316,0.00034049164268707343,0.0002042949856123702,0.0002042949856123702,0.00024149734084662433,-0.0019748515275854043,1.0866084040797268
326159.927341181,CENTER,3.4300586889730766,5.868898006156087e-05,0.010165712977798336,0.0005754177157246687,0.00019180590524214836,0.00019180590524214836,0.0006802019531072234,-0.0017262531471740061,1.0773737697413601,0.009655381795928807,0.00033760076209534285,0.00020256045725733075,0.00020256045725733075,0.0002394469528544301,-0.0019580844201533636,1.0892691967943664
326159.937347823,CENTER,3.4400604619877413,6.0461985412985086e-05,0.009782101167315815,0.0005754177157246687,0.0005754177157246687,0.00019180590524214836,0.00029659014262470307,-0.0017262531471740061,1.0800590524147413,0.009572884316596433,0.00033471623484595983,0.00020082974090769985,0.00020082974090769985,0.00023740107103827692,-0.0019413541621069387,1.0919241418350891
326159.947319399,CENTER,3.450058566988446,5.856697680428624e-05,0.010165712977798336,0.0005754177157246687,0.00019180590524214836,0.0005754177157246687,0.0006802019531072234,-0.0017262531471740061,1.0827443350881207,0.009490604939115688,0.0003318393335354447,0.00019910360012138976,0.00019910360012138976,0.00023536059800086356,-0.001924668134505948,1.0945720678925168
326159.957327142,CENTER,3.4600591869675554,5.918694660067558e-05,0.009782101167315815,0.0005754177157246687,0.00019180590524214836,0.0005754177157246687,0.0006802019531072234,-0.0017262531471740061,1.085429617761502,0.00940849640437054,0.00032896840574715355,0.00019738104344841397,0.00019738104344841397,0.0002333243617480043,-0.001908016753333856,1.0972144958659145
326159.967675281,CENTER,3.4700592659646645,5.926599260419607e-05,0.009782101167315815,0.0005754177157246687,0.0005754177157246687,0.0005754177157246687,0.0006802019531072234,-0.0017262531471740061,1.0877312886243988,0.009326587502279972,0.0003261044581216098,0.0001956626748730867,0.0001956626748730867,0.00023129307625026173,-0.0018914058571056994,1.0998504992342149
326159.97738039,CENTER,3.4800607489887625,6.0749007388949394e-05,0.009782101167315815,0.0005754177157246687,0.0005754177157246687,0.0005754177157246687,0.00029659014262470307,-0.0017262531471740061,1.09041657129778,0.009244865956867805,0.0003232470614288772,0.00019394823685744609,0.00019394823685744609,0.00022926643707171058,-0.001874832956287847,1.1024804730645439
326159.987240848,CENTER,3.490070094994735,7.009500404819846e-05,0.009782101167315815,0.0005754177157246687,0.00019180590524214836,0.0005754177157246687,0.00029659014262470307,-0.0017262531471740061,1.0931018539711612,0.0091632828903064,0.00032039450665400347,0.00019223670399252078,0.00019223670399252078,0.0002272432320752095,-0.0018582881385935763,1.1051059903497633
326159.997335404,CENTER,3.5000623099622317,6.230996223166585e-05,0.009782101167315815,0.0005754177157246687,0.00019180590524214836,0.0005754177157246687,0.00029659014262470307,-0.0013426413366897094,1.0942526894026088,0.009082045337931978,0.0003175540327947586,0.0001905324196769728,0.0001905324196769728,0.0002252285955973843,-0.0018418133902099528,1.1077203882506736
326160.007293244,CENTER,3.5100588320055977,5.883199628442526e-05,0.009398489356831519,0.0005754177157246687,0.00019180590524214836,0.0005754177157246687,0.00029659014262470307,-0.0017262531471740061,1.09693797207599,0.009000982192098342,0.0003147196570663103,0.00018883179423990278,0.00018883179423990278,0.00022321828428407682,-0.0018253740109849493,1.1103291733766936
326160.017389013,CENTER,3.520058430964127,5.843094550073147e-05,0.009398489356831519,0.0005754177157246687,0.00019180590524214836,0.0005754177157246687,0.00029659014262470307,-0.0017262531471740061,1.0996232547493712,0.008920107229116087,0.00031189186115784047,0.00018713511669481983,0.00018713511669481983,0.00022121263977849335,-0.0018089727947158216,1.1129319023767312
326160.02725928,CENTER,3.5300571979605593,5.719793261960149e-05,0.009398489356831519,0.0005754177157246687,0.00019180590524214836,0.0005754177157246687,0.0006802019531072234,-0.0013426413366897094,1.1023085374227524,0.008839455689468232,0.0003090718772540699,0.0001854431263525565,0.0001854431263525565,0.0002192125360208315,-0.0017926168880739494,1.1155274411367953
326160.038114736,CENTER,3.5409099090029486,0.0009099090239033103,0.009014877546348998,0.0005754177157246687,0.00019180590524214836,0.0005754177157246687,0.0006802019531072234,-0.0017262531471740061,1.1049938200961318,0.008752165464156882,0.00030601977147395334,0.0001836118628844854,0.0001836118628844854,0.0002170477973386602,-0.0017749146745492696,1.1183366269770105
326160.047741889,CENTER,3.5501244319602847,0.0001244319719262421,0.009014877546348998,0.0005754177157246687,0.0005754177157246687,0.00019180590524214836,0.00029659014262470307,-0.0017262531471740061,1.108446326390478,0.00867825848516663,0.00030343561136939967,0.0001820613668217522,0.0001820613668217522,0.0002152149541339146,-0.0017599265459428554,1.1207151113735394
326160.057595555,CENTER,3.560065790952649,6.579095497727394e-05,0.008631265735866478,0.0005754177157246687,0.0005754177157246687,0.0005754177157246687,0.00029659014262470307,-0.0013426413366897094,1.1111316090638592,0.008598738312800988,0.00030065518576221,0.0001803931114574374,0.0001803931114574374,0.00021324290752137775,-0.0017438000774211522,1.1232742403186675
326160.067330078,CENTER,3.570059057965409,5.905795842409134e-05,0.008631265735866478,0.0005754177157246687,0.00019180590524214836,0.00019180590524214836,0.0006802019531072234,-0.0017262531471740061,1.114200503547723,0.008519032836206721,0.0002978682809861873,0.00017872096859182274,0.00017872096859182274,0.00021126626548901867,-0.0017276360297202174,1.1258393327495506
326160.077273201,CENTER,3.58005793398479,5.7933968491852283e-05,0.008631265735866478,0.0005754177157246687,0.00019180590524214836,0.00019180590524214836,0.00029659014262470307,-0.0013426413366897094,1.1172693980315866,0.008439516785715858,0.0002950879995004933,0.00017705279970040526,0.00017705279970040526,0.00020929432109619467,-0.0017115103971031887,1.1283983290439474
326160.08760512,CENTER,3.5900645660003647,6.456597475335002e-05,0.008631265735866478,0.0005754177157246687,0.00019180590524214836,0.0005754177157246687,0.0006802019531072234,-0.0013426413366897094,1.1203382925154504,0.008360177019080393,0.00029231388178596715,0.00017538832907168853,0.00017538832907168853,0.000207326748424024,-0.001695420514358934,1.1309516521474605
326160.097371022,CENTER,3.600060427968856,6.042799213901162e-05,0.008631265735866478,0.0005754177157246687,0.00019180590524214836,0.0005754177157246687,0.00029659014262470307,-0.0013426413366897094,1.1230235751888298,0.0082811637575818,0.00028955118033496797,0.00017373070820108803,0.00017373070820108803,0.00020536727285891426,-0.001679396845943136,1.1334944676184868
326160.10733839,CENTER,3.610060977982357,6.0977996326982975e-05,0.008247653925383958,0.0005754177157246687,0.00019180590524214836,0.00019180590524214836,0.0006802019531072234,-0.0013426413366897094,1.1253252460517285,0.008202358015559828,0.00028679573480972474,0.00017207744088594112,0.00017207744088594112,0.00020341294363678556,-0.0016634152618967223,1.1360306046696418
326160.117620135,CENTER,3.62007803900633,7.803901098668575e-05,0.008247653925383958,0.0005754177157246687,0.00019180590524214836,0.00019180590524214836,0.0006802019531072234,-0.0013426413366897094,1.1276269169146254,0.00812367082170912,0.0002840444343254349,0.00017042666059536617,0.00017042666059536617,0.000201461554329305,-0.0016474577190878376,1.1385629265875115
326160.127488078,CENTER,3.6300676990067586,6.76990021020174e-05,0.008247653925383958,0.0005754177157246687,0.00019180590524214836,0.00019180590524214836,0.0006802019531072234,-0.0013426413366897094,1.129928587777524,0.008045450101111452,0.0002813094440947477,0.00016878566645695285,0.00016878566645695285,0.00019952173324371241,-0.0016315947757498499,1.1410802364000436
326160.137451599,CENTER,3.6400602239882573,6.022397428750992e-05,0.008247653925383958,0.0005754177157246687,0.00019180590524214836,0.00019180590524214836,0.0006802019531072234,-0.0013426413366897094,1.132230258640421,0.00796746130570328,0.0002785825631364206,0.00016714953788195556,0.00016714953788195556,0.00019758766374631062,-0.001615778866191549,1.1435900823647511
326160.147461627,CENTER,3.6500689989770763,6.899895379319787e-05,0.008247653925383958,0.0005754177157246687,0.00019180590524214836,0.00019180590524214836,0.0006802019531072234,-0.0013426413366897094,1.1333810940718703,0.007889604053860626,0.0002758602816034612,0.00016551616896217893,0.00016551616896217893,0.0001956568564405649,-0.0015999896333003813,1.1460956949766368
326160.157419297,CENTER,3.660023412958253,2.3412983864545822e-05,0.008631265735866478,0.0005754177157246687,0.0005754177157246687,0.00019180590524214836,0.0006802019531072234,-0.0013426413366897094,1.1360663767452515,0.007812429455443536,0.00027316186907139564,0.00016389712144293858,0.00016389712144293858,0.00019374297847910216,-0.0015843388406143986,1.1485793383436267
326160.167337484,CENTER,3.670058418007102,5.841802340000868e-05,0.008247653925383958,0.0005754177157246687,0.00019180590524214836,0.0005754177157246687,0.00029659014262470307,-0.0013426413366897094,1.1383680476081484,0.007734895606564925,0.0002704508953343819,0.00016227053720072938,0.00016227053720072938,0.00019182019134862465,-0.001568615192939716,1.1510745431575713
326160.177212078,CENTER,3.6800565529847518,5.655299173668027e-05,0.008247653925383958,0.0005754177157246687,0.0005754177157246687,0.0005754177157246687,0.0006802019531072234,-0.0013426413366897094,1.1410533302815296,0.007657915086175884,0.00026775926874735305,0.00016065556124851104,0.00016065556124851104,0.000189911126391289,-0.0015530037587349454,1.1535519406792063
326160.187339335,CENTER,3.6900767000042833,7.670000195503235e-05,0.008247653925383958,0.0005754177157246687,0.0005754177157246687,0.0005754177157246687,0.0006802019531072234,-0.0013426413366897094,1.143738612954909,0.007581037224771894,0.000265071231635326,0.00015904273898129377,0.00015904273898129377,0.0001880046073075058,-0.0015374131434851852,1.156026034415496
326160.197607545,CENTER,3.7001138890045695,0.0001138889929279685,0.008247653925383958,0.0005754177157246687,0.00019180590524214836,0.00019180590524214836,0.0006802019531072234,-0.0013426413366897094,1.1464238956282902,0.007504305030143155,0.0002623882877671888,0.00015743297266041043,0.00015743297266041043,0.00018610170066144947,-0.001521852069049986,1.158495440283918
326160.207815763,CENTER,3.7101160619640723,0.00011606194311752915,0.008247653925383958,0.0005754177157246687,0.0005754177157246687,0.00019180590524214836,0.00029659014262470307,-0.0013426413366897094,1.1487255664911888,0.00742811898222881,0.0002597244399380164,0.00015583466396290602,0.00015583466396290602,0.00018421233808535702,-0.0015064017516407836,1.1609472699848904
326160.217303686,CENTER,3.720059785991907,5.978601984679699e-05,0.008247653925383958,0.0005754177157246687,0.0005754177157246687,0.00019180590524214836,0.00029659014262470307,-0.0009590295262071891,1.1517944609750508,0.007352656861749057,0.00025708590425690676,0.00015425154255423927,0.00015425154255423927,0.00018234092842111887,-0.001491098244690345,1.1633758021552247
326160.227886503,CENTER,3.7301145069650374,0.00011450698366388679,0.007864042114899661,0.0005754177157246687,0.0005754177157246687,0.00019180590524214836,0.00029659014262470307,-0.0013426413366897094,1.154479743648432,0.007276638184947819,0.0002544279085645564,0.00015265674513882806,0.00015265674513882806,0.00018045571653568554,-0.0014756818696747094,1.165822245496392
326160.237331336,CENTER,3.7400228659971617,2.286600647494197e-05,0.007864042114899661,0.0005754177157246687,0.00019180590524214836,0.0005754177157246687,0.00029659014262470307,-0.0013426413366897094,1.1571650263218132,0.007202010338500431,0.0002518185433041586,0.00015109112598258846,0.00015109112598258846,0.00017860499630446163,-0.0014605475511644001,1.1682239289469503
326160.24759658,CENTER,3.750060294987634,6.029498763382435e-05,0.0074804303044171405,0.0005754177157246687,0.0005754177157246687,0.0005754177157246687,0.00029659014262470307,-0.0009590295262071891,1.1602339208056769,0.0071267012328585615,0.00024918535779220577,0.00014951121467541575,0.00014951121467541575,0.00017673738130494492,-0.00144527507519507,1.170647536773071
326160.257576101,CENTER,3.7600648819934577,6.488198414444923e-05,0.0074804303044171405,0.0005754177157246687,0.00019180590524214836,0.00019180590524214836,0.00029659014262470307,-0.0013426413366897094,1.1629192034790563,0.0070519329866967385,0.0002465710834508838,0.00014794265007062166,0.00014794265007062166,0.00017488317925554826,-0.0014301122840154005,1.1730537385862334
326160.267359386,CENTER,3.7700580479577184,5.804793909192085e-05,0.00709681849393462,0.0005754177157246687,0.00019180590524214836,0.0005754177157246687,0.00029659014262470307,-0.0009590295262071891,1.165220874341955,0.006977546671064729,0.00024397016332389102,0.000146382097994425,0.000146382097994425,0.000173038448825555,-0.0014150269472788385,1.1754476490594152
326160.277262915,CENTER,3.7800577369634993,5.7736935559660196e-05,0.00709681849393462,0.0005754177157246687,0.0005754177157246687,0.00019180590524214836,0.00029659014262470307,-0.0009590295262071891,1.1679061570153362,0.006903411583081012,0.000241378027380405,0.0001448268164283324,0.0001448268164283324,0.00017119994867170502,-0.0013999925588066174,1.1778334744904315
326160.287307678,CENTER,3.7900610420037992,6.104202475398779e-05,0.00709681849393462,0.0005754177157246687,0.0005754177157246687,0.0005754177157246687,0.0006802019531072234,-0.0009590295262071891,1.170207827878233,0.006829552796706093,0.00023879555233233144,0.0001432773313994873,0.0001432773313994873,0.00016936830061129815,-0.0013850142035277879,1.1802104079456939
326160.299710683,CENTER,3.8000775519758463,7.755198748782277e-05,0.00709681849393462,0.0005754177157246687,0.0005754177157246687,0.00019180590524214836,0.0006802019531072234,-0.0009590295262071891,1.1728931105516143,0.006755903330320126,0.00023622039616499045,0.00014173223769908182,0.00014173223769908182,0.00016754184354536312,-0.0013700782977572072,1.182580605036753
326160.307307305,CENTER,3.8100585059728473,5.850597517564893e-05,0.00709681849393462,0.0005754177157246687,0.0005754177157246687,0.00019180590524214836,0.00029659014262470307,-0.0009590295262071891,1.1740439459830618,0.00668282370106758,0.00023366516437294384,0.00014019909862385288,0.00014019909862385288,0.00016572951805579703,-0.001355257953363334,1.184932463552093
326160.317461031,CENTER,3.820058394980151,5.8394973166286945e-05,0.00709681849393462,0.0005754177157246687,0.00019180590524214836,0.00019180590524214836,0.0006802019531072234,-0.0009590295262071891,1.175962005035478,0.006609917153910225,0.00023111598440240752,0.0001386695906415301,0.0001386695906415301,0.00016392148488539174,-0.0013404727095342201,1.18727875191603
326160.327361024,CENTER,3.830059215950314,5.921593401581049e-05,0.0067132066834521,0.0005754177157246687,0.00019180590524214836,0.00019180590524214836,0.00029659014262470307,-0.0009590295262071891,1.1778800640878924,0.006537318845240649,0.00022857758200137384,0.00013714654920090903,0.00013714654920090903,0.0001621210958214766,-0.0013257499756082229,1.189615120507252
326160.337320267,CENTER,3.8400578619912267,5.7861965615302324e-05,0.0067132066834521,0.0005754177157246687,0.00019180590524214836,0.00019180590524214836,0.0006802019531072234,-0.0009590295262071891,1.1801817349507893,0.00646505421891886,0.0002260508468152979,0.00013563050808926248,0.00013563050808926248,0.00016032898185460972,-0.0013110949115289787,1.191940750488015
326160.347389375,CENTER,3.8500705049955286,7.050501881167293e-05,0.0067132066834521,0.00019180590524214836,0.0005754177157246687,0.00019180590524214836,0.00029659014262470307,-0.0009590295262071891,1.182483405813688,0.006393009889645411,0.00022353181432321976,0.00013411908859401465,0.00013411908859401465,0.00015854233110587992,-0.0012964845230749233,1.194259290839365
326160.357353688,CENTER,3.8600694820052013,6.948201917111874e-05,0.0067132066834521,0.0005754177157246687,0.0005754177157246687,0.00019180590524214836,0.00029659014262470307,-0.0009590295262071891,1.1847850766765848,0.006321387821320974,0.00022102754619998818,0.00013261652772007478,0.00013261652772007478,0.00015676615214373372,-0.0012819597679601773,1.1965642419317273
326160.367223013,CENTER,3.870057278953027,5.7278957683593035e-05,0.0067132066834521,0.0005754177157246687,0.00019180590524214836,0.00019180590524214836,0.00029659014262470307,-0.0009590295262071891,1.1870867475394835,0.006250171872065061,0.00021853747804418766,0.00013112248682659353,0.00013112248682659353,0.000155000044660428,-0.0012675173726565316,1.1988561232452835
326160.377336474,CENTER,3.880058259004727,5.8259000070393085e-05,0.0067132066834521,0.0005754177157246687,0.00019180590524214836,0.0005754177157246687,0.00029659014262470307,-0.0013426413366897094,1.1893884184023804,0.006179191272982221,0.00021605563891541747,0.0001296333833493305,0.0001296333833493305,0.0001532397737025944,-0.0012531227057096615,1.2011404304877304
326160.387275821,CENTER,3.89005788898794,5.788897396996617e-05,0.0067132066834521,0.0005754177157246687,0.0005754177157246687,0.0005754177157246687,0.00029659014262470307,-0.0009590295262071891,1.1916900892652773,0.006108552581852788,0.0002135857546101931,0.000128151452766195,0.000128151452766195,0.0001514879818312777,-0.0012387973767393574,1.2034137344021647
326160.397365708,CENTER,3.900060172949452,6.017292616888881e-05,0.0067132066834521,0.0005754177157246687,0.0005754177157246687,0.00019180590524214836,0.00029659014262470307,-0.0009590295262071891,1.193991760128176,0.006038230381498852,0.00021112693641600004,0.00012667616184967824,0.00012667616184967824,0.0001497440387176176,-0.0012245362312130349,1.205676852967645
326160.407303142,CENTER,3.9100572979659773,5.729799158871174e-05,0.006329594872967803,0.0005754177157246687,0.00019180590524214836,0.00019180590524214836,0.0006802019531072234,-0.0009590295262071891,1.1974442664225222,0.005968282250851095,0.00020868119758216293,0.00012520871854937508,0.00012520871854937508,0.00014800937228023957,-0.0012103509459767767,1.2079279331712338
326160.417276853,CENTER,3.920071153959725,7.115397602319717e-05,0.006329594872967803,0.00019180590524214836,0.00019180590524214836,0.00019180590524214836,0.0006802019531072234,-0.0009590295262071891,1.200513160906386,0.005898558373611404,0.0002062432997765798,0.00012374597986602429,0.00012374597986602429,0.00014628026717604988,-0.0011962111387043926,1.2101717964213061
326160.427226849,CENTER,3.930055974982679,5.597498966380954e-05,0.006329594872967803,0.0005754177157246687,0.00019180590524214836,0.0005754177157246687,0.00029659014262470307,-0.0009590295262071891,1.2031984435797671,0.005829379497042816,0.00020382445793851775,0.00012229467476318614,0.00012229467476318614,0.00014456467772072396,-0.0011821818560436292,1.2123981203860492
326160.437399361,CENTER,3.9400606039562263,6.0603953897953033e-05,0.005945983062485283,0.0005754177157246687,0.00019180590524214836,0.0005754177157246687,0.00029659014262470307,-0.0009590295262071891,1.205500114442664,0.005760409440236702,0.0002014129174907521,0.00012084775049452584,0.00012084775049452584,0.00014285426685459082,-0.0011681949214465857,1.2146177240849458
326160.447332767,CENTER,3.9500580389867537,5.803897511214018e-05,0.005945983062485283,0.0005754177157246687,0.00019180590524214836,0.00019180590524214836,0.0006802019531072234,-0.0009590295262071891,1.2074181734950784,0.005691837673305614,0.00019901530326239282,0.00011940918195750945,0.00011940918195750945,0.00014115373330858268,-0.0011542887589220995,1.2168245099652006
326160.457267435,CENTER,3.960023895953782,2.389593282714486e-05,0.005945983062485283,0.0005754177157246687,0.00019180590524214836,0.00019180590524214836,0.0006802019531072234,-0.0009590295262071891,1.209719844357977,0.0056238320468004616,0.00019663748415382147,0.00011798249049236573,0.00011798249049236573,0.00013946723966309254,-0.0011404974080923835,1.2190130762376767
326160.467243881,CENTER,3.9700585899990983,5.8590027038007975e-05,0.005945983062485283,0.0005754177157246687,0.00019180590524214836,0.00019180590524214836,0.00029659014262470307,-0.0009590295262071891,1.212021515220874,0.005555711931403126,0.0001942556619371319,0.00011655339716235111,0.00011655339716235111,0.00013777790677033607,-0.0011266828392355807,1.2212053270071699
326160.477288124,CENTER,3.9800590009544976,5.9000973124057055e-05,0.005945983062485283,0.00019180590524214836,0.00019180590524214836,-0.00019180590524214836,0.00029659014262470307,-0.0009590295262071891,1.2131723506523233,0.005488181783344762,0.00019189446794907778,0.00011513668076951775,0.00011513668076951775,0.00013610320466946198,-0.001112987914104864,1.2233785913679451
326160.487228553,CENTER,3.9900561759714037,5.617598071694374e-05,0.005945983062485283,0.00019180590524214836,0.00019180590524214836,0.00019180590524214836,0.00029659014262470307,-0.0009590295262071891,1.2150904097047377,0.005421032503768148,0.00018954659104080513,0.00011372795462455328,0.00011372795462455328,0.00013443794784991601,-0.0010993702280368807,1.225539598567714
326160.497570541,CENTER,4.0000635699834675,6.356998346745968e-05,0.005562371252002762,0.0005754177157246687,0.00019180590524214836,0.00019180590524214836,0.00029659014262470307,-0.0009590295262071891,1.217008468757152,0.005354176631021779,0.0001872089731126108,0.00011232538386763585,0.00011232538386763585,0.00013277996732176216,-0.0010858120440533506,1.227691163309178
326160.507851746,CENTER,4.010689207992982,0.0006892079836688936,0.005562371252002762,0.0005754177157246687,0.00019180590524214836,0.00019180590524214836,0.00029659014262470307,-0.0009590295262071891,1.2193101396200507,0.005283589781000672,0.0001847409014335517,0.00011084454086019943,0.00011084454086019943,0.00013102946107494814,-0.0010714972283148048,1.2299627988660509
326160.517271032,CENTER,4.02005743799964,5.743798101320863e-05,0.005562371252002762,0.00019180590524214836,0.0005754177157246687,0.00019180590524214836,0.00029659014262470307,-0.0009590295262071891,1.2216118104829476,0.005221699435102707,0.00018257690332523161,0.00010954614199520658,0.00010954614199520658,0.00012949462226177733,-0.001058946039286546,1.2319545623507073
326160.527282784,CENTER,4.030060994962696,6.0994934756308794e-05,0.005562371252002762,0.0005754177157246687,0.0005754177157246687,0.00019180590524214836,0.00029659014262470307,-0.0009590295262071891,1.2239134813458463,0.005155969568484898,0.00018027865624069338,0.0001081671937444828,0.0001081671937444828,0.0001278645659257557,-0.0010456162061962216,1.2340698898106077
326160.537268116,CENTER,4.040056936966721,5.6936987675726414e-05,0.005562371252002762,0.0005754177157246687,0.00019180590524214836,0.00019180590524214836,0.00029659014262470307,-0.0009590295262071891,1.2258315403982607,0.005090661121348299,0.00017799514410305048,0.00010679708646189618,0.00010679708646189618,0.0001262449605084839,-0.0010323718357978908,1.2361716550917514
326160.547317609,CENTER,4.050059521978255,5.95219898968935e-05,0.005562371252002762,0.0005754177157246687,0.00019180590524214836,0.00019180590524214836,0.00029659014262470307,-0.0009590295262071891,1.2281332112611576,0.00502568327509605,0.0001757231914368884,0.00010543391486219814,0.00010543391486219814,0.0001246335537700466,-0.0010191945103341475,1.2382627809305087
326160.557188208,CENTER,4.060056296992116,5.629699444398284e-05,0.005562371252002762,0.0005754177157246687,0.0005754177157246687,0.00019180590524214836,0.00029659014262470307,-0.0009590295262071891,1.230051270313572,0.004961119330924968,0.00017346571087146643,0.00010407942652294411,0.00010407942652294411,0.0001230324115239111,-0.001006101123054698,1.2403405865164943
326160.567293684,CENTER,4.07005769899115,5.7698984164744616e-05,0.005562371252002762,0.0005754177157246687,0.0005754177157246687,0.00019180590524214836,0.00029659014262470307,-0.0009590295262071891,1.2319693293659881,0.004896904144914026,0.00017122042464730802,0.00010273225478844828,0.00010273225478844828,0.0001214399182447967,-0.0009930784629545771,1.2424071683201876
326160.577358265,CENTER,4.080057799001224,5.779898492619395e-05,0.005562371252002762,0.0005754177157246687,0.0005754177157246687,0.00019180590524214836,0.00029659014262470307,-0.0005754177157246687,1.2338873884184025,0.00483307827310062,0.00016898875080767896,0.00010139325048466998,0.00010139325048466998,0.00011985707969506252,-0.0009801347546847259,1.2444612211617068
326160.587283836,CENTER,4.09005762898596,5.7628960348665714e-05,0.005562371252002762,0.0005754177157246687,0.00019180590524214836,0.00019180590524214836,0.00029659014262470307,-0.0009590295262071891,1.2358054474708169,0.004769637308143764,0.00016677053524974741,0.0001000623211499102,0.0001000623211499102,0.00011828378657562642,-0.0009672691044487203,1.2465028868786954
326160.597405463,CENTER,4.100067246996332,6.724701961502433e-05,0.005178759441520242,0.0005754177157246687,0.0005754177157246687,0.00019180590524214836,0.00029659014262470307,-0.0009590295262071891,1.2377235065232313,0.004706520229069453,0.00016456364437302364,9.873818662387517e-05,9.873818662387517e-05,0.00011671852560751132,-0.0009544691373637197,1.2485341292563943
326160.607326916,CENTER,4.110057698970195,5.7698984164744616e-05,0.005178759441520242,0.00019180590524214836,0.00019180590524214836,0.00019180590524214836,0.00029659014262470307,-0.0009590295262071891,1.2404087891966125,0.004643911272694593,0.00016237452002425279,9.74247120146118e-05,9.74247120146118e-05,0.00011516586573944918,-0.000941772216140847,1.2505490191606372
326160.617271683,CENTER,4.12005763896741,5.763897206634283e-05,0.005178759441520242,0.0005754177157246687,0.00019180590524214836,0.00019180590524214836,0.00029659014262470307,-0.0009590295262071891,1.2430940718699937,0.004581632479492427,0.00016019693984235936,9.611816390547493e-05,9.611816390547493e-05,0.00011362139369526785,-0.0009291422510858622,1.2525532837089894
326160.627277123,CENTER,4.130057999980636,5.7999975979328156e-05,0.005178759441520242,0.00019180590524214836,0.0005754177157246687,0.00019180590524214836,0.00029659014262470307,-0.0009590295262071891,1.245779354543373,0.0045197430408992455,0.00015803297345798285,9.481978407484824e-05,9.481978407484824e-05,0.00011208657738264339,-0.000916591246056476,1.254545017994641
326160.6373609,CENTER,4.140058830962516,5.8830948546528816e-05,0.004795147631037722,0.0005754177157246687,0.0005754177157246687,0.00019180590524214836,0.00029659014262470307,-0.0009590295262071891,1.2480810254062717,0.004458244819060604,0.00015588268598110773,9.352961158872239e-05,9.352961158872239e-05,0.0001105614629815291,-0.0009041195786905981,1.256524162089771
326160.647294356,CENTER,4.15005784999812,5.784997483715415e-05,0.004795147631037722,0.0005754177157246687,0.00019180590524214836,0.00019180590524214836,0.00029659014262470307,-0.0009590295262071891,1.2503826962691686,0.00439715384683681,0.0001537466380012552,9.224798280081008e-05,9.224798280081008e-05,0.00010904644809604097,-0.000891730500407451,1.2584902000227003
326160.657309083,CENTER,4.16005981300259,5.981302820146084e-05,0.004795147631037722,0.0005754177157246687,0.0005754177157246687,0.00019180590524214836,0.00029659014262470307,-0.0009590295262071891,1.2526843671320673,0.004336443182690785,0.0001516238875066394,9.097433250403978e-05,9.097433250403978e-05,0.00010754086459424065,-0.0008794185475386766,1.2604439988296203
326160.667327808,CENTER,4.170057829993311,5.783000960946083e-05,0.004795147631037722,0.0005754177157246687,0.00019180590524214836,0.00019180590524214836,0.00029659014262470307,-0.0005754177157246687,1.2546024261844817,0.004276156602706058,0.0001495159651295515,8.970957907778626e-05,8.970957907778626e-05,0.00010604579809345822,-0.0008671925977515645,1.2623841497026882
326160.677405684,CENTER,4.180058911966626,5.891197361052036e-05,0.004411535820553425,0.00019180590524214836,0.00019180590524214836,0.00019180590524214836,0.00029659014262470307,-0.0009590295262071891,1.256520485236896,0.004216253761005418,0.00014742146017498407,8.845287610504505e-05,8.845287610504505e-05,0.00010456024804316529,-0.0008550444690150717,1.2643119510583827
326160.687278897,CENTER,4.190057899977546,5.789997521787882e-05,0.004411535820553425,0.0005754177157246687,0.0005754177157246687,0.00019180590524214836,0.0006802019531072234,-0.0005754177157246687,1.2584385442893105,0.0041567675649146416,0.00014534152324873362,8.720491394929397e-05,8.720491394929397e-05,0.00010308503052283442,-0.0008429808348428165,1.2662263438686938
326160.697387309,CENTER,4.20006297895452,6.297894287854433e-05,0.004411535820553425,0.00019180590524214836,0.0005754177157246687,0.00019180590524214836,0.00029659014262470307,-0.0009590295262071891,1.258822156099793,0.004097651479859604,0.00014327452726778866,8.596471636072628e-05,8.596471636072628e-05,0.00010161899150643006,-0.0008309922581533338,1.2681288257155816
326160.70743562,CENTER,4.210060184006579,6.0183985624462366e-05,0.004411535820553425,0.0005754177157246687,0.0005754177157246687,0.00019180590524214836,0.0006802019531072234,-0.0009590295262071891,1.2607402151522091,0.004038989791617986,0.00014122341928731288,8.473405157244005e-05,8.473405157244005e-05,0.00010016422122436047,-0.0008190958318665719,1.2700166841027456
326160.717219115,CENTER,4.220056256977841,5.625700578093529e-05,0.004411535820553425,0.00019180590524214836,0.0005754177157246687,0.00019180590524214836,0.00029659014262470307,-0.0005754177157246687,1.2626582742046235,0.003980744235324414,0.00013918686137495066,8.351211682502198e-05,8.351211682502198e-05,9.871977073378673e-05,-0.0008072837959748683,1.2718911504752606
326160.727579548,CENTER,4.230058019980788,5.801999941468239e-05,0.004411535820553425,0.0005754177157246687,0.0005754177157246687,0.00019180590524214836,0.00029659014262470307,-0.0009590295262071891,1.2645763332570379,0.003922877152695792,0.00013716353680751667,8.229812208456085e-05,8.229812208456085e-05,9.728470613470041e-05,-0.0007955485134837495,1.2737534367570875
326160.737201052,CENTER,4.240003808983602,3.80899291485548e-06,0.004411535820553425,0.0005754177157246687,0.00019180590524214836,0.00019180590524214836,0.0006802019531072234,-0.0005754177157246687,1.2664943923094523,0.003865743974893695,0.00013516587324800334,8.109952394885203e-05,8.109952394885203e-05,9.586784188005538e-05,-0.0007839620648385694,1.2755921044144989
326160.747300337,CENTER,4.250058029952925,5.802995292469859e-05,0.004027924010070905,0.0005754177157246687,0.00019180590524214836,0.00019180590524214836,0.00029659014262470307,-0.0009590295262071891,1.2680288395513841,0.0038084052847672453,0.00013316102394288307,7.989661436577915e-05,7.989661436577915e-05,9.444588105845099e-05,-0.0007723339388688698,1.2774373858973362
326160.757257728,CENTER,4.2600594029645436,5.940295523032546e-05,0.004027924010070905,0.0005754177157246687,0.0005754177157246687,0.00019180590524214836,0.00029659014262470307,-0.0005754177157246687,1.2699468986037985,0.0037517860280699006,0.00013118132965276653,7.870879779170849e-05,7.870879779170849e-05,9.30417617003974e-05,-0.0007608517119861921,1.2792595144762278
326160.767680347,CENTER,4.270453037985135,0.0004530379665084183,0.004411535820553425,0.0005754177157246687,0.0005754177157246687,0.00019180590524214836,0.00029659014262470307,-0.0009590295262071891,1.2718649576562147,0.0036933897101223377,0.00012913950035390112,7.748370021238855e-05,7.748370021238855e-05,9.159357242254226e-05,-0.00074900910205277,1.2811388326806874
326160.777327308,CENTER,4.2800584709621035,5.847093416377902e-05,0.004411535820553425,0.00019180590524214836,0.00019180590524214836,0.00019180590524214836,0.00029659014262470307,-0.0009590295262071891,1.273783016708629,0.0036398254471375,0.00012726662402576033,7.635997441550338e-05,7.635997441550338e-05,9.026521484697535e-05,-0.0007381464193495519,1.2828626450386218
326160.787465826,CENTER,4.290057448961306,5.744898226112127e-05,0.004027924010070905,0.00019180590524214836,0.00019180590524214836,0.00019180590524214836,0.00029659014262470307,-0.0009590295262071891,1.2757010757610434,0.0035844799776760007,0.00012533146775088307,7.519888065057629e-05,7.519888065057629e-05,8.889268455278829e-05,-0.0007269225129552612,1.2846437804243624
326160.797331616,CENTER,4.300060774956364,6.07749680057168e-05,0.004027924010070905,0.00019180590524214836,0.00019180590524214836,0.00019180590524214836,0.00029659014262470307,-0.0005754177157246687,1.2776191348134578,0.00352953393953433,0.00012341027760606987,7.404616656368768e-05,7.404616656368768e-05,8.753005988578714e-05,-0.0007157796101153425,1.2864120612573304
326160.807337136,CENTER,4.310056246991735,5.624699406325817e-05,0.004027924010070905,0.00019180590524214836,0.0005754177157246687,0.00019180590524214836,0.00029659014262470307,-0.0005754177157246687,1.2795371938658722,0.003475055660452475,0.00012150544267313832,7.290326560392799e-05,7.290326560392799e-05,8.617903532781438e-05,-0.000704731567504337,1.2881652886049535
326160.817280601,CENTER,4.320057829958387,5.782995140179992e-05,0.004027924010070905,0.0005754177157246687,0.00019180590524214836,0.00019180590524214836,0.00029659014262470307,-0.0005754177157246687,1.2814552529182883,0.0034209704084203485,0.00011961434994474265,7.176860996688987e-05,7.176860996688987e-05,8.483775757545066e-05,-0.0006937632296796399,1.289905867502891
326160.827320876,CENTER,4.330059693951625,5.9693935327231884e-05,0.004027924010070905,0.00019180590524214836,0.00019180590524214836,0.00019180590524214836,0.00029659014262470307,-0.0005754177157246687,1.2833733119707027,0.00336731157359264,0.00011773816690880919,7.064290014532914e-05,7.064290014532914e-05,8.350705468199995e-05,-0.0006828813680712243,1.291632723384667
326160.837233723,CENTER,4.340055845968891,5.584594327956438e-05,0.0036443121995883843,0.00019180590524214836,0.00019180590524214836,0.00019180590524214836,0.00029659014262470307,-0.0005754177157246687,1.2856749828335996,0.0033141123759394334,0.00011587805510275334,6.952683306169492e-05,6.952683306169492e-05,8.218775048030264e-05,-0.0006720927195960989,1.2933447871607102
326160.847359538,CENTER,4.350058901996817,5.890202010050416e-05,0.0036443121995883843,0.00019180590524214836,0.0005754177157246687,0.00019180590524214836,0.00029659014262470307,-0.0005754177157246687,1.2864422064545664,0.003261307130527965,0.00011403171785060449,6.841903071040493e-05,6.841903071040493e-05,8.087821602835194e-05,-0.0006613839635336329,1.295044172712413
326160.857252729,CENTER,4.360057308978867,5.7308992836624384e-05,0.003260700389105864,0.0005754177157246687,0.00019180590524214836,0.0005754177157246687,0.00029659014262470307,-0.0005754177157246687,1.2887438773174633,0.00320895831221062,0.00011220133958776061,6.732080375269791e-05,6.732080375269791e-05,7.958000066032747e-05,-0.0006507677696091368,1.296728869465624
326160.86741973,CENTER,4.370062257978134,6.225798279047012e-05,0.0036443121995883843,0.00019180590524214836,0.00019180590524214836,0.0005754177157246687,0.00029659014262470307,-0.0005754177157246687,1.2906619363698777,0.0031570087552859165,0.00011038492151347061,6.62309529081233e-05,6.62309529081233e-05,7.82916867054092e-05,-0.0006402325447782522,1.2984007171346823
326160.877227491,CENTER,4.380029286956415,2.9286951757967472e-05,0.003260700389105864,0.00019180590524214836,0.00019180590524214836,0.0005754177157246687,0.00029659014262470307,-0.0005754177157246687,1.2925799954222938,0.0031056885448796437,0.00010859050856220286,6.515430513736188e-05,6.515430513736188e-05,7.701898011945e-05,-0.000629824949660897,1.3000523110889417
326160.887273858,CENTER,4.390058260993101,5.826097913086414e-05,0.003260700389105864,0.00019180590524214836,0.00019180590524214836,0.0005754177157246687,0.00029659014262470307,-0.0005754177157246687,1.2944980544747082,0.00305448627169419,0.0001068002192899845,6.408013157403031e-05,6.408013157403031e-05,7.574919829698014e-05,-0.0006194412718820291,1.3017001095716054
326160.897646584,CENTER,4.400110768969171,0.00011076894588768482,0.003260700389105864,0.00019180590524214836,0.00019180590524214836,0.0005754177157246687,0.00029659014262470307,-0.0005754177157246687,1.29603250171664,0.003003604837506429,0.00010502114816453864,6.301268889876213e-05,6.301268889876213e-05,7.448737306514305e-05,-0.000609122659354441,1.30333758277024
326160.907374466,CENTER,4.410051968996413,5.1969022024422884e-05,0.003260700389105864,0.00019180590524214836,0.00019180590524214836,0.00019180590524214836,0.00029659014262470307,-0.0005754177157246687,1.2979505607690545,0.0029537221387912517,0.0001032769978598126,6.196619871592587e-05,6.196619871592587e-05,7.325031579905538e-05,-0.0005990065875870277,1.3049429145287799
326160.91727486,CENTER,4.420058310963213,5.831097951158881e-05,0.003260700389105864,0.0005754177157246687,0.00019180590524214836,0.0005754177157246687,0.00029659014262470307,-0.0005754177157246687,1.2998686198214688,0.0029039508628434935,0.00010153674345604515,6.092204607366478e-05,6.092204607366478e-05,7.201602174240892e-05,-0.0005889131120451752,1.3065446604647444
326160.927287273,CENTER,4.430057980993297,5.7981000281870365e-05,0.003260700389105864,0.00019180590524214836,0.00019180590524214836,0.00019180590524214836,0.00029659014262470307,-0.0005754177157246687,1.3017866788738832,0.0028546531221872173,9.981304623030152e-05,5.9887827738217925e-05,5.9887827738217925e-05,7.079347104143804e-05,-0.0005789156681358602,1.3081311670238955
326160.937377512,CENTER,4.44006219797302,6.219797069206834e-05,0.003260700389105864,0.00019180590524214836,0.00019180590524214836,0.0005754177157246687,-8.702166785959364e-05,-0.0005754177157246687,1.303321126115815,0.002805774497916559,9.810400342363562e-05,5.886240205421774e-05,5.886240205421774e-05,6.958131414400083e-05,-0.0005690032198571952,1.3097041855228233
326160.947360931,CENTER,4.450058300979435,5.8300967793911695e-05,0.003260700389105864,0.00019180590524214836,0.00019180590524214836,0.00019180590524214836,0.00029659014262470307,-0.0005754177157246687,1.3044719615472644,0.0027573776008440083,9.6411804225295e-05,5.784708253521269e-05,5.784708253521269e-05,6.83811037559954e-05,-0.000559188464506818,1.3112617010118903
326160.957358416,CENTER,4.46005769999465,5.7699973694980145e-05,0.003260700389105864,0.00019180590524214836,0.00019180590524214836,0.00019180590524214836,0.00029659014262470307,-0.0005754177157246687,1.3060064087891963,0.0027094078166674113,9.473453904429538e-05,5.684072342661229e-05,5.684072342661229e-05,6.719148547958359e-05,-0.0005494603264570184,1.3128054710959567
326160.967350371,CENTER,4.4700598839554,5.9883983340114355e-05,0.003260700389105864,0.00019180590524214836,0.00019180590524214836,0.00019180590524214836,0.00029659014262470307,-0.0005754177157246687,1.3075408560311281,0.002661868908500814,9.307233945805111e-05,5.58434036748651e-05,5.58434036748651e-05,6.60125526374542e-05,-0.0005398195688567997,1.3143353746699775
326160.977335323,CENTER,4.480056628002785,5.662802141159773e-05,0.003260700389105864,0.0005754177157246687,0.00019180590524214836,0.00019180590524214836,0.00029659014262470307,-0.0005754177157246687,1.30907530327306,0.0026148006564658786,9.142659637990686e-05,5.4855957827977986e-05,5.4855957827977986e-05,6.484529174977994e-05,-0.0005302742590035615,1.3158501315246953
326160.987280361,CENTER,4.4900582509581,5.825096741318703e-05,0.002877088578621567,0.00019180590524214836,0.00019180590524214836,0.00019180590524214836,0.00029659014262470307,-0.0005754177157246687,1.3102261387045093,0.0025681552628465977,8.97956385610513e-05,5.387738313666402e-05,5.387738313666402e-05,6.368851746545894e-05,-0.0005208147036541971,1.317351279892673
326160.997363436,CENTER,4.500074220995884,7.422099588438869e-05,0.002877088578621567,0.00019180590524214836,0.00019180590524214836,0.00019180590524214836,0.00029659014262470307,-0.0005754177157246687,1.3113769741359569,0.002521890641302371,8.817799445111352e-05,5.290679667070079e-05,5.290679667070079e-05,6.254118607164501e-05,-0.0005114323678165568,1.3188401742022182
326161.007271474,CENTER,4.510056788974907,5.6788965594023466e-05,0.002877088578621567,0.00019180590524214836,0.00019180590524214836,0.00019180590524214836,0.00029659014262470307,-0.0005754177157246687,1.3129114213778887,0.002476226812037262,8.658135706422201e-05,5.1948814238565255e-05,5.1948814238565255e-05,6.140875392092405e-05,-0.000502171870972584,1.320309733733357
326161.017337317,CENTER,4.520058422000147,5.8421981520950794e-05,0.003260700389105864,0.00019180590524214836,0.00019180590524214836,0.00019180590524214836,0.00029659014262470307,-0.0005754177157246687,1.3144458686198206,0.0024309235077061807,8.499732544425451e-05,5.099839526658413e-05,5.099839526658413e-05,6.028526254527619e-05,-0.0004929844875767708,1.3217676908022944
326161.027961432,CENTER,4.530754762003198,0.0007547619752585888,0.002877088578621567,0.00019180590524214836,0.0005754177157246687,0.00019180590524214836,0.00029659014262470307,-0.00019180590524214836,1.3159803158617525,0.002382970143758295,8.332063439712599e-05,4.999238063830647e-05,4.999238063830647e-05,5.909605147945559e-05,-0.0004832596795034229,1.3233109324483392
326161.037352515,CENTER,4.540051518997643,5.151901859790087e-05,0.002877088578621567,0.00019180590524214836,0.00019180590524214836,0.00019180590524214836,0.00029659014262470307,-0.0005754177157246687,1.3167475394827193,0.002341708886547972,8.187793309606597e-05,4.912675985766987e-05,4.912675985766987e-05,5.8072800144731555e-05,-0.0004748920119572739,1.3246388078099995
326161.047352034,CENTER,4.550057829997968,5.783000960946083e-05,0.002493476768139047,0.0005754177157246687,0.00019180590524214836,0.00019180590524214836,0.00029659014262470307,-0.0005754177157246687,1.3178983749141668,0.0022977329218878996,8.03403119541057e-05,4.820418717249315e-05,4.820418717249315e-05,5.698222589720374e-05,-0.0004659738093339017,1.3260540482540728
326161.05722667,CENTER,4.560055826965254,5.582696758210659e-05,0.002493476768139047,0.0005754177157246687,0.00019180590524214836,0.00019180590524214836,0.00029659014262470307,-0.0005754177157246687,1.3194328221560987,0.002254243883497306,7.881971620618327e-05,4.729182972373913e-05,4.729182972373913e-05,5.590372709256947e-05,-0.00045715435399595016,1.3274536183710668
326161.067316779,CENTER,4.570081654994283,8.165498729795218e-05,0.002493476768139047,0.00019180590524214836,0.00019180590524214836,0.00019180590524214836,0.00029659014262470307,-0.0005754177157246687,1.3209672693980306,0.0022110863533623785,7.731071165601117e-05,4.638642699363537e-05,4.638642699363537e-05,5.483344946896585e-05,-0.00044840212760495057,1.3288425198445282
326161.077334913,CENTER,4.580058171006385,5.817099008709192e-05,0.002493476768139047,0.00019180590524214836,0.00019180590524214836,0.00019180590524214836,-8.702166785959364e-05,-0.0005754177157246687,1.3225017166399624,0.002168591389486947,7.582487375826913e-05,4.549492425498958e-05,4.549492425498958e-05,5.3779603041482094e-05,-0.0004397842677980454,1.3302100985209897
326161.087249894,CENTER,4.590057880966924,5.7880941312760115e-05,0.002493476768139047,0.00019180590524214836,0.00019180590524214836,0.00019180590524214836,-8.702166785959364e-05,-0.0005754177157246687,1.3240361638818943,0.0021264487788650727,7.43513559043578e-05,4.4610813542642156e-05,4.4610813542642156e-05,5.2734494736910104e-05,-0.0004312378642453577,1.3315663377173763
326161.097347646,CENTER,4.6000610669725575,6.106699584051967e-05,0.0021098649576565265,0.00019180590524214836,0.00019180590524214836,0.00019180590524214836,-8.702166785959364e-05,-0.00019180590524214836,1.3259542229343086,0.0020847437762884294,7.289313903104881e-05,4.37358834186563e-05,4.37358834186563e-05,5.17002388165514e-05,-0.00042278020638016403,1.332908493752449
326161.107667654,CENTER,4.610100840975065,0.00010084098903462291,0.0021098649576565265,0.00019180590524214836,0.00019180590524214836,0.00019180590524214836,0.00029659014262470307,-0.0005754177157246687,1.3278722819867248,0.0020433413606740433,7.144550212145526e-05,4.286730127289957e-05,4.286730127289957e-05,5.067348684866359e-05,-0.00041438391230452006,1.3342409118929655
326161.117401908,CENTER,4.620060054992791,6.005499744787812e-05,0.002493476768139047,0.00019180590524214836,0.00019180590524214836,0.00019180590524214836,0.00029659014262470307,-0.00019180590524214836,1.3294067292286567,0.0020027219070966225,7.002524150686034e-05,4.2015144904142135e-05,4.2015144904142135e-05,4.966615181093098e-05,-0.00040614640073986796,1.335548132643284
326161.127277816,CENTER,4.630057940958068,5.79409534111619e-05,0.0021098649576565265,0.00019180590524214836,0.00019180590524214836,0.00019180590524214836,0.00029659014262470307,-0.0005754177157246687,1.3309411764705885,0.001962396489685575,6.861526187710383e-05,4.1169157126287755e-05,4.1169157126287755e-05,4.866610867170168e-05,-0.00039796851888727804,1.336845890681917
326161.137348027,CENTER,4.64005939400522,5.9393991250544786e-05,0.002493476768139047,0.00019180590524214836,0.00019180590524214836,0.00019180590524214836,0.00029659014262470307,-0.0005754177157246687,1.332859235523003,0.001922509734774265,6.72206200969883e-05,4.033237205821791e-05,4.033237205821791e-05,4.7676944066445755e-05,-0.0003898795965626067,1.3381295316246382
326161.147354549,CENTER,4.650059342966415,5.9342943131923676e-05,0.0021098649576565265,0.00019180590524214836,0.00019180590524214836,0.00019180590524214836,0.00029659014262470307,-0.00019180590524214836,1.3343936827649348,0.0018830821307460471,6.584203254355442e-05,3.950521952615703e-05,3.950521952615703e-05,4.66991660932445e-05,-0.00038188378875268856,1.3393983961115223
326161.157284569,CENTER,4.66005912295077,5.912297638133168e-05,0.0021098649576565265,0.00019180590524214836,0.00019180590524214836,0.00019180590524214836,0.00029659014262470307,-0.00019180590524214836,1.3359281300068666,0.0018441083776324328,6.447931390321862e-05,3.868758834195505e-05,3.868758834195505e-05,4.573264331645592e-05,-0.0003739800206387393,1.3406526547068724
326161.167306019,CENTER,4.670084640965797,8.464098209515214e-05,0.0021098649576565265,0.00019180590524214836,0.00019180590524214836,0.00019180590524214836,0.00029659014262470307,-0.00019180590524214836,1.3374625772487985,0.001805489275060898,6.312899563148684e-05,3.787739737891554e-05,3.787739737891554e-05,4.477491563378399e-05,-0.0003661481746626942,1.3418954998904977
326161.177407478,CENTER,4.68006066599628,6.066600326448679e-05,0.002493476768139047,0.00019180590524214836,0.00019180590524214836,0.00019180590524214836,0.00029659014262470307,-0.00019180590524214836,1.3389970244907303,0.0017675129886765804,6.180115345021727e-05,3.708069207015324e-05,3.708069207015324e-05,4.3833129358767254e-05,-0.00035844669001132857,1.3431176578766215
326161.187326367,CENTER,4.690063961956184,6.396195385605097e-05,0.0021098649576565265,0.00019180590524214836,0.00019180590524214836,0.00019180590524214836,0.00029659014262470307,-0.00019180590524214836,1.3401478599221779,0.0017298857239188385,6.0485514822324516e-05,3.6291308893417174e-05,3.6291308893417174e-05,4.28999985845615e-05,-0.00035081598596954904,1.3443285836015402
326161.197364939,CENTER,4.700061507988721,6.15079770796001e-05,0.0021098649576565265,0.00019180590524214836,0.00019180590524214836,0.00019180590524214836,0.00029659014262470307,-0.00019180590524214836,1.3412986953536272,0.001692733040728242,5.9186469955520705e-05,3.5511881973334324e-05,3.5511881973334324e-05,4.1978637112961696e-05,-0.00034328152574208525,1.3455242362782607
326161.207315296,CENTER,4.710058491968084,5.849194712936878e-05,0.0021098649576565265,0.00019180590524214836,0.00019180590524214836,0.00019180590524214836,-8.702166785959364e-05,-0.00019180590524214836,1.342833142595559,0.001656035074374243,5.790332427880768e-05,3.474199456730603e-05,3.474199456730603e-05,4.106855231205558e-05,-0.0003358392808171483,1.3467052551962282
326161.217530969,CENTER,4.7200579610071145,5.7961035054177046e-05,0.0021098649576565265,0.00019180590524214836,0.00019180590524214836,0.00019180590524214836,0.00029659014262470307,-0.00019180590524214836,1.3439839780270084,0.0016197805653076804,5.66356841016554e-05,3.398141046101423e-05,3.398141046101423e-05,4.016946495262236e-05,-0.0003284869677896646,1.3478720027117772
326161.227293425,CENTER,4.730057730979752,5.773099837824702e-05,0.0021098649576565265,0.0005754177157246687,0.00019180590524214836,0.00019180590524214836,-8.702166785959364e-05,-0.00019180590524214836,1.344367589837491,0.0015839773689883194,5.538382409048931e-05,3.32302944543141e-05,3.32302944543141e-05,3.9281569844763016e-05,-0.000321226179724899,1.3490242260194392
326161.237316819,CENTER,4.740066015976481,6.60159857943654e-05,0.0021098649576565265,0.00019180590524214836,0.00019180590524214836,0.00019180590524214836,-8.702166785959364e-05,-0.00019180590524214836,1.3455184252689403,0.0015485963727650334,5.414672632044447e-05,3.248803579228678e-05,3.248803579228678e-05,3.840414501437542e-05,-0.0003140510126586381,1.3501628620264912
326161.247538243,CENTER,4.750062609964516,6.260996451601386e-05,0.0021098649576565265,0.0005754177157246687,0.00019180590524214836,0.00019180590524214836,-8.702166785959364e-05,-0.00019180590524214836,1.3466692607003878,0.00151370844349134,5.2926868653532366e-05,3.175612119213898e-05,3.175612119213898e-05,3.753894791160429e-05,-0.0003069758381905466,1.3512856300862655
326161.257344441,CENTER,4.760069212003145,6.921199383214116e-05,0.0017262531471740061,0.00019180590524214836,0.00019180590524214836,0.00019180590524214836,0.00029659014262470307,-0.00019180590524214836,1.3474364843213547,0.001479237338947132,5.172158527786102e-05,3.103295116673572e-05,3.103295116673572e-05,3.668408778084102e-05,-0.00029998519461165146,1.3523949838362046
326161.267731103,CENTER,4.770110849989578,0.00011084997095167637,0.0017262531471740061,0.00019180590524214836,0.00019180590524214836,0.00019180590524214836,0.00029659014262470307,-0.00019180590524214836,1.348587319752804,0.0014450994453644936,5.052795263511172e-05,3.0316771581085766e-05,3.0316771581085766e-05,3.583749105706582e-05,-0.00029306212528370373,1.3534936141458993
326161.277688784,CENTER,4.780117411981337,0.0001174119533970952,0.0017262531471740061,0.00019180590524214836,0.00019180590524214836,0.00019180590524214836,0.00029659014262470307,-0.00019180590524214836,1.3497381551842516,0.0014115326155719754,4.935428725775105e-05,2.961257235466891e-05,2.961257235466891e-05,3.5005056329918006e-05,-0.00028625486609501136,1.3545738664034426
326161.289059513,CENTER,4.790061337989755,6.133801070973277e-05,0.0017262531471740061,0.00019180590524214836,0.00019180590524214836,0.00019180590524214836,-8.702166785959364e-05,-0.00019180590524214836,1.350888990615701,0.0013786221567548655,4.8203571914495714e-05,2.892214314871534e-05,2.892214314871534e-05,3.41888991600254e-05,-0.0002795807171041293,1.355632995241457
326161.297265934,CENTER,4.800058732973412,5.873298505321145e-05,0.0013426413366897094,0.00019180590524214836,0.00019180590524214836,0.00019180590524214836,-8.702166785959364e-05,-0.00019180590524214836,1.3516562142366677,0.0013459825963020172,4.7062328542018844e-05,2.823739712522872e-05,2.823739712522872e-05,3.3379460086757694e-05,-0.00027296150554376175,1.3566834059916635
326161.307422446,CENTER,4.810058782983106,5.878298543393612e-05,0.0017262531471740061,0.00019180590524214836,0.00019180590524214836,0.00019180590524214836,-8.702166785959364e-05,0.00019180590524214836,1.3531906614785978,0.0013137829616135938,4.593646718927696e-05,2.7561880313583154e-05,2.7561880313583154e-05,3.2580930875575234e-05,-0.00026643150969785784,1.3577196589914031
326161.317385167,CENTER,4.820063260965981,6.326095899567008e-05,0.0013426413366897094,0.00019180590524214836,0.00019180590524214836,0.00019180590524214836,0.00029659014262470307,-0.00019180590524214836,1.3543414969100471,0.0012820173229659837,4.4825780523276835e-05,2.6895468313982733e-05,2.6895468313982733e-05,3.1793164473333836e-05,-0.0002599895270350549,1.3587419450718432
326161.327439348,CENTER,4.830113995994907,0.00011399597860872746,0.0013426413366897094,0.00019180590524214836,0.00019180590524214836,0.00019180590524214836,-8.702166785959364e-05,-0.00019180590524214836,1.3547251087205296,0.0012505555238590225,4.3725717617439314e-05,2.6235430570479765e-05,2.6235430570479765e-05,3.101293308666237e-05,-0.00025360916218119655,1.3597544529470804
326161.337362234,CENTER,4.8400183279882185,1.832796260714531e-05,0.0013426413366897094,0.00019180590524214836,0.00019180590524214836,0.00019180590524214836,-8.702166785959364e-05,-0.00019180590524214836,1.3554923323414965,0.0012199931506250393,4.2657103168698934e-05,2.5594261901235168e-05,2.5594261901235168e-05,3.0255006854686605e-05,-0.0002474111983785006,1.3607380153771926
326161.347329002,CENTER,4.850061728968285,6.172899156808853e-05,0.0013426413366897094,0.00019180590524214836,0.00019180590524214836,0.00019180590524214836,0.00029659014262470307,-0.00019180590524214836,1.3562595559624615,0.001189447962937091,4.1589089613176334e-05,2.4953453767921218e-05,2.4953453767921218e-05,2.9497506812655068e-05,-0.00024121671975646866,1.3617210247397376
326161.357369618,CENTER,4.8600585329695605,5.8532983530312777e-05,0.0013426413366897094,0.00019180590524214836,0.00019180590524214836,0.00019180590524214836,-8.702166785959364e-05,-0.00019180590524214836,1.3574103913939108,0.0011594898973741538,4.0541604803283685e-05,2.4324962881985238e-05,2.4324962881985238e-05,2.875456700311978e-05,-0.000235141307859091,1.362685139258625
326161.367315968,CENTER,4.870061908964999,6.190896965563297e-05,0.0013426413366897094,0.00019180590524214836,0.00019180590524214836,0.00019180590524214836,-8.702166785959364e-05,-0.00019180590524214836,1.3585612268253602,0.0011299559902887071,3.950895070938714e-05,2.370537042564692e-05,2.370537042564692e-05,2.8022146037593744e-05,-0.00022915191411448932,1.363635603452007
326161.377284018,CENTER,4.880058331997134,5.8331992477178574e-05,0.0013426413366897094,0.00019180590524214836,0.00019180590524214836,0.00019180590524214836,-8.702166785959364e-05,-0.00019180590524214836,1.3597120622568095,0.0011008851420579446,3.849248748453548e-05,2.309549249073558e-05,2.309549249073558e-05,2.7301208619180607e-05,-0.0002232564274103491,1.3645711654226815
326161.38733249,CENTER,4.890058502962347,5.850294837728143e-05,0.0013426413366897094,0.00019180590524214836,0.00019180590524214836,0.00019180590524214836,-8.702166785959364e-05,0.00019180590524214836,1.3604792858777746,0.0010722449623211429,3.749108259863362e-05,2.249464955919405e-05,2.249464955919405e-05,2.6590951488792325e-05,-0.0002174482790721164,1.3654928675616196
326161.39722485,CENTER,4.90005661098985,5.661096656695008e-05,0.0013426413366897094,0.00019180590524214836,0.00019180590524214836,0.00019180590524214836,-8.702166785959364e-05,-0.00019180590524214836,1.361630121309224,0.0010440510945146468,3.6505283024980124e-05,2.1903169815001562e-05,2.1903169815001562e-05,2.589176259309349e-05,-0.00021173064154492507,1.366400206429636
326161.407728431,CENTER,4.910058234992903,5.823501851409674e-05,0.0013426413366897094,0.00019180590524214836,0.00019180590524214836,0.00019180590524214836,0.00029659014262470307,-0.00019180590524214836,1.362397344930189,0.00101628673862807,3.553450135062436e-05,2.1320700810387823e-05,2.1320700810387823e-05,2.5203225303163613e-05,-0.00020610010783366113,1.3672937226869384
326161.41735792,CENTER,4.920059769006912,5.976902320981026e-05,0.0013426413366897094,0.00019180590524214836,0.00019180590524214836,0.00019180590524214836,0.00029659014262470307,-0.00019180590524214836,1.3627809567406715,0.0009889609131433115,3.457905290710163e-05,2.0747431744273792e-05,2.0747431744273792e-05,2.452556327126802e-05,-0.00020055850686122832,1.3681731260995218
326161.427395982,CENTER,4.930061091959942,6.109196692705154e-05,0.0013426413366897094,0.00019180590524214836,0.00019180590524214836,0.00019180590524214836,-8.702166785959364e-05,-0.00019180590524214836,1.3635481803616383,0.0009620726580362865,3.36389041271359e-05,2.0183342476293967e-05,2.0183342476293967e-05,2.3858752689457068e-05,-0.00019510564393742606,1.3690384475630113
326161.437329088,CENTER,4.940058727981523,5.872797919437289e-05,0.0013426413366897094,0.00019180590524214836,0.00019180590524214836,0.00019180590524214836,0.00029659014262470307,0.00019180590524214836,1.3646990157930876,0.0009356297387412872,3.271432652940886e-05,1.9628595917657392e-05,1.9628595917657392e-05,2.3202986135261068e-05,-0.0001897430938706075,1.3698894371691501
326161.447202022,CENTER,4.950056484958623,5.6484946981072426e-05,0.0009590295262071891,0.00019180590524214836,0.00019180590524214836,0.00019180590524214836,-8.702166785959364e-05,0.00019180590524214836,1.3654662394140527,0.0009096204732474827,3.1804911652003206e-05,1.9082946991213763e-05,1.9082946991213763e-05,2.255797390269458e-05,-0.000184468487581654,1.370726470869991
326161.457437322,CENTER,4.960059360950254,5.936092929914594e-05,0.0013426413366897094,0.00019180590524214836,0.00019180590524214836,0.00019180590524214836,0.00029659014262470307,0.00019180590524214836,1.366617074845502,0.0008840307673071771,3.0910166689055774e-05,1.8546100013444936e-05,1.8546100013444936e-05,2.1923366463926018e-05,-0.00017927896679655834,1.37155000224852
326161.46734485,CENTER,4.9700602240045555,6.022403249517083e-05,0.0013426413366897094,0.00019180590524214836,0.00019180590524214836,0.00019180590524214836,0.00029659014262470307,0.00019180590524214836,1.367384298466467,0.0008588775800789372,3.0030684618138448e-05,1.8018410770894258e-05,1.8018410770894258e-05,2.1299584394643368e-05,-0.00017417797078523624,1.3723594855228023
326161.477290269,CENTER,4.9800597739522345,5.97739708609879e-05,0.0009590295262071891,0.00019180590524214836,0.00019180590524214836,0.00019180590524214836,0.00029659014262470307,-0.00019180590524214836,1.3681515220874338,0.0008341573940475917,2.916634244921044e-05,1.749980546953702e-05,1.749980546953702e-05,2.068654046284387e-05,-0.0001691647862054526,1.3731550338939866
326161.487204169,CENTER,4.990057420975063,5.7420984376221895e-05,0.0009590295262071891,0.00019180590524214836,0.00019180590524214836,0.00019180590524214836,0.00029659014262470307,-0.00019180590524214836,1.3693023575188832,0.0008098698635447994,2.831712809596616e-05,1.699027685759017e-05,1.699027685759017e-05,2.0084226096186227e-05,-0.00016423934295663536,1.3739366584864183
326161.498099141,CENTER,5.000901638006326,0.0009016380063258111,0.0009590295262071891,0.00019180590524214836,0.00019180590524214836,0.00019180590524214836,-8.702166785959364e-05,0.00019180590524214836,1.3700695811398482,0.0007840076141863127,2.7412853642872414e-05,1.644771218573362e-05,1.644771218573362e-05,1.944285976456569e-05,-0.0001589945511286904,1.374768960894103
326161.507851209,CENTER,5.010156967968214,0.0001569679589010775,0.0009590295262071891,0.00019180590524214836,0.00019180590524214836,0.00019180590524214836,-8.702166785959364e-05,-0.00019180590524214836,1.3712204165712976,0.000762329710683525,2.6654884988928907e-05,1.599293099336719e-05,1.599293099336719e-05,1.890526238646894e-05,-0.00015459833293581752,1.3754666021173714
326161.517413563,CENTER,5.020047073950991,4.7073932364583015e-05,0.0009590295262071891,0.00019180590524214836,0.00019180590524214836,0.00019180590524214836,-8.702166785959364e-05,0.00019180590524214836,1.3723712520027451,0.0007395654414457595,2.5858931519077066e-05,1.5515358911455802e-05,1.5515358911455802e-05,1.834072387125042e-05,-0.000149981802810676,1.3761992049096943
326161.527327082,CENTER,5.030060279997997,6.0279970057308674e-05,0.0009590295262071891,0.00019180590524214836,0.00019180590524214836,0.00019180590524214836,-8.702166785959364e-05,0.00019180590524214836,1.3735220874341945,0.0007169375086186029,2.5067745056589377e-05,1.5040647033962885e-05,1.5040647033962885e-05,1.7779566407011998e-05,-0.00014539292132824573,1.3769274201052062
326161.537320862,CENTER,5.0400602909503505,6.029097130522132e-05,0.0009590295262071891,0.00019180590524214836,0.00019180590524214836,0.00019180590524214836,0.00029659014262470307,0.00019180590524214836,1.3742893110551613,0.0006947589617049763,2.4292271388280857e-05,1.4575362832977491e-05,1.4575362832977491e-05,1.722955341017273e-05,-0.000140895174052056,1.377641173102453
326161.547406503,CENTER,5.050059279950801,5.9279962442815304e-05,0.0009590295262071891,0.00019180590524214836,0.00019180590524214836,0.00019180590524214836,0.00029659014262470307,0.00019180590524214836,1.3754401464866106,0.0006729999737056548,2.3531467612080922e-05,1.411888056725727e-05,1.411888056725727e-05,1.668994519127959e-05,-0.00013648251215009517,1.3783414237979583
326161.557327356,CENTER,5.060059029958211,5.902996053919196e-05,0.0009590295262071891,0.00019180590524214836,0.00019180590524214836,0.00019180590524214836,0.00029659014262470307,0.00019180590524214836,1.3762073701075774,0.0006516546577955418,2.2785127894944302e-05,1.3671076736974995e-05,1.3671076736974995e-05,1.616059576104302e-05,-0.00013215374179070209,1.3790283616423245
326161.567363384,CENTER,5.070060763973743,6.0763966757804155e-05,0.0009590295262071891,0.00019180590524214836,0.00019180590524214836,0.00019180590524214836,-8.702166785959364e-05,0.00019180590524214836,1.377358205539025,0.0006307185257206777,2.205309530491431e-05,1.3231857182956718e-05,1.3231857182956718e-05,1.5641393813793474e-05,-0.0001279079527685273,1.3797021310771473
326161.577326476,CENTER,5.080058700987138,5.8700970839709044e-05,0.0009590295262071891,0.00019180590524214836,0.00019180590524214836,0.00019180590524214836,0.00029659014262470307,-0.00019180590524214836,1.3781254291599918,0.0006102014609516461,2.1335715417885345e-05,1.2801429250739122e-05,1.2801429250739122e-05,1.5132584452931855e-05,-0.00012374714942375853,1.3803624140312394
326161.587351263,CENTER,5.09006076597143,6.076594581827521e-05,0.0009590295262071891,0.00019180590524214836,-0.00019180590524214836,0.00019180590524214836,0.00029659014262470307,-0.00019180590524214836,1.3792762645914411,0.0005900850566417509,2.063234463781918e-05,1.2379406782699184e-05,1.2379406782699184e-05,1.4633711201081433e-05,-0.00011966759889937405,1.3810098028762314
326161.597358968,CENTER,5.100060055963695,6.005598697811365e-05,0.0009590295262071891,0.00019180590524214836,0.00019180590524214836,0.00019180590524214836,-8.702166785959364e-05,0.00019180590524214836,1.3796598764019237,0.000570381057510852,1.994339361925646e-05,1.196603617156127e-05,1.196603617156127e-05,1.4145065319369184e-05,-0.00011567168299170955,1.3816439196419599
326161.607306461,CENTER,5.110058232967276,5.8232981245964766e-05,0.0009590295262071891,0.00019180590524214836,0.00019180590524214836,0.00019180590524214836,0.00029659014262470307,0.00019180590524214836,1.380810711833373,0.0005510836718177897,1.9268659853764964e-05,1.1561195912266112e-05,1.1561195912266112e-05,1.366650317652276e-05,-0.00011175822715185808,1.3822649507190223
326161.617871146,CENTER,5.120110741991084,0.00011074199574068189,0.0009590295262071891,0.00019180590524214836,0.00019180590524214836,0.00019180590524214836,0.00029659014262470307,0.00019180590524214836,1.381577935454338,0.0005320867593676323,1.860443214571762e-05,1.1162659287437468e-05,1.1162659287437468e-05,1.31953925673337e-05,-0.00010790570644518289,1.3828763119255312
326161.627293579,CENTER,5.130056531983428,5.653197877109051e-05,0.0009590295262071891,0.00019180590524214836,0.00019180590524214836,0.00019180590524214836,-8.702166785959364e-05,0.00019180590524214836,1.3819615472648206,0.0005136891247373952,1.7961158207597454e-05,1.0776694924565151e-05,1.0776694924565151e-05,1.2739143643671503e-05,-0.00010417471760408494,1.3834683870921651
326161.637329858,CENTER,5.140059537952766,5.953793879598379e-05,0.0009590295262071891,0.00019180590524214836,0.00019180590524214836,0.00019180590524214836,0.00029659014262470307,0.00019180590524214836,1.38311238269627,0.0004955821018234711,1.732804551829968e-05,1.0396827310986184e-05,1.0396827310986184e-05,1.2290101694462183e-05,-0.00010050266400615706,1.3840511097532284
326161.647727501,CENTER,5.150119650992565,0.00011965096928179264,0.0009590295262071891,0.00019180590524214836,0.00019180590524214836,0.00019180590524214836,-8.702166785959364e-05,0.00019180590524214836,1.3834959945067524,0.00047777016304713024,1.6705250456189855e-05,1.0023150273720072e-05,1.0023150273720072e-05,1.1848377632734937e-05,-9.689045264591953e-05,1.384624335976655
326161.657281028,CENTER,5.160059248970356,5.924899596720934e-05,0.0009590295262071891,0.00019180590524214836,0.00019180590524214836,0.00019180590524214836,0.00029659014262470307,-0.00019180590524214836,1.383879606317235,0.00046056148062068036,1.61035482734471e-05,9.662128964074246e-06,9.662128964074246e-06,1.1421613921393172e-05,-9.340057998601103e-05,1.3851781481226166
326161.66738337,CENTER,5.170058668998536,5.866901483386755e-05,0.0005754177157246687,0.00019180590524214836,0.00019180590524214836,0.0005754177157246687,0.00029659014262470307,0.00019180590524214836,1.3846468299382018,0.0004436376330236545,1.5511805350474197e-05,9.307083210290286e-06,9.307083210290286e-06,1.1001913921607621e-05,-8.996847103276764e-05,1.3857227936755632
326161.677274868,CENTER,5.180058338970412,5.833897739648819e-05,0.0009590295262071891,0.00019180590524214836,0.00019180590524214836,0.00019180590524214836,0.00029659014262470307,-0.00019180590524214836,1.3850304417486843,0.0004271002574598205,1.4933575435654924e-05,8.960145261398527e-06,8.960145261398527e-06,1.059179816744458e-05,-8.661473752681528e-05,1.386255001733253
326161.68728618,CENTER,5.190059561980888,5.9561978559941053e-05,0.0005754177157246687,0.00019180590524214836,0.00019180590524214836,0.00019180590524214836,0.00029659014262470307,0.00019180590524214836,1.3854140535591668,0.00041094454564089694,1.4368690407021438e-05,8.621214244218176e-06,8.621214244218176e-06,1.0191147416599433e-05,-8.333840436073985e-05,1.3867749270366696
326161.69726926,CENTER,5.2000570289674215,5.702895577996969e-05,0.0005754177157246687,0.00019180590524214836,0.00019180590524214836,0.00019180590524214836,0.00029659014262470307,0.00019180590524214836,1.3861812771801336,0.00039517612952303174,1.3817347186117048e-05,8.290408311675368e-06,8.290408311675368e-06,9.800101337783997e-06,-8.014061367949462e-05,1.3872823883374388
326161.70725281,CENTER,5.210094819951337,9.481993038207293e-05,0.0005754177157246687,0.00019180590524214836,0.00019180590524214836,0.00019180590524214836,0.00029659014262470307,0.00019180590524214836,1.3865648889906161,0.00037972467961980977,1.3277086699990518e-05,7.966252019999255e-06,7.966252019999255e-06,9.416915807195316e-06,-7.700710285995973e-05,1.387779648988607
326161.717317922,CENTER,5.220058592967689,5.859299562871456e-05,0.0005754177157246687,0.00019180590524214836,0.00019180590524214836,0.00019180590524214836,0.00029659014262470307,0.00019180590524214836,1.387332112611583,0.00036476136254129377,1.2753893795147491e-05,7.652336277093222e-06,7.652336277093222e-06,9.04583564125558e-06,-7.397258401186952e-05,1.388261200483172
326161.727383746,CENTER,5.23006696999073,6.697000935673714e-05,0.0005754177157246687,0.00019180590524214836,0.00019180590524214836,0.00019180590524214836,0.00029659014262470307,0.00019180590524214836,1.3877157244220655,0.000350103375740745,1.224137677414939e-05,7.344826064494209e-06,7.344826064494209e-06,8.682327460165194e-06,-7.099998529007997e-05,1.3887329257974246
326161.737613827,CENTER,5.240116663975641,0.00011666398495435715,0.00019180590524214836,0.00019180590524214836,0.00019180590524214836,0.0005754177157246687,-8.702166785959364e-05,0.00019180590524214836,1.388099336232548,0.0003357572468217565,1.1739763874884113e-05,7.0438583249347615e-06,7.0438583249347615e-06,8.326553144088057e-06,-6.809063047434095e-05,1.3891946148591423
326161.747543446,CENTER,5.250056010961998,5.601096199825406e-05,0.0005754177157246687,0.00019180590524214836,0.00019180590524214836,0.00019180590524214836,-8.702166785959364e-05,0.00019180590524214836,1.3884829480430305,0.00032193254780336217,1.1256382790325007e-05,6.753829674199211e-06,6.753829674199211e-06,7.983709937672487e-06,-6.528702018389777e-05,1.3896395231932563
326161.757749582,CENTER,5.26052961696405,0.0005296169547364116,0.0005754177157246687,0.00019180590524214836,0.00019180590524214836,0.00019180590524214836,0.00029659014262470307,0.00019180590524214836,1.3884829480430305,0.00030775288227916434,1.0760590289479038e-05,6.456354173691413e-06,6.456354173691413e-06,7.632063801452766e-06,-6.241142367899039e-05,1.3900958551074827
326161.767348895,CENTER,5.2700861799530685,8.61799344420433e-05,0.0005754177157246687,0.00019180590524214836,0.00019180590524214836,0.0005754177157246687,-8.702166785959364e-05,0.00019180590524214836,1.3888665598535148,0.0002951591550865752,1.0320250177850193e-05,6.192150106713976e-06,6.192150106713976e-06,7.319747865627596e-06,-5.985745103154281e-05,1.3905011481397638
326161.777268936,CENTER,5.280057857977226,5.7857949286699295e-05,0.0005754177157246687,0.00019180590524214836,0.00019180590524214836,0.00019180590524214836,0.00029659014262470307,0.00019180590524214836,1.3896337834744799,0.00028236551350407577,9.872920052588115e-06,5.923752031556512e-06,5.923752031556512e-06,7.002474187839587e-06,-5.7262936305021994e-05,1.3909128748439872
326161.787404891,CENTER,5.290057958976831,5.7958997786045074e-05,0.0005754177157246687,0.00019180590524214836,-0.00019180590524214836,0.00019180590524214836,0.00029659014262470307,0.00019180590524214836,1.3900173952849624,0.00026988810792111934,9.436647130107024e-06,5.661988278067684e-06,5.661988278067684e-06,6.69304294943654e-06,-5.473255335463126e-05,1.3913144243984905
326161.79729654,CENTER,5.300059251952916,5.9251964557915926e-05,0.00019180590524214836,0.00019180590524214836,0.00019180590524214836,0.00019180590524214836,-8.702166785959364e-05,0.00019180590524214836,1.3904010070954467,0.00025775904299440294,9.01255395085131e-06,5.407532370514125e-06,5.407532370514125e-06,6.392250324239665e-06,-5.227281291494794e-05,1.3917047636068687
326161.807287363,CENTER,5.31005773996003,5.7739962358027697e-05,0.0005754177157246687,0.00019180590524214836,0.00019180590524214836,0.0005754177157246687,0.00029659014262470307,0.00019180590524214836,1.3904010070954467,0.0002459795759205789,8.600684472745727e-06,5.1604106836506455e-06,5.1604106836506455e-06,6.100127489877473e-06,-4.988396994193463e-05,1.3920838520098489
326161.817373064,CENTER,5.320068961998913,6.896199192851782e-05,0.0005754177157246687,0.00019180590524214836,0.00019180590524214836,0.00019180590524214836,-8.702166785959364e-05,0.00019180590524214836,1.3907846189059292,0.000234528338404337,8.200291552597477e-06,4.920174931561478e-06,4.920174931561478e-06,5.816144527045998e-06,-4.7561691005074125e-05,1.3924523772848019
326161.827308865,CENTER,5.330058853956871,5.8853940572589636e-05,0.0005754177157246687,0.00019180590524214836,0.00019180590524214836,0.00019180590524214836,-8.702166785959364e-05,0.00019180590524214836,1.3911682307164117,0.00022344022133006722,7.812595151399245e-06,4.687557090842496e-06,4.687557090842496e-06,5.541166706133022e-06,-4.531305187812414e-05,1.3928092165685657
326161.837293518,CENTER,5.340060036978684,6.003695307299495e-05,0.0005754177157246687,0.00019180590524214836,0.00019180590524214836,0.00019180590524214836,-8.702166785959364e-05,0.00019180590524214836,1.3915518425268942,0.00021267480832819208,7.436182109375744e-06,4.4617092656282e-06,4.4617092656282e-06,5.27419172844702e-06,-4.312985623438747e-05,1.3931556705462143
326161.847277419,CENTER,5.350057603965979,5.760398926213384e-05,0.0005754177157246687,0.00019180590524214836,0.00019180590524214836,0.00019180590524214836,-8.702166785959364e-05,0.00019180590524214836,1.3915518425268942,0.00020224476971543795,7.0714954445943e-06,4.242897266759161e-06,4.242897266759161e-06,5.015533809292374e-06,-4.1014673578654466e-05,1.3934913314599
326161.857270366,CENTER,5.360058064979967,5.80649939365685e-05,0.0005754177157246687,0.00019180590524214836,0.00019180590524214836,0.0005754177157246687,0.00029659014262470307,0.00019180590524214836,1.3919354543373785,0.00019213944857703058,6.7181625376570115e-06,4.0308975225966355e-06,4.0308975225966355e-06,4.764928664374442e-06,-3.896534271841806e-05,1.3938165422718962
326161.867361688,CENTER,5.370061371999327,6.137200398370624e-05,0.0005754177157246687,0.00019180590524214836,0.00019180590524214836,0.00019180590524214836,-8.702166785959364e-05,0.00019180590524214836,1.392319066147861,0.00018235527827662606,6.376058680999616e-06,3.825635208602133e-06,3.825635208602133e-06,4.522287843518628e-06,-3.698114034980486e-05,1.3941314177641764
326161.877262914,CENTER,5.380057966976892,5.796697223559022e-05,0.0005754177157246687,0.00019180590524214836,0.00019180590524214836,0.00019180590524214836,-8.702166785959364e-05,0.00019180590524214836,1.3927026779583436,0.00017289746000721112,6.045365734516552e-06,3.627219440712208e-06,3.627219440712208e-06,4.287740332801094e-06,-3.5063121260203375e-05,1.3944357905512437
326161.88723852,CENTER,5.390057376993354,5.7376979384571314e-05,0.0005754177157246687,0.00019180590524214836,0.00019180590524214836,0.00019180590524214836,0.00029659014262470307,0.00019180590524214836,1.393086289768826,0.00016375276723666274,5.725621232049896e-06,3.435372739232041e-06,3.435372739232041e-06,4.060958123150763e-06,-3.3208603145895924e-05,1.394730086291145
326161.897415511,CENTER,5.400061264983378,6.126496009528637e-05,0.0005754177157246687,0.00019180590524214836,0.00019180590524214836,0.00019180590524214836,0.00029659014262470307,0.00019180590524214836,1.3934699015793086,0.00015491592903839335,5.416640875467228e-06,3.2499845252823532e-06,3.2499845252823532e-06,3.841810499145425e-06,-3.141651707771597e-05,1.3950144746135522
326161.907405834,CENTER,5.4100588109577075,5.88109833188355e-05,0.00019180590524214836,0.00019180590524214836,0.00019180590524214836,0.00019180590524214836,0.00029659014262470307,0.00019180590524214836,1.393853513389793,0.00014639225651931487,5.118610367807214e-06,3.0711662206861935e-06,3.0711662206861935e-06,3.6304291726520785e-06,-2.9687940133287655e-05,1.3952887845957047
326161.917263289,CENTER,5.420057649957016,5.7649973314255476e-05,0.0005754177157246687,0.00019180590524214836,0.00019180590524214836,0.00019180590524214836,0.00029659014262470307,0.00019180590524214836,1.3942371252002754,0.00013817078150541243,4.831146206481988e-06,2.8986877238909494e-06,2.8986877238909494e-06,3.4265421403570796e-06,-2.802064799760102e-05,1.395553369216862
326161.927335514,CENTER,5.430061567982193,6.156798917800188e-05,0.0005754177157246687,0.00019180590524214836,0.00019180590524214836,0.00019180590524214836,-8.702166785959364e-05,0.00019180590524214836,1.394620737010758,0.00013024438450711523,4.553999458289807e-06,2.732399674975597e-06,2.732399674975597e-06,3.2299728437232148e-06,-2.6413196858085693e-05,1.3958084575974008
326161.93743965,CENTER,5.44005858397577,5.8583973441272974e-05,0.00019180590524214836,0.00019180590524214836,0.00019180590524214836,0.00019180590524214836,0.00029659014262470307,0.00019180590524214836,1.394620737010758,0.00012261811621864377,4.2873467209306746e-06,2.5724080325599443e-06,2.5724080325599443e-06,3.0408465365588944e-06,-2.4866610981402748e-05,1.3960538871951966
326161.947275023,CENTER,5.450057621987071,5.76219754293561e-05,0.0005754177157246687,0.00019180590524214836,0.00019180590524214836,0.00019180590524214836,0.00029659014262470307,0.00019180590524214836,1.3950043488212405,0.00011528052513173556,4.03078759201789e-06,2.4184725552122083e-06,2.4184725552122083e-06,2.858879229187183e-06,-2.3378568033707858e-05,1.396290026544237
326161.957312834,CENTER,5.460058634984307,5.863496335223317e-05,0.0005754177157246687,0.00019180590524214836,0.00019180590524214836,0.0005754177157246687,-8.702166785959364e-05,0.0005754177157246687,1.3950043488212405,0.00010822732245139785,3.784172113684473e-06,2.2705032682120065e-06,2.2705032682120065e-06,2.683964562386087e-06,-2.194819825937413e-05,1.3965170136671035
326161.967444611,CENTER,5.4700555699528195,5.556998075917363e-05,0.0005754177157246687,0.00019180590524214836,0.00019180590524214836,0.0005754177157246687,-8.702166785959364e-05,0.00019180590524214836,1.3953879606317248,0.0001014581236549357,3.547486841081024e-06,2.128492104649894e-06,2.128492104649894e-06,2.5160930002526144e-06,-2.0575423678273995e-05,1.3967348609385568
326161.977287789,CENTER,5.48005736496998,5.736498860642314e-05,0.00019180590524214836,0.00019180590524214836,0.00019180590524214836,0.00019180590524214836,-8.702166785959364e-05,0.00019180590524214836,1.3957715724422073,9.496227489363615e-05,3.320359262014576e-06,1.992215557210025e-06,1.992215557210025e-06,2.3550003345277617e-06,-1.9258083719688596e-05,1.3969439112221977
326161.987264186,CENTER,5.490057735994924,5.773600423708558e-05,0.00019180590524214836,0.00019180590524214836,0.00019180590524214836,0.00019180590524214836,-8.702166785959364e-05,0.00019180590524214836,1.3957715724422073,8.873929652753604e-05,3.1027726058572734e-06,1.86166356351547e-06,1.86166356351547e-06,2.2006746704645143e-06,-1.7996081113975937e-05,1.3971441799538646
326161.997333627,CENTER,5.500061503960751,6.150396075099707e-05,0.0005754177157246687,0.00019180590524214836,0.00019180590524214836,0.00019180590524214836,-8.702166785959364e-05,0.00019180590524214836,1.3961551842526898,8.278149332198795e-05,2.8944578084605507e-06,1.736674685077458e-06,1.736674685077458e-06,2.0529251714363145e-06,-1.6787855289074685e-05,1.3973359147826396
326162.007355629,CENTER,5.510057998006232,5.79979969188571e-05,0.0005754177157246687,0.00019180590524214836,0.00019180590524214836,0.00019180590524214836,0.00029659014262470307,0.00019180590524214836,1.3961551842526898,7.709022513404523e-05,2.695462417273784e-06,1.6172774503652896e-06,1.6172774503652896e-06,1.911785560980363e-06,-1.5633682020190463e-05,1.3975190719454194
326162.017321306,CENTER,5.520060243958142,6.024393951520324e-05,0.00019180590524214836,0.00019180590524214836,0.00019180590524214836,0.00019180590524214836,-8.702166785959364e-05,0.00019180590524214836,1.3965387960631723,7.165310386325965e-05,2.505353281931572e-06,1.503211969159919e-06,1.503211969159919e-06,1.7769486225654735e-06,-1.4531049035205502e-05,1.3976940501177286
326162.027361722,CENTER,5.5300601839553565,6.018392741680145e-05,0.0005754177157246687,0.00019180590524214836,0.00019180590524214836,0.00019180590524214836,0.00029659014262470307,0.00019180590524214836,1.3965387960631723,6.646966143778951e-05,2.324114036285894e-06,1.3944684217723387e-06,1.3944684217723387e-06,1.6484027483258277e-06,-1.3479861410460592e-05,1.397860864363118
326162.037276133,CENTER,5.540056267986074,5.626800702884793e-05,0.00019180590524214836,0.00019180590524214836,0.00019180590524214836,0.00019180590524214836,0.00029659014262470307,0.00019180590524214836,1.3965387960631723,6.153542013743324e-05,2.1515881166930817e-06,1.2909528700166513e-06,1.2909528700166513e-06,1.5260368938220482e-06,-1.2479211076821956e-05,1.3980196587841855
326162.047294659,CENTER,5.550058242981322,5.824299296364188e-05,0.00019180590524214836,0.00019180590524214836,0.00019180590524214836,0.00019180590524214836,0.00029659014262470307,0.00019180590524214836,1.3969224078736566,5.684052240812962e-05,1.987430853430793e-06,1.1924585120591698e-06,1.1924585120591698e-06,1.4096065983656807e-06,-1.1527098949900248e-05,1.3981707506180694
326162.057303145,CENTER,5.560063673998229,6.367400055751204e-05,0.00019180590524214836,0.00019180590524214836,0.00019180590524214836,0.00019180590524214836,0.00029659014262470307,0.00019180590524214836,1.3969224078736566,5.2381253143388845e-05,1.8315123476705724e-06,1.098907408603059e-06,1.098907408603059e-06,1.299019729822555e-06,-1.062277161649125e-05,1.398314259424829
326162.069359746,CENTER,5.572099324956071,0.0020993249490857124,0.00019180590524214836,0.00019180590524214836,0.00019180590524214836,0.00019180590524214836,0.00029659014262470307,0.00019180590524214836,1.3976896314946217,4.732408430940804e-05,1.6546882625664274e-06,9.928129575404853e-07,9.928129575404853e-07,1.1736053554394247e-06,-9.597191922886515e-06,1.398477009916414
326162.077331731,CENTER,5.5800592369632795,5.923694698140025e-05,0.00019180590524214836,0.00019180590524214836,0.0005754177157246687,0.00019180590524214836,-8.702166785959364e-05,0.00019180590524214836,1.3976896314946217,4.4159379077063354e-05,1.5440342334634193e-06,9.264205400786154e-07,9.264205400786154e-07,1.0951228012966944e-06,-8.955398554089632e-06,1.3985788568883455
326162.087269706,CENTER,5.5900812589679845,8.125894237309694e-05,0.00019180590524214836,0.00019180590524214836,0.00019180590524214836,0.00019180590524214836,-8.702166785959364e-05,0.00019180590524214836,1.3976896314946217,4.037364803804663e-05,1.4116660153160217e-06,8.469996091901117e-07,8.469996091901117e-07,1.0012392262316377e-06,-8.18766288883388e-06,1.398700689796804
326162.097473808,CENTER,5.60007017897442,7.01789977028966e-05,0.00019180590524214836,0.00019180590524214836,0.00019180590524214836,0.00019180590524214836,-8.702166785959364e-05,0.00019180590524214836,1.3980732433051042,3.681584584361297e-05,1.287267337189051e-06,7.723604023139076e-07,7.723604023139076e-07,9.130081327005232e-07,-7.466150555697493e-06,1.39881518746835
326162.107332946,CENTER,5.610057696991134,5.769700510427356e-05,0.00019180590524214836,0.00019180590524214836,0.00019180590524214836,0.00019180590524214836,-8.702166785959364e-05,0.00019180590524214836,1.3984568551155885,3.3468029761118956e-05,1.1702108308082057e-06,7.021264984852921e-07,7.021264984852921e-07,8.29984553041784e-07,-6.7872228186882655e-06,1.3989229273384334
326162.117200299,CENTER,5.620058158994652,5.815899930894375e-05,0.00019180590524214836,0.00019180590524214836,0.00019180590524214836,0.00019180590524214836,0.00029659014262470307,0.00019180590524214836,1.3980732433051042,3.0320139167767934e-05,1.0601447261455576e-06,6.360868356877682e-07,6.360868356877682e-07,7.519189905992292e-07,-6.148839411645318e-06,1.3990242331793776
326162.127293043,CENTER,5.630059040966444,5.904096178710461e-05,0.00019180590524214836,0.00019180590524214836,0.00019180590524214836,0.00019180590524214836,0.00029659014262470307,0.00019180590524214836,1.3980732433051042,2.7370831881517316e-05,9.570220937591117e-07,5.742132562557923e-07,5.742132562557923e-07,6.787781601638515e-07,-5.550728143803932e-06,1.3991191481854672
326162.137660149,CENTER,5.640065054001752,6.505398778244853e-05,0.00019180590524214836,0.00019180590524214836,0.00019180590524214836,0.00019180590524214836,0.00029659014262470307,0.00019180590524214836,1.3984568551155885,2.4613109068122307e-05,8.605982191649481e-07,5.163589314993158e-07,5.163589314993158e-07,6.103884953695101e-07,-4.991469671157198e-06,1.3992078975941324
326162.147347126,CENTER,5.6500588929629885,5.889293970540166e-05,0.00019180590524214836,0.00019180590524214836,0.00019180590524214836,0.00019180590524214836,0.00029659014262470307,0.00019180590524214836,1.3984568551155885,2.204569851197921e-05,7.708286192997836e-07,4.6249717158017376e-07,4.6249717158017376e-07,5.467184461278168e-07,-4.470805991939331e-06,1.3992905223479877
326162.157276916,CENTER,5.660057781962678,5.778198828920722e-05,0.00019180590524214836,0.00019180590524214836,0.00019180590524214836,0.00019180590524214836,0.00029659014262470307,0.00019180590524214836,1.3984568551155885,1.9658063719885793e-05,6.87344885310498e-07,4.124069311865373e-07,4.124069311865373e-07,4.875067145174291e-07,-3.986600334801929e-06,1.3993673615338833
326162.167309397,CENTER,5.67006323300302,6.323301931843162e-05,0.0005754177157246687,0.00019180590524214836,0.00019180590524214836,0.00019180590524214836,0.00029659014262470307,0.00019180590524214836,1.3984568551155885,1.744416642529556e-05,6.099358889962315e-07,3.6596153339793405e-07,3.6596153339793405e-07,4.326035556029284e-07,-3.5376281561786196e-06,1.3994386094761295
326162.177350375,CENTER,5.680058734957129,5.873496411368251e-05,0.00019180590524214836,0.00019180590524214836,0.00019180590524214836,0.00019180590524214836,0.00029659014262470307,0.00019180590524214836,1.398840466926071,1.5401510954728137e-05,5.385143690462852e-07,3.2310862142803133e-07,3.2310862142803133e-07,3.819470783660711e-07,-3.1233833404694517e-06,1.3995043464908283
326162.187623335,CENTER,5.690115702978801,0.0001157029764726758,0.00019180590524214836,0.00019180590524214836,0.00019180590524214836,0.00019180590524214836,-8.702166785959364e-05,0.00019180590524214836,1.398840466926071,1.3510612354526025e-05,4.723990333748698e-07,2.8343942002511703e-07,2.8343942002511703e-07,3.3505406910505804e-07,-2.7399143935746134e-06,1.3995651996453944
326162.197310442,CENTER,5.700059798953589,5.979894194751978e-05,0.00019180590524214836,0.00019180590524214836,0.00019180590524214836,0.00019180590524214836,0.00029659014262470307,0.00019180590524214836,1.398840466926071,1.1796816620817524e-05,4.124761056228986e-07,2.4748566337386927e-07,2.4748566337386927e-07,2.9255309141982145e-07,-2.3923614126137444e-06,1.3996203532515512
326162.207369223,CENTER,5.710054399969522,5.439994856715202e-05,0.00019180590524214836,0.00019180590524214836,0.00019180590524214836,0.00019180590524214836,0.00029659014262470307,0.0005754177157246687,1.398840466926071,1.0224237878921072e-05,3.574908349272647e-07,2.1449450095646725e-07,2.1449450095646725e-07,2.53554199834867e-07,-2.073446842578569e-06,1.3996709621933725
326162.217284936,CENTER,5.720058287959546,5.828798748552799e-05,0.00019180590524214836,0.00019180590524214836,0.00019180590524214836,0.00019180590524214836,-8.702166785959364e-05,0.00019180590524214836,1.3992240787365535,8.794357113935114e-06,3.0749500398361256e-07,1.8449700239027596e-07,1.8449700239027596e-07,2.1809412178118697e-07,-1.7834710231059286e-06,1.3997169788095958
326162.227311266,CENTER,5.730080329987686,8.033000631257892e-05,0.00019180590524214836,0.00019180590524214836,0.00019180590524214836,0.00019180590524214836,0.00029659014262470307,0.00019180590524214836,1.3992240787365535,7.500036779382185e-06,2.6223904823000077e-07,1.5734342893815225e-07,1.5734342893815225e-07,1.8599585092286906e-07,-1.5209864797343514e-06,1.3997586328017073
326162.237404381,CENTER,5.740058860974386,5.8860983699560165e-05,0.00019180590524214836,0.00019180590524214836,0.00019180590524214836,0.00019180590524214836,0.00029659014262470307,0.00019180590524214836,1.3992240787365535,6.3422174185374935e-06,2.2175585379492855e-07,1.330535122770005e-07,1.330535122770005e-07,1.5728271209839318e-07,-1.2861839520112578e-06,1.399795893901016
326162.247384605,CENTER,5.7500586019596085,5.8601959608495235e-05,0.00019180590524214836,0.00019180590524214836,0.00019180590524214836,0.00019180590524214836,0.00029659014262470307,0.0005754177157246687,1.3992240787365535,5.306369497911495e-06,1.8553739503188865e-07,1.1132243701915488e-07,1.1132243701915488e-07,1.3159438268207316e-07,-1.0761168911851277e-06,1.3998292296989345
326162.257556557,CENTER,5.76005828200141,5.8281992096453905e-05,0.00019180590524214836,0.00019180590524214836,0.00019180590524214836,0.00019180590524214836,0.00029659014262470307,0.00019180590524214836,1.3992240787365535,4.388432018900823e-06,1.5344167898258265e-07,9.206500738959296e-08,9.206500738959296e-08,1.088301526489541e-07,-8.899617380993263e-07,1.3998587708870691
326162.267623653,CENTER,5.7700274550006725,2.7454982046037912e-05,0.00019180590524214836,0.00019180590524214836,0.00019180590524214836,0.00019180590524214836,-8.702166785959364e-05,0.00019180590524214836,1.3992240787365535,3.583957040396296e-06,1.2531318323066778e-07,7.518790993846572e-08,7.518790993846572e-08,8.887971606114965e-08,-7.268164627380683e-07,1.3998846606096627
326162.277288558,CENTER,5.780099670984782,9.96709568426013e-05,0.00019180590524214836,0.00019180590524214836,0.00019180590524214836,0.00019180590524214836,0.00029659014262470307,0.00019180590524214836,1.3992240787365535,2.876488200131977e-06,1.0057651049413113e-07,6.034590629652205e-08,6.034590629652205e-08,7.133496623967523e-08,-5.833437608663075e-07,1.3999074284675914
326162.287270435,CENTER,5.790057873993646,5.787401460111141e-05,0.00019180590524214836,0.00019180590524214836,0.00019180590524214836,0.00019180590524214836,-8.702166785959364e-05,0.00019180590524214836,1.399607690547036,2.2742233470561535e-06,7.951829884811877e-08,4.7710979308936315e-08,4.7710979308936315e-08,5.639920430623637e-08,-4.6120613331895877e-07,1.3999268106365719
326162.29731556,CENTER,5.800059466972016,5.9466983657330275e-05,0.00019180590524214836,0.00019180590524214836,0.0005754177157246687,0.00019180590524214836,-8.702166785959364e-05,0.00019180590524214836,1.399607690547036,1.7596427015868776e-06,6.152596858691965e-08,3.691558115215179e-08,3.691558115215179e-08,4.3637951550011544e-08,-3.568506178044592e-07,1.3999433709405205
326162.307451986,CENTER,5.810060910996981,6.0910999309271574e-05,0.00019180590524214836,0.00019180590524214836,0.00019180590524214836,0.00019180590524214836,0.00029659014262470307,0.00019180590524214836,1.399607690547036,1.3285296429077498e-06,4.6452085416376875e-08,2.787125124984781e-08,2.787125124984781e-08,3.294663862031793e-08,-2.694220954148341e-07,1.3999572450792988
326162.317224091,CENTER,5.82005624298472,5.624297773465514e-05,0.00019180590524214836,0.00019180590524214836,0.00019180590524214836,0.00019180590524214836,-8.702166785959364e-05,0.00019180590524214836,1.399607690547036,9.739401545180715e-07,3.405385155656228e-08,2.0432310933894e-08,2.0432310933894e-08,2.4153058593738216e-08,-1.975123390283648e-07,1.3999686565261857
326162.328640206,CENTER,5.830058006977197,5.800696089863777e-05,0.00019180590524214836,0.00019180590524214836,0.00019180590524214836,0.00019180590524214836,-8.702166785959364e-05,0.00019180590524214836,1.399607690547036,6.882273273674244e-07,2.406389256533626e-08,1.4438335539201756e-08,1.4438335539201756e-08,1.706757328631854e-08,-1.395705768788419e-07,1.3999778513750423
326162.337405903,CENTER,5.840060563001316,6.056297570466995e-05,0.00019180590524214836,0.00019180590524214836,0.00019180590524214836,0.00019180590524214836,-8.702166785959364e-05,0.0005754177157246687,1.399607690547036,4.6433971015447106e-07,1.6235654201157516e-08,9.741392520759562e-09,9.741392520759562e-09,1.1515311464137604e-08,-9.416679436647507e-08,1.3999850565566285
326162.347175914,CENTER,5.850053781003226,5.3781026508659124e-05,0.00019180590524214836,0.00019180590524214836,0.00019180590524214836,0.00019180590524214836,-8.702166785959364e-05,0.00019180590524214836,1.399607690547036,2.950692056767623e-07,1.0317105093643128e-08,6.190263056164193e-09,6.190263056164193e-09,7.317517180952318e-09,-5.983920954317351e-08,1.3999905040429037
326162.357427405,CENTER,5.860058470978402,5.8470992371439934e-05,0.00019180590524214836,0.00019180590524214836,0.00019180590524214836,0.00019180590524214836,0.00029659014262470307,0.00019180590524214836,1.3999913023575203,1.7263622546087598e-07,6.036231659368833e-09,3.6217389956213e-09,3.6217389956213e-09,4.281261892311733e-09,-3.5010143624447654e-08,1.3999944441976369
326162.367351854,CENTER,5.870064532966353,6.453297100961208e-05,0.00019180590524214836,0.00019180590524214836,0.00019180590524214836,0.00019180590524214836,0.00029659014262470307,0.00019180590524214836,1.3999913023575203,8.972442145163684e-08,3.137217533281597e-09,1.8823305199689583e-09,1.8823305199689583e-09,2.22510510385944e-09,-1.8195861693250104e-08,1.3999971124765302
326162.377436594,CENTER,5.880060327006504,6.0327001847326756e-05,0.00019180590524214836,0.00019180590524214836,0.00019180590524214836,0.00019180590524214836,-8.702166785959364e-05,0.00019180590524214836,1.399607690547036,3.8777938179968e-08,1.3558719642913289e-09,8.135231786181654e-10,8.135231786181654e-10,9.616666985304279e-10,-7.864057393128232e-09,1.3999987520431474
326162.38728329,CENTER,5.890057943994179,5.79439802095294e-05,0.00019180590524214836,0.00019180590524214836,0.00019180590524214836,0.00019180590524214836,-8.702166785959364e-05,0.00019180590524214836,1.399607690547036,1.2019042802680069e-08,4.2024625186015685e-10,2.5214775113777815e-10,2.5214775113777815e-10,2.980641507265361e-10,-2.437428260962382e-09,1.3999996132015384
326162.397309641,CENTER,5.900060640997253,6.0640973970294e-05,0.00019180590524214836,0.00019180590524214836,0.00019180590524214836,0.00019180590524214836,-8.702166785959364e-05,0.00019180590524214836,1.3999913023575203,1.7026238960382578e-09,5.953230410808003e-11,3.571938242147993e-11,3.571938242147993e-11,4.222392368472688e-11,-3.452873638051801e-10,1.3999999452059273
326162.407446929,CENTER,5.910111497971229,0.000111497996840626,0.00019180590524214836,0.00019180590524214836,0.00019180590524214836,0.00019180590524214836,0.00029659014262470307,0.00019180590524214836,1.399607690547036,7.387770950550987e-13,2.583133359990164e-14,1.5498778475897534e-14,1.5498778475897534e-14,1.83211735713118e-14,-1.498219950879509e-13,1.3999999999762245
326162.418028617,CENTER,5.910933974757219,6.90409797243774e-05,0.00019180590524214836,0.00019180590524214836,0.00019180590524214836,0.00019180590524214836,0.00029659014262470307,0.0005754177157246687,1.3999913023575203,0.0,0.0,0.0,0.0,0.0,0.0,1.4
326162.418355547,CENTER SETTLED,0,0,0.00019180590524214836,0.00019180590524214836,0.00019180590524214836,0.00019180590524214836,0.00029659014262470307,0.0005754177157246687,1.3999913023575203,0.0,0.0,0.0,0.0,0.0,0.0,1.4
326162.439537878,CENTER SETTLED,0,0,0.00019180590524214836,0.00019180590524214836,0.00019180590524214836,0.00019180590524214836,0.00029659014262470307,0.0005754177157246687,1.3999913023575203,0.0,0.0,0.0,0.0,0.0,0.0,1.4
326162.459652035,CENTER SETTLED,0,0,0.00019180590524214836,0.00019180590524214836,0.00019180590524214836,0.00019180590524214836,0.00029659014262470307,0.00019180590524214836,1.3999913023575203,0.0,0.0,0.0,0.0,0.0,0.0,1.4
326162.480073115,CENTER SETTLED,0,0,0.00019180590524214836,0.00019180590524214836,0.00019180590524214836,0.00019180590524214836,0.00029659014262470307,0.00019180590524214836,1.3999913023575203,0.0,0.0,0.0,0.0,0.0,0.0,1.4
326162.500242665,CENTER SETTLED,0,0,0.00019180590524214836,0.00019180590524214836,0.00019180590524214836,0.00019180590524214836,0.00029659014262470307,0.00019180590524214836,1.3999913023575203,0.0,0.0,0.0,0.0,0.0,0.0,1.4
326162.520519265,CENTER SETTLED,0,0,0.00019180590524214836,0.00019180590524214836,0.00019180590524214836,0.00019180590524214836,0.00029659014262470307,0.00019180590524214836,1.3999913023575203,0.0,0.0,0.0,0.0,0.0,0.0,1.4
326162.541562036,CENTER SETTLED,0,0,0.00019180590524214836,0.00019180590524214836,0.00019180590524214836,0.00019180590524214836,0.00029659014262470307,0.00019180590524214836,1.3999913023575203,0.0,0.0,0.0,0.0,0.0,0.0,1.4
326162.561572889,CENTER SETTLED,0,0,0.00019180590524214836,0.00019180590524214836,0.00019180590524214836,0.00019180590524214836,0.00029659014262470307,0.00019180590524214836,1.3999913023575203,0.0,0.0,0.0,0.0,0.0,0.0,1.4
326162.582351798,CENTER SETTLED,0,0,0.00019180590524214836,0.00019180590524214836,0.00019180590524214836,0.00019180590524214836,0.00029659014262470307,0.00019180590524214836,1.3999913023575203,0.0,0.0,0.0,0.0,0.0,0.0,1.4
326162.603130595,CENTER SETTLED,0,0,0.00019180590524214836,0.00019180590524214836,0.00019180590524214836,0.00019180590524214836,0.00029659014262470307,0.00019180590524214836,1.3999913023575203,0.0,0.0,0.0,0.0,0.0,0.0,1.4
326162.623484039,CENTER SETTLED,0,0,0.00019180590524214836,0.00019180590524214836,0.00019180590524214836,0.00019180590524214836,0.00029659014262470307,0.0005754177157246687,1.3999913023575203,0.0,0.0,0.0,0.0,0.0,0.0,1.4
326162.643565474,CENTER SETTLED,0,0,0.00019180590524214836,0.00019180590524214836,0.00019180590524214836,0.00019180590524214836,0.00029659014262470307,0.00019180590524214836,1.3999913023575203,0.0,0.0,0.0,0.0,0.0,0.0,1.4
326162.66553183,CENTER SETTLED,0,0,0.00019180590524214836,0.00019180590524214836,0.00019180590524214836,0.00019180590524214836,0.00029659014262470307,0.00019180590524214836,1.3999913023575203,0.0,0.0,0.0,0.0,0.0,0.0,1.4
326162.686073524,CENTER SETTLED,0,0,0.00019180590524214836,0.00019180590524214836,-0.00019180590524214836,0.00019180590524214836,0.00029659014262470307,0.00019180590524214836,1.3999913023575203,0.0,0.0,0.0,0.0,0.0,0.0,1.4
326162.706349924,CENTER SETTLED,0,0,0.00019180590524214836,0.00019180590524214836,0.00019180590524214836,0.00019180590524214836,0.00029659014262470307,0.0005754177157246687,1.3999913023575203,0.0,0.0,0.0,0.0,0.0,0.0,1.4
326162.726734586,CENTER SETTLED,0,0,0.00019180590524214836,0.00019180590524214836,0.00019180590524214836,0.00019180590524214836,0.00029659014262470307,0.00019180590524214836,1.3999913023575203,0.0,0.0,0.0,0.0,0.0,0.0,1.4
326162.749970592,CENTER SETTLED,0,0,0.00019180590524214836,0.00019180590524214836,0.00019180590524214836,0.00019180590524214836,-8.702166785959364e-05,0.00019180590524214836,1.3999913023575203,0.0,0.0,0.0,0.0,0.0,0.0,1.4
326162.771881854,CENTER SETTLED,0,0,0.00019180590524214836,0.00019180590524214836,0.00019180590524214836,0.00019180590524214836,0.00029659014262470307,0.00019180590524214836,1.3999913023575203,0.0,0.0,0.0,0.0,0.0,0.0,1.4
326162.792559262,CENTER SETTLED,0,0,0.00019180590524214836,0.00019180590524214836,0.00019180590524214836,0.00019180590524214836,0.00029659014262470307,0.00019180590524214836,1.3999913023575203,0.0,0.0,0.0,0.0,0.0,0.0,1.4
326162.813089927,CENTER SETTLED,0,0,0.00019180590524214836,0.00019180590524214836,0.00019180590524214836,0.00019180590524214836,-8.702166785959364e-05,0.0005754177157246687,1.3999913023575203,0.0,0.0,0.0,0.0,0.0,0.0,1.4
326162.833367308,CENTER SETTLED,0,0,0.00019180590524214836,0.00019180590524214836,0.00019180590524214836,0.00019180590524214836,-8.702166785959364e-05,0.00019180590524214836,1.3999913023575203,0.0,0.0,0.0,0.0,0.0,0.0,1.4
326162.856698792,CENTER SETTLED,0,0,0.00019180590524214836,0.00019180590524214836,0.00019180590524214836,0.00019180590524214836,0.00029659014262470307,0.00019180590524214836,1.3999913023575203,0.0,0.0,0.0,0.0,0.0,0.0,1.4
326162.878493427,CENTER SETTLED,0,0,0.00019180590524214836,0.00019180590524214836,0.00019180590524214836,0.00019180590524214836,0.00029659014262470307,0.00019180590524214836,1.3999913023575203,0.0,0.0,0.0,0.0,0.0,0.0,1.4
326162.89953216,CENTER SETTLED,0,0,0.00019180590524214836,0.00019180590524214836,0.00019180590524214836,0.00019180590524214836,-8.702166785959364e-05,0.00019180590524214836,1.4003749141680029,0.0,0.0,0.0,0.0,0.0,0.0,1.4
326162.919821213,CENTER SETTLED,0,0,0.00019180590524214836,0.00019180590524214836,0.00019180590524214836,0.00019180590524214836,0.00029659014262470307,0.00019180590524214836,1.4003749141680029,0.0,0.0,0.0,0.0,0.0,0.0,1.4
326162.94005858,CENTER SETTLED,0,0,0.00019180590524214836,0.00019180590524214836,0.00019180590524214836,0.00019180590524214836,0.00029659014262470307,0.00019180590524214836,1.3999913023575203,0.0,0.0,0.0,0.0,0.0,0.0,1.4
326162.961763577,CENTER SETTLED,0,0,0.00019180590524214836,0.00019180590524214836,0.00019180590524214836,0.00019180590524214836,0.00029659014262470307,0.00019180590524214836,1.3999913023575203,0.0,0.0,0.0,0.0,0.0,0.0,1.4
326162.982218249,CENTER SETTLED,0,0,0.00019180590524214836,0.00019180590524214836,0.00019180590524214836,0.00019180590524214836,0.00029659014262470307,0.00019180590524214836,1.3999913023575203,0.0,0.0,0.0,0.0,0.0,0.0,1.4
326163.004208469,CENTER SETTLED,0,0,0.00019180590524214836,0.00019180590524214836,0.00019180590524214836,0.00019180590524214836,-8.702166785959364e-05,0.00019180590524214836,1.3999913023575203,0.0,0.0,0.0,0.0,0.0,0.0,1.4
326163.045901087,APPROACH START,8.420320227742195e-07,8.420320227742195e-07,0.00019180590524214836,0.00019180590524214836,0.00019180590524214836,0.00019180590524214836,-8.702166785959364e-05,0.00019180590524214836,1.4003749141680029,0.00019180590524214838,0.00019180590524214838,0.00019180590524214838,0.00019180590524214838,-8.702166785959371e-05,0.00019180590524214817,1.4003749141680029
326163.05585921,APPROACH START,0.010059202031698078,5.920202238485217e-05,0.00019180590524214836,0.00019180590524214836,0.00019180590524214836,0.00019180590524214836,0.00029659014262470307,0.00019180590524214836,1.4003749141680029,0.00019185736335204838,0.00019184944671975606,0.00019186725914241377,0.0001918725368972753,-8.713447986975909e-05,0.0001914694483697251,1.4003748079531864
326163.065800943,APPROACH START,0.02005438500782475,5.438498919829726e-05,0.00019180590524214836,0.00019180590524214836,0.00019180590524214836,0.00019180590524214836,0.00029659014262470307,0.00019180590524214836,1.4003749141680029,0.00019221025796080276,0.00019214804985024056,0.00019228801809900554,0.0001923294901727137,-8.790813343510528e-05,0.000189162060543254,1.4003740795425195
326163.075941788,APPROACH START,0.030057733005378395,5.773297743871808e-05,0.00019180590524214836,0.00019180590524214836,0.00019180590524214836,0.00019180590524214836,0.00029659014262470307,0.00019180590524214836,1.4003749141680029,0.00019315596467348484,0.00019294826322250997,0.00019341559148720343,0.00019355405912118668,-8.99814135359853e-05,0.00018297859357571704,1.400372127506869
326163.08636513,APPROACH START,0.040120391990058124,0.000120392011012882,0.00019180590524214836,0.00019180590524214836,0.00019180590524214836,0.00019180590524214836,0.00029659014262470307,0.00019180590524214836,1.4003749141680029,0.00019498933691772672,0.00019449957819840693,0.0001956015353168765,0.00019592804112975636,-9.400072960990032e-05,0.00017099115967105812,1.4003683432385186
326163.096173284,APPROACH START,0.05008030903991312,8.030905155465007e-05,0.00019180590524214836,0.00019180590524214836,0.00019180590524214836,0.00019180590524214836,0.00029659014262470307,0.00019180590524214836,1.4003749141680029,0.00019794550523362348,0.00019700095138878106,0.00019912619753967658,0.00019975590010290484,-0.00010048156014859735,0.0001516623668363476,1.4003622414039179
326163.105922006,APPROACH START,0.06000101298559457,1.0129879228770733e-06,0.00019180590524214836,0.00019180590524214836,0.00019180590524214836,0.00019180590524214836,0.00029659014262470307,0.00019180590524214836,1.4003749141680029,0.00020227608064740614,0.0002006652844312125,0.00020428957591764836,0.00020536344006177746,-0.00010997551394035206,0.00012334706605392106,1.4003533026521022
326163.116925702,APPROACH START,0.0710564450128004,0.0010564450058154762,0.00019180590524214836,0.00019180590524214836,0.00019180590524214836,0.00019180590524214836,0.00029659014262470307,0.00019180590524214836,1.4003749141680029,0.0002090322078275891,0.00020638200742982874,0.0002123449583247898,0.00021411175858996337,-0.00012478702352767686,7.917238833733804e-05,1.4003393573126663
326163.125987823,APPROACH START,0.08005799300735816,5.799299106001854e-05,0.00019180590524214836,0.00019180590524214836,0.0005754177157246687,0.00019180590524214836,0.00029659014262470307,0.00019180590524214836,1.4003749141680029,0.0002162541074406093,0.00021249284556392267,0.00022095568478646796,0.00022346319270425904,-0.00014061964960237564,3.195227548297291e-05,1.4003244505711574
326163.135947058,APPROACH START,0.0900588360382244,5.883601261302829e-05,0.00019180590524214836,0.00019180590524214836,0.00019180590524214836,0.00019180590524214836,0.00029659014262470307,0.00019180590524214836,1.4003749141680029,0.0002263105164221333,0.00022100211470213514,0.0002329460185721315,0.00023648495305213026,-0.00016266639236956376,-3.3801167857764035e-05,1.4003036931115929
326163.146011891,APPROACH START,0.1000623150030151,6.231502629816532e-05,0.00019180590524214836,0.00019180590524214836,0.00019180590524214836,0.00019180590524214836,0.00029659014262470307,0.00019180590524214836,1.4003749141680029,0.00023872602987120217,0.00023150754915903941,0.00024774913076140633,0.0002525614512361815,-0.0001898850180079082,-0.00011497952502475671,1.400278066218448
326163.155936923,APPROACH START,0.11005979200126603,5.9792015235871077e-05,0.00019180590524214836,0.00019180590524214836,0.00019180590524214836,0.00019180590524214836,-8.702166785959364e-05,0.00019180590524214836,1.4007585259784854,0.00025370298225088275,0.0002441803550187689,0.00026560626629102595,0.0002719546844457685,-0.0002227191059172093,-0.0002129057521226729,1.4002471522526387
326163.165925794,APPROACH START,0.12006094498792663,6.094499258324504e-05,0.00019180590524214836,0.00019180590524214836,0.0005754177157246687,0.00019180590524214836,0.00029659014262470307,0.00019180590524214836,1.4007585259784854,0.0002714602282959271,0.00025920571705688315,0.00028677836734473326,0.0002949480415040959,-0.00026164845301596205,-0.00032901082241719936,1.4002104994755458
326163.175947576,APPROACH START,0.13005762099055573,5.762098589912057e-05,0.00019180590524214836,0.0005754177157246687,0.00019180590524214836,0.00019180590524214836,-8.702166785959364e-05,0.00019180590524214836,1.4007585259784854,0.0002921791380109749,0.0002767371022003848,0.00031148168277421397,0.0003217763733146073,-0.0003070706781604917,-0.0004644806167079027,1.4001677335208775
326163.186057974,APPROACH START,0.14005870500113815,5.870498716831207e-05,0.00019180590524214836,0.00019180590524214836,0.00019180590524214836,0.00019180590524214836,-8.702166785959364e-05,0.00019180590524214836,1.4007585259784854,0.00031606556511797046,0.00029694869436784225,0.0003399616535556325,0.00035270623405571794,-0.00035943707604890724,-0.0006206611016382659,1.4001184294854387
326163.19627429,APPROACH START,0.1500583959859796,5.8395962696522474e-05,0.00019180590524214836,0.0005754177157246687,0.0005754177157246687,0.0005754177157246687,-8.702166785959364e-05,0.00019180590524214836,1.4003749141680029,0.0003432858391031479,0.0003199812338937613,0.00037241659561488346,0.0003879529990878078,-0.0004191122920933373,-0.0007986398161567427,1.4000622440481103
326163.205961899,APPROACH START,0.16005827800836414,5.827803397551179e-05,0.00019180590524214836,0.00019180590524214836,0.00019180590524214836,0.0005754177157246687,0.00029659014262470307,0.00019180590524214836,1.4003749141680029,0.00037401384458589734,0.00034598185391762577,0.0004090538329212395,0.0004277418267000872,-0.0004864775348824446,-0.0009995536981593448,1.3999988182932035
326163.215941242,APPROACH START,0.17006335902260616,6.335903890430927e-05,0.00019180590524214836,0.00019180590524214836,0.00019180590524214836,0.00019180590524214836,-8.702166785959364e-05,0.00019180590524214836,1.4003749141680029,0.0004084296471009392,0.00037510291758419915,0.0004500880589968674,0.0004723058786746941,-0.0005619275634731164,-0.0012245800992192447,1.3999277805469865
326163.225992599,APPROACH START,0.18005832098424435,5.832099122926593e-05,0.0005754177157246687,0.00019180590524214836,0.0005754177157246687,0.00019180590524214836,-8.702166785959364e-05,-0.00019180590524214836,1.4003749141680029,0.00044663109468417767,0.00040742721938540044,0.0004956359388076531,0.0005217718556735046,-0.0006456768908671427,-0.001474358794955816,1.3998489288410776
326163.236155295,APPROACH START,0.19006333203287795,6.333203054964542e-05,0.00019180590524214836,0.00019180590524214836,0.0005754177157246687,0.00019180590524214836,-8.702166785959364e-05,-0.00019180590524214836,1.4003749141680029,0.000488840395807857,0.000443142781874667,0.0005459624132243489,0.000576427489179809,-0.0007382126664075206,-0.001750342686918348,1.3997618045143991
326163.24658519,APPROACH START,0.2001172149903141,0.00011721497867256403,0.00019180590524214836,0.00019180590524214836,0.0005754177157246687,0.0005754177157246687,-8.702166785959364e-05,-0.00019180590524214836,1.4003749141680029,0.0005353947682227675,0.00048253494314882137,0.0006014695495652053,0.000636709432947836,-0.00084027417516329,-0.0020547366604004697,1.3996657115149274
326163.256518076,APPROACH START,0.21010668703820556,0.00010668701725080609,0.0005754177157246687,0.0005754177157246687,0.0005754177157246687,0.0005754177157246687,-8.702166785959364e-05,-0.0005754177157246687,1.4003749141680029,0.0005858892997339063,0.0005252610851967075,0.000661674567905411,0.0007020933775968768,-0.0009509737250146375,-0.0023848932125887013,1.3995614856229621
326163.265861833,APPROACH START,0.22005574399372563,5.57440216653049e-05,0.00019180590524214836,0.00019180590524214836,0.0005754177157246687,0.0005754177157246687,-8.702166785959364e-05,-0.0005754177157246687,1.4003749141680029,0.0006404986707506647,0.0005714690145185792,0.0007267857410407784,0.0007728055118621689,-0.0010706942691667666,-0.0027419544846213695,1.3994487662802224
326163.275927637,APPROACH START,0.2300575179979205,5.7518016546964645e-05,0.00019180590524214836,0.0005754177157246687,0.0005754177157246687,0.0005754177157246687,-8.702166785959364e-05,-0.0009590295262071891,1.4003749141680029,0.0006998547644061863,0.0006216934014578659,0.0007975564680915945,0.0008496640433904749,-0.001200821089873108,-0.003130052020061337,1.3993262492151128
326163.286276791,APPROACH START,0.24007769802119583,7.769803050905466e-05,0.0005754177157246687,0.0005754177157246687,0.0005754177157246687,0.0005754177157246687,-8.702166785959364e-05,-0.0013426413366897094,1.4003749141680029,0.0007639072717826442,0.0006758916769302524,0.0008739267653481425,0.0009326038285830704,-0.0013412438945061176,-0.003548856875984351,1.3991940382704
326163.296186634,APPROACH START,0.2500575120211579,5.751202115789056e-05,0.0005754177157246687,0.0005754177157246687,0.0005754177157246687,0.0005754177157246687,-0.000470633478342114,-0.0017262531471740061,1.3999913023575203,0.0008323631449727828,0.0007338158773219073,0.0009555472295363868,0.0010212454079703039,-0.0014913202318845046,-0.0039964529699198946,1.3990527383270204
326163.305966024,APPROACH START,0.26005746400915086,5.746399983763695e-05,0.0005754177157246687,0.0005754177157246687,0.0005754177157246687,0.0005754177157246687,-0.0008542452888246344,-0.0021098649576565265,1.399607690547036,0.0009057135758738349,0.0007958816265458734,0.0010430035125337973,0.0011162248120857718,-0.0016521269457829715,-0.0044760519411960265,1.3989013355145195
326163.316034604,APPROACH START,0.27005607302999124,5.607301136478782e-05,0.0005754177157246687,0.0005754177157246687,0.0009590295262071891,0.0009590295262071891,-0.0008542452888246344,-0.0021098649576565265,1.399607690547036,0.0009838974158192506,0.0008620371834227625,0.0011362227063148726,0.0012174628612458647,-0.001823529979509467,-0.0049872539716083845,1.3987399560500167
326163.326038353,APPROACH START,0.280060533026699,6.053299875929952e-05,0.0005754177157246687,0.0005754177157246687,0.0009590295262071891,0.0005754177157246687,-0.0008542452888246344,-0.002493476768139047,1.399607690547036,0.001067050088896931,0.0009323971375654139,0.0012353662780613401,0.0013251349122823514,-0.00200582622433362,-0.00553094452634709,1.3985683204043051
326163.335965027,APPROACH START,0.2900587720214389,5.877204239368439e-05,0.0005754177157246687,0.0005754177157246687,0.0009590295262071891,0.0009590295262071891,-0.0012378570993071547,-0.003260700389105864,1.399607690547036,0.0011551396991447175,0.0010069345000827707,0.0013403961979721656,0.0014391996640134635,-0.0021989457544922372,-0.006106915054890338,1.3983864944139217
326163.345903314,APPROACH START,0.30005823203828186,5.823204992339015e-05,0.0005754177157246687,0.0005754177157246687,0.0013426413366897094,0.0009590295262071891,-0.0012378570993071547,-0.004027924010070905,1.399607690547036,0.001248289765409923,0.0010857537869225584,0.0014514597385191443,0.0015598170575107204,-0.0024031593613044267,-0.006715973180470557,1.3981942231232973
326163.355952979,APPROACH START,0.31008632702287287,8.632702520117164e-05,0.0005754177157246687,0.0005754177157246687,0.0013426413366897094,0.0009590295262071891,-0.0012378570993071547,-0.004027924010070905,1.399607690547036,0.0013468333685528542,0.0011691368357358066,0.0015689540345741808,0.0016874183897855456,-0.0026191972605024002,-0.007360296739482061,1.3979908190193742
326163.365895764,APPROACH START,0.32005815603770316,5.815603071823716e-05,0.0009590295262071891,0.0005754177157246687,0.0017262531471740061,0.0009590295262071891,-0.0012378570993071547,-0.004795147631037722,1.3992240787365535,0.0014499629142731539,0.0012564002974991358,0.001691916185240695,0.0018209579297567072,-0.0028452889568892207,-0.008034605307653283,1.397777949059618
326163.375890415,APPROACH START,0.3300571560394019,5.715602310374379e-05,0.0009590295262071891,0.0005754177157246687,0.0017262531471740061,0.0013426413366897094,-0.0016214689097914514,-0.005178759441520242,1.3992240787365535,0.0015585600850855407,0.0013482902112634616,0.0018213974273631598,0.0019615773432445456,-0.0030833673698240785,-0.008744663732195847,1.39755379336089
326163.385939089,APPROACH START,0.34005924203665927,5.924201104789972e-05,0.0009590295262071891,0.0009590295262071891,0.0017262531471740061,0.0013426413366897094,-0.0020050807202739718,-0.005562371252002762,1.3992240787365535,0.0016724215933890025,0.0014446345644433124,0.001957155379571137,0.002109013398868264,-0.0033329868303355248,-0.009489142824949288,1.3973187715296482
326163.396197294,APPROACH START,0.35005798301426694,5.7983037550002337e-05,0.0009590295262071891,0.0009590295262071891,0.0017262531471740061,0.0017262531471740061,-0.002388692530756492,-0.006329594872967803,1.398840466926071,0.0017915023395873076,0.0015453951958418765,0.00209913626926912,0.002263207698432741,-0.0035940484662318195,-0.010267747703938243,1.397072976656085
326163.406337718,APPROACH START,0.36009726801421493,9.726802818477154e-05,0.0009590295262071891,0.0009590295262071891,0.0017262531471740061,0.0017262531471740061,-0.0027723043412390125,-0.0067132066834521,1.3984568551155885,0.001916376529027454,0.0016510579715219987,0.0022480247259092988,0.002424903764246269,-0.0038678111123121523,-0.01108423278873924,1.3968152235214712
326163.416087464,APPROACH START,0.37006122403545305,6.12240401096642e-05,0.0013426413366897094,0.0009590295262071891,0.0021098649576565265,0.0021098649576565265,-0.0027723043412390125,-0.00709681849393462,1.3984568551155885,0.0020455910106914085,0.0017603933021607277,0.002402088146354787,0.0025922199520419078,-0.004151089014421603,-0.011929096707311291,1.3965485115785496
326163.427307575,APPROACH START,0.3813812310108915,0.0013812310062348843,0.0013426413366897094,0.0009590295262071891,0.0021098649576565265,0.0021098649576565265,-0.003155916151723309,-0.008247653925383958,1.3984568551155885,0.0021987822408813273,0.0018900166507829644,0.00258473922850431,0.002790582955236552,-0.0044869313267610535,-0.01293073167393773,1.3962323091675166
326163.436095384,APPROACH START,0.3900679519865662,6.795197259634733e-05,0.0013426413366897094,0.0009590295262071891,0.0021098649576565265,0.0021098649576565265,-0.003155916151723309,-0.008631265735866478,1.3980732433051042,0.002320950924132511,0.001993390151995503,0.0027304018893038024,0.0029487757373951413,-0.004754762670811737,-0.013729526910580124,1.3959801404751646
326163.446100927,APPROACH START,0.40006885601906106,6.88559957779944e-05,0.0017262531471740061,0.0013426413366897094,0.0021098649576565265,0.002493476768139047,-0.0035395279622058295,-0.009398489356831519,1.3980732433051042,0.0024665606689790094,0.002116598397634846,0.0029040135081592477,0.003137321689055357,-0.005073984034513689,-0.014681590626884199,1.3956795870274687
326163.455970246,APPROACH START,0.4100592309841886,5.923100979998708e-05,0.0017262531471740061,0.0013426413366897094,0.002493476768139047,0.002493476768139047,-0.0035395279622058295,-0.010549324788280856,1.3976896314946217,0.002617308197269178,0.0022441539984957557,0.0030837509457359922,0.0033325204115849404,-0.005404469000380612,-0.015667247542627657,1.3953684286677928
326163.466042593,APPROACH START,0.4200739710358903,7.397105218842626e-05,0.0017262531471740061,0.0017262531471740061,0.002493476768139047,0.002877088578621567,-0.00392313977268835,-0.011700160219730193,1.3973060196841391,0.0027737173200699607,0.0023765001793271848,0.0032702387459984687,0.003535050173160319,-0.0057473659234438795,-0.01668992257632513,1.3950455841963707
326163.476016147,APPROACH START,0.4300584750017151,5.847500870004296e-05,0.0021098649576565265,0.0017262531471740061,0.002877088578621567,0.002877088578621567,-0.00430675158317087,-0.012467383840695234,1.3969224078736566,0.0029349114309917003,0.0025128951962609626,0.0034624317244051636,0.003743775880892322,-0.0061007530127723236,-0.01774388407081348,1.394712863018699
326163.485958822,APPROACH START,0.4400584070244804,5.840702215209603e-05,0.0021098649576565265,0.0017262531471740061,0.003260700389105864,0.002877088578621567,-0.005073975204137687,-0.013618219272144572,1.3969224078736566,0.003101591405737603,0.0026539320979690317,0.0036611655404483606,0.003959605078960741,-0.006466166803561433,-0.018833714674921356,1.3943688184554413
326163.496228328,APPROACH START,0.45005562499864027,5.562498699873686e-05,0.002493476768139047,0.0021098649576565265,0.0036443121995883843,0.003260700389105864,-0.005457587014620208,-0.014385442893111389,1.3961551842526898,0.0032734348767385745,0.0027993381118929283,0.003866055832795678,0.004182120342692775,-0.0068429005669097326,-0.019957306600696993,1.3940141159063237
326163.505952816,APPROACH START,0.46005752100609243,5.752098513767123e-05,0.002493476768139047,0.0021098649576565265,0.0036443121995883843,0.002877088578621567,-0.005841198825102728,-0.01553627832455895,1.3961551842526898,0.003450535237820043,0.0029491922635772453,0.004077213955623589,0.004411442605118787,-0.007231159050819122,-0.021115270500075882,1.393648562596912
326163.515920639,APPROACH START,0.4700579540221952,5.795405013486743e-05,0.002877088578621567,0.002493476768139047,0.004027924010070905,0.003260700389105864,-0.006224810635587025,-0.016303501945525767,1.3957715724422073,0.003632745943981771,0.003103370553406397,0.004294465182201039,0.004647382109251288,-0.007630620983558311,-0.022306648194210313,1.3932724610111167
326163.526044172,APPROACH START,0.48006616201018915,6.61620288155973e-05,0.002877088578621567,0.002493476768139047,0.004027924010070905,0.003260700389105864,-0.006608422446069545,-0.017454337376973328,1.3953879606317248,0.00382019482124435,0.003261981141859346,0.004517961920475658,0.004890104373398994,-0.008041566599095521,-0.023532275468619544,1.3928855473029207
326163.536020591,APPROACH START,0.4900607350282371,6.073503755033016e-05,0.003260700389105864,0.002493476768139047,0.004027924010070905,0.0036443121995883843,-0.007375646067034586,-0.018605172808422665,1.3950043488212405,0.004012426256105026,0.003424638509818377,0.004747160938963393,0.005139019436487827,-0.008462997052443943,-0.02478917331193941,1.3924887619053237
326163.545892565,APPROACH START,0.500057862023823,5.786202382296324e-05,0.003260700389105864,0.002877088578621567,0.004411535820553425,0.004027924010070905,-0.0077592578775188825,-0.019756008239872003,1.394620737010758,0.004209688366769463,0.0035915526034575136,0.00498235807090946,0.005394448579784093,-0.00889545629505446,-0.02607896403551464,1.392081592676901
326163.555922593,APPROACH START,0.510058245039545,5.824503023177385e-05,0.0036443121995883843,0.002877088578621567,0.004795147631037722,0.004411535820553425,-0.008142869688001403,-0.02090684367132134,1.3942371252002754,0.004411939809092206,0.0037626884392690622,0.005223504021371198,0.00565633826791996,-0.00933885368783895,-0.027401377312240325,1.3916641249562092
326163.565942704,APPROACH START,0.5200585789862089,5.8578967582434416e-05,0.0036443121995883843,0.003260700389105864,0.004795147631037722,0.004411535820553425,-0.008526481498483923,-0.0220576791027689,1.3942371252002754,0.004619052015735117,0.0039379372295053686,0.005470445498522368,0.005924522022675534,-0.009792907371633046,-0.028755572509520967,1.3912366241194205
326163.575903824,APPROACH START,0.5300582310301252,5.823100218549371e-05,0.0036443121995883843,0.003260700389105864,0.005178759441520242,0.004795147631037722,-0.008910093308966444,-0.02320851453421824,1.393853513389793,0.004830942835337076,0.004117229461476254,0.005723084552663171,0.006198893468570386,-0.01025743724537582,-0.03014101248384153,1.3907992597353702
326163.585901331,APPROACH START,0.5400802750373259,8.02750582806766e-05,0.004027924010070905,0.003260700389105864,0.005178759441520242,0.004795147631037722,-0.009293705119448964,-0.023975738155185056,1.3934699015793086,0.005048043701548742,0.004300930194424585,0.0059819355854540115,0.006480011256870117,-0.010733389144378339,-0.031560518147533266,1.3903511412807539
326163.59603275,APPROACH START,0.5500727129983716,7.271301001310349e-05,0.004027924010070905,0.004027924010070905,0.005562371252002762,0.005178759441520242,-0.00967731692993326,-0.025510185397115137,1.3927026779583436,0.005269146052376392,0.004488016798971054,0.006245557619133139,0.006766310454736698,-0.01121811352888513,-0.03300618736448335,1.3898947633514813
326163.606072797,APPROACH START,0.5600581089965999,5.810899892821908e-05,0.004027924010070905,0.004027924010070905,0.005945983062485283,0.005562371252002762,-0.010060928740415781,-0.026661020828564475,1.3927026779583436,0.005494642745935457,0.004678821693521029,0.006514419061453571,0.0070582997630631895,-0.01171247166476464,-0.034480588822369616,1.3894293150481094
326163.615892122,APPROACH START,0.5700575800146908,5.758000770583749e-05,0.004411535820553425,0.004411535820553425,0.006329594872967803,0.005945983062485283,-0.010444540550898301,-0.027811856260013812,1.392319066147861,0.005724930530732456,0.0048736805883492565,0.006788992958711539,0.007356492920300339,-0.01221733334681962,-0.03598631664604238,1.3889539774410284
326163.625913415,APPROACH START,0.5800800049910322,8.000497473403811e-05,0.004795147631037722,0.004411535820553425,0.0067132066834521,0.006329594872967803,-0.011211764171865118,-0.02934630350194567,1.3919354543373785,0.005960149514793815,0.005072712036401172,0.007069446362784705,0.0076610713483798,-0.012733005734954159,-0.03752428692644364,1.3884684613329017
326163.636238885,APPROACH START,0.590305038029328,0.0003050380037166178,0.004795147631037722,0.004411535820553425,0.00709681849393462,0.0067132066834521,-0.011595375982347639,-0.030880750743877527,1.3915518425268942,0.0062045689921966605,0.005279528517280499,0.00736086958584195,0.007977563235786057,-0.013268848435414265,-0.03912241427869309,1.3879639544628777
326163.645912468,APPROACH START,0.6000578390085138,5.783903179690242e-05,0.005178759441520242,0.004411535820553425,0.0074804303044171405,0.0067132066834521,-0.011978987792830159,-0.032415197985809385,1.3907846189059292,0.006441790042896913,0.005480254021719171,0.007643710069369183,0.008284734083487677,-0.013788909969641763,-0.0406734749948102,1.3874743058838683
326163.655947446,APPROACH START,0.6100607870030217,6.078701699152589e-05,0.005562371252002762,0.004795147631037722,0.007864042114899661,0.00709681849393462,-0.01236259960331268,-0.03394964522774124,1.3907846189059292,0.006689145016675872,0.005689554384147518,0.00793863330733641,0.008605027062355315,-0.014331188181387967,-0.04229079597721117,1.3869637398482475
326163.665943932,APPROACH START,0.6200630440143868,6.304401904344559e-05,0.005562371252002762,0.005178759441520242,0.007864042114899661,0.0074804303044171405,-0.013129823224279497,-0.0354840924696731,1.3896337834744799,0.0069404807964913145,0.005902223120914428,0.008238302890962524,0.00893047467468045,-0.014882193544829536,-0.04393414530677376,1.3864449570206798
326163.675938775,APPROACH START,0.6300578170339577,5.781702930107713e-05,0.005945983062485283,0.005562371252002762,0.008247653925383958,0.0074804303044171405,-0.013513435034762017,-0.03701853971160496,1.3892501716639973,0.007195515345211986,0.006118021585216531,0.00854238254520641,0.009260711718536714,-0.01544130774779411,-0.04560167889456285,1.3859185395547307
326163.685894996,APPROACH START,0.6400579999899492,5.7999975979328156e-05,0.005945983062485283,0.005562371252002762,0.008631265735866478,0.008247653925383958,-0.014280658655728834,-0.03893659876401934,1.3888665598535148,0.007454466806269295,0.0063371343599573264,0.008851132364159364,0.009596020661700675,-0.016009009027804385,-0.04729482306301456,1.3853840371799842
326163.696426551,APPROACH START,0.6500731899868697,7.318996358662844e-05,0.006329594872967803,0.005945983062485283,0.009014877546348998,0.008631265735866478,-0.015047882276693875,-0.040854657816433715,1.3884829480430305,0.0077174822149404295,0.00655968585960213,0.009164727659113418,0.009936591896005617,-0.01658561973142959,-0.0490145391966336,1.3848411464005475
326163.706153454,APPROACH START,0.6600611910107546,6.119103636592627e-05,0.0067132066834521,0.006329594872967803,0.009398489356831519,0.009398489356831519,-0.015431494087176395,-0.04238910505836557,1.388099336232548,0.007983331124712808,0.00678463493710183,0.009481701359226645,0.010280832150967296,-0.01716844234131521,-0.050752782068222306,1.3842924069842224
326163.716049733,APPROACH START,0.6700615939917043,6.15940080024302e-05,0.0067132066834521,0.006329594872967803,0.009782101167315815,0.009398489356831519,-0.016198717708143212,-0.04469077592126247,1.3877157244220655,0.00825294093556632,0.007012766315516336,0.009803159210628918,0.010629942290662239,-0.01775951000357101,-0.05251561544687997,1.3837359046823323
326163.72603611,APPROACH START,0.6800607549957931,6.075500277802348e-05,0.00709681849393462,0.0067132066834521,0.009782101167315815,0.009782101167315815,-0.016582329518625732,-0.046608834973678626,1.387332112611583,0.00852582832990597,0.007243671033803729,0.010128524950033893,0.010983296480768722,-0.018357763137315655,-0.05429987917910085,1.3831726371119646
326163.735981862,APPROACH START,0.6900541260256432,5.4126023314893246e-05,0.007864042114899661,0.0067132066834521,0.010165712977798336,0.010165712977798336,-0.016965941329108253,-0.047376058594643666,1.3869485008010987,0.008801741953898911,0.007477136407951598,0.01045749888633318,0.011340569250298053,-0.0189626506976079,-0.05610392979751632,1.3826031230932099
326163.745945737,APPROACH START,0.7000598590238951,5.985901225358248e-05,0.007864042114899661,0.00709681849393462,0.010549324788280856,0.010549324788280856,-0.01734955313959255,-0.049294117647058044,1.3861812771801336,0.009081059656789407,0.007713482156551246,0.010790531532087241,0.01170224986557935,-0.019575001046252472,-0.057930237854877345,1.3820265827064744
326163.755950078,APPROACH START,0.710058820026461,5.8820005506277084e-05,0.008247653925383958,0.0074804303044171405,0.010549324788280856,0.010932936598763376,-0.01811677676055759,-0.0512121766994742,1.385797665369651,0.009363121065203185,0.00795214950213213,0.011126835519042139,0.012067483227756175,-0.020193366441621164,-0.059774485525275214,1.381444379030133
326163.765893966,APPROACH START,0.7200622690143064,6.226904224604368e-05,0.008631265735866478,0.0074804303044171405,0.010932936598763376,0.011316548409247673,-0.01850038857104011,-0.05313023575188858,1.3854140535591668,0.009648111641887178,0.00819329537471089,0.011466631975857677,0.012436509487308537,-0.020818153475120713,-0.06163788544974756,1.3808561292500545
326163.776275441,APPROACH START,0.7300603080075234,6.0308026149868965e-05,0.008631265735866478,0.007864042114899661,0.011700160219730193,0.011700160219730193,-0.01888400038152263,-0.055048294804302955,1.3850304417486843,0.009935615793806536,0.00843656811864265,0.011809425387761537,0.012808790504537461,-0.02144845103894395,-0.06351772028922038,1.3802626911928875
326163.786054981,APPROACH START,0.7400579759851098,5.797599442303181e-05,0.009014877546348998,0.008247653925383958,0.012083772030212714,0.012467383840695234,-0.019267612192006928,-0.05696635385671733,1.3842632181277192,0.01022564088761178,0.008681973967247084,0.0121552245380678,0.01318433581831093,-0.022084275283055472,-0.06541403821025475,1.37966404965311
326163.795883394,APPROACH START,0.7500574280275032,5.7428027503192425e-05,0.009398489356831519,0.008247653925383958,0.012467383840695234,0.012467383840695234,-0.02003483581297197,-0.05850080109864919,1.383879606317235,0.0105181128028113,0.008929450203185136,0.01250394105234416,0.013563049452094935,-0.02272546371253137,-0.0673263545788671,1.3790603576230187
326163.806355208,APPROACH START,0.7600720780319534,7.207802264019847e-05,0.009782101167315815,0.008631265735866478,0.012467383840695234,0.012850995651179531,-0.02041844762345449,-0.06041886015106357,1.38311238269627,0.010813290577469836,0.009179216012511584,0.012855883783667806,0.013945266826973307,-0.02337258421851357,-0.0692563631054807,1.3784510804214798
326163.815914948,APPROACH START,0.7700578339863569,5.7833967730402946e-05,0.009782101167315815,0.009014877546348998,0.012850995651179531,0.013234607461662051,-0.021185671244421306,-0.06195330739299543,1.3827287708857874,0.011109729416788902,0.00943004887655079,0.013209330092086705,0.014329117118912112,-0.02402246936625155,-0.07119461705487469,1.3778392002531417
326163.825948163,APPROACH START,0.7800674550235271,6.745499558746815e-05,0.010165712977798336,0.009014877546348998,0.013234607461662051,0.013618219272144572,-0.021952894865386346,-0.0638713664454098,1.3819615472648206,0.011408851425402464,0.009683152114608417,0.013565975563895192,0.014716441771091224,-0.02467823684667362,-0.07315041480350191,1.3772217817481829
326163.83590767,APPROACH START,0.7900578289991245,5.78290200792253e-05,0.010165712977798336,0.009398489356831519,0.013618219272144572,0.014385442893111389,-0.022720118486353164,-0.06578942549782596,1.3811943236438555,0.011709225985525002,0.009937315203942866,0.013924114462502841,0.015105388316890931,-0.025336750305403822,-0.07511440231199552,1.3766017778484427
326163.846184519,APPROACH START,0.8000616590143181,6.165902595967054e-05,0.010549324788280856,0.009782101167315815,0.014385442893111389,0.014769054703593909,-0.023487342107318204,-0.06770748455024034,1.380810711833373,0.012011689514781971,0.010193245882544912,0.014284744055078468,0.015497039809903173,-0.02599984342723644,-0.07709204846482964,1.3759774621021559
326163.855908657,APPROACH START,0.8100580750033259,5.8075005654245615e-05,0.010549324788280856,0.010165712977798336,0.014385442893111389,0.01553627832455895,-0.02425456572828502,-0.06962554360265472,1.3800434882124062,0.012315466146696073,0.010450287648010688,0.014646939270052983,0.015890391602509907,-0.026665815274125072,-0.07907828028888349,1.3753504359773074
326163.865857304,APPROACH START,0.8200568149914034,5.6814984418451786e-05,0.010932936598763376,0.010549324788280856,0.014769054703593909,0.01553627832455895,-0.02463817753876754,-0.0715436026550691,1.3792762645914411,0.01262070305514708,0.010708565032084612,0.015010875583975349,0.016285634266016993,-0.027334988496498465,-0.0810740600749094,1.374720395691915
326163.876149442,APPROACH START,0.8300583509844728,5.8350968174636364e-05,0.011316548409247673,0.010932936598763376,0.014769054703593909,0.01591989013504147,-0.02540540115973436,-0.07346166170748347,1.3785090409704743,0.012927267036233907,0.010967965323773463,0.015376394176809652,0.01668259531844995,-0.028007071070419613,-0.08307851687432337,1.374087616192492
326163.88589001,APPROACH START,0.8400588040240109,5.880399839952588e-05,0.011700160219730193,0.010932936598763376,0.01515266651407643,0.016303501945525767,-0.02578901297021688,-0.07576333257038215,1.3777418173495093,0.0132348898916099,0.011228261586014683,0.015743175273604117,0.01708092747733426,-0.028681475022590087,-0.0850898970825511,1.373452651067934
326163.895883761,APPROACH START,0.8500596890226007,5.968904588371515e-05,0.012083772030212714,0.011316548409247673,0.01553627832455895,0.016303501945525767,-0.02655623659118192,-0.07768139162279653,1.3769745937285425,0.013543467670853708,0.011489365860759439,0.016111094933471744,0.017480496140201255,-0.02935797246170154,-0.08710752102376072,1.3728157148825717
326163.905904112,APPROACH START,0.8600570859853178,5.708599928766489e-05,0.012467383840695234,0.011700160219730193,0.01591989013504147,0.017070725566490808,-0.026939848401666217,-0.0795994506752109,1.3762073701075774,0.013852727945596464,0.011751047631695613,0.01647982833797273,0.017880948547239966,-0.030035966140945305,-0.08912960743554038,1.3721773699565
326163.915980908,APPROACH START,0.8700565980398096,5.659804446622729e-05,0.012850995651179531,0.011700160219730193,0.016687113756008287,0.017454337376973328,-0.027323460212148737,-0.08151750972762706,1.3754401464866106,0.0141626922338768,0.012013325106394353,0.016849401143230063,0.018282312561551693,-0.03071550323448299,-0.09115629701275806,1.3715375718742802
326163.925937089,APPROACH START,0.8800574520137161,5.745200905948877e-05,0.012850995651179531,0.012083772030212714,0.016687113756008287,0.017837949187457625,-0.028090683833113778,-0.08381918059052396,1.3746729228656438,0.014473184734755788,0.012276049530215032,0.017219603740431945,0.018684360543459115,-0.03139619833256388,-0.09318644028773615,1.3708966835070813
326163.936362245,APPROACH START,0.8901054150192067,0.00010541500523686409,0.013234607461662051,0.012467383840695234,0.017070725566490808,0.018221560997940145,-0.028857907454080595,-0.08573723964293833,1.373905699244677,0.014785476029600581,0.012540296010468315,0.01759195105351613,0.019088737732937643,-0.03208083694049287,-0.09522834490787528,1.3702520822446451
326163.947406017,APPROACH START,0.9000640800222754,6.407999899238348e-05,0.014001831082627092,0.012850995651179531,0.017454337376973328,0.018605172808422665,-0.029241519264563115,-0.08803891050583701,1.3727548638132294,0.015095172242686848,0.012802346652310536,0.01796120423065746,0.019489754624241667,-0.03275978633072049,-0.09725328168574712,1.3696128374971208
326163.955974015,APPROACH START,0.9100587120046839,5.87120302952826e-05,0.014001831082627092,0.013234607461662051,0.017454337376973328,0.018988784618905186,-0.030008742885528156,-0.09034058136873391,1.3719876401922626,0.015406014969048993,0.013065367420770808,0.01833182440439695,0.019892256103249073,-0.033441249230822145,-0.09928571489657663,1.368971226228604
326163.965845658,APPROACH START,0.9200562210171483,5.6221033446490765e-05,0.014769054703593909,0.013618219272144572,0.018221560997940145,0.019372396429389482,-0.030392354696012452,-0.09149141680018325,1.3712204165712976,0.01571682266990225,0.013328358552262023,0.018702402816952766,0.02029471222871292,-0.03412263534423123,-0.10131791909446342,1.36832968725633
326163.975894553,APPROACH START,0.9300595900276676,5.9590034652501345e-05,0.014769054703593909,0.014001831082627092,0.018221560997940145,0.019372396429389482,-0.031159578316977493,-0.09379308766308014,1.3700695811398482,0.016027535053134867,0.013591269030381926,0.019072867581576284,0.020697044930078245,-0.03480381249208739,-0.10334950006175371,1.367688345029401
326163.9859564,APPROACH START,0.9400588410208002,5.8841018471866846e-05,0.01515266651407643,0.014001831082627092,0.018221560997940145,0.020139620050354523,-0.03192680193794431,-0.09571114671549452,1.3693023575188832,0.016337689487266497,0.013853707397724069,0.019442667099194774,0.021098655158889725,-0.03548376644383753,-0.10537743290030677,1.3670481544666422
326163.995880461,APPROACH START,0.950057762034703,5.77620230615139e-05,0.01553627832455895,0.014385442893111389,0.018605172808422665,0.020523231860837043,-0.03231041374842683,-0.09839642938887572,1.3685351338979164,0.01664725147083556,0.01411564446074404,0.0198117602334502,0.021499498240177883,-0.036162421561662036,-0.10740149202364303,1.3664091867826085
326164.006059619,APPROACH START,0.9601716169854626,0.00017161696450784802,0.01553627832455895,0.014769054703593909,0.018605172808422665,0.02129045548180386,-0.03307763736939187,-0.1003144884412901,1.3681515220874338,0.016959624425789258,0.01437996003801255,0.020184204910510394,0.021903981169028197,-0.03684723919367595,-0.10944393057526347,1.3657644169653322
326164.015949706,APPROACH START,0.9700555020244792,5.5502052418887615e-05,0.01591989013504147,0.01515266651407643,0.018988784618905186,0.02167406729228638,-0.03384486099035869,-0.10223254749370447,1.367384298466467,0.01726401890946688,0.014637524601124378,0.020547136794895258,0.022298133000456924,-0.03751456556173845,-0.11143420219930955,1.3651361155310746
326164.025952243,APPROACH START,0.9800584909971803,5.8491015806794167e-05,0.016303501945525767,0.014769054703593909,0.018988784618905186,0.0220576791027689,-0.03422847280084121,-0.10415060654612063,1.366617074845502,0.017571050229612348,0.014897320333555156,0.020913212599684095,0.022695699197055556,-0.03818767268667277,-0.11344171467718386,1.3645023713959024
326164.035987332,APPROACH START,0.990058534021955,5.853403126820922e-05,0.016687113756008287,0.01515266651407643,0.019756008239872003,0.0220576791027689,-0.034995696421808026,-0.106068665598535,1.3658498512245352,0.017876804830788337,0.01515603576531945,0.021277766162624705,0.02309161220627063,-0.03885798085078939,-0.11544087937718081,1.363871262539629
326164.0465312,APPROACH START,1.000110183027573,0.00011018302757292986,0.017454337376973328,0.01553627832455895,0.020523231860837043,0.022441290913253198,-0.035379308232290546,-0.10798672465094938,1.3654662394140527,0.018182791525835306,0.015414947584205344,0.021642596452873027,0.023487825747293006,-0.0395287978360847,-0.11744156161402648,1.363239674617801
326164.055884365,APPROACH START,1.0100575769902207,5.757698090746999e-05,0.017454337376973328,0.01591989013504147,0.020523231860837043,0.02282490272373572,-0.03614653185325559,-0.10990478370336376,1.3646990157930876,0.01848412898456458,0.01566992543389934,0.022001883422896402,0.023878019123339898,-0.04018942226483737,-0.11941184499802568,1.3626176831965777
326164.065953527,APPROACH START,1.0201055890065618,0.00010558898793533444,0.017837949187457625,0.01591989013504147,0.02090684367132134,0.02320851453421824,-0.036913755474222404,-0.11143923094529562,1.3639317921721208,0.018786876433697895,0.01592609635239676,0.022362851535324597,0.024270038256192023,-0.04085313782639889,-0.12139134755005129,1.3619927814105461
326164.07586827,APPROACH START,1.0300105339847505,1.0533956810832024e-05,0.018221560997940145,0.016303501945525767,0.02129045548180386,0.02359212634470076,-0.037297367284704924,-0.11335728999771,1.3631645685511558,0.01908355846702273,0.016177134995979305,0.022716587805827294,0.024654203453189576,-0.041503556130226445,-0.12333119161409839,1.3613803992648372
326164.0858562,APPROACH START,1.0400591479847208,5.914800567552447e-05,0.018605172808422665,0.016687113756008287,0.02129045548180386,0.024742961776150096,-0.038064590905669965,-0.11565896086060867,1.3627809567406715,0.01938261876074041,0.016430186013740414,0.02307315969449069,0.025041448192490687,-0.04215918831260754,-0.12528658584225252,1.3607631081457532
326164.095996034,APPROACH START,1.0500562650267966,5.6265038438141346e-05,0.018988784618905186,0.017070725566490808,0.0220576791027689,0.024742961776150096,-0.0392154263371193,-0.11757701991302305,1.3620137331197064,0.01967807942984869,0.01668019119529357,0.023425439723042875,0.025424031879412955,-0.042806929010268016,-0.1272184440633452,1.3601532470210553
326164.106345719,APPROACH START,1.0601846480276436,0.0001846480299718678,0.019372396429389482,0.017070725566490808,0.022441290913253198,0.025126573586632617,-0.03959903814760182,-0.11949507896543743,1.361630121309224,0.019975172214913496,0.01693157739804071,0.023779665736004773,0.025808728947253296,-0.04345824780829474,-0.12916097381184596,1.3595400170416265
326164.115971754,APPROACH START,1.0700584950391203,5.8495032135397196e-05,0.019756008239872003,0.017454337376973328,0.02282490272373572,0.025510185397115137,-0.04036626176856864,-0.12141313801785181,1.360862897688257,0.02026248333369645,0.017174686806241665,0.024122228993015225,0.026180760011318412,-0.04408812218408816,-0.13103954651158076,1.3589469774246514
326164.125929097,APPROACH START,1.080058227002155,5.822698585689068e-05,0.020139620050354523,0.017454337376973328,0.02320851453421824,0.025510185397115137,-0.04113348538953368,-0.12371480888075048,1.3604792858777746,0.020550990558067223,0.017418808303786164,0.02446621837591885,0.02655433987877289,-0.044720618791362576,-0.13292593990169746,1.3583514689230656
326164.135994912,APPROACH START,1.0900589210214093,5.892099579796195e-05,0.020523231860837043,0.017454337376973328,0.02359212634470076,0.025893797207599434,-0.04151709720001798,-0.12563286793316486,1.3597120622568095,0.020836907182168404,0.017660737754948697,0.024807118966193344,0.02692456525100648,-0.04534743600573827,-0.1347953947515899,1.3577613076861388
326164.145955762,APPROACH START,1.1000589940231293,5.899404641240835e-05,0.02090684367132134,0.017837949187457625,0.02359212634470076,0.026661020828564475,-0.04228432082098302,-0.12755092698557924,1.3593284504463252,0.0211200537966656,0.01790032335183094,0.025144716852709244,0.027291203815932353,-0.04596818050675139,-0.1366467380002255,1.357176864033138
326164.157350459,APPROACH START,1.111422042013146,0.0014220420271158218,0.02129045548180386,0.017837949187457625,0.023975738155185056,0.027044632639046995,-0.04266793263146554,-0.1298525978484779,1.3585612268253602,0.02143828464874679,0.01816959561128425,0.025524145945575286,0.02770327197055032,-0.04666584045169864,-0.1387274781869103,1.3565200029153808
326164.165895134,APPROACH START,1.1200202670297585,2.026703441515565e-05,0.02167406729228638,0.018221560997940145,0.024359349965667576,0.02742824444953129,-0.043435156252432355,-0.1317706569008923,1.3581776150148777,0.02167649345110219,0.018371156905584968,0.02580816413299904,0.028011721830010522,-0.0471880674414778,-0.14028499727923413,1.3560283155156472
326164.176065665,APPROACH START,1.130065123026725,6.51230220682919e-05,0.0220576791027689,0.018221560997940145,0.024742961776150096,0.027811856260013812,-0.044202379873397396,-0.13368871595330667,1.3577940032043934,0.021951834061081678,0.018604137421721453,0.026136454860282286,0.028368252619855767,-0.04779169877874055,-0.14208530126756164,1.3554599842565869
326164.185949862,APPROACH START,1.140058032993693,5.803297972306609e-05,0.022441290913253198,0.018605172808422665,0.025126573586632617,0.027811856260013812,-0.04458599168388169,-0.134839551384756,1.3574103913939108,0.022222481255337895,0.018833146586092094,0.026459149591895475,0.02871870603805934,-0.04838504070460997,-0.14385491753769852,1.3549013406889554
326164.195908747,APPROACH START,1.1500580650172196,5.80649939365685e-05,0.02282490272373572,0.018605172808422665,0.025126573586632617,0.028195468070496332,-0.04496960349436421,-0.13675761043717038,1.3566431677729458,0.02248993443361525,0.019059453121557546,0.026778036073687714,0.02906502361505952,-0.04897138036467959,-0.1456036498572044,1.3543492898978957
326164.206309468,APPROACH START,1.1601076910155825,0.00010769104119390249,0.02320851453421824,0.018988784618905186,0.025893797207599434,0.02896269169146315,-0.045736827115329254,-0.13867566948958476,1.3562595559624615,0.0227551800129702,0.01928389168870404,0.027094290418303243,0.029408482634480683,-0.04955288028865008,-0.14733794787606377,1.3538017958174322
326164.215967743,APPROACH START,1.1700580510077998,5.8051024097949266e-05,0.02359212634470076,0.018988784618905186,0.026277409018081954,0.02896269169146315,-0.04650405073629607,-0.14059372854199914,1.355875944151979,0.023014198984155156,0.019503061587398996,0.027403120730100695,0.0297438789946048,-0.0501207295716325,-0.14903153345688855,1.353267154094858
326164.225917452,APPROACH START,1.1800588649930432,5.8865000028163195e-05,0.02359212634470076,0.019372396429389482,0.026661020828564475,0.02972991531242819,-0.04727127435726111,-0.1425117875944153,1.355108720531014,0.02327080166543474,0.0197201869330971,0.02770907008085713,0.03007614656908222,-0.050683281603668535,-0.1507093202191013,1.3527374998424733
326164.236031587,APPROACH START,1.1900607509887777,6.075098644942045e-05,0.02359212634470076,0.019756008239872003,0.027044632639046995,0.03011352712291071,-0.04803849797822793,-0.14442984664682967,1.3547251087205296,0.0235235814532381,0.01993407752277687,0.028010461366314993,0.030403463986622484,-0.05123745267692978,-0.15236211113935413,1.352215736434315
326164.245955177,APPROACH START,1.2000569860101677,5.698599852621555e-05,0.023975738155185056,0.019756008239872003,0.027044632639046995,0.03011352712291071,-0.04880572159919297,-0.14634790569924405,1.3543414969100471,0.02377226342797357,0.020144500732168412,0.028306966797730367,0.030725475261600473,-0.05178264008308064,-0.15398810866647072,1.3517024313326174
326164.255839985,APPROACH START,1.2100555060314946,5.550601053982973e-05,0.024359349965667576,0.019756008239872003,0.027044632639046995,0.030497138933395007,-0.049572945220159786,-0.1478823529411759,1.353574273289082,0.02401694261348646,0.020351536966063934,0.028598699672764974,0.031042303437713328,-0.05231905214362815,-0.15558793411020894,1.3511973883984176
326164.26587885,APPROACH START,1.2200564210070297,5.642103496938944e-05,0.024359349965667576,0.020139620050354523,0.027811856260013812,0.030880750743877527,-0.05034016884112483,-0.1498004119935903,1.3531906614785978,0.024257517765315904,0.020555100556073458,0.028885539276869317,0.03135381741636428,-0.05284646689956195,-0.15716092548755536,1.350700816610667
326164.275862803,APPROACH START,1.230063176015392,6.317603401839733e-05,0.024742961776150096,0.020523231860837043,0.028195468070496332,0.03126436255436005,-0.051107392462091644,-0.15133485923552215,1.3528070496681153,0.024493968873297467,0.020755174570519393,0.02916746175177042,0.031659991286955805,-0.05336484048244462,-0.1587069519628195,1.3502127572723974
326164.285988009,APPROACH START,1.240059852018021,5.985202733427286e-05,0.024742961776150096,0.02090684367132134,0.028579079880978853,0.03164797436484257,-0.051874616083056685,-0.15325291828793652,1.3524234378576327,0.024725828467542968,0.02095136345795789,0.029443909729524678,0.03196021973591473,-0.053873148054444396,-0.16022295700211708,1.3497341752894034
326164.2961637,APPROACH START,1.250076956988778,7.695698877796531e-05,0.025126573586632617,0.02090684367132134,0.02896269169146315,0.032031586175326865,-0.052258227893539205,-0.15478736552986838,1.3516562142366677,0.024953706773475436,0.021144183562977665,0.029715610786598012,0.03225529292692986,-0.054372727417450216,-0.16171293054090638,1.3492638110938249
326164.306043238,APPROACH START,1.2600584350293502,5.843502003699541e-05,0.025510185397115137,0.02129045548180386,0.02896269169146315,0.032031586175326865,-0.05302545151450602,-0.15593820096131772,1.3512726024261834,0.025176252381912314,0.021332491385501178,0.02998095362742661,0.03254346095836737,-0.0548606158667157,-0.1631680364422245,1.3488044541328206
326164.31598428,APPROACH START,1.2700592190376483,5.9219019021838903e-05,0.025510185397115137,0.02129045548180386,0.02934630350194567,0.032415197985809385,-0.05340906332498854,-0.15747264820324958,1.350888990615701,0.025394618648184132,0.021517262841577327,0.03024131340644301,0.03282621727751421,-0.05533934191200394,-0.16459581587554029,1.3483537237626952
326164.32592922,APPROACH START,1.2800577890011482,5.7788973208516836e-05,0.025893797207599434,0.02167406729228638,0.02934630350194567,0.032415197985809385,-0.05455989875643788,-0.15900709544518143,1.3505053788052184,0.02560824538676686,0.021698023928070402,0.030496022210137808,0.03310283651593545,-0.055807677454281474,-0.16599260608935051,1.3479127762638257
326164.335960491,APPROACH START,1.290059455030132,5.9455051086843014e-05,0.026277409018081954,0.0220576791027689,0.02972991531242819,0.032798809796291906,-0.0549435105669204,-0.1609251544975958,1.3501217669947359,0.02581717102541462,0.02187480716077235,0.030745125856217838,0.03337336843264602,-0.056265706739009276,-0.16735865834204747,1.347481532317386
326164.345885414,APPROACH START,1.3000592070166022,5.920702824369073e-05,0.026277409018081954,0.0220576791027689,0.03011352712291071,0.033182421606774426,-0.05532712237740292,-0.16207598992904515,1.3497381551842516,0.02602121993516504,0.022047463930561163,0.030988414940920268,0.03363758561065618,-0.056713044733462135,-0.16869282429041565,1.3470603544395678
326164.355933386,APPROACH START,1.310058168019168,5.8168021496385336e-05,0.026661020828564475,0.022441290913253198,0.030497138933395007,0.03356603341725872,-0.05532712237740292,-0.1628432135500102,1.349354543373769,0.026220351259627805,0.022215959666645038,0.031225840750856645,0.03389543514617849,-0.05714960186786129,-0.16999483679651842,1.3466493269621511
326164.365865281,APPROACH START,1.3200577099923976,5.770998541265726e-05,0.026661020828564475,0.022441290913253198,0.030497138933395007,0.03356603341725872,-0.05609434599836974,-0.16399404898145953,1.348587319752804,0.02641453123285397,0.022380265797836408,0.031457363026626314,0.03414687331663802,-0.057575304116857136,-0.17126447508299725,1.3462485195815177
326164.376032326,APPROACH START,1.3300654769991525,6.54769828543067e-05,0.027044632639046995,0.022441290913253198,0.030880750743877527,0.03394964522774124,-0.05647795780885226,-0.16552849622339139,1.3482037079423197,0.026603845010694925,0.022540454379086444,0.031683083300205916,0.034392010387944906,-0.05799033816827771,-0.17250229593811126,1.345857756527256
326164.386082232,APPROACH START,1.3400580760207959,5.8075995184481144e-05,0.027044632639046995,0.022441290913253198,0.03126436255436005,0.03433325703822376,-0.05686156961933478,-0.16706294346532324,1.3478200961318372,0.026787803408534178,0.022696111484950425,0.03190241831301426,0.03463021292873677,-0.05839363157892532,-0.17370510084706026,1.345478047526588
326164.395888795,APPROACH START,1.3500584210269153,5.842105019837618e-05,0.02742824444953129,0.02282490272373572,0.03126436255436005,0.034716868848706284,-0.057628793240301596,-0.16821377889677258,1.3474364843213547,0.02696678681891795,0.022847558986044385,0.03211582161001031,0.034861973498592685,-0.05878601828630515,-0.1748753769918773,1.345108607410283
326164.405936257,APPROACH START,1.3600575019954704,5.750200944021344e-05,0.02742824444953129,0.02282490272373572,0.03164797436484257,0.034716868848706284,-0.058012405050784116,-0.16974822613870444,1.3470528725108721,0.02714058686374106,0.022994620562433166,0.032323044740376325,0.03508702227458159,-0.059167041461494284,-0.17601176190033616,1.3447498662921225
326164.416915589,APPROACH START,1.3710672309971415,0.0010672310017980635,0.027811856260013812,0.02282490272373572,0.032031586175326865,0.034716868848706284,-0.058396016861266636,-0.170899061570152,1.3466692607003878,0.027325940238226997,0.023151458033152033,0.0325440429945711,0.035327031131287746,-0.05957339309017501,-0.17722368781043657,1.3443672779165807
326164.426029017,APPROACH START,1.3800663159927353,6.631598807871342e-05,0.027811856260013812,0.02282490272373572,0.032415197985809385,0.034716868848706284,-0.05877962867174916,-0.17243350881208386,1.3462856488899053,0.027472733731619153,0.023275667912176164,0.032719066005923295,0.035517109885551956,-0.05989520959491937,-0.17818349142107764,1.3440642810904764
326164.435963298,APPROACH START,1.3900596770108677,5.9676996897906065e-05,0.027811856260013812,0.02320851453421824,0.032415197985809385,0.035100480659188804,-0.05916324048223345,-0.1735843442435332,1.3459020370794228,0.027630756181710625,0.023409379216099716,0.032907477388724675,0.03572172869913195,-0.06024164342781222,-0.17921671513321424,1.343738106546057
326164.445948123,APPROACH START,1.4000595100224018,5.950999911874533e-05,0.028195468070496332,0.02320851453421824,0.032798809796291906,0.035100480659188804,-0.059546852292715974,-0.17473517967498253,1.3459020370794228,0.02778360452578059,0.023538712430312757,0.033089719645115784,0.03591964770876101,-0.06057673402827331,-0.18021610815213326,1.3434226118871433
326164.45591228,APPROACH START,1.4100559070357122,5.590706132352352e-05,0.028195468070496332,0.02320851453421824,0.032798809796291906,0.035100480659188804,-0.060314075913681015,-0.17588601510643187,1.345134813458456,0.02793110917707929,0.023663524058334735,0.0332655905755104,0.0361106473213401,-0.060900109609966634,-0.18118056164139407,1.3431181471581806
326164.465918445,APPROACH START,1.420058556017466,5.855603376403451e-05,0.028195468070496332,0.02359212634470076,0.033182421606774426,0.0354840924696731,-0.060314075913681015,-0.17703685053787943,1.345134813458456,0.02807340071628946,0.02378392459151257,0.03343524587226099,0.03629489662211225,-0.0612120564459274,-0.1821109293977683,1.3428244428272467
326164.475906556,APPROACH START,1.430057357007172,5.7357014156877995e-05,0.028579079880978853,0.02359212634470076,0.033182421606774426,0.0354840924696731,-0.06069768772416531,-0.17818768596932877,1.345134813458456,0.028210329152702034,0.023899787114630897,0.03359850670029137,0.036472201392338796,-0.06151224571037037,-0.18300623071277364,1.342541808490549
326164.485897813,APPROACH START,1.4400588130229153,5.881302058696747e-05,0.028579079880978853,0.02359212634470076,0.032798809796291906,0.0354840924696731,-0.06108129953464783,-0.1793385214007781,1.3447512016479735,0.028341985934441632,0.024011189006872092,0.03375548209390397,0.03664268004561699,-0.06180087788572257,-0.18386706351645565,1.3422700553897786
326164.496561096,APPROACH START,1.4500374569906853,3.745697904378176e-05,0.028579079880978853,0.023975738155185056,0.033182421606774426,0.03586770428015562,-0.06146491134513035,-0.18048935683222567,1.3439839780270084,0.02846805922335068,0.02411786640517975,0.03390580024606476,0.03680592879151205,-0.06207726932679242,-0.18469138886701483,1.3420098271908767
326164.505893913,APPROACH START,1.4600585399894044,5.853996844962239e-05,0.028579079880978853,0.023975738155185056,0.03356603341725872,0.03625131609063814,-0.06184852315561287,-0.181640192263675,1.3439839780270084,0.028589371315345086,0.02422051509840578,0.03405044158651963,0.0369630123978125,-0.0623432227592417,-0.1854845833146706,1.3417594265907342
326164.515982693,APPROACH START,1.4700561490026303,5.6149030569940805e-05,0.028579079880978853,0.024359349965667576,0.03356603341725872,0.03625131609063814,-0.06223213496609717,-0.18317463950560686,1.3436003662165241,0.02870512891463854,0.024318463836269472,0.03418846026260029,0.03711290364817967,-0.06259699903461582,-0.18624145992543553,1.3415204910332184
326164.525951087,APPROACH START,1.4800583359901793,5.83360088057816e-05,0.028579079880978853,0.024359349965667576,0.03394964522774124,0.03663492790112066,-0.06223213496609717,-0.18394186312657368,1.3432167544060416,0.028815697731209483,0.024412022065675654,0.03432029231312719,0.03725607609014974,-0.06283939990171367,-0.1869644098799379,1.3412922656554245
326164.536019899,APPROACH START,1.4900608850293793,6.088503869250417e-05,0.02896269169146315,0.024359349965667576,0.03433325703822376,0.03663492790112066,-0.06261574677657969,-0.18394186312657368,1.3432167544060416,0.02892105965587275,0.02450117446346765,0.034445916146379554,0.03739250627464962,-0.0630703856596293,-0.187653314771967,1.341074787836568
326164.545933261,APPROACH START,1.500058664008975,5.866400897502899e-05,0.02934630350194567,0.024742961776150096,0.034716868848706284,0.03663492790112066,-0.06261574677657969,-0.18509269855802124,1.3432167544060416,0.029021202951688106,0.024585911098388334,0.03456531776831325,0.03752217900384643,-0.06328993057737836,-0.1883080978599905,1.340868081802898
326164.555933986,APPROACH START,1.5100577659904957,5.7765981182456017e-05,0.02934630350194567,0.024742961776150096,0.034716868848706284,0.03663492790112066,-0.06299935858706221,-0.18585992217898806,1.3424495307850766,0.02911623682895668,0.02466632437915405,0.0346786273912104,0.03764523569107882,-0.06349827407754409,-0.18892947321136197,1.3406719221331513
326164.565899555,APPROACH START,1.5200575290364213,5.752901779487729e-05,0.02934630350194567,0.025126573586632617,0.035100480659188804,0.03701853971160496,-0.06299935858706221,-0.1870107576104374,1.3424495307850766,0.029206205727201034,0.02474245190843773,0.034785898000655596,0.03776173387983113,-0.06369551358523365,-0.18951773139219047,1.3404862170995957
326164.576211371,APPROACH START,1.5300804349826649,8.04349547252059e-05,0.02972991531242819,0.024742961776150096,0.035100480659188804,0.03701853971160496,-0.06338297039754473,-0.18739436942091992,1.342065918974594,0.029291353170901188,0.024814499745414782,0.034887419952759624,0.037871988903083895,-0.06388218298103783,-0.19007446467792227,1.3403104640427275
326164.585926482,APPROACH START,1.5400571150239557,5.711504491046071e-05,0.02972991531242819,0.025126573586632617,0.035100480659188804,0.03740215152208748,-0.06338297039754473,-0.18816159304188496,1.342065918974594,0.029371173152976278,0.02488203973024755,0.03498258993138762,0.037975345546540105,-0.06405717294174093,-0.190596364560721,1.3401457074130596
326164.595848721,APPROACH START,1.5500570689910091,5.706900265067816e-05,0.02972991531242819,0.025126573586632617,0.035100480659188804,0.03740215152208748,-0.06338297039754473,-0.18854520485236748,1.3416823071641097,0.029446311848367924,0.024945618626348174,0.03507217837589305,0.038072640523906215,-0.064221900081638,-0.19108765603058944,1.3399906134392383
326164.605949102,APPROACH START,1.5600578740122728,5.787401460111141e-05,0.02972991531242819,0.025126573586632617,0.035100480659188804,0.03740215152208748,-0.06376658220802903,-0.1893124284733343,1.3416823071641097,0.029516663488702886,0.025005146937400833,0.035156059177830885,0.03816373687869892,-0.0643761325239108,-0.1915476475250873,1.339845400438034
326164.615969283,APPROACH START,1.5700600710115395,6.0071004554629326e-05,0.02972991531242819,0.025126573586632617,0.035100480659188804,0.03778576333257,-0.06376658220802903,-0.1896960402838168,1.3412986953536272,0.029582318003055722,0.025060700757237847,0.0352343395603285,0.03824875105754042,-0.06452006742076127,-0.19197692704200972,1.3397098827866134
326164.625919203,APPROACH START,1.5800603849929757,6.038497667759657e-05,0.03011352712291071,0.025126573586632617,0.0354840924696731,0.03778576333257,-0.06415019401851155,-0.19007965209429933,1.3409150835431447,0.029643349387070125,0.025112342697557726,0.035307107748961064,0.038327778875302664,-0.06465386699340823,-0.19237597839902698,1.3395839077503786
326164.636073214,APPROACH START,1.5900601890170947,6.0188991483300924e-05,0.02972991531242819,0.025126573586632617,0.0354840924696731,0.03778576333257,-0.06415019401851155,-0.19046326390478363,1.3409150835431447,0.029699870340496308,0.025160168119687572,0.03537449811650767,0.03840096626371349,-0.06477777831438103,-0.19274553847912126,1.3394672427054861
326164.645921183,APPROACH START,1.6000579280080274,5.792803131043911e-05,0.03011352712291071,0.025126573586632617,0.0354840924696731,0.03778576333257,-0.06415019401851155,-0.19123048752574867,1.3405314717326622,0.02975198407700361,0.025204264358270674,0.03543663372542022,0.03846844687124218,-0.06489202765980089,-0.1930862821408998,1.3393596746083365
326164.655963226,APPROACH START,1.610058702994138,5.8703008107841015e-05,0.03011352712291071,0.025126573586632617,0.0354840924696731,0.03778576333257,-0.06453380582899407,-0.19123048752574867,1.3405314717326622,0.02979983461085555,0.025244753271530005,0.03549368628501292,0.03853040717789662,-0.06499693075324553,-0.19339915101608557,1.3392609061987188
326164.66593174,APPROACH START,1.6200564919854514,5.6491990108042955e-05,0.03011352712291071,0.025126573586632617,0.0354840924696731,0.03778576333257,-0.06453380582899407,-0.1919977111467155,1.3401478599221779,0.029843518990755744,0.0252817169775994,0.03554577150720162,0.038586972849305845,-0.06509270035533442,-0.19368477965389455,1.3391707371581556
326164.677326438,APPROACH START,1.6300589400343597,5.8940029703080654e-05,0.02972991531242819,0.025126573586632617,0.0354840924696731,0.03778576333257,-0.06453380582899407,-0.192381322957198,1.3401478599221779,0.029883203552466726,0.025315296222124077,0.03559308771539548,0.03863835926895724,-0.06517970112523927,-0.19394425563431253,1.3390888241525727
326164.686180282,APPROACH START,1.6400664880056866,6.648799171671271e-05,0.03011352712291071,0.025126573586632617,0.0354840924696731,0.03778576333257,-0.06491741763947659,-0.19276493476768053,1.3401478599221779,0.029919026413303584,0.025345607873601416,0.035635799587931734,0.03868474528106651,-0.06525823585861237,-0.19417848203209198,1.3390148820936658
326164.696055502,APPROACH START,1.6500577550032176,5.775497993454337e-05,0.03011352712291071,0.025510185397115137,0.0354840924696731,0.03778576333257,-0.06491741763947659,-0.19314854657816305,1.3401478599221779,0.029951067659473012,0.02537271969728324,0.03567400261221067,0.03872623458700385,-0.06532848012906074,-0.1943879824878152,1.3389487456752904
326164.705953575,APPROACH START,1.6600580590311438,5.8059056755155325e-05,0.02972991531242819,0.025510185397115137,0.03586770428015562,0.03778576333257,-0.06530102944996088,-0.19353215838864735,1.3401478599221779,0.029979571045984914,0.025396837947408695,0.03570798741920563,0.03876314281825644,-0.0653909683225676,-0.19457435078423918,1.3388899117621058
326164.715962566,APPROACH START,1.670058454037644,5.8454053942114115e-05,0.03011352712291071,0.025510185397115137,0.03586770428015562,0.03778576333257,-0.06491741763947659,-0.19353215838864735,1.3397642481116954,0.03000467317677686,0.025418078211924957,0.03573791688284218,0.038795646859410116,-0.06544599991699611,-0.19473848010095576,1.3388380983895736
326164.725947541,APPROACH START,1.680055862001609,5.58620085939765e-05,0.03011352712291071,0.025510185397115137,0.03586770428015562,0.03816937514305252,-0.06530102944996088,-0.19391577019912987,1.3397642481116954,0.03002654329667341,0.025436583697991268,0.03576399279502653,0.03882396586081462,-0.06549394594907701,-0.1948814770387409,1.338792956219018
326164.736019159,APPROACH START,1.6900587510317564,5.8751029428094625e-05,0.03011352712291071,0.025510185397115137,0.03586770428015562,0.03816937514305252,-0.06491741763947659,-0.1942993820096124,1.3397642481116954,0.030045383018838658,0.025452525001361862,0.035786455540685096,0.038848360885669626,-0.06553524841690082,-0.19500465983751367,1.3387540691001896
326164.745910519,APPROACH START,1.7000596770085394,5.9676996897906065e-05,0.03011352712291071,0.025510185397115137,0.03586770428015562,0.03816937514305252,-0.06530102944996088,-0.1942993820096124,1.3397642481116954,0.030061369793986614,0.025466052272640902,0.0358055166956692,0.03886906170989967,-0.06557029634703287,-0.1951091887519426,1.338721070756615
326164.756192199,APPROACH START,1.7100680060102604,6.800598930567503e-05,0.03011352712291071,0.025510185397115137,0.03586770428015562,0.03816937514305252,-0.06530102944996088,-0.1946829938200949,1.3397642481116954,0.030074718519191284,0.025477347347814084,0.035821432483413226,0.0388863465976647,-0.06559956085998159,-0.19519646887828085,1.3386935176186925
326164.765883836,APPROACH START,1.7200559169868939,5.5917014833539724e-05,0.03011352712291071,0.025510185397115137,0.03586770428015562,0.038552986953536816,-0.06530102944996088,-0.1946829938200949,1.3393806363012128,0.030085607850139133,0.02548656139707765,0.03583441591646643,0.03890044688517409,-0.06562343362398264,-0.19526766834986295,1.3386710409227618
326164.775938041,APPROACH START,1.7300580840092152,5.80840278416872e-05,0.030497138933395007,0.025510185397115137,0.03586770428015562,0.038552986953536816,-0.06530102944996088,-0.1950666056305792,1.3397642481116954,0.030094297795454465,0.02549391442772908,0.035844777005111635,0.03891169925026189,-0.06564248465794317,-0.19532448722307857,1.3386531039843543
326164.78599988,APPROACH START,1.740057936985977,5.7936995290219784e-05,0.03011352712291071,0.025510185397115137,0.03586770428015562,0.038552986953536816,-0.0656846412604434,-0.1946829938200949,1.3397642481116954,0.030100999190785994,0.025499584839163456,0.035852767130314614,0.038920376698062975,-0.06565717617847769,-0.1953683040387078,1.3386392716170676
326164.796031813,APPROACH START,1.7500597540056333,5.975400563329458e-05,0.030497138933395007,0.025510185397115137,0.03586770428015562,0.038552986953536816,-0.0656846412604434,-0.1950666056305792,1.3393806363012128,0.030105953697974343,0.025503777114476673,0.03585867442734687,0.03892679214967866,-0.0656680379826983,-0.19540069889340086,1.3386290450060763
326164.805948281,APPROACH START,1.7600581250153482,5.8125006034970284e-05,0.030497138933395007,0.025510185397115137,0.03586770428015562,0.038552986953536816,-0.0656846412604434,-0.1950666056305792,1.3393806363012128,0.030109407040269116,0.02550669917334148,0.03586279187392911,0.03893126378521419,-0.0656756087715753,-0.19542327843917437,1.3386219169533908
326164.815922637,APPROACH START,1.7700588600127958,5.8859994169324636e-05,0.030497138933395007,0.025510185397115137,0.03625131609063814,0.038552986953536816,-0.0656846412604434,-0.1950666056305792,1.3393806363012128,0.03011161910364553,0.02550857091927537,0.035865429334108676,0.03893412812368878,-0.06568045829513128,-0.1954377419304817,1.3386173510277037
326164.826230805,APPROACH START,1.7800717470236123,7.174699567258358e-05,0.030497138933395007,0.025510185397115137,0.03625131609063814,0.038552986953536816,-0.0656846412604434,-0.1950666056305792,1.3389970244907303,0.030112857286015756,0.025509618612050176,0.035866905628473174,0.0389357314111169,-0.06568317277186601,-0.19544583773828703,1.3386147952922984
326164.835970934,APPROACH START,1.7900589969940484,5.899701500311494e-05,0.030497138933395007,0.025510185397115137,0.03625131609063814,0.038552986953536816,-0.0656846412604434,-0.1950666056305792,1.3389970244907303,0.03011339564057773,0.025510074142833385,0.035867547512758606,0.03893642851125484,-0.06568435301071342,-0.19544935774888456,1.3386136840732668
326164.845895366,APPROACH START,1.8000583190005273,5.831901216879487e-05,0.030497138933395007,0.025510185397115137,0.03625131609063814,0.03893659876401934,-0.0656846412604434,-0.1950666056305792,1.3389970244907303,0.030113524406397647,0.02551018309852716,0.035867701041236204,0.03893659524648319,-0.06568463530501092,-0.19545019967924554,1.3386134182874077
326164.855996428,APPROACH START,1.8038252703571256,6.080802995711565e-05,0.030497138933395007,0.025510185397115137,0.03625131609063814,0.038552986953536816,-0.0656846412604434,-0.19545021744106172,1.3389970244907303,0.03011352712291071,0.025510185397115137,0.03586770428015562,0.03893659876401934,-0.0656846412604434,-0.19545021744106172,1.338613412680246
326164.856339229,APPROACH START SETTLED,0,0,0.030497138933395007,0.025510185397115137,0.03625131609063814,0.038552986953536816,-0.0656846412604434,-0.19545021744106172,1.3389970244907303,0.03011352712291071,0.025510185397115137,0.03586770428015562,0.03893659876401934,-0.0656846412604434,-0.19545021744106172,1.338613412680246
326164.876608198,APPROACH START SETTLED,0,0,0.030497138933395007,0.025510185397115137,0.03663492790112066,0.03893659876401934,-0.0656846412604434,-0.19545021744106172,1.3389970244907303,0.03011352712291071,0.025510185397115137,0.03586770428015562,0.03893659876401934,-0.0656846412604434,-0.19545021744106172,1.338613412680246
326164.89722682,APPROACH START SETTLED,0,0,0.030497138933395007,0.025510185397115137,0.03625131609063814,0.03893659876401934,-0.0656846412604434,-0.19545021744106172,1.3389970244907303,0.03011352712291071,0.025510185397115137,0.03586770428015562,0.03893659876401934,-0.0656846412604434,-0.19545021744106172,1.338613412680246
326164.917784248,APPROACH START SETTLED,0,0,0.030497138933395007,0.025893797207599434,0.03625131609063814,0.03893659876401934,-0.0656846412604434,-0.19545021744106172,1.3393806363012128,0.03011352712291071,0.025510185397115137,0.03586770428015562,0.03893659876401934,-0.0656846412604434,-0.19545021744106172,1.338613412680246
326164.938849855,APPROACH START SETTLED,0,0,0.030497138933395007,0.025510185397115137,0.03625131609063814,0.03893659876401934,-0.0656846412604434,-0.19545021744106172,1.3389970244907303,0.03011352712291071,0.025510185397115137,0.03586770428015562,0.03893659876401934,-0.0656846412604434,-0.19545021744106172,1.338613412680246
326164.959848938,APPROACH START SETTLED,0,0,0.030497138933395007,0.025510185397115137,0.03625131609063814,0.03893659876401934,-0.0656846412604434,-0.19545021744106172,1.3389970244907303,0.03011352712291071,0.025510185397115137,0.03586770428015562,0.03893659876401934,-0.0656846412604434,-0.19545021744106172,1.338613412680246
326164.981882492,APPROACH START SETTLED,0,0,0.030497138933395007,0.025893797207599434,0.03625131609063814,0.03893659876401934,-0.0656846412604434,-0.19545021744106172,1.3389970244907303,0.03011352712291071,0.025510185397115137,0.03586770428015562,0.03893659876401934,-0.0656846412604434,-0.19545021744106172,1.338613412680246
326165.003900097,APPROACH START SETTLED,0,0,0.030497138933395007,0.025510185397115137,0.03625131609063814,0.03893659876401934,-0.0656846412604434,-0.19545021744106172,1.3389970244907303,0.03011352712291071,0.025510185397115137,0.03586770428015562,0.03893659876401934,-0.0656846412604434,-0.19545021744106172,1.338613412680246
326165.025820089,APPROACH START SETTLED,0,0,0.030497138933395007,0.025510185397115137,0.03625131609063814,0.03893659876401934,-0.0656846412604434,-0.19545021744106172,1.3389970244907303,0.03011352712291071,0.025510185397115137,0.03586770428015562,0.03893659876401934,-0.0656846412604434,-0.19545021744106172,1.338613412680246
326165.047965302,APPROACH START SETTLED,0,0,0.030497138933395007,0.025510185397115137,0.03625131609063814,0.03893659876401934,-0.0656846412604434,-0.19545021744106172,1.3389970244907303,0.03011352712291071,0.025510185397115137,0.03586770428015562,0.03893659876401934,-0.0656846412604434,-0.19545021744106172,1.338613412680246
326165.068765553,APPROACH START SETTLED,0,0,0.030497138933395007,0.025893797207599434,0.03625131609063814,0.03893659876401934,-0.0656846412604434,-0.19545021744106172,1.3389970244907303,0.03011352712291071,0.025510185397115137,0.03586770428015562,0.03893659876401934,-0.0656846412604434,-0.19545021744106172,1.338613412680246
326165.08945115,APPROACH START SETTLED,0,0,0.03011352712291071,0.025893797207599434,0.03625131609063814,0.03893659876401934,-0.0656846412604434,-0.19583382925154424,1.3389970244907303,0.03011352712291071,0.025510185397115137,0.03586770428015562,0.03893659876401934,-0.0656846412604434,-0.19545021744106172,1.338613412680246
326165.109553107,APPROACH START SETTLED,0,0,0.030497138933395007,0.025510185397115137,0.03625131609063814,0.03893659876401934,-0.0656846412604434,-0.19545021744106172,1.3389970244907303,0.03011352712291071,0.025510185397115137,0.03586770428015562,0.03893659876401934,-0.0656846412604434,-0.19545021744106172,1.338613412680246
326165.131448123,APPROACH START SETTLED,0,0,0.03011352712291071,0.025893797207599434,0.03625131609063814,0.03893659876401934,-0.0656846412604434,-0.19545021744106172,1.3389970244907303,0.03011352712291071,0.025510185397115137,0.03586770428015562,0.03893659876401934,-0.0656846412604434,-0.19545021744106172,1.338613412680246
326165.153353067,APPROACH START SETTLED,0,0,0.030497138933395007,0.025510185397115137,0.03625131609063814,0.03893659876401934,-0.0656846412604434,-0.19545021744106172,1.338613412680246,0.03011352712291071,0.025510185397115137,0.03586770428015562,0.03893659876401934,-0.0656846412604434,-0.19545021744106172,1.338613412680246
326165.173855403,APPROACH START SETTLED,0,0,0.030497138933395007,0.025510185397115137,0.03625131609063814,0.03893659876401934,-0.0656846412604434,-0.1950666056305792,1.3389970244907303,0.03011352712291071,0.025510185397115137,0.03586770428015562,0.03893659876401934,-0.0656846412604434,-0.19545021744106172,1.338613412680246
326165.196065116,APPROACH START SETTLED,0,0,0.030497138933395007,0.025510185397115137,0.03625131609063814,0.03893659876401934,-0.0656846412604434,-0.19545021744106172,1.3389970244907303,0.03011352712291071,0.025510185397115137,0.03586770428015562,0.03893659876401934,-0.0656846412604434,-0.19545021744106172,1.338613412680246
326165.216065143,APPROACH START SETTLED,0,0,0.03011352712291071,0.025893797207599434,0.03625131609063814,0.03893659876401934,-0.0656846412604434,-0.1950666056305792,1.338613412680246,0.03011352712291071,0.025510185397115137,0.03586770428015562,0.03893659876401934,-0.0656846412604434,-0.19545021744106172,1.338613412680246
326165.236560986,APPROACH START SETTLED,0,0,0.030497138933395007,0.025510185397115137,0.03625131609063814,0.03893659876401934,-0.0656846412604434,-0.19545021744106172,1.338613412680246,0.03011352712291071,0.025510185397115137,0.03586770428015562,0.03893659876401934,-0.0656846412604434,-0.19545021744106172,1.338613412680246
326165.258820723,APPROACH START SETTLED,0,0,0.030497138933395007,0.025510185397115137,0.03625131609063814,0.03893659876401934,-0.0656846412604434,-0.19545021744106172,1.3389970244907303,0.03011352712291071,0.025510185397115137,0.03586770428015562,0.03893659876401934,-0.0656846412604434,-0.19545021744106172,1.338613412680246
326165.279067581,APPROACH START SETTLED,0,0,0.030497138933395007,0.025510185397115137,0.03625131609063814,0.03893659876401934,-0.0656846412604434,-0.19545021744106172,1.338613412680246,0.03011352712291071,0.025510185397115137,0.03586770428015562,0.03893659876401934,-0.0656846412604434,-0.19545021744106172,1.338613412680246
326165.301192035,APPROACH START SETTLED,0,0,0.03011352712291071,0.025510185397115137,0.03625131609063814,0.03932021057450186,-0.0656846412604434,-0.19545021744106172,1.3389970244907303,0.03011352712291071,0.025510185397115137,0.03586770428015562,0.03893659876401934,-0.0656846412604434,-0.19545021744106172,1.338613412680246
326165.322497941,APPROACH START SETTLED,0,0,0.030497138933395007,0.025893797207599434,0.03625131609063814,0.03893659876401934,-0.0656846412604434,-0.1950666056305792,1.3389970244907303,0.03011352712291071,0.025510185397115137,0.03586770428015562,0.03893659876401934,-0.0656846412604434,-0.19545021744106172,1.338613412680246
326165.344540021,APPROACH START SETTLED,0,0,0.030497138933395007,0.025893797207599434,0.03625131609063814,0.03893659876401934,-0.0656846412604434,-0.19545021744106172,1.3389970244907303,0.03011352712291071,0.025510185397115137,0.03586770428015562,0.03893659876401934,-0.0656846412604434,-0.19545021744106172,1.338613412680246
326165.365716094,APPROACH START SETTLED,0,0,0.03011352712291071,0.025510185397115137,0.03586770428015562,0.03893659876401934,-0.0656846412604434,-0.19545021744106172,1.3389970244907303,0.03011352712291071,0.025510185397115137,0.03586770428015562,0.03893659876401934,-0.0656846412604434,-0.19545021744106172,1.338613412680246
326165.387827635,APPROACH START SETTLED,0,0,0.030497138933395007,0.025510185397115137,0.03586770428015562,0.03893659876401934,-0.0656846412604434,-0.19545021744106172,1.3389970244907303,0.03011352712291071,0.025510185397115137,0.03586770428015562,0.03893659876401934,-0.0656846412604434,-0.19545021744106172,1.338613412680246
326165.408193107,APPROACH START SETTLED,0,0,0.030497138933395007,0.025893797207599434,0.03625131609063814,0.03893659876401934,-0.0656846412604434,-0.1950666056305792,1.338613412680246,0.03011352712291071,0.025510185397115137,0.03586770428015562,0.03893659876401934,-0.0656846412604434,-0.19545021744106172,1.338613412680246
326165.430151663,APPROACH START SETTLED,0,0,0.03011352712291071,0.025893797207599434,0.03625131609063814,0.03893659876401934,-0.0656846412604434,-0.1950666056305792,1.3389970244907303,0.03011352712291071,0.025510185397115137,0.03586770428015562,0.03893659876401934,-0.0656846412604434,-0.19545021744106172,1.338613412680246
326165.450704294,APPROACH START SETTLED,0,0,0.030497138933395007,0.025510185397115137,0.03586770428015562,0.03893659876401934,-0.0656846412604434,-0.19545021744106172,1.338613412680246,0.03011352712291071,0.025510185397115137,0.03586770428015562,0.03893659876401934,-0.0656846412604434,-0.19545021744106172,1.338613412680246
326165.459235285,PLAYBACK,2.1239975467324257e-06,2.1239975467324257e-06,0.030497138933395007,0.025893797207599434,0.03586770428015562,0.03893659876401934,-0.0656846412604434,-0.19545021744106172,1.338613412680246,0.030113527122910686,0.02551018539711514,0.035867704280155635,0.038936598764019406,-0.06568464126044342,-0.19545021744106175,1.3386134126802463
326165.46506942,PLAYBACK,0.0059394920244812965,0.0009394920198246837,0.030497138933395007,0.025510185397115137,0.03586770428015562,0.03893659876401934,-0.0656846412604434,-0.1950666056305792,1.338613412680246,0.030112865446738028,0.025510195578949634,0.035867700804983575,0.03893771531653496,-0.06568456901099208,-0.19545021965812065,1.3386130379421626
326165.471289986,PLAYBACK,0.010058574029244483,5.857401993125677e-05,0.03011352712291071,0.025893797207599434,0.03625131609063814,0.03893659876401934,-0.0656846412604434,-0.19545021744106172,1.3389970244907303,0.030110398239709516,0.02551023352536628,0.03586768785351717,0.038941879253769726,-0.06568429977502781,-0.19545022791500175,1.338611639717839
326165.474131432,PLAYBACK,0.015056668024044484,5.666801007464528e-05,0.030497138933395007,0.025510185397115137,0.03625131609063814,0.03893659876401934,-0.0656846412604434,-0.19545021744106172,1.338613412680246,0.030103370888332412,0.02551034154249509,0.03586765098647471,0.038953741579153156,-0.06568353347611089,-0.19545025139846672,1.3386076539053133
326165.484206778,PLAYBACK,0.02087207802105695,0.0008720780024304986,0.030497138933395007,0.025510185397115137,0.03586770428015562,0.03893659876401934,-0.0656846412604434,-0.1950666056305792,1.338613412680246,0.030087496013959412,0.025510585367425512,0.035867567767810485,0.03898054490571258,-0.06568180400962172,-0.19545030434936783,1.3385986406650636
326165.493339512,PLAYBACK,0.03003386699128896,3.386696334928274e-05,0.030497138933395007,0.025510185397115137,0.03625131609063814,0.03893659876401934,-0.0656846412604434,-0.19545021744106172,1.338613412680246,0.0300406096257702,0.02551130464760572,0.035867322276419034,0.03905973673018322,-0.0656767034107826,-0.19545046028907856,1.338571977835826
326165.49631554,PLAYBACK,0.035058911016676575,5.891104228794575e-05,0.03011352712291071,0.025893797207599434,0.03586770428015562,0.03893659876401934,-0.0656846412604434,-0.19545021744106172,1.3389970244907303,0.030001457906723265,0.025511904593143443,0.03586711751600136,0.039125886974860254,-0.0656724500768564,-0.1954505901473564,1.3385496800262269
326165.506477357,PLAYBACK,0.04308052099077031,0.003080521011725068,0.03011352712291071,0.025893797207599434,0.03625131609063814,0.03893659876401934,-0.0656846412604434,-0.19545021744106172,1.338613412680246,0.029916811756054332,0.02551320009465804,0.035866675367584124,0.03926895631730992,-0.06566326798802881,-0.19545087006880335,1.338501394003722
326165.514560181,PLAYBACK,0.05120137601625174,0.001201376027893275,0.030497138933395007,0.025510185397115137,0.03625131609063814,0.03893659876401934,-0.0656846412604434,-0.19545021744106172,1.3389970244907303,0.02980157751404053,0.025514960895192913,0.035866074421700554,0.03946381988991346,-0.0656507923568119,-0.1954512496458801,1.3384355186524373
326165.523875807,PLAYBACK,0.06055387103697285,0.000553871039301157,0.030497138933395007,0.025510185397115137,0.03625131609063814,0.03893659876401934,-0.0656846412604434,-0.19545021744106172,1.338613412680246,0.02963076938103469,0.025517565757004566,0.03586518541615949,0.039752829075624455,-0.06563234418853164,-0.19545180959145358,1.3383376213991791
326165.533385416,PLAYBACK,0.0700581599958241,5.815998883917928e-05,0.030497138933395007,0.025510185397115137,0.03625131609063814,0.03893659876401934,-0.06530102944996088,-0.19545021744106172,1.3389970244907303,0.02941553880111615,0.025520840314020275,0.035864067867163264,0.04011725751836535,-0.0656091649474533,-0.19545251108908956,1.3382138816500255
326165.536273199,PLAYBACK,0.07507493800949305,7.493799785152078e-05,0.030497138933395007,0.025510185397115137,0.03625131609063814,0.03893659876401934,-0.0656846412604434,-0.19545021744106172,1.338613412680246,0.029285477565460502,0.02552281515755155,0.03586339389423241,0.04033760693157158,-0.06559519185614465,-0.19545293293165086,1.3381389136158044
326165.546110068,PLAYBACK,0.0822037510224618,0.0022037510061636567,0.03011352712291071,0.025893797207599434,0.03625131609063814,0.03893659876401934,-0.06530102944996088,-0.19545021744106172,1.338613412680246,0.029081968597558964,0.025525899490531394,0.035862341284025094,0.04068258053396474,-0.06557337730813916,-0.19545358998528173,1.3380213275019102
326165.554531956,PLAYBACK,0.09005814901320264,5.814898759126663e-05,0.03011352712291071,0.025510185397115137,0.03625131609063814,0.03893659876401934,-0.06530102944996088,-0.19545021744106172,1.338613412680246,0.02883371975536005,0.02552965257094607,0.0358610604575379,0.04110370118966397,-0.06554684719502916,-0.19545438659963282,1.337877432502018
326165.559190335,PLAYBACK,0.10005878400988877,5.878403317183256e-05,0.03011352712291071,0.025510185397115137,0.03625131609063814,0.03932021057450186,-0.06530102944996088,-0.19545021744106172,1.338613412680246,0.02848413902630457,0.025534920345980434,0.03585926272217697,0.04169728666540595,-0.06550963636140593,-0.19545549933391992,1.3376739526778947
326165.56861213,PLAYBACK,0.10506446199724451,6.446201587095857e-05,0.03011352712291071,0.025510185397115137,0.03625131609063814,0.03932021057450186,-0.06530102944996088,-0.19545021744106172,1.338613412680246,0.02829626010368809,0.025537743089833167,0.035858299408819225,0.04201657952088225,-0.06548970976464868,-0.19545609297720223,1.3375641828843234
326165.576888696,PLAYBACK,0.1113637660164386,0.001363766030408442,0.03011352712291071,0.025510185397115137,0.03625131609063814,0.040087434195468674,-0.06530102944996088,-0.19545021744106172,1.338613412680246,0.02804862190622028,0.02554145465850729,0.0358570327707672,0.04243772778107919,-0.06546352257305692,-0.19545687072409157,1.337419055523823
326165.581855391,PLAYBACK,0.12008545303251594,8.545303717255592e-05,0.02972991531242819,0.025510185397115137,0.03625131609063814,0.040471046005951195,-0.06530102944996088,-0.19545021744106172,1.338613412680246,0.027686735753803485,0.025546859980078516,0.03585518811048245,0.043053784517886044,-0.06542541366375285,-0.19545799756603707,1.3372060616722696
326165.590474957,PLAYBACK,0.12684493599226698,0.0018449359922669828,0.02934630350194567,0.025510185397115137,0.03625131609063814,0.040854657816433715,-0.0656846412604434,-0.19545021744106172,1.338613412680246,0.027392223127046027,0.02555124262575012,0.035853692450685884,0.043555685853323596,-0.06539454014708865,-0.1954589060753599,1.33703191972776
326165.599715734,PLAYBACK,0.13634568802081048,0.0013456880114972591,0.02934630350194567,0.025510185397115137,0.03625131609063814,0.041238269626916235,-0.0656846412604434,-0.19545021744106172,1.3382298008697635,0.026958822962311373,0.02555766559270368,0.03585150047093725,0.044295146094876385,-0.06534933456899049,-0.19546022920680675,1.3367743584608227
326165.608971699,PLAYBACK,0.14552837604423985,0.0005283760256133974,0.02896269169146315,0.025510185397115137,0.03625131609063814,0.04200549324788305,-0.0656846412604434,-0.19545021744106172,1.3382298008697635,0.026518736048701908,0.025564156404724665,0.03584928529198972,0.045047041743998116,-0.06530369994703596,-0.1954615564589965,1.3365112940335002
326165.616433192,PLAYBACK,0.15505869302432984,5.86929963901639e-05,0.02896269169146315,0.025893797207599434,0.03625131609063814,0.04277271686884809,-0.0656846412604434,-0.19545021744106172,1.3382298008697635,0.026039200811252616,0.025571195419089598,0.035846882945627184,0.045867438521809405,-0.06525426331119365,-0.19546298518827065,1.336223006734373
326165.621241101,PLAYBACK,0.16005832998780534,5.8330013416707516e-05,0.028579079880978853,0.025893797207599434,0.03625131609063814,0.04315632867933239,-0.06530102944996088,-0.19545021744106172,1.337846189059281,0.025777786909743847,0.025575018951675684,0.0358455779684131,0.046315119251542795,-0.06522743108355322,-0.19546375692108786,1.336065180746551
326165.630491756,PLAYBACK,0.167171273031272,0.002171273052226752,0.028195468070496332,0.025893797207599434,0.03625131609063814,0.04315632867933239,-0.06530102944996088,-0.19545021744106172,1.337846189059281,0.025393377864508463,0.025580625208335518,0.03584366447955301,0.04697396539430264,-0.0651881135860095,-0.19546488333103568,1.3358323066441473
326165.639453572,PLAYBACK,0.17505706899100915,5.706900265067816e-05,0.027811856260013812,0.025510185397115137,0.03625131609063814,0.04392355230029743,-0.06530102944996088,-0.19545021744106172,1.3374625772487985,0.02494887775663875,0.025587085519161407,0.03584145938151094,0.04773653247298474,-0.06514284117991472,-0.1954661742729849,1.3355619446585192
326165.648481521,PLAYBACK,0.18506574002094567,6.574002327397466e-05,0.02742824444953129,0.025893797207599434,0.03625131609063814,0.04507438773174677,-0.06530102944996088,-0.19545021744106172,1.3370789654383142,0.02435475204353046,0.02559568637005556,0.03583852344771762,0.04875690455251389,-0.06508262131555831,-0.19546788216393957,1.3351989208131005
326165.653280403,PLAYBACK,0.1900571610312909,5.716102896258235e-05,0.02742824444953129,0.025510185397115137,0.03625131609063814,0.04545799954222929,-0.06530102944996088,-0.19545021744106172,1.3370789654383142,0.024045156211756676,0.02560015381389482,0.035836998367736385,0.049289085084185905,-0.06505136437919962,-0.1954687647119597,1.3350090531766874
326165.661698944,PLAYBACK,0.1950665860204026,6.658601341769099e-05,0.027044632639046995,0.025510185397115137,0.03625131609063814,0.046608834973678626,-0.06530102944996088,-0.1950666056305792,1.3366953536278317,0.02372517559685787,0.025604761166236466,0.03583542544969369,0.04983944039268422,-0.06501914401308921,-0.19546967174959357,1.3348123361558797
326165.671146216,PLAYBACK,0.20513890503207222,0.00013890501577407122,0.026661020828564475,0.025510185397115137,0.03625131609063814,0.04775967040512619,-0.06530102944996088,-0.19545021744106172,1.3366953536278317,0.02305289305094865,0.02561440905892176,0.03583213146064092,0.05099679049872021,-0.06495172394396773,-0.19547156090316573,1.334397476706897
326165.674279788,PLAYBACK,0.21520372101804242,0.00020372099243104458,0.025893797207599434,0.025893797207599434,0.03625131609063814,0.048910505836575524,-0.06530102944996088,-0.19545021744106172,1.3363117418173491,0.022341583863944855,0.025624570006672176,0.035828661890411666,0.05222285478848987,-0.06488079178740631,-0.19547353560122413,1.3339562664038414
326165.68492148,PLAYBACK,0.2212684160331264,0.001268416061066091,0.025510185397115137,0.025510185397115137,0.03625131609063814,0.049294117647058044,-0.06530102944996088,-0.19545021744106172,1.3363117418173491,0.021893524228897555,0.02563094570515996,0.03582648460540343,0.05299596789908253,-0.06483632258089023,-0.1954747667855991,1.333677150733197
326165.693905187,PLAYBACK,0.23010448704008013,0.00010448705870658159,0.024742961776150096,0.025510185397115137,0.03625131609063814,0.0508285648889899,-0.06491741763947659,-0.19545021744106172,1.3359281300068666,0.021214076174200142,0.025640577504248068,0.03582319501109638,0.05416951861442332,-0.06476919974063325,-0.19547661511652,1.3332521380127118
326165.701608773,PLAYBACK,0.24010431102942675,0.00010431103873997927,0.024359349965667576,0.025510185397115137,0.03625131609063814,0.05236301213092176,-0.06530102944996088,-0.19545021744106172,1.3355445181963823,0.020406187033236985,0.02565197346415601,0.03581930230019056,0.05556675113275807,-0.06468987131818386,-0.19547878390840606,1.332744060004359
326165.706838098,PLAYBACK,0.24510358698898926,0.00010358699364587665,0.023975738155185056,0.025893797207599434,0.03586770428015562,0.05274662394140606,-0.06530102944996088,-0.1950666056305792,1.3351609063858998,0.019986371841985748,0.02565787147312486,0.035817287349269894,0.056293588176334765,-0.06464885209675417,-0.19547989873995464,1.3324788953551476
326165.715458036,PLAYBACK,0.2519363060127944,0.0019363060127943754,0.02320851453421824,0.025893797207599434,0.03586770428015562,0.0535138475623711,-0.06491741763947659,-0.19545021744106172,1.3351609063858998,0.0193949541273626,0.02566615327960653,0.03581445769072862,0.05731840133619656,-0.06459129665396,-0.19548145547790194,1.3321040454647997
326165.724583236,PLAYBACK,0.26118972699623555,0.0011897269869223237,0.022441290913253198,0.025893797207599434,0.03625131609063814,0.054664682993820435,-0.06491741763947659,-0.19545021744106172,1.3347772945754173,0.018560669809709752,0.02567778341059885,0.03581048333121184,0.05876575755641557,-0.06451055430961834,-0.19548362472432262,1.3315727441392649
326165.733851314,PLAYBACK,0.2704901749966666,0.0004901749780401587,0.02167406729228638,0.025510185397115137,0.03625131609063814,0.05619913023575229,-0.06491741763947659,-0.1950666056305792,1.3343936827649348,0.01768239296879871,0.025689961831148404,0.03580632071205018,0.06029153341713903,-0.06442610769705372,-0.19548587536342932,1.3310103217175804
326165.743383855,PLAYBACK,0.28005829302128404,5.829299334436655e-05,0.02090684367132134,0.025893797207599434,0.03625131609063814,0.057349965667199854,-0.06491741763947659,-0.19545021744106172,1.333626459143968,0.016736219304618296,0.025703008494526204,0.0358018602457565,0.061937625166686765,-0.06433575601488205,-0.19548826288450177,1.3304009271058468
326165.746812228,PLAYBACK,0.2850686290184967,6.862904410809278e-05,0.020139620050354523,0.025893797207599434,0.03625131609063814,0.05811718928816667,-0.06491741763947659,-0.19545021744106172,1.333626459143968,0.016223234077000097,0.0257100505390695,0.03579945218280337,0.0628310971028852,-0.06428703763798364,-0.19548954141779742,1.3300690353485605
326165.755833174,PLAYBACK,0.29006384703097865,6.384705193340778e-05,0.019756008239872003,0.025893797207599434,0.03625131609063814,0.05850080109864919,-0.06491741763947659,-0.19545021744106172,1.3332428473334854,0.01569967162625111,0.025717215129700155,0.03579700184661633,0.06374372105090441,-0.06423750733922369,-0.19549083486950342,1.32972922276656
326165.759176938,PLAYBACK,0.30005616799462587,5.6168006267398596e-05,0.018221560997940145,0.025893797207599434,0.03586770428015562,0.05965163653009853,-0.06453380582899407,-0.1950666056305792,1.3324756237125204,0.014615616356339808,0.025731977392049455,0.03579195183249747,0.06563566819022491,-0.0641355673180802,-0.19549347654750204,1.3290221945371017
326165.768810408,PLAYBACK,0.30512549402192235,0.00012549402890726924,0.017454337376973328,0.025893797207599434,0.03586770428015562,0.06041886015106357,-0.06491741763947659,-0.1950666056305792,1.332092011902036,0.014046710808157722,0.025739685807908544,0.03578931417854761,0.06662979529954585,-0.06408239877359435,-0.19549484337941547,1.3286493132986512
326165.778467612,PLAYBACK,0.31505786202615127,5.786202382296324e-05,0.016303501945525767,0.025893797207599434,0.03586770428015562,0.06310414282444476,-0.06453380582899407,-0.1950666056305792,1.3317084000915536,0.012894562073384222,0.02575521599687105,0.03578399856872117,0.06864570109181176,-0.06397540851835226,-0.19549757082533525,1.3278903222946792
326165.785795787,PLAYBACK,0.3212985360296443,0.0012985360226593912,0.01553627832455895,0.025893797207599434,0.03586770428015562,0.0638713664454098,-0.06491741763947659,-0.19545021744106172,1.331324788281071,0.012144965953206454,0.025765262293200468,0.035780558831991556,0.06995911564804824,-0.06390628985660826,-0.19549931634635898,1.327393787125906
326165.791316316,PLAYBACK,0.3300601280061528,6.012798985466361e-05,0.014385442893111389,0.025893797207599434,0.03586770428015562,0.06617303730830848,-0.06453380582899407,-0.1950666056305792,1.3305575646601042,0.011058733426296399,0.025779740011426914,0.035775600171190435,0.0718649427192971,-0.06380681120130088,-0.19550180557776686,1.3266704752401102
326165.799321045,PLAYBACK,0.3359868460102007,0.0009868459892459214,0.012850995651179531,0.025893797207599434,0.03586770428015562,0.06694026092927352,-0.06453380582899407,-0.19545021744106172,1.3301739528496217,0.010301360670549757,0.025789778560654265,0.03577216073302807,0.07319556698853684,-0.06373792446615609,-0.19550351320286893,1.3261635098808822
326165.808587529,PLAYBACK,0.34515978599665686,0.00015978602459654212,0.011700160219730193,0.025893797207599434,0.03586770428015562,0.06847470817120538,-0.06453380582899407,-0.19545021744106172,1.3294067292286567,0.009092891066606745,0.025805701136956318,0.03576670314783855,0.07532175612136802,-0.0636288127325893,-0.1955061905250736,1.3253501251027775
326165.81364837,PLAYBACK,0.35005981603171676,5.981605499982834e-05,0.011316548409247673,0.025893797207599434,0.03586770428015562,0.06962554360265472,-0.06415019401851155,-0.19545021744106172,1.3290231174181724,0.008429170838250653,0.025814396588044148,0.03576372155019685,0.07649109268586275,-0.0635693057645101,-0.1955076362818724,1.324901066244889
326165.822801924,PLAYBACK,0.3593857320374809,0.004385732056107372,0.010165712977798336,0.025893797207599434,0.03625131609063814,0.07115999084458657,-0.06415019401851155,-0.1950666056305792,1.3282558937972073,0.007130721726090986,0.025831306108032397,0.03575792092144042,0.07878192567681716,-0.06345374998465994,-0.1955104142004155,1.3240178052023155
326165.830526038,PLAYBACK,0.36506023904075846,6.0239050071686506e-05,0.009398489356831519,0.025893797207599434,0.03586770428015562,0.07231082627603591,-0.06415019401851155,-0.19545021744106172,1.3278722819867248,0.006317920683626869,0.025841822726137973,0.03575431156209172,0.08021811389021277,-0.06338199244237509,-0.1955121192221129,1.3234617050455508
326165.836314127,PLAYBACK,0.3750586700043641,5.867000436410308e-05,0.008247653925383958,0.025893797207599434,0.03586770428015562,0.07384527351796777,-0.06415019401851155,-0.1950666056305792,1.3267214465552755,0.004843637469840216,0.02586076365195913,0.03574780733562351,0.08282738813132781,-0.06325297173459445,-0.1955151453640439,1.322446760161642
326165.844371123,PLAYBACK,0.3809187230071984,0.0009187230025418103,0.00709681849393462,0.025893797207599434,0.03586770428015562,0.07499610894941533,-0.06415019401851155,-0.1950666056305792,1.3259542229343086,0.003954455115808968,0.0258721035404528,0.03574391092821468,0.08440377962592745,-0.06317586391900058,-0.19551692910622154,1.3218307090956964
326165.853704482,PLAYBACK,0.39020543603692204,0.00020543602295219898,0.006329594872967803,0.025893797207599434,0.03586770428015562,0.077297779812314,-0.06376658220802903,-0.1950666056305792,1.3251869993133436,0.002507131813922304,0.02589042604228081,0.03573761132111845,0.08697396607350506,-0.06305149757396639,-0.19551976584703182,1.3208216682365221
326165.858621925,PLAYBACK,0.3952689820434898,0.0002689820248633623,0.005562371252002762,0.025893797207599434,0.03625131609063814,0.07844861524376334,-0.06376658220802903,-0.1950666056305792,1.324803387502861,0.00169818767660423,0.025900593594228687,0.03573411330467155,0.08841282642710936,-0.0629826042008292,-0.19552131535635878,1.3202542896908749
326165.866767757,PLAYBACK,0.4033693390083499,0.003369338985066861,0.004411535820553425,0.025893797207599434,0.03625131609063814,0.07921583886472838,-0.06376658220802903,-0.1950666056305792,1.3236525520714117,0.0003749441243219493,0.025917111466363184,0.03572842693601603,0.09077006336028398,-0.06287086950420848,-0.19552379421479124,1.3193209221516384
326165.875544618,PLAYBACK,0.4100575480260886,5.7548051699995995e-05,0.004027924010070905,0.025893797207599434,0.03625131609063814,0.08151750972762706,-0.06376658220802903,-0.1950666056305792,1.3225017166399624,-0.0007447081893583944,0.02593097702907083,0.035723649996258884,0.09276812046109642,-0.06277725923808684,-0.1955258374776554,1.3185260389135551
326165.884591472,PLAYBACK,0.4200583540368825,5.835405318066478e-05,0.002493476768139047,0.025893797207599434,0.03586770428015562,0.08381918059052396,-0.06376658220802903,-0.19545021744106172,1.3213508812085148,-0.002464717407928475,0.02595207787918742,0.035716373516957445,0.09584381522679443,-0.0626351316137413,-0.19552887915835396,1.3172957549646755
326165.89349552,PLAYBACK,0.430058708996512,5.87090034969151e-05,0.0009590295262071891,0.025893797207599434,0.03625131609063814,0.08688807507438767,-0.06338297039754473,-0.19545021744106172,1.3202000457770655,-0.0042396043641623965,0.025973596487677005,0.03570894376326353,0.09902567146836883,-0.06249061480342675,-0.19553189379687846,1.3160144859757101
326165.898608788,PLAYBACK,0.4350598389864899,5.9838988818228245e-05,0.00019180590524214836,0.025893797207599434,0.03625131609063814,0.08995696955825139,-0.06338297039754473,-0.19545021744106172,1.319816433966583,-0.005147834264642188,0.025984506521604757,0.03570517301312654,0.10065704093425931,-0.062417513650495804,-0.19553338738124001,1.31535420782347
326165.901198605,PLAYBACK,0.4400584630202502,5.846301792189479e-05,-0.0005754177157246687,0.026277409018081954,0.03586770428015562,0.09149141680018325,-0.06338297039754473,-0.1950666056305792,1.3194328221560987,-0.006069338593187578,0.025995505365672397,0.035701368793930786,0.10231446676109474,-0.06234393631613473,-0.1955348686773475,1.3146810514987686
326165.911646055,PLAYBACK,0.4478890760219656,0.002889076014980674,-0.0017262531471740061,0.025893797207599434,0.03625131609063814,0.0930258640421151,-0.06299935858706221,-0.1950666056305792,1.3186655985351337,-0.007540490641151971,0.026012916010112713,0.035695340870739035,0.10496514296126228,-0.06222771773574621,-0.1955371619011889,1.3135996019208496
326165.920332306,PLAYBACK,0.4567406460409984,0.0017406460247002542,-0.003260700389105864,0.025893797207599434,0.03586770428015562,0.09762920576791068,-0.06299935858706221,-0.1950666056305792,1.3175147631036843,-0.009243893204917104,0.026032844515404614,0.03568843148490256,0.10804148422438653,-0.062095082932979974,-0.19553970632312354,1.3123369326718965
326165.928628108,PLAYBACK,0.4651503910426982,0.0001503910170868039,-0.004411535820553425,0.025893797207599434,0.03586770428015562,0.09916365300984253,-0.06299935858706221,-0.1950666056305792,1.316363927672235,-0.010901904385746366,0.0260520010554084,0.03568177910670378,0.11104335267650303,-0.06196799653207584,-0.19554206764694776,1.3110969922524884
326165.933358882,PLAYBACK,0.4700605100370012,6.051006494089961e-05,-0.005178759441520242,0.025893797207599434,0.03586770428015562,0.10069810025177439,-0.06299935858706221,-0.1950666056305792,1.3159803158617525,-0.011887745197274755,0.026063277333646162,0.03567785800244401,0.11283178601377697,-0.06189338441498373,-0.19554341727101793,1.3103545796888911
326165.942519269,PLAYBACK,0.481082022015471,0.006082022038754076,-0.006329594872967803,0.025893797207599434,0.03625131609063814,0.10491783016708567,-0.06261574677657969,-0.1950666056305792,1.314062256809338,-0.01414815232254088,0.026088806620659894,0.03566896500605853,0.11694253811786225,-0.06172502581296964,-0.19554635699290707,1.308637652713779
326165.950564322,PLAYBACK,0.4871661040233448,0.0021661040373146534,-0.0074804303044171405,0.025893797207599434,0.03586770428015562,0.10645227740901753,-0.06299935858706221,-0.1950666056305792,1.3136786449988556,-0.015423964800150425,0.02610301268681702,0.03566400618747986,0.11926900151962262,-0.061631693617928,-0.19554792006694321,1.3076594735836156
326165.959589186,PLAYBACK,0.49505905399564654,5.905400030314922e-05,-0.008631265735866478,0.025893797207599434,0.03586770428015562,0.10913756008239872,-0.06261574677657969,-0.1950666056305792,1.3125278095674062,-0.017108589857069447,0.026121542578363657,0.03565752604234147,0.12234798592592817,-0.061510354229430804,-0.19554987638986177,1.3063576464460274
326165.96853385,PLAYBACK,0.5050612520426512,6.125203799456358e-05,-0.010549324788280856,0.025893797207599434,0.03625131609063814,0.11220645456626244,-0.06223213496609717,-0.1950666056305792,1.3113769741359569,-0.019290882731553327,0.026145153673836154,0.03564924726650557,0.12634864917598504,-0.06135643388130532,-0.19555222624391663,1.30465373799709
326165.973328754,PLAYBACK,0.5100577329867519,5.773297743871808e-05,-0.011316548409247673,0.026277409018081954,0.03586770428015562,0.1137409018081943,-0.06261574677657969,-0.19545021744106172,1.3109933623254744,-0.020400732416765693,0.026156988598827532,0.03564508757621947,0.12838857921205452,-0.06127959025174576,-0.19555334046196357,1.303779504811735
326165.976699348,PLAYBACK,0.5150599040207453,5.990400677546859e-05,-0.012083772030212714,0.026277409018081954,0.03625131609063814,0.11680979629205801,-0.06223213496609717,-0.1950666056305792,1.3102261387045093,-0.021524892103591493,0.026168855395579452,0.03564090941001475,0.1304585091128163,-0.061202756637910576,-0.1955544128419829,1.3028886612902062
326165.986402618,PLAYBACK,0.5226640640175901,0.002664063998963684,-0.013618219272144572,0.026277409018081954,0.03586770428015562,0.11872785534447239,-0.06223213496609717,-0.1950666056305792,1.3094589150835425,-0.02325861221474556,0.026186915269543875,0.03563453567628744,0.1336582125566036,-0.06108626119521625,-0.19555595466275472,1.3015041238253138
326165.995670476,PLAYBACK,0.5341779059963301,0.004177905968390405,-0.01591989013504147,0.026277409018081954,0.03586770428015562,0.12333119707026796,-0.06223213496609717,-0.1950666056305792,1.3075408560311281,-0.025939994564173483,0.02621425809248676,0.035624847359361056,0.13862482943137813,-0.06091095600886132,-0.19555806759285824,1.2993369621551094
326166.003798434,PLAYBACK,0.5404263340169564,0.0004263340379111469,-0.018605172808422665,0.026277409018081954,0.03586770428015562,0.12563286793316486,-0.06184852315561287,-0.1950666056305792,1.3067736324101613,-0.027423124696336846,0.02622906820229854,0.03561957808332278,0.14138149904863453,-0.06081658098805743,-0.19555909232692326,1.2981245618932733
326166.013426674,PLAYBACK,0.5500580710358918,5.80710475333035e-05,-0.02167406729228638,0.026277409018081954,0.03586770428015562,0.1321542687113748,-0.06184852315561287,-0.19545021744106172,1.3056227969787138,-0.029747229497441526,0.026251815646224322,0.035611451144775506,0.14571519735728838,-0.06067248543945194,-0.19556048826991318,1.296204720275672
326166.016387363,PLAYBACK,0.5550665539922193,6.655399920418859e-05,-0.02320851453421824,0.026277409018081954,0.03586770428015562,0.1344559395742735,-0.06184852315561287,-0.19545021744106172,1.304855573357747,-0.030973680626423666,0.026263588838015654,0.035607227255433645,0.14800908758895712,-0.06059834350855091,-0.19556112027158215,1.2951816334102504
326166.025768452,PLAYBACK,0.5623080169898458,0.002308016992174089,-0.025893797207599434,0.026277409018081954,0.03586770428015562,0.13637399862668786,-0.06146491134513035,-0.19545021744106172,1.3037047379262994,-0.03276827392298221,0.02628052269486505,0.03560112825631572,0.15137440685771042,-0.06049226292753381,-0.19556191292945782,1.2936720173539997
326166.034558036,PLAYBACK,0.5700605850433931,6.0585036408156157e-05,-0.026661020828564475,0.026277409018081954,0.03586770428015562,0.14021011673151662,-0.06146491134513035,-0.1950666056305792,1.30255390249485,-0.03471706634110489,0.026298509784191747,0.03559461608674218,0.15504091574745277,-0.060380360712656955,-0.19556259367381526,1.2920155167341363
326166.039258764,PLAYBACK,0.5800591760198586,5.917600356042385e-05,-0.02972991531242819,0.026277409018081954,0.03586770428015562,0.14366262302586286,-0.06146491134513035,-0.19545021744106172,1.3010194552529182,-0.03727163081038626,0.02632143961023326,0.03558625663666671,0.1598664609164938,-0.060238977219636614,-0.19556319773491698,1.2898165778500574
326166.047622443,PLAYBACK,0.5863450150354765,0.0013450150145217776,-0.030497138933395007,0.026661020828564475,0.03586770428015562,0.14673151750972657,-0.06108129953464783,-0.19545021744106172,1.3002522316319514,-0.038900863100383466,0.02633567078814385,0.035581031219429286,0.1629557130849592,-0.060152011818207514,-0.1955634097287527,1.2883975972572406
326166.053294926,PLAYBACK,0.5900616850121878,6.168498657643795e-05,-0.03126436255436005,0.026277409018081954,0.03586770428015562,0.14826596475165843,-0.06108129953464783,-0.1950666056305792,1.2994850080109863,-0.03987247571532274,0.02634400938808548,0.035577954607337044,0.16480240700656873,-0.06010135673677716,-0.19556347119154138,1.2875451579662829
326166.061453662,PLAYBACK,0.5980073229875416,0.0030073230154812336,-0.03394964522774124,0.026661020828564475,0.03586770428015562,0.1498004119935903,-0.06108129953464783,-0.19545021744106172,1.2979505607690545,-0.041969912871685985,0.02636162591902152,0.035571414707059316,0.16880019690722178,-0.059995128512943384,-0.19556343677324578,1.285688988838242
326166.070618487,PLAYBACK,0.607304165023379,0.0023041650420054793,-0.03663492790112066,0.026277409018081954,0.03586770428015562,0.15363653009842082,-0.06108129953464783,-0.19545021744106172,1.2952652780956733,-0.04445836292869236,0.026381832343270167,0.0355638370765068,0.1735635922195986,-0.059874725136631814,-0.1955630964709229,1.2834580941870066
326166.079368747,PLAYBACK,0.6150571830221452,5.718303145840764e-05,-0.03970382238498438,0.026277409018081954,0.03586770428015562,0.1582398718242164,-0.06069768772416531,-0.19545021744106172,1.2937308308537414,-0.046561118308570806,0.026398306051659673,0.03555758857859056,0.1776061695693839,-0.05977784011882308,-0.19556255245483703,1.2815483742012856
326166.08850565,PLAYBACK,0.6250610850402154,6.108504021540284e-05,-0.04200549324788305,0.026277409018081954,0.03586770428015562,0.1628432135500102,-0.06069768772416531,-0.19545021744106172,1.2921963836118096,-0.04931018708203133,0.02641899254769218,0.0355496345198453,0.18291586726345757,-0.05965802833388047,-0.1955614825445347,1.279017217808425
326166.093385813,PLAYBACK,0.6300584269920364,5.842698737978935e-05,-0.04353994048981491,0.026277409018081954,0.03586770428015562,0.16514488441290887,-0.06069768772416531,-0.19545021744106172,1.2914291599908445,-0.050698149506387076,0.02642906310978763,0.03554571156373788,0.18560738131007828,-0.059600538670500296,-0.1955607864809308,1.2777242827215403
326166.096369024,PLAYBACK,0.6350608090288006,6.080901948735118e-05,-0.04507438773174677,0.026277409018081954,0.03586770428015562,0.16974822613870444,-0.060314075913681015,-0.19545021744106172,1.2906619363698777,-0.052097061080606945,0.026438954843554182,0.035541820896872287,0.18832750061926254,-0.05954466397073082,-0.19555997827775778,1.2764108782346846
326166.1059253,PLAYBACK,0.6446383640286513,0.004638364014681429,-0.047376058594643666,0.026277409018081954,0.03586770428015562,0.17396795605401572,-0.060314075913681015,-0.19545021744106172,1.2883602655069808,-0.05480135665583537,0.02645732915580083,0.035534479822237924,0.1936071027466369,-0.0594426224434921,-0.1955581103130568,1.273842416489357
326166.114933001,PLAYBACK,0.6516142309992574,0.0016142309759743512,-0.04967772945754234,0.026661020828564475,0.03586770428015562,0.17588601510643187,-0.060314075913681015,-0.1950666056305792,1.2864422064545664,-0.056791829603441736,0.02647021181785187,0.03552922810607061,0.19751119498050215,-0.05937262291192887,-0.1955564763712386,1.2719269120264465
326166.124269947,PLAYBACK,0.6607993440120481,0.0007993440376594663,-0.05197940032043924,0.026661020828564475,0.03586770428015562,0.18240741588464182,-0.059930464103198494,-0.1950666056305792,1.2837569237811852,-0.05943844095646148,0.02648648006104703,0.03552244372297286,0.20272630373975145,-0.05928637530900793,-0.19555396141085513,1.2693468630217561
326166.133737107,PLAYBACK,0.6700566910440102,5.6691060308367014e-05,-0.05428107118333614,0.026661020828564475,0.03586770428015562,0.18739436942091992,-0.059930464103198494,-0.19545021744106172,1.2814552529182883,-0.062134677522594335,0.02650202143889789,0.035515763709977784,0.2080678004763389,-0.059206657176824794,-0.19555099548146723,1.2666793052837526
326166.136372999,PLAYBACK,0.6751500830287114,0.00015008304035291076,-0.055431906614785476,0.026661020828564475,0.03586770428015562,0.19007965209429933,-0.059930464103198494,-0.19545021744106172,1.280304417486839,-0.06363023867750602,0.026510184550561637,0.03551215832907952,0.21104322155686697,-0.05916603560036169,-0.1955491741012782,1.265182543272071
326166.145383075,PLAYBACK,0.6820747749879956,0.002074774994980544,-0.05811718928816667,0.026277409018081954,0.03586770428015562,0.192381322957198,-0.059930464103198494,-0.19545021744106172,1.2780027466239403,-0.06567705759527181,0.02652081892818539,0.03550733834606531,0.21513003340236903,-0.059114652069928254,-0.19554647735987654,1.2631142400207251
326166.154892613,PLAYBACK,0.6901059520314448,0.00010595202911645174,-0.06041886015106357,0.026661020828564475,0.03586770428015562,0.1977518883039604,-0.059930464103198494,-0.19545021744106172,1.275317463950561,-0.06807016417600124,0.026532453206849556,0.03550186821939219,0.21992989573088248,-0.059060811837047485,-0.19554302563908488,1.2606669094182408
326166.159138663,PLAYBACK,0.7000572260003537,5.722598871216178e-05,-0.06310414282444476,0.026661020828564475,0.03586770428015562,0.20388967727168783,-0.05916324048223345,-0.1950666056305792,1.2726321812771797,-0.07106352568938512,0.0265457723743151,0.035495271608246386,0.2259667338769312,-0.05900304288327144,-0.19553825630638016,1.2575616002620897
326166.168959001,PLAYBACK,0.7050809070351534,8.090701885521412e-05,-0.0642549782558941,0.026661020828564475,0.03586770428015562,0.20657495994506903,-0.059546852292715974,-0.1950666056305792,1.2710977340352478,-0.07258627772420063,0.026552014446745504,0.035492018015932936,0.22905188824829817,-0.058977777979806786,-0.19553563845586694,1.2559631417148542
326166.176267189,PLAYBACK,0.7150574480183423,5.7447992730885744e-05,-0.06617303730830848,0.026661020828564475,0.03586770428015562,0.21424719615472654,-0.05916324048223345,-0.1950666056305792,1.2684124513618666,-0.07563303703170701,0.026563408817001987,0.0354857080074889,0.2352534733093793,-0.058935642079963595,-0.19553001626582597,1.2527271893732939
326166.181223264,PLAYBACK,0.720057705999352,5.7706027291715145e-05,-0.06732387273975782,0.026661020828564475,0.03586770428015562,0.21693247882810773,-0.05916324048223345,-0.1950666056305792,1.267261615930419,-0.07717130556242754,0.026568601731917416,0.035482620033629994,0.23839913035847413,-0.05891865175721715,-0.19552698501847382,1.251074447431999
326166.190338356,PLAYBACK,0.7269102320424281,0.0019102320657111704,-0.06962554360265472,0.026661020828564475,0.03586770428015562,0.21923414969100463,-0.05916324048223345,-0.1950666056305792,1.2641927214465554,-0.0792914287980957,0.026575137769441513,0.03547846693607539,0.24275062080323392,-0.058899961157635836,-0.19552259838281055,1.248775957023491
326166.199807028,PLAYBACK,0.7361515699885786,0.0011515700025483966,-0.0715436026550691,0.026661020828564475,0.03586770428015562,0.22728999771114644,-0.05916324048223345,-0.1950666056305792,1.2615074387731742,-0.08217243197034856,0.026582858549329513,0.035473004545447114,0.24869334204222562,-0.05888334916272058,-0.19551625659689215,1.2456149072956528
326166.208973617,PLAYBACK,0.7455905560054816,0.0005905560101382434,-0.07384527351796777,0.026661020828564475,0.0354840924696731,0.23304417486839135,-0.05916324048223345,-0.19545021744106172,1.2592057679102773,-0.08514063206902683,0.0265894079068261,0.035467578197732726,0.25485120010569184,-0.058876794691299944,-0.19550927661358164,1.2423138889190655
326166.216826471,PLAYBACK,0.7551051140180789,0.00010511401342228055,-0.07691416800183148,0.026661020828564475,0.0354840924696731,0.23841474021515197,-0.05877962867174916,-0.19545021744106172,1.256520485236896,-0.08815848964691007,0.026594604290249544,0.03546224760574037,0.26114820528333454,-0.0588810317716851,-0.1955017335620097,1.2389131471149681
326166.221449324,PLAYBACK,0.7600804049870931,8.040497777983546e-05,-0.07806500343327905,0.026661020828564475,0.03586770428015562,0.24148363469901568,-0.05916324048223345,-0.1950666056305792,1.2553696498054467,-0.08974677158545041,0.026596749169851826,0.035459508540257346,0.2644766461055519,-0.05888762569787574,-0.19549759040020795,1.2371060037025186
326166.230979932,PLAYBACK,0.7650819550035521,8.195498958230019e-05,-0.07921583886472838,0.026661020828564475,0.03586770428015562,0.24416891737239688,-0.05916324048223345,-0.19545021744106172,1.2538352025635149,-0.0913503046713114,0.026598504692216595,0.035456783734758066,0.2678469022180122,-0.05889729536766551,-0.19549329112912003,1.2352698157416089
326166.234144291,PLAYBACK,0.7750582449953072,5.824497202411294e-05,-0.08343556878004144,0.026661020828564475,0.0354840924696731,0.2503067063401243,-0.05877962867174916,-0.19545021744106172,1.2507663080796512,-0.09456786901855208,0.0266007986089871,0.035451418594782055,0.27463861095324577,-0.058925660095269575,-0.19548432943283203,1.2315516009108534
326166.244294186,PLAYBACK,0.7808633359964006,0.0008633359684608877,-0.08535362783245581,0.026661020828564475,0.0354840924696731,0.2529919890135055,-0.05877962867174916,-0.19545021744106172,1.2496154726482036,-0.09645008038044267,0.02660139246913688,0.03544832874190979,0.2786290959889344,-0.05894766457359764,-0.1954788923720001,1.2293567706727422
326166.253456325,PLAYBACK,0.7900716820149682,7.168203592300415e-05,-0.08803891050583701,0.027044632639046995,0.0354840924696731,0.26181506065461235,-0.05877962867174916,-0.19545021744106172,1.2469301899748224,-0.0994455794617705,0.026601229076840576,0.035443455466143664,0.28500525521681813,-0.05899061690100174,-0.1954699692460441,1.2258361422112911
326166.256382339,PLAYBACK,0.7950655180029571,6.551801925525069e-05,-0.08995696955825139,0.027044632639046995,0.0354840924696731,0.2652675669489586,-0.05877962867174916,-0.19545021744106172,1.245779354543373,-0.10107245064096596,0.026600585724324933,0.03544081787413986,0.2884806703175354,-0.05901787532014339,-0.19546499601601025,1.223911004587176
326166.26665877,PLAYBACK,0.8021230380400084,0.002123038051649928,-0.0930258640421151,0.026661020828564475,0.0354840924696731,0.2683364614328223,-0.05877962867174916,-0.19545021744106172,1.2419432364385443,-0.10337113472407869,0.02659903580104246,0.03543708315527925,0.2934054080515529,-0.05906088108005318,-0.19545783339758804,1.2211768096646693
326166.274619276,PLAYBACK,0.8112931720097549,0.0012931720120832324,-0.09609475852597882,0.027044632639046995,0.0354840924696731,0.27447425040054974,-0.05877962867174916,-0.19545021744106172,1.238490730144198,-0.10635286265652151,0.026595958882088856,0.035432189048875413,0.2998165833085938,-0.05912404403462407,-0.19544833746737947,1.2176086766223995
326166.2838321,PLAYBACK,0.8204713219893165,0.00047132198233157396,-0.09878004119935824,0.026661020828564475,0.0354840924696731,0.28061203936827717,-0.05916324048223345,-0.19545021744106172,1.2350382238498518,-0.10932865384558199,0.026591769784318917,0.035427196772015376,0.3062385353979983,-0.05919468269013495,-0.19543867587636915,1.2140279703395085
326166.293405468,PLAYBACK,0.8300577240297571,5.7724013458937407e-05,-0.10184893568322195,0.026661020828564475,0.0354840924696731,0.2890514991989015,-0.05877962867174916,-0.1950666056305792,1.2312021057450213,-0.11242730124155942,0.026586334229835088,0.03542181822263181,0.31294745771768046,-0.059275363695071685,-0.19542847744030964,1.2102842685130104
326166.296400942,PLAYBACK,0.8350686409976333,6.864097667858005e-05,-0.10299977111467129,0.026661020828564475,0.03586770428015562,0.2917367818722827,-0.05877962867174916,-0.19545021744106172,1.2296676585030895,-0.11404350464206006,0.02658310953570817,0.035418915857559026,0.3164543819553999,-0.059319966557867906,-0.1954231233479601,1.2083275824869413
326166.305640717,PLAYBACK,0.8422044769977219,0.0022044769721105695,-0.10530144197756819,0.026661020828564475,0.0354840924696731,0.2940384527351796,-0.05877962867174916,-0.19545021744106172,1.2265987640192257,-0.11634153305197346,0.026578118937647735,0.03541464729049009,0.3214484543095636,-0.059385931813222305,-0.19541549313660247,1.2055430585597773
326166.315031133,PLAYBACK,0.8517496220301837,0.0017496220534667373,-0.10760311284046686,0.026661020828564475,0.03586770428015562,0.3028615243762882,-0.05877962867174916,-0.1950666056305792,1.222762645914397,-0.1194101733707389,0.02657082227091963,0.03540863581579658,0.3281286953804752,-0.05947782881549418,-0.19540531658394905,1.201824957249019
326166.324321482,PLAYBACK,0.8610103360260837,0.0010103360400535166,-0.11028839551384806,0.026661020828564475,0.03586770428015562,0.30938292515449817,-0.05877962867174916,-0.19545021744106172,1.2181593041886014,-0.12238323743197563,0.026563219272923124,0.03540240194918327,0.3346098837174196,-0.05956983704682109,-0.19539552857303563,1.1982288807013262
326166.333586955,PLAYBACK,0.8700594450347126,5.94450393691659e-05,-0.1137409018081943,0.026661020828564475,0.03586770428015562,0.3155207141222256,-0.05877962867174916,-0.1950666056305792,1.2150904097047377,-0.12528613065473618,0.026555462310172005,0.03539585326149786,0.34094301186139253,-0.059661216769261234,-0.19538609820966343,1.1947297886510961
326166.336515774,PLAYBACK,0.8750758930109441,7.589301094412804e-05,-0.11565896086060867,0.026661020828564475,0.03586770428015562,0.31897322041657183,-0.05877962867174916,-0.1950666056305792,1.2139395742732884,-0.12689502255876395,0.026551087147148853,0.0353920008318567,0.3444538574781747,-0.05971204355865611,-0.1953809457165702,1.1927978048391232
326166.345880773,PLAYBACK,0.8801024300046265,0.00010242999996989965,-0.11719340810254053,0.026661020828564475,0.03586770428015562,0.32204211490043555,-0.05916324048223345,-0.1950666056305792,1.2124051270313565,-0.12850724538421407,0.02654668900218291,0.03538796553751426,0.3479717871098022,-0.05976281910794515,-0.1953758469569786,1.190868328099664
326166.351285385,PLAYBACK,0.8900806329911575,8.063297718763351e-05,-0.12102952620736929,0.026661020828564475,0.0354840924696731,0.3285635156786455,-0.05916324048223345,-0.1950666056305792,1.2078017853055627,-0.13170899897898797,0.026538043863805195,0.03537938508190461,0.35495533309954075,-0.059862289166979485,-0.1953659452124847,1.1870595839986884
326166.359936401,PLAYBACK,0.8961280870134942,0.0011280869948677719,-0.12448203250171552,0.026661020828564475,0.0354840924696731,0.3316324101625092,-0.05916324048223345,-0.19545021744106172,1.2062673380636308,-0.13365100597226015,0.026532949273217366,0.03537378146557861,0.3591878944555,-0.05992112044994681,-0.19536010503417936,1.1847667618134234
326166.367737429,PLAYBACK,0.9062588150263764,0.0012588149984367192,-0.12716731517509672,0.026661020828564475,0.0354840924696731,0.34083909361410036,-0.05916324048223345,-0.1950666056305792,1.2031984435797671,-0.13690816749831103,0.026524853300232406,0.035363640907458777,0.3662784438381929,-0.06001596177949671,-0.19535062793509786,1.180955259790049
326166.371920621,PLAYBACK,0.9106953199952841,0.0006953200208954513,-0.12831815060654606,0.026661020828564475,0.035100480659188804,0.3442915999084466,-0.05916324048223345,-0.1950666056305792,1.2016639963378353,-0.13833646516153203,0.026521542138059226,0.03535888131044213,0.3693836378907798,-0.06005564512245761,-0.195346607332622,1.179298613065
326166.382153521,PLAYBACK,0.9186943880049512,0.003694388025905937,-0.13100343327992547,0.026661020828564475,0.0354840924696731,0.3473604943923103,-0.05916324048223345,-0.1950666056305792,1.198211490043489,-0.14091516391322204,0.026516037326410835,0.03534977343765362,0.374982438087402,-0.060123709542536194,-0.1953395692718004,1.1763322450664344
326166.391330349,PLAYBACK,0.92789058201015,0.002890582021791488,-0.1340723277637892,0.026661020828564475,0.0354840924696731,0.35618356603341716,-0.059546852292715974,-0.1950666056305792,1.1955262073701078,-0.14388594256203044,0.026510609123963025,0.03533841374418027,0.38141930728055823,-0.0601954792973725,-0.1953318249394596,1.1729563550054687
326166.399545461,PLAYBACK,0.93600848299684,0.0010084829991683364,-0.1371412222476529,0.026661020828564475,0.0354840924696731,0.3596360723277634,-0.059546852292715974,-0.19545021744106172,1.1916900892652773,-0.14651437584692187,0.02650678610172937,0.03532754400706259,0.38710156851259425,-0.06025212888927402,-0.19532530282694924,1.1700083192379722
326166.40904446,PLAYBACK,0.9452346230391413,0.00023462303215637803,-0.14021011673151662,0.026661020828564475,0.0354840924696731,0.36577386129549083,-0.059546852292715974,-0.1950666056305792,1.187470359349966,-0.14950885461861305,0.026503746315545376,0.035314172736171844,0.3935597154614677,-0.060307803551817245,-0.19531824640631298,1.1666954955754714
326166.414305906,PLAYBACK,0.9551310749957338,0.0001310749794356525,-0.14289539940489782,0.026661020828564475,0.0354840924696731,0.37459693293659946,-0.059546852292715974,-0.1950666056305792,1.183250629434653,-0.15272962398086323,0.02650227646689744,0.035298558993387075,0.4004872413316831,-0.06035599041568501,-0.1953110860173668,1.1631874048952173
326166.421539445,PLAYBACK,0.9601857640082017,0.0001857639872469008,-0.14404623483634715,0.026661020828564475,0.03586770428015562,0.3776658274204632,-0.059546852292715974,-0.19545021744106172,1.1817161821927211,-0.15437812361526662,0.02650232905355461,0.03529005396124604,0.40402559199631266,-0.060375583388105385,-0.19530758443582344,1.1614138756597299
326166.426497875,PLAYBACK,0.9650693750008941,6.937497528269887e-05,-0.145580682078279,0.026661020828564475,0.0354840924696731,0.3803511100938426,-0.059546852292715974,-0.1950666056305792,1.1797981231403067,-0.1559730034976126,0.026502942519563557,0.035281484973821664,0.40744422361581917,-0.06039108403253374,-0.19530429589403134,1.1597120678902222
326166.436067887,PLAYBACK,0.9722014940343797,0.002201494062319398,-0.14864957656214273,0.026661020828564475,0.0354840924696731,0.3834200045777063,-0.059930464103198494,-0.1950666056305792,1.175962005035478,-0.15830589903175715,0.026504903406128485,0.03526833313431006,0.4124369209453196,-0.060407370695570096,-0.19529964997114657,1.1572471996205813
326166.444533136,PLAYBACK,0.9811171150067821,0.001117115025408566,-0.15171847104600467,0.027044632639046995,0.03586770428015562,0.39262668802929745,-0.059930464103198494,-0.19545021744106172,1.17250949874113,-0.16122796293698888,0.02650927999443007,0.035250796296464985,0.4186782172604499,-0.06041655625280835,-0.19529407950684152,1.154199571955088
326166.453269732,PLAYBACK,0.9900584630086087,5.846301792189479e-05,-0.15440375371938586,0.026661020828564475,0.0354840924696731,0.3991480888075074,-0.059546852292715974,-0.1950666056305792,1.170207827878233,-0.16416423411428543,0.026516015880202283,0.035231945670509926,0.42493761549384323,-0.06041259218131566,-0.19528872010919496,1.1511795459659548
326166.456239528,PLAYBACK,0.9950590610387735,5.906104343011975e-05,-0.15593820096131772,0.026661020828564475,0.0354840924696731,0.40260059510185364,-0.059930464103198494,-0.1950666056305792,1.1686733806363012,-0.16580857687409228,0.026520887643572102,0.03522083657190223,0.4284383234184765,-0.060404361510248084,-0.1952858050631117,1.149505853863693
326166.466506432,PLAYBACK,1.0029781800112687,0.002978180011268705,-0.15900709544518143,0.026661020828564475,0.03586770428015562,0.4060531013961999,-0.059930464103198494,-0.1950666056305792,1.1656044861524375,-0.16841525847050798,0.026530337344143125,0.03520239259288802,0.43398220939488746,-0.06038216831066899,-0.19528128333255212,1.146876795590412
326166.474488078,PLAYBACK,1.0100248199887574,2.4819979444146156e-05,-0.16169237811856263,0.026661020828564475,0.0354840924696731,0.41257450217440983,-0.059930464103198494,-0.1950666056305792,1.1625355916685738,-0.17073687580623903,0.026540642227527205,0.03518508570178581,0.4389153445815592,-0.060352693887855295,-0.1952773308780361,1.1445584057384777
326166.48337779,PLAYBACK,1.0200597810326144,5.978101398795843e-05,-0.16476127260242635,0.026661020828564475,0.0354840924696731,0.4190959029526198,-0.059930464103198494,-0.1950666056305792,1.15946669718471,-0.17404512192975463,0.026558623503940455,0.0351589510004536,0.4459405647665469,-0.06029438791856043,-0.19527176073557598,1.1412884486272885
326166.488400069,PLAYBACK,1.0250596480327658,5.964800948277116e-05,-0.1659121080338739,0.026661020828564475,0.0354840924696731,0.4221647974364835,-0.059930464103198494,-0.1950666056305792,1.1583158617532625,-0.17569376977783824,0.026569120908661807,0.03514526449456435,0.4494408637568779,-0.06025799511905728,-0.1952689879205306,1.1396719749361859
326166.491260451,PLAYBACK,1.0300585140357725,5.8514007832854986e-05,-0.16744655527580576,0.027044632639046995,0.0354840924696731,0.4279189745937284,-0.059930464103198494,-0.1950666056305792,1.1567814145113307,-0.177341930640306,0.026580693328503,0.03513113146775273,0.45294047299403345,-0.06021663149678198,-0.19526620290851007,1.1380635962951886
326166.50162118,PLAYBACK,1.0380684420233592,0.00306844204897061,-0.16974822613870444,0.026661020828564475,0.0354840924696731,0.4306042572671096,-0.059930464103198494,-0.1950666056305792,1.1548633554589145,-0.17998177914111188,0.02660158572403743,0.03510753616534863,0.45854808810000053,-0.06013981740015791,-0.1952616862113828,1.1355011751875224
326166.511148542,PLAYBACK,1.0474414470372722,0.0024414470535703003,-0.17166628519111882,0.027044632639046995,0.0354840924696731,0.43904371709773393,-0.059930464103198494,-0.1950666056305792,1.1517944609750508,-0.18306762836732604,0.02662991336315638,0.035078417581435824,0.46510999580943524,-0.06003319627647035,-0.19525626220674605,1.1325228256978266
326166.519094602,PLAYBACK,1.0558149450225756,0.0008149450295604765,-0.1743515678645,0.026661020828564475,0.0354840924696731,0.44249622339208017,-0.059930464103198494,-0.1950666056305792,1.1483419546807045,-0.18581976634756336,0.02665898158209129,0.03505100478048833,0.4709721814460068,-0.05992245601787331,-0.1952512334902764,1.1298771688194653
326166.528478236,PLAYBACK,1.0650633460027166,6.334600038826466e-05,-0.17742046234836373,0.026661020828564475,0.0354840924696731,0.4490176241702901,-0.059930464103198494,-0.1950666056305792,1.1452730601968408,-0.18885232407223196,0.026695477063513624,0.03501916634278063,0.47744689247096445,-0.05978296182714353,-0.1952454145933572,1.12696770206936
326166.532292399,PLAYBACK,1.0710791010060348,0.0010791009990498424,-0.1789549095902938,0.026661020828564475,0.0354840924696731,0.45553902494850007,-0.059930464103198494,-0.1950666056305792,1.1441222247653933,-0.19081983431560753,0.02672182494566854,0.03499756384449982,0.48165846860138833,-0.059682475671327256,-0.19524144994018278,1.1250803078473501
326166.541635959,PLAYBACK,1.0781394660007209,0.0031394659890793264,-0.181640192263675,0.026661020828564475,0.0354840924696731,0.4589915312428463,-0.059546852292715974,-0.1950666056305792,1.140669718471047,-0.19312289885788267,0.026755504113948572,0.03497130032470045,0.48660137298088735,-0.059554696554469246,-0.1952365886286741,1.122868376041231
326166.55052045,PLAYBACK,1.0850605409941636,6.054097320884466e-05,-0.18317463950560686,0.026661020828564475,0.035100480659188804,0.46512932021057374,-0.059546852292715974,-0.1950666056305792,1.1387516594186309,-0.19537318095143644,0.026791537081059157,0.034944589676001794,0.4914467666857465,-0.059419102508174365,-0.19523158073820807,1.1207015992386626
326166.559511271,PLAYBACK,1.0950630320003256,6.303202826529741e-05,-0.18777798123140244,0.026661020828564475,0.035100480659188804,0.47126710917830117,-0.059546852292715974,-0.1950666056305792,1.1341483176928353,-0.19861046815196629,0.026849174920755576,0.03490427337012949,0.4984494427978128,-0.0592050628267756,-0.19522387262687296,1.117568920368151
326166.564319,PLAYBACK,1.1050579670118168,5.796703044325113e-05,-0.19046326390478363,0.026661020828564475,0.035100480659188804,0.4777885099565111,-0.059546852292715974,-0.1950666056305792,1.1310794232089734,-0.20182508830729945,0.026913728259559313,0.03486193010586541,0.5054468301069266,-0.05896990829392187,-0.1952155613911086,1.1144321220330056
326166.573569064,PLAYBACK,1.1100737749948166,7.37750087864697e-05,-0.1919977111467155,0.026661020828564475,0.035100480659188804,0.48085740444037484,-0.059546852292715974,-0.1950666056305792,1.1295449759670415,-0.20342975984217204,0.026948888105592914,0.03483989321490146,0.5089583615541728,-0.05884392698492072,-0.19521114568071163,1.1128537869063218
326166.576316064,PLAYBACK,1.1150600360124372,6.003602175042033e-05,-0.19314854657816305,0.026661020828564475,0.035100480659188804,0.48699519340810227,-0.059546852292715974,-0.1950666056305792,1.1283941405355922,-0.20501884668440482,0.026985751418973702,0.03481745746133247,0.5124492040192881,-0.0587134380257773,-0.19520658745215552,1.1112810876457864
326166.586618034,PLAYBACK,1.1250906490022317,0.00509064900688827,-0.19621744106202677,0.026661020828564475,0.035100480659188804,0.4935165941863122,-0.059546852292715974,-0.1950666056305792,1.1241744106202791,-0.2081956167324867,0.027065928596806597,0.034770705359061335,0.5194715404700666,-0.0584352041464734,-0.1951968960949105,1.1081037186922928
326166.595653167,PLAYBACK,1.1314870940404944,0.0014870940358377993,-0.19928633554589048,0.026661020828564475,0.035100480659188804,0.49658548867017593,-0.059546852292715974,-0.1950666056305792,1.1230235751888298,-0.2102065227103186,0.02712145169394827,0.034739744602215177,0.5239496115640386,-0.05824690468891664,-0.19519034719069303,1.1060661775182825
326166.604282502,PLAYBACK,1.140768357028719,0.0007683570147491992,-0.20197161821927168,0.026661020828564475,0.034716868848706284,0.5034905012588684,-0.05916324048223345,-0.1950666056305792,1.1207219043259329,-0.21310215289260648,0.027208440971396058,0.03469319985150636,0.530447267059435,-0.05795882902203459,-0.19518033617444655,1.1030911365704452
326166.61353913,PLAYBACK,1.1501116559957154,0.00011165597243234515,-0.2050405127031354,0.026661020828564475,0.034716868848706284,0.5130807965209421,-0.05916324048223345,-0.1950666056305792,1.118420233463036,-0.21598890928519374,0.027304112598342825,0.03464436550137313,0.5369882843840048,-0.0576513366856368,-0.1951696677758513,1.100071065263822
326166.61831545,PLAYBACK,1.1550607290118933,6.072898395359516e-05,-0.20657495994506725,0.026661020828564475,0.034716868848706284,0.5165333028152883,-0.05916324048223345,-0.1950666056305792,1.1172693980315866,-0.21750594501643694,0.02735824951553919,0.03461767735494974,0.5404529742853905,-0.05748146477605144,-0.1951637890787627,1.098460142860239
326166.626181499,PLAYBACK,1.1629179720184766,0.0029179720440879464,-0.20926024261844667,0.027044632639046995,0.034716868848706284,0.5192185854886695,-0.05916324048223345,-0.1950666056305792,1.114200503547723,-0.21989658870856912,0.027449356327629505,0.034574114513031315,0.5459535199874238,-0.05720198733965405,-0.19515415690442503,1.0958855498924962
326166.6353006,PLAYBACK,1.1719420950394124,0.0019420950557105243,-0.21232913710231038,0.027044632639046995,0.034716868848706284,0.5276580453192938,-0.058396016861266636,-0.1950666056305792,1.111898832684826,-0.22261442225942302,0.02756217157409107,0.034522237535404995,0.5522708458147528,-0.05686645533617303,-0.19514269210789334,1.0929014768208671
326166.644560273,PLAYBACK,1.1800590240163729,5.902402335777879e-05,-0.21501441977569158,0.027044632639046995,0.034716868848706284,0.5307269398031575,-0.058396016861266636,-0.1950666056305792,1.1088299382009623,-0.22503288629939225,0.02767151822524166,0.03447384607450073,0.5579529847085576,-0.05655166216887488,-0.19513207858231932,1.0901916314519684
326166.649191592,PLAYBACK,1.1900580970104784,5.8097008150070906e-05,-0.2180833142595553,0.027044632639046995,0.034716868848706284,0.536864728770885,-0.058396016861266636,-0.1950666056305792,1.1057610437170986,-0.22797737418219188,0.027817067980702326,0.034411911845065826,0.5649525410688374,-0.05614740901817228,-0.19511872489961754,1.0868191011526644
326166.65828323,PLAYBACK,1.1950580650009215,5.80649939365685e-05,-0.21961776150148715,0.027044632639046995,0.035100480659188804,0.5430025177386124,-0.058012405050784116,-0.1950666056305792,1.1042265964751667,-0.22943518752625122,0.027894559671937384,0.0343799539705826,0.5684525556168718,-0.05593861652269601,-0.19511197764727925,1.085118391333967
326166.661417304,PLAYBACK,1.2000587939983234,5.8793986681848764e-05,-0.221152208743419,0.027044632639046995,0.034716868848706284,0.5460714122224761,-0.058012405050784116,-0.1950666056305792,1.1026921492332349,-0.23088346671340063,0.02797533506235345,0.03434731564808564,0.5719530572644422,-0.05572546130612861,-0.19510521180490376,1.0834079322600418
326166.670670113,PLAYBACK,1.2071421919972636,0.0021421919809654355,-0.22422110322728273,0.027044632639046995,0.034716868848706284,0.5487566948958573,-0.057628793240301596,-0.1950666056305792,1.0992396429388887,-0.23291821198765636,0.028095547730588453,0.034299901885180166,0.5769113432437836,-0.055416277782469485,-0.1950956437911135,1.0809690665836618
326166.679886325,PLAYBACK,1.2165252350387163,0.0015252350131049752,-0.22728999771114644,0.02742824444953129,0.03433325703822376,0.559114213778896,-0.0572451814298173,-0.1950666056305792,1.0957871366445406,-0.23558352582563,0.028265707423986822,0.03423489721239805,0.5834792013602328,-0.05499399701633186,-0.19508310749600047,1.0777101821895085
326166.688910618,PLAYBACK,1.2255970570258796,0.0005970570491626859,-0.23074250400549268,0.02742824444953129,0.03433325703822376,0.5648683909361409,-0.05686156961933478,-0.1950666056305792,1.0931018539711612,-0.23812829408729874,0.028442659791844026,0.034169578524876024,0.5898290481926488,-0.05457245016453006,-0.19507128570348084,1.0745301479152916
326166.696582585,PLAYBACK,1.2350528159877285,5.281600169837475e-05,-0.23342778667887387,0.027811856260013812,0.03433325703822376,0.5706225680933841,-0.05609434599836974,-0.1950666056305792,1.09041657129778,-0.24074784682514322,0.028640824736711975,0.03409880009434027,0.5964474578639131,-0.05411979366382293,-0.1950594541969062,1.0711869948534931
326166.701370818,PLAYBACK,1.240060047013685,6.004702299833298e-05,-0.23457862211032143,0.027811856260013812,0.03433325703822376,0.5736914625772478,-0.05609434599836974,-0.1950666056305792,1.0888821240558482,-0.24212174746005544,0.028751687336019106,0.034060163920333286,0.5999521185233893,-0.05387483557632839,-0.1950534553513161,1.0694057407907274
326166.71073721,PLAYBACK,1.2472918429994024,0.0022918430040590465,-0.2361130693522533,0.028195468070496332,0.03433325703822376,0.5767603570611115,-0.05609434599836974,-0.1950666056305792,1.085429617761502,-0.24409029745464073,0.028919335129490614,0.03400289932774931,0.6050137102053595,-0.0535148945937332,-0.19504518944871443,1.0668209548075689
326166.719584602,PLAYBACK,1.255058678041678,5.867803702130914e-05,-0.23879835202563449,0.028195468070496332,0.03394964522774124,0.5828981460288389,-0.05532712237740292,-0.1950666056305792,1.0823607232776382,-0.24618446965348253,0.02910965656405644,0.0339394058119163,0.6104496697903152,-0.0531205651989961,-0.19503692346142873,1.064030506819997
326166.724205682,PLAYBACK,1.2650588030228391,5.880300886929035e-05,-0.24110002288853138,0.028579079880978853,0.03433325703822376,0.5886523231860838,-0.0549435105669204,-0.1950666056305792,1.078908216983292,-0.24885179028101348,0.02937105596434217,0.03385448151513304,0.6174485362946784,-0.0526016999810233,-0.1950273771789925,1.0604190556921154
326166.733421002,PLAYBACK,1.270057498011738,5.749799311161041e-05,-0.24225085831998072,0.028579079880978853,0.03394964522774124,0.5947901121538113,-0.0549435105669204,-0.1950666056305792,1.0773737697413601,-0.2501735049046284,0.029508887581369745,0.03381063599798327,0.6209469501325204,-0.05233790782810829,-0.19502312907593994,1.0586073803689324
326166.736188931,PLAYBACK,1.2750595100224018,5.950999911874533e-05,-0.24340169375143006,0.02896269169146315,0.03394964522774124,0.5974753948271925,-0.05417628694595536,-0.1950666056305792,1.0758393224994283,-0.25148879969803584,0.02965175067148905,0.03376579583028103,0.6244476472312236,-0.05207115196071869,-0.19501926181498563,1.0567910980227113
326166.746909502,PLAYBACK,1.2833167100325227,0.003316710004583001,-0.24608697642480948,0.02896269169146315,0.03433325703822376,0.6032295719844356,-0.05417628694595536,-0.1950666056305792,1.0735376516365314,-0.25364502848491893,0.029898714092476998,0.0336895873495424,0.6302264374367161,-0.05162504236933246,-0.195013781730277,1.0537872767456065
326166.755055596,PLAYBACK,1.291687383025419,0.001687383046373725,-0.24800503547722563,0.02934630350194567,0.03394964522774124,0.6089837491416805,-0.05340906332498854,-0.1946829938200949,1.0704687571526676,-0.25581331869016183,0.030163696938879325,0.03360943212752104,0.6360845594705226,-0.05116602871182172,-0.19500946466954694,1.0507381496358106
326166.764954382,PLAYBACK,1.3008104200125672,0.0008104200242087245,-0.25030670634012253,0.02972991531242819,0.03394964522774124,0.615888761730373,-0.05302545151450602,-0.1946829938200949,1.067399862668804,-0.2581586226396207,0.030469919520355278,0.03351857451116286,0.6424691414151106,-0.05065876485547975,-0.19500628701927566,1.0474147000617418
326166.773426083,PLAYBACK,1.3100588319939561,5.883199628442526e-05,-0.2526083772030212,0.02972991531242819,0.03433325703822376,0.6220265506981004,-0.052258227893539205,-0.1946829938200949,1.0647145799954227,-0.2605198503419675,0.030799617488214266,0.033422537664172684,0.6489413929715031,-0.05013798058126158,-0.19500478909427055,1.0440503673045574
326166.776328383,PLAYBACK,1.3150649010203779,6.490101804956794e-05,-0.25414282444495306,0.02972991531242819,0.03394964522774124,0.6254790569924467,-0.051874616083056685,-0.1950666056305792,1.0635637445639734,-0.2617921663722932,0.030986431998921034,0.03336882239960001,0.6524446944724888,-0.04985368026208905,-0.19500472934447355,1.04223325200413
326166.785556006,PLAYBACK,1.3221706910408102,0.0021706910338252783,-0.25644449530784996,0.03011352712291071,0.03433325703822376,0.6281643396658279,-0.051874616083056685,-0.1946829938200949,1.0604948500801097,-0.2635923335750165,0.031261952631887,0.03329039622813899,0.6574171494093176,-0.04944764099762673,-0.19500557002818406,1.0396610446866434
326166.794376969,PLAYBACK,1.3300579510396346,5.795102333649993e-05,-0.25836255436026434,0.030497138933395007,0.03394964522774124,0.6346857404440378,-0.051491004272574165,-0.1950666056305792,1.0570423437857634,-0.2655839036642254,0.031582308866580804,0.033200231787422055,0.6629353028415738,-0.048994111270669646,-0.19500778515684067,1.036818971483483
326166.803858707,PLAYBACK,1.3400754790054634,7.547897985205054e-05,-0.260664225223163,0.030880750743877527,0.03394964522774124,0.6412071412222478,-0.05072378065160735,-0.1950666056305792,1.0532062256809347,-0.2681052476540687,0.03201163384630619,0.03308080653872814,0.6699378683265589,-0.04841516924434027,-0.19501252734292307,1.0332367389614727
326166.809363447,PLAYBACK,1.3500677699921653,6.777001544833183e-05,-0.2625822842755774,0.030880750743877527,0.03356603341725872,0.6507974364843214,-0.05034016884112483,-0.1946829938200949,1.0493701075761042,-0.27061130847644754,0.03246486178909114,0.03295609171114888,0.6769042732561205,-0.04783675563202006,-0.19501932419687754,1.0297070206651942
326166.816848605,PLAYBACK,1.3552140910178423,0.00021409103646874428,-0.26373311970702673,0.03126436255436005,0.03356603341725872,0.6542499427786677,-0.049572945220159786,-0.1946829938200949,1.0478356603341723,-0.2718977663941842,0.03270778503276538,0.032889689141050164,0.6804784217937285,-0.04753952446657639,-0.19502357526964334,1.0279116884051913
326166.821330195,PLAYBACK,1.3600599910132587,5.999102722853422e-05,-0.26450034332799177,0.03126436255436005,0.03356603341725872,0.6569352254520489,-0.04918933340967549,-0.1946829938200949,1.045917601281758,-0.2731059249671164,0.03294222972359,0.03282583424935173,0.6838315830235776,-0.047260621568695683,-0.19502800544423002,1.026238171853316
326166.830373644,PLAYBACK,1.3670498140272684,0.0020498140365816653,-0.26603479056992363,0.03164797436484257,0.033182421606774426,0.6600041199359126,-0.04918933340967549,-0.1946829938200949,1.0428487067978942,-0.27484246690125624,0.03328981654320753,0.032731489972442955,0.6886421321394561,-0.0468607724253786,-0.195035054166356,1.0238572575620248
326166.840410328,PLAYBACK,1.376483021012973,0.0014830210129730403,-0.267952849622338,0.03164797436484257,0.033182421606774426,0.6695944151979862,-0.04842210978871045,-0.1946829938200949,1.0390125886930655,-0.27717422299973515,0.03377591116203703,0.03259999958564425,0.6950770974994327,-0.046327250045738046,-0.19504560559321193,1.020712963985562
326166.848541122,PLAYBACK,1.3851378340041265,0.00013783399481326342,-0.2698709086747524,0.032031586175326865,0.032798809796291906,0.6761158159761962,-0.04803849797822793,-0.1946829938200949,1.0363273060196843,-0.2793031576866766,0.03423862286243412,0.03247508180448435,0.7009190692481267,-0.045845238498436504,-0.19505607498660182,1.0179030018929798
326166.852816787,PLAYBACK,1.3916558870114386,0.0016558869974687696,-0.2710217441062017,0.032415197985809385,0.032798809796291906,0.6795683222705424,-0.04727127435726111,-0.1946829938200949,1.0347928587777524,-0.28090186801512224,0.03459757375258581,0.032378200483547684,0.7052799136975746,-0.04548751924452629,-0.19506427902229156,1.0158356570276272
326166.861776399,PLAYBACK,1.398420971003361,0.003420970984734595,-0.2733234149691004,0.032798809796291906,0.032415197985809385,0.6826372167544061,-0.04727127435726111,-0.1946829938200949,1.032107576104373,-0.2825590159772594,0.0349796773304599,0.03227498336429708,0.7097724076001977,-0.045121380187490935,-0.19507292625706493,1.0137348457656181
326166.869967867,PLAYBACK,1.4065331100136973,0.0015331099857576191,-0.2748578622110305,0.033182421606774426,0.032415197985809385,0.6891586175326161,-0.04650405073629607,-0.1946829938200949,1.0294222934309918,-0.28454611462290585,0.03545078893218713,0.03214746114656905,0.7151170901815197,-0.04468960378285648,-0.19508325022411072,1.0112761959090582
326166.879538731,PLAYBACK,1.415989580040332,0.0009895800612866879,-0.27715953307392915,0.03356603341725872,0.032031586175326865,0.695680018310826,-0.04612043892581355,-0.1946829938200949,1.026353398947128,-0.28686699555036144,0.03601795653949525,0.03199334880913412,0.7212937509171096,-0.044196821116711485,-0.19509484952372794,1.0084934126675464
326166.888459631,PLAYBACK,1.4250591880409047,5.918805254623294e-05,-0.27907759212634353,0.03394964522774124,0.03164797436484257,0.7018178072785535,-0.04535321530484673,-0.1950666056305792,1.0236681162737469,-0.28910234559180753,0.03658033569211627,0.03183968770158087,0.7271682739470693,-0.04373545386110906,-0.19510509187115335,1.005908724456348
326166.893312303,PLAYBACK,1.4300598269910552,5.982699804008007e-05,-0.28022842755779287,0.03433325703822376,0.03164797436484257,0.7075719844357984,-0.04496960349436421,-0.1946829938200949,1.0229008926527818,-0.2903405346837029,0.036898205612439026,0.03175238740672396,0.7303882792094453,-0.04348600252959516,-0.19511019657200632,1.0045188990870513
326166.901841522,PLAYBACK,1.435065295023378,6.52950257062912e-05,-0.2813792629892422,0.034716868848706284,0.03164797436484257,0.7102572671091778,-0.04458599168388169,-0.1946829938200949,1.022133669031815,-0.29158497052109,0.037221980156842825,0.03166309421313217,0.7335988309755167,-0.04323994217243036,-0.19511481530770033,1.0031528373748189
326166.906304808,PLAYBACK,1.4450599200208671,5.992001388221979e-05,-0.2832973220416566,0.035100480659188804,0.03164797436484257,0.7163950560769052,-0.044202379873397396,-0.1946829938200949,1.0179139391165037,-0.294087958284278,0.03788538175567467,0.031478851076859944,0.7399747292006601,-0.042759874061454,-0.19512222468443668,1.0005003053974901
326166.914783141,PLAYBACK,1.4510886890348047,0.0010886890231631696,-0.285982604715036,0.0354840924696731,0.03164797436484257,0.7190803387502864,-0.043818768062914876,-0.1946829938200949,1.0163794918745719,-0.29561150716038215,0.03829654334975474,0.0313637226066225,0.7438001653860635,-0.042477797396484475,-0.1951252839324313,0.9989487066702237
326166.923780363,PLAYBACK,1.4601237819879316,0.00012378196697682142,-0.2882842755779347,0.03625131609063814,0.03164797436484257,0.7252181277180139,-0.043435156252432355,-0.1946829938200949,1.0133105973907082,-0.2979175211140629,0.0389284009511685,0.031185286963781284,0.7495073427578907,-0.04206603639678016,-0.19512745842356127,0.9966915852093505
326166.931881282,PLAYBACK,1.4701933879987337,0.00019338802667334676,-0.2913531700617984,0.03701853971160496,0.03164797436484257,0.7340411993591207,-0.04266793263146554,-0.1946829938200949,1.010625314717327,-0.30052439422575206,0.03965498734728813,0.030977698559991617,0.7558355921710853,-0.04162319571066201,-0.19512584524000756,0.9942724217137948
326166.936475091,PLAYBACK,1.4750816370360553,8.163705933839083e-05,-0.29250400549324773,0.03740215152208748,0.03164797436484257,0.7371100938429844,-0.04266793263146554,-0.1946829938200949,1.0087072556649126,-0.30180557186618673,0.0400162980787772,0.030873469838111976,0.7588967725179048,-0.0414145167453406,-0.19512329012773216,0.993134686812081
326166.946046696,PLAYBACK,1.4825482600135729,0.002548260032199323,-0.29518928816662715,0.03778576333257,0.03164797436484257,0.7394117647058831,-0.04228432082098302,-0.1946829938200949,1.0064055848020157,-0.3037842806952661,0.040579126491643885,0.030709738296385534,0.7635606299446085,-0.041103919576076405,-0.19511685953752786,0.9914430642814961
326166.955336035,PLAYBACK,1.4919689940288663,0.001968994038179517,-0.2974909590295258,0.03893659876401934,0.03164797436484257,0.7474676127260249,-0.04228432082098302,-0.1946829938200949,1.0037203021286345,-0.3063216428090026,0.0413082803180195,0.030495073898750016,0.7694271944446207,-0.04072641460142062,-0.19510387689045736,0.9893884492515863
326166.963393562,PLAYBACK,1.5000566780217923,5.66780217923224e-05,-0.30017624170290524,0.03932021057450186,0.03164797436484257,0.7505365072098886,-0.04151709720001798,-0.1946829938200949,1.0002677958342883,-0.30853960822453264,0.04195134827936679,0.030303310768336877,0.7744505096362148,-0.04041542008718984,-0.19508785655370764,0.9876955374686336
326166.968933238,PLAYBACK,1.5050684270099737,6.842700531706214e-05,-0.3013270771343546,0.03970382238498438,0.03126436255436005,0.753221789883268,-0.04151709720001798,-0.1946829938200949,0.9987333485923564,-0.3099337951968087,0.04235782737764305,0.030180898681900988,0.777558410752928,-0.040228881825434895,-0.19507543397104024,0.9866793893746165
326166.976645531,PLAYBACK,1.5150644750101492,6.447499617934227e-05,-0.3040123598077358,0.040471046005951195,0.03126436255436005,0.7608940260929273,-0.04074987357905116,-0.1950666056305792,0.9964316777294577,-0.3127629271527031,0.043186934214772085,0.029928296711954207,0.7837485847757171,-0.039871151016549464,-0.19504438058869117,0.9847278771376724
326166.981247946,PLAYBACK,1.520057390036527,5.739001790061593e-05,-0.30516319523918334,0.040854657816433715,0.03126436255436005,0.763195696955826,-0.04074987357905116,-0.1950666056305792,0.9956644541084927,-0.31420157490031864,0.0436102787214733,0.02979779867426177,0.7868373462590262,-0.039699684754839586,-0.19502548134913028,0.9837906508561738
326166.990507208,PLAYBACK,1.5269492610241286,0.0019492610008455813,-0.30784847791256453,0.04162188143740053,0.030880750743877527,0.7658809796292054,-0.04036626176856864,-0.1950666056305792,0.9937463950560783,-0.31621696779196995,0.04420476583526529,0.029612804532488823,0.7910987256757877,-0.03947096288423481,-0.19499536653643487,0.9825380599956977
326166.999601001,PLAYBACK,1.5362699670367874,0.0012699670623987913,-0.3101501487754632,0.04238910505836557,0.030497138933395007,0.7743204394598315,-0.03998264995808612,-0.1950666056305792,0.9914447241931796,-0.3190001008285891,0.0450275068375025,0.029353424364367792,0.7968602743445927,-0.03917636738203466,-0.19494661449488093,0.9809198673219593
326167.008393571,PLAYBACK,1.5450565770152025,5.657703150063753e-05,-0.31321904325932515,0.04315632867933239,0.03011352712291071,0.7796910048065921,-0.03959903814760182,-0.1946829938200949,0.9899102769512478,-0.32168777456570946,0.04582285226266381,0.02909898348398752,0.8022926928333479,-0.038914149410410714,-0.1948914432118339,0.9794742890824933
326167.012273006,PLAYBACK,1.550954220991116,0.0009542210027575493,-0.314753490501257,0.04353994048981491,0.02972991531242819,0.7827598992904559,-0.0392154263371193,-0.1946829938200949,0.9891430533302827,-0.32352837282137903,0.04636741500869793,0.028922685443730806,0.8059408591534695,-0.03874652672401424,-0.19484898296782754,0.9785475169184027
326167.02151224,PLAYBACK,1.5579969829996116,0.0029969830065965652,-0.31667154955367316,0.04430716411077995,0.02972991531242819,0.7854451819638353,-0.0392154263371193,-0.1946829938200949,0.9879922178988334,-0.3257664563124971,0.047028919864295096,0.02870626451627805,0.8103004830931696,-0.038555072618710155,-0.194792157992686,0.9774866165461951
326167.030667468,PLAYBACK,1.5673510920023546,0.002351092000026256,-0.31897322041657006,0.04545799954222929,0.02934630350194567,0.7942682536049439,-0.0392154263371193,-0.1946829938200949,0.9856905470359365,-0.32880902041203514,0.04792614703792281,0.028408795868390912,0.8160977351679258,-0.03831517101195645,-0.1947056607399282,0.9761547049428143
326167.039020297,PLAYBACK,1.5756874000071548,0.0006873999955132604,-0.3220421149004338,0.04622522316319433,0.02896269169146315,0.7973371480888076,-0.03883181452663678,-0.1946829938200949,0.9841560997940046,-0.3315900906261122,0.048743263191247166,0.028134009254530384,0.8212720771035767,-0.03811477821814309,-0.1946171908261651,0.9750419491610794
326167.04838739,PLAYBACK,1.585057279036846,5.727901589125395e-05,-0.32434378576333067,0.046992446784161146,0.028579079880978853,0.8030913252460525,-0.03844820271615426,-0.1946829938200949,0.9830052643625553,-0.33479644595893365,0.04968068160937092,0.027814300349885874,0.8270977275485453,-0.037903894430844694,-0.19450396678329365,0.9738747236397313
326167.053317377,PLAYBACK,1.590062306029722,6.230600411072373e-05,-0.3262618448157468,0.047376058594643666,0.028579079880978853,0.8084618905928131,-0.03844820271615426,-0.1946829938200949,0.9826216525520728,-0.336544643887833,0.05018930917004663,0.027638872708672237,0.830213917533479,-0.03779712737154088,-0.19443715195720035,0.9732873903933545
326167.061726652,PLAYBACK,1.5950653190375306,6.531906547024846e-05,-0.32702906843671187,0.04775967040512619,0.028195468070496332,0.8111471732661943,-0.03844820271615426,-0.1946829938200949,0.9818544289311042,-0.3383170741772964,0.05070298245793807,0.027460332355346694,0.8333318704350546,-0.03769424026337418,-0.19436574421939867,0.9727253799666643
326167.070027013,PLAYBACK,1.6052466030232608,0.0002466030418872833,-0.32971435111009306,0.048526894026093004,0.027811856260013812,0.816517738612955,-0.038064590905669965,-0.1946829938200949,0.9803199816891723,-0.3420014688263629,0.051763627149936674,0.027087412209596335,0.8396861745354635,-0.03749569760746028,-0.19420548843988936,0.9716586861451362
326167.074457287,PLAYBACK,1.6150579560198821,5.795602919533849e-05,-0.3335504692149218,0.04967772945754234,0.027811856260013812,0.8222719157701999,-0.038064590905669965,-0.1946829938200949,0.978401922636758,-0.34565060859570484,0.0528035743653625,0.026716366239913157,0.8458211917168277,-0.03731618249329408,-0.19403104546847966,0.9707273656080134
326167.08372266,PLAYBACK,1.620201261015609,0.00020126102026551962,-0.33470130464637116,0.05044495307850738,0.027811856260013812,0.8249571984435793,-0.037680979095187445,-0.1946829938200949,0.9780183108262754,-0.3476022761355727,0.05335506392484613,0.026517506517497933,0.8490419810570599,-0.03722580280379781,-0.1939313370643462,0.9702764225188734
326167.088851148,PLAYBACK,1.625219042005483,0.00021904200548306108,-0.3358521400778205,0.0512121766994742,0.02742824444953129,0.827258869306478,-0.037680979095187445,-0.1946829938200949,0.9776346990157929,-0.34953197656947455,0.0538969213725902,0.026320753381594376,0.8521874749055766,-0.03713954540298047,-0.19382836579948237,0.9698607767842076
326167.096682643,PLAYBACK,1.6351567810052074,0.00015678099589422345,-0.33930464637216673,0.05197940032043924,0.02742824444953129,0.8360819409475848,-0.037297367284704924,-0.1946829938200949,0.9764838635843436,-0.3534285413443695,0.054980114693132215,0.025923521211413364,0.8584277749591531,-0.03697246111859522,-0.19360717704472774,0.9691069203140336
326167.101194629,PLAYBACK,1.6400586750241928,5.867501022294164e-05,-0.3408390936140986,0.05236301213092176,0.027044632639046995,0.8383836118104835,-0.037297367284704924,-0.1942993820096124,0.9757166399633785,-0.355387149990668,0.05551877558229479,0.025724112842594658,0.8615117200551146,-0.036890905911179,-0.1934893121807639,0.9687681936733435
326167.110291859,PLAYBACK,1.6468087210087106,0.0018087209900841117,-0.3442915999084448,0.05389745937285362,0.026661020828564475,0.8410688944838629,-0.036913755474222404,-0.19391577019912987,0.9745658045319292,-0.3581237520035041,0.05626458448343642,0.02544606291713876,0.8657656935517577,-0.03677828298044942,-0.19331715991837126,0.9683365001946463
326167.119017544,PLAYBACK,1.6576233379892074,0.00262333796126768,-0.34774410620279106,0.055048294804302955,0.026661020828564475,0.850275577935454,-0.036913755474222404,-0.1942993820096124,0.9737985809109624,-0.36260368143336075,0.05746758057589465,0.024993025697583132,0.8726018790963004,-0.03659361484268676,-0.19301659906344473,0.9677257649204031
326167.128423139,PLAYBACK,1.6650595960090868,5.959603004157543e-05,-0.3519638361181041,0.05619913023575229,0.025893797207599434,0.856029755092699,-0.036530143663739884,-0.19391577019912987,0.9726477454795148,-0.3657523268229771,0.05829916995357501,0.02467678989340904,0.8773201416650032,-0.036460633458080566,-0.19279147543446742,0.9673610161886038
326167.131389709,PLAYBACK,1.6700665460084565,6.654602475464344e-05,-0.3538818951705185,0.05658274204623481,0.025893797207599434,0.8590986495765627,-0.036530143663739884,-0.19391577019912987,0.9726477454795148,-0.3679036598947949,0.0588605021104771,0.024462005074873235,0.8805065155866707,-0.036366968551519135,-0.19263108911883164,0.9671395662585338
326167.141118068,PLAYBACK,1.6773345990222879,0.0023345990339294076,-0.35771801327534725,0.05773357747768415,0.025510185397115137,0.8617839322499421,-0.03614653185325559,-0.19353215838864735,0.971880521858548,-0.37107133994311364,0.05967659023918292,0.02414796478111037,0.8851473564824254,-0.03622330911156656,-0.19238524905520038,0.9668511239956602
326167.150909854,PLAYBACK,1.687304007995408,0.002304007997736335,-0.3611705195696935,0.05888441290913171,0.025126573586632617,0.8706070038910507,-0.03614653185325559,-0.19391577019912987,0.9707296864270987,-0.3755027075448886,0.06079674301557036,0.023713776605807892,0.8915476566371957,-0.0360072826894801,-0.19202203874351662,0.966515474873971
326167.158513965,PLAYBACK,1.6950591300264932,5.913001950830221e-05,-0.36539024948500654,0.05926802471961601,0.024742961776150096,0.8736758983749144,-0.03614653185325559,-0.19353215838864735,0.9699624628061336,-0.3790189027695224,0.061667140617813566,0.023374169719357005,0.896558692996358,-0.03582009116661293,-0.1917178787406002,0.9662989594951822
326167.163555821,PLAYBACK,1.700065849989187,6.58499775454402e-05,-0.3673083085374209,0.06003524834058105,0.024742961776150096,0.8759775692378113,-0.03614653185325559,-0.19314854657816305,0.9695788509956511,-0.38132107388934466,0.06222794865244806,0.023154454466954463,0.8998109888751754,-0.03568855659596147,-0.191511109603503,0.9661783830732316
326167.171257985,PLAYBACK,1.7051720460294746,0.0001720460131764412,-0.36884275577935277,0.06041886015106357,0.024742961776150096,0.8805809109636069,-0.035762920042773066,-0.19314854657816305,0.9699624628061336,-0.383694929942852,0.06279855066249555,0.022930266424968527,0.9031432458954451,-0.035544579076350946,-0.1912916008833636,0.9660699238317653
326167.176280204,PLAYBACK,1.715057777997572,5.777797196060419e-05,-0.372295262073699,0.060802471961547866,0.024742961776150096,0.885567864499885,-0.035762920042773066,-0.19276493476768053,0.9688116273746843,-0.388365120768767,0.06389790775344233,0.02249684255551721,0.9096436118743984,-0.03523358469896288,-0.19084114523705856,0.965898210321615
326167.185613333,PLAYBACK,1.7221775950165465,0.0021775950444862247,-0.37613138017852954,0.06156969558251291,0.024359349965667576,0.8882531471732662,-0.035762920042773066,-0.192381322957198,0.967660791943235,-0.39178901788962905,0.06468389876293942,0.022186080229907708,0.9143698430714806,-0.03497944622609792,-0.19049529843809335,0.9658026148472589
326167.194750197,PLAYBACK,1.7313654739991762,0.001365474017802626,-0.3799674982833583,0.06195330739299543,0.024359349965667576,0.8959253833829255,-0.035379308232290546,-0.192381322957198,0.9668935683222699,-0.396280549650392,0.06568870669085994,0.0217882586051416,0.9205299567760699,-0.034608380562029466,-0.190021736612571,0.9657091020806952
326167.20344259,PLAYBACK,1.740059931005817,5.993101513013244e-05,-0.38457084000915387,0.06272053101396224,0.02359212634470076,0.9016795605401686,-0.034995696421808026,-0.192381322957198,0.9661263447013049,-0.40060254530460326,0.06662684756506437,0.021416887702185337,0.9264257697853142,-0.034206752704419904,-0.1895449419612541,0.9656464859418669
326167.208795467,PLAYBACK,1.7450650880346075,6.508803926408291e-05,-0.38687251087205254,0.06310414282444476,0.02320851453421824,0.9051320668345149,-0.034995696421808026,-0.1919977111467155,0.9657427328908206,-0.40311893754448364,0.06715985265624178,0.021206198267235774,0.9298486094051485,-0.0339510737397738,-0.18925789949544292,0.9656196988207663
326167.216342501,PLAYBACK,1.7550571380415931,5.713803693652153e-05,-0.39147585259784634,0.0638713664454098,0.022441290913253198,0.9112698558022423,-0.03461208461132373,-0.1916140993362312,0.9657427328908206,-0.40819182172549767,0.06820434969359959,0.020794696893797204,0.936737142596659,-0.03338290310239058,-0.18865841559580607,0.9655813595506967
326167.221320939,PLAYBACK,1.7600561440340243,5.614402471110225e-05,-0.3937775234607468,0.0642549782558941,0.0220576791027689,0.9139551384756235,-0.03461208461132373,-0.19123048752574867,0.9657427328908206,-0.41074725499235915,0.06871515042541003,0.02059447091888011,0.940205733481478,-0.033068372491731675,-0.18834604194734778,0.9655675290150207
326167.230411796,PLAYBACK,1.7670532810152508,0.0020532810012809932,-0.39838086518654237,0.06502220187685914,0.02129045548180386,0.9170240329594872,-0.03461208461132373,-0.19123048752574867,0.9657427328908206,-0.41433376426325763,0.06941453634354787,0.02032188871876388,0.9450777417942863,-0.03259299354333848,-0.18789613348314108,0.9655514005741328
326167.238574931,PLAYBACK,1.7751527770305984,0.00015277700731530786,-0.4026005951018554,0.06617303730830848,0.02090684367132134,0.9239290455481797,-0.03461208461132373,-0.19046326390478363,0.9657427328908206,-0.4184867101294894,0.0701986924412325,0.020019145780579645,0.9507323438515501,-0.03199055037693802,-0.18735879731481697,0.9655338240330946
326167.243368082,PLAYBACK,1.7800592000130564,5.91999851167202e-05,-0.4052858777752366,0.066556649118791,0.020523231860837043,0.9269979400320434,-0.03461208461132373,-0.19046326390478363,0.9657427328908206,-0.4209975423678713,0.0706593884325129,0.019843116727266984,0.9541617731649461,-0.03159805197766457,-0.18702565868671991,0.9655219482853947
326167.252689841,PLAYBACK,1.7891684719943441,0.004168472019955516,-0.4095056076905479,0.06732387273975782,0.019756008239872003,0.9331357289997708,-0.03422847280084121,-0.1896960402838168,0.9649755092698555,-0.42563977107236756,0.07148464631445647,0.019532189443826332,0.9605321743270351,-0.030813849864957613,-0.18639399262182835,0.9654937659326036
326167.260568865,PLAYBACK,1.7950647739926353,6.477400893345475e-05,-0.41180727855344657,0.06809109636072286,0.019756008239872003,0.938889906157014,-0.03384486099035869,-0.1893124284733343,0.9653591210803381,-0.42862654427438907,0.07199755624087957,0.01934247552754566,0.9646565878161422,-0.030267813727046098,-0.18597729776197724,0.9654692073860917
326167.269584602,PLAYBACK,1.8050607510376722,6.0751044657081366e-05,-0.41871229114213904,0.06885831998168968,0.019756008239872003,0.9454113069352257,-0.03346124917987617,-0.18892881666285177,0.9649755092698555,-0.4336490077856098,0.07282874653213722,0.019042443450467288,0.9716493223135863,-0.029273901155849998,-0.18525981236823885,0.9654122040125294
326167.274211513,PLAYBACK,1.8150582819944248,5.8281992096453905e-05,-0.4233156328679346,0.07000915541313724,0.019756008239872003,0.9511654840924688,-0.03269402555890935,-0.18854520485236748,0.9649755092698555,-0.4386111250136113,0.07361255497409991,0.01877023297976938,0.9786436545199859,-0.028196284540500535,-0.18453241307559207,0.9653315929812808
326167.282401548,PLAYBACK,1.8210769420256838,0.001076942018698901,-0.4256173037308315,0.07077637903410405,0.019756008239872003,0.9569196612497137,-0.03231041374842683,-0.18816159304188496,0.9649755092698555,-0.4415647594342626,0.07406221035802908,0.018619978665903054,0.9828545565580804,-0.027508906722379763,-0.18409187508127345,0.9652700386146771
326167.286400036,PLAYBACK,1.8250662020291202,6.620201747864485e-05,-0.42753536278324766,0.07115999084458657,0.019756008239872003,0.9596049439230931,-0.03231041374842683,-0.18816159304188496,0.9649755092698555,-0.44350734466724445,0.07435136892435487,0.018526041921470383,0.9856456801777667,-0.02703797907284651,-0.18379947869244925,0.9652234400120266
326167.296680935,PLAYBACK,1.8331280979909934,0.0031280979746952653,-0.43252231631952576,0.07192721446555339,0.019756008239872003,0.9626738384069569,-0.031159578316977493,-0.18739436942091992,0.9649755092698555,-0.44739390964041853,0.07491499526091369,0.018349907335242107,0.991286366404188,-0.026050764340261066,-0.1832091406847899,0.9651144950323083
326167.304665877,PLAYBACK,1.84130049002124,0.0013004899956285954,-0.43674204623483703,0.07307804989700095,0.019756008239872003,0.9695788509956511,-0.030392354696012452,-0.1866271457999531,0.9642082856488887,-0.45127690799961034,0.07545959616882925,0.018189868882393323,0.9970043106161987,-0.02500457245062116,-0.18261384971106243,0.9649831734340715
326167.313719706,PLAYBACK,1.8504169349907897,0.00041693501407280564,-0.4409617761501501,0.07422888532845029,0.019372396429389482,0.9757166399633785,-0.029625131075045635,-0.18624353398947058,0.964591897459373,-0.4555366863107613,0.07603800135418298,0.018032856425158072,1.0033823534931419,-0.02378855796294671,-0.18195700190377598,0.9648112729496364
326167.318516564,PLAYBACK,1.855156687030103,0.00015668704872950912,-0.4436470588235313,0.07499610894941533,0.019372396429389482,0.9787855344472405,-0.028857907454080595,-0.18585992217898806,0.964591897459373,-0.45772023957798474,0.07632767843655106,0.01795995437850712,1.0066981097578926,-0.02313787694892075,-0.18161972502788515,0.9647112445504544
326167.32786364,PLAYBACK,1.8642872979980893,0.004287298012059182,-0.44825040054932686,0.07576333257038215,0.018988784618905186,0.9845397116044872,-0.028090683833113778,-0.18547631036850554,0.964591897459373,-0.46186472377960475,0.07686681820631368,0.01783576966489717,1.0130851164916523,-0.021852867842461803,-0.18098047518345023,0.9644981266817286
326167.33523145,PLAYBACK,1.8700580660370179,5.806604167446494e-05,-0.45016845960174123,0.07576333257038215,0.018988784618905186,0.9906775005722146,-0.027323460212148737,-0.18509269855802124,0.964591897459373,-0.4644414490322502,0.07719623278298506,0.017767929215214175,1.0171217818494003,-0.02102167032528783,-0.18058483006939224,0.9643497467706261
326167.345489837,PLAYBACK,1.8800586620345712,5.8662029914557934e-05,-0.4543881895170525,0.07653055619134719,0.019372396429389482,0.9964316777294577,-0.0261726247806994,-0.18394186312657368,0.964591897459373,-0.46882774889392126,0.07774994840469475,0.017668896487955475,1.0241177856950554,-0.019551834213095462,-0.17991726853763262,0.9640681514493328
326167.3491752,PLAYBACK,1.890058126009535,5.812599556520581e-05,-0.46052597848477994,0.077297779812314,0.019372396429389482,1.0029530785076677,-0.02540540115973436,-0.18355825131608938,0.9642082856488887,-0.4731129786096399,0.07828677941775507,0.01759196623177579,1.0311144587309662,-0.018052131009358274,-0.17927595227049314,0.9637566847795596
326167.358514992,PLAYBACK,1.8950613700435497,6.137002492323518e-05,-0.4624440375371943,0.07768139162279653,0.018988784618905186,1.0060219729915314,-0.02463817753876754,-0.18317463950560686,0.9642082856488887,-0.47521941792739386,0.0785508850648194,0.017561229970476926,1.0346159075178412,-0.017293093798424582,-0.17896596726312236,0.9635900867901982
326167.363438768,PLAYBACK,1.9000599950086325,5.999498534947634e-05,-0.4643620965896105,0.07806500343327905,0.018988784618905186,1.0087072556649126,-0.02425456572828502,-0.18279102769512434,0.9642082856488887,-0.47729893210006963,0.07881272113646139,0.01753539414418668,1.0381145300556958,-0.01653035733626641,-0.17866404199925714,0.9634167522568524
326167.371444328,PLAYBACK,1.9080926360329613,0.0030926360050216317,-0.46819821469443923,0.07806500343327905,0.018605172808422665,1.0144614328221575,-0.022720118486353164,-0.18240741588464182,0.9642082856488887,-0.480588736775747,0.07923107107218164,0.017503513673789075,1.0437374192813602,-0.015297948049642787,-0.1781959886817173,0.9631243191876179
326167.380673123,PLAYBACK,1.9173409680370241,0.0023409680579788983,-0.47165072098878547,0.07844861524376334,0.018605172808422665,1.0205992217898832,-0.021952894865386346,-0.181640192263675,0.9638246738384062,-0.48429826432669587,0.07971248161350292,0.01748045318204805,1.0502120890364863,-0.013873257279407497,-0.17768464085246652,0.962767433335995
326167.390095891,PLAYBACK,1.9255295710172504,0.0005295710288919508,-0.475486839093616,0.07844861524376334,0.018221560997940145,1.0271206225680931,-0.020802059433938785,-0.18087296864270996,0.9638246738384062,-0.48751442781552595,0.08014196874568048,0.01747113940668783,1.055945332074983,-0.012610941078274344,-0.17725763996227697,0.9624343964121235
326167.394452608,PLAYBACK,1.935059920011554,5.992001388221979e-05,-0.47855573357747794,0.07883222705424586,0.018221560997940145,1.0336420233463048,-0.019651224002489448,-0.18010574502174315,0.9634410620279237,-0.49117925533049994,0.08064992408629738,0.01747209867705046,1.0626184065457065,-0.011145610896019415,-0.1767921866704432,0.9620277782067042
326167.403445934,PLAYBACK,1.9400817989953794,8.17989930510521e-05,-0.4804737926298941,0.07921583886472838,0.017837949187457625,1.0363273060196843,-0.01888400038152263,-0.18010574502174315,0.9630574502174412,-0.4930775366431155,0.0809226090935604,0.017477237682528058,1.0661348350013318,-0.010376731246791103,-0.17656082385699687,0.9618056615921264
326167.40828386,PLAYBACK,1.9450594049994834,5.940499249845743e-05,-0.48200823987182595,0.07921583886472838,0.017837949187457625,1.0424650949874117,-0.01850038857104011,-0.1793385214007781,0.9626738384069569,-0.49493738666409276,0.08119718365789394,0.01748521980880526,1.0696203547846934,-0.009617693804743628,-0.17634106308974284,0.9615803425127551
326167.416214361,PLAYBACK,1.9528831469942816,0.002883146982640028,-0.4858443579766547,0.0795994506752109,0.017837949187457625,1.045917601281758,-0.01734955313959255,-0.1789549095902938,0.9622902265964743,-0.4978183525183074,0.08163895738103205,0.01750310621446922,1.0750990275337282,-0.008432205055423648,-0.17601495784604237,0.9612160930056782
326167.425739209,PLAYBACK,1.962122922996059,0.002122922975104302,-0.48929686427100094,0.0799830624856952,0.017454337376973328,1.0524390020599679,-0.016198717708143212,-0.17818768596932877,0.9622902265964743,-0.5011568644561446,0.08217971071268672,0.017531758837113685,1.0815695509585719,-0.007046444718481689,-0.1756601796409365,0.9607704598375221
326167.435084693,PLAYBACK,1.9700600359938107,6.003602175042033e-05,-0.4927493705653472,0.08075028610666024,0.017454337376973328,1.0593440146486621,-0.015047882276693875,-0.17780407415884625,0.9622902265964743,-0.5039722784683002,0.08266350240791422,0.01756206947935399,1.087128035424116,-0.005870421789664477,-0.17538141591357442,0.9603745646719792
326167.439207212,PLAYBACK,1.9800567160127684,5.671603139489889e-05,-0.4958182650492109,0.08113389791714276,0.017070725566490808,1.0666326390478371,-0.013897046845244537,-0.17742046234836373,0.9619066147859918,-0.5074535355104804,0.08330209283660664,0.017606660394142774,1.0941291060713385,-0.004410435759567659,-0.17506383586455604,0.9598588546062725
326167.44873123,PLAYBACK,1.9850587280234322,5.8728037402033806e-05,-0.49773632410162527,0.08151750972762706,0.017070725566490808,1.073154039826047,-0.013513435034762017,-0.17703685053787943,0.9619066147859918,-0.5091698957078792,0.08363521261424295,0.017631304812647745,1.0976323006747268,-0.003689411472970569,-0.17491862469377117,0.959593611811474
326167.457356328,PLAYBACK,1.9903251139912754,0.00032511400058865547,-0.4988871595330746,0.08190112153810958,0.017454337376973328,1.0758393224994283,-0.011978987792830159,-0.17703685053787943,0.9619066147859918,-0.5109595541517787,0.08399657156711722,0.017658724914196306,1.1013207049422897,-0.002937437627352571,-0.17477535017851564,0.9593090789446116
326167.461224412,PLAYBACK,2.000055867014453,5.5867014452815056e-05,-0.5019560540169383,0.08266834515907462,0.017454337376973328,1.0827443350881207,-0.010444540550898301,-0.1762696269169144,0.9615230029755093,-0.5142220087098783,0.08469512660170121,0.017712853773212484,1.1081359237345736,-0.0015679035645243746,-0.17453574884656892,0.9587687713403602
326167.470230221,PLAYBACK,2.0068939680350013,0.0018939680303446949,-0.505024948500802,0.08305195696955714,0.017454337376973328,1.0858132295719845,-0.00967731692993326,-0.1762696269169144,0.9607557793545425,-0.5164825197444293,0.08521179295317356,0.017753179709588396,1.1129252602558546,-0.0006212607462686058,-0.17438612513508484,0.9583773867449478
326167.479170789,PLAYBACK,2.0159280000370927,0.0009280000231228769,-0.5077102311741832,0.08381918059052396,0.017837949187457625,1.0934854657816437,-0.008526481498483923,-0.17588601510643187,0.9607557793545425,-0.5194316992713032,0.08592960476701555,0.017808805313497166,1.1192526705853751,0.0006091835258325047,-0.17421096201466554,0.957844833085614
326167.48850943,PLAYBACK,2.025057950988412,5.7950965128839016e-05,-0.5103955138475627,0.0849700160219733,0.017837949187457625,1.1000068665598537,-0.006608422446069545,-0.17588601510643187,0.9599885557335774,-0.5223729119175531,0.0866986552850168,0.017867182716446214,1.1256473179773876,0.0018293399399365302,-0.17405849680215182,0.9572878191794707
326167.492562149,PLAYBACK,2.031318203022238,0.0013182029942981899,-0.5119299610894945,0.08535362783245581,0.018221560997940145,1.1034593728542,-0.005073975204137687,-0.17550240329594757,0.9592213321126106,-0.5243689677247656,0.08725291649073576,0.017908179547273684,1.1300320427065713,0.0026525362124718505,-0.17396734791868612,0.9568943958961666
326167.501450299,PLAYBACK,2.0374187370180152,0.0024187370436266065,-0.5153824673838425,0.08612085145342085,0.018221560997940145,1.1069118791485462,-0.00430675158317087,-0.17550240329594757,0.9588377203021281,-0.5262993619084237,0.08781519591814631,0.01794870868279502,1.1343049143576995,0.00344436318499002,-0.17388838821938488,0.9565016024360097
326167.510381829,PLAYBACK,2.046393288008403,0.001393288024701178,-0.5188349736781888,0.08688807507438767,0.018221560997940145,1.1134332799267561,-0.003155916151723309,-0.17511879148546505,0.9588377203021281,-0.5291152905592418,0.08868400978407305,0.018009078873006852,1.1405907961169384,0.004591013567198078,-0.17378880220586138,0.9559061008897849
326167.519211359,PLAYBACK,2.055510796024464,0.0005107960314489901,-0.5219038681620525,0.08803891050583701,0.017837949187457625,1.1203382925154504,-0.0016214689097914514,-0.17473517967498253,0.9580704966811613,-0.5319504069101734,0.08961999135776379,0.01807095987897964,1.1469768291894682,0.005734390489662718,-0.17370626235638298,0.9552784610939377
326167.529070933,PLAYBACK,2.065108801005408,0.0001088010030798614,-0.5249727626459162,0.08880613412680205,0.017837949187457625,1.1291613641565572,-8.702166785959364e-05,-0.1743515678645,0.9580704966811613,-0.5349112140253279,0.09066650963647398,0.018136299429782524,1.1536994319654186,0.0069155650940736415,-0.1736376895307177,0.9545916387629487
326167.536627276,PLAYBACK,2.0750828590244055,8.285901276394725e-05,-0.5276580453192956,0.08957335774776887,0.018221560997940145,1.1352991531242846,0.0014474255740722641,-0.1743515678645,0.9576868848706788,-0.5379669028210624,0.09182402398256789,0.018204022367657974,1.1606854535194893,0.008119915010802425,-0.17358411255709372,0.9538478886555374
326167.541711922,PLAYBACK,2.080102743988391,0.0001027439720928669,-0.5291924925612275,0.08995696955825139,0.017837949187457625,1.1387516594186309,0.002214649195039081,-0.1743515678645,0.9576868848706788,-0.5394981752518333,0.0924347142085539,0.018237926424307216,1.164201487238973,0.008717628372563898,-0.17356323378508284,0.9534614423749033
326167.549674132,PLAYBACK,2.085059271019418,5.927099846303463e-05,-0.5303433279926768,0.08995696955825139,0.017837949187457625,1.1410533302815296,0.002981872816004122,-0.1743515678645,0.9565360494392312,-0.5410065486564383,0.09305676798287571,0.018271231682052372,1.1676731505060882,0.009302536387895159,-0.17354622972262654,0.9530716198801646
326167.558516586,PLAYBACK,2.095080577011686,8.057703962549567e-05,-0.5345630579079899,0.09110780498970072,0.017837949187457625,1.147191119249257,0.00451632005793598,-0.17396795605401572,0.9557688258182644,-0.5440477510510473,0.09437415043378986,0.01833791460558381,1.1746923190439398,0.010470056328154252,-0.17352164529554448,0.9522575352021532
326167.563557922,PLAYBACK,2.1000593950157054,5.939503898844123e-05,-0.5357138933394374,0.09149141680018325,0.017837949187457625,1.1502600137331207,0.0048999318684185,-0.17396795605401572,0.9557688258182644,-0.5455556191717518,0.09505924130779958,0.018370659969234003,1.1781796120730808,0.01104307898629529,-0.17351373162409495,0.9518397541962205
326167.571779446,PLAYBACK,2.105062840040773,6.28400593996048e-05,-0.5368647287708868,0.09187502861066577,0.017837949187457625,1.1560141908903638,0.005667155489385317,-0.17396795605401572,0.954617990386815,-0.5470696489691079,0.09576876230132028,0.018403277362907925,1.1816841504959377,0.01161456529883575,-0.17350827519428236,0.9514107183261467
326167.576273329,PLAYBACK,2.1150558330118656,5.583302117884159e-05,-0.5391663996337837,0.09225864042114829,0.017837949187457625,1.1617683680476087,0.007201602731317175,-0.1735843442435332,0.9542343785763325,-0.5500918034553648,0.09725068703108086,0.018467474603950988,1.1886833632201579,0.012743864638015698,-0.17350374952451125,0.9505254843844523
326167.585939271,PLAYBACK,2.1219382859999314,0.001938286004588008,-0.5418516823071649,0.09340947585259762,0.018221560997940145,1.1644536507209882,0.007585214541799695,-0.1735843442435332,0.95385076676585,-0.5521736559058844,0.09832297925745759,0.01851090514765689,1.1935034764273196,0.013513154784673976,-0.17350463830587515,0.9498932240060226
326167.594991127,PLAYBACK,2.131181097996887,0.0011810979922302067,-0.5441533531700635,0.09456031128404696,0.017837949187457625,1.1736603341725793,0.009119661783731553,-0.1735843442435332,0.9534671549553675,-0.5549721071363138,0.09983108917397032,0.018568170033416632,1.1999744238259116,0.014536620250260786,-0.17350957546829263,0.9490144808531517
326167.60390781,PLAYBACK,2.140545357018709,0.0005453570047393441,-0.5472222476539255,0.09571114671549452,0.018221560997940145,1.1805653467612718,0.00988688540469837,-0.17320073243305067,0.9523163195239182,-0.557811241244812,0.10143964294101485,0.01862490187348273,1.2065224994407755,0.015563242514690757,-0.17351740575215108,0.948089403713923
326167.613315379,PLAYBACK,2.1500578229897656,5.78229664824903e-05,-0.5499075303273067,0.09686198214694386,0.017837949187457625,1.1870867475394835,0.011421332646628451,-0.17320073243305067,0.9511654840924688,-0.5606974707033153,0.10315590540753172,0.018681158783316987,1.2131538594456084,0.01659581000516254,-0.17352657591044582,0.9471149181954659
326167.616230414,PLAYBACK,2.1550589030375704,5.890300963073969e-05,-0.5514419775692385,0.09762920576791068,0.018221560997940145,1.1901556420233455,0.011804944457112748,-0.17320073243305067,0.9511654840924688,-0.562214125999284,0.10409036298682017,0.018710166954477695,1.2166257216566017,0.017134332093857542,-0.17353133349735528,0.9465893833744911
326167.625299691,PLAYBACK,2.1619635079987347,0.0019635080243460834,-0.5541272602426197,0.09878004119935824,0.017837949187457625,1.1932245365072092,0.012188556267595269,-0.17320073243305067,0.9507818722819863,-0.5643050197298326,0.10541517328188865,0.01874957173459407,1.221395246025299,0.017872617492658775,-0.17353730622766425,0.9458500715318744
326167.634562831,PLAYBACK,2.171168780012522,0.0011687800288200378,-0.5568125429159991,0.1003144884412901,0.018221560997940145,1.2001295490959034,0.01295577988856031,-0.17320073243305067,0.9503982604715038,-0.5670835412071565,0.1072405240614972,0.01880098892601332,1.227699117091947,0.01884719969675112,-0.1735433626993371,0.9448419911273657
326167.643379267,PLAYBACK,2.1800584929878823,5.8492994867265224e-05,-0.5598814373998628,0.10223254749370447,0.018221560997940145,1.2066509498741134,0.014106615320009647,-0.17320073243305067,0.9492474250400544,-0.5697538781251562,0.10906338933307455,0.018849567490468244,1.2337161693191632,0.019778107629375243,-0.17354622678702614,0.9438470004164966
326167.648304666,PLAYBACK,2.1850599230383523,5.992304068058729e-05,-0.5610322728313122,0.10299977111467129,0.018221560997940145,1.209719844357977,0.014873838940976464,-0.17320073243305067,0.9488638132295719,-0.5712501018386162,0.11011358782706192,0.018876519118108066,1.2370682416833823,0.020297792880211378,-0.17354624801643648,0.9432789433564944
326167.656562278,PLAYBACK,2.191054027993232,0.0010540279909037054,-0.562566720073244,0.10376699473563633,0.018221560997940145,1.216241245136187,0.015641062561941504,-0.17320073243305067,0.9488638132295719,-0.5730374433108801,0.11139472174259543,0.018908551880859027,1.2410531298146183,0.02091725735496581,-0.17354457166020265,0.9425910431359688
326167.661276472,PLAYBACK,2.20005902601406,5.9026002418249846e-05,-0.5652520027466252,0.10568505378805249,0.018221560997940145,1.2223790341039145,0.01640828618290832,-0.17320073243305067,0.9480965896086051,-0.575710931587477,0.11336383506535685,0.01895634931468724,1.2469722261752698,0.02184214499329297,-0.17353827392558197,0.9415445839170467
326167.670393369,PLAYBACK,2.2069728579954244,0.0019728579791262746,-0.5679372854200047,0.10798672465094938,0.018221560997940145,1.2254479285877782,0.016791897993390842,-0.17320073243305067,0.9473293659876401,-0.5777544737043186,0.11491043070521079,0.018993005968364913,1.2514615500030997,0.022548670778644395,-0.1735301814364562,0.9407319494794779
326167.678754875,PLAYBACK,2.2150646410300396,6.464100442826748e-05,-0.5702389562829033,0.10990478370336376,0.018605172808422665,1.2312021057450213,0.017559121614355883,-0.17320073243305067,0.9465621423666732,-0.5801365799553403,0.11675699723858238,0.019036162903812225,1.2566547391680203,0.023372963792645456,-0.17351700386649999,0.9397725764800348
326167.683894304,PLAYBACK,2.220133107039146,0.00013310706708580256,-0.5713897917143527,0.1110556191348131,0.018221560997940145,1.23350377660792,0.0183263452353227,-0.17320073243305067,0.9461785305561907,-0.5816235396580932,0.11793274516610487,0.019063485360446265,1.2598740879065493,0.023888460566112848,-0.1735067034867353,0.9391680131397893
326167.691534663,PLAYBACK,2.230004401993938,4.402012564241886e-06,-0.5740750743877321,0.11297367818722748,0.018605172808422665,1.2427104600595094,0.019477180666772037,-0.17320073243305067,0.9446440833142589,-0.5845084408579677,0.1202623607663019,0.01911775220406112,1.2660699560129016,0.024892177923945442,-0.17348219110478927,0.9379849956673726
326167.696488885,PLAYBACK,2.235067138040904,6.713805487379432e-05,-0.5752259098191814,0.11412451361867681,0.018605172808422665,1.2453957427328906,0.020244404287737078,-0.17320073243305067,0.9438768596932938,-0.5859823987942749,0.12147634778925867,0.019146321387484996,1.2692096715658054,0.025407509620311696,-0.1734674077083281,0.9373765563581352
326167.705746545,PLAYBACK,2.2444909079931676,0.0044909080024808645,-0.5775275806820783,0.11642618448157371,0.018605172808422665,1.2511499198901355,0.02101162790870212,-0.17320073243305067,0.9427260242618445,-0.5887158268534991,0.12376794059955074,0.019201294429705463,1.2749853518643062,0.026369231982505122,-0.1734361324483236,0.9362436086347121
326167.714339804,PLAYBACK,2.250518645043485,0.0005186450434848666,-0.5802128633554595,0.11872785534447239,0.018605172808422665,1.2538352025635149,0.021395239719186415,-0.17320073243305067,0.942342412451362,-0.5904571703196477,0.12525378796155273,0.019237966039209797,1.278632873005406,0.02698692436311922,-0.17341374420591874,0.9355202650251959
326167.72354745,PLAYBACK,2.2601584080257453,0.0001584080164320767,-0.5832817578393232,0.12064591439688677,0.018988784618905186,1.2626582742046235,0.022162463340151456,-0.17320073243305067,0.9415751888303951,-0.593230253388912,0.12765906547553924,0.019299662508077617,1.2843902595783747,0.027980558309244927,-0.173374511823997,0.9343688950090844
326167.728354598,PLAYBACK,2.2650637900223956,6.379000842571259e-05,-0.5851998168917376,0.12218036163881862,0.018988784618905186,1.2657271686884872,0.022546075150633976,-0.17320073243305067,0.9411915770199126,-0.5946356738258342,0.12889535129474392,0.019332747226533532,1.287284187996539,0.028489571055624472,-0.17335312594247612,0.9337868662922117
326167.73573378,PLAYBACK,2.273582920024637,0.0035829200060106814,-0.5875014877546363,0.12448203250171552,0.018988784618905186,1.2718649576562147,0.023313298771600793,-0.17320073243305067,0.9408079652094301,-0.5970668860735397,0.13105948358434555,0.019393386124149238,1.292252621511177,0.02938013735549006,-0.17331410802567673,0.9327846599135453
326167.745486214,PLAYBACK,2.2800552980042994,5.5297976359725e-05,-0.5890359349965681,0.12524925612268234,0.018988784618905186,1.274550240329594,0.02446413420305013,-0.17320073243305067,0.9404243533989458,-0.5989055103315253,0.13271615294290506,0.019442522221333105,1.295978656211148,0.03006314698284371,-0.17328319711632487,0.9320323156509149
326167.754486994,PLAYBACK,2.2900584299932234,5.843001417815685e-05,-0.5928720531013969,0.12831815060654606,0.018988784618905186,1.2806880292973215,0.02484774601353265,-0.17320073243305067,0.938889906157014,-0.601731802425982,0.13529326943432013,0.01952449967774166,1.3016545556321255,0.031131381939190024,-0.17323402850666758,0.9308888299720356
326167.759178255,PLAYBACK,2.3000580560183153,5.8056029956787825e-05,-0.5955573357747781,0.13023620965896043,0.019372396429389482,1.2860585946440821,0.02599858144498199,-0.17320073243305067,0.9381226825360489,-0.6045371084698123,0.1378837580105668,0.019614914416252186,1.3072280791239719,0.03221680299861587,-0.17318424118595713,0.929774116406989
326167.768577309,PLAYBACK,2.305068203015253,6.820302223786712e-05,-0.5967081712062257,0.13138704509040977,0.019372396429389482,1.2906619363698777,0.02638219325546451,-0.17281712062256815,0.9377390707255664,-0.6059345745633444,0.13918482947080585,0.019663826794582975,1.309982865570676,0.0327680140322529,-0.17315945676346492,0.9292280425129207
326167.771532548,PLAYBACK,2.3100653250003234,6.532500265166163e-05,-0.5974753948271925,0.13253788052185733,0.019372396429389482,1.2925799954222938,0.02714941687642955,-0.17320073243305067,0.9369718471045996,-0.6073226913330133,0.14048339269266866,0.0197152541849885,1.3127054011018822,0.033323103345079555,-0.17313506704520518,0.9286925904229633
326167.780605994,PLAYBACK,2.3172913910239004,0.0022913910215720534,-0.6001606775005737,0.1344559395742735,0.019372396429389482,1.2952652780956733,0.027533028686913846,-0.17320073243305067,0.935821011673152,-0.6093193066164135,0.1423608044784337,0.0197946709833637,1.316598004535001,0.034135769354562626,-0.1731007343168833,0.9279359550453281
326167.78965315,PLAYBACK,2.3263373750378378,0.0013373750261962414,-0.6028459601739531,0.13637399862668786,0.019372396429389482,1.2998686198214688,0.028683864118361407,-0.17320073243305067,0.9342865644312202,-0.6117997292325421,0.14470638652151735,0.019903331137681345,1.321397154683915,0.035170941978693984,-0.1730600600718387,0.9270209918506469
326167.799061832,PLAYBACK,2.335430848004762,0.00043084798380732536,-0.6051476310368518,0.13829205767910224,0.018988784618905186,1.304855573357747,0.029834699549810745,-0.17281712062256815,0.9339029526207359,-0.6142699498072746,0.14705347505405847,0.020024076952114892,1.3261387945258716,0.03623306369268982,-0.17302277566551652,0.9261409738235028
326167.808518614,PLAYBACK,2.3451198640395887,0.00011986406752839684,-0.6074493018997487,0.14059372854199914,0.019372396429389482,1.3125278095674062,0.030985534981260082,-0.17281712062256815,0.9331357289997708,-0.6168738071218572,0.14953537152055268,0.020166914777434777,1.331099757527174,0.037390208748937906,-0.17298827768929248,0.9252513013525924
326167.811194952,PLAYBACK,2.352055486990139,0.0020554870134219527,-0.6097509727626473,0.14174456397344848,0.019372396429389482,1.3148294804303031,0.0313691467917426,-0.17281712062256815,0.9319848935683215,-0.6187182539611453,0.15129577915299616,0.020279058444285576,1.3345931606599186,0.03823557190931476,-0.1729676294946069,0.9246470638489613
326167.821216759,PLAYBACK,2.3579253390198573,0.0029253390384837985,-0.6109018081940949,0.14404623483634715,0.019372396429389482,1.3171311512932018,0.03175275860222512,-0.17281712062256815,0.9312176699473564,-0.6202655822174167,0.152772655908,0.020380961480354856,1.3375120995634773,0.0389626109585974,-0.1729532043417349,0.9241580620173944
326167.829487455,PLAYBACK,2.3661057770368643,0.0011057770461775362,-0.6135870908674761,0.14634790569924405,0.018988784618905186,1.3217344930189974,0.03290359403367446,-0.17243350881208386,0.9304504463263896,-0.6223995125090506,0.15480740511983193,0.02053446558791162,1.341522497210441,0.03999410379046477,-0.17293833496082697,0.9235121713104719
326167.838541395,PLAYBACK,2.375058968027588,5.896802758798003e-05,-0.615888761730373,0.14903318837262525,0.018988784618905186,1.327105058365758,0.03443804127560632,-0.17281712062256815,0.9292996108949403,-0.6247025869555198,0.15699772548032753,0.020718999486127432,1.34583498138764,0.04114805091581584,-0.17292983819154864,0.9228543742206888
326167.843419545,PLAYBACK,2.3800604389980435,6.043899338692427e-05,-0.6174232089723048,0.1501840238040728,0.018988784618905186,1.3294067292286567,0.03482165308608884,-0.17281712062256815,0.9285323872739752,-0.6259732574144202,0.15820228815797258,0.020830138393932152,1.3482091525594444,0.041804250321309425,-0.17292895260114657,0.9225097523618363
326167.848330066,PLAYBACK,2.385061668988783,6.166897946968675e-05,-0.6185740444037542,0.15171847104600467,0.019372396429389482,1.3340100709544505,0.03520526489657136,-0.17243350881208386,0.9281487754634927,-0.6272317578532899,0.15939174296575256,0.020947375639220972,1.3505582363373523,0.04246877849479033,-0.17293101379093198,0.9221816842797775
326167.856360694,PLAYBACK,2.392980819044169,0.0029808190301992,-0.6208757152666529,0.15440375371938586,0.019756008239872003,1.3363117418173491,0.035972488517538176,-0.17243350881208386,0.9273815518425259,-0.6291983063117735,0.16124167296635944,0.021146140733739674,1.3542269129128812,0.043538121800785395,-0.172940606192968,0.9216960428738576
326167.865067295,PLAYBACK,2.403724444040563,0.003724444017279893,-0.6235609979400323,0.15708903639276706,0.019756008239872003,1.3424495307850766,0.037506935759470034,-0.17243350881208386,0.9266143282215609,-0.6318111131888924,0.16367898547526302,0.021443182867653246,1.359104827036935,0.045022048589395416,-0.1729666486480713,0.9211025281538703
326167.873514511,PLAYBACK,2.4100581129896455,5.811301525682211e-05,-0.6254790569924467,0.15939070725566395,0.019756008239872003,1.3447512016479735,0.03865777119091937,-0.17243350881208386,0.925079880979629,-0.6333195994777983,0.16507317846296166,0.021634011801242584,1.3619276059502736,0.04591440167284824,-0.17298928441947725,0.9207866779624038
326167.878354901,PLAYBACK,2.4150601050350815,6.0105056036263704e-05,-0.6270135042343785,0.1605415426871133,0.020139620050354523,1.3466692607003878,0.03904138300140189,-0.17243350881208386,0.925079880979629,-0.6344933310330283,0.16615036163799463,0.02179339015447936,1.3641296685585411,0.04662809659351012,-0.17301104818846855,0.920554213578356
326167.883304014,PLAYBACK,2.4200586500228383,5.865003913640976e-05,-0.6281643396658279,0.16169237811856263,0.02090684367132134,1.350888990615701,0.03980860662236693,-0.17243350881208386,0.9246962691691465,-0.6356502240510452,0.16720488989614865,0.0219605872921203,1.3663067131996842,0.04734903213290488,-0.17303624167989187,0.920336127134955
326167.891233383,PLAYBACK,2.427994972036686,0.0029949720483273268,-0.6300823987182422,0.163610437170977,0.02129045548180386,1.3531906614785978,0.04095944205381627,-0.17243350881208386,0.9239290455481797,-0.6374531296257251,0.16883252094876458,0.022242977189292957,1.3697165113567242,0.048509178303899225,-0.17308330374438552,0.9200170130533379
326167.900567145,PLAYBACK,2.4369755450170487,0.001975545019377023,-0.6323840695811409,0.16514488441290887,0.0220576791027689,1.3570267795834283,0.04211027748526561,-0.17243350881208386,0.9227782101167303,-0.6394416117355723,0.1706027915671749,0.02258875954079791,1.3735093349139262,0.04984427221057997,-0.17314689051815715,0.9196916923011815
326167.909509366,PLAYBACK,2.445059192017652,5.9192010667175055e-05,-0.6343021286335553,0.1659121080338739,0.022441290913253198,1.360862897688257,0.043644724727197465,-0.17243350881208386,0.9223945983062478,-0.6411835255937881,0.1721294066372568,0.022925087624358437,1.3768683757542526,0.05106570353665366,-0.1732132849933096,0.9194260568034034
326167.91910144,PLAYBACK,2.4558530510403216,0.0008530510240234435,-0.6362201876859697,0.16821377889677258,0.022441290913253198,1.3662334630350195,0.04517917196912932,-0.17281712062256815,0.9216273746852828,-0.6434374639161484,0.17406698769248757,0.02341335138282939,1.381281473004778,0.05272495418708065,-0.1733149228442698,0.9191014807435715
326167.924162292,PLAYBACK,2.4650584130431525,5.841301754117012e-05,-0.6377546349279015,0.16974822613870444,0.022441290913253198,1.3696859693293657,0.0470972310215437,-0.17281712062256815,0.920860151064316,-0.6452939559993442,0.17562706229733976,0.023867100132665613,1.3849890761912265,0.054164958286213184,-0.1734126787919566,0.9188415880689668
326167.931232095,PLAYBACK,2.4700579899945296,5.799002246931195e-05,-0.6385218585488683,0.17051544975966948,0.022441290913253198,1.3712204165712976,0.04824806645299304,-0.17281712062256815,0.9204765392538334,-0.6462766571436962,0.1764384456064575,0.024128590939252622,1.3869843427973036,0.05495641471727419,-0.1734697705538544,0.9187031064975067
326167.936348411,PLAYBACK,2.4750587689923123,5.876901559531689e-05,-0.6392890821698334,0.1712826733806363,0.022441290913253198,1.3727548638132294,0.049015290073959855,-0.17281712062256815,0.9204765392538334,-0.6472414202646307,0.17722460933670972,0.024401069555661726,1.3889688409708372,0.0557544759746099,-0.1735295186897822,0.918564242777398
326167.945597033,PLAYBACK,2.4822609199909493,0.002260920009575784,-0.6412071412222478,0.17281712062256815,0.022441290913253198,1.3746729228656438,0.049398901884442376,-0.17281712062256815,0.9193257038223841,-0.648598607522313,0.17831200848357542,0.02481314361527737,1.391809666671381,0.056914731611594924,-0.173619901775433,0.918359952522529
326167.953549596,PLAYBACK,2.4902692870236933,0.0002692870330065489,-0.6431252002746621,0.17396795605401572,0.022441290913253198,1.3785090409704743,0.05093334912637423,-0.17281712062256815,0.9185584802014191,-0.6500622745557015,0.17945870610156733,0.025299164249479242,1.3949482278004948,0.058219094667042524,-0.17372583903428498,0.9181206086826861
326167.958289989,PLAYBACK,2.4950598040013574,5.980400601401925e-05,-0.643892423895629,0.17473517967498253,0.022441290913253198,1.3804271000228887,0.051700572747339274,-0.17281712062256815,0.9185584802014191,-0.6509144894803199,0.18011308639255424,0.02560409382872333,1.3968170158416722,0.05900594935400556,-0.17379162909966975,0.9179681158124815
326167.967552668,PLAYBACK,2.5040824839961715,0.004082483996171504,-0.6461940947585258,0.1762696269169144,0.022441290913253198,1.3846468299382018,0.05285140817878861,-0.17281712062256815,0.9185584802014191,-0.6524708630840093,0.18128112795423645,0.0262073787514023,1.4003216628135942,0.06049970193480664,-0.17391966804609635,0.917654785258587
326167.976191632,PLAYBACK,2.5104956320137717,0.0004956320044584572,-0.6469613183794927,0.1766532387273969,0.022441290913253198,1.3888665598535148,0.05361863179975543,-0.17243350881208386,0.9185584802014191,-0.653537266889703,0.18205999007356555,0.026658977718888664,1.4028017620574176,0.06156921770895964,-0.17401330846579263,0.9174060832876842
326167.981263635,PLAYBACK,2.520055646018591,5.564599996432662e-05,-0.6496466010528739,0.17818768596932877,0.02282490272373572,1.393086289768826,0.05476946723120299,-0.17281712062256815,0.9185584802014191,-0.6550630754482535,0.18314169413964412,0.027366244415909388,1.4064822977048437,0.06317191949563607,-0.17415561709170055,0.9169856079950623
326167.989097846,PLAYBACK,2.5258083500084467,0.0008083499851636589,-0.6507974364843214,0.1793385214007781,0.02282490272373572,1.3950043488212405,0.05592030266265233,-0.17281712062256815,0.9185584802014191,-0.6559431261403854,0.18374696929810413,0.02781056097526836,1.4086868223010236,0.06413905380336309,-0.17424210317292574,0.9166994113833282
326167.998511748,PLAYBACK,2.5350595980416983,5.95980673097074e-05,-0.6523318837262533,0.18087296864270996,0.023975738155185056,1.399607690547036,0.057071138094101664,-0.17320073243305067,0.9181748683909365,-0.6572962835750505,0.1846491760782122,0.028552241695391015,1.412213367186046,0.06569449028151823,-0.17438121870495138,0.9161798477501871
326168.00344966,PLAYBACK,2.5400603670277633,6.036704871803522e-05,-0.6530991073472201,0.18125658045319248,0.024742961776150096,1.4015257495994522,0.058221973525551,-0.17320073243305067,0.9181748683909365,-0.6579951503273042,0.18510089027982515,0.02896587255850665,1.4141086017630762,0.0665335747643048,-0.1744558932974394,0.9158660811190751
326168.011990932,PLAYBACK,2.548284746997524,0.003284747013822198,-0.6542499427786677,0.18279102769512434,0.025510185397115137,1.4026765850308998,0.05937280895699856,-0.17281712062256815,0.9174076447699697,-0.6590940425391167,0.18579035293307058,0.02966314941711177,1.4172059489508468,0.06790804697430286,-0.1745770285389918,0.9152964981494623
326168.020475287,PLAYBACK,2.555056144017726,5.614402471110225e-05,-0.6550171663996345,0.18317463950560686,0.026277409018081954,1.4057454795147635,0.06090725619893042,-0.17320073243305067,0.9170240329594872,-0.6599515249489007,0.18630977505284302,0.030250988076813264,1.4197356101156382,0.06903244920567539,-0.17467454532223403,0.9147755842859209
326168.024100107,PLAYBACK,2.565056140010711,5.614000838249922e-05,-0.6573188372625314,0.18509269855802124,0.02742824444953129,1.4084307621881447,0.06244170344086228,-0.1735843442435332,0.9166404211490047,-0.6611406135137305,0.18700144204657293,0.031137401055319227,1.4234339666398623,0.0706776567839544,-0.17481376220463044,0.9139179987980938
326168.033400306,PLAYBACK,2.570058782992419,5.878298543393612e-05,-0.6580860608834982,0.18585992217898806,0.027811856260013812,1.4099652094300765,0.0632089270618291,-0.1735843442435332,0.9166404211490047,-0.6617016681142655,0.18731563755517108,0.03158739304657405,1.4252664924409608,0.07149301941084713,-0.17488091536066264,0.9134490209764816
326168.038359678,PLAYBACK,2.575057739042677,5.773903103545308e-05,-0.6592368963149475,0.18624353398947058,0.02896269169146315,1.4134177157244228,0.06397615068279414,-0.1735843442435332,0.9162568093385204,-0.662240468430123,0.18760968663944777,0.03204050349533046,1.4270857392634317,0.07230244597125947,-0.1749462014585062,0.9129537213134494
326168.046500602,PLAYBACK,2.58302254404407,0.0030225440277718008,-0.6603877317463951,0.18739436942091992,0.02934630350194567,1.4149521629663546,0.065510597924726,-0.1735843442435332,0.9154895857175553,-0.6630554217175844,0.18803955474544093,0.032768085930118845,1.429960064063649,0.0735812179731122,-0.17504627729680222,0.9121097056512827
326168.055552688,PLAYBACK,2.5900607390212826,6.073899567127228e-05,-0.6611549553673619,0.18777798123140244,0.030497138933395007,1.4184046692607009,0.06666143335617533,-0.17396795605401572,0.9147223620965885,-0.6637331140178183,0.1883827508298793,0.03341534528466211,1.4324762507638507,0.07470075591463202,-0.17513055301504762,0.911308213393359
326168.064507773,PLAYBACK,2.600059241987765,5.924201104789972e-05,-0.6630730144197763,0.18892881666285177,0.03126436255436005,1.421857175555047,0.06819588059810719,-0.17396795605401572,0.914338750286106,-0.6646318351755296,0.18881676834958677,0.034339452361001076,1.4360159682418756,0.07627668446798147,-0.17524350704893268,0.9100808891998037
326168.069283312,PLAYBACK,2.6100590280257165,5.902803968638182e-05,-0.6638402380407413,0.1893124284733343,0.032415197985809385,1.4268441290913252,0.06934671602955475,-0.1743515678645,0.9139551384756235,-0.6654613301228083,0.18919470273670916,0.035266805581616316,1.4395211842794655,0.07783997358554824,-0.1753486560989399,0.9087506211630949
326168.076676379,PLAYBACK,2.615371680003591,0.00037168001290410757,-0.6642238498512256,0.1893124284733343,0.032798809796291906,1.4287621881437413,0.07011393965052157,-0.1743515678645,0.913571526665141,-0.6658759745429217,0.18937500962562395,0.03576009675764461,1.4413717549530238,0.07866714610554237,-0.1754014356029295,0.9080025207479672
326168.081755735,PLAYBACK,2.620077959029004,7.795903366059065e-05,-0.6646074616617081,0.1893124284733343,0.033182421606774426,1.4302966353856732,0.07088116327148661,-0.1743515678645,0.9131879148546567,-0.6662291365791403,0.1895238530552126,0.0361972016543161,1.4430055732531049,0.07939887613912934,-0.1754464614434616,0.907316000196739
326168.091186719,PLAYBACK,2.6275846490170807,0.0025846490170806646,-0.6646074616617081,0.1896960402838168,0.03394964522774124,1.4318310826276033,0.07164838689245343,-0.1743515678645,0.9124206912336916,-0.6667664199613285,0.18974163670397415,0.0368942978809553,1.4456029207178778,0.08056562779581782,-0.17551502713867426,0.9061749050455713
326168.099756553,PLAYBACK,2.6361364600015804,0.0011364599922671914,-0.6649910734721907,0.1896960402838168,0.03433325703822376,1.4364344243533989,0.07318283413438528,-0.1743515678645,0.9112698558022423,-0.6673419978661931,0.18996282773555573,0.03768779169719114,1.4485525694753967,0.08189714512034099,-0.17558847403112549,0.9048062207095321
326168.108580133,PLAYBACK,2.6450593440094963,5.934399086982012e-05,-0.6653746852826732,0.1896960402838168,0.034716868848706284,1.4395033188372626,0.07433366956583462,-0.1743515678645,0.910119020370793,-0.6679041734081902,0.1901661135566807,0.03851436519848357,1.451624381478634,0.08329302008003181,-0.17566010009044003,0.9033003892060701
326168.113468532,PLAYBACK,2.650141907040961,0.00014190701767802238,-0.6649910734721907,0.1896960402838168,0.035100480659188804,1.4410377660791944,0.07510089318679966,-0.17473517967498253,0.910119020370793,-0.6682080194252804,0.1902704811306691,0.038984341345903346,1.4533732947977485,0.08409272937732165,-0.17569873183505016,0.9024072217527866
326168.121499331,PLAYBACK,2.6581401739967987,0.003140173968859017,-0.6649910734721907,0.1896960402838168,0.0354840924696731,1.4425722133211263,0.076251728618249,-0.17473517967498253,0.9089681849393454,-0.6686635812339775,0.19041937963540365,0.03972235916811059,1.456126741207025,0.08536021977245938,-0.17575650815042626,0.9009496486238144
326168.130255233,PLAYBACK,2.669024773000274,0.0040247730212286115,-0.6653746852826732,0.1896960402838168,0.03625131609063814,1.4467919432364393,0.07778617586018086,-0.17473517967498253,0.907050125886931,-0.6692419764528647,0.1905946472038624,0.0407229321298274,1.4598810447916861,0.08710749373350833,-0.17582955715968346,0.8988639192962992
326168.1395758,PLAYBACK,2.675056347041391,5.634705303236842e-05,-0.6657582970931575,0.1896960402838168,0.03663492790112066,1.4487100022888537,0.0785533994811459,-0.1743515678645,0.9062829022659642,-0.6695431619988564,0.19067948119848552,0.041275150005776216,1.4619673114264482,0.08808919432437605,-0.17586744369852647,0.8976574177364498
326168.148514384,PLAYBACK,2.685059279028792,5.927903112024069e-05,-0.66614190890364,0.19007965209429933,0.03778576333257,1.4536969558251318,0.08008784672307775,-0.17473517967498253,0.9051320668345149,-0.6700142494371986,0.19080282378308924,0.042186802926874115,1.4654399716205586,0.08974234695842043,-0.17592648877803346,0.8955767575692601
326168.153424354,PLAYBACK,2.6900609399890527,6.093998672440648e-05,-0.6665255207141225,0.19007965209429933,0.03816937514305252,1.4556150148775462,0.08085507034404457,-0.1743515678645,0.9043648432135498,-0.6702371588645445,0.19085703336474472,0.04264045686094211,1.467183513832653,0.09058208310669677,-0.1759543428352483,0.8944990466688956
326168.156228962,PLAYBACK,2.6950594049994834,5.940499249845743e-05,-0.666909132524605,0.19007965209429933,0.038552986953536816,1.457149462119478,0.08200590577549213,-0.17473517967498253,0.9039812314030673,-0.6704518822941624,0.19090662064557276,0.04309220346813734,1.4689314048117557,0.091430897400585,-0.17598113024514736,0.8933971406835185
326168.165272081,PLAYBACK,2.701842053036671,0.0018420530250295997,-0.6672927443350893,0.19046326390478363,0.03893659876401934,1.4590675211718942,0.08315674120694147,-0.17473517967498253,0.902830395971618,-0.6707308577158715,0.19096705205472392,0.04370239510288203,1.4713128213984028,0.0925992164820637,-0.1760158852687195,0.8918621147887801
326168.174420908,PLAYBACK,2.711017960042227,0.0010179600212723017,-0.6680599679560544,0.19084687571526615,0.040854657816433715,1.4621364156557561,0.08469118844887333,-0.17511879148546505,0.9012959487296861,-0.6710865460989404,0.19103726523754863,0.04452224246951292,1.4745540884161825,0.09421267181179503,-0.17606016707845903,0.8897124758899905
326168.182970655,PLAYBACK,2.721737139043398,0.0017371390713378787,-0.6688271915770212,0.19084687571526615,0.04200549324788305,1.4667397573815517,0.08776008293273704,-0.17511879148546505,0.8993778896772717,-0.6714720912112827,0.19110423111357908,0.045470777309792314,1.4783723865190261,0.09615019894138302,-0.17610824369603376,0.887094928522882
326168.188384186,PLAYBACK,2.725061428034678,6.14280579611659e-05,-0.6688271915770212,0.19123048752574867,0.04277271686884809,1.4667397573815517,0.08776008293273704,-0.17511879148546505,0.8986106660563049,-0.6715853920014497,0.1911220137945562,0.045762739377471884,1.4795641382990363,0.09676352361778136,-0.17612241544262602,0.8862598604615718
326168.19650929,PLAYBACK,2.733204926014878,0.0032049260335043073,-0.6695944151979862,0.19123048752574867,0.04353994048981491,1.4698086518654154,0.0892945301746689,-0.17550240329594757,0.897076218814373,-0.6718509252970106,0.19116015798031713,0.04647318591276784,1.4824999171845687,0.09829261843197327,-0.17615576984639011,0.8841675586735472
326168.205654089,PLAYBACK,2.74229538399959,0.0022953840089030564,-0.6699780270084688,0.1916140993362312,0.04507438773174677,1.472110322728314,0.09082897741660076,-0.17550240329594757,0.8951581597619587,-0.6721279157369392,0.19119445329569917,0.047257667062283855,1.4858062470197797,0.10004690009011409,-0.17619088998815252,0.8817536734046021
326168.214684975,PLAYBACK,2.7500646139960736,6.461399607360363e-05,-0.6703616388189513,0.1916140993362312,0.04584161135271181,1.4747956054016935,0.09274703646901514,-0.17550240329594757,0.8932401007095443,-0.6723491176916166,0.19121760971865923,0.04792037047457901,1.4886581639179515,0.10158856641150338,-0.1762193087797118,0.8796251372791044
326168.219302629,PLAYBACK,2.760058719024528,5.871901521459222e-05,-0.6703616388189513,0.1916140993362312,0.047376058594643666,1.4770972762645922,0.094281483710947,-0.17550240329594757,0.8913220416571299,-0.6726135694975347,0.1912401059255706,0.048761480626745304,1.4923647506862063,0.10363313334314847,-0.1762539380196066,0.8767982473669375
326168.22845923,PLAYBACK,2.7650593880098313,5.93879958614707e-05,-0.6707452506294356,0.1916140993362312,0.04775967040512619,1.4782481116960415,0.09504870733191381,-0.17588601510643187,0.8905548180361631,-0.6727377219343046,0.1912486361941182,0.049177231033538986,1.4942363360957704,0.10468353535557813,-0.17627053177076424,0.8753462634050383
326168.231233682,PLAYBACK,2.770059527014382,5.952699575573206e-05,-0.6707452506294356,0.1916140993362312,0.04775967040512619,1.4813170061799035,0.09581593095287885,-0.17588601510643187,0.8897875944151981,-0.6728565898629997,0.19125554457117047,0.04958935115858689,1.496119565539762,0.10575292743054368,-0.17628667986039173,0.8738694195394203
326168.240702296,PLAYBACK,2.7794340350083075,0.004434034985024482,-0.6711288624399181,0.1916140993362312,0.048526894026093004,1.4847695124742515,0.09888482543674257,-0.17588601510643187,0.8874859235522994,-0.6730656790269242,0.19126461630145403,0.050351880726762444,1.4996836511316716,0.10781153838438971,-0.17631586989803427,0.8710332144979404
326168.249884214,PLAYBACK,2.786449345992878,0.0014493460184894502,-0.6715124742504006,0.19123048752574867,0.048910505836575524,1.4870711833371484,0.09965204905770761,-0.17588601510643187,0.88480064087892,-0.6732107883400038,0.1912685326982589,0.05091341754290307,1.5023805122500606,0.10939988918866679,-0.1763368856805697,0.8688534439450095
326168.258964523,PLAYBACK,2.7956284700194374,0.0006284700357355177,-0.6718960860608831,0.19123048752574867,0.049294117647058044,1.4905236896314946,0.10157010811012376,-0.17588601510643187,0.8824989700160213,-0.6733865352047379,0.19127058624314414,0.05163568866887835,1.5059494913566647,0.1115429682832001,-0.1763634491471094,0.8659276588493743
326168.268607762,PLAYBACK,2.805058601021301,5.860102828592062e-05,-0.6722796978713674,0.1916140993362312,0.04967772945754234,1.4962778667887395,0.10310455535205562,-0.1762696269169144,0.8805809109636069,-0.6735510466050928,0.19126978574785258,0.05236211317975133,1.5096655485261787,0.11382441308831652,-0.17638977332115438,0.8628358709257807
326168.273286541,PLAYBACK,2.810057497001253,5.7497003581374884e-05,-0.6722796978713674,0.1916140993362312,0.05006134126802486,1.4985795376516364,0.10387177897302066,-0.17588601510643187,0.8794300755321576,-0.6736318864890424,0.19126842147811865,0.05274043005900415,1.5116563388245734,0.11506766417600554,-0.17640337339987264,0.8611621681524968
326168.281745709,PLAYBACK,2.8180681979865767,0.0030681979842483997,-0.67266330968185,0.1916140993362312,0.05044495307850738,1.5004975967040508,0.10540622621495252,-0.17588601510643187,0.8767447928587782,-0.6737525307602044,0.19126520842239408,0.053336418228296774,1.514877325672231,0.11711009146594945,-0.17642469835078603,0.8584310575067438
326168.290646953,PLAYBACK,2.825058323040139,5.83230284973979e-05,-0.67266330968185,0.1916140993362312,0.0508285648889899,1.5039501029983988,0.10694067345688438,-0.17588601510643187,0.8736758983749144,-0.6738491123583666,0.1912616511138618,0.053845702852827186,1.517719170243687,0.11894355712235978,-0.1764428586984483,0.8560000014282777
326168.294113848,PLAYBACK,2.835056997020729,5.69969997741282e-05,-0.67266330968185,0.1916140993362312,0.0512121766994742,1.507402609292745,0.10885873250929876,-0.17588601510643187,0.8702233920805682,-0.6739737183606048,0.19125587211948653,0.05455584747547135,1.5218349083913805,0.12165029132164684,-0.17646813133090775,0.8524485803433974
326168.304440895,PLAYBACK,2.8408201400307007,0.0008201400050893426,-0.67266330968185,0.1916140993362312,0.05197940032043924,1.5104715037766088,0.1100095679407481,-0.17550240329594757,0.8686889448386363,-0.6740385651818158,0.1912524119096208,0.054954962853032176,1.5242343201606778,0.12325575409221609,-0.176482319968455,0.8503639869150479
326168.311612579,PLAYBACK,2.8500868970295414,8.689705282449722e-05,-0.67266330968185,0.1916140993362312,0.05274662394140606,1.5131567864499882,0.11307846242461181,-0.17588601510643187,0.8656200503547726,-0.6741326111997085,0.1912470226504866,0.05558047873049039,1.5281340052036831,0.12590700510203362,-0.17650453280291548,0.8469582000987411
326168.31629831,PLAYBACK,2.8550590330269188,5.9033045545220375e-05,-0.67266330968185,0.1916140993362312,0.05313023575188858,1.5150748455024043,0.11422929785606115,-0.17588601510643187,0.8640856031128408,-0.6741780751769194,0.19124435860887287,0.05590765364355982,1.530247587361584,0.12736505926709435,-0.17651613076072184,0.8451050112606656
326168.325451455,PLAYBACK,2.8620016089989804,0.0020016090129502118,-0.67266330968185,0.19123048752574867,0.0535138475623711,1.5169929045548187,0.11499652147702619,-0.17588601510643187,0.8606330968184945,-0.6742359745423684,0.1912410624342694,0.056354423164235605,1.533223672895791,0.12944243095786245,-0.17653192692866893,0.8424893204138173
326168.334686161,PLAYBACK,2.871278765029274,0.00127876503393054,-0.6730469214923325,0.1916140993362312,0.054664682993820435,1.5223634699015793,0.11729819233992309,-0.1762696269169144,0.8579478141451133,-0.6743036744613492,0.1912376861648007,0.05693287853589658,1.5372463100320897,0.13229378939962586,-0.1765522591082533,0.8389467889664811
326168.343898657,PLAYBACK,2.8804442629916593,0.00044426298700273037,-0.673430533302815,0.1916140993362312,0.055431906614785476,1.5261995880064099,0.11921625139233924,-0.1762696269169144,0.8552625314717321,-0.6743603689136676,0.19123581312447388,0.05748332792484354,1.5412728000456501,0.1351953253225447,-0.17657139694250953,0.8353992227242358
326168.353690384,PLAYBACK,2.8900692280149087,6.922800093889236e-05,-0.6738141451132993,0.1916140993362312,0.055815518425267996,1.5304193179217211,0.123052369497168,-0.1762696269169144,0.8521936369878684,-0.6744098160019053,0.1912357205358021,0.05803870430573774,1.5455577382646555,0.13833181862480698,-0.17659037816625026,0.8316300762327649
326168.356323682,PLAYBACK,2.895117617037613,0.00011761701898649335,-0.6738141451132993,0.1916140993362312,0.05619913023575229,1.5323373769741355,0.12420320492861733,-0.1762696269169144,0.8510428015564209,-0.6744319064856799,0.191236528765293,0.058320656966595344,1.5478281672366234,0.14001279721816326,-0.1765998409715254,0.8296383465948722
326168.365467469,PLAYBACK,2.9020972520229407,0.002097251999657601,-0.6745813687342643,0.1916140993362312,0.05658274204623481,1.5342554360265517,0.12535404036006667,-0.1766532387273969,0.8479739070725572,-0.6744583898221318,0.19123868915441333,0.05869974588605248,1.5509918305344896,0.14237571049154835,-0.17661232839481208,0.8268722675230329
326168.374580479,PLAYBACK,2.9100706829922274,7.068301783874631e-05,-0.6745813687342643,0.1916140993362312,0.05696635385671733,1.537707942320898,0.1280393230334461,-0.1762696269169144,0.845288624399176,-0.6744832829072855,0.19124270328799398,0.05911727262178446,1.5546371356524353,0.14512613263382496,-0.17662570434017189,0.8237024340827473
326168.379268535,PLAYBACK,2.920058838033583,5.883804988116026e-05,-0.6741977569237818,0.1916140993362312,0.05773357747768415,1.5415440604257267,0.1311082175173098,-0.1766532387273969,0.8418361181048297,-0.6745071862041594,0.19125011219055332,0.059616101603002424,1.5592382831279343,0.14863635155584556,-0.17664106071298588,0.8197356103790767
326168.388465252,PLAYBACK,2.925059568020515,5.9568032156676054e-05,-0.6745813687342643,0.1916140993362312,0.05811718928816667,1.5453801785305572,0.13225905294875914,-0.1766532387273969,0.8399180590524153,-0.6745164338866716,0.19125480797502556,0.059855407851431154,1.5615502405620694,0.15041488849027143,-0.17664815651184443,0.8177597178463555
326168.391437723,PLAYBACK,2.9300656280247495,6.562803173437715e-05,-0.6745813687342643,0.1916140993362312,0.05811718928816667,1.5469146257724873,0.13532794743262286,-0.1766532387273969,0.8383836118104835,-0.6745240722852491,0.19126014761472995,0.06008785736550976,1.563866336700304,0.1522056051709764,-0.17665487212365438,0.8157936053483255
326168.400060999,PLAYBACK,2.938802035001572,0.003802035003900528,-0.6741977569237818,0.1916140993362312,0.05811718928816667,1.5515179674982829,0.13916406553745161,-0.1766532387273969,0.8349311055161355,-0.6745339878068317,0.19127092133077916,0.06047646793299511,1.5679047036354437,0.15534746197906077,-0.17666572045437276,0.8124010727467811
326168.410475681,PLAYBACK,2.946921430004295,0.0019214299973100424,-0.6741977569237818,0.1916140993362312,0.05850080109864919,1.5553540856031134,0.14031490096890095,-0.1766532387273969,0.8310949874113067,-0.6745399346107454,0.19128246649464917,0.06081864266314018,1.5716466831797469,0.15827831580332638,-0.1766749410235515,0.8093026980603837
326168.418678361,PLAYBACK,2.955296150990762,0.00029615097446367145,-0.6741977569237818,0.1916140993362312,0.05888441290913171,1.5576557564660103,0.14338379545276467,-0.1766532387273969,0.827258869306478,-0.6745434757663235,0.19129575485765324,0.061153474850604496,1.5754913864922693,0.16130634959179077,-0.17668381002579908,0.8061698296354006
326168.423383398,PLAYBACK,2.9600945730344392,9.4573013484478e-05,-0.6741977569237818,0.1916140993362312,0.05888441290913171,1.5595738155184247,0.14530185450517905,-0.1762696269169144,0.8253408102540618,-0.6745445750967518,0.19130393209179358,0.0613375959582517,1.5776874977809945,0.16304251728454883,-0.17668871505986153,0.8044052541113235
326168.43258251,PLAYBACK,2.969132994010579,0.00413299398496747,-0.6745813687342643,0.1916140993362312,0.05926802471961601,1.5641771572442202,0.14837074898904276,-0.1762696269169144,0.821504692149233,-0.6745452934452989,0.19132030470339179,0.061670424129227956,1.5818128441523998,0.16631468317092393,-0.17669790919935638,0.8011432675969751
326168.440602068,PLAYBACK,2.975024849001784,2.4849025066941977e-05,-0.6741977569237818,0.19123048752574867,0.05926802471961601,1.5687804989700158,0.15105603166242396,-0.1762696269169144,0.8195866330968187,-0.6745450882147923,0.19133156659053147,0.06187838010085627,1.5844959279224065,0.1684492660601232,-0.17670410078720658,0.7990607868069585
326168.449738702,PLAYBACK,2.9850619040080346,6.190402200445533e-05,-0.6741977569237818,0.1916140993362312,0.06003524834058105,1.5726166170748463,0.15374131433580338,-0.1766532387273969,0.8145996795605406,-0.6745440891943013,0.19135160218174405,0.062218160964771035,1.5890602136911212,0.17208966117500152,-0.17671564876848758,0.7955934215004685
326168.454274514,PLAYBACK,2.9950585450278595,5.8545032516121864e-05,-0.6741977569237818,0.1916140993362312,0.06041886015106357,1.5768363469901576,0.1568102088196671,-0.1762696269169144,0.8115307850766769,-0.6745429309151405,0.19137232621868655,0.06254076570847872,1.5936036727595706,0.17572235030945027,-0.17672943516279507,0.7922408873454659
326168.46339087,PLAYBACK,3.000059506040998,5.950604099780321e-05,-0.6741977569237818,0.19123048752574867,0.060802471961547866,1.5783707942320895,0.15796104425111643,-0.1762696269169144,0.8103799496452275,-0.6745424936218292,0.19138287197312598,0.06269703066647485,1.5958774632283077,0.17754295363705921,-0.176737635791301,0.7906016469833547
326168.466832378,PLAYBACK,3.00508820801042,8.820800576359034e-05,-0.6738141451132993,0.1916140993362312,0.060802471961547866,1.58220691233692,0.16064632692449762,-0.1762696269169144,0.8088455024032957,-0.6745422412584032,0.1913935360399665,0.06285111994240214,1.5981652004076108,0.17937622077395346,-0.17674704465872873,0.7889788939983573
326168.475970655,PLAYBACK,3.0126094950246625,0.002609495015349239,-0.6738141451132993,0.1919977111467155,0.061186083772030386,1.5837413595788519,0.16218077416642948,-0.1762696269169144,0.8061602197299145,-0.6745423358403193,0.19140949890638218,0.06307650699449073,1.6015902362223935,0.1821234651851424,-0.1767638397169552,0.7865998197086278
326168.486073505,PLAYBACK,3.022189398005139,0.002189397986512631,-0.6741977569237818,0.1916140993362312,0.06195330739299543,1.5898791485465775,0.16601689227125824,-0.1766532387273969,0.8023241016250857,-0.6745434709586292,0.19142963832066406,0.06335599909627385,1.6059592359640453,0.18563255296033357,-0.1767913369112241,0.7836532919240726
326168.494569152,PLAYBACK,3.031193435017485,0.0011934349895454943,-0.6741977569237818,0.1916140993362312,0.06195330739299543,1.5940988784618906,0.16908578675512195,-0.1766532387273969,0.8000224307621888,-0.6745457051815305,0.1914481159329411,0.0636122657042427,1.6100713237425135,0.1889411217954424,-0.17682533877844758,0.7809697812177679
326168.503448726,PLAYBACK,3.040060716040898,6.071606185287237e-05,-0.6741977569237818,0.1916140993362312,0.062336919203479724,1.5983186083772036,0.17215468123898567,-0.1762696269169144,0.7973371480888076,-0.6745490207576599,0.1914656382738279,0.06385969487100364,1.6141230955153534,0.19220867484839424,-0.176868728181976,0.7784087195063872
326168.507210071,PLAYBACK,3.0460479379980825,0.0010479380143806338,-0.6741977569237818,0.1916140993362312,0.06272053101396224,1.6006202792401005,0.17522357572284938,-0.1766532387273969,0.7958027008468758,-0.674551832501992,0.19147697425117374,0.06402445985953774,1.6168572581694365,0.1944192662731631,-0.17690474661435115,0.7767254461033423
326168.516528245,PLAYBACK,3.0530238170176744,0.0030238170293159783,-0.6745813687342643,0.1916140993362312,0.06272053101396224,1.602538338292515,0.17714163477526376,-0.1766532387273969,0.7923501945525295,-0.6745555924248988,0.19148957567107663,0.06421446918389964,1.620037573478963,0.19699795513442758,-0.1769546869840468,0.7748109733697328
326168.524520442,PLAYBACK,3.060068514023442,6.851402577012777e-05,-0.6745813687342643,0.1916140993362312,0.06310414282444476,1.606758068207828,0.18097775288009252,-0.1766532387273969,0.7896649118791483,-0.6745597741106943,0.191501543638691,0.06440452813162265,1.6232387782122075,0.19960359860298535,-0.17701499054241537,0.7729285431778807
326168.52917202,PLAYBACK,3.0700579319964163,5.7931989431381226e-05,-0.6745813687342643,0.1916140993362312,0.06310414282444476,1.610977798123141,0.18443025917443875,-0.1766532387273969,0.7869796292057671,-0.6745659814496933,0.19151703519072247,0.0646714503675423,1.6277488042781691,0.20329637917904758,-0.17711985976644745,0.7703460972256098
326168.538446422,PLAYBACK,3.0750565879861824,5.658797454088926e-05,-0.6745813687342643,0.1916140993362312,0.06348775463492728,1.6125122453650729,0.1859647064163706,-0.1766532387273969,0.7854451819638353,-0.6745690251995778,0.1915240775350229,0.06480408169677161,1.6299878074531822,0.20514128188030442,-0.1771817612407663,0.7690913840197713
326168.543309104,PLAYBACK,3.0800575879984535,5.758798215538263e-05,-0.6745813687342643,0.1916140993362312,0.06348775463492728,1.6163483634699016,0.18711554184781995,-0.1766532387273969,0.7839107347219052,-0.6745719042663534,0.1915306221781711,0.06493626832937315,1.6322130196433065,0.20698386575343075,-0.17725048725680703,0.7678604413294698
326168.551498649,PLAYBACK,3.088109076023102,0.0031090760021470487,-0.6741977569237818,0.1916140993362312,0.06348775463492728,1.618266422522316,0.19095165995265048,-0.1766532387273969,0.781225452048524,-0.6745759380584692,0.19154007132659248,0.06514825427036265,1.6357591599484012,0.20994170145654545,-0.17737626897959446,0.7659279104425772
326168.559772993,PLAYBACK,3.095063134038355,6.313406629487872e-05,-0.6741977569237818,0.1916140993362312,0.0638713664454098,1.622486152437629,0.19440416624699672,-0.1766532387273969,0.7777729457541778,-0.6745785399891538,0.19154713169671186,0.0653308062562095,1.6387808334012655,0.21248610741539384,-0.17750076375233884,0.7643049261894606
326168.56969785,PLAYBACK,3.105060466041323,6.046605994924903e-05,-0.6745813687342643,0.1916140993362312,0.0642549782558941,1.6270894941634246,0.19747306073086043,-0.1766532387273969,0.7754712748912791,-0.6745802712901369,0.19155549088018442,0.0655930433075097,1.6430502397684634,0.2161255307070709,-0.17770691005971254,0.762039571635817
326168.574114779,PLAYBACK,3.1150556140346453,5.5614043958485126e-05,-0.6745813687342643,0.1916140993362312,0.0638713664454098,1.6305420004577709,0.20054195521472415,-0.1766532387273969,0.7731696040283822,-0.6745789271277455,0.19156178242429292,0.06585598191294308,1.6472241055877799,0.21974227953500783,-0.17794646632290703,0.7598442674573882
326168.58351711,PLAYBACK,3.120067093987018,6.709399167448282e-05,-0.6745813687342643,0.1916140993362312,0.0642549782558941,1.6343781185625996,0.202076402456656,-0.1766532387273969,0.7720187685969329,-0.6745768640797636,0.19156418835583214,0.06598849183258786,1.6492798215367432,0.2215479478747777,-0.17807954582993984,0.7587658193702057
326168.586187818,PLAYBACK,3.125057094031945,5.709403194487095e-05,-0.6745813687342643,0.1916140993362312,0.06463859006637662,1.636296177615014,0.20514529694051795,-0.17703685053787943,0.770484321355001,-0.6745737744608721,0.19156610752608835,0.06612110332802737,1.651301725912752,0.22334115911646735,-0.17822080205346694,0.7577046705498508
326168.596476234,PLAYBACK,3.1330364170135,0.003036417008843273,-0.6745813687342643,0.1916140993362312,0.06502220187685914,1.6408995193408096,0.2066797441824498,-0.17703685053787943,0.7681826504921041,-0.6745664945804563,0.19156823301134565,0.06633497725915569,1.6544825853136929,0.22619969225280145,-0.17846497547389753,0.7560303547532824
326168.604585219,PLAYBACK,3.1411835930193774,0.0011835930054076016,-0.6745813687342643,0.1916140993362312,0.06540581368734166,1.642817578393224,0.20974863866631352,-0.17703685053787943,0.7654973678187229,-0.6745558350617386,0.19156927912454103,0.06655632145380946,1.6576635736817449,0.229108228001062,-0.17873759763230085,0.7543441827679472
326168.613532259,PLAYBACK,3.1521194980014116,0.002119497978128493,-0.6745813687342643,0.1916140993362312,0.06540581368734166,1.6478045319295038,0.2143519803921091,-0.17780407415884625,0.763962920576791,-0.6745359631810056,0.1915690615765678,0.06685952833430607,1.661826891281954,0.23299818055459956,-0.17914034967731227,0.7521084891759009
326168.618520256,PLAYBACK,3.155063236015849,6.32359879091382e-05,-0.6745813687342643,0.1916140993362312,0.06540581368734166,1.6478045319295038,0.2143519803921091,-0.17780407415884625,0.763195696955826,-0.6745294681327674,0.19156871318459684,0.06694256389000659,1.662926687110263,0.23404271490090064,-0.17925587778686905,0.7515107891291216
326168.626925103,PLAYBACK,3.1633323809946887,0.0033323810203000903,-0.6745813687342643,0.1916140993362312,0.06578942549782596,1.65125703822385,0.21780448668645533,-0.17780407415884625,0.7620448615243767,-0.6745085255862298,0.19156714256194707,0.06717955623899949,1.665968621911044,0.2369712473032106,-0.17959620690211348,0.7498386522296545
326168.635474862,PLAYBACK,3.17005670000799,5.670002428814769e-05,-0.6745813687342643,0.1919977111467155,0.06617303730830848,1.6547095445181963,0.22087338117031904,-0.17818768596932877,0.7608940260929273,-0.6744885046710257,0.1915652810289308,0.0673768112730444,1.668390633156718,0.23934648866064323,-0.17988973119632037,0.7484845914582023
326168.644520396,PLAYBACK,3.180059631995391,5.9632002376019955e-05,-0.6745813687342643,0.1916140993362312,0.066556649118791,1.6581620508125425,0.22394227565418276,-0.1785712977798113,0.7582087434195461,-0.6744536884334272,0.1915616810197926,0.06767888652809333,1.6719078362851014,0.24286888551009844,-0.18035303563442528,0.7464767107960462
326168.654071936,PLAYBACK,3.1901157540269196,0.00011575402459129691,-0.6745813687342643,0.1916140993362312,0.066556649118791,1.6616145571068888,0.22701117013804648,-0.1785712977798113,0.7566742961776143,-0.6744126302170759,0.19155724016226602,0.06799447651261002,1.6753404311835536,0.24639509309857122,-0.18084908636411712,0.7444634808366808
326168.659642189,PLAYBACK,3.200102696020622,0.0001026960089802742,-0.6745813687342643,0.1916140993362312,0.066556649118791,1.6666015106431669,0.23199812367432457,-0.1793385214007781,0.7551398489356842,-0.6743659734582024,0.19155221263163036,0.0683214388569538,1.6786470315762818,0.24987943007581628,-0.18136933414845144,0.7424685353879169
326168.666636092,PLAYBACK,3.205087876995094,8.787697879597545e-05,-0.6745813687342643,0.1916140993362312,0.06694026092927352,1.6681359578850987,0.23353257091625643,-0.1793385214007781,0.7543726253147174,-0.6743405637473997,0.19154953319788187,0.06849025755173994,1.680259489391469,0.2516110270761992,-0.18163846798621266,0.7414746083447107
326168.671292509,PLAYBACK,3.210057399002835,5.7398981880396605e-05,-0.6745813687342643,0.1916140993362312,0.06732387273975782,1.669286793316548,0.23506701815818828,-0.1793385214007781,0.7536054016937523,-0.6743138801562999,0.19154678067619718,0.06866256732948361,1.6818416854066411,0.2533314133211742,-0.1819125286884054,0.7404853833994589
326168.68033656,PLAYBACK,3.2169186240062118,0.0019186239806003869,-0.6745813687342643,0.1916140993362312,0.06770748455024034,1.67082124055848,0.23698507721060266,-0.1793385214007781,0.7516873426413362,-0.6742749021881189,0.19154288847006049,0.0689074931299972,1.6839848982802685,0.2556961694187597,-0.182299680446549,0.7391228569708744
326168.688595726,PLAYBACK,3.225108730024658,0.00010873004794120789,-0.6745813687342643,0.1916140993362312,0.06809109636072286,1.6746573586633087,0.2408211953154332,-0.17972213321126063,0.7493856717784393,-0.6742252996891285,0.19153817631848433,0.06921129586247277,1.686480692150627,0.2585009348961312,-0.18277381560866582,0.7375028863326661
326168.693784908,PLAYBACK,3.2303665000363253,0.0003665000549517572,-0.6745813687342643,0.1916140993362312,0.06770748455024034,1.675808194094758,0.24235564255736505,-0.18010574502174315,0.74823483634699,-0.67419180005831,0.19153515475329297,0.06941333599730291,1.6880471326669135,0.2602899250731519,-0.18308429603864662,0.736467643446601
326168.701294523,PLAYBACK,3.2400558970402926,5.5897049605846405e-05,-0.6745813687342643,0.1916140993362312,0.06809109636072286,1.680795147631036,0.24542453704122877,-0.18048935683222567,0.7467003891050581,-0.6741269401860103,0.19152968615780702,0.06980105760129862,1.6908607861209857,0.26356001756431136,-0.18366711939344635,0.7345722245189997
326168.706220934,PLAYBACK,3.245058290020097,5.8290024753659964e-05,-0.6745813687342643,0.1916140993362312,0.06847470817120538,1.6819459830624854,0.2481098197146082,-0.18087296864270996,0.745933165484093,-0.674091992251428,0.19152695233759218,0.07000947902628886,1.692276385516428,0.2652332929133308,-0.18397260509329239,0.7336012624159988
326168.715375232,PLAYBACK,3.251895399997011,0.001895399997010827,-0.6741977569237818,0.1916140993362312,0.06847470817120538,1.6830968184939348,0.24964426695654005,-0.18125658045319248,0.7443987182421612,-0.6740427663609552,0.1915233586263041,0.07030394219294411,1.6941704875501897,0.2675020557375864,-0.184394219733501,0.7322841906389159
326168.724971845,PLAYBACK,3.2614597430219874,0.0014597430126741529,-0.6745813687342643,0.1916140993362312,0.06962554360265472,1.687316548409246,0.25194593781943875,-0.181640192263675,0.74171343556878,-0.6739713710469446,0.19151868891642018,0.07073541658733258,1.6967414026770784,0.27063715045654624,-0.18499008115387516,0.730464466985167
326168.733376222,PLAYBACK,3.2700586630380712,5.866301944479346e-05,-0.6741977569237818,0.1919977111467155,0.06962554360265472,1.6900018310826272,0.25501483230330246,-0.18240741588464182,0.7397953765163656,-0.6739050059180333,0.19151493537772618,0.07114386513280313,1.6989745889260564,0.27341338365537254,-0.18552971973376722,0.7288549976477996
326168.736286518,PLAYBACK,3.275058842031285,5.8842008002102375e-05,-0.6741977569237818,0.1916140993362312,0.07000915541313724,1.6911526665140766,0.2565492795452343,-0.18240741588464182,0.7386445410849163,-0.6738656071240939,0.19151298018804225,0.07139071639539572,1.7002391691864485,0.2750076860376922,-0.18584438296911784,0.7279322947380343
326168.745610843,PLAYBACK,3.280057508032769,5.750800482928753e-05,-0.6741977569237818,0.1916140993362312,0.07000915541313724,1.6923035019455241,0.25923456221861374,-0.18317463950560686,0.737493705653467,-0.6738257075953855,0.19151121156885806,0.07164458736113323,1.7014784192099026,0.2765858420790771,-0.18615910637779753,0.7270205175601544
326168.754618456,PLAYBACK,3.290060420986265,6.0421007219702005e-05,-0.6741977569237818,0.1916140993362312,0.07039276722362153,1.6942215609979403,0.26230345670247746,-0.18355825131608938,0.7348084229800875,-0.6737445825428512,0.19150828760613936,0.07217460341128364,1.70388354892891,0.2796939436216001,-0.1867878564474393,0.7252309494666888
326168.76341221,PLAYBACK,3.300058052991517,5.8053003158420324e-05,-0.6741977569237818,0.1916140993362312,0.07077637903410405,1.6969068436713197,0.2657559629968237,-0.18394186312657368,0.7325067521171889,-0.6736622090344864,0.19150627308432178,0.072734721499406,1.7061881142177644,0.2827290701574798,-0.18741245403459822,0.7234938880590348
326168.768710566,PLAYBACK,3.3052155260229483,0.000215526029933244,-0.6741977569237818,0.1916140993362312,0.07077637903410405,1.6976740672922865,0.26729041023875555,-0.1843254749370562,0.7317395284962238,-0.6736193674331372,0.19150562075816074,0.07303594394562499,1.7073383235171515,0.28426513878126103,-0.18773226387554,0.7226197972201398
326168.777099825,PLAYBACK,3.311594340018928,0.0015943400212563574,-0.6741977569237818,0.1916140993362312,0.07115999084458657,1.6999757381551834,0.26997569291213674,-0.18470908674753872,0.7305886930647745,-0.6735661729412383,0.1915052018396348,0.07342035878056363,1.708724715520166,0.2861357080160322,-0.18812486102397233,0.7215608299913402
326168.781199362,PLAYBACK,3.3200556020019576,5.560199497267604e-05,-0.6741977569237818,0.1916140993362312,0.07115999084458657,1.7026610208285646,0.27266097558551794,-0.18509269855802124,0.7298214694438094,-0.6734954352843496,0.191505342308675,0.07395097270844868,1.7105023392805596,0.28856511283253244,-0.18863958896282287,0.720195930355431
326168.790266917,PLAYBACK,3.3268837950308807,0.0018837950192391872,-0.6741977569237818,0.1916140993362312,0.0715436026550691,1.7034282444495297,0.2741954228274498,-0.18547631036850554,0.7275197985809108,-0.673438350965628,0.19150606297986242,0.07439680245816864,1.7118862894744855,0.2904809864777757,-0.1890491120813617,0.7191292178862386
326168.799621979,PLAYBACK,3.3361431889934465,0.001143188972491771,-0.6741977569237818,0.1916140993362312,0.07192721446555339,1.7068807507438777,0.2772643173113135,-0.18585992217898806,0.7263689631494632,-0.673361157348386,0.19150794888615544,0.07502720732162442,1.7136917334118575,0.29301319189611996,-0.18959486877411064,0.7177346743815185
326168.808532191,PLAYBACK,3.3451322379987687,0.0001322380267083645,-0.6741977569237818,0.1916140993362312,0.07307804989700095,1.708798809796292,0.27994959998469293,-0.1866271457999531,0.7248345159075313,-0.673286665076196,0.19151082353561502,0.07566847379087636,1.7153672380726888,0.295397075778493,-0.19011295082304755,0.7164403499893195
326168.813285509,PLAYBACK,3.350065592036117,6.559205939993262e-05,-0.6741977569237818,0.1916140993362312,0.07346166170748347,1.709566033417257,0.2814840472266248,-0.1870107576104374,0.724450904097047,-0.6732460394759002,0.19151285384261638,0.07603300984944027,1.7162550110181662,0.29667367530489824,-0.19039196811409867,0.7157556494408434
326168.821552529,PLAYBACK,3.3580207499908283,0.0030207500094547868,-0.6741977569237818,0.1916140993362312,0.07384527351796777,1.710333257038224,0.284169329900006,-0.18739436942091992,0.7229164568551152,-0.673180994433478,0.19151682423709585,0.07664017449756912,1.717640025361326,0.29868430200463714,-0.1908334808802357,0.7146906696872909
326168.830603494,PLAYBACK,3.3650603780406527,6.0378049965947866e-05,-0.6738141451132993,0.1916140993362312,0.07499610894941533,1.7118677042801558,0.2864710007629029,-0.18816159304188496,0.7217656214236676,-0.6731239744548267,0.19152107360764203,0.07719793634912775,1.7188186345514336,0.30041384418441996,-0.19121515173113496,0.7137891398008215
326168.834189852,PLAYBACK,3.3750569990370423,5.699903704226017e-05,-0.6738141451132993,0.1919977111467155,0.07576333257038215,1.7137857633325702,0.2891562834362841,-0.18854520485236748,0.7202311741817358,-0.6730439647165065,0.1915283331160959,0.07802430240372304,1.7204184269501526,0.30278934242943434,-0.19174196560215098,0.7125758108767349
326168.843410193,PLAYBACK,3.380057658010628,5.7658005971461535e-05,-0.6738141451132993,0.1916140993362312,0.07614694438086467,1.7145529869535352,0.2903071188677334,-0.18892881666285177,0.7198475623712515,-0.6730043877789769,0.1915325190430782,0.07845335770757202,1.7211869507836621,0.30394215367054556,-0.19199862750228924,0.7119985651116755
326168.848412526,PLAYBACK,3.385057707026135,5.7707016821950674e-05,-0.673430533302815,0.1919977111467155,0.07691416800183148,1.7149365987640195,0.291457954299181,-0.18892881666285177,0.7186967269398039,-0.6729651210943928,0.19153708350467055,0.07889319872597353,1.7219347020734843,0.3050711899852761,-0.1922505918331158,0.7114412919215465
326168.856750909,PLAYBACK,3.3932036210317165,0.0032036210177466273,-0.673430533302815,0.1919977111467155,0.07768139162279653,1.7164710460059514,0.29414323697256217,-0.1896960402838168,0.7179295033188371,-0.6729018046856632,0.19154535068032671,0.0796338251768051,1.723109588426655,0.3068601077679072,-0.19265096938720244,0.7105761154472426
326168.865688211,PLAYBACK,3.4000618000281975,6.180000491440296e-05,-0.673430533302815,0.1916140993362312,0.07844861524376334,1.7180054932478832,0.29606129602497655,-0.1896960402838168,0.717162279697872,-0.6728491165013716,0.19155313089577694,0.08028147145176776,1.7240581238582147,0.30831793234004184,-0.1929782457770946,0.7098887717713748
326168.86925311,PLAYBACK,3.4100584310363047,5.8431061916053295e-05,-0.673430533302815,0.1916140993362312,0.07921583886472838,1.7195399404898133,0.2983629668878752,-0.19046326390478363,0.7152442206454577,-0.6727732766448895,0.1915658617340953,0.08126723634024811,1.7253762430448623,0.31036429567496254,-0.19343913550737676,0.7089539773886545
326168.878713318,PLAYBACK,3.4174987970036454,0.002498797024600208,-0.673430533302815,0.1919977111467155,0.0799830624856952,1.7206907759212626,0.3002810259402896,-0.19084687571526615,0.7152442206454577,-0.6727175027504655,0.19157644659929504,0.08203499109525161,1.7263091011403282,0.31182722246274763,-0.19376971849034422,0.7083096441899119
326168.883256714,PLAYBACK,3.4200567950028926,5.679501919075847e-05,-0.673430533302815,0.1919977111467155,0.0799830624856952,1.7206907759212626,0.3002810259402896,-0.19084687571526615,0.7148606088349734,-0.6726984460481416,0.19158031120392746,0.08230600145514713,1.7266205392689327,0.3123183683479121,-0.19388092304311982,0.7080982047192976
326168.892556804,PLAYBACK,3.429033952008467,0.0040339520201087,-0.673430533302815,0.1916140993362312,0.08075028610666024,1.7222252231631945,0.302199084992704,-0.19123048752574867,0.7140933852140083,-0.6726319771424143,0.19159481529941524,0.08328710321348573,1.7276767407988485,0.3139943326275962,-0.19426130970108937,0.7073967195651399
326168.901771204,PLAYBACK,3.4384418530389667,0.003441853041294962,-0.673430533302815,0.1916140993362312,0.08151750972762706,1.7245268940260932,0.30411714404511836,-0.1916140993362312,0.7125589379720765,-0.6725628477724326,0.1916116441248342,0.08436825992107526,1.728723510567444,0.3156710946736133,-0.19464354272301024,0.706728710233795
326168.910519473,PLAYBACK,3.4450574290240183,5.7429017033427954e-05,-0.673430533302815,0.1916140993362312,0.08190112153810958,1.7249105058365757,0.30641881490801703,-0.1919977111467155,0.7117917143511097,-0.6725144283385085,0.19162452022261425,0.08516322463632806,1.7294235860850777,0.31680121679868306,-0.194902348826005,0.706299619888983
326168.919597358,PLAYBACK,3.4550578970229253,5.789700662717223e-05,-0.673430533302815,0.1916140993362312,0.08266834515907462,1.726061341268025,0.3079532621499489,-0.192381322957198,0.7110244907301446,-0.6724412822374575,0.19164569528795375,0.08642322873361624,1.73042646919622,0.31843201898247897,-0.1952780460499384,0.705713792153427
326168.928463527,PLAYBACK,3.465058534988202,5.8534962590783834e-05,-0.673430533302815,0.1916140993362312,0.08381918059052396,1.7275957885099569,0.30987132120236327,-0.19276493476768053,0.7102572671091778,-0.6723678334693265,0.1916690292666134,0.08775837893633295,1.7313635482694294,0.31996770105623307,-0.19563514877583635,0.7052022674911135
326168.932303318,PLAYBACK,3.4709818880073726,0.000981888035312295,-0.6730469214923325,0.1919977111467155,0.08420279240100648,1.7279794003204394,0.31178938025477765,-0.19314854657816305,0.7102572671091778,-0.6723240043565738,0.19168391283201816,0.0885868481622315,1.7318877349903734,0.3208311963540494,-0.19583790185852573,0.7049336258118759
326168.9362449,PLAYBACK,3.4750587820308283,5.8782054111361504e-05,-0.6730469214923325,0.1919977111467155,0.084586404211489,1.728363012130922,0.31255660387574447,-0.19314854657816305,0.7094900434882128,-0.6722936303104969,0.19169463044043394,0.08917404487517333,1.73223519018496,0.3214050579784903,-0.19597365980438322,0.7047632799634703
326168.945211367,PLAYBACK,3.4818635010160506,0.0018635010346770287,-0.6730469214923325,0.1916140993362312,0.08535362783245581,1.7287466239414044,0.3133238274967095,-0.19391577019912987,0.7091064316777302,-0.6722424465413714,0.1917133988844608,0.09018594249777075,1.7327908401549188,0.32232471820819253,-0.19619334165936506,0.7045048565461678
326168.954567842,PLAYBACK,3.4909784750198014,0.0009784750291146338,-0.6730469214923325,0.1916140993362312,0.08688807507438767,1.7302810711833363,0.3152418865491239,-0.19391577019912987,0.7083392080567634,-0.6721726588914132,0.19174030132091907,0.09160562653329134,1.733487254806046,0.3234791491475582,-0.19647399457457337,0.7042078954573282
326168.963770871,PLAYBACK,3.5004413590067998,0.0004413590067997575,-0.67266330968185,0.1916140993362312,0.08803891050583701,1.7314319066147856,0.31715994560154004,-0.1942993820096124,0.7075719844357984,-0.6720982712039332,0.19177040492601252,0.0931594028908226,1.734151740817998,0.32457939013050496,-0.19674877991754938,0.703956064471528
326168.968564764,PLAYBACK,3.5052208160050213,0.00022081600036472082,-0.67266330968185,0.1916140993362312,0.08842252231631953,1.7321991302357507,0.3179271692225051,-0.1946829938200949,0.7075719844357984,-0.6720597784286443,0.19178645697583815,0.09397547404056786,1.7344645542503294,0.3250954456556179,-0.19688113753097228,0.7038492758424626
326168.976516495,PLAYBACK,3.5132018920267,0.0032018920173868537,-0.67266330968185,0.1919977111467155,0.08880613412680205,1.732582742046235,0.31946161646443694,-0.1950666056305792,0.7071883726253159,-0.6719938593492197,0.19181452413472622,0.09538494319281593,1.7349527248520702,0.3258956966090605,-0.19709258323200757,0.7036988249404227
326168.984825224,PLAYBACK,3.5236337350215763,0.003633735002949834,-0.6722796978713674,0.1916140993362312,0.09110780498970072,1.7337335774776825,0.3213796755168513,-0.19545021744106172,0.7068047608148316,-0.67190404322423,0.19185355633416326,0.097314140120558,1.7355266502929352,0.32682204533122766,-0.19735117178473244,0.703548278993627
326168.994533395,PLAYBACK,3.5300628230324946,6.282300455495715e-05,-0.6722796978713674,0.1916140993362312,0.09187502861066577,1.7341171892881668,0.32214689913781813,-0.19545021744106172,0.706421149004349,-0.6718462613311121,0.19187890556869494,0.09855096351663804,1.7358447197899152,0.32732378956344466,-0.19750079912800267,0.7034769209204499
326168.999236089,PLAYBACK,3.540062079031486,6.207905244082212e-05,-0.6722796978713674,0.1919977111467155,0.09417669947356266,1.7352680247196144,0.3232977345692657,-0.19583382925154424,0.7060375371938665,-0.6717520528325563,0.19192023133246425,0.10054463200468579,1.7362872014303177,0.3279981113654698,-0.19771955378556424,0.7033895583738189
326169.008431353,PLAYBACK,3.545058971038088,5.897105438634753e-05,-0.6722796978713674,0.1916140993362312,0.09494392309452948,1.7352680247196144,0.3240649581902325,-0.19583382925154424,0.7060375371938665,-0.6717027343128382,0.19194172635889722,0.10157184056989295,1.7364854415564464,0.32828676843767873,-0.1978228901899394,0.7033530724187982
326169.011168294,PLAYBACK,3.5500571969896555,5.719700129702687e-05,-0.6722796978713674,0.1919977111467155,0.09571114671549452,1.7360352483405812,0.32521579362168185,-0.19621744106202677,0.7052703135728997,-0.671651736287778,0.19196377619453217,0.10261929653539993,1.7366691961811351,0.3285435652454904,-0.1979225501698869,0.7033189557076733
326169.021227362,PLAYBACK,3.557885187037755,0.002885187044739723,-0.6718960860608831,0.1916140993362312,0.09762920576791068,1.7364188601510637,0.32521579362168185,-0.19660105287251106,0.7052703135728997,-0.6715681863292594,0.19199939439166724,0.10429883658381438,1.7369292575571642,0.32888247226507167,-0.19807175876880964,0.7032657721060215
326169.030480805,PLAYBACK,3.56701952702133,0.0020195270190015435,-0.6722796978713674,0.1916140993362312,0.09916365300984253,1.7368024719615462,0.3259830172426469,-0.19698466468299358,0.7048867017624172,-0.6714643515754621,0.19204260904251846,0.10631713893691072,1.737193085292157,0.3291826997027302,-0.19823642039404188,0.7031951948053217
326169.038214258,PLAYBACK,3.5770008389954455,0.0020008389838039875,-0.6718960860608831,0.1919977111467155,0.10069810025177439,1.7371860837720305,0.3271338526740962,-0.19698466468299358,0.7048867017624172,-0.6713420243621361,0.19209186169372386,0.10859225423771553,1.7374377636204914,0.32939817447881814,-0.19840652272927847,0.7030938499208462
326169.043327438,PLAYBACK,3.580059632018674,5.9632002376019955e-05,-0.6718960860608831,0.1919977111467155,0.10146532387273943,1.7371860837720305,0.3271338526740962,-0.19698466468299358,0.7048867017624172,-0.6713024967100767,0.1921073840169993,0.10930366399579157,1.7375045695872058,0.3294416194997093,-0.19845690129835913,0.7030553521857773
326169.052034681,PLAYBACK,3.5879579840111546,0.002957983990199864,-0.6718960860608831,0.1916140993362312,0.10223254749370447,1.737569695582513,0.32790107629506127,-0.19698466468299358,0.7048867017624172,-0.6711956139350277,0.1921484146473171,0.11117071035887345,1.73766131216812,0.3295069756694321,-0.19858377129495514,0.7029349771157546
326169.060651234,PLAYBACK,3.5950619220384397,6.19220663793385e-05,-0.6718960860608831,0.1919977111467155,0.10376699473563633,1.737569695582513,0.3282846881055438,-0.1973682764934761,0.7048867017624172,-0.6710931409786899,0.19218651887934132,0.11288616575896815,1.7377849834961427,0.3295106024875186,-0.19869445620266787,0.7027959055628044
326169.069705965,PLAYBACK,3.6050606070202775,6.060703890398145e-05,-0.6715124742504006,0.1916140993362312,0.10568505378805249,1.737569695582513,0.3286682999160281,-0.1973682764934761,0.7045030899519347,-0.6709378535350479,0.19224217667991145,0.11535679354749682,1.737935869306364,0.32943316407779,-0.19884567135765124,0.7025402909054728
326169.074213123,PLAYBACK,3.6150578280212358,5.782803054898977e-05,-0.6715124742504006,0.1919977111467155,0.1087539482719162,1.737569695582513,0.3290519117265106,-0.1973682764934761,0.7041194781414521,-0.670768618278403,0.19230037989312332,0.11789005889633235,1.7380651673372889,0.3292673405231901,-0.19899211599522593,0.702202972780362
326169.083411543,PLAYBACK,3.6200577770359814,5.7777040638029575e-05,-0.6715124742504006,0.1919977111467155,0.10990478370336376,1.737569695582513,0.3290519117265106,-0.19775188830395862,0.7037358663309679,-0.6706784085885868,0.1923305320048872,0.11917969700152277,1.7381235267891484,0.32915420109222077,-0.19906356346498444,0.7020001524749915
326169.088332243,PLAYBACK,3.625059799000155,5.979900015518069e-05,-0.6715124742504006,0.1919977111467155,0.11067200732433058,1.7379533073929956,0.3290519117265106,-0.19775188830395862,0.7037358663309679,-0.6705842846433103,0.19236144950721754,0.12048448001968975,1.7381785772897143,0.3290224981677342,-0.1991337208352117,0.7017729757549214
326169.095884198,PLAYBACK,3.6344844410195947,0.0044844410149380565,-0.6715124742504006,0.1916140993362312,0.1137409018081943,1.738336919203478,0.3294355235369931,-0.19775188830395862,0.7033522545204853,-0.6703960070205459,0.19242193495195373,0.12298137351200783,1.7382753323331612,0.32872845433449543,-0.1992616991545994,0.7012758903898566
326169.104853951,PLAYBACK,3.6411185920005664,0.0011185919865965843,-0.6715124742504006,0.1919977111467155,0.1160425726710912,1.7379533073929956,0.3294355235369931,-0.19775188830395862,0.7033522545204853,-0.6702545860123365,0.1924664465629092,0.12476821363587673,1.7383395758737703,0.32848932248246027,-0.19934773329124714,0.7008699587459075
326169.113337847,PLAYBACK,3.6500584590248764,5.845900159329176e-05,-0.6711288624399181,0.1919977111467155,0.11872785534447239,1.738336919203478,0.3294355235369931,-0.19775188830395862,0.7029686427100028,-0.6700518965332856,0.19252930140795976,0.12721324839571113,1.7384232496354806,0.3281309988140028,-0.19945682241628163,0.7002479369943613
326169.118305585,PLAYBACK,3.6550586280063726,5.8627978432923555e-05,-0.6715124742504006,0.1919977111467155,0.12026230258640425,1.7387205310139606,0.3294355235369931,-0.19813550011444114,0.7029686427100028,-0.6699322481634994,0.19256606156438547,0.12859914643424605,1.7384693498969659,0.32791495073141136,-0.19951362180158264,0.6998622081985443
326169.121208516,PLAYBACK,3.660059457994066,5.94580196775496e-05,-0.6711288624399181,0.1919977111467155,0.12141313801785181,1.7387205310139606,0.3294355235369931,-0.19851911192492544,0.7025850308995203,-0.6698079232336964,0.19260410251083265,0.12999835044790392,1.7385153736790742,0.32768923930201943,-0.19956680496229662,0.6994493540696513
326169.13130275,PLAYBACK,3.6679206200060435,0.002920620026998222,-0.6707452506294356,0.1919977111467155,0.124098420691233,1.7387205310139606,0.3294355235369931,-0.19851911192492544,0.7025850308995203,-0.6696027438681604,0.19266674835827505,0.13222447490720876,1.7385881969024515,0.32731790610680445,-0.19964179167678042,0.6987462408569921
326169.14049593,PLAYBACK,3.6770139440195635,0.0020139440312050283,-0.6703616388189513,0.192381322957198,0.12640009155413168,1.7387205310139606,0.3294355235369931,-0.19851911192492544,0.7018178072785535,-0.6693498773249137,0.19274411015753806,0.13484048580216243,1.7386740568968342,0.32686858436583144,-0.19971271872099894,0.6978525060901198
326169.14989805,PLAYBACK,3.686655622033868,0.0016556220361962914,-0.6699780270084688,0.19276493476768053,0.12870176241702858,1.7387205310139606,0.3294355235369931,-0.19890272373540796,0.701434195468071,-0.669062496992442,0.1928327524317609,0.13766284319623387,1.7387677435835929,0.32637639467856777,-0.19976522118005804,0.6968153061733099
326169.158405109,PLAYBACK,3.695057273027487,5.727302050217986e-05,-0.6699780270084688,0.19276493476768053,0.13138704509040977,1.7387205310139606,0.3294355235369931,-0.19890272373540796,0.7006669718471041,-0.6687948813998693,0.19291636581488664,0.14016307309145765,1.7388517207922265,0.3259403250551778,-0.1997880991950313,0.6958420911109983
326169.163402773,PLAYBACK,3.7000603569904342,6.035697879269719e-05,-0.6695944151979862,0.19276493476768053,0.13292149233234163,1.739104142824445,0.3294355235369931,-0.19890272373540796,0.7002833600366216,-0.668627493519084,0.19296929897182716,0.1416696902005987,1.7389026174362232,0.32567962989534277,-0.19979013688792918,0.6952347054538122
326169.171795728,PLAYBACK,3.708144947013352,0.0031449469970539212,-0.6692108033875037,0.19276493476768053,0.134839551384756,1.7387205310139606,0.3286682999160281,-0.19890272373540796,0.6991325246051723,-0.6683436922324518,0.19306027222068733,0.14413105492780648,1.7389857752523998,0.32525967361788116,-0.19977308562533996,0.694214560907992
326169.179356991,PLAYBACK,3.7150565659976564,5.656597204506397e-05,-0.6692108033875037,0.19276493476768053,0.13599038681620534,1.739104142824445,0.3282846881055438,-0.19890272373540796,0.6983653009842072,-0.6680874045779719,0.1931437928802802,0.14625959211606268,1.739057088322365,0.3249042639501162,-0.19973693309014764,0.6933102889885849
326169.188408205,PLAYBACK,3.7250354540301487,3.5454053431749344e-05,-0.6688271915770212,0.19276493476768053,0.13829205767910224,1.739104142824445,0.3282846881055438,-0.19890272373540796,0.6975980773632422,-0.6676938647478768,0.19327449064379187,0.1493661832222884,1.7391585865609471,0.3244007461708563,-0.19964721619918543,0.6919659291082642
326169.193365484,PLAYBACK,3.730058374989312,5.8375007938593626e-05,-0.6688271915770212,0.19276493476768053,0.13905928130006906,1.7394877546349274,0.3282846881055438,-0.19928633554589048,0.6972144655527579,-0.6674847313981292,0.19334504630535454,0.1509416671019009,1.739208161411813,0.32415251294752884,-0.19958485892636652,0.6912777364186795
326169.202615601,PLAYBACK,3.7350599560304545,5.995604442432523e-05,-0.6684435797665369,0.19276493476768053,0.14136095216296596,1.7394877546349274,0.32790107629506127,-0.19928633554589048,0.6964472419317929,-0.6672688011897067,0.19341858521745284,0.15251593573690211,1.7392559374620087,0.3239089679329629,-0.19951145783883192,0.6905885337877561
326169.211639946,PLAYBACK,3.7450624080374837,6.240804214030504e-05,-0.6684435797665369,0.19276493476768053,0.14366262302586286,1.7394877546349274,0.3271338526740962,-0.19928633554589048,0.6952964065003435,-0.6668128679607248,0.19357563887942794,0.15567247013825264,1.739344936194478,0.32343161751169475,-0.19933291121050742,0.6892094292444424
326169.216250166,PLAYBACK,3.7550583070260473,5.8307021390646696e-05,-0.6680599679560544,0.19276493476768053,0.14596429388876153,1.73987136644541,0.3267502408636137,-0.19928633554589048,0.6937619592584117,-0.6663230683078813,0.19374581174143363,0.15882310341192155,1.7394224015076476,0.32296218058815884,-0.19911915006540348,0.6878464293379605
326169.224228898,PLAYBACK,3.7608426610240713,0.0008426610147580504,-0.6676763561455719,0.19276493476768053,0.1474987411306934,1.73987136644541,0.3263666290531294,-0.19890272373540796,0.6933783474479291,-0.6660229379402152,0.19385010829280158,0.1606373524284658,1.7394609129059229,0.32268977050470987,-0.19898437879671005,0.687070734699345
326169.233547562,PLAYBACK,3.770105321018491,0.00010532099986448884,-0.6676763561455719,0.19276493476768053,0.15171847104600467,1.73987136644541,0.3259830172426469,-0.19890272373540796,0.6918439002059973,-0.6655150257355987,0.1940254042944735,0.16351861772845117,1.739511864290497,0.32224345725962567,-0.19876189595467814,0.6858541295496912
326169.238614185,PLAYBACK,3.7750973040238023,9.730400051921606e-05,-0.6672927443350893,0.19276493476768053,0.15325291828793652,1.73987136644541,0.32559940543216437,-0.19890272373540796,0.6914602883955148,-0.6652265769201049,0.19412376867065806,0.16505534194364183,1.7395336217341644,0.32199337381240634,-0.19864353188463618,0.6852124836750837
326169.246505454,PLAYBACK,3.783203023020178,0.0032030229922384024,-0.6672927443350893,0.19314854657816305,0.15478736552986838,1.73987136644541,0.32521579362168185,-0.19890272373540796,0.6899258411535829,-0.6647349861136728,0.19428861981866108,0.16752083506579943,1.7395603621322846,0.32156506890481934,-0.198462556410804,0.6841913428362675
326169.254876909,PLAYBACK,3.7900560119887814,5.60120097361505e-05,-0.666909132524605,0.19314854657816305,0.1578562600137321,1.73987136644541,0.32444857000071503,-0.19890272373540796,0.688391393911651,-0.6642959562068529,0.19443229634264117,0.16957229339789553,1.7395748419826165,0.321174457348796,-0.1983282368670654,0.6833464872814131
326169.264588918,PLAYBACK,3.800065947987605,6.594799924641848e-05,-0.66614190890364,0.19314854657816305,0.1609251544975958,1.73987136644541,0.3240649581902325,-0.19890272373540796,0.6876241702906842,-0.663614479739878,0.19464779607835106,0.17250704362078195,1.7395833498922226,0.3205431070349639,-0.19817845144337237,0.6821375142688667
326169.269272766,PLAYBACK,3.810060385032557,6.038503488525748e-05,-0.6657582970931575,0.19353215838864735,0.16552849622339139,1.73987136644541,0.3240649581902325,-0.19890272373540796,0.6864733348592367,-0.6628851857356118,0.1948677041341211,0.1753563588239574,1.7395782612252522,0.3198252762108843,-0.19810179781610235,0.6809513827989352
326169.278449596,PLAYBACK,3.8150612150202505,6.121501792222261e-05,-0.6653746852826732,0.19353215838864735,0.16706294346532324,1.73987136644541,0.3240649581902325,-0.19890272373540796,0.6860897230487524,-0.6625018160105919,0.19497883801468946,0.17674949708234508,1.7395712000692236,0.31942891772497967,-0.19809610762414193,0.6803624292987599
326169.281302494,PLAYBACK,3.820059821009636,5.982100265100598e-05,-0.6649910734721907,0.19391577019912987,0.16821377889677258,1.73987136644541,0.32368134637975,-0.19890272373540796,0.6853224994277873,-0.6621064019093779,0.19509030641223896,0.17811940834899032,1.7395614665062933,0.3190062153959745,-0.198114454352748,0.6797749885854251
326169.290287105,PLAYBACK,3.8269673920003697,0.0019673919887281954,-0.6646074616617081,0.19391577019912987,0.16936461432822014,1.73987136644541,0.3232977345692657,-0.19890272373540796,0.6845552758068205,-0.6615401847587883,0.19524452195262335,0.17997438635966498,1.7395440827031547,0.31837683974147085,-0.19818170024864193,0.6789629194981873
326169.299453835,PLAYBACK,3.8360953500377946,0.0010953500168398023,-0.6638402380407413,0.1942993820096124,0.17396795605401572,1.73987136644541,0.3229141227587832,-0.19890272373540796,0.683404440375373,-0.6607576621081499,0.19544772269963884,0.18235673667779162,1.7395151168421472,0.3174626562955672,-0.19834865168304122,0.677884486310129
326169.309191162,PLAYBACK,3.845989259018097,0.00098925904603675,-0.6634566262302588,0.1942993820096124,0.1766532387273969,1.73987136644541,0.32253051094830065,-0.19890272373540796,0.6822536049439236,-0.6598670350431896,0.1956660495789699,0.18485067172427402,1.7394774709254621,0.316365055659239,-0.19863275482654538,0.6767017885720664
326169.318311917,PLAYBACK,3.8550196349970065,1.963501563295722e-05,-0.6626894026092938,0.1946829938200949,0.1785712977798113,1.73987136644541,0.32176328732733384,-0.19851911192492544,0.6811027695124743,-0.6590170889194972,0.19586275319908483,0.18704927990082185,1.739438652939887,0.31526780582934005,-0.19898576313820163,0.6756037575422564
326169.321227332,PLAYBACK,3.8600599790224805,5.997903645038605e-05,-0.6623057907988095,0.1946829938200949,0.1793385214007781,1.73987136644541,0.3213796755168513,-0.19851911192492544,0.6811027695124743,-0.6585276784944248,0.19597130101693788,0.18824582883663835,1.7394154840174156,0.3146166786500955,-0.19922106070777554,0.6749812215165022
326169.33146884,PLAYBACK,3.8679842590354383,0.002984259044751525,-0.661922178988327,0.1950666056305792,0.18125658045319248,1.73987136644541,0.3209960637063688,-0.19851911192492544,0.6803355458915092,-0.6577366667615164,0.1961400588253868,0.19008559299618177,1.7393772278441308,0.3135383446971075,-0.19964509377770212,0.6739860224972644
326169.339601529,PLAYBACK,3.875060235033743,6.023503374308348e-05,-0.6611549553673619,0.1950666056305792,0.18240741588464182,1.73987136644541,0.320228840085402,-0.19851911192492544,0.6795683222705424,-0.6570078826523181,0.196288801911038,0.19168888729164005,1.73934140305511,0.31252027730998805,-0.2000781568759549,0.6730780994778484
326169.344205869,PLAYBACK,3.885058519023005,5.8519013691693544e-05,-0.6603877317463951,0.1950666056305792,0.18470908674753872,1.7402549782558925,0.3186943928434701,-0.19890272373540796,0.6784174868390949,-0.6559409908229439,0.19649603498037607,0.19389797629697486,1.739288370024778,0.3109953113543068,-0.2007745047166369,0.6717597837638125
326169.353339678,PLAYBACK,3.8900581059860997,5.810597212985158e-05,-0.6603877317463951,0.1950666056305792,0.18739436942091992,1.73987136644541,0.3183107810329876,-0.19851911192492544,0.677650263218128,-0.6553905289452283,0.19659849776777616,0.19498079898645368,1.739260823145931,0.3101955156846203,-0.2011586169430305,0.6710832853282942
326169.358267281,PLAYBACK,3.8950589460437186,5.894602509215474e-05,-0.6600041199359126,0.19545021744106172,0.18854520485236748,1.73987136644541,0.31754355741202256,-0.19851911192492544,0.676883039597163,-0.6548280767660768,0.19670030931982851,0.19605112413600095,1.7392325674218323,0.3093710301952784,-0.20156609365529832,0.6703940516324651
326169.365731172,PLAYBACK,3.9043516520177945,0.004351651994511485,-0.6588532845044632,0.19545021744106172,0.19046326390478363,1.73987136644541,0.3160091101700907,-0.19851911192492544,0.6764994277866787,-0.6537497248337029,0.1968879927103629,0.19801056606450979,1.7391780661395058,0.30777458833710797,-0.20238346123318693,0.669077259198643
326169.374606728,PLAYBACK,3.910063099989202,6.310001481324434e-05,-0.6584696726939807,0.19545021744106172,0.1916140993362312,1.73987136644541,0.3156254983596082,-0.19890272373540796,0.6753485923552311,-0.6530642420677465,0.19700258263599607,0.19919868289467857,1.7391431485956947,0.30675223111694294,-0.2029236551958549,0.6682429119914911
326169.379198435,PLAYBACK,3.9200580780161545,5.8078032452613115e-05,-0.6573188372625314,0.19545021744106172,0.19353215838864735,1.73987136644541,0.3140910511176763,-0.19928633554589048,0.6741977569237818,-0.6518197667957235,0.1972022035546784,0.20125406781383132,1.7390790341066098,0.3048884126810769,-0.20393620737266727,0.6667329714735124
326169.388355979,PLAYBACK,3.925058467022609,5.846703425049782e-05,-0.6565516136415663,0.19583382925154424,0.19583382925154424,1.73987136644541,0.3133238274967095,-0.199669947356373,0.6738141451132993,-0.6511743541679575,0.19730182755847367,0.20227298779699882,1.7390453241586539,0.30392056483712976,-0.2044741247839916,0.6659522291724768
326169.393271951,PLAYBACK,3.930059518024791,5.9518031775951385e-05,-0.6561680018310838,0.19621744106202677,0.19660105287251106,1.7394877546349274,0.312940215686227,-0.2000535591668573,0.673430533302815,-0.6505127395780861,0.1974014205538597,0.20328688507601092,1.7390103748579477,0.30292921341526025,-0.2050325420749412,0.6651535542101477
326169.40146794,PLAYBACK,3.937895324022975,0.0028953240253031254,-0.6550171663996345,0.19621744106202677,0.19736827649347788,1.73987136644541,0.31140576844429513,-0.20043717097733982,0.6722796978713674,-0.6494421104162217,0.19755757913946834,0.20486664558495327,1.7389528393335933,0.3013295574793283,-0.20594765715004368,0.6638648020395983
326169.410587984,PLAYBACK,3.9450121370027773,1.2136995792388916e-05,-0.6542499427786677,0.19660105287251106,0.19966994735637478,1.7394877546349274,0.30987132120236327,-0.20120439459830486,0.6711288624399181,-0.6484320094561664,0.19769975213990498,0.20629337617967933,1.7388972695466038,0.29982872453675385,-0.20682008814104666,0.6626532494678453
326169.418900971,PLAYBACK,3.955057649000082,5.764898378401995e-05,-0.6527154955367358,0.19660105287251106,0.20120439459830664,1.7394877546349274,0.3083368739604314,-0.2023552300297542,0.6699780270084688,-0.6469421236631604,0.19790139457336522,0.20829530958553005,1.7388126350619593,0.29763603591702614,-0.20811544023318299,0.6608744048471608
326169.428363585,PLAYBACK,3.96506000199588,6.0001970268785954e-05,-0.6511810482948039,0.19736827649347788,0.20388967727168783,1.7394877546349274,0.30680242671849955,-0.203122453650721,0.6688271915770212,-0.6453815704617724,0.19810372179285182,0.21027381420127167,1.7387200472977926,0.2953732312683747,-0.20947463471830155,0.6590223453593942
326169.433364806,PLAYBACK,3.9700567050022073,5.6705030146986246e-05,-0.6507974364843214,0.19698466468299536,0.20465690089265287,1.7394877546349274,0.3060352030975345,-0.20350606546120353,0.6684435797665369,-0.6445729284476303,0.19820549387182082,0.21125545573241802,1.7386702979027724,0.2942164268824801,-0.21017740070467053,0.6580673820092842
326169.436256918,PLAYBACK,3.975058768002782,5.876802606508136e-05,-0.6500302128633564,0.19736827649347788,0.2054241245136197,1.7394877546349274,0.30411714404511836,-0.20388967727168605,0.6676763561455719,-0.6437442727196134,0.19830789052723385,0.21223258718112917,1.7386179598317668,0.29304306252921386,-0.2108953701408831,0.6570922473686404
326169.446464834,PLAYBACK,3.9830135949887335,0.0030135950073599815,-0.648879377431907,0.19736827649347788,0.20695857175555155,1.7394877546349274,0.3033499204241533,-0.20465690089265287,0.6665255207141225,-0.6423882630578415,0.1984718640432192,0.21377232549589095,1.7385291555779856,0.2911507247261725,-0.21206385892217727,0.6555042707378215
326169.454434781,PLAYBACK,3.9911566550144926,0.001156655023805797,-0.6473449301899752,0.19736827649347788,0.2084930189974834,1.7394877546349274,0.30143186137173894,-0.20580773632410043,0.6649910734721907,-0.6409546969120351,0.19864124405628872,0.21532544440774892,1.7384307113028399,0.2891891669492338,-0.21328883057027487,0.6538360617094562
326169.463587215,PLAYBACK,4.000265478040092,0.0002654780400916934,-0.6458104829480433,0.1977518883039604,0.21002746623941526,1.7394877546349274,0.29913019050884027,-0.20657495994506725,0.6634566262302588,-0.6393030264248136,0.1988326797529371,0.2170269140613657,1.7383110460614013,0.2869800488077962,-0.2146858779697717,0.6519275479222321
326169.468792909,PLAYBACK,4.005096971988678,9.697198402136564e-05,-0.6450432593270783,0.1977518883039604,0.2107946898603803,1.7394877546349274,0.2983629668878752,-0.20695857175554977,0.6626894026092938,-0.638409406509545,0.1989351377192678,0.21791076962160907,1.738243354191351,0.28580752064382914,-0.215435518597457,0.6509008870597969
326169.476325428,PLAYBACK,4.015060102043208,6.0102029237896204e-05,-0.6431252002746621,0.1977518883039604,0.21232913710231216,1.7394877546349274,0.2952940724040115,-0.2077257953765148,0.6611549553673619,-0.6365367567199275,0.19914871106167853,0.21968505799478238,1.7380944045400342,0.283400740221877,-0.21699434074728932,0.6487623436079528
326169.481175848,PLAYBACK,4.020056474022567,5.6474003940820694e-05,-0.6427415884641796,0.1977518883039604,0.21309636072327898,1.7394877546349274,0.29375962516207965,-0.20887663080796415,0.6600041199359126,-0.6355863484809873,0.19925715666464688,0.22054745225824415,1.7380149764724615,0.28220420904250787,-0.21778077041487584,0.6476832762408564
326169.490104855,PLAYBACK,4.026783137989696,0.0017831379664130509,-0.6408235294117652,0.1977518883039604,0.21386358434424402,1.739104142824445,0.29299240154111283,-0.20964385442893096,0.6584696726939807,-0.6342994896952837,0.19940485455501536,0.22167674470282928,1.7379031382297778,0.28060893092080463,-0.2188432015819874,0.6462283104212926
326169.499241139,PLAYBACK,4.0358560039894655,0.0008560040150769055,-0.6389054703593509,0.19813550011444292,0.2165488670176252,1.739104142824445,0.29069073067821594,-0.21079468986037853,0.6565516136415663,-0.6325586047679421,0.19960779401139236,0.22313827780940051,1.7377436781401125,0.2784914178364553,-0.22028255209852785,0.6442696057606476
326169.508841491,PLAYBACK,4.045175711042248,0.00017571105854585767,-0.6366037994964522,0.19813550011444292,0.2184669260700396,1.739104142824445,0.28877267162580156,-0.21232913710231038,0.6542499427786677,-0.6307758724553976,0.19982182756139868,0.22456171207185951,1.7375702292663513,0.2763620883518657,-0.22177121235932612,0.6422722870072071
326169.516298649,PLAYBACK,4.055057579011191,5.757901817560196e-05,-0.6346857404440378,0.19813550011444292,0.22000137331197145,1.7387205310139606,0.28608738895242036,-0.21386358434424224,0.6519482719157708,-0.628906447089209,0.20005652570237528,0.22598156164113006,1.737376802772842,0.2741563553198561,-0.22336817789806965,0.6401821659308781
326169.521289942,PLAYBACK,4.060060132003855,6.013200618326664e-05,-0.6335349050125885,0.19851911192492544,0.2211522087434208,1.7387205310139606,0.284936553520971,-0.2153980315861741,0.6511810482948039,-0.6279732641660243,0.20017893579843393,0.22666466886982473,1.7372756618640879,0.2730592753947059,-0.22418739746851848,0.6391384289732532
326169.529609521,PLAYBACK,4.068406030011829,0.0034060300095006824,-0.6316168459601741,0.19851911192492544,0.22345387960631768,1.7387205310139606,0.28340210627903917,-0.21616525520714092,0.6492629892423896,-0.6264432893183293,0.20038929185979037,0.22775078485346503,1.7371029957419193,0.2712555489656447,-0.22557619609176882,0.6374232010310915
326169.539099206,PLAYBACK,4.075578708027024,0.0005787080153822899,-0.6296987869077597,0.19890272373540974,0.22498832684824954,1.738336919203478,0.2822512708475916,-0.21769970244907277,0.6469613183794927,-0.6251613379121549,0.20057678214308397,0.2286311049350823,1.7369515597484808,0.26972878996262056,-0.22679727332334745,0.6359788088595751
326169.548463306,PLAYBACK,4.085069845023099,6.984500214457512e-05,-0.6281643396658279,0.19928633554589226,0.2265227740901814,1.738336919203478,0.28033321179517545,-0.21885053788052033,0.6450432593270783,-0.6235215933367303,0.20083516426322398,0.22972198302772823,1.7367484824100181,0.2677357003329953,-0.2284610593513683,0.6341153773961637
326169.551245923,PLAYBACK,4.090059555019252,5.955499364063144e-05,-0.6273971160448628,0.19966994735637478,0.22767360952163074,1.738336919203478,0.2791823763637279,-0.22000137331196967,0.643892423895629,-0.6226888084079486,0.20097589576671038,0.2302625790466051,1.7366411483759472,0.2666978055514457,-0.22936078440228244,0.6331594614471782
326169.560444214,PLAYBACK,4.095057119033299,5.711906123906374e-05,-0.626629892423896,0.19966994735637478,0.22805722133211326,1.7387205310139606,0.27764792912179603,-0.221152208743419,0.6431252002746621,-0.6218767431248481,0.2011202869345367,0.23078201679445887,1.7365336519927868,0.26566361121470766,-0.23028081357971414,0.6322193866203393
326169.569857406,PLAYBACK,4.105113372032065,0.000113372050691396,-0.6247118333714816,0.2004371709773416,0.2292080567635626,1.7387205310139606,0.27572987006938166,-0.22268665598535087,0.6404399176012827,-0.6203139234194927,0.20142123466657746,0.23176322531640894,1.7363185422664231,0.2635943251987769,-0.23219308598389019,0.6303825053574779
326169.574249219,PLAYBACK,4.1150583470007405,5.834701005369425e-05,-0.6239446097505148,0.20120439459830664,0.22997528038452764,1.7387205310139606,0.273428199206483,-0.22460471503776525,0.6385218585488683,-0.6188670496582492,0.20173217475837676,0.23265459016552353,1.736109116846893,0.261556835696204,-0.2341681364488024,0.6286400231900023
326169.583172846,PLAYBACK,4.121867245004978,0.0018672450096346438,-0.6231773861295498,0.20120439459830664,0.23074250400549445,1.738336919203478,0.27227736377503364,-0.22575555046921458,0.6377546349279015,-0.6179346933811165,0.20195234042996518,0.23322303964528054,1.7359685309175288,0.2601634518097193,-0.23556955432773827,0.6274898947460903
326169.586552649,PLAYBACK,4.125059908023104,5.990802310407162e-05,-0.6227937743190672,0.20158800640878916,0.23074250400549445,1.738336919203478,0.27227736377503364,-0.22575555046921458,0.6366037994964522,-0.6175139142262657,0.20205751590218698,0.23347863401302468,1.7359035482070995,0.2595099190001648,-0.23624043884225887,0.6269625243426615
326169.596553188,PLAYBACK,4.132544999010861,0.002544999006204307,-0.6220265506981004,0.20158800640878916,0.23112611581597697,1.738336919203478,0.27035930472261926,-0.22767360952162896,0.6350693522545203,-0.6165682110238472,0.2023087158106283,0.23405215228897355,1.7357538136022121,0.25797610122978903,-0.2378473976674891,0.6257554995127355
326169.605728666,PLAYBACK,4.14231116999872,0.0023111699847504497,-0.6208757152666529,0.20197161821927345,0.2322769512474263,1.7379533073929956,0.2684412456702049,-0.22920805676356082,0.633151293202106,-0.6154188418691464,0.20264558343101405,0.23475035688943732,1.7355644693391818,0.2559689919380519,-0.24001435194730655,0.6242409208638544
326169.614848549,PLAYBACK,4.151526181027293,0.001526181004010141,-0.6197248798352035,0.20197161821927345,0.23266056305790883,1.7371860837720305,0.2665231866177905,-0.23074250400549268,0.6316168459601741,-0.6144192176644101,0.20297203339693498,0.23536244547857949,1.7353925549604767,0.2540665547442737,-0.24212898422579096,0.6228717208253114
326169.623304744,PLAYBACK,4.160057767003309,5.776702892035246e-05,-0.6189576562142367,0.20197161821927345,0.23304417486839135,1.7368024719615462,0.26460512756537613,-0.23227695124742453,0.6304660105287265,-0.613564003807081,0.2032808893804703,0.23589308741069176,1.735239513791363,0.2522963993359054,-0.2441437811553599,0.6216533030464337
326169.628301958,PLAYBACK,4.165060130006168,6.013002712279558e-05,-0.6181904325932717,0.20197161821927345,0.23342778667887387,1.7364188601510637,0.2634542921339268,-0.23342778667887387,0.6293151750972772,-0.6130927140229837,0.20346461442268926,0.2361895520234661,1.7351525874602245,0.2512544185002348,-0.24534895031583842,0.6209599923770109
326169.635762172,PLAYBACK,4.174413891043514,0.004413891059812158,-0.6174232089723048,0.20197161821927345,0.23381139848935817,1.7360352483405812,0.2615362330815124,-0.23534584573128825,0.6281643396658279,-0.6122687328550905,0.2038126453934084,0.23671731928352419,1.734995711970903,0.24929858402061622,-0.24764553937420966,0.6197038451415917
326169.645727645,PLAYBACK,4.180057552002836,5.755200982093811e-05,-0.6166559853513398,0.20197161821927345,0.2341950102998407,1.7356516365300987,0.25923456221861374,-0.2368802929732201,0.6270135042343785,-0.611806333955114,0.20402500281649466,0.23702018005964165,1.7349046773926646,0.2481146696022895,-0.2490555375398568,0.6189706427572919
326169.649198137,PLAYBACK,4.190058101026807,5.8101024478673935e-05,-0.6147379262989254,0.20235523002975597,0.23496223392080573,1.7356516365300987,0.25693289135571684,-0.23879835202563449,0.625862668802931,-0.6110482901531571,0.20440444936173535,0.23753032032138352,1.7347501567577779,0.24601304340962377,-0.25159104112467257,0.6177160958621762
326169.65834388,PLAYBACK,4.195059191028122,5.9191021136939526e-05,-0.6143543144884411,0.20235523002975597,0.23496223392080573,1.7352680247196144,0.25616566773475,-0.23994918745708382,0.6250954451819641,-0.6106975257084826,0.20459515074297147,0.23777342425523829,1.7346761849368069,0.24496218359078736,-0.2528729404957794,0.6171099926857151
326169.663274639,PLAYBACK,4.200058849994093,5.884998245164752e-05,-0.6135870908674761,0.2027388418402385,0.23572945754177255,1.7352680247196144,0.25501483230330246,-0.24071641107804886,0.6247118333714816,-0.6103650576117075,0.20478602479179805,0.23800882905880694,1.7346044628840054,0.24391324661098782,-0.2541609724967833,0.6165182534284858
326169.67131669,PLAYBACK,4.207916887011379,0.0029168869950808585,-0.6124362554360268,0.203122453650721,0.23611306935225507,1.7352680247196144,0.2530967732508863,-0.24263447013046324,0.6239446097505148,-0.6098780708112232,0.2050856900333396,0.23836393422735375,1.7344962857467234,0.24227117368881143,-0.25619292232079127,0.6156170724621699
326169.680513317,PLAYBACK,4.2171410960145295,0.002141095988918096,-0.6112854200045792,0.2035060654612053,0.2368802929732201,1.7352680247196144,0.2507951023879894,-0.24493614099336192,0.6224101625085829,-0.6093594827572903,0.20543532679969387,0.23875840185806085,1.7343764605819345,0.24036083634418648,-0.2585783370516863,0.6146047611137101
326169.68872241,PLAYBACK,4.2250565100112,5.651003448292613e-05,-0.6101345845731299,0.20388967727168783,0.2368802929732201,1.7352680247196144,0.248877043335575,-0.2468542000457763,0.6216429388876179,-0.6089577112934517,0.20573194737076186,0.23907832384541625,1.7342798202673355,0.23874351756158377,-0.2606139132491466,0.6137758156601448
326169.693299239,PLAYBACK,4.230088900018018,8.890003664419055e-05,-0.6097509727626473,0.20427328908217035,0.2372639047837044,1.7352680247196144,0.24849343152509248,-0.24762142366674134,0.6208757152666529,-0.6087219240712546,0.20591824985813653,0.23927307028855302,1.7342213319609494,0.23772882146073102,-0.26189779441786437,0.6132680254429514
326169.702827075,PLAYBACK,4.2350670479936525,6.704800762236118e-05,-0.6089837491416805,0.20465690089265287,0.23764751659418692,1.7352680247196144,0.24734259609364315,-0.24877225909819067,0.6208757152666529,-0.6085029716731293,0.20610043297136277,0.23945926930813996,1.734165706162145,0.23673716586553128,-0.26315717360060353,0.6127804354939238
326169.712052686,PLAYBACK,4.245063568989281,6.356899393722415e-05,-0.6082165255207155,0.20504051270313717,0.23803112840466945,1.7348844129091319,0.24465731342026195,-0.25107392996108935,0.6197248798352035,-0.6081036549744491,0.2064588520132792,0.23981439794347026,1.7340605660902366,0.23478737296886223,-0.2656456578773837,0.6118453078596815
326169.716173683,PLAYBACK,4.255055090994574,5.509098991751671e-05,-0.6074493018997487,0.2054241245136197,0.23841474021515197,1.7352680247196144,0.2431228661783301,-0.2545264362554356,0.6189576562142367,-0.6077539561277464,0.20680572733863023,0.2401453816416204,1.7339639009044585,0.23290106990568218,-0.2680670935979092,0.6109683302135225
326169.725290241,PLAYBACK,4.261840986029711,0.001840986020397395,-0.6070656900892661,0.20619134813458473,0.23841474021515197,1.7352680247196144,0.24235564255736505,-0.2552936598764006,0.6181904325932717,-0.6075419140956694,0.20703415339938536,0.2403572209528798,1.73390280283785,0.23165891666347788,-0.269668382105047,0.6104046407636975
326169.733441316,PLAYBACK,4.270104791037738,0.00010479101911187172,-0.6066820782787836,0.20657495994506903,0.23879835202563626,1.7352680247196144,0.2408211953154332,-0.257211718928815,0.6170395971618223,-0.6073088185567962,0.20730404384568984,0.24060181208619322,1.7338330858105433,0.2301910510292103,-0.27156692624291034,0.6097517671005276
326169.73828899,PLAYBACK,4.275056248996407,5.624897312372923e-05,-0.6066820782787836,0.20657495994506903,0.23879835202563626,1.7352680247196144,0.24005397169446638,-0.25836255436026434,0.6166559853513398,-0.6071812980675086,0.20746127314660875,0.2407416495799386,1.73379365292384,0.2293357200038088,-0.27267614007487573,0.6093776324411418
326169.747110747,PLAYBACK,4.285621132003143,0.0056211319752037525,-0.6066820782787836,0.20695857175555155,0.23918196383611878,1.7352680247196144,0.23736868902108696,-0.2602806134126787,0.6155051499198905,-0.6069366383791519,0.20778532833791946,0.2410241588012802,1.733714997452948,0.22757219681848145,-0.2749694030917816,0.6086200967422525
326169.756562962,PLAYBACK,4.290058721031528,5.872105248272419e-05,-0.6066820782787836,0.20695857175555155,0.23918196383611878,1.7348844129091319,0.23660146540012014,-0.26143144884412806,0.615121538109408,-0.6068440672874975,0.20791677932663433,0.241136698608014,1.7336840592610978,0.226856531402515,-0.27590231326734527,0.6083177746008208
326169.761259594,PLAYBACK,4.300058168009855,5.8168021496385336e-05,-0.6066820782787836,0.20734218356603407,0.2395655756466013,1.7348844129091319,0.23468340634770576,-0.2648839551384743,0.6132034790569936,-0.6066552253518094,0.20820291005481747,0.24137784119899602,1.7336185659237486,0.22529802181667366,-0.27793812973785653,0.6076690899790244
326169.769120587,PLAYBACK,4.305852610035799,0.000852610042784363,-0.6070656900892661,0.20734218356603407,0.2395655756466013,1.7348844129091319,0.23429979453722324,-0.26603479056992363,0.6124362554360268,-0.6065572273211342,0.20836238787468223,0.24151008772949084,1.7335831290991075,0.22442890197231666,-0.27907579879588246,0.607312899704726
326169.778527427,PLAYBACK,4.315062011999544,6.201199721544981e-05,-0.6070656900892661,0.20734218356603407,0.23994918745708382,1.7341171892881668,0.23276534729529139,-0.26833646143282053,0.6116690318150617,-0.6064168935924364,0.20860645744292164,0.2417096691748871,1.733530323185953,0.22309805741625868,-0.28082095405760044,0.606774875592001
326169.783300182,PLAYBACK,4.3200595660018735,5.956599488854408e-05,-0.6070656900892661,0.20734218356603407,0.24033279926756812,1.7341171892881668,0.23199812367432457,-0.26948729686426987,0.6109018081940949,-0.6063479822070748,0.20873415296053113,0.24181279285124116,1.733503366477906,0.22240139991583616,-0.28173591503009093,0.6064966956912095
326169.791344306,PLAYBACK,4.32799464702839,0.002994647016748786,-0.6070656900892661,0.2077257953765166,0.24071641107805064,1.7337335774776825,0.2304636764323927,-0.27178896772716854,0.6101345845731299,-0.6062480422720895,0.20893017137014405,0.24196943962110823,1.7334628604229985,0.22133147669645334,-0.28314292231880034,0.6060739524823754
326169.800418976,PLAYBACK,4.339094820024911,0.004094820003956556,-0.6070656900892661,0.2077257953765166,0.24110002288853316,1.7333499656672,0.22854561737997833,-0.27447425040054796,0.608600137331198,-0.6061257784523585,0.209190806294784,0.24217476679859362,1.733410598473291,0.21990782751267124,-0.28501834276626764,0.6055196036828223
326169.808774252,PLAYBACK,4.345103954023216,0.00010395405115559697,-0.6066820782787836,0.2081094071869991,0.24110002288853316,1.7333499656672,0.2281620055694958,-0.2756250858319973,0.6082165255207155,-0.606067224096558,0.20932546053410286,0.24227958325847374,1.733384294897821,0.21917183123854034,-0.28598927964387433,0.6052365603918971
326169.81911173,PLAYBACK,4.355059228022583,5.922804120928049e-05,-0.6066820782787836,0.2084930189974834,0.24186724650949998,1.7333499656672,0.22701117013804648,-0.2775431448844117,0.6074493018997487,-0.6059806910644902,0.2095388907237615,0.2424440292173336,1.7333435569139717,0.21800455157176618,-0.2875310218210376,0.6047924820731837
326169.824537174,PLAYBACK,4.365069224033505,6.922404281795025e-05,-0.6066820782787836,0.20887663080796592,0.24186724650949998,1.7333499656672,0.22470949927514958,-0.27946120393682605,0.6066820782787836,-0.6059054513654801,0.20974179124560738,0.2425985013127416,1.733305901591837,0.2168940144273162,-0.28899985230002606,0.6043753912452101
326169.831298122,PLAYBACK,4.370059064007364,5.906401202082634e-05,-0.6066820782787836,0.20887663080796592,0.2422508583199825,1.7333499656672,0.22432588746466528,-0.2806120393682754,0.6062984664682993,-0.6058719007386857,0.20983871617588187,0.24267166879098598,1.7332882807636434,0.21636320906334697,-0.28970259204174736,0.6041778721969068
326169.836326283,PLAYBACK,4.375051849987358,5.184998735785484e-05,-0.6066820782787836,0.20926024261844844,0.2422508583199825,1.7329663538567175,0.22355866384370024,-0.2817628747997247,0.6059148546578168,-0.6058407456870729,0.2099329756038172,0.2427424448697143,1.7332713714240005,0.21584680498482917,-0.2903866791597268,0.6039868446437092
326169.845072269,PLAYBACK,4.381124643026851,0.0011246430221945047,-0.6059148546578168,0.20964385442893096,0.2422508583199825,1.7333499656672,0.22279144022273342,-0.28253009842068977,0.6055312428473343,-0.6058058892075698,0.2100440389706995,0.242825365783465,1.7332517337839222,0.21523808548072645,-0.29119357252196515,0.6037630926221851
326169.852992993,PLAYBACK,4.391691139026079,0.0016911390121094882,-0.6059148546578168,0.20964385442893096,0.2422508583199825,1.7333499656672,0.22087338117031904,-0.28483176928358844,0.6051476310368518,-0.6057524687519819,0.21022815784083795,0.2429617296756339,1.7332198551527664,0.2142283405952008,-0.29253324647427353,0.6033952887538572
326169.858389773,PLAYBACK,4.3950608420418575,6.0842023231089115e-05,-0.6055312428473343,0.21002746623941526,0.2422508583199825,1.7333499656672,0.22087338117031904,-0.28483176928358844,0.6051476310368518,-0.6057371969018089,0.21028448823069187,0.24300318179160546,1.7332102685927486,0.21391925655790314,-0.2929436132868224,0.6032835278327874
326169.867416192,PLAYBACK,4.404085078043863,0.004085078020580113,-0.6051476310368518,0.21002746623941526,0.24263447013046502,1.7333499656672,0.2193389339283872,-0.285982604715036,0.604380407415885,-0.605700080675499,0.21042978895672726,0.24310954176993044,1.7331858954353432,0.21312165064068875,-0.2940031956377399,0.602996873952342
326169.876568156,PLAYBACK,4.41315294499509,0.003152945020701736,-0.6051476310368518,0.21041107804989778,0.24263447013046502,1.7337335774776825,0.21857171030742215,-0.28751705195696786,0.6039967956054024,-0.605667816772748,0.2105678298788567,0.24320985256451988,1.7331632084042343,0.21236343337070948,-0.29501124928981604,0.6027266809698362
326169.884710955,PLAYBACK,4.420071567001287,7.156701758503914e-05,-0.6047640192263675,0.21041107804989778,0.24263447013046502,1.7333499656672,0.2174208748759728,-0.2886678873884172,0.6036131837949199,-0.6056462292733964,0.2106679618584463,0.24328217559003917,1.733147036302792,0.21181314955818462,-0.295743331369847,0.6025319817319725
326169.889121022,PLAYBACK,4.430057568999473,5.756900645792484e-05,-0.6047640192263675,0.21041107804989778,0.24301808194094754,1.7333499656672,0.21627003944452347,-0.289435111009384,0.6036131837949199,-0.6056192064786167,0.21080495070848562,0.24338051916622877,1.7331253064657106,0.2110599016876992,-0.2967460805298904,0.6022674005669818
326169.898476126,PLAYBACK,4.435058258997742,5.8259000070393085e-05,-0.6047640192263675,0.2107946898603803,0.24301808194094754,1.7333499656672,0.21627003944452347,-0.29020233463034906,0.6032295719844356,-0.6056073560691687,0.21087038869397703,0.24342724733898605,1.7331150934435982,0.21069990328535637,-0.2972255920420453,0.602141763083377
326169.903252367,PLAYBACK,4.440056474006269,5.6474003940820694e-05,-0.6047640192263675,0.2107946898603803,0.24301808194094754,1.7333499656672,0.21550281582355843,-0.2905859464408316,0.6028459601739531,-0.6055965521773825,0.21093381124295402,0.24347237795828633,1.7331053029943078,0.21035087224291146,-0.29769066602594224,0.6020204770249148
326169.910477091,PLAYBACK,4.449177520989906,0.0041775209829211235,-0.6047640192263675,0.2107946898603803,0.24301808194094754,1.7333499656672,0.2143519803921091,-0.2917367818722809,0.6024623483634706,-0.605579346081954,0.21104475500209058,0.24355093614574183,1.7330884460576133,0.20974001113106383,-0.29850503893640906,0.6018095081452725
326169.919761041,PLAYBACK,4.455059416999575,5.9416983276605606e-05,-0.6047640192263675,0.21117830167086282,0.24301808194094754,1.7333499656672,0.21358475677114405,-0.29250400549324773,0.602078736552988,-0.6055698589880959,0.2111132284427549,0.2435991657803718,1.7330782228926644,0.2093627808340639,-0.2990082206316365,0.6016800971759658
326169.924222434,PLAYBACK,4.465058583009522,5.8582983911037445e-05,-0.6051476310368518,0.21117830167086282,0.24340169375143184,1.7333499656672,0.21281753315017723,-0.2932712291142128,0.6016951247425055,-0.6055563976558928,0.21122450498614806,0.24367710948785892,1.7330619227654112,0.20874936212358128,-0.2998269168294083,0.6014711640888749
326169.933356595,PLAYBACK,4.4700576300383545,5.763006629422307e-05,-0.6051476310368518,0.21117830167086282,0.24301808194094754,1.7333499656672,0.21243392133969471,-0.2940384527351778,0.6016951247425055,-0.6055508406899346,0.2112778223534067,0.24371425976501093,1.7330542562515605,0.20845526931332314,-0.300219636252344,0.6013716809692172
326169.938331567,PLAYBACK,4.475061497010756,6.149703403934836e-05,-0.6055312428473343,0.21117830167086282,0.24340169375143184,1.7333499656672,0.21166669771872967,-0.2944220645456621,0.6016951247425055,-0.6055460059160689,0.2113296751645368,0.24375026594250776,1.7330468921388495,0.20816913929249922,-0.30060185478549345,0.6012753289584375
326169.946670352,PLAYBACK,4.483065907028504,0.0030659070471301675,-0.6055312428473343,0.21156191348134712,0.24301808194094754,1.7333499656672,0.21089947409776286,-0.29518928816662715,0.6013115129320212,-0.605539676041787,0.21140942781596395,0.24380540738412196,1.7330357443895494,0.20772882677007834,-0.30119028812484105,0.6011279069002821
326169.955615209,PLAYBACK,4.490063237026334,6.323703564703465e-05,-0.6055312428473343,0.21117830167086282,0.24340169375143184,1.7333499656672,0.21051586228728034,-0.2963401235980765,0.6013115129320212,-0.6055354287569281,0.21147578926438038,0.24385107234138337,1.7330266334759539,0.20736223364437828,-0.301680435346882,0.6010059499697621
326169.963813943,PLAYBACK,4.50049659400247,0.0004965940024703741,-0.6051476310368518,0.21156191348134712,0.24340169375143184,1.7333499656672,0.20974863866631352,-0.296723735408559,0.6009279011215387,-0.6055310263298941,0.21156842197612094,0.24391449235905444,1.7330141632569114,0.2068501889031239,-0.3023654003795185,0.6008367761549257
326169.969325227,PLAYBACK,4.510059235035442,5.923502612859011e-05,-0.6051476310368518,0.21156191348134712,0.24340169375143184,1.7333499656672,0.20898141504534848,-0.2974909590295258,0.6009279011215387,-0.6055286801602197,0.21164595626395785,0.24396729475432027,1.7330039431478845,0.2064213148229868,-0.3029394062948467,0.6006961080192785
326169.978354762,PLAYBACK,4.515057359996717,5.735998274758458e-05,-0.6051476310368518,0.21156191348134712,0.24340169375143184,1.7329663538567175,0.20859780323486596,-0.29825818265049087,0.6005442893110562,-0.6055279763421519,0.21168339213001677,0.2439927000979948,1.7329990784158205,0.20621414789542997,-0.30321677376066214,0.6006284874461117
326169.98130391,PLAYBACK,4.52006061602151,6.061600288376212e-05,-0.6051476310368518,0.21156191348134712,0.24378530556191436,1.7329663538567175,0.20821419142438166,-0.2986417944609734,0.6005442893110562,-0.6055275674014677,0.21171858689020848,0.24401653228035394,1.7329945461141907,0.20601932730875022,-0.3034776667040889,0.600565090531612
326169.990310984,PLAYBACK,4.526959871989675,0.001959871966391802,-0.6051476310368518,0.21156191348134712,0.24378530556191436,1.7329663538567175,0.20783057961389914,-0.2994090180819402,0.6005442893110562,-0.6055274013066057,0.21176317006026946,0.24404664940416293,1.7329888622272853,0.2057724589608106,-0.3038083359821103,0.6004850263780933
326169.999374663,PLAYBACK,4.536065830034204,0.0010658300598151982,-0.6051476310368518,0.21156191348134712,0.24378530556191436,1.7329663538567175,0.2070633559929341,-0.2997926298924227,0.6005442893110562,-0.6055277050544997,0.2118146055028183,0.24408129403870876,1.7329823856897706,0.205487536749141,-0.3041900842091978,0.6003930001878669
326170.008540683,PLAYBACK,4.545178089989349,0.00017809000564739108,-0.6051476310368518,0.21194552529182964,0.24378530556191436,1.7329663538567175,0.2066797441824498,-0.30055985351338954,0.6001606775005737,-0.6055283752985631,0.21185723855482538,0.24410992468875495,1.7329770859902853,0.2052512798103895,-0.3045067191911811,0.6003170128101072
326170.013571219,PLAYBACK,4.550066841009539,6.684102118015289e-05,-0.6051476310368518,0.21194552529182964,0.24378530556191436,1.7329663538567175,0.20629613237196728,-0.30055985351338954,0.6001606775005737,-0.6055288082746978,0.21187638831922753,0.2441227582442573,1.7329747271050178,0.20514512858163914,-0.3046490128122571,0.6002829723847322
326170.022912437,PLAYBACK,4.55946749902796,0.004467499034944922,-0.6051476310368518,0.21232913710231216,0.24378530556191436,1.7333499656672,0.20591252056148476,-0.30094346532387206,0.6001606775005737,-0.605529655268175,0.21190595076852808,0.24414253416770898,1.7329711148751867,0.2049812164137899,-0.30486877174897586,0.600230545996149
326170.030429306,PLAYBACK,4.56505744002061,5.74400182813406e-05,-0.6051476310368518,0.21232913710231216,0.24378530556191436,1.7329663538567175,0.20552890875100224,-0.3017106889448371,0.6001606775005737,-0.6055301129553677,0.21191914067964007,0.24415134166411329,1.7329695163059646,0.20490806499360398,-0.30496686354702934,0.600207209998762
326170.034199779,PLAYBACK,4.57505713700084,5.713698919862509e-05,-0.6051476310368518,0.21232913710231216,0.24378530556191436,1.7333499656672,0.20552890875100224,-0.3020943007553214,0.6001606775005737,-0.6055307558229618,0.211935231504691,0.24416206943762178,1.732967580055979,0.2048188052438977,-0.30508657339686934,0.6001787999811506
326170.044384381,PLAYBACK,4.580906392016914,0.0009063920006155968,-0.6051476310368518,0.21232913710231216,0.24378530556191436,1.7333499656672,0.20514529694051795,-0.30286152437628644,0.5997770656900894,-0.6055310037092877,0.21194071769267941,0.24416572141340517,1.7329669246140265,0.20478836523231173,-0.30512740370458974,0.6001691333527385
326170.053409689,PLAYBACK,4.590059718990233,5.9718964621424675e-05,-0.6051476310368518,0.21232913710231216,0.24378530556191436,1.7329663538567175,0.20514529694051795,-0.30324513618676896,0.5997770656900894,-0.6055312043884753,0.21194480341864685,0.24416843798985496,1.7329664391362887,0.2047656918275437,-0.30515781970283834,0.6001619454101069
326170.056468302,PLAYBACK,4.595064858032856,6.48580607958138e-05,-0.6051476310368518,0.21232913710231216,0.24378530556191436,1.7329663538567175,0.20476168513003543,-0.30324513618676896,0.5997770656900894,-0.6055312378157142,0.21194543394255616,0.24416885674113423,1.732966364621173,0.20476219219644934,-0.30516251490602275,0.6001608378343747
326170.066628549,PLAYBACK,4.6,0.003292926063295454,-0.6051476310368518,0.21232913710231216,0.24378530556191436,1.7329663538567175,0.20514529694051795,-0.3036287479972515,0.5997770656900894,-0.6055312428473343,0.21194552529182964,0.24416891737239688,1.7329663538567175,0.20476168513003543,-0.30516319523918334,0.6001606775005737
326170.071535434,ENDPOINT HOLD,0,0,-0.6051476310368518,0.21232913710231216,0.24378530556191436,1.7329663538567175,0.20514529694051795,-0.3040123598077358,0.5993934538796069,-0.6055312428473343,0.21194552529182964,0.24416891737239688,1.7329663538567175,0.20476168513003543,-0.30516319523918334,0.6001606775005737
326170.092607311,ENDPOINT HOLD,0,0,-0.6051476310368518,0.21232913710231216,0.24416891737239688,1.7329663538567175,0.2043780733195529,-0.3043959716182183,0.5993934538796069,-0.6055312428473343,0.21194552529182964,0.24416891737239688,1.7329663538567175,0.20476168513003543,-0.30516319523918334,0.6001606775005737
326170.11456841,ENDPOINT HOLD,0,0,-0.6051476310368518,0.21232913710231216,0.24416891737239688,1.7329663538567175,0.2043780733195529,-0.3043959716182183,0.5993934538796069,-0.6055312428473343,0.21194552529182964,0.24416891737239688,1.7329663538567175,0.20476168513003543,-0.30516319523918334,0.6001606775005737
326170.136375762,ENDPOINT HOLD,0,0,-0.6051476310368518,0.21232913710231216,0.24416891737239688,1.7333499656672,0.2043780733195529,-0.3043959716182183,0.5997770656900894,-0.6055312428473343,0.21194552529182964,0.24416891737239688,1.7329663538567175,0.20476168513003543,-0.30516319523918334,0.6001606775005737
326170.158490548,ENDPOINT HOLD,0,0,-0.6051476310368518,0.21232913710231216,0.2445525291828794,1.7333499656672,0.2043780733195529,-0.3047795834287008,0.5997770656900894,-0.6055312428473343,0.21194552529182964,0.24416891737239688,1.7329663538567175,0.20476168513003543,-0.30516319523918334,0.6001606775005737
326170.17981649,ENDPOINT HOLD,0,0,-0.6051476310368518,0.21232913710231216,0.2445525291828794,1.7333499656672,0.2043780733195529,-0.3047795834287008,0.5993934538796069,-0.6055312428473343,0.21194552529182964,0.24416891737239688,1.7329663538567175,0.20476168513003543,-0.30516319523918334,0.6001606775005737
326170.200395777,ENDPOINT HOLD,0,0,-0.6051476310368518,0.21232913710231216,0.2445525291828794,1.7329663538567175,0.2043780733195529,-0.30516319523918334,0.5993934538796069,-0.6055312428473343,0.21194552529182964,0.24416891737239688,1.7329663538567175,0.20476168513003543,-0.30516319523918334,0.6001606775005737
326170.220649858,ENDPOINT HOLD,0,0,-0.6051476310368518,0.21232913710231216,0.2445525291828794,1.7329663538567175,0.2043780733195529,-0.30516319523918334,0.5997770656900894,-0.6055312428473343,0.21194552529182964,0.24416891737239688,1.7329663538567175,0.20476168513003543,-0.30516319523918334,0.6001606775005737
326170.241568559,ENDPOINT HOLD,0,0,-0.6051476310368518,0.21232913710231216,0.2445525291828794,1.7329663538567175,0.2043780733195529,-0.30516319523918334,0.5993934538796069,-0.6055312428473343,0.21194552529182964,0.24416891737239688,1.7329663538567175,0.20476168513003543,-0.30516319523918334,0.6001606775005737
326170.262960946,ENDPOINT HOLD,0,0,-0.6051476310368518,0.21232913710231216,0.2445525291828794,1.7333499656672,0.2043780733195529,-0.30516319523918334,0.5997770656900894,-0.6055312428473343,0.21194552529182964,0.24416891737239688,1.7329663538567175,0.20476168513003543,-0.30516319523918334,0.6001606775005737
326170.283540745,ENDPOINT HOLD,0,0,-0.6051476310368518,0.21232913710231216,0.24416891737239688,1.7333499656672,0.2043780733195529,-0.3047795834287008,0.5997770656900894,-0.6055312428473343,0.21194552529182964,0.24416891737239688,1.7329663538567175,0.20476168513003543,-0.30516319523918334,0.6001606775005737
326170.304506114,ENDPOINT HOLD,0,0,-0.6051476310368518,0.21232913710231216,0.2445525291828794,1.7329663538567175,0.2043780733195529,-0.3047795834287008,0.5997770656900894,-0.6055312428473343,0.21194552529182964,0.24416891737239688,1.7329663538567175,0.20476168513003543,-0.30516319523918334,0.6001606775005737
326170.326791648,ENDPOINT HOLD,0,0,-0.6051476310368518,0.21232913710231216,0.2445525291828794,1.7329663538567175,0.2043780733195529,-0.3047795834287008,0.5997770656900894,-0.6055312428473343,0.21194552529182964,0.24416891737239688,1.7329663538567175,0.20476168513003543,-0.30516319523918334,0.6001606775005737
326170.347971688,ENDPOINT HOLD,0,0,-0.6051476310368518,0.21232913710231216,0.2445525291828794,1.7329663538567175,0.2043780733195529,-0.3047795834287008,0.6001606775005737,-0.6055312428473343,0.21194552529182964,0.24416891737239688,1.7329663538567175,0.20476168513003543,-0.30516319523918334,0.6001606775005737
326170.368070138,ENDPOINT HOLD,0,0,-0.6051476310368518,0.21232913710231216,0.2445525291828794,1.7329663538567175,0.20476168513003543,-0.3047795834287008,0.6001606775005737,-0.6055312428473343,0.21194552529182964,0.24416891737239688,1.7329663538567175,0.20476168513003543,-0.30516319523918334,0.6001606775005737
326170.389655065,ENDPOINT HOLD,0,0,-0.6051476310368518,0.21232913710231216,0.2445525291828794,1.7329663538567175,0.20476168513003543,-0.30516319523918334,0.5997770656900894,-0.6055312428473343,0.21194552529182964,0.24416891737239688,1.7329663538567175,0.20476168513003543,-0.30516319523918334,0.6001606775005737
326170.411592381,ENDPOINT HOLD,0,0,-0.6051476310368518,0.21232913710231216,0.2445525291828794,1.7329663538567175,0.2043780733195529,-0.30516319523918334,0.6001606775005737,-0.6055312428473343,0.21194552529182964,0.24416891737239688,1.7329663538567175,0.20476168513003543,-0.30516319523918334,0.6001606775005737
326170.433488991,ENDPOINT HOLD,0,0,-0.6051476310368518,0.21232913710231216,0.2445525291828794,1.7329663538567175,0.20476168513003543,-0.30516319523918334,0.5997770656900894,-0.6055312428473343,0.21194552529182964,0.24416891737239688,1.7329663538567175,0.20476168513003543,-0.30516319523918334,0.6001606775005737
326170.455114525,ENDPOINT HOLD,0,0,-0.6051476310368518,0.21232913710231216,0.2445525291828794,1.7329663538567175,0.20476168513003543,-0.30516319523918334,0.5997770656900894,-0.6055312428473343,0.21194552529182964,0.24416891737239688,1.7329663538567175,0.20476168513003543,-0.30516319523918334,0.6001606775005737
326170.475390979,ENDPOINT HOLD,0,0,-0.6055312428473343,0.21232913710231216,0.2445525291828794,1.7329663538567175,0.20476168513003543,-0.3047795834287008,0.6001606775005737,-0.6055312428473343,0.21194552529182964,0.24416891737239688,1.7329663538567175,0.20476168513003543,-0.30516319523918334,0.6001606775005737
326170.496751267,ENDPOINT HOLD,0,0,-0.6051476310368518,0.21232913710231216,0.24416891737239688,1.7329663538567175,0.20476168513003543,-0.3047795834287008,0.5997770656900894,-0.6055312428473343,0.21194552529182964,0.24416891737239688,1.7329663538567175,0.20476168513003543,-0.30516319523918334,0.6001606775005737
326170.517700958,ENDPOINT HOLD,0,0,-0.6051476310368518,0.21232913710231216,0.24416891737239688,1.7329663538567175,0.20476168513003543,-0.30516319523918334,0.6001606775005737,-0.6055312428473343,0.21194552529182964,0.24416891737239688,1.7329663538567175,0.20476168513003543,-0.30516319523918334,0.6001606775005737
326170.537941405,ENDPOINT HOLD,0,0,-0.6051476310368518,0.21232913710231216,0.2445525291828794,1.7333499656672,0.20476168513003543,-0.30516319523918334,0.6001606775005737,-0.6055312428473343,0.21194552529182964,0.24416891737239688,1.7329663538567175,0.20476168513003543,-0.30516319523918334,0.6001606775005737
326170.558179727,ENDPOINT HOLD,0,0,-0.6051476310368518,0.21232913710231216,0.24416891737239688,1.7333499656672,0.20476168513003543,-0.30516319523918334,0.6001606775005737,-0.6055312428473343,0.21194552529182964,0.24416891737239688,1.7329663538567175,0.20476168513003543,-0.30516319523918334,0.6001606775005737
326170.578457573,ENDPOINT HOLD,0,0,-0.6051476310368518,0.21232913710231216,0.2445525291828794,1.7333499656672,0.20476168513003543,-0.3047795834287008,0.6001606775005737,-0.6055312428473343,0.21194552529182964,0.24416891737239688,1.7329663538567175,0.20476168513003543,-0.30516319523918334,0.6001606775005737
326170.600605453,ENDPOINT HOLD,0,0,-0.6051476310368518,0.21194552529182964,0.24416891737239688,1.7329663538567175,0.20476168513003543,-0.30516319523918334,0.5997770656900894,-0.6055312428473343,0.21194552529182964,0.24416891737239688,1.7329663538567175,0.20476168513003543,-0.30516319523918334,0.6001606775005737
326170.620983176,ENDPOINT HOLD,0,0,-0.6051476310368518,0.21232913710231216,0.2445525291828794,1.7329663538567175,0.20476168513003543,-0.30516319523918334,0.6001606775005737,-0.6055312428473343,0.21194552529182964,0.24416891737239688,1.7329663538567175,0.20476168513003543,-0.30516319523918334,0.6001606775005737
326170.641608682,ENDPOINT HOLD,0,0,-0.6051476310368518,0.21232913710231216,0.24416891737239688,1.7329663538567175,0.20476168513003543,-0.30516319523918334,0.5997770656900894,-0.6055312428473343,0.21194552529182964,0.24416891737239688,1.7329663538567175,0.20476168513003543,-0.30516319523918334,0.6001606775005737
326170.662375291,ENDPOINT HOLD,0,0,-0.6051476310368518,0.21232913710231216,0.24416891737239688,1.7329663538567175,0.20476168513003543,-0.30516319523918334,0.6001606775005737,-0.6055312428473343,0.21194552529182964,0.24416891737239688,1.7329663538567175,0.20476168513003543,-0.30516319523918334,0.6001606775005737
326170.88735262,RECENTER,7.210182957351208e-07,7.210182957351208e-07,-0.6051476310368518,0.21232913710231216,0.2445525291828794,1.7329663538567175,0.2043780733195529,-0.3047795834287008,0.6001606775005737,-0.6051476310368518,0.21232913710231216,0.2445525291828794,1.7329663538567175,0.2043780733195529,-0.3047795834287008,0.6001606775005737
326170.896825224,RECENTER,0.01005961000919342,5.9609999880194664e-05,-0.6055312428473343,0.21232913710231216,0.24416891737239688,1.7329663538567175,0.20476168513003543,-0.3047795834287008,0.6001606775005737,-0.6051476271000842,0.21232913572101209,0.24455252759195112,1.7329663425829631,0.2043780719899782,-0.30477958144596745,0.6001606827039015
326170.907215051,RECENTER,0.020065440039616078,6.544002098962665e-05,-0.6051476310368518,0.21232913710231216,0.2445525291828794,1.7329663538567175,0.20476168513003543,-0.30516319523918334,0.6005442893110562,-0.6051475998350114,0.2123291261544715,0.24455251657357782,1.7329662645037451,0.20437806278167472,-0.3047795677140497,0.6001607187408555
326170.916769718,RECENTER,0.030057844007387757,5.784397944808006e-05,-0.6051476310368518,0.21194552529182964,0.2445525291828794,1.7329663538567175,0.20476168513003543,-0.3047795834287008,0.6001606775005737,-0.6051475262888275,0.21232910034920188,0.24455248685206135,1.7329660538889204,0.20437803794273196,-0.30477953067288127,0.6001608159487547
326170.926903096,RECENTER,0.0400581739959307,5.817401688545942e-05,-0.6051476310368518,0.21232913710231216,0.2445525291828794,1.7329663538567175,0.20476168513003543,-0.3047795834287008,0.6001606775005737,-0.6051473834182662,0.21232905021997486,0.24455242911514674,1.7329656447492943,0.2043779896906881,-0.30477945871683637,0.6001610047844818
326170.936912602,RECENTER,0.05005885404534638,5.885405698791146e-05,-0.6051476310368518,0.21232913710231216,0.2445525291828794,1.7329663538567175,0.20476168513003543,-0.3047795834287008,0.6001606775005737,-0.6051471484343443,0.21232896777078256,0.2445523341533399,1.732964971823863,0.20437791032896083,-0.3047793403683571,0.6001613153688274
326170.946840987,RECENTER,0.060058370989281684,5.83709916099906e-05,-0.6051476310368518,0.21232913710231216,0.2445525291828794,1.7329663538567175,0.20476168513003543,-0.3047795834287008,0.6005442893110562,-0.6051467986900696,0.21232884505543806,0.24455219281452847,1.7329639702582464,0.20437779220892313,-0.30477916422139917,0.6001617776349081
326170.956863267,RECENTER,0.0700581599958241,5.815998883917928e-05,-0.6051476310368518,0.21232913710231216,0.2449361409933637,1.7329663538567175,0.20476168513003543,-0.3047795834287008,0.6001606775005737,-0.6051463115766952,0.21232867414117323,0.24455199596205543,1.7329625753075846,0.20437762769486434,-0.30477891888917985,0.6001624214652916
326170.966829694,RECENTER,0.08006807701895013,6.807700265198946e-05,-0.6051476310368518,0.21232913710231216,0.2449361409933637,1.7333499656672,0.20476168513003543,-0.3047795834287008,0.6005442893110562,-0.6051456639034074,0.21232844689098954,0.24455173422403897,1.7329607205601503,0.20437740895449105,-0.30477859269176166,0.6001632775118779
326170.976856442,RECENTER,0.09006259503075853,6.25950051471591e-05,-0.6051476310368518,0.21232913710231216,0.2445525291828794,1.7333499656672,0.20476168513003543,-0.3047795834287008,0.6005442893110562,-0.6051448351148551,0.2123281560925973,0.24455139929364142,1.7329583471514116,0.20437712904559144,-0.30477817527654466,0.6001643729432077
326170.986779086,RECENTER,0.10005829599685967,5.829602014273405e-05,-0.6051476310368518,0.21232913710231216,0.2449361409933637,1.7333499656672,0.20476168513003543,-0.3047795834287008,0.6005442893110562,-0.6051438020256659,0.21232779361090717,0.24455098180117987,1.7329553886852234,0.20437678013770974,-0.3047776549663318,0.600165738403989
326170.996815834,RECENTER,0.11006090004229918,6.090005626901984e-05,-0.6051476310368518,0.21232913710231216,0.2449361409933637,1.7333499656672,0.20476168513003543,-0.3047795834287008,0.6005442893110562,-0.605142541697371,0.2123273513974611,0.24455047247675013,1.7329517794724993,0.20437635448377767,-0.30477702020827774,0.6001674042125914
326171.006810292,RECENTER,0.12005910504376516,5.9105048421770334e-05,-0.6051476310368518,0.21232913710231216,0.2449361409933637,1.7333499656672,0.20476168513003543,-0.3047795834287008,0.6005442893110562,-0.6051410334917843,0.212326822210905,0.24454986298003914,1.7329474604114927,0.20437584511360718,-0.30477626060806307,0.6001693976470408
326171.016873519,RECENTER,0.13005779101513326,5.779101047664881e-05,-0.6051476310368518,0.21232913710231216,0.2449361409933637,1.7333499656672,0.20476168513003543,-0.3047795834287008,0.6001606775005737,-0.6051392549604535,0.2123261981747138,0.24454914423916854,1.7329423672163822,0.20437524444562455,-0.30477536485963685,0.6001717483780389
326171.026776567,RECENTER,0.1400590119883418,5.90119743719697e-05,-0.6051476310368518,0.21232913710231216,0.2449361409933637,1.7333499656672,0.20476168513003543,-0.3047795834287008,0.6001606775005737,-0.6051371838672044,0.21232547148684477,0.24454830726804566,1.7329364362092488,0.20437454496994917,-0.304774321763861,0.600174485795714
326171.03676822,RECENTER,0.15006306901341304,6.306899012997746e-05,-0.6051476310368518,0.21232913710231216,0.2449361409933637,1.7333499656672,0.20476168513003543,-0.3047795834287008,0.6005442893110562,-0.6051347982671054,0.21232463444744393,0.24454734319827506,1.7329296045462075,0.20437373927506258,-0.3047731202682802,0.6001776389052513
326171.046796371,RECENTER,0.1600596210337244,5.962105933576822e-05,-0.6051476310368518,0.21232913710231216,0.2449361409933637,1.7329663538567175,0.20476168513003543,-0.3047795834287008,0.6001606775005737,-0.6051320793386146,0.2123236804525662,0.2445462444236869,1.7329218183278512,0.20437282100431683,-0.30477175089351893,0.6001812325835713
326171.056783386,RECENTER,0.17005795700242743,5.7957018725574017e-05,-0.6051476310368518,0.21232913710231216,0.2449361409933637,1.7333499656672,0.20476168513003543,-0.3047795834287008,0.6001606775005737,-0.6051290034570518,0.2123226012129814,0.24454500139706484,1.7329130098999845,0.2043717821788876,-0.30477020174112485,0.6001852980560264
326171.066923827,RECENTER,0.18006691202754155,6.691203452646732e-05,-0.6051476310368518,0.21232913710231216,0.2449361409933637,1.7329663538567175,0.2043780733195529,-0.3047795834287008,0.6001606775005737,-0.6051255459324649,0.2123213880656858,0.24454360414069454,1.7329031085577842,0.20437061446017357,-0.3047684603761269,0.6001898679559668
326171.077270844,RECENTER,0.19006454601185396,6.45460095256567e-05,-0.6051476310368518,0.21232913710231216,0.2445525291828794,1.7329663538567175,0.20476168513003543,-0.3047795834287008,0.6001606775005737,-0.6051216932160574,0.21232003625679094,0.2445420471792303,1.7328920755014472,0.20436931327230462,-0.3047665199747413,0.6001949601911888
326171.086754658,RECENTER,0.2000574819976464,5.748198600485921e-05,-0.6051476310368518,0.21232913710231216,0.2445525291828794,1.7329663538567175,0.20476168513003543,-0.3047795834287008,0.6005442893110562,-0.6051174226937296,0.21231853785165092,0.24454032137385223,1.7328798459707877,0.20436787097776252,-0.3047643691474897,0.600200604651334
326171.096848783,RECENTER,0.21013193001272157,0.00013192999176681042,-0.6051476310368518,0.21232913710231216,0.2449361409933637,1.7333499656672,0.20476168513003543,-0.3043959716182183,0.6005442893110562,-0.6051126714700912,0.21231687078205735,0.24453840130724716,1.7328662398517471,0.2043662663347245,-0.3047619762174227,0.6002068844668716
326171.106803627,RECENTER,0.22005674801766872,5.67480456084013e-05,-0.6051476310368518,0.21232913710231216,0.2449361409933637,1.7329663538567175,0.2043780733195529,-0.3047795834287008,0.6005442893110562,-0.6051075324091933,0.21231506763137145,0.24453632450767668,1.7328515230798889,0.2043645307064065,-0.304759387955056,0.6002136768969765
326171.116656802,RECENTER,0.23005680699134246,5.680700996890664e-05,-0.6051476310368518,0.21232913710231216,0.2449361409933637,1.7333499656672,0.20476168513003543,-0.3043959716182183,0.6001606775005737,-0.6051018736072997,0.21231308211831404,0.24453403767014442,1.732835317921376,0.20436261954461887,-0.3047565379277315,0.600221156282238
326171.12676366,RECENTER,0.24005744699388742,5.7447003200650215e-05,-0.6051476310368518,0.21271274891279468,0.2445525291828794,1.7329663538567175,0.2043780733195529,-0.3047795834287008,0.6001606775005737,-0.6050957113046391,0.21231091994112058,0.24453154735765872,1.7328176708834873,0.204360538334216,-0.30475343431475915,0.6002293011575253
326171.137033854,RECENTER,0.2500730350147933,7.303501479327679e-05,-0.6051476310368518,0.21232913710231216,0.2445525291828794,1.7329663538567175,0.2043780733195529,-0.3047795834287008,0.6001606775005737,-0.6050890149491875,0.21230857037995263,0.24452884122352223,1.7327984944741355,0.2043582767567839,-0.3047500617287647,0.6002381519042405
326171.148081339,RECENTER,0.2600559610291384,5.5961019825190306e-05,-0.6051476310368518,0.21232913710231216,0.2449361409933637,1.7329663538567175,0.20476168513003543,-0.3047795834287008,0.6005442893110562,-0.6050817974489373,0.2123060379638585,0.24452592448411842,1.7327778256580464,0.2043558391717721,-0.304746426670794,0.6002476914615553
326171.156896494,RECENTER,0.2700588360312395,5.883601261302829e-05,-0.6051476310368518,0.21232913710231216,0.2445525291828794,1.7329663538567175,0.20476168513003543,-0.3047795834287008,0.6005442893110562,-0.6050740015750627,0.2123033026128667,0.24452277401210887,1.7327555005485515,0.2043532062511415,-0.3047425003178347,0.6002579954702936
326171.166911651,RECENTER,0.28006474499125034,6.474496331065893e-05,-0.6051476310368518,0.21232913710231216,0.2445525291828794,1.7329663538567175,0.20476168513003543,-0.3047795834287008,0.6005442893110562,-0.6050656184287904,0.21230036120465004,0.24451938621131733,1.732731493662158,0.20435037498948624,-0.30473827818806387,0.6002690756921949
326171.176669427,RECENTER,0.2900548159959726,5.481601692736149e-05,-0.6051476310368518,0.21232913710231216,0.2449361409933637,1.7329663538567175,0.2043780733195529,-0.3047795834287008,0.6001606775005737,-0.6050566449605913,0.21229721266921536,0.24451575984936683,1.732705796265905,0.20434734435688115,-0.30473375874560166,0.6002809361579006
326171.186764895,RECENTER,0.3000581600354053,5.816004704684019e-05,-0.6051476310368518,0.21232913710231216,0.2445525291828794,1.7329663538567175,0.2043780733195529,-0.3047795834287008,0.6005442893110562,-0.6050470353614182,0.21229384093346748,0.24451187641388486,1.7326782771760385,0.20434409888211824,-0.30472891891895,0.600293637414417
326171.196889807,RECENTER,0.3100632390123792,6.32390147075057e-05,-0.6051476310368518,0.21232913710231216,0.2445525291828794,1.7329663538567175,0.2043780733195529,-0.3043959716182183,0.6005442893110562,-0.6050367795135458,0.2122902424473836,0.24450773181609176,1.732648907418344,0.20434063514811204,-0.30472375361236703,0.600307192834604
326171.207257663,RECENTER,0.32010491500841454,0.0001049150014296174,-0.6051476310368518,0.21232913710231216,0.2445525291828794,1.7329663538567175,0.2043780733195529,-0.3047795834287008,0.6001606775005737,-0.6050258181458568,0.21228639641440994,0.24450330210331722,1.732617517257624,0.2043369331370748,-0.3047182329742504,0.6003216807586352
326171.216814994,RECENTER,0.3300643280381337,6.432802183553576e-05,-0.6051476310368518,0.21232913710231216,0.2445525291828794,1.7329663538567175,0.20476168513003543,-0.3047795834287008,0.6005442893110562,-0.6050142660744076,0.21228234312024377,0.24449863367507704,1.7325844354935849,0.20433303162613012,-0.3047124148311338,0.60033694943115
326171.226814572,RECENTER,0.340066671022214,6.667099660262465e-05,-0.6051476310368518,0.21232913710231216,0.2445525291828794,1.7329663538567175,0.2043780733195529,-0.3047795834287008,0.6005442893110562,-0.6050019627101327,0.2122780262187375,0.24449366163404682,1.7325492022459705,0.20432887637911787,-0.3047062183031361,0.6003532111068822
326171.236875976,RECENTER,0.3500602380372584,6.023806054145098e-05,-0.6051476310368518,0.21232913710231216,0.2445525291828794,1.7329663538567175,0.20476168513003543,-0.3043959716182183,0.6005442893110562,-0.604988948779844,0.21227345999977407,0.2444884024387637,1.732511934144494,0.2043244811508094,-0.3046996639021127,0.6003704119561484
326171.247182758,RECENTER,0.36006201000418514,6.201001815497875e-05,-0.6051476310368518,0.21232913710231216,0.2445525291828794,1.7329663538567175,0.20476168513003543,-0.3047795834287008,0.6001606775005737,-0.6049751830232378,0.21226862998628346,0.24448283941509566,1.7324725130316774,0.20431983200625584,-0.3046927308475178,0.6003886065137617
326171.256696728,RECENTER,0.370076876017265,7.687602192163467e-05,-0.6051476310368518,0.21232913710231216,0.2445525291828794,1.7329663538567175,0.2043780733195529,-0.3043959716182183,0.6005442893110562,-0.6049606371930031,0.2122635262670854,0.2444769611477266,1.7324308580154584,0.2043149194054197,-0.30468540491273394,0.6004078321149265
326171.266802675,RECENTER,0.38006020401371643,6.02040090598166e-05,-0.6051476310368518,0.21232913710231216,0.2445525291828794,1.7329663538567175,0.20476168513003543,-0.3047795834287008,0.6005442893110562,-0.6049453592645518,0.21225816567539105,0.24447078702450142,1.7323871064834273,0.20430975955116093,-0.304677710260338,0.6004280253492961
326171.276949147,RECENTER,0.39005966199329123,5.966197932139039e-05,-0.6051476310368518,0.21232913710231216,0.2445525291828794,1.7329663538567175,0.2043780733195529,-0.3043959716182183,0.6005442893110562,-0.6049292592355062,0.2122525166319193,0.24446428067361933,1.7323410006950197,0.2043043220467439,-0.3046696015610818,0.6004493051753477
326171.286811108,RECENTER,0.4000586190377362,5.861901445314288e-05,-0.6051476310368518,0.21232913710231216,0.2445525291828794,1.7329663538567175,0.2043780733195529,-0.3043959716182183,0.6005442893110562,-0.604912343266655,0.21224658129831603,0.2444574445847809,1.732292558292937,0.20429860897286767,-0.30466108191781566,0.6004716634502073
326171.29714982,RECENTER,0.41010632703546435,0.00010632706107571721,-0.6047640192263675,0.21232913710231216,0.2449361409933637,1.732582742046235,0.2043780733195529,-0.3043959716182183,0.6005442893110562,-0.6048945033028037,0.21224032176107882,0.24445023509067298,1.7322414698386117,0.20429258383577217,-0.30465209690908046,0.6004952429932285
326171.306960685,RECENTER,0.4200636760215275,6.367603782564402e-05,-0.6047640192263675,0.21232913710231216,0.2445525291828794,1.732582742046235,0.2043780733195529,-0.3043959716182183,0.6005442893110562,-0.6048759730875237,0.21223382003419614,0.24444274665185145,1.7321884047054723,0.20428632557827783,-0.30464276425865894,0.6005197348594694
326171.31683554,RECENTER,0.4300581940333359,5.8194040320813656e-05,-0.6047640192263675,0.21232913710231216,0.2445525291828794,1.732582742046235,0.20476168513003543,-0.3043959716182183,0.6005442893110562,-0.6048565037398014,0.21222698879238036,0.24443487869041053,1.7321326501708694,0.20427975014515667,-0.30463295861887096,0.6005454680014221
326171.326753175,RECENTER,0.44005720101995394,5.72010176256299e-05,-0.6047640192263675,0.21232913710231216,0.2445525291828794,1.732582742046235,0.2043780733195529,-0.3043959716182183,0.6005442893110562,-0.6048361352005681,0.21221984204977143,0.24442664734729724,1.7320743206139844,0.2042728710257628,-0.3046227001057675,0.6005723896281212
326171.336977974,RECENTER,0.4500802730326541,8.027302101254463e-05,-0.6051476310368518,0.21232913710231216,0.2445525291828794,1.732582742046235,0.2043780733195529,-0.3043959716182183,0.6005442893110562,-0.6048148054993016,0.2122123580626709,0.24441802757895656,1.7320132385693114,0.20426566729063148,-0.304611957508204,0.6006005816476139
326171.346873347,RECENTER,0.46006071503506973,6.071501411497593e-05,-0.6047640192263675,0.21232913710231216,0.2445525291828794,1.732582742046235,0.2043780733195529,-0.3047795834287008,0.6005442893110562,-0.6047926410372475,0.2122045811816903,0.244409070466716,1.7319497660131598,0.20425818162958212,-0.3046007944875372,0.6006298769920946
326171.356823753,RECENTER,0.47005870001157746,5.870003951713443e-05,-0.6047640192263675,0.21232913710231216,0.2445525291828794,1.732582742046235,0.2043780733195529,-0.3043959716182183,0.6005442893110562,-0.604769493712654,0.21219645944212615,0.2443997161596299,1.7318834788252986,0.2042503640238273,-0.3045891364530589,0.6006604714114907
326171.366796371,RECENTER,0.48005758703220636,5.758705083280802e-05,-0.6047640192263675,0.21232913710231216,0.2445525291828794,1.7321991302357507,0.20476168513003543,-0.3047795834287008,0.6009279011215387,-0.6047453815872146,0.21218799918131426,0.2443899719567978,1.731814428729151,0.2042422205733894,-0.30457699250145087,0.6006923410331936
326171.376904121,RECENTER,0.4900644480367191,6.444804603233933e-05,-0.6047640192263675,0.21232913710231216,0.2445525291828794,1.7321991302357507,0.20476168513003543,-0.3043959716182183,0.6005442893110562,-0.6047202685449145,0.21217918772716965,0.2443798232629998,1.7317425122989825,0.20423373908071346,-0.30456434444306263,0.6007255335926766
326171.386841353,RECENTER,0.5000586769892834,5.8676989283412695e-05,-0.6047640192263675,0.21232913710231216,0.2445525291828794,1.7321991302357507,0.20476168513003543,-0.3043959716182183,0.6005442893110562,-0.6046941893425651,0.21217003727487152,0.24436928412417405,1.7316678290681662,0.2042249312843073,-0.30455120978298883,0.6007600031509605
326171.396812809,RECENTER,0.5100641670287587,6.416701944544911e-05,-0.6047640192263675,0.21232913710231216,0.2445525291828794,1.7321991302357507,0.2043780733195529,-0.3043959716182183,0.6009279011215387,-0.6046670642846849,0.21216051986153603,0.244358322333747,1.7315901508120812,0.2042157702684098,-0.3045375483829978,0.6007958550436309
326171.40679181,RECENTER,0.5201085290173069,0.00010852899868041277,-0.6047640192263675,0.21232913710231216,0.2445525291828794,1.7321991302357507,0.2043780733195529,-0.3043959716182183,0.6009279011215387,-0.6046387932897256,0.21215060037138705,0.24434689744671903,1.7315091909263576,0.20420622223222115,-0.30452330983751746,0.6008332215510663
326171.416872811,RECENTER,0.5300579850445502,5.7985016610473394e-05,-0.6047640192263675,0.21232913710231216,0.2445525291828794,1.7321991302357507,0.20476168513003543,-0.3043959716182183,0.6009279011215387,-0.604609744348766,0.21214040792205513,0.24433515817580828,1.731426003230139,0.20419641145831938,-0.3045086794834177,0.6008716162899115
326171.426749921,RECENTER,0.5400561509886757,5.615100963041186e-05,-0.6047640192263675,0.21232913710231216,0.2445525291828794,1.7318155184252682,0.20476168513003543,-0.3043959716182183,0.6005442893110562,-0.6045794882737366,0.2121297919236217,0.24432293107734157,1.7313393586539456,0.20418619299590862,-0.3044934411622698,0.6009116065291719
326171.436878901,RECENTER,0.5500584650435485,5.846505519002676e-05,-0.6047640192263675,0.21232913710231216,0.2445525291828794,1.7321991302357507,0.2043780733195529,-0.3043959716182183,0.6009279011215387,-0.6045481343847877,0.2121187907334263,0.24431026032982656,1.7312495702588098,0.20417560376596572,-0.3044776499326216,0.6009530477775687
326171.446780717,RECENTER,0.5600573919946328,5.739199696108699e-05,-0.6047640192263675,0.21232913710231216,0.2445525291828794,1.7318155184252682,0.2043780733195529,-0.3043959716182183,0.6009279011215387,-0.604515689186058,0.21210740663358676,0.2442971485617187,1.7311566566706886,0.20416464596515027,-0.3044613090702504,0.6009959314384133
326171.457394233,RECENTER,0.5707416600198485,0.0007416600128635764,-0.6047640192263675,0.21232913710231216,0.2445525291828794,1.7318155184252682,0.2043780733195529,-0.3043959716182183,0.6009279011215387,-0.6044797834644764,0.2120948083344454,0.2442826383255803,1.7310538331542098,0.20415251943300897,-0.30444322533281987,0.6010433889620833
326171.466819008,RECENTER,0.580058393010404,5.839299410581589e-05,-0.6047640192263675,0.21232913710231216,0.2445525291828794,1.7318155184252682,0.2043780733195529,-0.3043959716182183,0.6009279011215387,-0.6044474150504121,0.21208345117616678,0.2442695575877255,1.7309611394549798,0.204141587564877,-0.30442692314266195,0.6010861711346437
326171.476868169,RECENTER,0.5900600160239264,6.00159983150661e-05,-0.6047640192263675,0.21232913710231216,0.2445525291828794,1.7318155184252682,0.20476168513003543,-0.3043959716182183,0.6009279011215387,-0.6044115535931007,0.2120708684081022,0.24425506523968363,1.7308584426984637,0.20412947598222206,-0.3044088616987102,0.6011335701530793
326171.486844715,RECENTER,0.6000593340140767,5.9334037359803915e-05,-0.604380407415885,0.21232913710231216,0.2445525291828794,1.7314319066147856,0.2043780733195529,-0.3043959716182183,0.6013115129320212,-0.6043745315564529,0.21205787842567145,0.2442401038778054,1.730752422381154,0.2041169724341086,-0.3043902157347694,0.6011825031393312
326171.496797507,RECENTER,0.6100653050234541,6.530503742396832e-05,-0.604380407415885,0.21232913710231216,0.24416891737239688,1.7314319066147856,0.2043780733195529,-0.3043959716182183,0.6013115129320212,-0.6043362985413959,0.21204446354526948,0.244224653134795,1.7306429341748018,0.20410405989912736,-0.304370959867598,0.6012330367071616
326171.506854403,RECENTER,0.6200592230306938,5.922303535044193e-05,-0.604380407415885,0.21232913710231216,0.2445525291828794,1.7310482948043031,0.20476168513003543,-0.3043959716182183,0.6013115129320212,-0.6042969106504301,0.2120306434516723,0.24420873568281992,1.7305301387406098,0.20409075732492096,-0.30435112235294043,0.6012850967044399
326171.516762681,RECENTER,0.6300613970379345,6.139703327789903e-05,-0.604380407415885,0.21232913710231216,0.2445525291828794,1.7310482948043031,0.2043780733195529,-0.3043959716182183,0.6013115129320212,-0.6042562722883529,0.21201638460323505,0.24419231288990442,1.7304137623217928,0.20407703242587447,-0.30433065504475004,0.6013388094818255
326171.526811722,RECENTER,0.6400573790306225,5.7379016652703285e-05,-0.604380407415885,0.21232913710231216,0.2445525291828794,1.7310482948043031,0.2043780733195529,-0.3043959716182183,0.6013115129320212,-0.6042144256626844,0.21200170180937927,0.24417540181297023,1.730293925788381,0.20406289945684275,-0.3043095792006337,0.601394119252544
326171.536825097,RECENTER,0.6500594930257648,5.9493002481758595e-05,-0.604380407415885,0.21232913710231216,0.2445525291828794,1.7306646829938188,0.2043780733195529,-0.3043959716182183,0.6013115129320212,-0.6041713031676619,0.21198657134916057,0.24415797513114657,1.7301704355371832,0.20404833558515686,-0.30428786077128633,0.6014511153728862
326171.54689142,RECENTER,0.6600682979915291,6.82980171404779e-05,-0.604380407415885,0.21232913710231216,0.2445525291828794,1.7306646829938188,0.2043780733195529,-0.3043959716182183,0.6013115129320212,-0.604126884046659,0.21197098593966768,0.24414002445625632,1.730043232127275,0.20403333380062777,-0.30426548930273684,0.6015098252774231
326171.556831438,RECENTER,0.6700583000201732,5.830003647133708e-05,-0.604380407415885,0.21232913710231216,0.2445525291828794,1.7306646829938188,0.2043780733195529,-0.3043959716182183,0.6016951247425055,-0.6040812679493698,0.2119549805451513,0.24412159005877815,1.7299126009263215,0.20401792775820413,-0.3042425149830562,0.6015701172565694
326171.56685947,RECENTER,0.680062537023332,6.253703031688929e-05,-0.604380407415885,0.21232913710231216,0.2445525291828794,1.7302810711833363,0.2043780733195529,-0.3043959716182183,0.6016951247425055,-0.604034289191291,0.21193849703161935,0.24410260498221695,1.7297780674622194,0.20400206150083047,-0.3042188543660713,0.6016322102998309
326171.576799547,RECENTER,0.6900578880449757,5.788804264739156e-05,-0.604380407415885,0.21232913710231216,0.24416891737239688,1.7302810711833363,0.2043780733195529,-0.3043959716182183,0.6016951247425055,-0.6039860397220985,0.21192156766160475,0.24408310638531666,1.729639895052028,0.20398576608290847,-0.30419455376177756,0.601695982874936
326171.586915203,RECENTER,0.7000589990057051,5.8998994063586e-05,-0.604380407415885,0.21232913710231216,0.2445525291828794,1.7302810711833363,0.2043780733195529,-0.3043959716182183,0.6016951247425055,-0.6039364339695312,0.21190416241022852,0.24406305968657713,1.7294978386417441,0.20396901260389724,-0.30416957007213274,0.6017615480849616
326171.596834552,RECENTER,0.7100611730129458,6.117299199104309e-05,-0.6039967956054024,0.21232913710231216,0.24416891737239688,1.7302810711833363,0.2043780733195529,-0.3043959716182183,0.6016951247425055,-0.60388547848132,0.21188628357490372,0.2440424675320702,1.7293519169821598,0.20395180327517887,-0.30414390659486884,0.6018288972756024
326171.606793705,RECENTER,0.7200592790031806,5.927903112024069e-05,-0.604380407415885,0.21232913710231216,0.2445525291828794,1.7302810711833363,0.2043780733195529,-0.3043959716182183,0.6016951247425055,-0.6038331847266271,0.21186793517983396,0.24402133455671887,1.7292021629176113,0.2039341419702631,-0.30411756910637217,0.6018980152877689
326171.617074499,RECENTER,0.7300672540441155,6.725406274199486e-05,-0.6039967956054024,0.21232913710231216,0.2445525291828794,1.7298974593728538,0.2043780733195529,-0.3040123598077358,0.6016951247425055,-0.6037794634324528,0.2118490859016562,0.24399962468347888,1.7290483207962597,0.20391599853874912,-0.3040905126447421,0.6019690201159006
326171.626737078,RECENTER,0.7400580060202628,5.8006029576063156e-05,-0.6039967956054024,0.21232913710231216,0.24416891737239688,1.7295138475623713,0.2043780733195529,-0.3040123598077358,0.6016951247425055,-0.6037244464897465,0.21182978201716304,0.2439773912121792,1.7288907683153243,0.20389741752450805,-0.3040628036361968,0.6020417374363085
326171.636869435,RECENTER,0.7500591080170125,5.910801701247692e-05,-0.6039967956054024,0.21232913710231216,0.24416891737239688,1.729130235751887,0.2043780733195529,-0.3040123598077358,0.602078736552988,-0.6036679685335592,0.21180996550448494,0.24395456731546322,1.7287290319178115,0.2038783430784083,-0.3040343587955053,0.6021163858161356
326171.646742498,RECENTER,0.7600579650024883,5.796499317511916e-05,-0.6036131837949199,0.21232913710231216,0.24416891737239688,1.729130235751887,0.2043780733195529,-0.3040123598077358,0.6016951247425055,-0.6036100841315798,0.211789655509876,0.24393117504524967,1.7285632678696707,0.20385879362973652,-0.30400520560541167,0.6021928931318515
326171.656764999,RECENTER,0.770056662033312,5.6662014685571194e-05,-0.6036131837949199,0.21232913710231216,0.24416891737239688,1.7287466239414044,0.2043780733195529,-0.3040123598077358,0.602078736552988,-0.6035507669760849,0.21176884280270236,0.2439072037700497,1.7283934008332538,0.2038387602935173,-0.30397533081616246,0.6022712941550569
326171.666806987,RECENTER,0.7800639560446143,6.39560166746378e-05,-0.6036131837949199,0.21232913710231216,0.24416891737239688,1.728363012130922,0.2043780733195529,-0.3040123598077358,0.602078736552988,-0.6034899486349817,0.21174750337208392,0.24388262583505554,1.728219234839001,0.20381821995800303,-0.30394469996227563,0.6023516793342241
326171.67681937,RECENTER,0.7900589859928004,5.8986013755202293e-05,-0.6032295719844356,0.21232913710231216,0.24416891737239688,1.728363012130922,0.2043780733195529,-0.3040123598077358,0.602078736552988,-0.6034277421462485,0.2117256768798406,0.24385748692122514,1.7280410935947206,0.20379721079980226,-0.30391336997476465,0.6024338992641248
326171.686718622,RECENTER,0.8000571320299059,5.713204154744744e-05,-0.6032295719844356,0.21232913710231216,0.24416891737239688,1.728363012130922,0.2043780733195529,-0.3040123598077358,0.602078736552988,-0.6033640393621196,0.21170332537998932,0.24383174332383548,1.7278586673967473,0.2037756962938906,-0.30388128638554723,0.6025180968864666
326171.696816324,RECENTER,0.810057942988351,5.794299067929387e-05,-0.6032295719844356,0.21232913710231216,0.24416891737239688,1.7279794003204394,0.2043780733195529,-0.3040123598077358,0.6024623483634706,-0.6032988275413805,0.21168044440199943,0.2438053898939013,1.727671919757959,0.2037536721371448,-0.3038484427775744,0.6026042890416429
326171.706879912,RECENTER,0.8200577819952741,5.778198828920722e-05,-0.6032295719844356,0.21232913710231216,0.24416891737239688,1.7275957885099569,0.2043780733195529,-0.3040123598077358,0.6024623483634706,-0.603232115786672,0.21165703713972928,0.24377843030998583,1.727480876745664,0.2037311414038232,-0.3038148437353456,0.6026924636984573
326171.718123685,RECENTER,0.830062932043802,6.293202750384808e-05,-0.6032295719844356,0.21232913710231216,0.24416891737239688,1.7275957885099569,0.20399446150907038,-0.3040123598077358,0.6024623483634706,-0.603163847058036,0.21163308357947572,0.2437508415210759,1.727285375014055,0.2037080848296734,-0.30378046053097085,0.6027826962481023
326171.726740271,RECENTER,0.8400559280416928,5.592801608145237e-05,-0.6032295719844356,0.21232913710231216,0.24416891737239688,1.7275957885099569,0.20399446150907038,-0.3040123598077358,0.6024623483634706,-0.6030941280715185,0.21160862116487195,0.24372266665330736,1.7270857201667698,0.2036845384561813,-0.3037453469114538,0.6028748456412115
326171.736869672,RECENTER,0.8500605660374276,6.0566060710698366e-05,-0.6032295719844356,0.21232913710231216,0.24416891737239688,1.7272121766994726,0.20399446150907038,-0.3040123598077358,0.6024623483634706,-0.6030227789948086,0.21158358679786152,0.24369383303276687,1.7268813972165082,0.20366044154811588,-0.3037094123051488,0.6029691495668154
326171.746716195,RECENTER,0.8600567390094511,5.673902342095971e-05,-0.6032295719844356,0.21194552529182964,0.24416891737239688,1.7272121766994726,0.20399446150907038,-0.3040123598077358,0.6028459601739531,-0.6029499286715991,0.21155802568604126,0.24366439272782486,1.726672775134037,0.20363583762019047,-0.30367272160353875,0.6030654377288625
326171.756880772,RECENTER,0.8700622789910994,6.227899575605989e-05,-0.6032295719844356,0.21194552529182964,0.24416891737239688,1.72682856488899,0.20399446150907038,-0.3040123598077358,0.6028459601739531,-0.6028754332032328,0.2115318873394544,0.243634287586092,1.7264594418355614,0.20361067807313968,-0.30363520233278307,0.6031639003219413
326171.76688552,RECENTER,0.8800628689932637,6.286898860707879e-05,-0.6028459601739531,0.21232913710231216,0.24416891737239688,1.7264449530785075,0.20399446150907038,-0.3040123598077358,0.6028459601739531,-0.6027993845189675,0.21150520401346976,0.2436035547580609,1.7262416605796704,0.20358499395446936,-0.3035969007925937,0.6032644158407668
326171.776810339,RECENTER,0.8900582800270058,5.828001303598285e-05,-0.6028459601739531,0.21194552529182964,0.24416891737239688,1.7264449530785075,0.20399446150907038,-0.3040123598077358,0.6028459601739531,-0.6027217732689841,0.2114779724275009,0.24357219046527837,1.7260194045912074,0.20355878210644085,-0.30355781227398076,0.6033669966432377
326171.786865592,RECENTER,0.9000611350056715,6.11349823884666e-05,-0.6032295719844356,0.21194552529182964,0.24378530556191436,1.726061341268025,0.20399446150907038,-0.3036287479972515,0.6028459601739531,-0.602642487481004,0.21145015329365177,0.24354014945745756,1.7257923532142183,0.2035320047123672,-0.3035178803826653,0.6034717907260191
326171.797237316,RECENTER,0.9101049469900317,0.00010494701564311981,-0.6028459601739531,0.21194552529182964,0.24378530556191436,1.7256777294575407,0.20399446150907038,-0.30324513618676896,0.6032295719844356,-0.6025612363490016,0.21142164457633747,0.24350731421393834,1.7255596736650451,0.20350456355757787,-0.3034769586556441,0.6035791824549792
326171.807069683,RECENTER,0.9200654230080545,6.542302435263991e-05,-0.6028459601739531,0.21194552529182964,0.24378530556191436,1.7252941176470582,0.20399446150907038,-0.30324513618676896,0.6032295719844356,-0.6024790225617191,0.2113927980905937,0.24347408994174025,1.7253242373518607,0.20347679728273302,-0.3034355520920968,0.6036878465503956
326171.816771405,RECENTER,0.9300575070083141,5.7507015299052e-05,-0.6024623483634706,0.21194552529182964,0.24378530556191436,1.7252941176470582,0.20399446150907038,-0.3036287479972515,0.6032295719844356,-0.602394897053158,0.21136328083608424,0.24344009310389061,1.725083326426393,0.2034483853573202,-0.30339318269967086,0.6037990374174197
326171.82690825,RECENTER,0.9400583489914425,5.8348989114165306e-05,-0.6024623483634706,0.21194552529182964,0.24378530556191436,1.7249105058365757,0.20399446150907038,-0.3036287479972515,0.6032295719844356,-0.6023090292074762,0.21133315224490526,0.2434053921519907,1.7248374259554786,0.20341938498788892,-0.3033499357878521,0.6039125311766151
326171.83688682,RECENTER,0.9500596610014327,5.966098979115486e-05,-0.6024623483634706,0.21194552529182964,0.24378530556191436,1.7249105058365757,0.20399446150907038,-0.3036287479972515,0.6032295719844356,-0.6022214749689757,0.21130243194632523,0.24337000969427655,1.7245866961472847,0.20338981506865278,-0.30330583953270873,0.604028253884947
326171.846762297,RECENTER,0.9600585080333985,5.85080124437809e-05,-0.6024623483634706,0.21194552529182964,0.24378530556191436,1.7249105058365757,0.2036108496985861,-0.3036287479972515,0.6036131837949199,-0.602132247730284,0.21127112463943717,0.24333395114298273,1.7243311753543908,0.2033596801227385,-0.3032609006793708,0.6041461878410321
326171.856794426,RECENTER,0.9700600110227242,6.0011050663888454e-05,-0.6024623483634706,0.21194552529182964,0.24378530556191436,1.7249105058365757,0.20399446150907038,-0.30324513618676896,0.6036131837949199,-0.6020412890370227,0.21123920981425803,0.24329719287549997,1.7240706961805035,0.20332896040819787,-0.3032150897875825,0.6042664103055385
326171.866760132,RECENTER,0.9800573150278069,5.7315046433359385e-05,-0.6024623483634706,0.21194552529182964,0.24378530556191436,1.7245268940260932,0.2036108496985861,-0.30324513618676896,0.6039967956054024,-0.6019486490269967,0.2112067050627212,0.24325975515354023,1.7238054022056748,0.20329767285820127,-0.3031684321089989,0.6043888550100291
326171.876817318,RECENTER,0.9900583369890228,5.833699833601713e-05,-0.602078736552988,0.21194552529182964,0.24378530556191436,1.7245268940260932,0.2036108496985861,-0.30324513618676896,0.6039967956054024,-0.601854241957089,0.21117358029999922,0.2432216033265569,1.7235350478866205,0.20326578851450414,-0.3031208844595272,0.604513635283406
326171.886788103,RECENTER,1.0000587470130995,5.8747013099491596e-05,-0.602078736552988,0.21194552529182964,0.24378530556191436,1.7241432822156089,0.2036108496985861,-0.30324513618676896,0.6039967956054024,-0.6017580954874142,0.21113984523124169,0.2431827485725679,1.7232597124338433,0.2032333167188285,-0.3030724607700459,0.604640714566578
326171.897259664,RECENTER,1.0101185680250637,0.00011856801575049758,-0.6016951247425055,0.21194552529182964,0.24378530556191436,1.7237596704051263,0.2036108496985861,-0.30324513618676896,0.6039967956054024,-0.601659604679125,0.2111052876005678,0.24314294642341772,1.7229776634788851,0.20320005316361414,-0.3030228563661247,0.6047708924229128
326171.907136303,RECENTER,1.0200640360126272,6.40359940007329e-05,-0.6016951247425055,0.21194552529182964,0.24378530556191436,1.7237596704051263,0.2036108496985861,-0.30324513618676896,0.604380407415885,-0.601560473111664,0.21107050514567735,0.24310288533038674,1.7226937795765047,0.20316657320314876,-0.3029729292470453,0.6049019171872674
326171.916785848,RECENTER,1.0300897340057418,8.97339778020978e-05,-0.6013115129320212,0.21194552529182964,0.24340169375143184,1.7233760585946438,0.2036108496985861,-0.30324513618676896,0.6047640192263675,-0.6014587582104336,0.21103481627225038,0.2430617802593665,1.7224024977595105,0.2031322207666933,-0.3029217010448091,0.605036356410881
326171.926861589,RECENTER,1.0400812870357186,8.128705667331815e-05,-0.6013115129320212,0.21156191348134712,0.24340169375143184,1.7229924467841613,0.2036108496985861,-0.30286152437628644,0.6047640192263675,-0.6013555960639999,0.21099861960153657,0.24302009032697255,1.7221070714542717,0.20309737954837523,-0.302869743944751,0.6051727084960239
326171.936869593,RECENTER,1.0500607989961281,6.079900776967406e-05,-0.6009279011215387,0.21194552529182964,0.24340169375143184,1.7222252231631945,0.20322723788810357,-0.30324513618676896,0.6051476310368518,-0.6012507590100084,0.21096183525327392,0.2429777235301931,1.7218068487021914,0.20306197265919915,-0.3028169432858627,0.6053112743499358
326171.946874332,RECENTER,1.0600583440391347,5.834404146298766e-05,-0.6005442893110562,0.21194552529182964,0.24340169375143184,1.721841611352712,0.2036108496985861,-0.30324513618676896,0.6051476310368518,-0.6011439177101646,0.21092434767199753,0.24293454677669046,1.7215008863744297,0.2030258888708918,-0.30276313319855636,0.6054524892675842
326171.956813608,RECENTER,1.0700601270073093,6.012700032442808e-05,-0.6005442893110562,0.21156191348134712,0.24340169375143184,1.7210743877317451,0.20322723788810357,-0.30286152437628644,0.6051476310368518,-0.6010352018178823,0.21088620234941224,0.2428906124620597,1.721189555760556,0.20298917197163566,-0.3027083789821263,0.6055961818826888
326171.96687376,RECENTER,1.08005695004249,5.695002619177103e-05,-0.6005442893110562,0.21156191348134712,0.24301808194094754,1.7210743877317451,0.2036108496985861,-0.30286152437628644,0.6051476310368518,-0.6009246999010371,0.21084743036147324,0.24284595637839013,1.7208731104931405,0.20295185187368825,-0.30265272524334125,0.6057422351327906
326171.977657614,RECENTER,1.0909610190428793,0.0009610190172679722,-0.6005442893110562,0.21156191348134712,0.24301808194094754,1.7206907759212626,0.20322723788810357,-0.30286152437628644,0.6055312428473343,-0.6008020585767514,0.21080439899983006,0.24279639451199891,1.7205219015026743,0.20291043190229396,-0.30259095755259957,0.6059043333526233
326171.986816823,RECENTER,1.1000586230074987,5.862303078174591e-05,-0.6009279011215387,0.21156191348134712,0.24301808194094754,1.7206907759212626,0.20322723788810357,-0.30286152437628644,0.6059148546578168,-0.6006980392374446,0.2107679015644536,0.24275435817044066,1.7202240204470047,0.20287530118201158,-0.30253856873163015,0.6060418184118237
326171.996825769,RECENTER,1.110059043043293,5.904305726289749e-05,-0.6005442893110562,0.21117830167086282,0.24301808194094754,1.72030716411078,0.2036108496985861,-0.3024779125658039,0.6059148546578168,-0.6005819066152102,0.21072715392172348,0.24270742660361058,1.7198914504812715,0.20283607941138157,-0.30248007911618463,0.6061953139113085
326172.006886953,RECENTER,1.1200579210417345,5.7921046391129494e-05,-0.6005442893110562,0.21117830167086282,0.24301808194094754,1.7206907759212626,0.20322723788810357,-0.3024779125658039,0.6062984664682993,-0.6004639060506188,0.21068575087100952,0.2426597401630864,1.7195535312733214,0.20279622677575201,-0.302420648720896,0.606351278318664
326172.017175442,RECENTER,1.1301061200210825,0.00010612001642584801,-0.6005442893110562,0.21117830167086282,0.24301808194094754,1.72030716411078,0.20322723788810357,-0.3024779125658039,0.6062984664682993,-0.6003434125273865,0.21064347311182785,0.24261104626700997,1.719208472958772,0.2027555321867581,-0.30235996275943294,0.6065105377341269
326172.026883135,RECENTER,1.140043292019982,4.32920060120523e-05,-0.6005442893110562,0.21117830167086282,0.24301808194094754,1.7199235523002976,0.20322723788810357,-0.3024779125658039,0.6062984664682993,-0.6002223554726898,0.21060099762544138,0.242562124636348,1.7188618008544343,0.2027146472748263,-0.30229899297816093,0.6066705419837454
326172.036782316,RECENTER,1.1500597930280492,5.9793004766106606e-05,-0.6001606775005737,0.21117830167086282,0.24301808194094754,1.7195399404898133,0.20322723788810357,-0.3024779125658039,0.6062984664682993,-0.6000984140718093,0.21055751010380122,0.2425120373824264,1.7185068688237037,0.20267278822520385,-0.30223657051033237,0.6068343585485397
326172.046897902,RECENTER,1.160058049019426,5.804904503747821e-05,-0.6001606775005737,0.21117830167086282,0.24301808194094754,1.7191563286793308,0.20284362607762105,-0.3024779125658039,0.6066820782787836,-0.599972767297338,0.21051342421494548,0.24246126095217252,1.7181470531002967,0.20263035321535133,-0.3021732891396081,0.6070004291498494
326172.056965618,RECENTER,1.170070743013639,7.07430299371481e-05,-0.5997770656900894,0.2107946898603803,0.24301808194094754,1.7187727168688482,0.20284362607762105,-0.3024779125658039,0.6066820782787836,-0.5998449947604387,0.2104685924563568,0.24240962545786304,1.7177811498131703,0.20258720026626045,-0.3021089371392491,0.6071693094265058
326172.066752059,RECENTER,1.1800382310175337,3.823102451860905e-05,-0.5993934538796069,0.2107946898603803,0.24301808194094754,1.7183891050583657,0.20322723788810357,-0.3024779125658039,0.6066820782787836,-0.5997158559415111,0.2104232813081625,0.24235743782105393,1.7174113338927228,0.20254358587920918,-0.30204389701776696,0.607339995553563
326172.076807261,RECENTER,1.190058589039836,5.8589037507772446e-05,-0.5993934538796069,0.2107946898603803,0.24263447013046502,1.7183891050583657,0.20284362607762105,-0.3024779125658039,0.6070656900892661,-0.5995840673612824,0.2103770404338953,0.24230417936153206,1.7170339298285817,0.20249907658142596,-0.30197752235723346,0.6075141839388708
326172.086793846,RECENTER,1.2000602220068686,6.022199522703886e-05,-0.5993934538796069,0.2107946898603803,0.24263447013046502,1.7180054932478832,0.20322723788810357,-0.3020943007553214,0.6074493018997487,-0.599450550137633,0.2103301930276893,0.2422502223218639,1.7166515754337568,0.20245398346443283,-0.30191027707407053,0.607690657117032
326172.097275085,RECENTER,1.2100681160227396,6.811600178480148e-05,-0.5990098420691243,0.2107946898603803,0.24301808194094754,1.717621881437399,0.20284362607762105,-0.3020943007553214,0.6074493018997487,-0.5993149640291513,0.21028261970848508,0.24219542920353926,1.7162632963560602,0.20240819161761867,-0.30184198980738985,0.6078698647939464
326172.106708636,RECENTER,1.2200556120369583,5.561206489801407e-05,-0.5993934538796069,0.2107946898603803,0.24301808194094754,1.717621881437399,0.20284362607762105,-0.3017106889448371,0.6074493018997487,-0.5991776641698906,0.21023444508274766,0.2421399435234894,1.7158701095958637,0.20236182098132507,-0.3017728394186846,0.608051337579723
326172.11678592,RECENTER,1.2300588579964824,5.885801510885358e-05,-0.5990098420691243,0.2107946898603803,0.24263447013046502,1.7168546578164339,0.20284362607762105,-0.3020943007553214,0.6078329137102312,-0.5990381448532235,0.21018549171236714,0.24208356091532757,1.7154705669568502,0.20231470076194583,-0.3017025712113362,0.6082357438799301
326172.126837916,RECENTER,1.2400590780307539,5.9078040067106485e-05,-0.5990098420691243,0.2107946898603803,0.24263447013046502,1.716087434195467,0.20284362607762105,-0.3017106889448371,0.6078329137102312,-0.5988966540617043,0.2101358466073872,0.24202638159387369,1.7150653785887437,0.2022669147112699,-0.3016313100805204,0.6084227559295925
326172.136878031,RECENTER,1.2500634060124867,6.340601248666644e-05,-0.5990098420691243,0.2107946898603803,0.24263447013046502,1.7157038223849845,0.20284362607762105,-0.3020943007553214,0.6082165255207155,-0.5987530805474653,0.21008547073408687,0.24196836060159013,1.7146542259100912,0.2022184252572674,-0.30155899999680386,0.6086125207679032
326172.146783985,RECENTER,1.2600587360211648,5.873601185157895e-05,-0.5986262302586418,0.2107946898603803,0.24263447013046502,1.7149365987640195,0.20284362607762105,-0.3020943007553214,0.6082165255207155,-0.5986076040024291,0.21003442714126433,0.2419095705556563,1.71423762350616,0.20216929308775572,-0.30148573146112634,0.6088048008913864
326172.156707091,RECENTER,1.2700573329930194,5.733297439292073e-05,-0.5986262302586418,0.2107946898603803,0.24263447013046502,1.7145529869535352,0.20284362607762105,-0.3017106889448371,0.6082165255207155,-0.5984600378821561,0.20998265037576758,0.24184993606965055,1.7138150371680723,0.2021194552005992,-0.3014114105213121,0.6089998428606672
326172.166764678,RECENTER,1.2800605990341865,6.059900624677539e-05,-0.5986262302586418,0.21041107804989778,0.24263447013046502,1.7141693751430527,0.20284362607762105,-0.3017106889448371,0.608600137331198,-0.5983103493649653,0.20993012892139984,0.24178944387966061,1.7133863729041043,0.20206890051084672,-0.3013360206468854,0.6091976900570129
326172.17696412,RECENTER,1.2900692750117742,6.927503272891045e-05,-0.5986262302586418,0.21041107804989778,0.2422508583199825,1.7137857633325702,0.20284362607762105,-0.3017106889448371,0.6089837491416805,-0.5981585146430052,0.20987685442466142,0.24172808436444695,1.712951562535512,0.20201762097781106,-0.3012595498471407,0.6093983739478781
326172.187214327,RECENTER,1.3005116709973663,0.0005116710090078413,-0.5982426184481575,0.21041107804989778,0.2422508583199825,1.7134021515220876,0.20246001426713853,-0.3017106889448371,0.6089837491416805,-0.5979978879211917,0.20982049506458292,0.24166317182235114,1.7124915744430917,0.20196337209994364,-0.3011786510005601,0.6096106784530293
326172.196771409,RECENTER,1.3100080500007607,8.050003089010715e-06,-0.5982426184481575,0.21002746623941526,0.24186724650949998,1.7130185397116033,0.20246001426713853,-0.3013270771343546,0.6097509727626473,-0.5978498425888391,0.2097685501571616,0.24160334367694716,1.7120676157813468,0.20191337236725307,-0.30110408870797434,0.6098063538093472
326172.206855997,RECENTER,1.3200643039890565,6.43039820715785e-05,-0.5982426184481575,0.21002746623941526,0.24186724650949998,1.7126349279011208,0.20246001426713853,-0.3013270771343546,0.6101345845731299,-0.5976910136704534,0.20971282159530646,0.24153915766397038,1.7116127760737034,0.2018597306661834,-0.3010240953161154,0.6100162821110696
326172.216807667,RECENTER,1.330057792016305,5.7792000006884336e-05,-0.597859006637675,0.21002746623941526,0.24148363469901568,1.7122513160906383,0.20246001426713853,-0.3013270771343546,0.6101345845731299,-0.5975310725526659,0.20965670279423174,0.2414745221884778,1.7111547513512915,0.2018057133391355,-0.30094354177057997,0.6102276804355938
326172.226760488,RECENTER,1.3400574510451406,5.7451019529253244e-05,-0.597859006637675,0.21002746623941526,0.24148363469901568,1.7118677042801558,0.20246001426713853,-0.30094346532387206,0.6105181963836124,-0.5973689246401112,0.2095998096914748,0.24140899490210466,1.7106904070121687,0.2017509507055878,-0.3008618767838765,0.6104419955380099
326172.236938019,RECENTER,1.350059715041425,5.971506470814347e-05,-0.5974753948271925,0.21002746623941526,0.24148363469901568,1.711100480659189,0.20246001426713853,-0.30094346532387206,0.6105181963836124,-0.5972046159389786,0.20954215842930243,0.2413425943968926,1.7102198748046462,0.20169545830332955,-0.3007791235267926,0.6106591666107438
326172.246786576,RECENTER,1.3600580409984104,5.804101238027215e-05,-0.59709178301671,0.21002746623941526,0.24148363469901568,1.7107168688487064,0.202076402456656,-0.30094346532387206,0.6109018081940949,-0.5970382454081228,0.20948378372956955,0.2412753606641379,1.7097434381180279,0.2016392695539905,-0.30069533183946145,0.6108790628573101
326172.256770776,RECENTER,1.3700580710428767,5.80710475333035e-05,-0.59709178301671,0.21002746623941526,0.24186724650949998,1.710333257038224,0.20246001426713853,-0.30094346532387206,0.6109018081940949,-0.5968697110200942,0.2094246497937383,0.24120725247246233,1.7092608047754483,0.20158234999957642,-0.3006104503362673,0.6111018191300359
326172.266865633,RECENTER,1.380067999009043,6.799900438636541e-05,-0.5967081712062257,0.21002746623941526,0.24148363469901568,1.710333257038224,0.20246001426713853,-0.30055985351338954,0.6112854200045792,-0.5966988621832019,0.20936470378345623,0.2411382089646849,1.7087715435262179,0.20152464878036627,-0.3005244031724569,0.6113276344698658
326172.276968534,RECENTER,1.3900594420265406,5.94420125707984e-05,-0.5967081712062257,0.20964385442893096,0.24148363469901568,1.7099496452277396,0.202076402456656,-0.30055985351338954,0.6112854200045792,-0.5965261774304078,0.20930411360236495,0.24106842352575863,1.708277024749199,0.2014663275125341,-0.3004374313587676,0.6115558763873696
326172.286744466,RECENTER,1.400057879043743,5.787902045994997e-05,-0.59709178301671,0.20964385442893096,0.24186724650949998,1.709566033417257,0.202076402456656,-0.30055985351338954,0.6116690318150617,-0.5963512115379345,0.2092427230340708,0.2409977162316529,1.7077759734533204,0.20140723582950282,-0.3003493106604664,0.6117871333463644
326172.296768961,RECENTER,1.410082284011878,8.228403748944402e-05,-0.5967081712062257,0.21002746623941526,0.24148363469901568,1.709566033417257,0.2016927906461717,-0.30017624170290524,0.6120526436255442,-0.5961736132569526,0.20918040883532377,0.24092594513553503,1.7072673837643597,0.2013472551030977,-0.300259864172834,0.6120218696015393
326172.307225934,RECENTER,1.4200644899974577,6.449001375585794e-05,-0.5967081712062257,0.20964385442893096,0.24148363469901568,1.708798809796292,0.2016927906461717,-0.30017624170290524,0.6120526436255442,-0.5959945871696877,0.20911759365985552,0.24085359703370848,1.7067547052545533,0.20128679215998668,-0.3001696985776949,0.6122584930253183
326172.316741719,RECENTER,1.430058108002413,5.810800939798355e-05,-0.5967081712062257,0.20964385442893096,0.24148363469901568,1.708798809796292,0.2016927906461717,-0.30017624170290524,0.6124362554360268,-0.5958131735568171,0.2090539407693808,0.24078028408397473,1.7062351895676164,0.20122552287168277,-0.3000783305172032,0.6124982721036268
326172.326804867,RECENTER,1.440059631015174,5.9631012845784426e-05,-0.5967081712062257,0.20964385442893096,0.24148363469901568,1.7084151979858095,0.2016927906461717,-0.30017624170290524,0.6128198672465093,-0.5956294215389353,0.20898946739892277,0.2407060261369702,1.705708977370608,0.20116346382781125,-0.2999857847307011,0.6127411419125007
326172.337052028,RECENTER,1.4500599810271524,5.9981015510857105e-05,-0.5967081712062257,0.20926024261844844,0.24110002288853316,1.7080315861753252,0.2016927906461717,-0.2997926298924227,0.6128198672465093,-0.5954434875581486,0.2089242284395786,0.24063088641414834,1.7051765166681017,0.20110066786396902,-0.29989214000947445,0.61298689567835
326172.346785069,RECENTER,1.4600583370192908,5.833699833601713e-05,-0.5963245593957431,0.20926024261844844,0.24110002288853316,1.7072643625543602,0.2016927906461717,-0.2997926298924227,0.6132034790569936,-0.5952553798915713,0.20885822679555288,0.2405548682604602,1.704637831163339,0.20103713777560717,-0.2997974005222505,0.6132355224610979
326172.356779789,RECENTER,1.4700590680004098,5.906802834942937e-05,-0.5963245593957431,0.20887663080796592,0.24110002288853316,1.7064971389333934,0.2016927906461717,-0.2997926298924227,0.6135870908674761,-0.5950650082686355,0.20879143079346418,0.24047793519572389,1.704092662347737,0.2009728430754137,-0.2997015208047086,0.6134871415736954
326172.36683951,RECENTER,1.4800624040071853,6.240402581170201e-05,-0.5959409475852606,0.20926024261844844,0.24110002288853316,1.7061135271229109,0.2013091788356892,-0.2997926298924227,0.6135870908674761,-0.5948723587913562,0.20872383555690377,0.24040008160347948,1.703540970421519,0.20090777906958607,-0.29960449385719773,0.6137417713854703
326172.37681323,RECENTER,1.4900589170283638,5.8917037677019835e-05,-0.5955573357747781,0.20887663080796592,0.24110002288853316,1.7053463035019458,0.2016927906461717,-0.2994090180819402,0.6135870908674761,-0.5946776066743754,0.20865550256371904,0.24032137829154587,1.7029832571483265,0.20084200493381815,-0.2995064079256977,0.6139991803106848
326172.386808732,RECENTER,1.50005825702101,5.825702100992203e-05,-0.5951737239642938,0.20887663080796592,0.24071641107805064,1.704579079880979,0.2013091788356892,-0.2994090180819402,0.6143543144884411,-0.5944805575818713,0.20858636362698307,0.24024174672484455,1.7024189660070352,0.2007754550345707,-0.2994071651339421,0.6142596252080357
326172.396749462,RECENTER,1.5100592290400527,5.922903073951602e-05,-0.5947901121538113,0.20887663080796592,0.24071641107805064,1.7041954680704965,0.2013091788356892,-0.2994090180819402,0.6147379262989254,-0.5942812259740153,0.2085164238203597,0.24016119274702633,1.7018481384073585,0.20070813425551465,-0.29930677276472395,0.6145230869651398
326172.407035888,RECENTER,1.5200601010001265,6.010098149999976e-05,-0.5944065003433288,0.20887663080796592,0.24071641107805064,1.7034282444495297,0.2013091788356892,-0.2990254062714577,0.6147379262989254,-0.5940796383558588,0.2084456924437197,0.2400797270693244,1.7012708502520355,0.2006400515482696,-0.29920524416718014,0.6147895305495827
326172.416891108,RECENTER,1.530058569042012,5.856901407241821e-05,-0.5944065003433288,0.2084930189974834,0.24071641107805064,1.7030446326390472,0.2013091788356892,-0.2994090180819402,0.6147379262989254,-0.593875834605616,0.2083741834891971,0.23999736580734038,1.700687215740643,0.20057122038100791,-0.29910259942577416,0.6150589032532943
326172.426773338,RECENTER,1.5400576170068234,5.7617027778178453e-05,-0.5944065003433288,0.20887663080796592,0.24071641107805064,1.7030446326390472,0.2013091788356892,-0.2990254062714577,0.6155051499198905,-0.5936697472025492,0.20830187326568048,0.2399140816745638,1.700097041513477,0.20050161794977628,-0.29899880453402355,0.6153312943201852
326172.436905756,RECENTER,1.5500624470296316,6.244704127311707e-05,-0.5944065003433288,0.2084930189974834,0.24071641107805064,1.702277409018082,0.2013091788356892,-0.2986417944609734,0.615888761730373,-0.5934612595200538,0.2082287208522027,0.2398298275397994,1.6994999935859505,0.2004312048659702,-0.2988938007535211,0.6156068578986641
326172.44690748,RECENTER,1.560063599026762,6.35990290902555e-05,-0.5940228885328462,0.2084930189974834,0.24033279926756812,1.7018937972075978,0.20092556702520667,-0.2990254062714577,0.6162723735408573,-0.593250560825697,0.208154792657384,0.23974467988994047,1.6988966139651855,0.20036004505141417,-0.29878768340793227,0.6158853438288777
326172.456806251,RECENTER,1.570058359997347,5.835999036207795e-05,-0.5940228885328462,0.2084930189974834,0.24071641107805064,1.7015101853971153,0.20092556702520667,-0.2986417944609734,0.6166559853513398,-0.5930377046777137,0.2080801074732897,0.23965866036896466,1.6982870560263492,0.20028815659446936,-0.29868047947159454,0.6161666813215174
326172.466814016,RECENTER,1.5800597530324012,5.9753016103059053e-05,-0.5940228885328462,0.2084930189974834,0.23994918745708382,1.7007429617761503,0.20092556702520667,-0.2986417944609734,0.6166559853513398,-0.5928224066756482,0.2080045655118677,0.2395716540448336,1.6976705053294674,0.20021544344383488,-0.2985720457076383,0.6164512462760435
326172.476830297,RECENTER,1.5900589220109396,5.892198532819748e-05,-0.5932556649118794,0.2081094071869991,0.23994918745708382,1.6999757381551834,0.20092556702520667,-0.29825818265049087,0.6174232089723048,-0.592604849062788,0.2079282307171177,0.2394837345657855,1.6970474837661738,0.20014196714900714,-0.2984624739019854,0.616738797816775
326172.48676197,RECENTER,1.6000577100203373,5.7710043620318174e-05,-0.5932556649118794,0.2081094071869991,0.23994918745708382,1.6992085145342184,0.20092556702520667,-0.2986417944609734,0.6174232089723048,-0.5923849858476751,0.20785108695194177,0.23939488334573195,1.6964178596303432,0.2000677121771722,-0.29835174089126765,0.6170293967318152
326172.498248878,RECENTER,1.6100701640243642,7.016403833404183e-05,-0.5928720531013969,0.2081094071869991,0.23994918745708382,1.6984412909132516,0.20092556702520667,-0.29825818265049087,0.6178068207827891,-0.5921624968172282,0.20777302186265342,0.23930497098002043,1.6957807159250855,0.19999257038193857,-0.29823968540176526,0.6173234662551005
326172.506902904,RECENTER,1.6200598350260407,5.983503069728613e-05,-0.5924884412909144,0.2081094071869991,0.2395655756466013,1.6976740672922865,0.20054195521472415,-0.29825818265049087,0.6181904325932717,-0.5919381884737411,0.207694318428029,0.23921432339271584,1.6951383622377938,0.19991681414541027,-0.2981267136243323,0.6176199404116269
326172.516803549,RECENTER,1.6300587430014275,5.874299677088857e-05,-0.5924884412909144,0.2077257953765166,0.2395655756466013,1.697290455481804,0.20054195521472415,-0.29787457084000835,0.6181904325932717,-0.5917113400412336,0.20761472374822362,0.23912264930350913,1.6944887344762387,0.19984020003805264,-0.29801246254374447,0.6179197718697061
326172.526773383,RECENTER,1.6400580320041627,5.803199019283056e-05,-0.5924884412909144,0.2077257953765166,0.2395655756466013,1.6965232318608372,0.20054195521472415,-0.29787457084000835,0.6185740444037542,-0.5914821426286535,0.2075343048779459,0.2390300259434332,1.6938323799207204,0.19976279260358468,-0.29789702841106946,0.6182227080356836
326172.536810392,RECENTER,1.650059987034183,5.998701089993119e-05,-0.5921048294804319,0.2077257953765166,0.2395655756466013,1.6961396200503547,0.20015834340423985,-0.29787457084000835,0.6189576562142367,-0.5912505364294024,0.207453040832757,0.23893642914341887,1.6931691273025795,0.1996845716433692,-0.29778038110501237,0.6185288279574923
326172.550445423,RECENTER,1.662501387996599,0.002501388022210449,-0.5921048294804319,0.2077257953765166,0.23918196383611878,1.6953723964293879,0.20015834340423985,-0.2974909590295258,0.6189576562142367,-0.5909591559016661,0.20735080367136113,0.2388186763152529,1.6923346984378898,0.19958616294471906,-0.2976336287568118,0.6189139531599073
326172.556909789,RECENTER,1.6700623920187354,6.239203503355384e-05,-0.5921048294804319,0.20734218356603407,0.23918196383611878,1.6953723964293879,0.20054195521472415,-0.2974909590295258,0.619341268024721,-0.5907802907767927,0.20728804497302997,0.23874639326161942,1.691822480877436,0.1995257543638525,-0.29754354422957763,0.6191503638355178
326172.566730415,RECENTER,1.680058725993149,5.8726000133901834e-05,-0.5921048294804319,0.20734218356603407,0.23918196383611878,1.6942215609979403,0.20015834340423985,-0.2974909590295258,0.619341268024721,-0.5905417384512563,0.20720434372917299,0.23864998938996843,1.6911393365791092,0.19944518747045578,-0.2974233985416926,0.619465664632632
326172.57708619,RECENTER,1.6900821599992923,8.215999696403742e-05,-0.5917212176699476,0.20734218356603407,0.23918196383611878,1.6934543373769735,0.20015834340423985,-0.29710734721904153,0.620108491645686,-0.5903001598462676,0.20711958064970465,0.23855236253692225,1.6904475258988956,0.19936359850387875,-0.29730172868326876,0.6197849653418053
326172.586703936,RECENTER,1.7000550199882127,5.501997657120228e-05,-0.591337605859465,0.2077257953765166,0.23918196383611878,1.6923035019455241,0.19977473159375733,-0.2974909590295258,0.6204921034561686,-0.590057429450209,0.20703441343942358,0.23845427022155785,1.6897524168249214,0.19928162053992715,-0.29717947873102246,0.6201057884031149
326172.59671666,RECENTER,1.7100562429986894,5.624297773465514e-05,-0.5905703822385,0.20734218356603407,0.23879835202563626,1.6911526665140766,0.19977473159375733,-0.29710734721904153,0.6208757152666529,-0.5898116280890974,0.2069481687146215,0.2383549368664335,1.6890485134025304,0.19919860541101184,-0.2970556821025577,0.6204306704386011
326172.606816156,RECENTER,1.7200645380071364,6.453803507611156e-05,-0.5905703822385,0.20734218356603407,0.23879835202563626,1.6903854428931098,0.19977473159375733,-0.29710734721904153,0.6208757152666529,-0.5895632606090985,0.20686102361149666,0.23825456649020574,1.688337261363928,0.19911472362013308,-0.2969305930611256,0.6207589441799902
326172.616693778,RECENTER,1.7300542800221592,5.428004078567028e-05,-0.5901867704280157,0.20734218356603407,0.23879835202563626,1.6892346074616622,0.19977473159375733,-0.296723735408559,0.6208757152666529,-0.5893129613689385,0.2067732007085309,0.2381534154502045,1.6876204773275272,0.19903018941090286,-0.2968045310983319,0.6210897711788973
326172.626816859,RECENTER,1.7400583979906514,5.8397999964654446e-05,-0.5898031586175332,0.20695857175555155,0.23841474021515197,1.6884673838406954,0.19977473159375733,-0.29710734721904153,0.6212593270771354,-0.5890599012212028,0.20668440908141728,0.2380511486710086,1.6868957868569114,0.19894472275322203,-0.2966770786182203,0.62142424734097
326172.636844601,RECENTER,1.7500593200093135,5.932000931352377e-05,-0.5898031586175332,0.20695857175555155,0.23803112840466945,1.6877001602197303,0.1993911197832748,-0.296723735408559,0.6212593270771354,-0.5888045151245289,0.20659480134480301,0.23794794192829571,1.6861644355467853,0.19885847054679537,-0.29654845468553737,0.6217617977700932
326172.646842297,RECENTER,1.7600586590124294,5.8659003116190434e-05,-0.5898031586175332,0.20695857175555155,0.23764751659418692,1.6869329365987635,0.1993911197832748,-0.296723735408559,0.6216429388876179,-0.5885467581917943,0.2065043617490701,0.23784377708226187,1.685426294853518,0.19877141763177889,-0.2964186366931077,0.6221024817947416
326172.656739826,RECENTER,1.7700569860171527,5.698599852621555e-05,-0.5898031586175332,0.20657495994506903,0.23764751659418692,1.6861657129777985,0.1993911197832748,-0.2963401235980765,0.6224101625085829,-0.5882866113046507,0.20641308358613256,0.2377386464067918,1.6846813100277358,0.1986835575512835,-0.2962876150120709,0.6224463246841316
326172.666881802,RECENTER,1.780059551994782,5.955196684226394e-05,-0.5898031586175332,0.20657495994506903,0.23764751659418692,1.6853984893568317,0.1993911197832748,-0.29595651178759397,0.6220265506981004,-0.5880239314107317,0.20632091666297306,0.23763249209149967,1.6839290714091757,0.1985948419918638,-0.29615531759481667,0.6227935155142872
326172.67674704,RECENTER,1.7900578490225598,5.7849043514579535e-05,-0.5894195468070507,0.20657495994506903,0.23764751659418692,1.6846312657358666,0.1993911197832748,-0.29595651178759397,0.6224101625085829,-0.58775893677821,0.20622793756370156,0.23752540234301625,1.6831702040542362,0.19850534466979378,-0.2960218543710204,0.6231437657945023
326172.686732714,RECENTER,1.8000563569949009,5.6357006542384624e-05,-0.5890359349965681,0.20657495994506903,0.23764751659418692,1.6842476539253823,0.1990075079727923,-0.29595651178759397,0.6224101625085829,-0.5874915050621856,0.20613410336096338,0.2374173277192663,1.6824043576028005,0.19841502426521423,-0.29588716372228424,0.6234972372312049
326172.696895248,RECENTER,1.8100612669950351,6.126699736341834e-05,-0.5886523231860838,0.20657495994506903,0.23764751659418692,1.6834804303044173,0.1993911197832748,-0.29595651178759397,0.6227937743190672,-0.5872214632464907,0.20603935334829324,0.23730819830087932,1.6816310365870148,0.19832382234492765,-0.29575115850987876,0.6238541585043526
326172.706872346,RECENTER,1.8200624189921655,6.241898518055677e-05,-0.5886523231860838,0.2058077363241022,0.23764751659418692,1.6827132066834505,0.1993911197832748,-0.29595651178759397,0.6231773861295498,-0.5869490796672128,0.20594378167721222,0.237198122527954,1.6808510094431872,0.19823182953477433,-0.295613973879935,0.6242141749471771
326172.71697064,RECENTER,1.830060125037562,6.0125021263957024e-05,-0.5878850995651188,0.2058077363241022,0.23764751659418692,1.682329594872968,0.1990075079727923,-0.29595651178759397,0.6235609979400323,-0.5866743436253261,0.20584738459373567,0.23708709607679537,1.680064245532428,0.19813904222134468,-0.295475604443942,0.6245773007008585
326172.726769715,RECENTER,1.840057922003325,5.792197771370411e-05,-0.5875014877546363,0.20619134813458473,0.23764751659418692,1.6811787594415186,0.1990075079727923,-0.29595651178759397,0.6243282215609991,-0.5863971544039933,0.20575012675918244,0.23697507824567038,1.6792704564310834,0.19804542638928088,-0.2953359994763674,0.6249436688854536
326172.73683111,RECENTER,1.850063682999462,6.368302274495363e-05,-0.587117875944152,0.20619134813458473,0.2372639047837044,1.6804115358205536,0.1990075079727923,-0.29557289997710967,0.6243282215609991,-0.5861172860791609,0.20565192890321113,0.2368619777340503,1.6784689951585443,0.19795090573666854,-0.29519504519168954,0.6253135781106447
326172.746843394,RECENTER,1.860060818027705,6.0818041674792767e-05,-0.586350652323187,0.20619134813458473,0.2372639047837044,1.6796443121995885,0.1990075079727923,-0.29557289997710967,0.6247118333714816,-0.5858351983358225,0.20555295231624582,0.23674798031003877,1.677661178118588,0.1978556355141085,-0.2950529731079607,0.6256864207988504
326172.758073091,RECENTER,1.8700587950297631,5.879503441974521e-05,-0.5859670405127044,0.2058077363241022,0.2372639047837044,1.6788770885786217,0.1990075079727923,-0.29518928816662715,0.6250954451819641,-0.5855506223820744,0.20545310268683245,0.2366329773493323,1.676846235569582,0.19775952494181648,-0.2949096478494802,0.6260625522193032
326172.766839006,RECENTER,1.8800629129982553,6.291299359872937e-05,-0.5855834287022201,0.2058077363241022,0.2372639047837044,1.6781098649576567,0.198623896162308,-0.29518928816662715,0.6250954451819641,-0.5852634003760001,0.20535232463272018,0.23651690506478565,1.6760237154983042,0.19766252071143411,-0.29476498991995503,0.6264421809957585
326172.77681926,RECENTER,1.8900610400014557,6.103998748585582e-05,-0.5855834287022201,0.2058077363241022,0.2368802929732201,1.6777262531471724,0.198623896162308,-0.29480567635614463,0.6254790569924467,-0.5849738762258795,0.2052507388215685,0.23639990243676542,1.6751946027577844,0.19756473897199353,-0.29461917252707337,0.6268248525757215
326172.786754459,RECENTER,1.9000583750312217,5.8375007938593626e-05,-0.5851998168917376,0.2058077363241022,0.2368802929732201,1.6769590295262073,0.198623896162308,-0.29480567635614463,0.625862668802931,-0.5846818976321762,0.2051482918157905,0.23628190791791542,1.6743584612065612,0.1974661282869787,-0.294472118965934,0.6272107682574402
326172.796853925,RECENTER,1.910061331000179,6.133102579042315e-05,-0.5851998168917376,0.2054241245136197,0.2368802929732201,1.675808194094758,0.19824028435182547,-0.29480567635614463,0.626629892423896,-0.5843872713187267,0.20504491580026318,0.23616284340138669,1.6735147373580614,0.19736662338073147,-0.2943237318939621,0.6276001834990337
326172.806694488,RECENTER,1.9200557410367765,5.574105307459831e-05,-0.5848162050812551,0.2054241245136197,0.2368802929732201,1.675040970473793,0.198623896162308,-0.2944220645456621,0.626629892423896,-0.5840904115423772,0.20494075612596244,0.23604287629683976,1.6726646175230955,0.19726636416128707,-0.2941742199495503,0.627992550766482
326172.816843006,RECENTER,1.9300581960123964,5.8196019381284714e-05,-0.5848162050812551,0.2054241245136197,0.2364966811627376,1.6742737468528262,0.19824028435182547,-0.2944220645456621,0.6270135042343785,-0.5837908216727385,0.20483563853937292,0.23592180590578138,1.6718066794970465,0.19716518290038076,-0.29402333300728223,0.6283885264690536
326172.826776072,RECENTER,1.9400580570218153,5.8057019487023354e-05,-0.5844325932707726,0.20504051270313717,0.2364966811627376,1.6731229114213768,0.19824028435182547,-0.2944220645456621,0.6270135042343785,-0.5834888143811047,0.20472967274798187,0.23579975858507352,1.6709418186793246,0.19706318519729654,-0.2938712285424942,0.6287876973409886
326172.836825665,RECENTER,1.9500596100115217,5.9609999880194664e-05,-0.5844325932707726,0.20504051270313717,0.2364966811627376,1.6723556878004118,0.19785667254134295,-0.2944220645456621,0.6273971160448628,-0.5831842566984877,0.20462281209674357,0.23567668059922994,1.6700696542855231,0.1969603261440747,-0.2937178395860193,0.6291902391308473
326172.846839641,RECENTER,1.9600636280374601,6.36280165053904e-05,-0.5844325932707726,0.20504051270313717,0.2364966811627376,1.671588464179445,0.19824028435182547,-0.2940384527351778,0.6277807278553453,-0.5828771197381758,0.20451504645013013,0.2355525602745397,1.669190103592522,0.1968565959847312,-0.29356315158920926,0.6295961900189463
326172.856792073,RECENTER,1.9700583780067973,5.8378034736961126e-05,-0.5840489814602883,0.20465690089265287,0.2364966811627376,1.67082124055848,0.19785667254134295,-0.2936548409246953,0.6281643396658279,-0.5825677625729625,0.20440650179659886,0.2354275427196595,1.6683041948800965,0.19675211598984868,-0.2934073453972841,0.6300050754094594
326172.866796993,RECENTER,1.9800600120215677,6.001204019412398e-05,-0.5836653696498058,0.20427328908217035,0.23611306935225507,1.6704376287479974,0.19785667254134295,-0.2936548409246953,0.6285479514763104,-0.5822556825343599,0.20429700176403687,0.235301424795977,1.6674104886522758,0.19664671639189965,-0.29325016784376917,0.630417559692367
326172.876755485,RECENTER,1.9900569670135155,5.696702282875776e-05,-0.5832817578393232,0.20427328908217035,0.23572945754177255,1.6696704051270306,0.19747306073086043,-0.2936548409246953,0.6289315632867947,-0.5819412360497648,0.2041866714127067,0.2351743505430899,1.6665100056131896,0.19654051756802995,-0.2930917984415436,0.6308331717683326
326172.886734006,RECENTER,2.0000559350010008,5.5935001000761986e-05,-0.5825145342183582,0.20427328908217035,0.23534584573129003,1.6689031815060655,0.19747306073086043,-0.2936548409246953,0.6289315632867947,-0.5816242101663235,0.2040754360234929,0.23504623390239654,1.6656021359279625,0.19643344759712197,-0.29293212993796575,0.6312521931026671
326172.896857607,RECENTER,2.010064622038044,6.462202873080969e-05,-0.5821309224078739,0.20427328908217035,0.23572945754177255,1.6677523460746162,0.19747306073086043,-0.2932712291142128,0.6293151750972772,-0.5813043527343068,0.20396320712420843,0.23491697297503636,1.6646861575132965,0.19632542131999597,-0.29277103533908316,0.6316749569682091
326172.906793588,RECENTER,2.020059411996044,5.941197741776705e-05,-0.5809800869764263,0.20427328908217035,0.23534584573129003,1.6669851224536512,0.19747306073086043,-0.2932712291142128,0.6293151750972772,-0.5809824167486444,0.2038502489194134,0.23478687206165455,1.6637642267270967,0.1962166930475756,-0.2926088938870332,0.6321004681120257
326172.91696595,RECENTER,2.030042932019569,4.29319916293025e-05,-0.5809800869764263,0.20388967727168783,0.23534584573129003,1.6662178988326843,0.19708944892037614,-0.2932712291142128,0.6296987869077597,-0.5806583238898061,0.20373653392900642,0.23465589951172783,1.6628361192850671,0.19610723632880353,-0.2924456661365755,0.6325288300510717
326172.926798798,RECENTER,2.0400577100226656,5.7710043620318174e-05,-0.5802128633554595,0.20427328908217035,0.23534584573129003,1.6654506752117193,0.19708944892037614,-0.29288761730373025,0.6300823987182422,-0.5803306828530227,0.20362157398361208,0.23452349307055548,1.6618978508960534,0.19599658127472444,-0.29228065136400855,0.6329618817089537
326172.937098559,RECENTER,2.050068560987711,6.856099935248494e-05,-0.579829251544977,0.20388967727168783,0.23534584573129003,1.6646834515907525,0.19708944892037614,-0.29288761730373025,0.630849622339209,-0.580000631285128,0.20350576825123193,0.23439011248448077,1.6609526794488496,0.1958851121057436,-0.29211442253948094,0.6333981194283387
326172.946792788,RECENTER,2.060058312024921,5.8312027249485254e-05,-0.5794456397344945,0.20388967727168783,0.23534584573129003,1.6639162279697874,0.19670583710989362,-0.29250400549324773,0.6312332341496916,-0.5796687418844959,0.20338931767547924,0.2342559891926247,1.6600022449845988,0.19577302224076282,-0.2919472680996697,0.6338367862589293
326172.956790815,RECENTER,2.070057972043287,5.797203630208969e-05,-0.5790620279240102,0.20388967727168783,0.23496223392080573,1.6631490043488206,0.19670583710989362,-0.29250400549324773,0.6320004577706566,-0.5793339857823256,0.20327186125547844,0.23412070740807092,1.6590436011230747,0.19565996419726306,-0.29177866985993955,0.63427924208331
326172.967491404,RECENTER,2.080715471005533,0.0007154709892347455,-0.5786784161135277,0.20388967727168783,0.23534584573129003,1.6623817807278556,0.19670583710989362,-0.29212039368276344,0.6320004577706566,-0.5789744094084875,0.20314569610624267,0.23397539524431699,1.6580138792411008,0.19553852353926965,-0.2915975710142886,0.634754503504634
326172.976691721,RECENTER,2.0900552080129273,5.520798731595278e-05,-0.5782948043030451,0.2035060654612053,0.23496223392080573,1.6612309452964062,0.1963222252994111,-0.29212039368276344,0.6323840695811409,-0.5786569171265773,0.2030342970710368,0.2338470901224674,1.6571046739266606,0.19543129605040144,-0.2914376676114502,0.6351741412899242
326172.986817707,RECENTER,2.1000594260403886,5.942606367170811e-05,-0.5782948043030451,0.2035060654612053,0.2345786221103232,1.6604637216754412,0.19670583710989362,-0.29212039368276344,0.6327676813916234,-0.5783143719129923,0.2029141076727995,0.23370866059875237,1.6561237243213547,0.19531560737017412,-0.29126514642463985,0.6356268921849245
326172.996807218,RECENTER,2.1100599080091342,5.990802310407162e-05,-0.5779111924925626,0.2035060654612053,0.2345786221103232,1.6593128862439919,0.1963222252994111,-0.29212039368276344,0.633151293202106,-0.5779694040724668,0.2027930682434931,0.23356925204196316,1.6551358370189306,0.19519910048988937,-0.2910914050938649,0.6360828451287991
326173.006836543,RECENTER,2.1200583250029013,5.832500755786896e-05,-0.5779111924925626,0.203122453650721,0.2341950102998407,1.6581620508125425,0.19593861348892858,-0.2917367818722809,0.6335349050125885,-0.5776219556464793,0.20267115844711653,0.2334288410298763,1.6541408460430838,0.19508175583506596,-0.2909164144286053,0.6365420767268294
326173.016793583,RECENTER,2.1300591570325196,5.915702786296606e-05,-0.5771439688715958,0.2027388418402385,0.2341950102998407,1.6566276035706107,0.19593861348892858,-0.2917367818722809,0.6339185168230728,-0.5772718683619125,0.2025483227501227,0.23328736360108937,1.6531382981457583,0.19496351995171488,-0.2907400947153955,0.6370047961727006
326173.026873412,RECENTER,2.1400577549939044,5.775497993454337e-05,-0.5771439688715958,0.20235523002975597,0.23381139848935817,1.6550931563286788,0.19593861348892858,-0.2913531700617984,0.6343021286335553,-0.5769193025148137,0.20242461739584747,0.23314488453451224,1.6521286523680923,0.19484444697703454,-0.29056252668653976,0.6374707915989682
326173.036839039,RECENTER,2.150059398030862,5.9398007579147816e-05,-0.5767603570611133,0.20235523002975597,0.23381139848935817,1.653558709086747,0.19593861348892858,-0.2913531700617984,0.6350693522545203,-0.5765640693380819,0.20229997615126993,0.23300132754550015,1.6511113681361516,0.194724473158224,-0.29038361527042983,0.6379403125040071
326173.046884714,RECENTER,2.1600590180023573,5.90180279687047e-05,-0.5759931334401465,0.20235523002975597,0.23342778667887387,1.652024261844815,0.19555500167844428,-0.2909695582513159,0.6350693522545203,-0.5762063462178904,0.20217446125616628,0.23285676431943225,1.6500869534322118,0.19460365840437405,-0.29020344980672635,0.6384131244319099
326173.056846473,RECENTER,2.170058838033583,5.883804988116026e-05,-0.575609521629664,0.20197161821927345,0.23342778667887387,1.6504898146028832,0.19555500167844428,-0.2909695582513159,0.6354529640650046,-0.5758460521720402,0.2020480442961802,0.2327111621297464,1.6490551763468693,0.19448197536515735,-0.29002198950914926,0.6388893344189499
326173.066893251,RECENTER,2.180065311025828,6.53110328130424e-05,-0.5752259098191814,0.20197161821927345,0.23304417486839135,1.6493389791714357,0.19555500167844428,-0.2905859464408316,0.6358365758754871,-0.5754829499856879,0.2019206420393523,0.2325644251130747,1.648015357565984,0.19435934392539173,-0.28983911490562664,0.6393692559981395
326173.076755675,RECENTER,2.190058598993346,5.859899101778865e-05,-0.5752259098191814,0.20197161821927345,0.23304417486839135,1.6481881437399863,0.19517138986796176,-0.2905859464408316,0.6362201876859697,-0.575117760027202,0.20179250724250797,0.23241684438500196,1.6469695600145036,0.19423600737694796,-0.28965518880609126,0.6398519370399186
326173.086831487,RECENTER,2.200058569025714,5.856901407241821e-05,-0.5748422980086989,0.20197161821927345,0.23304417486839135,1.647037308308537,0.19517138986796176,-0.2905859464408316,0.6366037994964522,-0.57474975686088,0.20166338537083808,0.23226812678213016,1.645915706256114,0.19411172071655153,-0.289469845848473,0.6403383363714739
326173.096912048,RECENTER,2.2100598019897006,5.980196874588728e-05,-0.5744586861982146,0.20197161821927345,0.23304417486839135,1.646270084687572,0.19478777805747924,-0.29020233463034906,0.637371023117419,-0.5743791349980181,0.20153334467283865,0.23211835091045058,1.6448543533144475,0.19398654963700512,-0.2892831839974151,0.6408281969021796
326173.106765304,RECENTER,2.2200577390030958,5.773903103545308e-05,-0.5740750743877321,0.20197161821927345,0.23266056305790883,1.6458864728770877,0.19478777805747924,-0.29020233463034906,0.6377546349279015,-0.5740060623862104,0.20140244407655625,0.23196758464101963,1.6437859821424408,0.19386055085968382,-0.28909528783888505,0.6413212966513433
326173.116779171,RECENTER,2.2300588809885085,5.88810071349144e-05,-0.5736914625772496,0.20158800640878916,0.23266056305790883,1.6451192492561226,0.19478777805747924,-0.28981872281986654,0.6385218585488683,-0.5736302947747043,0.20127059788133045,0.23181572926711458,1.6427098932771604,0.19373364189314957,-0.28890603435721046,0.6418179584515216
326173.126861375,RECENTER,2.240058480994776,5.848100408911705e-05,-0.573307850766767,0.20158800640878916,0.2322769512474263,1.6443520256351558,0.19478777805747924,-0.289435111009384,0.6389054703593509,-0.5732520082459824,0.20113786786950952,0.2316628559472666,1.6416265909674927,0.19360588220619446,-0.28871551223545483,0.6423179495699286
326173.136841768,RECENTER,2.250059081998188,5.90819981880486e-05,-0.5729242389562845,0.20158800640878916,0.2322769512474263,1.6439684138246733,0.19478777805747924,-0.289435111009384,0.6396726939803159,-0.5728711052518048,0.20100421981418318,0.23150892526023764,1.6405357958637228,0.1934772388535992,-0.288523672343934,0.6428213989386041
326173.146777308,RECENTER,2.2600578410201706,5.7841010857373476e-05,-0.5729242389562845,0.20120439459830664,0.2322769512474263,1.642817578393224,0.19440416624699672,-0.289435111009384,0.6400563057908002,-0.5724876929188898,0.20086969130307797,0.23135398049812458,1.6394378147455335,0.19334774801554722,-0.28833056863648493,0.6433281649653855
326173.156864692,RECENTER,2.2700604860438034,6.048602517694235e-05,-0.5725406271458002,0.20120439459830664,0.2322769512474263,1.6416667429617764,0.19440416624699672,-0.2890514991988997,0.6408235294117652,-0.5721015494017542,0.20073420449690707,0.23119793200863237,1.6383320123121514,0.19321733476759018,-0.28813608938173735,0.6438385408692028
326173.166790855,RECENTER,2.2800582720083185,5.827198037877679e-05,-0.5717734035248352,0.20120439459830664,0.23189333943694201,1.640515907530327,0.19402055443651242,-0.2886678873884172,0.6415907530327303,-0.5717130113376798,0.2005978775121431,0.23104091583376873,1.6372193525945882,0.19308611280310728,-0.28794040412537786,0.6443520817078277
326173.17680448,RECENTER,2.2900617390405387,6.173906149342656e-05,-0.5713897917143527,0.20120439459830664,0.23189333943694201,1.639748683909362,0.19402055443651242,-0.2886678873884172,0.6419743648432146,-0.5713216675305645,0.20046056607173846,0.23088276580078232,1.636098658047112,0.19295394324777623,-0.2877433057705423,0.6448693309698154
326173.187027568,RECENTER,2.300064164039213,6.416405085474253e-05,-0.5706225680933859,0.20082078278782411,0.23189333943694201,1.6385978484779127,0.19402055443651242,-0.2882842755779347,0.6423579766536971,-0.5709277780053282,0.20032236141106127,0.2307235869910593,1.6349706733052707,0.1928209139204853,-0.28754492527748354,0.6453899449734839
326173.19677152,RECENTER,2.310021735029295,2.1735031623393297e-05,-0.5702389562829033,0.20082078278782411,0.23189333943694201,1.6378306248569459,0.19402055443651242,-0.2882842755779347,0.6431252002746621,-0.5705330847182504,0.20018387473315472,0.23056408336474415,1.6338403868238924,0.19268761313663044,-0.28734613997378566,0.6459116213300293
326173.206800775,RECENTER,2.3200582140125334,5.8214005548506975e-05,-0.5702389562829033,0.20082078278782411,0.2315097276264595,1.6366797894254983,0.1936369426260299,-0.2882842755779347,0.6435088120851464,-0.5701326677956023,0.20004337979389278,0.23040226670028258,1.6326937095192569,0.19255237929454277,-0.28714447198960574,0.6464408627641888
326173.216812237,RECENTER,2.3300626630079933,6.266299169510603e-05,-0.5698553444724208,0.2004371709773416,0.23112611581597697,1.635528953994049,0.1936369426260299,-0.28790066376745216,0.6442760357061115,-0.5697309340702089,0.19990242282590212,0.23023991788891124,1.6315432612755392,0.1924167007252609,-0.28694214080429664,0.6469718446506968
326173.22768633,RECENTER,2.3409960870048963,0.0009960869792848825,-0.5694717326619365,0.2004371709773416,0.23112611581597697,1.6343781185625996,0.1936369426260299,-0.28751705195696786,0.644659647516594,-0.5692889333036454,0.19974733729544705,0.23006129634299413,1.6302774999678051,0.19226742266410213,-0.2867195293247184,0.6475560485301148
326173.23694732,RECENTER,2.3500664409948513,6.644101813435555e-05,-0.569088120851454,0.2004371709773416,0.23112611581597697,1.6332272831311503,0.19325333081554738,-0.28751705195696786,0.6450432593270783,-0.5689199004096185,0.1996178541215365,0.22991216260610528,1.6292206973695378,0.19214278823110678,-0.28653366774988204,0.6480438088794906
326173.246796669,RECENTER,2.360058285994455,5.8286008425056934e-05,-0.5687045090409715,0.2000535591668573,0.23074250400549445,1.6320764476997027,0.19286971900506486,-0.28713344014648534,0.6458104829480433,-0.5685109088506058,0.1994743505856167,0.22974688075579114,1.6280494648067234,0.19200465845492018,-0.2863276811929023,0.6485843836329739
326173.256746777,RECENTER,2.370057796011679,5.7796016335487366e-05,-0.568320897230489,0.2000535591668573,0.23074250400549445,1.6309256122682534,0.19325333081554738,-0.28713344014648534,0.6461940947585258,-0.5680990133949028,0.19932982815472497,0.22958042538145787,1.6268699163305658,0.19186554793819974,-0.28612023210285087,0.6491287965420448
326173.26713942,RECENTER,2.380077723006252,7.772300159558654e-05,-0.568320897230489,0.19966994735637478,0.23035889219501016,1.6293911650263215,0.19286971900506486,-0.2867498283360028,0.6469613183794927,-0.5676836772341309,0.19918409847802945,0.22941257954786545,1.625680514678403,0.19172527538326462,-0.28591105011886786,0.6496777571202628
326173.276788455,RECENTER,2.3900586779927835,5.8677978813648224e-05,-0.5679372854200047,0.19928633554589226,0.23035889219501016,1.6278567177843897,0.19248610719458234,-0.2867498283360028,0.6473449301899752,-0.5672673687751463,0.19903802764947287,0.22924434078868783,1.6244883286476817,0.19158467445154134,-0.28570137844174376,0.6502280028102517
326173.286815897,RECENTER,2.400060572021175,6.057199789211154e-05,-0.5671700617990396,0.19928633554589226,0.23035889219501016,1.6270894941634246,0.19248610719458234,-0.2863662165255203,0.6477285420004577,-0.5668475956532907,0.1988907411689993,0.2290747018884134,1.6232862208327956,0.1914429033902729,-0.2854899618044605,0.6507828278350365
326173.297055024,RECENTER,2.4100719440029934,7.194402860477567e-05,-0.5671700617990396,0.19890272373540974,0.22997528038452764,1.6259386587319753,0.19210249538409804,-0.2863662165255203,0.6477285420004577,-0.5664248266532271,0.19874240351984862,0.22890385229250812,1.622075533696322,0.191300120523315,-0.2852770363080735,0.6513416125897669
326173.3067798,RECENTER,2.4200582079938613,5.820801015943289e-05,-0.5667864499885571,0.19890272373540974,0.22997528038452764,1.624787823300526,0.19210249538409804,-0.2863662165255203,0.6484957656214245,-0.5660005280509001,0.19859352917665493,0.22873238455305742,1.6208604662249986,0.19115682105983167,-0.28506334043514236,0.6519024190594894
326173.316793947,RECENTER,2.4300577380345203,5.773804150521755e-05,-0.5664028381780728,0.19890272373540974,0.22997528038452764,1.6244042114900434,0.19210249538409804,-0.285982604715036,0.6492629892423896,-0.565573073748461,0.19844354758781182,0.22855964153067715,1.6196363617487588,0.19101245581359422,-0.2848480552096034,0.6524673964999141
326173.326833111,RECENTER,2.4400579989887774,5.7998986449092627e-05,-0.5664028381780728,0.19890272373540974,0.22959166857404512,1.623253376058594,0.19210249538409804,-0.2855989929045535,0.6500302128633564,-0.5651429939571395,0.19829264478939884,0.22838583749456465,1.6184047386379536,0.1908672038542114,-0.2846314476696953,0.6530358441171046
326173.336913291,RECENTER,2.4500607040245086,6.0704012867063284e-05,-0.5656356145571078,0.19890272373540974,0.2292080567635626,1.6217189288166622,0.19171888357361552,-0.2855989929045535,0.6511810482948039,-0.5647102136430021,0.19814079445413732,0.22821094212197346,1.6171653820172782,0.190721039840279,-0.28441348002495226,0.6536078610853568
326173.346797335,RECENTER,2.4600585509906523,5.855096969753504e-05,-0.5652520027466252,0.19851911192492544,0.2292080567635626,1.6205680933852147,0.19171888357361552,-0.28521538109407096,0.6515646601052882,-0.5642750496320352,0.19798810774727826,0.2280350834487618,1.6159191991839705,0.19057407077425617,-0.28419431184320065,0.6541830286475457
326173.357100592,RECENTER,2.47005917300703,5.9173034969717264e-05,-0.5648683909361409,0.19851911192492544,0.2288244449530783,1.6190336461432828,0.19171888357361552,-0.28521538109407096,0.6519482719157708,-0.5638371705161511,0.19783446838712496,0.2278581275461462,1.6146652410819062,0.19042618472883296,-0.2839737762124115,0.6547617848343382
326173.366790804,RECENTER,2.480057389999274,5.739001790061593e-05,-0.5641011673151759,0.19813550011444292,0.2292080567635626,1.617499198901351,0.19171888357361552,-0.28521538109407096,0.6527154955367358,-0.5633968030497577,0.19767995593536664,0.2276801660502186,1.6134041570695878,0.19027745828636158,-0.2837519873363103,0.6553438299385509
326173.376752273,RECENTER,2.4900563990231603,5.639903247356415e-05,-0.5637175555046934,0.19813550011444292,0.2288244449530783,1.6155811398489348,0.19171888357361552,-0.28483176928358844,0.6534827191577026,-0.5629538072042681,0.19752452125994446,0.22750114237256433,1.6121355461459752,0.1901278441546255,-0.28352887469019844,0.6559293490395995
326173.386788141,RECENTER,2.500058184028603,5.818402860313654e-05,-0.5633339436942109,0.19813550011444292,0.2288244449530783,1.6144303044174872,0.191335271763133,-0.28483176928358844,0.6542499427786677,-0.5625080939201778,0.19736813311240467,0.22732102052241687,1.6108591532706162,0.18997731225532805,-0.28330439341970093,0.656518459849742
326173.396829229,RECENTER,2.510075307043735,7.530703442171216e-05,-0.5633339436942109,0.1977518883039604,0.2288244449530783,1.6128958571755554,0.191335271763133,-0.28444815747310415,0.6550171663996345,-0.5620590966342864,0.19721059270179242,0.2271395715400044,1.609573355971717,0.1898256712416155,-0.2830782581780904,0.6571119112102571
326173.40693074,RECENTER,2.5200597590301186,5.975901149213314e-05,-0.562566720073244,0.1977518883039604,0.22844083314259578,1.6113614099336235,0.191335271763133,-0.28444815747310415,0.6557843900205995,-0.5616089743607692,0.19705265756493548,0.2269576679270933,1.6082843370363038,0.18967365028292474,-0.2828515563420781,0.6577068494961017
326173.416759662,RECENTER,2.5300583069911227,5.830696318298578e-05,-0.562566720073244,0.1977518883039604,0.22805722133211326,1.6098269626916917,0.19095165995265048,-0.2840645456626216,0.6565516136415663,-0.5611556263903373,0.19689359062253675,0.2267744607441137,1.6069860806455425,0.1895205399012788,-0.2826232298999176,0.6583060512692382
326173.426808404,RECENTER,2.540058790007606,5.879002856090665e-05,-0.5621831082627615,0.19736827649347788,0.22805722133211326,1.6086761272602423,0.19056804814216619,-0.2836809338521391,0.6569352254520489,-0.5606995983829667,0.19673358333120256,0.22659017050341715,1.6056801494104889,0.18936652438383145,-0.28239355367053187,0.6589087953167216
326173.436861034,RECENTER,2.5500719860428944,7.198605453595519e-05,-0.5621831082627615,0.19698466468299536,0.22767360952163074,1.607525291828793,0.19056804814216619,-0.2836809338521391,0.6577024490730157,-0.5602403937267735,0.1965724614439107,0.22640459651398884,1.6043651211795207,0.18921143600856785,-0.2821622775378248,0.6595157380233614
326173.446812044,RECENTER,2.560057710041292,5.7710043620318174e-05,-0.561799496452279,0.19698466468299536,0.22767360952163074,1.6063744563973454,0.19056804814216619,-0.2832973220416566,0.6584696726939807,-0.5597798616770062,0.19641087381186872,0.22621848609768036,1.6030462916804247,0.18905589932924205,-0.2819303328699705,0.6601244351805229
326173.456774334,RECENTER,2.5700589840416797,5.8984034694731236e-05,-0.5614158846417947,0.19660105287251106,0.22728999771114644,1.605223620965896,0.19018443633168367,-0.2832973220416566,0.6588532845044632,-0.5593160234330218,0.19624812613006498,0.22603103958069773,1.6017179942051791,0.18889924604039907,-0.28169672305390353,0.6607375022203495
326173.46691051,RECENTER,2.5800641950336285,6.419501733034849e-05,-0.5610322728313122,0.19660105287251106,0.22728999771114644,1.6040727855344468,0.18980082452120114,-0.28291371023117406,0.6592368963149475,-0.558849410781073,0.19608440498721005,0.22584247186873743,1.6003817516345429,0.18874165574358434,-0.2814617159211154,0.6613542362671555
326173.476833287,RECENTER,2.590060018992517,6.0018966905772686e-05,-0.5606486610208297,0.19621744106202677,0.22728999771114644,1.6029219501029992,0.19018443633168367,-0.28291371023117406,0.65962050812543,-0.5583806480655296,0.19591992944803208,0.22565303527212321,1.5990393519087316,0.18858333930023538,-0.2812256259195311,0.6619738121087907
326173.487525141,RECENTER,2.6008550960104913,0.0008550960337743163,-0.5598814373998628,0.19621744106202677,0.22690638590066392,1.6021547264820324,0.18980082452120114,-0.28253009842068977,0.6607713435568776,-0.5578714995987656,0.19574128369440047,0.225447277967805,1.5975812991679355,0.1884113832727574,-0.2809691958359533,0.6626467668454892
326173.496907077,RECENTER,2.610129570995923,0.00012957100989297032,-0.5591142137788978,0.19583382925154424,0.2265227740901814,1.601003891050583,0.18980082452120114,-0.28253009842068977,0.6615385671778444,-0.5574316625861738,0.1955869573638334,0.2252695308391031,1.5963217342206244,0.18826283598181928,-0.2807476741202613,0.6632281108351513
326173.506846826,RECENTER,2.6200585800106637,5.858001532033086e-05,-0.5579633783474485,0.19583382925154424,0.2265227740901814,1.5994694438086512,0.18941721271071862,-0.28214648661020725,0.661922178988327,-0.5569583193998473,0.19542087466739488,0.22507824318060346,1.5949662173621582,0.18810297256423536,-0.2805092771874331,0.6638537408038458
326173.516844443,RECENTER,2.6300597530207597,5.9753016103059053e-05,-0.5568125429159991,0.19621744106202677,0.22613916227969888,1.5979349965667193,0.18941721271071862,-0.28214648661020725,0.6630730144197763,-0.5564789598937881,0.19525268101503118,0.2248845242043038,1.5935934715183406,0.18794107723944012,-0.28026785016520556,0.6644873226984045
326173.526709523,RECENTER,2.6400559680187143,5.596800474449992e-05,-0.5564289311055166,0.19583382925154424,0.22613916227969888,1.5971677729457543,0.18903360090023433,-0.2817628747997247,0.6634566262302588,-0.5559972557216165,0.19508366468584135,0.22468985770049435,1.5922140112344831,0.18777839004449937,-0.28002524226359515,0.6651240035989886
326173.536934564,RECENTER,2.6500603170134127,6.031699012964964e-05,-0.5560453192950341,0.19583382925154424,0.22575555046921636,1.596016937514305,0.18903360090023433,-0.2813792629892422,0.6638402380407413,-0.5555125759992666,0.19491360432050336,0.2244939887160265,1.5908260298425874,0.18761469790930718,-0.2797811357409917,0.6657646173614342
326173.546841372,RECENTER,2.660059978021309,5.997804692015052e-05,-0.5556617074845516,0.19583382925154424,0.22537193865873206,1.5948661020828556,0.1886499890897518,-0.2809956511787579,0.6646074616617081,-0.5550255418754886,0.19474271786249314,0.22429716826980875,1.5894313061315464,0.18745021061603614,-0.2795358434358623,0.6664083429973244
326173.556822267,RECENTER,2.6700594380381517,5.943805444985628e-05,-0.5556617074845516,0.19545021744106172,0.22498832684824954,1.5933316548409255,0.1882663772792693,-0.2809956511787579,0.6653746852826732,-0.5545359380671919,0.19457092977508125,0.22409930936154304,1.5880292235933653,0.18728485545657175,-0.2792892569219531,0.6670554650519052
326173.566823641,RECENTER,2.680060481012333,6.048101931810379e-05,-0.5552780956740673,0.19545021744106172,0.22498832684824954,1.5921808194094762,0.18788276546878677,-0.2806120393682754,0.66614190890364,-0.554043678120599,0.19439820972408972,0.22390037705349045,1.586619534649636,0.1871186032326563,-0.27904133265725073,0.6677060977933766
326173.576806931,RECENTER,2.6900614940095693,6.149400724098086e-05,-0.5552780956740673,0.1950666056305792,0.22498832684824954,1.5910299839780269,0.18788276546878677,-0.28022842755779287,0.66614190890364,-0.5535488423186221,0.19422458587851496,0.22370040378961709,1.5852024692072078,0.18695148105844522,-0.278792111075843,0.6683601351097311
326173.586858348,RECENTER,2.7000573280383833,5.732802674174309e-05,-0.5552780956740673,0.1950666056305792,0.22460471503776702,1.589495536736095,0.18788276546878677,-0.27984481574731035,0.666909132524605,-0.5530516889959967,0.19405014888068722,0.2234994939682708,1.583778767061432,0.18678357618199626,-0.2785417222867299,0.6690172355532474
326173.596859051,RECENTER,2.7100802520290017,8.025200804695487e-05,-0.5552780956740673,0.1946829938200949,0.2242211032272845,1.5875774776836806,0.18788276546878677,-0.27984481574731035,0.6676763561455719,-0.5525506063825866,0.19387433320618805,0.2232969962401891,1.5823438125726335,0.18661434425601614,-0.2782893545299285,0.669679529442326
326173.606913724,RECENTER,2.7200610380386934,6.103806663304567e-05,-0.5548944838635848,0.1942993820096124,0.2242211032272845,1.5860430304417488,0.18749915365830247,-0.27946120393682605,0.6684435797665369,-0.5520490629289739,0.19369835583593475,0.2230943122771602,1.580907538371876,0.18644495668928346,-0.2780367546732595,0.6703424324358555
326173.61678744,RECENTER,2.7300575629924424,5.7563011068850756e-05,-0.5541272602426197,0.1942993820096124,0.2242211032272845,1.5841249713893344,0.18749915365830247,-0.27907759212634353,0.6692108033875037,-0.5515441622002362,0.19352120049307808,0.22289027157061797,1.5794616499141436,0.18627443526134652,-0.27778246394173356,0.6710097728270111
326173.626773475,RECENTER,2.7400582850095816,5.8285018894821405e-05,-0.5537436484321372,0.19391577019912987,0.2238374914168002,1.58220691233692,0.18711554184781995,-0.278693980315861,0.6699780270084688,-0.551036481281947,0.19334306966057538,0.22268510733264057,1.578007799804241,0.1861029748728075,-0.277526772981619,0.6716807878668198
326173.636813742,RECENTER,2.750062354025431,6.235402543097734e-05,-0.5529764248111704,0.19391577019912987,0.2238374914168002,1.5802888532845039,0.18749915365830247,-0.278693980315861,0.6703616388189513,-0.5505260622998097,0.19316397811914085,0.22247883658708592,1.5765461086778987,0.18593058975088905,-0.27726970300931597,0.6723554218766464
326173.646712464,RECENTER,2.760056795028504,5.679501919075847e-05,-0.551825589379721,0.19391577019912987,0.2238374914168002,1.5783707942320895,0.18673193003733743,-0.278693980315861,0.6707452506294356,-0.5500135716116407,0.19298415967482924,0.22227172862277036,1.575078484789592,0.18575750494633858,-0.27701158963261213,0.673032794114079
326173.656721301,RECENTER,2.770059692033101,5.969201447442174e-05,-0.551058365758756,0.19391577019912987,0.22345387960631768,1.5760691233691926,0.1863483182268549,-0.2783103685053785,0.6715124742504006,-0.5494980843688091,0.1928032898244918,0.2220634096894549,1.573602279642529,0.18558340810763788,-0.2767519670561115,0.6737141269755447
326173.666764473,RECENTER,2.780059422017075,5.9421989135444164e-05,-0.5499075303273067,0.19353215838864735,0.22307026779583516,1.5749182879377432,0.1863483182268549,-0.2775431448844117,0.6722796978713674,-0.5489801995844291,0.19262157874483773,0.22185412186058506,1.5721192086355964,0.18540850154103408,-0.27649113696977884,0.6743986287298711
326173.677032536,RECENTER,2.790066357003525,6.635702447965741e-05,-0.5491403067063416,0.19353215838864735,0.22268665598535264,1.5733838406958114,0.1855810946058881,-0.2775431448844117,0.67266330968185,-0.5484593806744344,0.19243883816373972,0.22164364829156974,1.5706277351484956,0.18523260402460368,-0.27622882912572755,0.6750870085941388
326173.686807136,RECENTER,2.800059836008586,5.983602022752166e-05,-0.5487566948958573,0.19353215838864735,0.22230304417486835,1.572233005264362,0.1855810946058881,-0.2775431448844117,0.673430533302815,-0.5479367075464823,0.19225544699016034,0.2214324253951707,1.5691309517218563,0.1850560802783507,-0.2759655874140585,0.6757778392263823
326173.697115644,RECENTER,2.810383833013475,0.0003838330158032477,-0.5479894712748923,0.19314854657816305,0.22230304417486835,1.5710821698329145,0.18519748279540557,-0.27715953307392915,0.6741977569237818,-0.547394069380966,0.1920650506512613,0.22121313421893196,1.5675769942494509,0.18487281368836528,-0.2756922904108873,0.6764950581667014
326173.707030526,RECENTER,2.8201104429899715,0.0001104429829865694,-0.5472222476539255,0.19276493476768053,0.22191943236438583,1.5699313344014652,0.18519748279540557,-0.27677592126344663,0.6745813687342643,-0.5468803423110432,0.19188479839566555,0.22100552660747347,1.566105829724331,0.1846993113174099,-0.27543355433668526,0.6771740645619717
326173.716884374,RECENTER,2.8300593289895914,5.932897329330444e-05,-0.5468386358434429,0.19276493476768053,0.22191943236438583,1.5687804989700158,0.18519748279540557,-0.27639230945296234,0.6749649805447469,-0.546352380364918,0.19169955152582066,0.22079216639152743,1.5645939006646667,0.18452100136492733,-0.27516764893814544,0.6778718855623956
326173.726763249,RECENTER,2.840057487017475,5.748699186369777e-05,-0.5464550240329604,0.19276493476768053,0.22191943236438583,1.5676296635385665,0.18519748279540557,-0.27639230945296234,0.6753485923552311,-0.5458192641263788,0.19151249616098298,0.22057672322064395,1.5630672112145236,0.18434095063994754,-0.274899147605962,0.6785765191248141
326173.736826429,RECENTER,2.8500594020006247,5.9402023907750845e-05,-0.5460714122224779,0.192381322957198,0.2215358205539033,1.567246051728084,0.18481387098492305,-0.27639230945296234,0.6761158159761962,-0.5452834028003845,0.191324477622829,0.22036017070379993,1.561532660634378,0.1841599728094873,-0.27462926372418545,0.6792847809405343
326173.746887173,RECENTER,2.8600579000194557,5.790003342553973e-05,-0.5460714122224779,0.1919977111467155,0.2215358205539033,1.565711604486152,0.18481387098492305,-0.2760086976424798,0.676883039597163,-0.5447451831695992,0.19113563162242356,0.2201426651477774,1.5599913565569947,0.18397819850265548,-0.27435819209397383,0.6799961597888752
326173.756800543,RECENTER,2.8700583720346913,5.837203934788704e-05,-0.5453041886015111,0.1919977111467155,0.2215358205539033,1.5641771572442202,0.18443025917443875,-0.2760086976424798,0.677650263218128,-0.54420431821355,0.19094585745242465,0.2199240905617353,1.5584424770394336,0.1837955307832859,-0.2740857881588986,0.6807110350322416
326173.766775577,RECENTER,2.880058253009338,5.8253004681319e-05,-0.5449205767910286,0.1919977111467155,0.2211522087434208,1.5626427100022884,0.18443025917443875,-0.2756250858319973,0.6780338750286106,-0.5436609488186648,0.1907552045458833,0.2197045038807595,1.5568864255393424,0.18361201723331597,-0.27381212287570605,0.6814292204573871
326173.77676528,RECENTER,2.890057363023516,5.736300954595208e-05,-0.544536964980546,0.1919977111467155,0.2211522087434208,1.5611082627603565,0.18443025917443875,-0.2752414740215148,0.6784174868390949,-0.5431150880256979,0.19056367747843028,0.2194839103748854,1.5553232394016385,0.18342766225703339,-0.27353720281230687,0.682150698828008
326173.787110406,RECENTER,2.9001049629878253,0.0001049629645422101,-0.5441533531700635,0.1919977111467155,0.2207685969329365,1.5591902037079421,0.18404664736395623,-0.2748578622110305,0.6788010986495774,-0.54256403130325,0.1903703273067188,0.2192612170876838,1.5537451736370376,0.18324155244605933,-0.2732596658449631,0.6828790447934152
326173.796901627,RECENTER,2.9100995950284414,9.959505405277014e-05,-0.5433861295490967,0.1916140993362312,0.2207685969329365,1.5576557564660103,0.18404664736395623,-0.27447425040054796,0.679951934081025,-0.5420133476473402,0.19017710803347246,0.21903867456429713,1.552168176226215,0.18305556863181127,-0.2729823167707188,0.6836068976671013
326173.806893834,RECENTER,2.9200599620235153,5.9962039813399315e-05,-0.5426189059281317,0.19123048752574867,0.22000137331197145,1.555737697413596,0.1836630355534737,-0.27409063859006544,0.6803355458915092,-0.541462042558663,0.18998367071709665,0.2188158809072247,1.5505893992131567,0.1828693749394687,-0.27270465471496347,0.6843355719045968
326173.817280407,RECENTER,2.930063821026124,6.382103310897946e-05,-0.5418516823071649,0.19123048752574867,0.21961776150148893,1.554203250171664,0.1836630355534737,-0.27409063859006544,0.6807191577019918,-0.5409058116831389,0.18978850508184936,0.21859109663898596,1.5489965161829315,0.18268151764840454,-0.2724245118112526,0.6850707566823513
326173.826770405,RECENTER,2.940058220992796,5.822099046781659e-05,-0.5410844586861998,0.19084687571526615,0.21923414969100463,1.5526688029297322,0.1832794237429912,-0.2733234149691004,0.6814863813229568,-0.5403475893689003,0.18959264070724963,0.21836550758965026,1.547397930252933,0.18249298778359688,-0.2721433659293746,0.685808573596316
326173.836933181,RECENTER,2.9500584230409004,5.842302925884724e-05,-0.540317235065233,0.19084687571526615,0.21923414969100463,1.5511343556878003,0.1832794237429912,-0.2733234149691004,0.6826372167544061,-0.5397865277162612,0.18939578008935062,0.21813877110562022,1.5457912132857083,0.18230349898169346,-0.2718607900288854,0.6865501433375019
326173.846750671,RECENTER,2.9600562599953264,5.6259974371641874e-05,-0.539550011444268,0.19046326390478363,0.2188505378805221,1.549216296635386,0.18289581193250867,-0.2729398031586161,0.6830208285648887,-0.5392230868120593,0.18919808465957197,0.21791107311739277,1.5441776828357987,0.18211320662901098,-0.2715770158302239,0.6872948577972002
326173.856795396,RECENTER,2.970058436039835,5.843606777489185e-05,-0.5383991760128186,0.19046326390478363,0.2184669260700396,1.5472982375829716,0.18289581193250867,-0.2725561913481336,0.6837880521858555,-0.5386568913149304,0.1889994227212767,0.21768226194184945,1.5425562640349877,0.18192198396054063,-0.271291854294586,0.6880432130738288
326173.866821727,RECENTER,2.980063246039208,6.324605783447623e-05,-0.5376319523918518,0.19007965209429933,0.2184669260700396,1.5453801785305572,0.18251220012202438,-0.2725561913481336,0.6849388876173048,-0.5380880384094986,0.18879982837379236,0.21745237685328347,1.5409272351916985,0.1817298637986965,-0.2710053543685222,0.6887950807159493
326173.876751357,RECENTER,2.9900607130257413,6.071303505450487e-05,-0.5368647287708868,0.19007965209429933,0.21808331425955707,1.543462119478141,0.18251220012202438,-0.27217257953765106,0.6853224994277873,-0.537517100478485,0.1885995024499787,0.2172216491632542,1.5392922354431382,0.18153703945577426,-0.2707178043297328,0.6895497041904702
326173.886807954,RECENTER,3.0000584200024605,5.8420002460479736e-05,-0.5364811169604042,0.1896960402838168,0.21769970244907277,1.5419276722362092,0.18251220012202438,-0.27178896772716854,0.6860897230487524,-0.5369436505356097,0.1883982951324627,0.2169899063178767,1.5376500420251102,0.1813433667245942,-0.2704289891287094,0.6903076478562347
326173.896921808,RECENTER,3.010061295994092,6.129598477855325e-05,-0.5360975051499199,0.1896960402838168,0.21769970244907277,1.5400096131837948,0.18212858831154186,-0.27140535591668424,0.6872405584802017,-0.5363674072931374,0.18819610772535755,0.21675703464302656,1.5359998494115645,0.18114875060512248,-0.2701387670962883,0.6910692834985394
326173.906699283,RECENTER,3.0200559780350886,5.597801646217704e-05,-0.5360975051499199,0.1893124284733343,0.21731609063859025,1.5388587777523455,0.18174497650105934,-0.2710217441062017,0.6876241702906842,-0.5357891452079915,0.18799321196362806,0.21652334711257934,1.5343438754212972,0.18095345265669727,-0.2698475282838329,0.691833587497578
326173.916788661,RECENTER,3.0300807550083846,8.075498044490814e-05,-0.5360975051499199,0.1893124284733343,0.21693247882810773,1.5373243305104136,0.18174497650105934,-0.2706381322957192,0.688391393911651,-0.535206644396615,0.18778882895310708,0.21628794662620693,1.5326757629551209,0.18075672315230806,-0.26955415465807153,0.6926034939310352
326173.926940627,RECENTER,3.0400579440174624,5.794403841719031e-05,-0.5357138933394374,0.18892881666285177,0.2165488670176252,1.5354062714579992,0.18136136469057682,-0.2702545204852367,0.6895422293430986,-0.5346244288642354,0.18758454603889338,0.21605266142690932,1.5310084674448041,0.18056008999593168,-0.26926092471165275,0.6933730233038418
326173.937233645,RECENTER,3.0501036510104313,0.00010365102207288146,-0.5353302815289549,0.18892881666285177,0.2165488670176252,1.5334882124055849,0.18136136469057682,-0.2698709086747524,0.6895422293430986,-0.5340357191888723,0.18737798451413046,0.21581475181166745,1.5293225746026784,0.18036126355586257,-0.26896442402253956,0.6941511361538988
326173.946958613,RECENTER,3.06010400300147,0.0001040030037984252,-0.5349466697184724,0.18854520485236748,0.2165488670176252,1.531953765163653,0.18097775288009252,-0.26948729686426987,0.6903094529640654,-0.533447183811565,0.1871714841456109,0.2155769126338333,1.5276371808993594,0.18016249598192635,-0.26866801111777217,0.6949290186296937
326173.95712776,RECENTER,3.0703950580209494,0.0003950580139644444,-0.5345630579079899,0.18854520485236748,0.2161652552071427,1.5300357061112386,0.18097775288009252,-0.26948729686426987,0.6910766765850305,-0.5328389570262821,0.18695807462063213,0.2153311157554702,1.5258953967456257,0.1799570779778858,-0.26836168073367883,0.6957329277502385
326173.966937086,RECENTER,3.0800887070363387,8.870702004060149e-05,-0.533795834287023,0.18816159304188496,0.2161652552071427,1.5288848706797893,0.18059414106961,-0.26948729686426987,0.6914602883955148,-0.5322636457710723,0.186756214221419,0.2150986207157261,1.5242478730718312,0.17976277662088075,-0.26807192809198993,0.6964933315608012
326173.976973876,RECENTER,3.090067238023039,6.723799742758274e-05,-0.5334122224765405,0.18777798123140244,0.2157816433966584,1.5273504234378574,0.18059414106961,-0.2687200732433048,0.6922275120164798,-0.5316690063704875,0.18654757212428835,0.21485831477729647,1.522544999225783,0.17956194751938834,-0.2677724409263706,0.6972792818825106
326173.986739469,RECENTER,3.1000569100142457,5.691003752872348e-05,-0.5322613870450912,0.18739436942091992,0.2157816433966584,1.5258159761959256,0.18059414106961,-0.2687200732433048,0.6929947356374466,-0.5310712472069674,0.186337835390844,0.21461674807888498,1.5208331912884119,0.17936006477229727,-0.26747138250772284,0.698069355675824
326173.997312651,RECENTER,3.1100789420306683,7.894204463809729e-05,-0.5318777752346087,0.18739436942091992,0.21539803158617588,1.5250487525749605,0.18021052925912748,-0.267952849622338,0.6945291828793785,-0.5304690865608485,0.1861265543020156,0.21437340265137259,1.5191087787883535,0.17915669550111335,-0.2671681073043368,0.6988652470228698
326174.006815704,RECENTER,3.120059136999771,5.913700442761183e-05,-0.5307269398031593,0.18739436942091992,0.21501441977569336,1.5238979171435112,0.18021052925912748,-0.267952849622338,0.6952964065003435,-0.529866990036528,0.1859152957117073,0.21413008313678986,1.517384549914428,0.17895334788595016,-0.2668648643955745,0.6996610536184712
326174.016862793,RECENTER,3.1300588070298545,5.880702519789338e-05,-0.5303433279926768,0.18739436942091992,0.21501441977569336,1.5219798580910968,0.17982691744864496,-0.2675692378118555,0.6960636301213103,-0.5292612710976112,0.18570276611887657,0.21388529973041298,1.5156499475013967,0.17874877686334384,-0.26655979707578403,0.7004616480534164
326174.026798354,RECENTER,3.1400576769956388,5.7676981668919325e-05,-0.52957610437171,0.18739436942091992,0.21463080796521083,1.520445410849165,0.17944330563816066,-0.26718562600137297,0.6972144655527579,-0.5286531552222747,0.18548939550905172,0.21363954767302665,1.513908480961408,0.17854339631720614,-0.26625352255093154,0.7012654105814078
326174.036879277,RECENTER,3.1500582590233535,5.8259000070393085e-05,-0.528808880750745,0.1870107576104374,0.21424719615472654,1.518910963607233,0.17944330563816066,-0.26680201419088867,0.6983653009842072,-0.5280424935445907,0.18527513164940154,0.21339276680486585,1.512159723985853,0.1783371559706624,-0.2659459658454355,0.7020725379624047
326174.046807304,RECENTER,3.160060213995166,6.0214020777493715e-05,-0.5284252689402624,0.1870107576104374,0.21386358434424402,1.5169929045548187,0.17905969382767814,-0.26680201419088867,0.6998997482261391,-0.5274293099510786,0.1850599829210282,0.2131449667789616,1.5104037449787588,0.17813006389096867,-0.26563713898962227,0.7028829986249742
326174.056801314,RECENTER,3.1700580110191368,5.8011035434901714e-05,-0.5280416571297781,0.1866271457999531,0.2134799725337615,1.5150748455024043,0.17867608201719562,-0.26641840238040615,0.7006669718471041,-0.5268139489002179,0.18484407018464066,0.21289628679802747,1.5086415303687668,0.17792223641297739,-0.2653272154682855,0.7036963372894081
326174.066739961,RECENTER,3.180057021032553,5.702103953808546e-05,-0.5276580453192956,0.18624353398947058,0.21309636072327898,1.5127731746395057,0.17867608201719562,-0.26603479056992363,0.7018178072785535,-0.5261960853030098,0.18462727937573115,0.2126465954869528,1.506872149195779,0.17771356374354078,-0.2650160315519737,0.70451298363427
326174.076754078,RECENTER,3.190057692991104,5.769298877567053e-05,-0.5272744335088131,0.18624353398947058,0.21271274891279468,1.5100878919661245,0.1782924702067131,-0.2656511787594411,0.7029686427100028,-0.5255756948415571,0.1844096019618395,0.21239588301837842,1.5050955318204302,0.17750403766971265,-0.2647035749930994,0.705332969801155
326174.087143707,RECENTER,3.2001443760236725,0.00014437601203098893,-0.5268908216983306,0.18585992217898806,0.21232913710231216,1.50816983291371,0.1782924702067131,-0.2656511787594411,0.7033522545204853,-0.5249475175559974,0.18418919237226283,0.21214202373499064,1.5032966152514824,0.17729188173165536,-0.2643871966391361,0.7061632480154654
326174.096892609,RECENTER,3.2101096730330028,0.00010967301204800606,-0.5268908216983306,0.18547631036850554,0.21194552529182964,1.5058681620508132,0.1782924702067131,-0.2652675669489568,0.7041194781414521,-0.5243244871439807,0.18397058867460747,0.21189024440842286,1.5015124378275293,0.1770814640605008,-0.26407341048233907,0.7069867234734958
326174.106914131,RECENTER,3.220057827013079,5.7827041018754244e-05,-0.5265072098878463,0.18509269855802124,0.21194552529182964,1.5039501029983988,0.1779088583962288,-0.2648839551384743,0.705653925383384,-0.5237001411037174,0.18375152336032177,0.2116379334095843,1.4997244928279165,0.17687060205881855,-0.26375896171594343,0.7078119378315091
326174.116773099,RECENTER,3.230057408043649,5.7408062275499105e-05,-0.5265072098878463,0.1843254749370562,0.21156191348134712,1.502415655756467,0.17752524658574628,-0.26450034332799177,0.706421149004349,-0.5230701682801334,0.18353048376738754,0.21138334851257334,1.4979204343616468,0.17665783970906407,-0.26344167904821764,0.7086445892550057
326174.126836469,RECENTER,3.240067998995073,6.799900438636541e-05,-0.5265072098878463,0.18394186312657368,0.21117830167086282,1.5004975967040508,0.17714163477526376,-0.26450034332799177,0.7075719844357984,-0.522437097192502,0.18330835708148957,0.21112751154372067,1.4961075033706006,0.17644403097458589,-0.26312283595527103,0.7094813357344683
326174.136877667,RECENTER,3.250059465004597,5.946500459685922e-05,-0.5257399862668812,0.18355825131608938,0.2107946898603803,1.498963149462119,0.17675802296478124,-0.26411673151750925,0.7083392080567634,-0.5218028412869563,0.18308581467659607,0.21087119576572677,1.4942911794065419,0.17622982208849164,-0.26280339613469667,0.7103196482185041
326174.146779134,RECENTER,3.260057913023047,5.7913013733923435e-05,-0.5249727626459162,0.18355825131608938,0.2107946898603803,1.4970450904097046,0.17675802296478124,-0.26373311970702673,0.708722819867246,-0.5211657525088942,0.1828622782970985,0.21061373516603446,1.4924667429216634,0.1760146564490414,-0.26248252955202134,0.7111617049836345
326174.156817177,RECENTER,3.2700582949910313,5.829497240483761e-05,-0.5238219272144669,0.18279102769512434,0.2107946898603803,1.4951270313572902,0.17675802296478124,-0.26334950789654243,0.7094900434882128,-0.5205261542158082,0.18263786139996818,0.21035526042001715,1.490635119917533,0.17579864326459677,-0.2621603990646319,0.712007078639873
326174.16686654,RECENTER,3.2800588970421813,5.88970142416656e-05,-0.522287479972535,0.18279102769512434,0.21041107804989778,1.4932089723048758,0.17675802296478124,-0.2629658960860599,0.7102572671091778,-0.5198841602042015,0.18241260391316988,0.21009581751516818,1.4887966362741523,0.1755818209679449,-0.26183706198556916,0.7128556187794293
326174.176792242,RECENTER,3.29006125300657,6.125302752479911e-05,-0.5211366445410857,0.18240741588464182,0.21041107804989778,1.491674525062944,0.17637441115429695,-0.2625822842755774,0.7110244907301446,-0.5192396763113938,0.1821864727976903,0.20983536839842337,1.4869510223370626,0.17536415775728034,-0.2615124708902692,0.7137074498595608
326174.186744194,RECENTER,3.3000573170138523,5.731702549383044e-05,-0.5199858091096363,0.18240741588464182,0.21002746623941526,1.4909073014419771,0.17637441115429695,-0.2621986724650949,0.7114081025406271,-0.5185932276309467,0.1819596522939645,0.20957412527082592,1.4850997818211074,0.17514583097380876,-0.261186890239483,0.714561877850485
326174.196905657,RECENTER,3.310063850018196,6.385002052411437e-05,-0.5184513618677045,0.18240741588464182,0.21002746623941526,1.4893728542000453,0.17599079934381442,-0.2618150606546106,0.7125589379720765,-0.5179437338547164,0.18173176335251062,0.20931165155776926,1.4832398210387803,0.17492647576226877,-0.2608597759414069,0.7154203306235011
326174.206749016,RECENTER,3.3200575800146908,5.758000770583749e-05,-0.5176841382467394,0.18240741588464182,0.21002746623941526,1.4878384069581152,0.1756071875333319,-0.26143144884412806,0.7133261615930415,-0.5172927114837584,0.1815033380705295,0.20904856010833306,1.481375482806893,0.1747066042944811,-0.2605318917742272,0.7162808037798228
326174.217571654,RECENTER,3.3308150460361503,0.0008150460198521614,-0.5169169146257726,0.18240741588464182,0.20964385442893096,1.4863039597161833,0.17522357572284938,-0.26104783703364554,0.7140933852140083,-0.5165893076729412,0.18125653362724117,0.2087643002481771,1.4793611394057096,0.17446904190763982,-0.2601776259563544,0.7172105108440704
326174.227250155,RECENTER,3.3401106520323083,0.00011065200669690967,-0.5165333028152901,0.18202380407415752,0.20926024261844844,1.485153124284734,0.1748399639123651,-0.26104783703364554,0.7152442206454577,-0.5159793005699846,0.18104249943929412,0.2085177839070457,1.4776142569412998,0.17426302263231044,-0.2598703989241522,0.718016773056669
326174.236832025,RECENTER,3.350057594012469,5.7594035752117634e-05,-0.515766079194325,0.18202380407415752,0.20887663080796592,1.4832350652323196,0.1748399639123651,-0.260664225223163,0.7160114442664227,-0.5153243064106099,0.18081268056942795,0.208253087376712,1.4757385446655626,0.1740418097621564,-0.2595405143855638,0.7188824958287763
326174.246825484,RECENTER,3.3600670029991306,6.700301310047507e-05,-0.5153824673838425,0.18202380407415752,0.20887663080796592,1.480933394369421,0.17445635210188257,-0.2598970016021962,0.717162279697872,-0.5146628619038883,0.18058059845565905,0.2079857841291462,1.4738443604759495,0.17381841839952322,-0.25920738116173475,0.719756744192305
326174.256927505,RECENTER,3.3700582180172205,5.8218021877110004e-05,-0.5146152437628757,0.18202380407415752,0.20887663080796592,1.478631723506524,0.17368912848091753,-0.2598970016021962,0.7179295033188371,-0.5140002872016524,0.1803481197883452,0.20771802414646767,1.4719469397359488,0.17359464533303823,-0.2588736787205769,0.720632486364564
326174.266826749,RECENTER,3.380063207994681,6.320799002423882e-05,-0.5142316319523932,0.181640192263675,0.2084930189974834,1.4755628290226603,0.17368912848091753,-0.25912977798123116,0.7186967269398039,-0.5133344692791817,0.18011450316705357,0.2074489535121887,1.4700402313589211,0.17336977692540184,-0.2585383428477383,0.721512515185142
326174.276860303,RECENTER,3.3900598740438,5.987402983009815e-05,-0.5138480201419107,0.18125658045319248,0.2084930189974834,1.4732611581597617,0.17368912848091753,-0.25874616617074686,0.7183131151293196,-0.5126668823975844,0.17988026586818567,0.2071791680053625,1.4681284571987843,0.17314431108262807,-0.2582021160474663,0.7223948820848874
326174.286855004,RECENTER,3.4000601849984378,6.0184975154697895e-05,-0.5134644083314264,0.18087296864270996,0.2081094071869991,1.4705758754863822,0.17368912848091753,-0.25874616617074686,0.7190803387502864,-0.5119967344653944,0.17964512996931586,0.2069083475256344,1.466209348936554,0.1729179802896191,-0.25786459938684825,0.7232806339916393
326174.29726418,RECENTER,3.4100693039945327,6.930402014404535e-05,-0.5130807965209438,0.18010574502174315,0.2077257953765166,1.4686578164339679,0.17368912848091753,-0.25874616617074686,0.719463950560769,-0.5113236807832477,0.1794089745252156,0.2066363527729444,1.4642819194537664,0.1726906681301679,-0.25752561925977024,0.724170226503489
326174.306970142,RECENTER,3.420062843011692,6.284302799031138e-05,-0.5126971847104613,0.1793385214007781,0.2077257953765166,1.4667397573815517,0.173305516670435,-0.25836255436026434,0.7206147859922183,-0.5106493693148615,0.17917237775960432,0.2063638497231211,1.4623508880379599,0.17246293117531952,-0.2571860056549317,0.7250614814640405
326174.316762986,RECENTER,3.430057213990949,5.7213997934013605e-05,-0.5123135728999788,0.1789549095902938,0.20695857175555155,1.4652053101396199,0.1729219048599507,-0.2579789425497818,0.7213820096131833,-0.5099727034810588,0.17893495491395628,0.206090395226101,1.460413114406135,0.1722343990745546,-0.2568452062857043,0.7259558482504392
326174.326867403,RECENTER,3.440104392997455,0.00010439299512654543,-0.5119299610894945,0.1785712977798113,0.20657495994506903,1.4632872510872055,0.1725382930494682,-0.2579789425497818,0.7229164568551152,-0.5092901515361506,0.17869546679889659,0.20581456203124904,1.4584584846684978,0.1720038790422745,-0.25650144240600253,0.7268579948625818
326174.33673712,RECENTER,3.4500562240136787,5.622400203719735e-05,-0.510779125658047,0.1785712977798113,0.2058077363241022,1.4617528038452736,0.1725382930494682,-0.257211718928815,0.7233000686655995,-0.5086117988408407,0.17845745208139796,0.2055404258390081,1.4565158803572062,0.17177477723341336,-0.2561597934573979,0.7277545912175948
326174.346905196,RECENTER,3.4600576480152085,5.764799425378442e-05,-0.5100119020370801,0.1785712977798113,0.2054241245136197,1.4609855802243086,0.17215468123898567,-0.2568281071183325,0.724450904097047,-0.5079277872598239,0.17821745182143423,0.20526400277536422,1.4545570706473847,0.1715437642344581,-0.25581529443925666,0.7286586670686477
326174.356742814,RECENTER,3.4700578200281598,5.782005609944463e-05,-0.5084774547951483,0.17818768596932877,0.20504051270313717,1.45868390936141,0.17177106942850315,-0.25644449530784996,0.7256017395284964,-0.5072415835257866,0.17797668239716188,0.204986693817869,1.4525919832505458,0.17131201087399808,-0.25546969135419006,0.7295656403452158
326174.36695968,RECENTER,3.480061228037812,6.122805643826723e-05,-0.5069430075532164,0.17818768596932877,0.20504051270313717,1.457149462119478,0.17177106942850315,-0.25606088349736744,0.7259853513389789,-0.5065528849648065,0.17773503760888776,0.20470837664980257,1.450619751396836,0.17107941492918727,-0.255122831761988,0.7304759110992742
326174.37715712,RECENTER,3.4901037490344606,0.00010374904377385974,-0.5057921721217689,0.17780407415884625,0.20465690089265287,1.4552314030670637,0.17138745761801885,-0.25567727168688315,0.7267525749599457,-0.5058592131822546,0.17749164785824273,0.2044280497012277,1.4486332776867386,0.1708451393654026,-0.2547734674315681,0.7313927550892981
326174.387188291,RECENTER,3.500105915009044,0.00010591500904411077,-0.505024948500802,0.17780407415884625,0.20465690089265287,1.4533133440146493,0.17138745761801885,-0.2552936598764006,0.7275197985809108,-0.5051660638150067,0.1772484414083082,0.2041479338713573,1.4466483000217354,0.17061104023828866,-0.254424366213008,0.7323089085894623
326174.396869157,RECENTER,3.5100771030411124,7.71030317991972e-05,-0.5038741130693527,0.17742046234836373,0.20465690089265287,1.4517788967727174,0.1706202339970538,-0.2549100480659181,0.7282870222018776,-0.5044728173052447,0.17700520087382118,0.203867778784211,1.4446630441688988,0.1703769083029824,-0.2540752160691057,0.7332251904854075
326174.407067179,RECENTER,3.520064571988769,6.45719701424241e-05,-0.5031068894483877,0.17703685053787943,0.20465690089265287,1.450628061341268,0.1706202339970538,-0.2549100480659181,0.7294378576333251,-0.503776199069151,0.17676077729621242,0.2035862611135234,1.442668132675046,0.17014163762582854,-0.25372436777206836,0.7341459288795134
326174.416755669,RECENTER,3.530058964039199,5.8964011259377e-05,-0.5023396658274208,0.17703685053787943,0.20427328908217035,1.4487100022888537,0.1706202339970538,-0.2545264362554356,0.730972304875257,-0.5030768601798628,0.17651539911857622,0.2033036439712595,1.4406654300237873,0.16990544809544025,-0.2533721492316312,0.7350702632315251
326174.42680866,RECENTER,3.540064867003821,6.486702477559447e-05,-0.5019560540169383,0.17703685053787943,0.20388967727168783,1.4464083314259568,0.1702366221865713,-0.25414282444495306,0.7321231403067063,-0.5023744796693229,0.1762689537223266,0.20301979764766576,1.4386540170562037,0.16966823131044623,-0.2530183987938348,0.7359986177732496
326174.436811788,RECENTER,3.550057595013641,5.759502528235316e-05,-0.5015724422064558,0.17703685053787943,0.2035060654612053,1.4441066605630581,0.16946939856560447,-0.25375921263446877,0.7328903639276731,-0.5016707972486651,0.17602205152274875,0.20273542519557747,1.4366388757976798,0.1694305748279835,-0.2526639926555067,0.736928693083351
326174.446765694,RECENTER,3.560057747992687,5.7747995015233755e-05,-0.5011888303959733,0.1766532387273969,0.203122453650721,1.4410377660791944,0.16946939856560447,-0.25337560082398625,0.7336575875486382,-0.5009643705444629,0.17577418643192402,0.20244994372240532,1.434615875711319,0.16919199151154715,-0.25230820437247103,0.7378623955842045
326174.456779933,RECENTER,3.570057459990494,5.745998350903392e-05,-0.500805218585489,0.1766532387273969,0.2027388418402385,1.438352483405815,0.16908578675512195,-0.2526083772030212,0.7340411993591207,-0.5002557592797242,0.17552555484077803,0.20216357942365995,1.4325866196806016,0.16895267039783535,-0.25195131584642677,0.73879898547539
326174.466935245,RECENTER,3.580058994994033,5.899497773498297e-05,-0.5004216067750065,0.17588601510643187,0.20235523002975597,1.4352835889219513,0.16870217494463943,-0.2522247653925369,0.734424811169605,-0.49954480899884546,0.1752761025552209,0.2018762698806741,1.4305506653897175,0.16871255932215776,-0.2515932492865801,0.739738666904886
326174.477874502,RECENTER,3.5912201960454695,0.0012201960198581219,-0.5004216067750065,0.17550240329594757,0.20197161821927345,1.4329819180590526,0.16870217494463943,-0.2522247653925369,0.7348084229800875,-0.49874882356866385,0.17499681384802246,0.20155459589541844,1.4282711952275333,0.1684437291057489,-0.2511923551982889,0.740790741497172
326174.486989582,RECENTER,3.600105535995681,0.00010553601896390319,-0.500037994964524,0.17473517967498253,0.20197161821927345,1.4306802471961557,0.16870217494463943,-0.2518411535820544,0.7355756466010526,-0.4981131903096003,0.1747737881688518,0.2012977235007097,1.4264509269246366,0.16822905504249153,-0.25087222168049117,0.7416308744650832
326174.496940101,RECENTER,3.610060824023094,6.0824037063866854e-05,-0.4996543831540414,0.17396795605401572,0.20158800640878916,1.4291457999542239,0.16870217494463943,-0.25145754177157187,0.7367264820325019,-0.49739896248869925,0.17452318588747703,0.20100908943679566,1.4244055867148615,0.16798783703475206,-0.250512504403974,0.7425748879042517
326174.506838584,RECENTER,3.620057230000384,5.723000504076481e-05,-0.49927077134355713,0.17396795605401572,0.20120439459830664,1.4272277409018095,0.16831856313415514,-0.25107392996108935,0.737493705653467,-0.4966796076324497,0.1742707846748405,0.20071838343308152,1.4223455641708949,0.16774488746011448,-0.25015020492169804,0.7435256778790442
326174.516768956,RECENTER,3.6300582740223035,5.827401764690876e-05,-0.4985035477225921,0.1735843442435332,0.2004371709773416,1.4256932936598776,0.16831856313415514,-0.25107392996108935,0.7386445410849163,-0.4959577425776203,0.1740175027047308,0.20042666300680337,1.420278353150171,0.16750109010962339,-0.24978664119043847,0.7444797856484187
326174.526723132,RECENTER,3.6400584970251657,5.8497011195868254e-05,-0.49773632410162527,0.1735843442435332,0.2004371709773416,1.4237752346074615,0.16793495132367262,-0.25069031815060505,0.7401789883268481,-0.4952337668173391,0.17376348014795384,0.20013408960130147,1.4182050976845162,0.16725657990512532,-0.24942201441291492,0.745436683191944
326174.536872934,RECENTER,3.650059440988116,5.9440964832901955e-05,-0.4965854886701777,0.17320073243305067,0.2004371709773416,1.421857175555047,0.1675513395131901,-0.25030670634012253,0.740946211947815,-0.4945075755071525,0.17350868021756508,0.19984062084678866,1.4161254975299884,0.16701132143723207,-0.24905627178474174,0.7463965090852543
326174.546789891,RECENTER,3.660057419037912,5.741906352341175e-05,-0.4958182650492109,0.17320073243305067,0.2004371709773416,1.4199391165026327,0.1675513395131901,-0.2495394827191575,0.7420970473792625,-0.49377944388502537,0.1732531994867585,0.19954636797255343,1.4140403408878588,0.16676540766277276,-0.24868955192814585,0.7473588995391915
326174.556781508,RECENTER,3.6700582330231555,5.823303945362568e-05,-0.49428381780727904,0.17320073243305067,0.2004371709773416,1.4187882810711834,0.16716772770270757,-0.2495394827191575,0.7432478828107119,-0.4930489563005365,0.17299689211559238,0.19925116300576318,1.4119484374565254,0.16651869820305648,-0.24832164550286762,0.7483244039296999
326174.566876558,RECENTER,3.6800647570053115,6.475701229646802e-05,-0.4927493705653472,0.17281712062256815,0.2004371709773416,1.416870222018769,0.16716772770270757,-0.2491558709086732,0.7447823300526437,-0.4923159069648305,0.17273968589859506,0.1989549227829343,1.4098491979167145,0.16627112355648127,-0.24795244886437734,0.7492932942532481
326174.576842206,RECENTER,3.690058428037446,5.8428035117685795e-05,-0.49198214694438214,0.17281712062256815,0.2000535591668573,1.4149521629663546,0.16678411589222328,-0.24877225909819067,0.745933165484093,-0.49158166497020844,0.17248206121141701,0.198658200582255,1.407746542949548,0.16602314611012814,-0.2475826515491778,0.7502637609450253
326174.586772918,RECENTER,3.7000573269906454,5.7326979003846645e-05,-0.4912149233234153,0.17281712062256815,0.2000535591668573,1.4134177157244228,0.16640050408174076,-0.24877225909819067,0.7474676127260249,-0.49084491131762087,0.17222355525470878,0.19836046336924418,1.4056366953263693,0.16577432039503942,-0.24721158924998238,0.7512375473602922
326174.59694936,RECENTER,3.7100263420143165,2.6341993361711502e-05,-0.4904476997024503,0.17281712062256815,0.19966994735637478,1.4114996566720084,0.16640050408174076,-0.24800503547722563,0.7490020599679568,-0.4901082480106637,0.1719650809977194,0.1980627626667496,1.4035271064267312,0.16552552519261393,-0.2468405724529127,0.7522112143633957
326174.606802789,RECENTER,3.720059757004492,5.975703243166208e-05,-0.4904476997024503,0.17243350881208386,0.19928633554589226,1.409581597619594,0.16601689227125824,-0.24762142366674134,0.7505365072098886,-0.48936470401654997,0.1717041925027958,0.19776228133790807,1.4013978132454894,0.16527440615793323,-0.24646609023210547,0.7531939757492107
326174.617236942,RECENTER,3.73005870700581,5.8707024436444044e-05,-0.4904476997024503,0.17243350881208386,0.19851911192492544,1.4072799267566953,0.16563328046077572,-0.24723781185625882,0.7520709544518205,-0.48862160352073414,0.17144345961884397,0.1974619792357955,1.3992697901140487,0.16502343690707882,-0.24609183137700205,0.7541761509518202
326174.627225262,RECENTER,3.7401052160421386,0.00010521605145186186,-0.49006408789196776,0.17204989700160134,0.19813550011444292,1.4042110322728316,0.16524966865029142,-0.2468542000457763,0.753221789883268,-0.48787285374229883,0.1711807445618779,0.19715939414308392,1.3971255890845198,0.1647705597094058,-0.24571472728890892,0.75516579295782
326174.636927488,RECENTER,3.7500798610271886,7.986102718859911e-05,-0.49006408789196776,0.17166628519111882,0.1977518883039604,1.4019093614099347,0.16524966865029142,-0.24647058823529377,0.7539890135042349,-0.48712736993640077,0.17091917544202714,0.19685812889664336,1.3949907408479783,0.1645187855370781,-0.24533926809158024,0.7561511182431924
326174.64696501,RECENTER,3.7600582020240836,5.82020147703588e-05,-0.48968047608148346,0.1712826733806363,0.1977518883039604,1.3992240787365535,0.1648660568398089,-0.24608697642480948,0.7547562371251999,-0.48637953350842517,0.17065678085382777,0.19655591290752483,1.3928491553878326,0.16426621680761624,-0.24496262400788668,0.7571395530501956
326174.656764407,RECENTER,3.7700576630304568,5.766301183030009e-05,-0.48968047608148346,0.17051544975966948,0.19736827649347788,1.3961551842526898,0.1648660568398089,-0.24608697642480948,0.7559070725566492,-0.48562803810622374,0.17039310243536915,0.19625221825211855,1.3906970916924632,0.1640124123233332,-0.24458413710009014,0.7581328240183531
326174.66676429,RECENTER,3.7800580260227434,5.8025994803756475e-05,-0.48929686427100094,0.17013183794918696,0.19698466468299536,1.393853513389793,0.1648660568398089,-0.24570336461432696,0.7562906843671318,-0.48487440364105305,0.17012867348039484,0.19594765915763596,1.3885389023445023,0.16375788540778552,-0.2442045728639075,0.7591289222415282
326174.677088928,RECENTER,3.790064881031867,6.488105282187462e-05,-0.4885296406500359,0.16974822613870444,0.19698466468299536,1.3915518425268942,0.16448244502932638,-0.24531975280384444,0.7566742961776143,-0.4841182139182435,0.16986334795800173,0.19564206743130247,1.3863733954837782,0.16350249549847184,-0.2438237216849711,0.7601283978150122
326174.686790202,RECENTER,3.800057710031979,5.7710043620318174e-05,-0.4877624170290691,0.16936461432822014,0.19660105287251106,1.3892501716639973,0.16448244502932638,-0.24493614099336192,0.7574415197985811,-0.48336102915816515,0.16959767330525793,0.19533607359006636,1.3842050391264697,0.16324676953264994,-0.24344236936048155,0.7611291885550673
326174.696980851,RECENTER,3.8101169430301525,0.00011694303248077631,-0.4866115815976215,0.16898100251773762,0.19621744106202677,1.3877157244220655,0.16409883321884386,-0.2445525291828794,0.758975967040513,-0.48259674628864474,0.16932950812726774,0.19502721125769282,1.3820163558535328,0.16298864630398247,-0.24305744210860583,0.762139361050509
326174.70737009,RECENTER,3.8200616120011546,6.161199416965246e-05,-0.4858443579766547,0.16898100251773762,0.19583382925154424,1.385797665369651,0.16371522140836134,-0.2441689173723951,0.759743190661478,-0.48183913718958793,0.1690636845860139,0.19472104593240044,1.3798467843131275,0.16273277702506073,-0.24267587606790814,0.7631407126504
326174.716773578,RECENTER,3.830058027000632,5.8026984333992004e-05,-0.48507713435568967,0.16898100251773762,0.19583382925154424,1.383879606317235,0.16333160959787704,-0.24340169375143006,0.7608940260929273,-0.481075558696519,0.16879576655373899,0.19441246825295105,1.3776601181689507,0.16247489168727253,-0.2422913035717159,0.764149954153213
326174.726763631,RECENTER,3.8400793690234423,7.936899783089757e-05,-0.4835426871137578,0.16898100251773762,0.19545021744106172,1.3823451590753049,0.16333160959787704,-0.24340169375143006,0.7620448615243767,-0.480308043605165,0.16852646728079798,0.19410229971365583,1.3754621787552002,0.16221567683197208,-0.24190474842744916,0.7651643987601014
326174.736880312,RECENTER,3.850092765991576,9.276601485908031e-05,-0.48200823987182595,0.16898100251773762,0.19545021744106172,1.3804271000228887,0.16294799778739452,-0.24301808194094754,0.7624284733348592,-0.4795391119986986,0.16825667099288727,0.19379155873164486,1.3732601828552242,0.16195598357336205,-0.24151747986241745,0.7661807156117607
326174.746872449,RECENTER,3.8600633030291647,6.330304313451052e-05,-0.4804737926298941,0.1685973907072551,0.19545021744106172,1.3777418173495093,0.162564385976912,-0.24263447013046324,0.7635793087663085,-0.4787714680116587,0.16798732649410655,0.1934813381029679,1.3710618743218153,0.16169672518578854,-0.241130859800482,0.767195330583421
326174.756778165,RECENTER,3.8700584770413116,5.8477045968174934e-05,-0.47855573357747794,0.1685973907072551,0.1950666056305792,1.375056534676128,0.16218077416642948,-0.24225085831998072,0.7643465323872736,-0.47799992813664277,0.1677166150387523,0.19316954306631326,1.3688524091012861,0.16143615102990064,-0.24074227759401595,0.7682150948512853
326174.766881651,RECENTER,3.8800650209886953,6.50209840387106e-05,-0.47663767452506356,0.16821377889677258,0.1946829938200949,1.3727548638132294,0.16218077416642948,-0.2418672465094982,0.7647301441977579,-0.477225513392476,0.16744489487336636,0.1928565862362617,1.3666347110938228,0.16117460593702493,-0.24035224747405365,0.7692386589082851
326174.776834735,RECENTER,3.8900589719996788,5.897198570892215e-05,-0.4751032272831317,0.16821377889677258,0.1946829938200949,1.3704531929503307,0.16218077416642948,-0.2418672465094982,0.7658809796292054,-0.47645008641787145,0.16717281954503443,0.1925432203431965,1.3644141143535529,0.16091271898094753,-0.23996170754928453,0.7702635608565135
326174.787652134,RECENTER,3.9009199420106597,0.0009199419873766601,-0.47395239185168414,0.16821377889677258,0.19391577019912987,1.3681515220874338,0.16179716235594518,-0.24148363469901568,0.7666482032501722,-0.47560514544753685,0.16687635372755097,0.1922017624233307,1.361994449799837,0.16062735488344648,-0.23953615724758515,0.7713803412562095
326174.796729964,RECENTER,3.9100581250386313,5.81250642426312e-05,-0.47356878004119984,0.16783016708629006,0.19353215838864735,1.367384298466467,0.16141355054546266,-0.24110002288853138,0.7677990386816198,-0.47489242852197755,0.166626281576491,0.1919137389431126,1.3599534363537424,0.16038664715429538,-0.23917720092596428,0.7723223577058096
326174.806849129,RECENTER,3.9200594490393996,5.944905569776893e-05,-0.4731851682307173,0.16783016708629006,0.19314854657816305,1.3650826276035701,0.16102993873498014,-0.24071641107804886,0.7689498741130691,-0.47411051247158553,0.16635192941554522,0.1915977506818607,1.357714256792636,0.1601225686258825,-0.23878339281056876,0.7733558364338439
326174.816783708,RECENTER,3.9300579390255734,5.7939032558351755e-05,-0.4728015564202348,0.16744655527580576,0.19276493476768053,1.3631645685511558,0.16064632692449762,-0.24033279926756634,0.769717097734036,-0.47332686182107403,0.16607696863262406,0.19128106143323872,1.3554701098425972,0.1598579042664885,-0.23838871107248227,0.7743916078278548
326174.826817854,RECENTER,3.940063451009337,6.345100700855255e-05,-0.4728015564202348,0.16706294346532324,0.192381322957198,1.360862897688257,0.16026271511401333,-0.239181963836117,0.770484321355001,-0.47254071083354265,0.16580113055237136,0.19096336174731082,1.3532188026564338,0.15959239546181114,-0.23799277005213765,0.7754306839821676
326174.83689974,RECENTER,3.9500605380162597,6.0538004618138075e-05,-0.4728015564202348,0.16667933165484072,0.1919977111467155,1.3585612268253602,0.16026271511401333,-0.23956557564659953,0.7712515449759678,-0.4717532816219115,0.1655248439795423,0.19064514550489253,1.3509638350091793,0.15932645495920525,-0.23759618526060614,0.7764714495984326
326174.84717176,RECENTER,3.9600667920312844,6.679201032966375e-05,-0.4728015564202348,0.1659121080338739,0.1919977111467155,1.3562595559624615,0.1598791033035308,-0.239181963836117,0.7716351567864503,-0.4709631963769386,0.16524762547995914,0.19032585590510162,1.3487012612569353,0.15905961742759483,-0.23719826277114123,0.7775157257628672
326174.85677993,RECENTER,3.970057867001742,5.7867029681801796e-05,-0.4728015564202348,0.16552849622339139,0.1916140993362312,1.3539578850995646,0.16026271511401333,-0.23879835202563449,0.7720187685969329,-0.47017238725898736,0.1649701529938824,0.19000627377344143,1.3464366145435631,0.1587925354204927,-0.23679997570666433,0.7785609586889959
326174.866867255,RECENTER,3.9800614760024473,6.14760210737586e-05,-0.4724179446097523,0.16514488441290887,0.1916140993362312,1.3520398260471502,0.1598791033035308,-0.23879835202563449,0.7731696040283822,-0.46937866962210917,0.16469165999102212,0.18968551624982188,1.34416363868011,0.1585244711117769,-0.23640022378114944,0.7796100358800423
326174.877169582,RECENTER,3.9900641730055213,6.41730148345232e-05,-0.47165072098878547,0.16476127260242635,0.1916140993362312,1.349354543373769,0.15949549149304829,-0.23841474021515197,0.7750876630807966,-0.46858311514037176,0.16441252249140778,0.18936401641964273,1.3418854026286053,0.1582557864406998,-0.23599954673789092,0.7806615408765899
326174.886896564,RECENTER,4.000057924014982,5.792401498183608e-05,-0.47049988555733613,0.16437766079194205,0.19123048752574867,1.3466692607003878,0.15911187968256577,-0.23803112840466767,0.7762384985122459,-0.46778637380264365,0.1641329685576946,0.18904203695669397,1.3396037677676311,0.15798670092968173,-0.2355982719405375,0.7817146145714896
326174.89718726,RECENTER,4.010105525027029,0.00010552501771599054,-0.46934905012588857,0.16437766079194205,0.19084687571526615,1.344367589837491,0.15872826787208147,-0.23764751659418515,0.777005722133211,-0.46698343475233184,0.1638512400224505,0.18871755287138572,1.3373043844650743,0.15771552224917598,-0.2351938756961808,0.7827758799438902
326174.90695608,RECENTER,4.0200578680378385,5.7868019212037325e-05,-0.46858182650492175,0.16399404898145953,0.19046326390478363,1.3412986953536272,0.15872826787208147,-0.2368802929732201,0.7785401693751428,-0.4661862337119037,0.16357152479210058,0.1883953876331778,1.3350214331496166,0.15744628148157702,-0.23479236937185738,0.7838295612397741
326174.916788679,RECENTER,4.030058592034038,5.859200609847903e-05,-0.4674309910734742,0.16399404898145953,0.19007965209429933,1.338613412680246,0.15834465606159895,-0.2364966811627358,0.7793073929961096,-0.46538328646816746,0.16328979338201627,0.18807090023673925,1.3327220263834814,0.15717510003388485,-0.23438796900092335,0.7848908374416363
326174.926738317,RECENTER,4.04005731100915,5.7311030104756355e-05,-0.46666376745250737,0.163610437170977,0.1896960402838168,1.3359281300068666,0.15796104425111643,-0.2361130693522533,0.7800746166170747,-0.4645786337683029,0.16300746357575632,0.18774572363061331,1.3304177356883065,0.15690334259808703,-0.23398270968552404,0.785954367789106
326174.936976044,RECENTER,4.050015093991533,1.5094003174453974e-05,-0.464745708400093,0.163610437170977,0.1893124284733343,1.3340100709544505,0.15796104425111643,-0.2361130693522533,0.781225452048524,-0.46377542892970286,0.1627256417829417,0.1874211321348241,1.3281175912455963,0.1566320741522158,-0.2335781795782228,0.7870159844607822
326174.946810627,RECENTER,4.060058597999159,5.859800148755312e-05,-0.46359487296864366,0.1632268253604945,0.18892881666285177,1.3317084000915536,0.1575774324406339,-0.23572945754177077,0.7823762874799733,-0.4629634516425692,0.1624407419867905,0.18709299551324074,1.325792325068337,0.1563578429646306,-0.2331692312710103,0.7880891959052576
326174.956797344,RECENTER,4.0700582200079225,5.822000093758106e-05,-0.4628276493476786,0.1628432135500102,0.18854520485236748,1.3294067292286567,0.1575774324406339,-0.23496223392080573,0.7835271229114209,-0.4621531766593252,0.16215643948078384,0.18676554682746072,1.3234719337930252,0.15608418670053734,-0.23276114032065387,0.7891601573705213
326174.966739127,RECENTER,4.0800578410271555,5.7841010857373476e-05,-0.4616768139162293,0.1628432135500102,0.18777798123140244,1.3278722819867248,0.1568102088196671,-0.23457862211032143,0.7842943465323877,-0.4613410689197602,0.1618714939125751,0.1864373574873829,1.3211462940380425,0.15580991145491535,-0.23235212631172553,0.7902335412373593
326174.976773714,RECENTER,4.090060298040044,6.029801443219185e-05,-0.46129320210574676,0.16245960173952767,0.18739436942091992,1.3255706111238261,0.1568102088196671,-0.2341950102998389,0.7858287937743196,-0.4605269057738197,0.16158582716057637,0.18610833751556863,1.3188147681985585,0.15553494203158638,-0.23194207710763698,0.7913096417881246
326174.986852784,RECENTER,4.100057695002761,5.76950260438025e-05,-0.46090959029526246,0.16207598992904515,0.1870107576104374,1.3236525520714117,0.15642659700918457,-0.2338113984893564,0.7869796292057671,-0.45971133910056233,0.16129966795065687,0.1857787503496722,1.3164792230661082,0.1552594985913495,-0.23153132102402177,0.7923875974173544
326174.996724687,RECENTER,4.110060853010509,6.085302447900176e-05,-0.46090959029526246,0.16207598992904515,0.1870107576104374,1.3225017166399624,0.15604298519870205,-0.23342778667887387,0.7881304646372165,-0.4588934945500375,0.16101270949822233,0.18544824264700369,1.3141371547573943,0.15498328583773635,-0.23111941769889216,0.7934685637760608
326175.00680025,RECENTER,4.1200628990191035,6.289902376011014e-05,-0.46052597848477994,0.16169237811856263,0.1870107576104374,1.319816433966583,0.15565937338821775,-0.23266056305790705,0.7896649118791483,-0.45807394143197644,0.16072515155790743,0.1851170444772643,1.3117901936094765,0.15470649604519374,-0.23070665386225225,0.7945517883928027
326175.017163491,RECENTER,4.130059936025646,5.9936020988970995e-05,-0.46052597848477994,0.16169237811856263,0.1866271457999531,1.3175147631036843,0.15604298519870205,-0.23227695124742453,0.7908157473105977,-0.4572530093800854,0.1604371097888287,0.18478528905217362,1.309439283597167,0.1544292405417651,-0.23029319553247252,0.7956368355821598
326175.026705037,RECENTER,4.140056181000546,5.61809865757823e-05,-0.4597587548638149,0.16169237811856263,0.1866271457999531,1.3148294804303031,0.15565937338821775,-0.23189333943694201,0.791966582742047,-0.4564303623614555,0.1601484662865709,0.18445284057396344,1.3070834624202032,0.15415140583818776,-0.22987887346825608,0.7967241494875448
326175.036787794,RECENTER,4.150057546037715,5.754601443186402e-05,-0.4597587548638149,0.16130876630807833,0.1866271457999531,1.3125278095674062,0.15565937338821775,-0.23189333943694201,0.792733806363012,-0.4556055214182938,0.15985905299843145,0.18411950548599793,1.30472135848313,0.15387283017480854,-0.22946344644490146,0.7978143631598974
326175.048205434,RECENTER,4.161413361027371,0.0014133610529825091,-0.4589915312428481,0.1609251544975958,0.18624353398947058,1.309842526894025,0.15527576157773523,-0.23150972762645772,0.7942682536049439,-0.45466683681688247,0.15952969520009155,0.1837401638483436,1.3020332395057128,0.15355580579852124,-0.22899068263138556,0.7990550469486567
326175.056702379,RECENTER,4.17005621700082,5.6217017117887735e-05,-0.4574570840009162,0.1605415426871133,0.18585992217898806,1.3067736324101613,0.1548921497672527,-0.2311261158159752,0.795035477225909,-0.453950892160894,0.15927849052998722,0.1834508359762722,1.2999829827808775,0.15331400795963088,-0.22863010067944717,0.8000013295732977
326175.066853323,RECENTER,4.180060708022211,6.070802919566631e-05,-0.4566898603799512,0.16015793087663077,0.18585992217898806,1.3044719615472644,0.1548921497672527,-0.23074250400549268,0.7969535362783251,-0.45312052593404717,0.15898713857654206,0.18311526800821207,1.2976050560425063,0.1530335662279136,-0.22821189087454713,0.8010988461564323
326175.076771131,RECENTER,4.19005755399121,5.755398888140917e-05,-0.45553902494850185,0.16015793087663077,0.18509269855802124,1.3014030670634007,0.1548921497672527,-0.23035889219501016,0.798487983520257,-0.45228905743653347,0.15869539986758877,0.1827792545900409,1.295223972722368,0.15275275222347537,-0.22779312591652834,0.8021978196393023
326175.086818292,RECENTER,4.20006166404346,6.16640318185091e-05,-0.4547718013275368,0.16015793087663077,0.1843254749370562,1.2987177843900195,0.1545085379567702,-0.22997528038452586,0.7996388189517045,-0.4514552556437393,0.15840284247151168,0.18244229823954564,1.2928362075249367,0.15247115018919213,-0.22737318580598953,0.8032998770990738
326175.096881221,RECENTER,4.210061185003724,6.118498276919127e-05,-0.45323735408560495,0.15977431906614648,0.18394186312657368,1.29603250171664,0.15412492614628767,-0.22920805676356082,0.8007896543831539,-0.450620116719884,0.15810981591407658,0.1821048015270526,1.290444613174055,0.15218909656218005,-0.22695257225606685,0.8044037018796564
326175.106773542,RECENTER,4.220057310012635,5.7310040574520826e-05,-0.4517029068436731,0.15939070725566395,0.18317463950560686,1.2937308308537414,0.15374131433580338,-0.2288244449530783,0.8019404898146032,-0.4497835520459692,0.15781628910139078,0.18176672863981286,1.288048935890752,0.1519065614129158,-0.22653124063424418,0.805509411111079
326175.116834238,RECENTER,4.230059497000184,5.9497018810361624e-05,-0.45055207141222375,0.15900709544518143,0.18279102769512434,1.2914291599908445,0.15374131433580338,-0.228440833142594,0.8030913252460525,-0.44894477842355573,0.15752198723133953,0.18142776307132566,1.28564693282308,0.15162328022976648,-0.22610879648653737,0.8066180399670362
326175.126872101,RECENTER,4.240058226045221,5.822605453431606e-05,-0.4494012359807744,0.1582398718242164,0.18202380407415752,1.2895111009384301,0.15335770252532085,-0.22805722133211148,0.8038585488670176,-0.4481046025592199,0.15722719335437604,0.18108823082821057,1.2832409141434369,0.1513395254638289,-0.22568564610668645,0.8077285222025187
326175.136887953,RECENTER,4.250060563033912,6.0563033912330866e-05,-0.44825040054932686,0.1578562600137321,0.181640192263675,1.2879766536964983,0.15297409071483833,-0.22728999771114644,0.8053929961089494,-0.4472624397582882,0.15693170231772585,0.18074789562339663,1.280829205456775,0.15105509964465993,-0.22526149501613796,0.8088416306236444
326175.146739287,RECENTER,4.260056708008051,5.670799873769283e-05,-0.44748317692836004,0.15747264820324958,0.18125658045319248,1.2860585946440821,0.15259047890435581,-0.22690638590066214,0.8061602197299145,-0.4464191248976319,0.15663580705599953,0.1804070948476956,1.2784141976070034,0.1507702847373829,-0.22483676369646038,0.8099562617519945
326175.156913905,RECENTER,4.270058002031874,5.800201324746013e-05,-0.446715953307395,0.15708903639276706,0.18048935683222567,1.2833733119707027,0.15259047890435581,-0.22652277409017962,0.8073110551613638,-0.4455737105999297,0.15633917516136994,0.18006544564656396,1.2759931775817293,0.15048476078180673,-0.22441097500579513,0.8110736677607513
326175.166797179,RECENTER,4.280058826028835,5.882600089535117e-05,-0.4459487296864282,0.15708903639276706,0.18010574502174315,1.281071641107804,0.15220686709387152,-0.2261391622796971,0.8084618905928131,-0.44472667985152314,0.15604197610004314,0.1797231432046564,1.2735675285129961,0.1501986908981568,-0.2239843721978021,0.8121932102743374
326175.176913299,RECENTER,4.290058778016828,5.8778037782758474e-05,-0.44518150606546314,0.15708903639276706,0.17972213321126063,1.2783863584344246,0.151823255283389,-0.22537193865873206,0.8092291142137782,-0.44387807623514586,0.155744225163964,0.17938020513464653,1.271137375209044,0.1499120898057423,-0.22355697722270745,0.8133148316883234
326175.186760966,RECENTER,4.300058871041983,5.8871053624898195e-05,-0.4444142824444963,0.15670542458228454,0.1793385214007781,1.276084687571526,0.15143964347290648,-0.22498832684824777,0.809996337834745,-0.4430278231974828,0.15544589549274593,0.1790366004997748,1.2687024984435018,0.14962493165001436,-0.22312875152481632,0.8144386331852115
326175.196849183,RECENTER,4.310061969037633,6.196903996169567e-05,-0.4440306706340138,0.15670542458228454,0.1793385214007781,1.2749338521400784,0.15143964347290648,-0.22460471503776525,0.8103799496452275,-0.44217568573147037,0.1551469046290769,0.17869223432888226,1.2662622252246676,0.14933713706143004,-0.2226995767439942,0.8155649253799342
326175.206800354,RECENTER,4.320059015008155,5.90150011703372e-05,-0.443263447013047,0.15632181277180024,0.1793385214007781,1.2718649576562147,0.15105603166242396,-0.22422110322728273,0.8119143968871594,-0.4413224454162251,0.15484752680689737,0.17834742247406846,1.263818793767222,0.14904897000472422,-0.22226984651866152,0.8166926752390977
326175.216808902,RECENTER,4.330058827006724,5.88269904255867e-05,-0.44249622339208194,0.15632181277180024,0.1789549095902938,1.2691796749828335,0.15067241985193966,-0.22422110322728273,0.8126816205081262,-0.44046735976079787,0.15454750150719596,0.1780018648795614,1.2613700777935974,0.14876017971650982,-0.22183918689695822,0.817822864132251
326175.226829483,RECENTER,4.340057787019759,5.778699414804578e-05,-0.4417289997711151,0.15593820096131772,0.1789549095902938,1.2661107804989697,0.15067241985193966,-0.2238374914168002,0.8138324559395738,-0.43961074703488096,0.15424694040177914,0.17765569016465044,1.2589169887353853,0.14847087368683248,-0.22140775817382605,0.8189550713940854
326175.236833352,RECENTER,4.350062128040008,6.212806329131126e-05,-0.4409617761501501,0.1555545891508352,0.1785712977798113,1.263041886015106,0.15067241985193966,-0.2230702677958334,0.8145996795605406,-0.4387520815643477,0.15394565904650803,0.17730868589367424,1.2564580212151735,0.14818087437841093,-0.22097529559611534,0.8200899918217308
326175.246895501,RECENTER,4.360060567036271,6.0567050240933895e-05,-0.43942732890821823,0.15517097734035268,0.17818768596932877,1.2603566033417248,0.15028880804145714,-0.22268665598535087,0.8153669031815056,-0.4378923413068315,0.15364400057897387,0.1769612472793056,1.2539959758184516,0.14789051207940412,-0.2205422917073061,0.8212263328232133
326175.256786349,RECENTER,4.370065789029468,6.57890341244638e-05,-0.4386601052872532,0.15517097734035268,0.17780407415884625,1.258054932478828,0.14990519623097462,-0.22230304417486835,0.8157505149919881,-0.4370304447583572,0.15334158553011135,0.17661293726367805,1.2515277554332007,0.1475994215306794,-0.2201082018133201,0.8223655238503933
326175.266720999,RECENTER,4.380057055037469,5.7055032812058926e-05,-0.43750926985580385,0.15478736552986838,0.17742046234836373,1.2561368734264136,0.14990519623097462,-0.22191943236438405,0.8169013504234375,-0.43616818962949366,0.15303904466556242,0.1762644823383846,1.249058508178278,0.1473082098776732,-0.21967393132211122,0.8235051888225756
326175.276776615,RECENTER,4.390084839018527,8.483900455757976e-05,-0.43712565804532133,0.15440375371938586,0.17703685053787943,1.2546024261844817,0.1491379726100078,-0.22153582055390153,0.8184357976653693,-0.4353012242319334,0.15273485110134716,0.17591412389721522,1.2465757720873247,0.14701540741344726,-0.21923728852758717,0.8246510794790869
326175.286859752,RECENTER,4.400059784005862,5.978398257866502e-05,-0.435974822613872,0.15440375371938586,0.1762696269169144,1.252300755321583,0.14875436079952528,-0.2207685969329365,0.8199702449073012,-0.43443728735503917,0.1524317201591215,0.17556498934316128,1.2441017087964406,0.14672362777933248,-0.218802171032378,0.8257929672612689
326175.296917502,RECENTER,4.410062281007413,6.228103302419186e-05,-0.43482398718242266,0.15402014190890334,0.17588601510643187,1.2499990844586861,0.14875436079952528,-0.2203849851224522,0.821504692149233,-0.433569431693204,0.1521272142264269,0.1752142711279981,1.2416164232482059,0.14643052464385226,-0.21836507986069623,0.8269400346031672
326175.308127996,RECENTER,4.420058596006129,5.859602242708206e-05,-0.4336731517509733,0.15363653009842082,0.17550240329594757,1.2476974135957875,0.14837074898904276,-0.21961776150148715,0.8222719157701999,-0.4327005888121387,0.15182236190650952,0.17486315395736157,1.2391283105919697,0.14613708809227016,-0.21792749148097745,0.8280884067783322
326175.316960196,RECENTER,4.430063848034479,6.384804146364331e-05,-0.43213870450904146,0.15325291828793652,0.17473517967498253,1.2446285191119255,0.14798713717856024,-0.21923414969100463,0.8234227512016474,-0.43182945362285274,0.15151670528066497,0.17451111041810974,1.2366336334334282,0.14584287735350865,-0.21748874859166673,0.8292398087567387
326175.326803486,RECENTER,4.4400581500376575,5.8150035329163074e-05,-0.4313714808880764,0.15325291828793652,0.1743515678645,1.2423268482490268,0.14760352536807594,-0.21846692607003781,0.8241899748226142,-0.4309577677506155,0.1512108554357944,0.17415884433661924,1.2341373792794936,0.14554848063117087,-0.21704972835363662,0.8303919385870877
326175.336923573,RECENTER,4.450058282003738,5.8281992096453905e-05,-0.4306042572671096,0.152869306477454,0.17396795605401572,1.2396415655756456,0.14721991355759342,-0.2180833142595553,0.8253408102540618,-0.43008407850832847,0.1509043026652043,0.17380576865233527,1.2316353880579205,0.14525340730548883,-0.2166096991282819,0.8315467163236023
326175.346768274,RECENTER,4.460082820034586,8.282001363113523e-05,-0.4302206454566271,0.15248569466697148,0.17396795605401572,1.2369562829022662,0.1468363017471109,-0.21731609063858848,0.8264916456855111,-0.42920676590908785,0.1505964785614454,0.17345122869543134,1.2291230205986055,0.144957110254099,-0.2161678450172856,0.8327062831449985
326175.356858676,RECENTER,4.470058917999268,5.8918027207255363e-05,-0.42983703364614456,0.15210208285648896,0.17396795605401572,1.234271000228885,0.14645268993662838,-0.21693247882810596,0.828026092927443,-0.42833222026294404,0.15028962530303616,0.17309780692084076,1.2266185768861146,0.14466174769292922,-0.21572738446840367,0.833862192812707
326175.366814315,RECENTER,4.480059150024317,5.9150042943656445e-05,-0.42945342183566204,0.15171847104600467,0.1735843442435332,1.2312021057450213,0.14645268993662838,-0.21654886701762344,0.8295605401693749,-0.4274540945598064,0.14998151590418562,0.1727429383720292,1.2241038809343399,0.1443651760298589,-0.2152851208416887,0.8350228343346173
326175.376784281,RECENTER,4.490058069990482,5.806999979540706e-05,-0.4290698100251795,0.15133485923552215,0.1735843442435332,1.2285168230716401,0.1460690781261441,-0.21616525520714092,0.8303277637903417,-0.4265746280058703,0.14967293603882675,0.17238752795799797,1.2215853451768717,0.14406815151778327,-0.21484218190216275,0.8361852480938117
326175.386853954,RECENTER,4.500059025012888,5.9025012888014317e-05,-0.4290698100251795,0.15095124742503963,0.1735843442435332,1.2254479285877782,0.1460690781261441,-0.2157816433966584,0.8314785992217892,-0.4256935358651986,0.14936378580119647,0.17203146061113378,1.2190621542130144,0.1437705779920984,-0.2143984242439924,0.8373498104331651
326175.396847385,RECENTER,4.510061162000056,6.116199074313045e-05,-0.4283025864042127,0.1505676356145571,0.17281712062256815,1.2223790341039145,0.14568546631566157,-0.21501441977569158,0.8322458228427561,-0.42481090244971065,0.1490540947739555,0.17167477040360696,1.2165345494875206,0.1434724839276867,-0.21395389033045506,0.8385164099154264
326175.406774332,RECENTER,4.520058540045284,5.8540026657283306e-05,-0.4279189745937302,0.1501840238040728,0.17281712062256815,1.2196937514305333,0.14568546631566157,-0.21501441977569158,0.8333966582742036,-0.42392726265439185,0.14874405063658058,0.17131767349741633,1.214004062783652,0.14317404997601393,-0.21350884955873983,0.8396843395560174
326175.416756071,RECENTER,4.530059325043112,5.932501517236233e-05,-0.42715175097276337,0.1498004119935903,0.17281712062256815,1.2173920805676364,0.14530185450517905,-0.21463080796520906,0.8349311055161355,-0.42304190490971794,0.14843340371951116,0.17095988233276999,1.2114686563737855,0.14287503581686575,-0.21306294355040806,0.8408545398548374
326175.426776321,RECENTER,4.540059679013211,5.9679034166038036e-05,-0.4260009155413158,0.14941680018310777,0.17243350881208386,1.2150904097047377,0.14491824269469653,-0.21424719615472654,0.8356983291371023,-0.42215517828346805,0.14812227650072873,0.17060153797509375,1.2089293298862522,0.14257555934180532,-0.21261634811170407,0.8420265494399476
326175.436811931,RECENTER,4.550057788030244,5.778804188594222e-05,-0.425233691920349,0.14903318837262525,0.17166628519111882,1.2131723506523233,0.14491824269469653,-0.21386358434424224,0.8379999999999992,-0.42126725413158794,0.14781072910417364,0.1702427096728284,1.2063865740345132,0.142275678423319,-0.21216914954519456,0.8432001418257491
326175.44679355,RECENTER,4.560060276009608,6.027601193636656e-05,-0.42446646829938395,0.14864957656214273,0.17166628519111882,1.212021515220874,0.144534630884214,-0.2130963607232772,0.8391508354314485,-0.42037755372567204,0.14749855847046558,0.16988316354999392,1.2038387315091723,0.14197519760596677,-0.21172105637720712,0.8443760819325887
326175.456790377,RECENTER,4.570056812022813,5.68120158277452e-05,-0.4233156328679346,0.14826596475165843,0.1712826733806363,1.209719844357977,0.1441510190737297,-0.21271274891279468,0.8406852826733804,-0.4194870063088282,0.14718609064465066,0.16952327513272739,1.2012884633915228,0.1416744307254249,-0.21127253661639417,0.8455531415557448
326175.466705601,RECENTER,4.580058018036652,5.801802035421133e-05,-0.4221647974364853,0.1478823529411759,0.170899061570152,1.2074181734950784,0.1437674072632472,-0.21271274891279468,0.8426033417257948,-0.418594675913709,0.14687299722233782,0.16916266617748904,1.1987330893440102,0.14137306167502234,-0.2108231188674736,0.8467325577875409
326175.476855114,RECENTER,4.590059844020288,5.98439946770668e-05,-0.4206303501945534,0.1478823529411759,0.17013183794918696,1.204732890821699,0.14338379545276467,-0.21194552529182786,0.8437541771572441,-0.41770093286938864,0.14655940814149387,0.16880148634182868,1.196173669881115,0.14107121552695434,-0.21037298964483492,0.8479138411544326
326175.48673897,RECENTER,4.6000568110030144,5.681102629750967e-05,-0.41909590295262156,0.1478823529411759,0.16974822613870444,1.2016639963378353,0.14300018364228215,-0.21156191348134534,0.845288624399176,-0.41680627770759837,0.1462454990245044,0.16843993790085166,1.1936116383797601,0.14076906132709605,-0.2099224010387859,0.8490963300906461
326175.496883543,RECENTER,4.610062876017764,6.287603173404932e-05,-0.4183286793316565,0.1474987411306934,0.16936461432822014,1.198978713664454,0.14261657183179785,-0.21117830167086282,0.846055848020141,-0.4159094706370612,0.14593083486378025,0.16807751982955688,1.1910434444392517,0.14046618035753544,-0.20947072863463895,0.8502816632604747
326175.506785523,RECENTER,4.620057429012377,5.7429017033427954e-05,-0.41679423208972466,0.14711512932021087,0.16898100251773762,1.1962934309910729,0.14223296002131533,-0.210411078049896,0.8472066834515903,-0.41501236947225995,0.14561606751372164,0.16771498290875764,1.1884744082985295,0.140163200062759,-0.20901890811138407,0.8514673851423213
326175.51817433,RECENTER,4.631363541993778,0.001363541989121586,-0.4152597848477928,0.14673151750972657,0.1685973907072551,1.1936081483176935,0.14223296002131533,-0.21002746623941349,0.8487411306935222,-0.41399595939093226,0.14525943804936986,0.16730423081566959,1.1855637062114308,0.13981992525927278,-0.2085069982479198,0.8528108007142171
326175.526868203,RECENTER,4.640057635027915,5.7635013945400715e-05,-0.41372533760586094,0.14634790569924405,0.16783016708629006,1.1901556420233455,0.1418493482108328,-0.20964385442893096,0.849508354314489,-0.41321323244957436,0.14498480136978725,0.16698791485680073,1.1833222044950542,0.1395555728665584,-0.20811278173133735,0.853845351217877
326175.536832529,RECENTER,4.650058830040507,5.88300172239542e-05,-0.4125745021744116,0.14596429388876153,0.16744655527580576,1.188237582970931,0.1414657364003503,-0.20887663080796415,0.8510428015564209,-0.41231161626146906,0.14466844982613192,0.16662355332278034,1.1807402386441725,0.13925106770129325,-0.2076586872391347,0.855037040723152
326175.546794522,RECENTER,4.660058643028606,5.8643054217100143e-05,-0.41180727855344657,0.145580682078279,0.16706294346532324,1.1855523002975517,0.1414657364003503,-0.20849301899748163,0.8521936369878684,-0.41140883884241275,0.1443516908394773,0.1662587225115928,1.1781549473664632,0.13894617035049805,-0.20720400789876053,0.8562302650574993
326175.556918416,RECENTER,4.670064327016007,6.432703230530024e-05,-0.41142366674296227,0.14519707026779471,0.16667933165484072,1.183250629434653,0.14069851277938347,-0.2081094071869991,0.8533444724193178,-0.4105042547926803,0.14403429795736833,0.1658931616040147,1.1755644824253118,0.13864066284165572,-0.2067484186578652,0.8574258772624783
326175.56680638,RECENTER,4.680055884004105,5.588401108980179e-05,-0.41065644312199723,0.14442984664682967,0.1662957198443582,1.180948958571756,0.14031490096890095,-0.2077257953765148,0.8544953078507671,-0.40959968391784707,0.14371690969795775,0.16552760602068273,1.1729740552132297,0.13833515978240613,-0.20629283605244203,0.8586214720538512
326175.576795362,RECENTER,4.690057920990512,5.792098818346858e-05,-0.4102728313115147,0.14442984664682967,0.1659121080338739,1.1782636758983749,0.13993128915841843,-0.20695857175554977,0.8552625314717321,-0.4086929094516155,0.14339874826083626,0.16516115992101704,1.1703773175579517,0.13802891249853882,-0.20583614361921165,0.8598199793891401
326175.586848144,RECENTER,4.700064085016493,6.408500485122204e-05,-0.4098892195010322,0.14404623483634715,0.16552849622339139,1.175962005035478,0.13954767734793413,-0.20657495994506725,0.856029755092699,-0.4077845149321099,0.14308001839297801,0.16479405912470335,1.1677759405425054,0.13772211806989254,-0.20537863525423716,0.8610206279908685
326175.597585024,RECENTER,4.710636167030316,0.0006361670093610883,-0.40912199588006537,0.14327901121538034,0.16476127260242635,1.1728931105516143,0.13916406553745161,-0.20619134813458473,0.8579478141451133,-0.4068234020065492,0.14274279113193344,0.16440565374274146,1.1650235933848383,0.13739751891772856,-0.2048945755272274,0.8622909558774847
326175.606835506,RECENTER,4.7200578399933875,5.784002132713795e-05,-0.40835477225910033,0.14289539940489782,0.16476127260242635,1.170207827878233,0.1387804537269691,-0.20580773632410043,0.8583314259555959,-0.40596572073290005,0.14244185510342958,0.16405904720584674,1.16256744431751,0.13710785200466416,-0.20446260863536414,0.8634245754665768
326175.616756051,RECENTER,4.730057382024825,5.7382043451070786e-05,-0.407203936827651,0.1425117875944153,0.16437766079194205,1.1671389333943694,0.13839684191648657,-0.20580773632410043,0.8594822613870452,-0.4050542562734085,0.14212204808071732,0.16369070578402373,1.1599572758891403,0.13680002075725275,-0.20400355411044113,0.864629281687624
326175.626847775,RECENTER,4.740056894021109,5.6894030421972275e-05,-0.40605310139620165,0.142128175783931,0.16437766079194205,1.1640700389105056,0.13839684191648657,-0.2054241245136179,0.8606330968184945,-0.4041415915691673,0.14180181992617058,0.16332187931875985,1.1573436703098,0.13649178414808025,-0.20354389508824172,0.865835574303293
326175.636842639,RECENTER,4.750058991019614,5.899101961404085e-05,-0.4045186541542698,0.14174456397344848,0.16399404898145953,1.1606175326161594,0.13801323010600228,-0.2050405127031354,0.8610167086289771,-0.4032274979231749,0.1414810903964991,0.1629524753889214,1.1547259726579644,0.1361830649387173,-0.20308351638666267,0.8670437555883439
326175.646751492,RECENTER,4.760057591018267,5.7591008953750134e-05,-0.40336781872282046,0.14174456397344848,0.163610437170977,1.15946669718471,0.13801323010600228,-0.20427328908216857,0.8621675440604246,-0.40231254179248627,0.14116005824541433,0.16258272291138476,1.1521058051014597,0.13587405444016892,-0.20262270329897192,0.8682530768417921
326175.65677566,RECENTER,4.770057643996552,5.764397792518139e-05,-0.4018333714808886,0.14136095216296596,0.1632268253604945,1.1567814145113307,0.13762961829551976,-0.20388967727168605,0.863318379491874,-0.40139628105569,0.1408385683450551,0.16221244321584904,1.1494819015334867,0.1355646033336283,-0.20216123315292778,0.8694641224269765
326175.666931213,RECENTER,4.780059661017731,5.966098979115486e-05,-0.40068253604944104,0.14097734035248344,0.1628432135500102,1.154479743648432,0.13762961829551976,-0.20350606546120353,0.8644692149233233,-0.4004786787920762,0.14051660774099156,0.16184162138190053,1.146854156223899,0.13525469914976873,-0.20169908735359904,0.8706769411429569
326175.67677814,RECENTER,4.790058282029349,5.828205030411482e-05,-0.3999153124284742,0.14059372854199914,0.1628432135500102,1.1525616845960176,0.13724600648503724,-0.20273884184023672,0.8652364385442883,-0.39956023751491676,0.14019435275087572,0.16147046048542565,1.1442240082241728,0.13494451160369608,-0.2012365189892864,0.8718908688049063
326175.686791198,RECENTER,4.800058555032592,5.855504423379898e-05,-0.39876447699702666,0.14021011673151662,0.16245960173952767,1.1502600137331207,0.13686239467455472,-0.2023552300297542,0.8667708857862202,-0.39864050437750065,0.13987164448364287,0.16109877752181057,1.141590160713379,0.1346338877543204,-0.20077329998600454,0.8731065039520698
326175.697187441,RECENTER,4.810066031990573,6.603199290111661e-05,-0.39876447699702666,0.14021011673151662,0.16207598992904515,1.147958342870222,0.13647878286407042,-0.20197161821927168,0.8679217212176695,-0.39771897782708565,0.13954830695866363,0.16072636980333857,1.1389511773907166,0.1343226582109378,-0.20030917773921866,0.8743245094997183
326175.706821791,RECENTER,4.820105519029312,0.00010551902232691646,-0.3976136415655773,0.13944289311055158,0.16169237811856263,1.1456566720073251,0.13571155924310538,-0.20120439459830486,0.8690725566491189,-0.3967933776371779,0.13922354010914612,0.16035231584386717,1.136300528352423,0.13401005286676185,-0.19984300382423822,0.8755478992823613
326175.716816805,RECENTER,4.830060077016242,6.007699994370341e-05,-0.3972300297550948,0.13905928130006906,0.16130876630807833,1.1433550011444265,0.13532794743262286,-0.20082078278782234,0.8702233920805682,-0.3958745045634757,0.13890113361387246,0.1599809804495818,1.1336691438133109,0.13369971948892692,-0.19938021798775238,0.8767623976610027
326175.726816307,RECENTER,4.840076180000324,7.617997471243143e-05,-0.3968464179446105,0.13905928130006906,0.1609251544975958,1.1402861066605627,0.13532794743262286,-0.20043717097733982,0.8713742275120158,-0.39494885258211787,0.13857634859220427,0.15960690556012658,1.1310183464594064,0.13338709665309062,-0.1989140179882666,0.8779858558977489
326175.736919933,RECENTER,4.850060513999779,6.0514023061841726e-05,-0.39607919432364547,0.13867566948958476,0.1605415426871133,1.1379844357976658,0.13494433562214034,-0.20043717097733982,0.8725250629434651,-0.39402505115374875,0.13825221287708395,0.1592335785169663,1.1283728485496394,0.13307509880929766,-0.1984487500105555,0.8792068682106036
326175.746787479,RECENTER,4.860057601996232,5.760201020166278e-05,-0.39569558251316295,0.13829205767910224,0.1605415426871133,1.1352991531242846,0.13456072381165604,-0.199669947356373,0.8736758983749144,-0.3930989945399876,0.13792728588138392,0.1588593401072847,1.1257208924465232,0.1327623393159141,-0.19798234621997976,0.8804308612604941
326175.756760351,RECENTER,4.8700576450210065,5.764502566307783e-05,-0.39569558251316295,0.1375248340581372,0.16015793087663077,1.1326138704509034,0.13417711200117352,-0.199669947356373,0.8752103456168463,-0.39217159858995154,0.1376018889505789,0.15848456044443338,1.1230651008748667,0.1324491274850292,-0.19751526787937526,0.8816566245458837
326175.767211698,RECENTER,4.8800591910257936,5.9191021136939526e-05,-0.39492835889219613,0.1375248340581372,0.15977431906614648,1.1291613641565572,0.133793500190691,-0.19890272373540796,0.8767447928587782,-0.3912430079621275,0.13727607284122825,0.15810929798786422,1.1204058880943943,0.1321355121725275,-0.19704758784526671,0.8828839668678978
326175.776877206,RECENTER,4.890140035015065,0.00014003500109538436,-0.3937775234607468,0.1371412222476529,0.15939070725566395,1.1253252460517285,0.13340988838020848,-0.19851911192492544,0.87827924010071,-0.39030599786726167,0.1369473025797333,0.1577306330525381,1.1177225644154363,0.13181905333166327,-0.1965756673886132,0.8841224374179164
326175.786812899,RECENTER,4.900059688021429,5.968799814581871e-05,-0.3926266880292957,0.1371412222476529,0.15900709544518143,1.1218727397573822,0.13302627656972418,-0.19813550011444114,0.8794300755321576,-0.3893829451402639,0.1366234295626853,0.15735760857490824,1.115079210568075,0.13150730834871932,-0.1961107764906102,0.8853424601527459
326175.796839932,RECENTER,4.910057777015027,5.7777040638029575e-05,-0.39185946440833064,0.13637399862668786,0.15862348363469891,1.1188038452735185,0.13302627656972418,-0.19813550011444114,0.8809645227740894,-0.38845157533747354,0.13629663831967773,0.1569812229969185,1.1124120390409085,0.13119275441827405,-0.19564169673890378,0.8865734757824094
326175.806796875,RECENTER,4.920058602001518,5.860201781615615e-05,-0.3910922407873638,0.13637399862668786,0.1582398718242164,1.1161185626001373,0.13225905294875914,-0.1973682764934761,0.8821153582055388,-0.38751893861036163,0.1359694025488654,0.1566043254289097,1.1097412394119206,0.13087777260620348,-0.19517197890708732,0.887806165938815
326175.816756773,RECENTER,4.930057552992366,5.755299935117364e-05,-0.3903250171663988,0.13560677500572105,0.1582398718242164,1.1138168917372404,0.13187544113827662,-0.19698466468299358,0.8840334172579531,-0.38658547553678724,0.1356418768365209,0.15622709391740183,1.1070680733676277,0.13056251171000663,-0.19470184489000028,0.8890399482987769
326175.828286434,RECENTER,4.940059970016591,5.997001426294446e-05,-0.38955779354543196,0.13560677500572105,0.15747264820324958,1.1115152208743417,0.13149182932779233,-0.19660105287251106,0.8851842526894025,-0.38565069817749387,0.13531388997860083,0.15584933127616601,1.1043911435922817,0.13024680693669738,-0.19423104893947185,0.8902754677842684
326175.836801032,RECENTER,4.95005627599312,5.627598147839308e-05,-0.3887905699244669,0.13522316319523853,0.15708903639276706,1.1088299382009623,0.1311082175173098,-0.19621744106202677,0.8871023117418169,-0.3847155127854406,0.1349857599535603,0.15547140374055018,1.1017130453300945,0.12993096435742965,-0.19376004748528086,0.8915115265772435
326175.846789753,RECENTER,4.9600589540204965,5.8953999541699886e-05,-0.38725612268253506,0.13522316319523853,0.15670542458228454,1.1065282673380636,0.1311082175173098,-0.19583382925154424,0.8882531471732662,-0.3837787623485052,0.13465708079866728,0.15509284373830212,1.0990304652357328,0.1296145932115093,-0.1932882578040478,0.8927496539306394
326175.856760442,RECENTER,4.970059968996793,5.996902473270893e-05,-0.3857216754406032,0.13522316319523853,0.15670542458228454,1.1049938200961318,0.13072460570682728,-0.1950666056305792,0.8894039826047155,-0.3828412095461101,0.1343281201164957,0.15471395948376843,1.096345587400665,0.1292979510806287,-0.1928160640154564,0.8939888417912781
326175.867019208,RECENTER,4.980060583038721,6.05830573476851e-05,-0.38380361638818883,0.13522316319523853,0.15632181277180024,1.1023085374227524,0.12995738208586047,-0.1946829938200949,0.8909384298466456,-0.38190274725085543,0.13399884031907985,0.1543347076845768,1.0936581050432554,0.12898100178437422,-0.19234341216532655,0.8952292317522231
326175.876822975,RECENTER,4.990060115000233,6.011500954627991e-05,-0.383036392767222,0.134839551384756,0.15632181277180024,1.1003904783703362,0.12957377027537795,-0.1942993820096124,0.8917056534676124,-0.38096345050067665,0.13366926773510268,0.1539551186650909,1.0909682330502712,0.12866377066550172,-0.19187034004613984,0.8964707246338885
326175.887210061,RECENTER,5.000200601003598,0.0002006010035984218,-0.3818855573357727,0.1344559395742735,0.15593820096131772,1.0977051956969568,0.12919015846489543,-0.19391577019912987,0.8932401007095443,-0.38000996874214565,0.13333471803409042,0.15356979719373526,1.0882377393297238,0.12834174880709998,-0.19139012371830916,0.8977309662090762
326175.897029927,RECENTER,5.010070029995404,7.002998609095812e-05,-0.3807347219043251,0.1344559395742735,0.1555545891508352,1.0950199130235756,0.12919015846489543,-0.19353215838864735,0.8943909361409936,-0.37908107109788275,0.13300879420138073,0.15319441066554662,1.0855776473436967,0.128028029805143,-0.19092228905690387,0.898958714322682
326175.907211249,RECENTER,5.020061437040567,6.143702194094658e-05,-0.3799674982833583,0.1340723277637892,0.1555545891508352,1.0923346303501944,0.1288065466544129,-0.19276493476768053,0.8955417715724412,-0.3781397969415363,0.13267852780167377,0.15281402253580284,1.0828821126360613,0.1277101308517753,-0.19044822102697218,0.9002028207933765
326175.916759198,RECENTER,5.030057783005759,5.778297781944275e-05,-0.3780494392309439,0.13368871595330667,0.15517097734035268,1.0888821240558482,0.1288065466544129,-0.19276493476768053,0.897076218814373,-0.3771971661391401,0.13234778539335282,0.15243308615765538,1.0801826928897382,0.12739177371483118,-0.18997346972903,0.9014487203783486
326175.926813702,RECENTER,5.040058047045022,5.804706597700715e-05,-0.37651499198901206,0.13330510414282415,0.15440375371938586,1.086196841382467,0.1284229348439286,-0.1919977111467155,0.8978434424353399,-0.3762532847543656,0.1320166041911514,0.15205164439360228,1.077479691840154,0.12707299421546853,-0.18949808858151598,0.9026962728904924
326175.936975207,RECENTER,5.050062308029737,6.23080413788557e-05,-0.3753641565575627,0.13292149233234163,0.15402014190890334,1.083127946898605,0.1280393230334461,-0.19123048752574867,0.8989942778667892,-0.37530815531135675,0.1316849850807201,0.15166969826370172,1.0747731167157213,0.12675379320617305,-0.18902207885570266,0.9039454749935811
326175.94678236,RECENTER,5.0600587840308435,5.878403317183256e-05,-0.3745969329365977,0.13253788052185733,0.15363653009842082,1.0808262760357064,0.12765571122296357,-0.19123048752574867,0.8993778896772717,-0.37436290239505876,0.13135332264701427,0.15128770223572074,1.0720661879997935,0.12643455049592453,-0.18854600694318363,0.9051948402945194
326175.95680743,RECENTER,5.070059509016573,5.95090095885098e-05,-0.37421332112611516,0.1321542687113748,0.152869306477454,1.0785246051728095,0.12727209941248105,-0.19046326390478363,0.9005287251087193,-0.3734163995842694,0.13102122166078803,0.1509052010998233,1.0693556799505124,0.12611488565557935,-0.18806930552754364,0.9064458576134312
326175.967225704,RECENTER,5.080077706021257,7.77060049585998e-05,-0.37344609750514834,0.13138704509040977,0.15248569466697148,1.0762229343099108,0.12688848760199675,-0.19007965209429933,0.9024467841611354,-0.3724674037311766,0.13068824593673928,0.15052169247456393,1.0666380325550469,0.1257943788336142,-0.1875913485035929,0.9077001700510293
326175.976796035,RECENTER,5.090059895010199,5.9894984588027e-05,-0.3730624856946658,0.13100343327992547,0.15248569466697148,1.073154039826047,0.12650487579151423,-0.1893124284733343,0.903597619592583,-0.3715209942279187,0.1303561776894789,0.15013922904614752,1.0639277917113272,0.12547474550626275,-0.1871146940818253,0.9089510640429562
326175.986680041,RECENTER,5.10005683300551,5.683302879333496e-05,-0.372295262073699,0.13100343327992547,0.15210208285648896,1.0700851453421834,0.1257376521705492,-0.18892881666285177,0.9047484550240323,-0.3705723725126115,0.13002333323976573,0.14975587161761608,1.061211215737381,0.12515436504281882,-0.18663692549050262,0.9102048819729373
326175.996780682,RECENTER,5.110060542996507,6.054301047697663e-05,-0.37152803845273397,0.13061982146944295,0.15133485923552215,1.0666326390478371,0.12535404036006667,-0.18854520485236748,0.9058992904554817,-0.3696223040012476,0.1296899811503585,0.14937192950922024,1.0584904965614153,0.12483349594920372,-0.1861584282275685,0.9114606121707987
326176.006964799,RECENTER,5.120058141008485,5.814101314172149e-05,-0.37037720302128463,0.13023620965896043,0.15133485923552215,1.0635637445639734,0.12535404036006667,-0.18816159304188496,0.9062829022659642,-0.36867202333694105,0.12935655462250198,0.14898790166548304,1.0557691698412854,0.12451255520462702,-0.18567982411486386,0.9127166227767082
326176.01683516,RECENTER,5.1300589960301295,5.899602547287941e-05,-0.3699935912108021,0.13023620965896043,0.15095124742503963,1.0604948500801097,0.12497042854958237,-0.18739436942091992,0.9074337376974135,-0.36772065145703037,0.1290227452180452,0.14860343283921168,1.0530447181978644,0.12419124592098427,-0.1852006704168676,0.9139740756705896
326176.026779539,RECENTER,5.140057386015542,5.73860015720129e-05,-0.36922636758983707,0.1298525978484779,0.1505676356145571,1.057425955596246,0.12458681673909985,-0.1870107576104374,0.9093517967498279,-0.36676874373993473,0.1286887478035207,0.14821874747017938,1.0503187320729963,0.1238697556676643,-0.18472124684714816,0.9152322367943788
326176.037418836,RECENTER,5.150408805988263,0.00040880596498027444,-0.36845914396887025,0.1298525978484779,0.1505676356145571,1.055124284733349,0.12420320492861733,-0.1866271457999531,0.9105026321812772,-0.36578242578867987,0.12834267681396785,0.14782015622204941,1.0474942050715421,0.12353664395703498,-0.18422449273477287,0.9165358788173164
326176.046855717,RECENTER,5.160063944000285,6.394402589648962e-05,-0.3669246967269384,0.1298525978484779,0.1501840238040728,1.0520553902494854,0.12420320492861733,-0.18624353398947058,0.9116534676127248,-0.36486172944445516,0.1280196305847898,0.14744808400687143,1.0448575992173201,0.12322569480133459,-0.1837607886171903,0.9177527870599061
326176.057194824,RECENTER,5.170088333019521,8.833303581923246e-05,-0.36577386129548906,0.1294689860379954,0.1498004119935903,1.0489864957656216,0.12381959311813481,-0.18585992217898806,0.9131879148546567,-0.36390509520187075,0.1276839747665518,0.14706148855226125,1.0421180777017098,0.12290260824634648,-0.18327898455650357,0.919017195355048
326176.066845204,RECENTER,5.180059141013771,5.914102075621486e-05,-0.3646230258640415,0.1294689860379954,0.14941680018310777,1.045917601281758,0.12343598130765052,-0.18547631036850554,0.913571526665141,-0.3629528507566344,0.1273498592036749,0.14667666710450333,1.0393911272856369,0.12258100426896135,-0.18279939139533702,0.9202758015411562
326176.07698619,RECENTER,5.190060105989687,6.010598735883832e-05,-0.3638558022430747,0.1290853742275111,0.14864957656214273,1.043615930418861,0.123052369497168,-0.18470908674753872,0.914338750286106,-0.361997012600933,0.12701448270974097,0.14629039336487754,1.0366538855307201,0.12225818657845357,-0.18231798827983475,0.921539157627613
326176.086777323,RECENTER,5.200057524023578,5.752401193603873e-05,-0.36308857862210964,0.12831815060654606,0.14826596475165843,1.0413142595559624,0.123052369497168,-0.18470908674753872,0.9154895857175553,-0.36104081033122937,0.12667897845853276,0.14590397247933962,1.033915601059477,0.12193524591478282,-0.181836401780133,0.9228029949729923
326176.09684356,RECENTER,5.210058830038179,5.88300172239542e-05,-0.3619377431906603,0.12793453879606353,0.1478823529411759,1.0401634241245148,0.12266875768668548,-0.18394186312657368,0.9174076447699697,-0.36008354403448606,0.12634310087042028,0.14551712159872227,1.0311742695250632,0.1216119458945102,-0.1813542793885244,0.9240682386705126
326176.107381297,RECENTER,5.220062289037742,6.228906568139791e-05,-0.3611705195696935,0.12755092698557924,0.14711512932021087,1.0382453650720986,0.12228514587620296,-0.18355825131608938,0.9185584802014191,-0.35912539040188324,0.12600691194132638,0.14512991212754367,1.0284303969194952,0.12128834619200461,-0.18087171009463984,0.9253346551828573
326176.116745322,RECENTER,5.2300576730049215,5.767302354797721e-05,-0.36040329594872844,0.12716731517509672,0.14634790569924405,1.0355600823987192,0.12190153406571866,-0.18240741588464182,0.9197093156328666,-0.3581673409544285,0.1256707595678454,0.14474274475971327,1.025686822669811,0.1209647816762183,-0.18038919327308495,0.9266009339909892
326176.126789989,RECENTER,5.2400590990437195,5.909905303269625e-05,-0.3596360723277634,0.12716731517509672,0.145580682078279,1.032874799725338,0.12190153406571866,-0.18202380407415752,0.9212437628747985,-0.3572080540549576,0.12533417300755562,0.14435507731222505,1.0229397047183946,0.12064079923256464,-0.17990605321499964,0.9278688483715524
326176.136818264,RECENTER,5.250059743004385,5.974300438538194e-05,-0.35848523689631406,0.1267837033646142,0.1448134584573122,1.0301895170519568,0.12113431044475362,-0.181640192263675,0.9223945983062478,-0.356248195006981,0.12499738569658574,0.14396717864782882,1.0201909483004967,0.12031662355571755,-0.17942262499717565,0.9291375189756379
326176.147165817,RECENTER,5.260103028034791,0.00010302802547812462,-0.35810162508583154,0.12601647974364738,0.14442984664682967,1.0267370107576106,0.1207506986342711,-0.18087296864270996,0.9243126573586622,-0.35528360338605547,0.1246589378600201,0.14357736745395241,1.017428639173694,0.11999084953477795,-0.17893681324261124,0.9304124447441613
326176.156749041,RECENTER,5.270058207039256,5.820702062919736e-05,-0.3573344014648647,0.12563286793316486,0.14366262302586286,1.0236681162737469,0.1203670868237868,-0.18048935683222567,0.925847104600594,-0.3543268521829482,0.12432324100365248,0.14319072473320382,1.014688782717252,0.11966772347841018,-0.17845495027534103,0.9316770076290605
326176.16677876,RECENTER,5.28005875099916,5.875097122043371e-05,-0.3565671778438997,0.12524925612268234,0.14289539940489782,1.0205992217898832,0.11998347501330428,-0.18010574502174315,0.9273815518425259,-0.3533651293482803,0.1239857997428039,0.14280207287450286,1.0119346889577514,0.11934291834006722,-0.1779705833706541,0.9329481416483658
326176.177026325,RECENTER,5.29006583703449,6.583705544471741e-05,-0.35579995422293287,0.12486564431219982,0.1425117875944153,1.0179139391165037,0.11959986320282176,-0.17972213321126063,0.9289159990844578,-0.3524021749233203,0.12364792635185914,0.14241292330498656,1.0091770682827867,0.1190176972535521,-0.17748559618166476,0.9342209034925097
326176.186764028,RECENTER,5.300057895015925,5.7895027566701174e-05,-0.3550327306019678,0.12448203250171552,0.1425117875944153,1.0152286564431225,0.11959986320282176,-0.1789549095902938,0.9304504463263896,-0.35144007663851257,0.1233103533562071,0.14202411971920845,1.0064218993435672,0.11869276531346312,-0.17700104018338916,0.9354925337540048
326176.196793025,RECENTER,5.310056295013055,5.629501538351178e-05,-0.354265506981001,0.124098420691233,0.142128175783931,1.0125433737697414,0.11921625139233924,-0.1785712977798113,0.9319848935683215,-0.35047678896032536,0.12297236303615854,0.14163483547525008,1.0036633243285364,0.11836743167647433,-0.17651588515307554,0.9367657360675843
326176.207017378,RECENTER,5.320065986015834,6.598600884899497e-05,-0.35349828336003597,0.124098420691233,0.142128175783931,1.0090908674753951,0.11883263958185494,-0.17780407415884625,0.9339029526207359,-0.34951184492698634,0.12263379154807412,0.14124488186431275,1.0009000059953452,0.11804153863437959,-0.17602989590775836,0.9380411276287367
326176.216816315,RECENTER,5.330058175022714,5.817500641569495e-05,-0.3519638361181041,0.124098420691233,0.142128175783931,1.0064055848020157,0.11844902777137242,-0.17780407415884625,0.9350537880521852,-0.3485480321042158,0.1222956169696884,0.14085538539869233,0.9981399271193606,0.11771602763895353,-0.1755444763909969,0.9393150240395352
326176.226754583,RECENTER,5.340057697030716,5.769700510427356e-05,-0.3508130006866548,0.124098420691233,0.14136095216296596,1.003336690318152,0.1180654159608899,-0.17703685053787943,0.9362046234836345,-0.34758296721688176,0.12195700307736548,0.14046538294818492,0.9953762626955689,0.11739009378052673,-0.17505842627816845,0.9405905753365479
326176.236787597,RECENTER,5.350069031002931,6.903102621436119e-05,-0.34966216525520544,0.12371480888075048,0.14097734035248344,1.0006514076447708,0.11768180415040738,-0.1766532387273969,0.9377390707255664,-0.3466162278409633,0.12161780165449963,0.14007470380260773,0.9926078030247532,0.1170635943927429,-0.1745715328175236,0.9418683398485619
326176.246725474,RECENTER,5.360056962003,5.6962016969919205e-05,-0.3488949416342404,0.12371480888075048,0.14097734035248344,0.9979661249713896,0.11729819233992309,-0.1762696269169144,0.9392735179674983,-0.3456512268021845,0.12127921016482353,0.13968472715460678,0.9898443214446054,0.11673768209805366,-0.1740855148617013,0.9431438067552826
326176.256794035,RECENTER,5.37006135302363,6.135302828624845e-05,-0.34736049439230854,0.12333119707026796,0.14059372854199914,0.9956644541084927,0.11729819233992309,-0.17588601510643187,0.9404243533989458,-0.344684124624827,0.12093988144522455,0.13929390139355105,0.9870748228162615,0.11641106018040225,-0.1735984386779228,0.9444220507913703
326176.266791764,RECENTER,5.380059743009042,5.974300438538194e-05,-0.3462096589608592,0.12294758525978366,0.14021011673151662,0.992595559624629,0.11729819233992309,-0.17511879148546505,0.9419588006408777,-0.34371710318291276,0.12060058105340234,0.1389031082593385,0.9843055553906845,0.11608446552974072,-0.1731114031561473,0.9457001881173279
326176.277177959,RECENTER,5.390059205004945,5.920499097555876e-05,-0.34467521171892734,0.12256397344930114,0.1398265049210341,0.9895266651407653,0.11691458052944056,-0.17473517967498253,0.943109636072327,-0.34274949018355694,0.120261073100855,0.13851207606467014,0.9815345939170935,0.11575767109085569,-0.17262406969941946,0.9469791073201023
326176.286814162,RECENTER,5.4000590780051425,5.907798185944557e-05,-0.3431407644769955,0.12218036163881862,0.13944289311055158,0.9864577706569015,0.11653096871895804,-0.1743515678645,0.9438768596932938,-0.341781360916512,0.11992138400462085,0.13812083523567414,0.978762154003385,0.11543070229154982,-0.17213647622704722,0.948258708887274
326176.29756095,RECENTER,5.410812909016386,0.0008129090419970453,-0.34198992904554615,0.1217967498283361,0.13905928130006906,0.9833888761730378,0.11653096871895804,-0.1735843442435332,0.9442604715037763,-0.340739719182198,0.11955590146899941,0.13769988651578496,0.9757791958196995,0.11507890593669409,-0.17161185856751474,0.9496354737894739
326176.306955572,RECENTER,5.420061548007652,6.154802395030856e-05,-0.3412227054245811,0.12102952620736929,0.13829205767910224,0.9803199816891723,0.115763745097993,-0.17281712062256815,0.9450276951247414,-0.33984345461729865,0.11924142765811398,0.13733768768210933,0.9732125554571431,0.11477620818896457,-0.1711604593936241,0.9508200899155274
326176.31678697,RECENTER,5.43005812499905,5.8125006034970284e-05,-0.33968825818264925,0.12064591439688677,0.13790844586861972,0.9776346990157929,0.115763745097993,-0.17243350881208386,0.9461785305561907,-0.33887428403351044,0.11890137319337434,0.13694602603572897,0.9704371335159303,0.1144488877030639,-0.17067234146727242,0.9521010678180524
326176.326821518,RECENTER,5.440055612998549,5.5612996220588684e-05,-0.3385374227511999,0.11987869077592173,0.1371412222476529,0.9749494163424117,0.11538013328750871,-0.17204989700160134,0.9477129777981226,-0.3379045946730203,0.11856113670460648,0.13655415474107768,0.9676602259495188,0.11412139200936701,-0.17018396226162463,0.9533827314012021
326176.337026394,RECENTER,5.450066507037263,6.650702562183142e-05,-0.33738658731975235,0.11949507896543743,0.13675761043717038,0.9737985809109624,0.11538013328750871,-0.17166628519111882,0.9488638132295719,-0.33693318517268134,0.11822029666756204,0.13616158830274733,0.9648783924041741,0.1137933153683936,-0.16969471671612904,0.9546666685378136
326176.346965804,RECENTER,5.460062722035218,6.272201426327229e-05,-0.33661936369878553,0.11911146715495491,0.13637399862668786,0.971113298237583,0.11499652147702619,-0.1712826733806363,0.949631036850537,-0.3359627923410395,0.11787981335072288,0.13576943272102204,0.9620994703015167,0.11346558208956664,-0.16920598321074745,0.9559492619170338
326176.35673225,RECENTER,5.470065541041549,6.554106948897243e-05,-0.3354685282673362,0.11911146715495491,0.13599038681620534,0.9688116273746843,0.11422929785606115,-0.17051544975966948,0.9507818722819863,-0.3349913620965897,0.11753896603515841,0.13537685789957243,0.9593175773510876,0.11313749844263109,-0.168716727217584,0.9572332264716746
326176.366756659,RECENTER,5.480081463989336,8.146400796249509e-05,-0.3350849164568537,0.11872785534447239,0.13522316319523853,0.9665099565117874,0.11384568604557685,-0.17013183794918696,0.9515490959029513,-0.3340182735559737,0.11719753687051121,0.1349836129267403,0.9565309355239986,0.11280885473504575,-0.16822663603183477,0.9585193828393774
326176.376952077,RECENTER,5.490059625997674,5.962600698694587e-05,-0.33470130464637116,0.11834424353398987,0.13522316319523853,0.9642082856488887,0.11384568604557685,-0.16936461432822014,0.9526999313344007,-0.3330484813526307,0.1168572642971037,0.13459170007118965,0.9537537334456456,0.1124813243079664,-0.16773820502989753,0.9598011823525937
326176.386787584,RECENTER,5.50005874800263,5.8748002629727125e-05,-0.33393408102540434,0.11796063172350557,0.13522316319523853,0.9615230029755093,0.11346207423509433,-0.16898100251773762,0.9542343785763325,-0.33207629074877193,0.11651615019299225,0.1341988179729583,0.9509696630475905,0.11215298386288262,-0.1672485660855135,0.9610861518939904
326176.396783249,RECENTER,5.510059874039143,5.987402983009815e-05,-0.3331668574044393,0.11796063172350557,0.13522316319523853,0.9588377203021281,0.11346207423509433,-0.1685973907072551,0.9553852140077819,-0.3311035550543541,0.11617484483206655,0.13380571559248833,0.9481840316691229,0.11182445932295565,-0.16675865260899056,0.9623718418957196
326176.406863072,RECENTER,5.520056932000443,5.6931981816887856e-05,-0.3323996337834725,0.11757701991302305,0.134839551384756,0.9553852140077819,0.11346207423509433,-0.16783016708629006,0.9569196612497137,-0.3301308764865008,0.11583355951523182,0.13341263629803096,0.9453985638844781,0.11149595407653097,-0.16626876790397666,0.9636574563917863
326176.416675005,RECENTER,5.530055133043788,5.513301584869623e-05,-0.33163241016250744,0.11757701991302305,0.1344559395742735,0.9519327077134356,0.11307846242461181,-0.16783016708629006,0.9580704966811613,-0.32915775969155736,0.11549212043694262,0.13301937990704749,0.9426118411452343,0.1111673008265386,-0.16577866248807646,0.9649436501039667
326176.426843363,RECENTER,5.540061078034341,6.107805529609323e-05,-0.3308651865415424,0.11757701991302305,0.1340723277637892,0.9484802014190876,0.11269485061412929,-0.16744655527580576,0.9592213321126106,-0.3281835733233466,0.11515030607573522,0.13262569127964058,0.939822055460041,0.11083828634680254,-0.16528801838693952,0.966231257498881
326176.436809544,RECENTER,5.550057324988302,5.732499994337559e-05,-0.32971435111009306,0.11719340810254053,0.13368871595330667,0.9450276951247414,0.11269485061412929,-0.16667933165484072,0.9607557793545425,-0.327210027178905,0.1148087163508868,0.13223226137974742,0.9370341031890335,0.11050948809149462,-0.16479769673130798,0.9675180186934309
326176.446937898,RECENTER,5.560061697033234,6.169703556224704e-05,-0.3285635156786437,0.11680979629205801,0.13330510414282415,0.9419588006408777,0.11231123880364499,-0.1659121080338739,0.9619066147859918,-0.3262353970708986,0.11446674629397297,0.1318383934280174,0.9342430467624603,0.11018032374637063,-0.16430682914283817,0.9688062125907444
326176.456783353,RECENTER,5.57005844503874,5.844503175467253e-05,-0.3281799038681612,0.1160425726710912,0.13292149233234163,0.938889906157014,0.11192762699316247,-0.16552849622339139,0.9634410620279237,-0.3252612288134578,0.11412493828732101,0.1314447121195429,0.9314533129412313,0.10985131538323173,-0.16381619416310017,0.9700937960481841
326176.466772246,RECENTER,5.580061785003636,6.178498733788729e-05,-0.3274126802471944,0.11565896086060867,0.13253788052185733,0.936588235294117,0.11154401518267995,-0.16476127260242635,0.964591897459373,-0.3242861486861134,0.11378281033138749,0.13105066230579834,0.9286609677905002,0.10952199905191373,-0.16332509992463734,0.9713825847477309
326176.476827303,RECENTER,5.590058442030568,5.844200495630503e-05,-0.32664545662622935,0.11527534905012615,0.1317706569008923,0.9335193408102533,0.11116040337219743,-0.16437766079194205,0.9661263447013049,-0.32331146222729024,0.11344082050257062,0.13065677158155126,0.92586974999162,0.10919281567528279,-0.16283420395536,0.9726708531253807
326176.486733962,RECENTER,5.600057975039817,5.797506310045719e-05,-0.32587823300526253,0.11412451361867681,0.13100343327992547,0.9308340581368721,0.11077679156171313,-0.16399404898145953,0.967660791943235,-0.322336249142511,0.1130986458956449,0.13026266803698913,0.9230770240895659,0.1088634544399067,-0.16234304275354883,0.9739598175582183
326176.496841497,RECENTER,5.610063580039423,6.358005339279771e-05,-0.32472739757381497,0.1137409018081943,0.13061982146944295,0.9281487754634927,0.11077679156171313,-0.1632268253604945,0.9695788509956511,-0.32136020899011286,0.1127561810941537,0.12986823025749386,0.9202819297070248,0.10853381387684631,-0.1618514650032602,0.9752498751477833
326176.507249032,RECENTER,5.620364135014825,0.0003641350194811821,-0.32357656214236563,0.11297367818722748,0.13023620965896043,0.925847104600594,0.11039317975123061,-0.16245960173952767,0.9707296864270987,-0.3203551634384108,0.11240353912086236,0.12946207080316102,0.91740377231887,0.10819437724532002,-0.16134527882840932,0.9765782699260577
326176.51681248,RECENTER,5.630057256028522,5.725602386519313e-05,-0.3224257267109163,0.11259006637674496,0.1294689860379954,0.9227782101167303,0.10962595613026557,-0.16207598992904515,0.9730313572899973,-0.31940918154935527,0.11207162091129516,0.1290797801823858,0.9146947560375336,0.10787488833721821,-0.16086883977240005,0.9778285987292004
326176.526816882,RECENTER,5.6400587420212105,5.874200724065304e-05,-0.32127489127946873,0.11220645456626244,0.1290853742275111,0.9197093156328666,0.10924234431978128,-0.16130876630807833,0.9734149691004799,-0.31843290854037554,0.11172907440703508,0.12868524830078543,0.9118989948216439,0.10754516913090274,-0.16037714474505652,0.9791189640913498
326176.536848205,RECENTER,5.650066541042179,6.654101889580488e-05,-0.3205076676585019,0.11182284275577814,0.12831815060654606,0.9170240329594872,0.10885873250929876,-0.1609251544975958,0.9757166399633785,-0.31745583069453526,0.11138624550835198,0.12829039116815583,0.9091009287876766,0.10721517810495441,-0.15988504436564602,0.9804103932272569
326176.546889636,RECENTER,5.660060713998973,6.07140245847404e-05,-0.3193568322270526,0.11143923094529562,0.12831815060654606,0.9139551384756235,0.10885873250929876,-0.1605415426871133,0.9764838635843436,-0.31647990649160057,0.11104382139023829,0.12789600024620917,0.9063061664505878,0.10688557670180594,-0.1593935250127258,0.9817002975634082
326176.5568361,RECENTER,5.670059575990308,5.95760066062212e-05,-0.3178223849851207,0.1110556191348131,0.12831815060654606,0.9105026321812772,0.10847512069881624,-0.16015793087663077,0.9780183108262754,-0.31550335930078244,0.11070117868334901,0.1275013575621226,0.9035096200578647,0.10655576489534963,-0.15890169189506814,0.9829910253188061
326176.567173875,RECENTER,5.680101939011365,0.00010193901835009456,-0.3170551613641557,0.1110556191348131,0.12831815060654606,0.907817349507896,0.10847512069881624,-0.16015793087663077,0.9791691462577248,-0.3145224090048496,0.11035699105178082,0.12710493549324325,0.9007004644560412,0.10622446601682392,-0.15840764117550007,0.9842875727724585
326176.576844444,RECENTER,5.690061467001215,6.146699888631701e-05,-0.31628793774318886,0.11067200732433058,0.12793453879606353,0.9055156786449992,0.10809150888833371,-0.15977431906614648,0.9803199816891723,-0.31354940872511905,0.11001559285537457,0.1267117261884393,0.8979140753823912,0.10589585211781552,-0.15791759444190517,0.9855736124834593
326176.586823358,RECENTER,5.700059126014821,5.912600317969918e-05,-0.3155207141222238,0.11067200732433058,0.12755092698557924,0.902830395971618,0.10809150888833371,-0.15900709544518143,0.9818544289311042,-0.3125725531586303,0.10967284194821038,0.1263169588834399,0.89511664589167,0.10556593616284703,-0.15742560601238045,0.986864747826981
326176.596724146,RECENTER,5.7100596009986475,5.9600977692753077e-05,-0.3143698786907745,0.11067200732433058,0.12755092698557924,0.9016795605401686,0.10770789707784942,-0.15862348363469891,0.9833888761730378,-0.3115953036720603,0.10932995282566425,0.12592203238728245,0.8923180883287032,0.10523588716823146,-0.15693341918697323,0.9881564038248931
326176.606786126,RECENTER,5.7200576410396025,5.7641067542135715e-05,-0.31321904325932515,0.11067200732433058,0.12716731517509672,0.8989942778667892,0.1073242852673669,-0.1578562600137321,0.9853069352254522,-0.3106181849817142,0.10898710959580271,0.12552715874855302,0.8895199053279814,0.1049058823477626,-0.15644129823643124,0.989447886946043
326176.616912015,RECENTER,5.730059799039736,5.9799058362841606e-05,-0.3120682078278776,0.11028839551384806,0.1267837033646142,0.8966926070038905,0.10694067345688438,-0.15747264820324958,0.9864577706569015,-0.3096405682503682,0.10864409161748259,0.12513208384127375,0.8867202960830651,0.10457570932261978,-0.15594892645002592,0.9907400283409026
326176.626805019,RECENTER,5.740058571042027,5.8571051340550184e-05,-0.31130098420691077,0.11028839551384806,0.12640009155413168,0.8936237125200268,0.10655706164640186,-0.15708903639276706,0.9876086060883509,-0.3086631985178461,0.108301160304043,0.1247371087512688,0.8839213941707555,0.10424561971702809,-0.15545667906334526,0.9920318432710089
326176.636839237,RECENTER,5.7500606790417805,6.0679041780531406e-05,-0.31053376058594573,0.10990478370336376,0.12640009155413168,0.8909384298466456,0.10617344983591934,-0.15670542458228454,0.9883758297093159,-0.3076854303327295,0.10795808918489112,0.1243419726384245,0.881121351206404,0.10391539554101188,-0.1549642309980044,0.9933241848462461
326176.646890988,RECENTER,5.760095787991304,9.57879819907248e-05,-0.30899931334401387,0.10952117189288124,0.12601647974364738,0.8878695353627837,0.10578983802543504,-0.15632181277180024,0.9895266651407653,-0.30670437505661674,0.10761386471875585,0.12394550814490826,0.8783118949719575,0.10358406120725872,-0.1544701274056928,0.9946208710549255
326176.656765617,RECENTER,5.7700564180267975,5.641800817102194e-05,-0.307464866102082,0.1087539482719162,0.12563286793316486,0.8851842526894025,0.10540622621495252,-0.1555545891508352,0.9906775005722146,-0.3057305521106673,0.10727217787211052,0.1235519663838669,0.8755231500221468,0.10325516946706219,-0.15397966634036359,0.9959079981052091
326176.666814372,RECENTER,5.780059037031606,5.903700366616249e-05,-0.3063140306706327,0.1083703364614319,0.12524925612268234,0.8821153582055388,0.10540622621495252,-0.1555545891508352,0.9922119478141465,-0.30475258659117876,0.10692903751392548,0.12315675052416868,0.872722541949697,0.10292487864479861,-0.15348711888855146,0.9972006005024048
326176.676791023,RECENTER,5.790057739010081,5.773903103545308e-05,-0.30516319523918334,0.10760311284046686,0.12486564431219982,0.8786628519111925,0.10502261440447,-0.15478736552986838,0.993362783245594,-0.30377497815736515,0.10658602244697409,0.12276167897009187,0.8699229564664939,0.10259470842200284,-0.15299475128115692,0.9984927309302005
326176.686827314,RECENTER,5.800059014989529,5.90150011703372e-05,-0.3036287479972515,0.10721950102998434,0.124098420691233,0.874826733806362,0.10463900259398748,-0.15440375371938586,0.9945136186770434,-0.30279710378259117,0.1062429140688838,0.12236649994383612,0.8671226094059288,0.10226444838227923,-0.15250224973392526,0.9997852128590625
326176.696907227,RECENTER,5.810062355012633,6.235501496121287e-05,-0.30286152437628644,0.10645227740901753,0.12371480888075048,0.8713742275120158,0.10425539078350318,-0.15402014190890334,0.9952808422980102,-0.30181902494244406,0.1058997339496943,0.12197123828894307,0.8643216768161572,0.10193411928793678,-0.15200964520872914,1.0010779650351123
326176.706802485,RECENTER,5.820059103018139,5.910301115363836e-05,-0.3020943007553214,0.10568505378805249,0.12333119707026796,0.8690725566491189,0.10425539078350318,-0.15363653009842082,0.9960480659189752,-0.3008415996005375,0.1055567831244992,0.121576240726049,0.8615226156547862,0.10160401090124395,-0.15151736981465957,1.0023698534655847
326176.716801007,RECENTER,5.83008167904336,8.167902706190944e-05,-0.30055985351338954,0.10530144197756819,0.12256397344930114,0.8667708857862202,0.10348816716253814,-0.15325291828793652,0.996815289539942,-0.29986166959809846,0.10521295348497464,0.1211802309786291,0.8587163818760106,0.10127305660907665,-0.15102383296081626,1.0036650523708581
326176.726869438,RECENTER,5.8400591110112146,5.911098560318351e-05,-0.30017624170290524,0.10453421835660315,0.1217967498283361,0.8644692149233233,0.10310455535205562,-0.152869306477454,0.9983497367818721,-0.2988861855651774,0.10487068381003212,0.12078601793838364,0.855922880057487,0.1009436038656844,-0.15053253529732605,1.0049543749228835
326176.736851889,RECENTER,5.850058923999313,5.892402259632945e-05,-0.2990254062714577,0.10415060654612063,0.12141313801785181,0.8621675440604246,0.10272094354157132,-0.15248569466697148,1.0002677958342883,-0.29790855713125963,0.10452766172561155,0.12039093830185589,0.8531232372998178,0.1006134268882018,-0.15004015761697892,1.0062465317853357
326176.746878864,RECENTER,5.860060981998686,6.0982012655586004e-05,-0.2986417944609734,0.10376699473563633,0.12064591439688677,0.8598658731975277,0.1023373317310888,-0.15171847104600467,1.0018022430762201,-0.2969307646586482,0.10418458208466673,0.11999579237393841,0.8503231247831634,0.1002831945095072,-0.14954769731936254,1.0075389054619848
326176.75673563,RECENTER,5.870056346990168,5.634699482470751e-05,-0.2974909590295258,0.10376699473563633,0.12064591439688677,0.8571805905241465,0.10195371992060628,-0.15095124742503963,1.0029530785076677,-0.2959536934891702,0.10384175552852977,0.11960093793936333,0.8475250778683509,0.09995320573838397,-0.1490556003024686,1.0088303257735705
326176.767052316,RECENTER,5.880358976020943,0.00035897601628676057,-0.2963401235980765,0.10338338292515381,0.12064591439688677,0.8537280842298003,0.10118649629963947,-0.15095124742503963,1.0037203021286345,-0.2949466688765315,0.10348841915889709,0.11919397870604656,0.844641253026769,0.09961310071349304,-0.14854841738345653,1.010161336328025
326176.776812141,RECENTER,5.890059270022903,5.92700089327991e-05,-0.29518928816662715,0.10299977111467129,0.12064591439688677,0.850275577935454,0.10118649629963947,-0.1501840238040728,1.0048711375600838,-0.293998606842127,0.10315577108533584,0.1188108474560099,0.8419262798157248,0.09929290927252679,-0.14807093067262653,1.011414414513238
326176.786866687,RECENTER,5.900059023988433,5.9023965150117874e-05,-0.29480567635614463,0.10299977111467129,0.12026230258640425,0.8468230716411078,0.10080288448915695,-0.1501840238040728,1.0052547493705664,-0.29302137742886974,0.10281288900594572,0.1184159290718885,0.8391277797368724,0.09896286705732302,-0.1475787539570431,1.012706043979732
326176.797568031,RECENTER,5.910768823989201,0.0007688240148127079,-0.2940384527351778,0.10299977111467129,0.12026230258640425,0.8441377889677266,0.10080288448915695,-0.14941680018310777,1.0071728084229807,-0.2919748846744331,0.10244570438497541,0.11799301995559477,0.8361309296461165,0.09860943235490476,-0.14705169310544253,1.0140892206010714
326176.807135116,RECENTER,5.9200684890383855,6.84890546835959e-05,-0.2936548409246953,0.10299977111467129,0.12026230258640425,0.8406852826733804,0.10041927267867443,-0.14941680018310777,1.0079400320439458,-0.2910662978763741,0.10212690705202729,0.11762584145558677,0.8335290020009617,0.09830257298752573,-0.1465940879003345,1.0152901233423517
326176.816957699,RECENTER,5.930122944992036,0.00012294499902054667,-0.29288761730373025,0.10261615930418877,0.11987869077592173,0.839534447241931,0.10041927267867443,-0.14903318837262525,1.009858091096362,-0.2900841005257433,0.10178228186434161,0.11722891542640951,0.8307162751981252,0.0979708529379941,-0.1460994091078932,1.016588319060549
326176.826928157,RECENTER,5.940089947020169,8.994701784104109e-05,-0.29250400549324773,0.10261615930418877,0.11949507896543743,0.8364655527580673,0.10041927267867443,-0.14826596475165843,1.0110089265278095,-0.2891105943553147,0.10144070616524037,0.11683550168083218,0.8279284374010342,0.09764206818321287,-0.1456091075849737,1.0178750274204091
326176.836796425,RECENTER,5.9500632710405625,6.327102892100811e-05,-0.29250400549324773,0.10261615930418877,0.11949507896543743,0.8337802700846879,0.09965204905770761,-0.1478823529411759,1.0125433737697414,-0.2881366297236801,0.1010989696051074,0.11644190266170884,0.8251392867047366,0.09731312859114373,-0.14511857516035648,1.0191623417403384
326176.846809783,RECENTER,5.960057443997357,5.7443976402282715e-05,-0.2917367818722809,0.10223254749370447,0.11911146715495491,0.8310949874113067,0.09926843724722509,-0.1474987411306934,1.0140778210116732,-0.2871608001685653,0.10075657869622877,0.11604754998888114,0.8223447954114047,0.09698355915364809,-0.14462710347633828,1.0204521209780106
326176.856829695,RECENTER,5.970055414014496,5.541404243558645e-05,-0.2905859464408316,0.10184893568322195,0.11872785534447239,0.8287933165484098,0.09926843724722509,-0.14711512932021087,1.0163794918745719,-0.28618478283816584,0.1004141219023295,0.11565312143222212,0.8195497663844129,0.09665392629832029,-0.14413553722023534,1.021742148403148
326176.866892867,RECENTER,5.980059666035231,5.966605385765433e-05,-0.29020233463034906,0.10146532387273943,0.11796063172350557,0.8261080338750286,0.09888482543674257,-0.14673151750972657,1.0179139391165037,-0.2852083470193071,0.1000715182727014,0.11525852375582119,0.8167535389285052,0.09632415210580361,-0.14364376019450903,1.0230327289553383
326176.876910363,RECENTER,5.990075219015125,7.5219024438411e-05,-0.289435111009384,0.10069810025177439,0.11796063172350557,0.8234227512016474,0.09850121362626005,-0.14596429388876153,1.0190647745479513,-0.28423101498738357,0.09972860018733236,0.11486356390139885,0.8139547449797162,0.09599407523293248,-0.14315153179554657,1.0243244940555853
326176.886772219,RECENTER,6.000061407044996,6.140704499557614e-05,-0.28790066376745216,0.1003144884412901,0.11757701991302305,0.820737468528268,0.09811760181577575,-0.145580682078279,1.0205992217898832,-0.2832567659906053,0.09938676385153725,0.11446984996450746,0.8111647799445683,0.09566503960148848,-0.14266085615184432,1.0256121842283021
326176.89680289,RECENTER,6.010059257037938,5.92570286244154e-05,-0.28713344014648534,0.09993087663080757,0.11680979629205801,0.81728496223392,0.09811760181577575,-0.14519707026779471,1.0217500572213325,-0.2822816084456108,0.09904460873194647,0.11407576886470777,0.8083722130922624,0.09533569712370744,-0.14216972292236849,1.0269010752527654
326176.906785802,RECENTER,6.0200585090206005,5.850900197401643e-05,-0.2855989929045535,0.09916365300984253,0.1160425726710912,0.8134488441290912,0.09773399000529323,-0.1448134584573122,1.0232845044632644,-0.2813065550910597,0.09870249016982664,0.11368172987039632,0.8055799446110044,0.09500638983443412,-0.14167864216788933,1.0281898285660167
326176.916791597,RECENTER,6.030059534998145,5.9534970205277205e-05,-0.2836809338521391,0.09878004119935824,0.11565896086060867,0.8103799496452275,0.09735037819481071,-0.14404623483634715,1.0248189517051962,-0.28033158133700337,0.09836039953726235,0.11328772304427212,0.8027879040823517,0.09467710942884161,-0.14118760150380202,1.029478476669229
326176.926878183,RECENTER,6.04005822702311,5.822704406455159e-05,-0.28214648661020725,0.09839642938887572,0.11489173723964186,0.8073110551613638,0.09696676638432819,-0.14366262302586286,1.0259697871366456,-0.27935709919848584,0.09801848139864462,0.11289391489003764,0.7999972713972469,0.09434799505783549,-0.14069680843942664,1.0307664749914305
326176.936796323,RECENTER,6.0500580400112085,5.804002285003662e-05,-0.2809956511787579,0.09839642938887572,0.11450812542915934,0.8046257724879826,0.09619954276336137,-0.14327901121538034,1.0267370107576106,-0.2783827834673891,0.09767662164767027,0.11250017398444387,0.7972071152544706,0.09401893688803765,-0.140206099185318,1.032054253368627
326176.946813098,RECENTER,6.06005853501847,5.853502079844475e-05,-0.27946120393682605,0.0980128175783932,0.11412451361867681,0.8019404898146032,0.09619954276336137,-0.1425117875944153,1.0282714579995424,-0.27740868854212003,0.0973348393711971,0.11210652231099916,0.7944175914351977,0.09368995329156264,-0.13971550113896222,1.033341739901033
326176.956740467,RECENTER,6.070057357021142,5.7357014156877995e-05,-0.2779267566948942,0.09762920576791068,0.1137409018081943,0.799255207141222,0.09543231914239633,-0.142128175783931,1.0301895170519568,-0.2764350553187635,0.09699321909282763,0.11171305722073621,0.7916293897955698,0.09336112562686771,-0.13922513562646982,1.034628616190044
326176.967072912,RECENTER,6.080065356043633,6.535602733492851e-05,-0.27677592126344663,0.09724559395742638,0.11335728999771,0.7969535362783251,0.09466509552142952,-0.14136095216296596,1.0313403524834062,-0.2754608391760528,0.09665139428459284,0.11131935656084521,0.7888395188448911,0.09303210109131285,-0.13873447652955467,1.035916262938687
326176.9767111,RECENTER,6.090056312037632,5.6312012020498514e-05,-0.2756250858319973,0.09724559395742638,0.11259006637674496,0.7942682536049439,0.094281483710947,-0.14097734035248344,1.0324911879148555,-0.27448860363342986,0.09631026441274385,0.11092645630194053,0.7860553197553196,0.09270374546894414,-0.13824481495198643,1.037201291876814
326176.986863859,RECENTER,6.100059222022537,5.9222045820206404e-05,-0.2748578622110305,0.09686198214694386,0.11220645456626244,0.7915829709315627,0.09389787190046447,-0.14059372854199914,1.0332584115358205,-0.27351553823436003,0.09596884336780873,0.11053322068108032,0.7832687441988708,0.092375109577013,-0.1377547354213614,1.038487417657735
326176.997624865,RECENTER,6.110684464045335,0.000684464059304446,-0.27409063859006544,0.09686198214694386,0.11220645456626244,0.7892813000686658,0.09389787190046447,-0.1398265049210341,1.0344092469672699,-0.27248231175185644,0.09560631350532649,0.11011567273648695,0.7803098848424779,0.09202615532689884,-0.13723435606139367,1.039853059903311
326177.006853978,RECENTER,6.120057707012165,5.7707016821950674e-05,-0.2725561913481336,0.09647837033646134,0.11220645456626244,0.7865960173952846,0.09351426008998195,-0.13905928130006906,1.0359436942092017,-0.2715711672674951,0.09528661875281047,0.10974746062315549,0.7777006327295761,0.09171843214551507,-0.13677546269034765,1.0410573432049277
326177.016786757,RECENTER,6.130059564020485,5.9564015828073025e-05,-0.2710217441062017,0.09609475852597882,0.11182284275577814,0.7839107347219052,0.09351426008998195,-0.13867566948958476,1.0374781414511336,-0.27059927389636945,0.09494560893923326,0.10935469864274813,0.7749174135193954,0.0913901920856104,-0.13628597344574586,1.0423419198861104
326177.028180525,RECENTER,6.141198416007683,0.0011984159937128425,-0.2698709086747524,0.09609475852597882,0.1110556191348131,0.7808418402380415,0.09313064827949766,-0.13829205767910224,1.038628976882583,-0.26951734457722426,0.0945659906329595,0.10891746888619977,0.771819083440639,0.09102478930061403,-0.13574106514523188,1.04377193393431
326177.036826419,RECENTER,6.150058280036319,5.828001303598285e-05,-0.2687200732433048,0.09609475852597882,0.11067200732433058,0.7773893339436935,0.09274703646901514,-0.13790844586861972,1.039396200503548,-0.2686571227136933,0.09426416318353675,0.1085698356449947,0.7693556588647269,0.09073426434756317,-0.13530781869795747,1.0449089114869559
326177.046779865,RECENTER,6.160059806017671,5.980604328215122e-05,-0.26718562600137297,0.09571114671549452,0.11028839551384806,0.7743204394598315,0.09236342465853262,-0.1375248340581372,1.0405470359349973,-0.2676864346512928,0.09392357627859942,0.10817756075448423,0.7665758913072664,0.09040643135968915,-0.13481893650107812,1.0461918950803286
326177.056794336,RECENTER,6.170058907999191,5.890801548957825e-05,-0.26641840238040615,0.095327534905012,0.10913756008239872,0.7724023804074154,0.0919798128480501,-0.13675761043717038,1.0413142595559624,-0.2667163957915728,0.09358321716046628,0.10778554822004902,0.7637979828769746,0.09007881762871414,-0.13433038127188793,1.0474740206056772
326177.066923141,RECENTER,6.180066627042834,6.662704981863499e-05,-0.2656511787594411,0.09494392309452948,0.1087539482719162,0.769717097734036,0.0919798128480501,-0.13637399862668786,1.0424650949874117,-0.2657459468935534,0.09324271417152571,0.10739336998075436,0.761018900216561,0.08975106541444461,-0.13384161952895518,1.0487566880892831
326177.076782021,RECENTER,6.19005739298882,5.739298649132252e-05,-0.2656511787594411,0.09417669947356266,0.1083703364614319,0.7670318150606548,0.0915962010375658,-0.13560677500572105,1.043615930418861,-0.2647775784251434,0.09290294114631814,0.10700203248559656,0.7582457752998939,0.08942401582904354,-0.13335390558400953,1.0500366058151045
326177.086782536,RECENTER,6.200060343020596,6.034300895407796e-05,-0.2652675669489568,0.09417669947356266,0.10798672465094938,0.7651137560082404,0.09082897741660076,-0.13560677500572105,1.0451503776607929,-0.263808477378332,0.09256291108013108,0.10661039894053018,0.7554705524923058,0.08909671882804576,-0.13286582267960914,1.0513174918088033
326177.097120872,RECENTER,6.210061157995369,6.115797441452742e-05,-0.2652675669489568,0.09340947585259762,0.10721950102998434,0.7624284733348592,0.09082897741660076,-0.134839551384756,1.0466848249027247,-0.2628400431472782,0.09222311498067733,0.10621903486934361,0.7526972392506034,0.08876964703245704,-0.13237807561363624,1.0525974964548168
326177.106775731,RECENTER,6.22005771601107,5.771603900939226e-05,-0.26450034332799177,0.0930258640421151,0.10683588921950005,0.759743190661478,0.09044536560611824,-0.1340723277637892,1.0478356603341723,-0.2618724922100592,0.09188362880397322,0.10582802775525349,0.7499264555048747,0.08844287355397785,-0.13189077341419375,1.0538763336284551
326177.116920395,RECENTER,6.23006183700636,6.183702498674393e-05,-0.26411673151750925,0.09225864042114829,0.106068665598535,0.7566742961776143,0.09006175379563394,-0.13368871595330667,1.0482192721446566,-0.26090469221337387,0.09154405523936762,0.10543691999114138,0.7471549585254604,0.08811601596000147,-0.1314033457771944,1.0551554999904507
326177.127051514,RECENTER,6.240064316021744,6.431603105738759e-05,-0.2629658960860599,0.09225864042114829,0.10530144197756819,0.7536054016937523,0.09006175379563394,-0.13330510414282415,1.0489864957656216,-0.2599375455145217,0.09120471089843914,0.10504607623803947,0.7443853324005383,0.08778937900599058,-0.13091624717038738,1.0564338028717528
326177.136806651,RECENTER,6.250061433995143,6.143399514257908e-05,-0.2618150606546106,0.09187502861066577,0.10491783016708567,0.7513037308308537,0.0892945301746689,-0.13253788052185733,1.050137331197071,-0.25897142261379136,0.09086572577922884,0.10465564622268886,0.7416186381348968,0.08746308782196521,-0.13042966419439356,1.057710752572518
326177.146783761,RECENTER,6.260058192012366,5.8192003052681684e-05,-0.26143144884412806,0.09187502861066577,0.10453421835660315,0.74823483634699,0.08891091836418638,-0.1321542687113748,1.0516717784390028,-0.2580058511769189,0.09052693415304253,0.10426543906515717,0.7388535231009371,0.0871369828852537,-0.1299433589604188,1.0589869733891966
326177.157077113,RECENTER,6.270061873015948,6.187299732118845e-05,-0.26104783703364554,0.09149141680018325,0.10453421835660315,0.7447823300526437,0.08852730655370208,-0.13138704509040977,1.0535898374914172,-0.2570401396726744,0.09018809338118877,0.10387517530353702,0.7360880069548679,0.0868108306432267,-0.12945698318221138,1.0602633793365541
326177.16691806,RECENTER,6.280059973010793,5.997298285365105e-05,-0.2598970016021962,0.09149141680018325,0.10415060654612063,0.7413298237582975,0.08814369474321956,-0.13061982146944295,1.055124284733349,-0.25607550668161444,0.08984963102901654,0.10348534739114351,0.7333255793560638,0.08648504265024468,-0.12897115059178532,1.0615383597850572
326177.176791698,RECENTER,6.2900586950127035,5.869503365829587e-05,-0.25874616617074686,0.09149141680018325,0.10376699473563633,0.7378773174639512,0.08776008293273704,-0.13023620965896043,1.0558915083543141,-0.255111364707401,0.08951134096072674,0.10309571790869593,0.7305645578863273,0.08615942048965118,-0.12848556529954278,1.0628126912438565
326177.186965577,RECENTER,6.300105306028854,0.00010530604049563408,-0.2579789425497818,0.09149141680018325,0.10376699473563633,0.7348084229800875,0.08737647112225452,-0.1298525978484779,1.0570423437857634,-0.2541431714445537,0.08917162941018095,0.1027044512176879,0.7277919347073019,0.08583243007687757,-0.12799793959600414,1.0640923773959405
326177.196763934,RECENTER,6.310057219990995,5.721999332308769e-05,-0.2568281071183325,0.09110780498970072,0.10376699473563633,0.7317395284962238,0.08737647112225452,-0.1294689860379954,1.0585767910276953,-0.2531846752909715,0.0888353203001919,0.1023171033267791,0.7250470812215284,0.08550871469387644,-0.1275151977931382,1.0653592466271493
326177.206795306,RECENTER,6.320057303993963,5.7303986977785826e-05,-0.25644449530784996,0.09110780498970072,0.10299977111467129,0.7294378576333251,0.086992859311772,-0.1290853742275111,1.0604948500801097,-0.25222212364652763,0.0884975882335043,0.10192811652910366,0.7222906139925109,0.08518362963946594,-0.12703041346254507,1.0666314761058364
326177.216723396,RECENTER,6.330056646023877,5.664600757881999e-05,-0.2552936598764006,0.09072419317921643,0.10261615930418877,0.7271361867704282,0.08622563569080519,-0.12870176241702858,1.0631801327534909,-0.25126023998786107,0.08816009054407677,0.101539399678137,0.7195360596799745,0.08485877018561828,-0.12654596555965408,1.0679028226903928
326177.226881415,RECENTER,6.340061649039853,6.164901424199343e-05,-0.2545264362554356,0.08995696955825139,0.10223254749370447,0.7248345159075313,0.08622563569080519,-0.12831815060654606,1.0643309681849402,-0.2502984201681997,0.08782261525394519,0.10115070862581743,0.7167816881837337,0.08453393229228283,-0.12606154980895934,1.06917408489728
326177.23672713,RECENTER,6.350064198020846,6.419804412871599e-05,-0.25337560082398625,0.08995696955825139,0.10184893568322195,0.7217656214236676,0.08584202388032267,-0.12793453879606353,1.065865415426872,-0.2493374559412479,0.08748544016702423,0.10076236333600333,0.7140297668555213,0.0842093833604843,-0.12557756497326159,1.0704442162450873
326177.24679965,RECENTER,6.360058021033183,5.802104715257883e-05,-0.2522247653925369,0.08918974593728457,0.10146532387273943,0.7186967269398039,0.08584202388032267,-0.12716731517509672,1.067399862668804,-0.2483779601284704,0.08714878030498155,0.10037461146237692,0.7112820506373139,0.0838853303599997,-0.1250943196970323,1.0717124067517876
326177.256803912,RECENTER,6.37005891604349,5.8916048146784306e-05,-0.25069031815060505,0.08880613412680205,0.10108171206225691,0.7160114442664227,0.08545841206984015,-0.1267837033646142,1.0685506981002515,-0.24741842712569145,0.08681210739402231,0.09998684455951062,0.7085342279177869,0.08356126479923978,-0.12461105569024442,1.0729806464134772
326177.266830345,RECENTER,6.380058900045697,5.89000410400331e-05,-0.2495394827191575,0.08842252231631953,0.1003144884412901,0.712942549782559,0.08507480025935585,-0.12601647974364738,1.0697015335317008,-0.24645963474061633,0.08647569434480579,0.09959937695539942,0.705788526111399,0.08323744936921097,-0.12412816469186583,1.0742479071815352
326177.276792929,RECENTER,6.390058543009218,5.854299524798989e-05,-0.24800503547722563,0.08765529869535271,0.1003144884412901,0.7117917143511097,0.08430757663839081,-0.12563286793316486,1.0708523689631502,-0.2455015394789703,0.08613952589642476,0.09921219107311777,0.7030448206632305,0.08291386938047947,-0.12364562479622226,1.075514246543472
326177.288296712,RECENTER,6.40153300203383,0.0015330020105466247,-0.24647058823529377,0.08688807507438767,0.09954726482032505,0.7091064316777302,0.08392396482790829,-0.12524925612268234,1.072386816205082,-0.244402970932673,0.08575406935735944,0.09876823706470919,0.6998988406899194,0.08254284698629606,-0.12309233623201737,1.0769662530898483
326177.296863579,RECENTER,6.410060284018982,6.0284044593572617e-05,-0.24570336461432696,0.08688807507438767,0.09954726482032505,0.7060375371938665,0.08354035301742399,-0.12486564431219982,1.0735376516365314,-0.24358715243143597,0.08546782178814566,0.0984385481299779,0.6975625743955687,0.08226731849554482,-0.12268145331649735,1.0780445415666517
326177.307246688,RECENTER,6.4200624620425515,6.246205884963274e-05,-0.2441689173723951,0.08612085145342085,0.09878004119935824,0.7025850308995203,0.08315674120694147,-0.124098420691233,1.074688487067979,-0.24263087583885568,0.08513229145914841,0.09805209720904609,0.6948240770852794,0.08194435273061688,-0.12219982938444982,1.0793084771465051
326177.316793416,RECENTER,6.430057637044229,5.7637051213532686e-05,-0.24263447013046324,0.08612085145342085,0.09839642938887572,0.7002833600366216,0.08277312939645895,-0.12371480888075048,1.0758393224994283,-0.24167597779623018,0.08479724482422402,0.09766620338833373,0.6920895275400745,0.08162185254692778,-0.12171889975220515,1.0805705906611214
326177.3267991,RECENTER,6.440062128996942,6.212899461388588e-05,-0.24110002288853138,0.08573723964293833,0.0980128175783932,0.6975980773632422,0.08200590577549213,-0.12294758525978366,1.0766065461203933,-0.2407209106273152,0.08446213884768239,0.09728024122023021,0.6893544936664939,0.08129929524377985,-0.12123788494034907,1.081832927714342
326177.336808191,RECENTER,6.450057234033011,5.723402136936784e-05,-0.24033279926756634,0.08573723964293833,0.09762920576791068,0.694912794689861,0.08162229396500961,-0.12256397344930114,1.0781409933623252,-0.23976747106209634,0.08412760395110638,0.09689493680005459,0.6866241207752888,0.08097728763543446,-0.12075768986296945,1.0830931135215343
326177.346829594,RECENTER,6.460057788994163,5.7788973208516836e-05,-0.23994918745708382,0.08573723964293833,0.09724559395742638,0.6926111238269623,0.08123868215452709,-0.1217967498283361,1.078908216983292,-0.23881425455971195,0.08379314732095122,0.09650972252413065,0.6838943866709961,0.0806553553626766,-0.12027760713007282,1.0843530045007919
326177.356781649,RECENTER,6.470059756014962,5.9756042901426554e-05,-0.23879835202563449,0.08535362783245581,0.09686198214694386,0.6899258411535829,0.08123868215452709,-0.12141313801785181,1.079675440604257,-0.23786165793794584,0.08345890818932045,0.09612475875463719,0.6811664277240368,0.08033363244380193,-0.11979783659695514,1.0856120761677555
326177.366782805,RECENTER,6.48006372799864,6.372801726683974e-05,-0.23726390478370263,0.08535362783245581,0.09647837033646134,0.6876241702906842,0.08047145853356028,-0.12102952620736929,1.0815934996566732,-0.23690963628701928,0.0831248707986467,0.09574002734261455,0.6784401153258999,0.08001210371131477,-0.11931835564503046,1.0868703878808448
326177.376823475,RECENTER,6.490057710034307,5.7710043620318174e-05,-0.2361130693522533,0.0849700160219733,0.09609475852597882,0.6849388876173048,0.08008784672307775,-0.12026230258640425,1.0823607232776382,-0.2359593413186155,0.08279143925188823,0.09535599371829925,0.6757187476430069,0.07969115813577836,-0.11883974432813868,1.0881264173928507
326177.386810004,RECENTER,6.50005847599823,5.847599823027849e-05,-0.23534584573128825,0.084586404211489,0.09609475852597882,0.6822536049439236,0.07970423491259523,-0.11987869077592173,1.08389517051957,-0.23500918881807814,0.08245805769306261,0.09497201766816135,0.6729977879465392,0.07937026067628264,-0.11836120476447662,1.0893822586013815
326177.397047683,RECENTER,6.510108374990523,0.00010837498120963573,-0.2341950102998389,0.08420279240100648,0.09571114671549452,0.6791847104600599,0.07970423491259523,-0.11949507896543743,1.0842787823300526,-0.23405517312015772,0.08212332064786515,0.09458648042098272,0.6702657651792774,0.07904805848915103,-0.11788071952073792,1.0906432058981115
326177.407034243,RECENTER,6.520057825022377,5.782500375062227e-05,-0.23304417486838958,0.08420279240100648,0.095327534905012,0.6772666514076455,0.07932062310211271,-0.11911146715495491,1.0858132295719845,-0.23311149862755248,0.08179221203825693,0.09420512226628489,0.6675633566085364,0.07872934886401539,-0.11740544257343216,1.091890484955508
326177.41706211,RECENTER,6.530070002016146,7.000198820605874e-05,-0.23227695124742453,0.08381918059052396,0.095327534905012,0.6745813687342643,0.07932062310211271,-0.11872785534447239,1.0869640650034338,-0.23216269511263832,0.0814593038002189,0.09382169136881563,0.6648462600135285,0.0784089070009204,-0.11692758241964496,1.0931445431747457
326177.427157302,RECENTER,6.540158151998185,0.00015815201913937926,-0.23189333943694201,0.08343556878004144,0.09494392309452948,0.6711288624399181,0.07893701129162842,-0.11834424353398987,1.0881149004348831,-0.23120753567407099,0.08112416544887371,0.09343569191265924,0.6621109619065695,0.07808631853530432,-0.11644652113663909,1.0944070021831593
326177.436790031,RECENTER,6.550066195020918,6.619503255933523e-05,-0.23150972762645772,0.08305195696955714,0.09456031128404696,0.6680599679560544,0.0785533994811459,-0.11757701991302305,1.0892657358663307,-0.2302702642603146,0.0807953034979931,0.09305692137302712,0.6594268898865097,0.07776977143853586,-0.11597446906803088,1.0956458181251345
326177.44675475,RECENTER,6.560057844035327,5.7844037655740976e-05,-0.23150972762645772,0.08266834515907462,0.09417669947356266,0.6653746852826732,0.07816978767066338,-0.11719340810254053,1.09041657129778,-0.2293259331867199,0.08046396451274135,0.09267529788052847,0.6567226010592742,0.07745084006460587,-0.11549886143698748,1.0968939650026577
326177.4569292,RECENTER,6.570058890036307,5.8890029322355986e-05,-0.2311261158159752,0.0822847333485921,0.09379308766308014,0.6626894026092938,0.07778617586018086,-0.11680979629205801,1.0919510185397119,-0.2283815789653078,0.08013261740557709,0.09229366503352357,0.6540182459434394,0.07713190087290367,-0.11502324214766141,1.0981421424752515
326177.467010116,RECENTER,6.58007234003162,7.234001532196999e-05,-0.23074250400549268,0.08151750972762706,0.09340947585259762,0.6600041199359126,0.07740256404969834,-0.1160425726710912,1.0931018539711612,-0.22743693152721361,0.07980116741699697,0.09191191369166299,0.6513130511405294,0.07681286265237366,-0.1145474751812171,1.0993907074999407
326177.477210776,RECENTER,6.590059070033021,5.907000740990043e-05,-0.22959166857404334,0.08075028610666024,0.0930258640421151,0.6573188372625314,0.07740256404969834,-0.11565896086060867,1.0942526894026088,-0.22649569084860827,0.07947091276367965,0.09153153909095879,0.6486176123033822,0.07649497500552996,-0.11407342401218262,1.100634769722236
326177.48677144,RECENTER,6.600057461997494,5.746202077716589e-05,-0.22920805676356082,0.0799830624856952,0.0930258640421151,0.654633554589152,0.07701895223921404,-0.11527534905012615,1.0954035248340581,-0.22555424843134864,0.07914058732599144,0.0911510829635401,0.6459215957455564,0.0761770192249692,-0.11359927123848199,1.1018790985877445
326177.496773127,RECENTER,6.610060562030412,6.056204438209534e-05,-0.2288244449530783,0.07921583886472838,0.0926422522316308,0.6515646601052882,0.07663534042873152,-0.11489173723964186,1.0965543602655075,-0.2246132722206325,0.07881042546695408,0.09077081523971658,0.6432269142673248,0.07585922089754918,-0.1131253532673796,1.1031228112559703
326177.506866376,RECENTER,6.620058844040614,5.8844045270234346e-05,-0.22805722133211148,0.07883222705424586,0.09187502861066577,0.6484957656214245,0.07663534042873152,-0.11450812542915934,1.0980888075074393,-0.22367366925465249,0.0784807454405389,0.09039110247216525,0.6405361653615786,0.07554188635962278,-0.11265212692413326,1.1043647088710038
326177.516771814,RECENTER,6.630058157024905,5.815702024847269e-05,-0.22767360952162896,0.07844861524376334,0.09149141680018325,0.6454268711375608,0.076251728618249,-0.1137409018081943,1.0992396429388887,-0.2227349002739506,0.07815135803589962,0.09001172673511457,0.6378478047464784,0.07522483348569964,-0.1121793206134089,1.1056055041860602
326177.526816202,RECENTER,6.640061689016875,6.168900290504098e-05,-0.2261391622796971,0.07806500343327905,0.09110780498970072,0.6419743648432146,0.07548450499728218,-0.11335728999771,1.1003904783703362,-0.22179667763032618,0.07782216232544248,0.08963257178404604,0.6351610086814556,0.07490796512760958,-0.11170678946262627,1.1068455773932286
326177.536872943,RECENTER,6.650058478000574,5.847797729074955e-05,-0.22537193865873206,0.07768139162279653,0.09072419317921643,0.6389054703593509,0.07548450499728218,-0.11259006637674496,1.101157701991303,-0.22086003998061177,0.07749352274438581,0.08925405736141981,0.632478751576806,0.07459163207360889,-0.11123505658611405,1.1080835556728288
326177.547583295,RECENTER,6.660919199988712,0.0009192000143229961,-0.2238374914168002,0.07768139162279653,0.08995696955825139,0.6362201876859697,0.07510089318679966,-0.11220645456626244,1.1026921492332349,-0.21984354904924996,0.07713686491205063,0.0888432725951801,0.6295678179587858,0.0742483299644317,-0.11072310600293372,1.1094270781063118
326177.556792983,RECENTER,6.670075158006512,7.515802280977368e-05,-0.22268665598535087,0.077297779812314,0.08957335774776887,0.6335349050125885,0.07510089318679966,-0.11182284275577814,1.1042265964751667,-0.2189875060047008,0.0768365036916652,0.08849732810015623,0.6271163603018912,0.07395921633471492,-0.11029196419697851,1.1105585324055038
326177.567209136,RECENTER,6.6801053489907645,0.00010534899774938822,-0.22153582055390153,0.077297779812314,0.08918974593728457,0.6312332341496916,0.07471728137631714,-0.11143923094529562,1.1061446555275811,-0.2180506744336974,0.07650779606912933,0.08811873530997263,0.6244335478632177,0.07364281778717616,-0.10982013365297716,1.1117967669959024
326177.577115565,RECENTER,6.690076639992185,7.663998985663056e-05,-0.22000137331196967,0.07691416800183148,0.08880613412680205,0.6293151750972772,0.07433366956583462,-0.1110556191348131,1.1080627145799955,-0.21712033771541617,0.07618136730616978,0.08774276722255311,0.6217693347888369,0.0733286127630319,-0.10935157420912647,1.1130264171709703
326177.586802575,RECENTER,6.700060154020321,6.015400867909193e-05,-0.21923414969100463,0.07653055619134719,0.08880613412680205,0.6270135042343785,0.07395005775535032,-0.11028839551384806,1.1099807736324099,-0.2161898637544003,0.07585489038862794,0.08736674367253877,0.6191047286912845,0.07301436138754425,-0.10888294564365764,1.1142562487433207
326177.600546465,RECENTER,6.711651602992788,0.0016516029718331993,-0.21731609063858848,0.07653055619134719,0.08842252231631953,0.6247118333714816,0.0735664459448678,-0.10990478370336376,1.1115152208743417,-0.21511080208609773,0.07547627825968628,0.08693067279232142,0.6160146107283324,0.07264992710167784,-0.10833948162117496,1.11568247254301
326177.606862226,RECENTER,6.720078157028183,7.815705612301826e-05,-0.21616525520714092,0.07614694438086467,0.08803891050583701,0.6224101625085829,0.07318283413438528,-0.10952117189288124,1.112666056305791,-0.2143272322962571,0.0752013458484807,0.0866140162211497,0.6137706953396764,0.07238529005156721,-0.10794484060816176,1.1167181370613743
326177.616981133,RECENTER,6.730064497038256,6.449705688282847e-05,-0.21501441977569158,0.07614694438086467,0.08803891050583701,0.6189576562142367,0.07279922232390276,-0.10952117189288124,1.1134332799267561,-0.21339957702738177,0.07487585793005122,0.08623913176225398,0.6111141611544819,0.07207199064026054,-0.10747763166291835,1.117944243095201
326177.626749635,RECENTER,6.740057468006853,5.746801616623998e-05,-0.21424719615472654,0.07576333257038215,0.08765529869535271,0.6174232089723048,0.07279922232390276,-0.1087539482719162,1.114967727168688,-0.2124723541251527,0.0745505217168127,0.08586442203155917,0.6084588651412839,0.07175883725325866,-0.10701064047697795,1.1191697776588152
326177.636855458,RECENTER,6.750061210012063,6.121001206338406e-05,-0.21271274891279468,0.07576333257038215,0.08727168688487019,0.6155051499198905,0.07241561051341847,-0.1087539482719162,1.1161185626001373,-0.21154519289402401,0.07422520714221381,0.08548973722341682,0.605803745736134,0.0714457046945969,-0.10654368035137937,1.1203952307101361
326177.647087676,RECENTER,6.760060313041322,6.031303200870752e-05,-0.21232913710231038,0.07537972075989963,0.08688807507438767,0.6128198672465093,0.07203199870293595,-0.10798672465094938,1.1176530098420692,-0.21061953322762855,0.07390041942408393,0.0851156592282808,0.603152926374523,0.07113307926327303,-0.10607747648136279,1.121618699104396
326177.656747826,RECENTER,6.770058474037796,5.8474019169807434e-05,-0.21117830167086282,0.07499610894941533,0.08650446326390515,0.6105181963836124,0.07203199870293595,-0.10798672465094938,1.1188038452735185,-0.20969504266110123,0.07357604190993314,0.08474205369030224,0.6005054549740241,0.07082084867506894,-0.10561186142265855,1.1228406222690315
326177.666836867,RECENTER,6.780083215038758,8.321501081809402e-05,-0.20964385442893096,0.07422888532845029,0.08612085145342085,0.6078329137102312,0.0712647750819709,-0.10721950102998434,1.1203382925154504,-0.20876919120878668,0.07325118689956475,0.08436789819055546,0.5978540863934654,0.07050815847139094,-0.10514556096062116,1.1240643441517157
326177.676768454,RECENTER,6.790059435996227,5.943601718172431e-05,-0.20849301899748163,0.07384527351796777,0.08573723964293833,0.6039967956054024,0.0712647750819709,-0.10683588921950005,1.1214891279468997,-0.20784892187469378,0.0729282904961287,0.08399599853890147,0.5952187033717447,0.0701973535309259,-0.10468207190455983,1.125280688003937
326177.686774671,RECENTER,6.800057796994224,5.7797005865722895e-05,-0.2073421835660323,0.07346166170748347,0.08535362783245581,0.6009279011215387,0.07088116327148661,-0.10645227740901753,1.1222563515678647,-0.20692772276339466,0.07260506786024656,0.08362372314527028,0.5925806577392287,0.06988623457440216,-0.10421811457085006,1.1264982607668115
326177.696714793,RECENTER,6.810059304989409,5.9304991737008095e-05,-0.20580773632410043,0.07307804989700095,0.0849700160219733,0.597859006637675,0.07088116327148661,-0.106068665598535,1.123407186999314,-0.206007358611486,0.0722821381879287,0.08325178517579845,0.5899450031869324,0.06957539761087117,-0.10375457776026914,1.1277147299421997
326177.706950098,RECENTER,6.820016409037635,1.640903064981103e-05,-0.20465690089265287,0.07269443808651843,0.084586404211489,0.5947901121538113,0.07049755146100409,-0.10568505378805249,1.1237907988097966,-0.2050922087206819,0.07196103805191595,0.08288195439583801,0.5873242807579577,0.06926632167321825,-0.1032936670862635,1.1289243072934187
326177.716773923,RECENTER,6.830057791026775,5.779101047664881e-05,-0.20388967727168605,0.07192721446555339,0.08420279240100648,0.5924884412909144,0.07011393965052157,-0.10491783016708567,1.124941634241246,-0.20417046342445655,0.07163762377523722,0.08250945827771208,0.5846846710110811,0.06895501825224787,-0.10282943466924227,1.1301426019630794
326177.726751997,RECENTER,6.84005718503613,5.71850105188787e-05,-0.20350606546120353,0.0715436026550691,0.08381918059052396,0.5901867704280157,0.06973032784003905,-0.10491783016708567,1.1264760814831778,-0.2032537310830423,0.07131596840219581,0.08213898799710886,0.5820594169050026,0.06864540786946088,-0.10236772700188657,1.1313542708803217
326177.736866426,RECENTER,6.850059713993687,5.971401697024703e-05,-0.203122453650721,0.07115999084458657,0.08343556878004144,0.5882687113755996,0.06934671602955475,-0.10415060654612063,1.1272433051041428,-0.20233787866342995,0.07099462176875337,0.08176887331089466,0.5794366826383788,0.06833609466493801,-0.10190646250275373,1.1325647767820914
326177.746854778,RECENTER,6.8600681950338185,6.819504778832197e-05,-0.2023552300297542,0.07039276722362153,0.08305195696955714,0.5855834287022201,0.06896310421907223,-0.10376699473563633,1.1287777523460747,-0.2014226603235763,0.07067349761591094,0.08139901486927395,0.5768157641912861,0.06802699560981074,-0.10144551735472604,1.1337744446041953
326177.757311046,RECENTER,6.870592499035411,0.0005924990400671959,-0.20158800640878916,0.07039276722362153,0.08266834515907462,0.5825145342183564,0.06896310421907223,-0.10338338292515381,1.129928587777524,-0.2004615565981014,0.07033627358291544,0.08101061320525477,0.5740634433799816,0.06770239956481547,-0.10096146226129349,1.1350447603308196
326177.767245308,RECENTER,6.880106977012474,0.00010697700781747699,-0.20082078278782234,0.07000915541313724,0.0822847333485921,0.5794456397344927,0.06857949240858971,-0.10299977111467129,1.1303121995880065,-0.19959381507225232,0.07003180769730058,0.08065994111477692,0.5715784846839289,0.06740933497677679,-0.10052442857363131,1.1361916768162241
326177.77676795,RECENTER,6.890060805017129,6.080500315874815e-05,-0.2000535591668573,0.07000915541313724,0.08190112153810958,0.5767603570611115,0.06819588059810719,-0.10223254749370447,1.1303121995880065,-0.1986871752344841,0.06971369349748774,0.08029354942122557,0.5689821325653122,0.06710313316132832,-0.10006780394535439,1.1373900062095808
326177.786790858,RECENTER,6.90005859604571,5.859602242708206e-05,-0.19928633554589048,0.06962554360265472,0.08190112153810958,0.5736914625772478,0.06819588059810719,-0.10184893568322195,1.1314630350194559,-0.19777774700473688,0.06939460093002969,0.07992603088147038,0.5663777953051643,0.06679598961505073,-0.0996097749573771,1.1385920210929514
326177.796835756,RECENTER,6.910063490038738,6.349006434902549e-05,-0.19851911192492544,0.06962554360265472,0.08151750972762706,0.5713897917143509,0.06781226878762467,-0.10146532387273943,1.1333810940718703,-0.19686890297883242,0.06907571334312756,0.07955874843043131,0.5637751310344681,0.06648904337344669,-0.09915204020074886,1.139793263818948
326177.806927844,RECENTER,6.920062473043799,6.247306009754539e-05,-0.19813550011444114,0.06962554360265472,0.08113389791714276,0.5683208972304872,0.06742865697714037,-0.10108171206225691,1.1345319295033196,-0.1959618359228344,0.0687574492445571,0.07919218408925938,0.5611775554874183,0.06618269727248141,-0.09869520040614319,1.1409921578777218
326177.816720441,RECENTER,6.930056567012798,5.6567019782960415e-05,-0.19775188830395862,0.06962554360265472,0.08075028610666024,0.5652520027466235,0.06742865697714037,-0.10108171206225691,1.1356827649347672,-0.195056461445561,0.0684397790238466,0.07882630375375269,0.5585848269922788,0.06587692281050295,-0.09823921307036271,1.1421888148112866
326177.826794193,RECENTER,6.940058375010267,5.8375007938593626e-05,-0.19698466468299358,0.06962554360265472,0.08075028610666024,0.5621831082627597,0.06742865697714037,-0.10069810025177439,1.1368336003662165,-0.19415164866298296,0.0681223058858707,0.07846065041055555,0.5559937070269563,0.06557133805112556,-0.09778350862931151,1.1433847293384014
326177.836834143,RECENTER,6.950057687994558,5.768798291683197e-05,-0.19660105287251106,0.0692419317921722,0.08036667429617772,0.5594978255893786,0.06704504516665785,-0.1003144884412901,1.1376008239871833,-0.19324833240869205,0.06780535783721778,0.07809560184503386,0.5534068726822594,0.06526625871811406,-0.09732855790726136,1.1445786658652564
326177.846826443,RECENTER,6.9600598069955595,5.980697460472584e-05,-0.19621744106202677,0.06885831998168968,0.08036667429617772,0.5571961547264817,0.06704504516665785,-0.09954726482032505,1.1383680476081484,-0.19234604412744205,0.06748877047514368,0.07773096870443363,0.5508229821525943,0.06496152656509427,-0.09687412491870154,1.145771243693476
326177.856765243,RECENTER,6.9700583590311,5.8359059039503336e-05,-0.19545021744106172,0.06847470817120538,0.0799830624856952,0.5564289311055148,0.06666143335617533,-0.09916365300984253,1.1399024948500802,-0.19144536881797747,0.06717274905911286,0.07736698739870707,0.548243710703779,0.064657339165204,-0.09642050429532939,1.1469616896150436
326177.867026336,RECENTER,6.980092908022925,9.290804155170918e-05,-0.1946829938200949,0.06847470817120538,0.0795994506752109,0.5537436484321354,0.06627782154569281,-0.09878004119935824,1.141436942092012,-0.19054275911016721,0.06685604891757688,0.07700222436306267,0.5456588997021734,0.06435249845596133,-0.09596590942188707,1.1481546922810864
326177.877043893,RECENTER,6.990105657023378,0.00010565703269094229,-0.1942993820096124,0.06809109636072286,0.07921583886472838,0.5514419775692367,0.06589420973520851,-0.09839642938887572,1.1425877775234614,-0.18964342687290997,0.06654049874748377,0.0766387858202725,0.5430834744205191,0.06404876465531856,-0.0955129652301274,1.149343363029276
326177.886777039,RECENTER,7.000058453006204,5.845300620421767e-05,-0.19314854657816305,0.06732387273975782,0.07883222705424586,0.5487566948958573,0.065510597924726,-0.0980128175783932,1.1441222247653933,-0.18875079297887704,0.06622729883601167,0.07627805421491846,0.5405272312406182,0.06374729310344351,-0.09506339462549401,1.1505231804034595
326177.896872462,RECENTER,7.0100600810255855,6.008101627230644e-05,-0.192381322957198,0.06694026092927352,0.07806500343327905,0.5460714122224761,0.065510597924726,-0.09724559395742638,1.1452730601968408,-0.1878551087591771,0.06591302865179369,0.07591608991060234,0.5379622528174839,0.063444791357198,-0.09461228773956593,1.1517070294722078
326177.906902774,RECENTER,7.020063542004209,6.35419855825603e-05,-0.19084687571526615,0.066556649118791,0.077297779812314,0.5437697413595775,0.06512698611424347,-0.09686198214694386,1.1464238956282902,-0.18696060338218562,0.06559917209004104,0.07555460200072461,0.535400650256115,0.06314268774454684,-0.09416177457188302,1.1528893204339672
326177.91686087,RECENTER,7.030065671016928,6.567098898813128e-05,-0.1896960402838168,0.06617303730830848,0.07653055619134719,0.5414680704966806,0.06512698611424347,-0.09647837033646134,1.1483419546807045,-0.18606757005680463,0.06528583202943983,0.07519370897699695,0.5328432632213078,0.06284108129169039,-0.09371200279564518,1.1540696657469254
326177.926776467,RECENTER,7.040057530044578,5.753006553277373e-05,-0.18854520485236748,0.06540581368734166,0.07614694438086467,0.5391663996337837,0.06474337430376095,-0.09609475852597882,1.1498764019226364,-0.1851768145118846,0.0649732911773871,0.07483373645091995,0.5302923990855386,0.0625402441195155,-0.09326337821216568,1.1552470004583588
326177.936848136,RECENTER,7.050060290028341,6.0290039982646704e-05,-0.1870107576104374,0.06540581368734166,0.07576333257038215,0.5364811169604025,0.06397615068279414,-0.095327534905012,1.1517944609750508,-0.18428645956920064,0.06466089088529481,0.07447392581639631,0.5277426821577573,0.06223954224376907,-0.09281495539000251,1.1564238056834246
326177.947172737,RECENTER,7.060063490993343,6.34909956716001e-05,-0.18509269855802124,0.06502220187685914,0.07461249713893281,0.5334122224765387,0.06359253887231162,-0.09494392309452948,1.1533289082169826,-0.18339744863900564,0.06434896216905839,0.0741146583247961,0.5251968140898295,0.061939294284833885,-0.09236720947301999,1.157598834492318
326177.956839449,RECENTER,7.070058797020465,5.8797013480216265e-05,-0.18355825131608938,0.06463859006637662,0.07422888532845029,0.530343327992675,0.0632089270618291,-0.09456031128404696,1.154479743648432,-0.182510530997967,0.06403776792860522,0.07375623677413867,0.5226569405916413,0.06163975329785518,-0.0919205178306712,1.1587710965466296
326177.966714621,RECENTER,7.08005716901971,5.7169003412127495e-05,-0.18240741588464182,0.0642549782558941,0.07461249713893281,0.5272744335088113,0.0632089270618291,-0.09379308766308014,1.1560141908903638,-0.18162474299901277,0.06372697004751415,0.07339827173494162,0.5201203020589784,0.06134059382781701,-0.09147439512691899,1.1599418655236935
326177.976776491,RECENTER,7.090058294998016,5.829497240483761e-05,-0.181640192263675,0.0638713664454098,0.07422888532845029,0.5242055390249476,0.0628253152513448,-0.09340947585259762,1.1571650263218132,-0.18074012344575136,0.06341658214087059,0.07304077888853647,0.5175870096140602,0.06104182897996227,-0.09102886090500698,1.161111090135774
326177.986840586,RECENTER,7.1000596130033955,5.9613026678562164e-05,-0.18087296864270996,0.06348775463492728,0.07422888532845029,0.5222874799725332,0.0628253152513448,-0.0930258640421151,1.1579322499427782,-0.17985690948835198,0.06310668741794156,0.07268385407215477,0.5150577423858183,0.060743538847630535,-0.09058403460443404,1.1622784569353397
326177.99689947,RECENTER,7.110065668995958,6.566900992766023e-05,-0.1793385214007781,0.06348775463492728,0.07384527351796777,0.5203694209201188,0.06244170344086228,-0.0926422522316308,1.15946669718471,-0.17897471062548748,0.06279714886288892,0.07232733947622697,0.5125313820923219,0.06044559154579937,-0.09013971955115616,1.1634444820581256
326178.00682746,RECENTER,7.120058089029044,5.808903370052576e-05,-0.1789549095902938,0.06348775463492728,0.07346166170748347,0.5184513618677045,0.06244170344086228,-0.09187502861066577,1.1606175326161594,-0.17809515476384952,0.06248853766199092,0.07197189297112763,0.5100125905836377,0.06014853687160279,-0.08969673563225197,1.1646070138576263
326178.017716496,RECENTER,7.1309874500148,0.0009874500101432204,-0.17818768596932877,0.06348775463492728,0.07307804989700095,0.5161496910048058,0.06205809163037976,-0.09149141680018325,1.1625355916685738,-0.1771347874029598,0.06215157199843946,0.07158378888709138,0.5072623785057806,0.05982418952092189,-0.08921305140516678,1.1658763563120758
326178.02680599,RECENTER,7.140058860008139,5.8859994169324636e-05,-0.17742046234836373,0.06348775463492728,0.07192721446555339,0.5138480201419089,0.06167447981989724,-0.09110780498970072,1.1629192034790563,-0.17633900515381562,0.06187235458170329,0.07126219701144673,0.50498349019484,0.05955542792536986,-0.08881225964799086,1.1669281623547136
326178.036873661,RECENTER,7.150061049032956,6.10490096732974e-05,-0.1762696269169144,0.06348775463492728,0.07192721446555339,0.5107791256580452,0.06129086800941294,-0.09072419317921643,1.1644536507209882,-0.17546297487761553,0.06156498040872277,0.07090817526749899,0.502474794934787,0.059259563956254424,-0.08837105137259246,1.1680860342964814
326178.046744244,RECENTER,7.160058088018559,5.808804417029023e-05,-0.17511879148546505,0.06310414282444476,0.07192721446555339,0.5092446784161133,0.06129086800941294,-0.08995696955825139,1.165220874341955,-0.17458887630059955,0.061258284014188175,0.07055493416268274,0.49997163149791235,0.05896435238489656,-0.08793081598784497,1.1692413530613261
326178.056792429,RECENTER,7.17005837301258,5.837302887812257e-05,-0.1743515678645,0.06272053101396224,0.07192721446555339,0.5057921721217671,0.06090725619893042,-0.08957335774776887,1.1663717097734043,-0.17371598460640536,0.06095201108059928,0.07020218078388793,0.49747192422151154,0.058669548417193046,-0.08749118844360582,1.1703950766578366
326178.066883403,RECENTER,7.180057707009837,5.7707016821950674e-05,-0.17396795605401572,0.06272053101396224,0.07115999084458657,0.5031068894483859,0.06090725619893042,-0.08918974593728457,1.1671389333943694,-0.17284467634337808,0.06064629372808861,0.06985006730199894,0.4949767514302432,0.058375279225789584,-0.08705235838656925,1.171546707392297
326178.076776328,RECENTER,7.190057261032052,5.726102972403169e-05,-0.17320073243305067,0.06195330739299543,0.07039276722362153,0.5000379949645222,0.06090725619893042,-0.08880613412680205,1.1682897688258187,-0.17197485897298392,0.060341099487509736,0.06949855632030241,0.49248584812073104,0.058081513557408065,-0.08661427921016471,1.1726963675752877
326178.086991094,RECENTER,7.20005918899551,5.9188983868807554e-05,-0.17243350881208386,0.06156969558251291,0.06962554360265472,0.4981199359121078,0.0605236443884479,-0.08842252231631953,1.1690569924467837,-0.17110635536354518,0.060036366208381764,0.06914757625626614,0.48999870703950155,0.05778819158890919,-0.08617686170290698,1.1738442913263427
326178.096808468,RECENTER,7.210060195997357,6.019597640261054e-05,-0.1712826733806363,0.060802471961547866,0.0692419317921722,0.4954346532387266,0.06014003257796538,-0.08803891050583701,1.1705914396887156,-0.17023946156671305,0.059732197766830836,0.06879724675041479,0.4875161759921549,0.05749541330658217,-0.08574025496973223,1.1749900873463142
326178.106740265,RECENTER,7.220056633988861,5.6634016800671816e-05,-0.17013183794918696,0.06041886015106357,0.06885831998168968,0.4923657587548629,0.05975642076748108,-0.08727168688487019,1.1721258869306475,-0.16937450211333216,0.05942870803152414,0.06844769895229733,0.48503918434039694,0.05720328831506791,-0.08530462245898035,1.1761333266943659
326178.116830027,RECENTER,7.230059864989016,5.9865007642656565e-05,-0.16974822613870444,0.05965163653009853,0.06847470817120538,0.48968047608148346,0.05898919714651604,-0.08650446326390515,1.17250949874113,-0.16851050395199807,0.05912555558632707,0.06809853963194837,0.48256494554874774,0.05691148798320089,-0.084869474098169,1.1772752954777819
326178.126794556,RECENTER,7.240080368006602,8.036801591515541e-05,-0.16898100251773762,0.05965163653009853,0.06809109636072286,0.48699519340810227,0.05898919714651604,-0.08573723964293833,1.1736603341725793,-0.16764657714319608,0.05882242817670938,0.06774940914661637,0.48009091108994406,0.05661971174940894,-0.08443436167370422,1.1784171699527053
326178.136824537,RECENTER,7.250058912031818,5.8912031818181276e-05,-0.16821377889677258,0.05926802471961601,0.06732387273975782,0.48469352254520537,0.05860558533603352,-0.08573723964293833,1.1744275577935461,-0.1667878320439895,0.05852111888199568,0.06740237269606536,0.4776317155364318,0.056329685547789776,-0.08400185899140969,1.1795521956276338
326178.14677016,RECENTER,7.260060891043395,6.0891034081578255e-05,-0.16783016708629006,0.05888441290913171,0.06694026092927352,0.4820082398718242,0.05860558533603352,-0.0849700160219733,1.1755783932249937,-0.1659286460027568,0.05821965487323352,0.06705515805182713,0.4751712572535356,0.056039510425680616,-0.08356913423086493,1.1806878041070772
326178.156844393,RECENTER,7.270059683010913,5.968299228698015e-05,-0.16783016708629006,0.05850080109864919,0.066556649118791,0.4800901808194098,0.058221973525551,-0.084586404211489,1.1763456168459605,-0.16507132010603404,0.05791884353641194,0.06670869513001362,0.47271612588209644,0.05574996353498396,-0.08313734632281658,1.1818209539852664
326178.16684039,RECENTER,7.28006349503994,6.349501200020313e-05,-0.16706294346532324,0.05850080109864919,0.066556649118791,0.4777885099565111,0.057454749904584185,-0.08420279240100648,1.1774964522774098,-0.16421516049687362,0.057618441416811134,0.06636270352884738,0.47026433441814586,0.0554608105375998,-0.08270614580967686,1.1829525623509292
326178.177020131,RECENTER,7.290165109036025,0.0001651090569794178,-0.1662957198443582,0.05811718928816667,0.06617303730830848,0.4751032272831317,0.057454749904584185,-0.08381918059052396,1.1782636758983749,-0.16335226083957594,0.05731567440551841,0.06601398813643705,0.4677932414217323,0.05516938120633985,-0.0822715507049396,1.184093079213063
326178.186822907,RECENTER,7.300058715045452,5.87150570936501e-05,-0.16514488441290887,0.05811718928816667,0.06617303730830848,0.472801556420233,0.057071138094101664,-0.08343556878004144,1.1794145113298242,-0.1625087267221218,0.05701970221280153,0.06567309875458158,0.465377605684427,0.05488449224889788,-0.08184670895767032,1.185208000138811
326178.196952744,RECENTER,7.310067356040236,6.735604256391525e-05,-0.16437766079194205,0.05850080109864919,0.06578942549782596,0.47011627374685183,0.056687526283619144,-0.08305195696955714,1.1801817349507893,-0.16165700208171319,0.056720856197925995,0.06532889941495529,0.46293851467774183,0.054596837084971594,-0.08141774209440272,1.1863337466912238
326178.206884491,RECENTER,7.32006266200915,6.26620021648705e-05,-0.1632268253604945,0.05850080109864919,0.06578942549782596,0.4670473792629881,0.056687526283619144,-0.08266834515907462,1.1817161821927211,-0.16080804500276996,0.05642298124185938,0.06498581850349644,0.46050734916007086,0.05431011661673127,-0.08099016909965129,1.1874558352858524
326178.216826618,RECENTER,7.330068267998286,6.826798198744655e-05,-0.16207598992904515,0.05811718928816667,0.06578942549782596,0.4639784847791262,0.05630391447313485,-0.08190112153810958,1.1820997940032036,-0.15995985654175265,0.05612537597201908,0.06464304820625491,0.4580783847400103,0.05402365573580942,-0.08056298321548125,1.1885769079782293
326178.228052984,RECENTER,7.341178917034995,0.00117891700938344,-0.1609251544975958,0.05850080109864919,0.06578942549782596,0.46206042572671,0.05592030266265233,-0.08190112153810958,1.1836342412451355,-0.15901993006206266,0.055795582433820406,0.06426320470019953,0.4553867093853352,0.05370621193676167,-0.08008959393616985,1.1898192331897257
326178.236803996,RECENTER,7.350058267998975,5.826802225783467e-05,-0.16015793087663077,0.05811718928816667,0.06502220187685914,0.4593751430533306,0.05592030266265233,-0.08151750972762706,1.1840178530556198,-0.15827023878554364,0.05553253703188488,0.06396023912886459,0.4532398121798362,0.053453016764507755,-0.07971201566726693,1.1908101195981668
326178.246805333,RECENTER,7.360058433027007,5.843304097652435e-05,-0.15900709544518143,0.05811718928816667,0.06502220187685914,0.45822430762188127,0.05553669085216981,-0.08113389791714276,1.1851686884870674,-0.15742749300420322,0.055236841443947055,0.06361966832974919,0.4508264340072814,0.05316839405385873,-0.07928757096154587,1.1919239985596222
326178.256791782,RECENTER,7.370056624989957,5.662499461323023e-05,-0.1582398718242164,0.05773357747768415,0.0642549782558941,0.4563062485694669,0.055153079041687286,-0.08113389791714276,1.1867031357289992,-0.15658659218610688,0.054941793201274264,0.0632798431179987,0.4484183392714651,0.05288439444741411,-0.07886405546235253,1.1930354389852966
326178.266850036,RECENTER,7.3800653560319915,6.535602733492851e-05,-0.1578562600137321,0.057349965667199854,0.0638713664454098,0.4543881895170525,0.055153079041687286,-0.08036667429617772,1.187470359349966,-0.15574649525380063,0.05464702701932084,0.0629403427729304,0.4460125466301381,0.052600666339394836,-0.07844094483622427,1.194145816894268
326178.276858646,RECENTER,7.39006878703367,6.878701969981194e-05,-0.15747264820324958,0.05696635385671733,0.06310414282444476,0.4517029068436713,0.05476946723120299,-0.0799830624856952,1.189004806591898,-0.15490854208128974,0.05435301302186615,0.06260170876502189,0.4436128930917431,0.052317662248911434,-0.07801891390401514,1.195253361340305
326178.287181014,RECENTER,7.400077197002247,7.719697896391153e-05,-0.15670542458228454,0.05658274204623481,0.06310414282444476,0.44940123598077264,0.05438585542072047,-0.07921583886472838,1.1905392538338297,-0.15407188059229254,0.05405945223951436,0.06226359675282808,0.4412169385582758,0.052035094402039184,-0.07759753352175949,1.1963591985347337
326178.297400038,RECENTER,7.4106014120043255,0.0006014120299369097,-0.15593820096131772,0.055815518425267996,0.06272053101396224,0.4467159533073932,0.05400224361023795,-0.07883222705424586,1.1913064774547948,-0.1531939534117056,0.05375141249659526,0.0619088084310378,0.4387028111171971,0.051738589786503,-0.07715536987993615,1.1975195776642384
326178.306800592,RECENTER,7.420057679992169,5.7680008467286825e-05,-0.15517097734035268,0.055431906614785476,0.062336919203479724,0.44441428244449455,0.05361863179975543,-0.07844861524376334,1.1928409246967266,-0.15240674314357672,0.053475202744830225,0.06159068066816478,0.4364484704602891,0.051472723228251915,-0.0767588953582066,1.1985600538971966
326178.316750082,RECENTER,7.4300668420037255,6.684201071038842e-05,-0.15440375371938586,0.055048294804302955,0.062336919203479724,0.4428798352025627,0.05323501998927113,-0.07806500343327905,1.193991760128176,-0.151575194404103,0.05318343588124946,0.061254634822577175,0.4340671573505761,0.05119188212348921,-0.07634008998672523,1.1996591334379465
326178.326817112,RECENTER,7.440057149040513,5.7149038184434175e-05,-0.15402014190890334,0.054664682993820435,0.06195330739299543,0.44019455252918327,0.05246779636830609,-0.077297779812314,1.1959098191805904,-0.15074695244113484,0.05289282927173891,0.060919925312978324,0.43169531388451676,0.05091215782490144,-0.0759229500567232,1.2007538423264057
326178.336827697,RECENTER,7.450058436021209,5.843600956723094e-05,-0.15325291828793652,0.05389745937285362,0.061186083772030386,0.4375092698558021,0.05246779636830609,-0.07691416800183148,1.1974442664225222,-0.14991955060101142,0.05260251743750227,0.060585555314196265,0.4293258762853043,0.050632717263173144,-0.07550623325039796,1.201847440802707
326178.346743675,RECENTER,7.460056257026736,5.625700578093529e-05,-0.15210208285648896,0.0535138475623711,0.06041886015106357,0.4348239871824209,0.05208418455782357,-0.07614694438086467,1.198978713664454,-0.14909419477859087,0.05231292349283681,0.06025201215299619,0.42696229788417295,0.0503539677082912,-0.0750905469106749,1.2029383350043328
326178.356853835,RECENTER,7.470058556005824,5.855603376403451e-05,-0.15095124742503963,0.05313023575188858,0.06041886015106357,0.43137148088807464,0.051700572747339274,-0.07576333257038215,1.200513160906386,-0.14827023823139912,0.05202382051415494,0.0599190344675225,0.4246027265992671,0.05007569073424842,-0.07467556530893554,1.2040273797475893
326178.366874058,RECENTER,7.480060142988805,6.0143007431179285e-05,-0.14941680018310777,0.05274662394140606,0.06003524834058105,0.4279189745937284,0.051700572747339274,-0.07537972075989963,1.2016639963378353,-0.14744811824968557,0.05173536193420028,0.05958679897570482,0.42224841470234753,0.04979803402821087,-0.07426150868423101,1.2051139970546099
326178.376800014,RECENTER,7.490057513001375,5.751301068812609e-05,-0.14826596475165843,0.05236301213092176,0.06003524834058105,0.4252336919203472,0.05093334912637423,-0.07499610894941533,1.2024312199588003,-0.14662813034258604,0.05144765143874572,0.05925542509882625,0.419900208445408,0.04952109739324265,-0.07384852586826232,1.206197796343303
326178.386709982,RECENTER,7.500058300036471,5.830003647133708e-05,-0.14711512932021087,0.05236301213092176,0.06003524834058105,0.42369924467841535,0.051316960936856754,-0.07461249713893281,1.2031984435797671,-0.14580965683838887,0.05116047230430951,0.058924663223120594,0.4175563389967798,0.04924467222148035,-0.07343630577375543,1.207279594006394
326178.396824682,RECENTER,7.510059298016131,5.929800681769848e-05,-0.14673151750972657,0.05236301213092176,0.05965163653009853,0.421781185626001,0.05093334912637423,-0.07422888532845029,1.204732890821699,-0.14499296975416331,0.05087391997396473,0.05859462327624654,0.4152175853340294,0.0489688503819517,-0.07302498540074928,1.208359030511866
326178.406778661,RECENTER,7.520058281021193,5.8281002566218376e-05,-0.14596429388876153,0.05236301213092176,0.05926802471961601,0.4202467383840691,0.05054973731589171,-0.07422888532845029,1.2058837262531465,-0.14417825898660325,0.05058806107707442,0.05826538199934034,0.41288449126591353,0.048693696008957926,-0.07261466038976577,1.2094358548683322
326178.416977188,RECENTER,7.530103461002,0.00010346097405999899,-0.145580682078279,0.05236301213092176,0.05888441290913171,0.41832867933165474,0.050166125505407416,-0.07346166170748347,1.2070345616845959,-0.14336161693413557,0.05030152454709605,0.05793536025072027,0.41054586656098624,0.04841788937812122,-0.07220336269677968,1.2105152318541614
326178.427348126,RECENTER,7.540097856021021,9.785604197531939e-05,-0.1448134584573122,0.05236301213092176,0.05888441290913171,0.41641062027924036,0.050166125505407416,-0.07307804989700095,1.2081853971160452,-0.14255093524138296,0.05001707933826019,0.05760774720531314,0.4082243105882384,0.04814409575497455,-0.0717950669092095,1.2115867308779333
326178.436722683,RECENTER,7.550058908993378,5.8909005019813776e-05,-0.14366262302586286,0.05236301213092176,0.05850080109864919,0.4141089494163417,0.049782513694924896,-0.07269443808651843,1.2089526207370103,-0.14174478442499938,0.04973422388541182,0.057281965179674765,0.40591572972420487,0.04787183235641318,-0.07138905307490412,1.21265224132487
326178.446824629,RECENTER,7.560063944023568,6.394402589648962e-05,-0.1425117875944153,0.05197940032043924,0.05850080109864919,0.41142366674296227,0.049782513694924896,-0.07231082627603591,1.2101034561684596,-0.14093691800401792,0.04945076647557775,0.056955489843145024,0.40360223586887445,0.047598989542277315,-0.07098217518490746,1.213720019330909
326178.45692355,RECENTER,7.570068699016701,6.869900971651077e-05,-0.14136095216296596,0.05197940032043924,0.05773357747768415,0.4091219958800636,0.049398901884442376,-0.07192721446555339,1.211254291599909,-0.14013093049138714,0.049167968321383704,0.05662977381189169,0.4012941226591695,0.04732678129671439,-0.07057624359772194,1.2147853139350389
326178.467037198,RECENTER,7.580061511020176,6.15110038779676e-05,-0.14021011673151662,0.05159578850995672,0.05773357747768415,0.4064367132066842,0.049015290073959855,-0.0715436026550691,1.2124051270313565,-0.13932776645329037,0.04888616084430822,0.05630519880441992,0.39899409505720307,0.04705552663050258,-0.07017173403939048,1.2158468766796315
326178.476828824,RECENTER,7.5900591220124625,5.912198685109615e-05,-0.13944289311055158,0.0512121766994742,0.057349965667199854,0.4041350423437855,0.049015290073959855,-0.07115999084458657,1.2124051270313565,-0.1385260866273884,0.04860487413518827,0.055981223597438956,0.3966983178061654,0.046784773231110965,-0.06976797199712162,1.2169064777024636
326178.488561016,RECENTER,7.601719460042659,0.0017194600659422576,-0.13867566948958476,0.05044495307850738,0.05696635385671733,0.4022169832913711,0.048631678263477335,-0.07115999084458657,1.2135559624628058,-0.13759345141080748,0.048277638894378416,0.055604326639866614,0.39402752250289796,0.04646979192919598,-0.06929825492607658,1.218139165862361
326178.496808036,RECENTER,7.610058802005369,5.880201933905482e-05,-0.13790844586861972,0.04967772945754234,0.05658274204623481,0.40029892423895674,0.04824806645299304,-0.07039276722362153,1.2143231860837727,-0.13692801597237547,0.04804415647588578,0.055335410575207106,0.39212190944862435,0.04624505269888243,-0.06896311168941463,1.2190186891438628
326178.506826797,RECENTER,7.620057596010156,5.759601481258869e-05,-0.1371412222476529,0.049294117647058044,0.05619913023575229,0.39838086518654237,0.04786445464250874,-0.07000915541313724,1.2154740215152202,-0.1361319038146735,0.04776482330359541,0.05501368537676968,0.3898420763757757,0.045976179682460594,-0.06856215377544048,1.2200709312351998
326178.516793671,RECENTER,7.630057812028099,5.781202344223857e-05,-0.13675761043717038,0.048910505836575524,0.055815518425267996,0.39569558251316117,0.04748084283202622,-0.06962554360265472,1.217008468757152,-0.13533758273247704,0.04748611856889132,0.054692683988560364,0.3875673724208961,0.04570791157059795,-0.06816209792770353,1.2211208060155778
326178.526747901,RECENTER,7.640057467040606,5.746702663600445e-05,-0.13522316319523853,0.048526894026093004,0.055815518425267996,0.39224307621881493,0.04748084283202622,-0.0692419317921722,1.217775692378119,-0.13454521866061675,0.04720810049359833,0.054372473468236454,0.3852982727729539,0.04544030440489366,-0.0677630277184528,1.2221680941646262
326178.53711362,RECENTER,7.650110060989391,0.00011006096610799432,-0.1340723277637892,0.04814328221561048,0.055431906614785476,0.3887905699244687,0.04671361921106118,-0.06885831998168968,1.218542915999084,-0.1337505955803851,0.04692928979635064,0.05405135003644712,0.38302270398376437,0.04517193429845409,-0.06736281977091299,1.2232183681036415
326178.547109117,RECENTER,7.660104476031847,0.00010447605745866895,-0.13330510414282415,0.04775967040512619,0.055048294804302955,0.385721675440605,0.04671361921106118,-0.06809109636072286,1.2193101396200507,-0.13296250359301048,0.046652770674314614,0.05373286595280127,0.3807658383400465,0.044905769954883545,-0.06696590117568693,1.2242600097278002
326178.557380479,RECENTER,7.670105333032552,0.00010533304885029793,-0.13253788052185733,0.047376058594643666,0.054664682993820435,0.38380361638818883,0.04594639559009436,-0.06770748455024034,1.2200773632410158,-0.13217584021671497,0.046376752811379846,0.053414959200098644,0.37851306382187544,0.0446400880998247,-0.0665697020932991,1.225299763119635
326178.566741781,RECENTER,7.680057969992049,5.796999903395772e-05,-0.13253788052185733,0.046992446784161146,0.05428107118333614,0.38226916914625697,0.04556278377961184,-0.06732387273975782,1.2208445868619826,-0.131394900980067,0.04610274338666692,0.053099365689250416,0.3762766815704921,0.04437633947324199,-0.06617638594526942,1.2263319507676036
326178.576791079,RECENTER,7.690068185038399,6.818503607064486e-05,-0.1321542687113748,0.04622522316319433,0.05428107118333614,0.3807347219043251,0.04517917196912932,-0.06694026092927352,1.2223790341039145,-0.1306113950703392,0.04582783338918081,0.05278273493333824,0.3740329491158516,0.04411172399752694,-0.06578177710515612,1.2273675308539658
326178.586803137,RECENTER,7.7000577810104005,5.778099875897169e-05,-0.1321542687113748,0.04584161135271181,0.05389745937285362,0.37920027466239503,0.044795560158645026,-0.06694026092927352,1.223529869535362,-0.1298314617648934,0.0455541769171908,0.05246754793985381,0.37179944755810124,0.04384831510668877,-0.06538896758935475,1.2283983889365688
326178.596750595,RECENTER,7.710058667988051,5.866796709597111e-05,-0.13138704509040977,0.04507438773174677,0.05389745937285362,0.37651499198901384,0.04517917196912932,-0.066556649118791,1.2246807049668114,-0.12905261486020125,0.045280901632406584,0.052152799983124026,0.36956905713531407,0.04358527312878474,-0.06499670523386958,1.2294278110951127
326178.606711297,RECENTER,7.720056390040554,5.6390068493783474e-05,-0.13023620965896043,0.04507438773174677,0.0535138475623711,0.374980544747082,0.044795560158645026,-0.06617303730830848,1.2254479285877782,-0.12827599041453447,0.045008406145448404,0.05183895016752177,0.36734503118710515,0.043322981747710876,-0.0646055622087778,1.2304542957719087
326178.616766365,RECENTER,7.730058929999359,5.893001798540354e-05,-0.1290853742275111,0.04469077592126247,0.0535138475623711,0.3722952620737008,0.044795560158645026,-0.06617303730830848,1.2265987640192257,-0.12750097664257215,0.044736475798202,0.05152575125809164,0.3651256177387121,0.043061234343629656,-0.06421523039145666,1.2314786515794856
326178.626748988,RECENTER,7.740057952993084,5.795300239697099e-05,-0.12831815060654606,0.04507438773174677,0.05313023575188858,0.3699935912108039,0.044028336537679985,-0.06540581368734166,1.2273659876401926,-0.12672822752112894,0.04446534005257993,0.05121346754023426,0.36291268958903244,0.042800251785820836,-0.06382603915406418,1.2325000141397227
326178.636740348,RECENTER,7.750058881007135,5.88810071349144e-05,-0.12831815060654606,0.04469077592126247,0.05313023575188858,0.3676919203479052,0.043644724727197465,-0.06502220187685914,1.2281332112611576,-0.1259573312954636,0.044194854435523984,0.05090193261544082,0.36070506759255494,0.042539895011291545,-0.06343778111838044,1.2335189276795429
326178.646810965,RECENTER,7.760059638007078,5.963799776509404e-05,-0.12793453879606353,0.04469077592126247,0.05236301213092176,0.36615747310597335,0.043644724727197465,-0.0642549782558941,1.229284046692607,-0.1251884562229667,0.043925077983779426,0.050591214479962676,0.3585032335893825,0.04228022084604513,-0.06305054102640023,1.234535169808788
326178.656784171,RECENTER,7.77005640702555,5.640700692310929e-05,-0.12755092698557924,0.04469077592126247,0.05197940032043924,0.364239414053559,0.04326111291671317,-0.0642549782558941,1.230051270313572,-0.12442190217189547,0.043656115912611176,0.05028143431669302,0.35630804631476165,0.04202133056536303,-0.06266446990527436,1.2355483441838038
326178.66695712,RECENTER,7.780057144002058,5.7143974117934704e-05,-0.1267837033646142,0.04430716411077995,0.05159578850995672,0.3623213550011446,0.04326111291671317,-0.0638713664454098,1.2308184939345388,-0.12365706670155813,0.04338775684267032,0.049972348667032124,0.3541177805542235,0.04176302070539356,-0.0622792643387558,1.2365592470660807
326178.676796656,RECENTER,7.790059034014121,5.9034035075455904e-05,-0.12563286793316486,0.04430716411077995,0.05159578850995672,0.3592524605172809,0.04287750110623065,-0.06348775463492728,1.2319693293659881,-0.12289417423584453,0.043120079517933396,0.049664048225261936,0.35193307899234627,0.04150536706139696,-0.06189503735681637,1.2375675818287415
326178.686764802,RECENTER,7.800058046996128,5.804700776934624e-05,-0.12448203250171552,0.04392355230029743,0.0512121766994742,0.3565671778438997,0.04249388929574813,-0.06348775463492728,1.2331201647974357,-0.12213353918959852,0.04285319425764994,0.04935666005284875,0.3497548420215595,0.04124847582151103,-0.06151194731292259,1.2385729329015307
326178.69744616,RECENTER,7.810672921012156,0.0006729210144840181,-0.12333119707026796,0.04392355230029743,0.0508285648889899,0.35349828336003597,0.04249388929574813,-0.06310414282444476,1.2338873884184025,-0.12132829315510657,0.04257065626710077,0.04903124366806991,0.34744885218902866,0.04097651799727614,-0.06110638916750019,1.2396372474747692
326178.706976638,RECENTER,7.820064200030174,6.420002318918705e-05,-0.12256397344930114,0.04392355230029743,0.05006134126802486,0.35081300068665655,0.04211027748526561,-0.06272053101396224,1.2350382238498518,-0.12061779805106893,0.04232136369018488,0.04874411807135104,0.3454142013918875,0.04073656064964942,-0.0607485518551972,1.2405763272852264
326178.716952699,RECENTER,7.830058134044521,5.813402822241187e-05,-0.1217967498283361,0.04353994048981491,0.05006134126802486,0.3488949416342422,0.04172666567478131,-0.062336919203479724,1.2358054474708169,-0.1198637052961673,0.04205677393434459,0.048439373772619004,0.3432546996357746,0.04048187895472655,-0.060368756803679424,1.2415730312418276
326178.726820137,RECENTER,7.840057368041016,5.736801540479064e-05,-0.12141313801785181,0.04315632867933239,0.05006134126802486,0.346976882581826,0.04172666567478131,-0.06195330739299543,1.2373398947127487,-0.11911127962708634,0.04179276911162744,0.04813530317734857,0.3410999719273289,0.040227760289006154,-0.05998980137161297,1.2425675317678526
326178.736747407,RECENTER,7.8500577750382945,5.777506157755852e-05,-0.12102952620736929,0.04277271686884809,0.04967772945754234,0.34544243533989416,0.04134305386429879,-0.06156969558251291,1.2388743419546806,-0.11836084093778843,0.04152946146375017,0.04783203556122978,0.3389509343495771,0.03997431269110285,-0.059611846671995095,1.2435594060511526
326178.746823865,RECENTER,7.8600584320374765,5.8432051446288824e-05,-0.12064591439688677,0.04200549324788305,0.049294117647058044,0.3439079880979623,0.04095944205381627,-0.060802471961547866,1.2404087891966125,-0.11761246623213156,0.041266878009182134,0.047529602043095864,0.33680780741911454,0.03972156216772865,-0.05923493148743447,1.244548552313731
326178.756800958,RECENTER,7.870057925989386,5.792599404230714e-05,-0.12026230258640425,0.041238269626916235,0.048910505836575524,0.3419899290455479,0.04095944205381627,-0.06041886015106357,1.2415596246280618,-0.11686626822178059,0.04100505829524917,0.04722804817203485,0.3346709139092823,0.03946954678528533,-0.05885911258459847,1.2455348215816564
326178.766853993,RECENTER,7.880060155992396,6.015598773956299e-05,-0.11911146715495491,0.040854657816433715,0.048526894026093004,0.339688258182651,0.04057583024333375,-0.06003524834058105,1.2423268482490268,-0.11612196365036348,0.04074390293532565,0.04692725947835599,0.33253944265642854,0.03921817087886639,-0.05848424730282928,1.2465185882422238
326178.776944317,RECENTER,7.890059620025568,5.962001159787178e-05,-0.11834424353398987,0.040471046005951195,0.04814328221561048,0.33700297550926983,0.04019221843284945,-0.05965163653009853,1.2434776836804762,-0.11537996910517606,0.04048355809807605,0.046627404313502124,0.3304145866450914,0.03896757514357582,-0.058110545454238854,1.2474993016811977
326178.786879151,RECENTER,7.900060698040761,6.06980174779892e-05,-0.11719340810254053,0.040087434195468674,0.04814328221561048,0.33431769283588864,0.03980860662236693,-0.05926802471961601,1.2446285191119255,-0.11463996634330675,0.04022391212109053,0.046328354069006594,0.32829543452037213,0.038717652098412686,-0.05773784675737345,1.2484773825284896
326178.796872895,RECENTER,7.910060763999354,6.076402496546507e-05,-0.1160425726710912,0.03970382238498438,0.04775967040512619,0.33201602197299174,0.03942499481188441,-0.05926802471961601,1.2461629663538574,-0.11390215694594141,0.03996503573348881,0.04603019020794771,0.3261825635520059,0.03846846982391178,-0.05736625273759102,1.249452564349017
326178.806823538,RECENTER,7.920063283992931,6.328400922939181e-05,-0.11527534905012615,0.03932021057450186,0.047376058594643666,0.32971435111009484,0.03942499481188441,-0.05850080109864919,1.2469301899748224,-0.11316629268495976,0.039706841839065116,0.04573281241626731,0.32407526288703936,0.0382199444853486,-0.056995638376037994,1.2504251752323263
326178.816842539,RECENTER,7.930058260040823,5.826004780828953e-05,-0.11412451361867681,0.03893659876401934,0.047376058594643666,0.3285635156786455,0.03865777119091937,-0.05811718928816667,1.2484646372167543,-0.11243311445940435,0.03944959039827595,0.0454365201064153,0.321975654244284,0.03797232630847147,-0.056626376822818486,1.251394235912932
326178.826768747,RECENTER,7.940058937005233,5.8937002904713154e-05,-0.11297367818722748,0.03893659876401934,0.046608834973678626,0.3266454566262311,0.03865777119091937,-0.05811718928816667,1.2496154726482036,-0.11170165705819207,0.03919294274593302,0.04514092321686042,0.31988097354065403,0.03772528931004687,-0.056257981954188935,1.2523610221353625
326178.836804249,RECENTER,7.950058932008687,5.8931997045874596e-05,-0.11259006637674496,0.038552986953536816,0.04622522316319433,0.32472739757381497,0.038274159380435074,-0.05773357747768415,1.2503826962691686,-0.11097239584796387,0.038937065674705534,0.04484621385298057,0.31779258208759154,0.03747899403687899,-0.05589069318618492,1.2533249055951963
326178.846873834,RECENTER,7.960055652016308,5.565199535340071e-05,-0.11143923094529562,0.038552986953536816,0.04584161135271181,0.32242572671091807,0.037506935759470034,-0.057349965667199854,1.251533531700618,-0.11024552551516381,0.038682027494544,0.044552470691547885,0.31571103741030204,0.03723350624092367,-0.055524608571662165,1.25428562897031
326178.856795053,RECENTER,7.970058823004365,5.8823032304644585e-05,-0.10990478370336376,0.03816937514305252,0.04584161135271181,0.3205076676585037,0.037506935759470034,-0.05696635385671733,1.252300755321583,-0.10952034672296401,0.03842758282799402,0.0442594111162532,0.31363433681203734,0.03698858973334673,-0.05515937589311842,1.2552441165923307
326178.866737711,RECENTER,7.98005767702125,5.767703987658024e-05,-0.10913756008239872,0.03816937514305252,0.04584161135271181,0.3185896086060893,0.03712332394898751,-0.05658274204623481,1.2534515907530324,-0.10879764755882904,0.03817400819259073,0.04396735360935239,0.31156473714548905,0.03674451067696427,-0.05479539206687106,1.2561993268256124
326178.876899429,RECENTER,7.990065557009075,6.555701838806272e-05,-0.10798672465094938,0.03816937514305252,0.04545799954222929,0.3159043259327081,0.03712332394898751,-0.05619913023575229,1.2542188143739992,-0.10807647188978392,0.03792096810839646,0.04367591177796332,0.30949950032462614,0.03650094615451571,-0.05443217554132029,1.2571525234159118
326178.886788267,RECENTER,8.000057568016928,5.7568016927689314e-05,-0.10683588921950005,0.03816937514305252,0.04469077592126247,0.31360265506980944,0.03712332394898751,-0.05619913023575229,1.2549860379949642,-0.10735861811402148,0.03766909358232068,0.04338581239156167,0.3074437764374587,0.03625850354367027,-0.0540706320707382,1.258101329373684
326178.896873101,RECENTER,8.010061050008517,6.104999920353293e-05,-0.10645227740901753,0.03816937514305252,0.04430716411077995,0.31168459601739507,0.03673971213850322,-0.055815518425267996,1.255753261615931,-0.10664212725564742,0.0374176972652937,0.04309626378793985,0.3053919555482638,0.03601652123443663,-0.05370977502669494,1.2590483339281877
326178.90680032,RECENTER,8.020057688991074,5.76889724470675e-05,-0.10568505378805249,0.03778576333257,0.04392355230029743,0.3097665369649807,0.036356100328020696,-0.055431906614785476,1.2569040970473786,-0.10592831914672285,0.037167242248945215,0.04280779933821596,0.30334781727120097,0.035775444977107634,-0.05335026913601948,1.2599917926231488
326178.916839068,RECENTER,8.030070719018113,7.071899017319083e-05,-0.10491783016708567,0.03740215152208748,0.04392355230029743,0.3078484779125663,0.035972488517538176,-0.055048294804302955,1.2576713206683454,-0.10521554446986325,0.03691714983459227,0.04251975251951676,0.3013066384422225,0.03553471774346065,-0.052991283728244576,1.2609338854041405
326178.926805862,RECENTER,8.04006373201264,6.373203359544277e-05,-0.10491783016708567,0.03740215152208748,0.04392355230029743,0.30669764248111697,0.035588876707055656,-0.054664682993820435,1.258054932478828,-0.10450640022757696,0.036668331236744095,0.042233172833648275,0.29927585611922525,0.03529521662586424,-0.05263412677071905,1.2618711797455773
326178.936960527,RECENTER,8.050066082039848,6.608205148950219e-05,-0.10453421835660315,0.03701853971160496,0.04353994048981491,0.3047795834287026,0.035588876707055656,-0.05428107118333614,1.258822156099793,-0.10379880626043192,0.03642005658646533,0.04194721964565784,0.2972495133321713,0.03505623908669775,-0.052277750601529394,1.2628064250481428
326178.946874081,RECENTER,8.060077048023231,7.704802555963397e-05,-0.10376699473563633,0.03701853971160496,0.04315632867933239,0.3028615243762882,0.035588876707055656,-0.05428107118333614,1.2599729915312423,-0.10309282596253444,0.0361723481269495,0.04166191857439974,0.2952277916232955,0.03481780653621641,-0.0519221871488007,1.2637395375222027
326178.957600223,RECENTER,8.070964171027299,0.0009641710203140974,-0.10338338292515381,0.03663492790112066,0.04277271686884809,0.300176241702907,0.03520526489657136,-0.0535138475623711,1.2607402151522091,-0.10232759056190965,0.035903848732815824,0.04135267130473361,0.2930363805790337,0.03455936160675738,-0.05153678015938934,1.2647509690027152
326178.966832675,RECENTER,8.080056731007062,5.673099076375365e-05,-0.10261615930418877,0.03663492790112066,0.04200549324788305,0.2971073472190433,0.03482165308608884,-0.0535138475623711,1.2611238269626917,-0.10169051914649263,0.03568031844537792,0.04109521772164115,0.29121199381570784,0.034344201831238125,-0.05121592232132349,1.2655930028191873
326178.976785622,RECENTER,8.090058470028453,5.8470002841204405e-05,-0.10184893568322195,0.03625131609063814,0.04200549324788305,0.2944220645456621,0.03482165308608884,-0.05274662394140606,1.2615074387731742,-0.10099188339216769,0.035435186977854055,0.04081288473059064,0.2892113047379501,0.03410824977243812,-0.05086405791130055,1.2665164078194775
326178.986908497,RECENTER,8.100060168013442,6.0168036725372076e-05,-0.10146532387273943,0.03586770428015562,0.04200549324788305,0.2921203936827652,0.03443804127560632,-0.05236301213092176,1.262274662394141,-0.10029549571075114,0.035190844295341195,0.04053146023176146,0.28721705348546256,0.03387305696111123,-0.05051332573197542,1.2674368414834856
326178.996791524,RECENTER,8.110062819032464,6.281904643401504e-05,-0.10069810025177439,0.03586770428015562,0.041238269626916235,0.2898187228198683,0.03443804127560632,-0.05197940032043924,1.2634254978255886,-0.09960129337491752,0.03494726838860021,0.04025091887575899,0.28522906042547636,0.03363860221219564,-0.05016369419104372,1.2683543867195453
326179.006758278,RECENTER,8.120009315025527,9.315030183643103e-06,-0.1003144884412901,0.0354840924696731,0.041238269626916235,0.288667887388419,0.0340544294651238,-0.05159578850995672,1.2645763332570379,-0.09891322725325358,0.034705845505341254,0.0399728572893496,0.2832586396935479,0.03340621986274944,-0.04981715312374607,1.2692638215621532
326179.016889949,RECENTER,8.130059504008386,5.950400372967124e-05,-0.09993087663080757,0.035100480659188804,0.040854657816433715,0.2871334401464871,0.0336708176546395,-0.0512121766994742,1.2649599450675204,-0.09822026178309551,0.034462703579678844,0.0396928157760528,0.2812741886561858,0.03317218284367493,-0.049468144524037305,1.270179732000763
326179.026803944,RECENTER,8.140057797019836,5.7797005865722895e-05,-0.09954726482032505,0.035100480659188804,0.040471046005951195,0.28521538109407274,0.0336708176546395,-0.0508285648889899,1.2657271686884872,-0.09753314852264039,0.034221615028387636,0.03941513926033796,0.2793064966409047,0.03294012230650731,-0.049122083360530755,1.2710879074219923
326179.036759727,RECENTER,8.150057431019377,5.743099609389901e-05,-0.09916365300984253,0.035100480659188804,0.040087434195468674,0.28329732204165836,0.03328720584415698,-0.05044495307850738,1.2664943923094523,-0.09684821762520646,0.03398129220637197,0.039138344682135645,0.27734505427693756,0.03270879882444269,-0.04877712133326528,1.2719931983574022
326179.046853759,RECENTER,8.160060573020019,6.057304563000798e-05,-0.09839642938887572,0.034716868848706284,0.03970382238498438,0.2813792629892422,0.03328720584415698,-0.05006134126802486,1.2676452277409016,-0.09616532825302038,0.033741685697652485,0.03886237512602242,0.2753894582459706,0.03247816483197602,-0.048433187509999476,1.2728957909559315
326179.05680346,RECENTER,8.170057603041641,5.760305793955922e-05,-0.0980128175783932,0.03433325703822376,0.03970382238498438,0.27984481574731035,0.03328720584415698,-0.05006134126802486,1.2684124513618666,-0.09548514213227577,0.033503027683178865,0.03858749800908126,0.27344160353886204,0.03224844381560471,-0.048090615165827355,1.2737948105969035
326179.066867085,RECENTER,8.180059191014152,5.9191021136939526e-05,-0.09724559395742638,0.03433325703822376,0.03932021057450186,0.27792675669489597,0.03290359403367446,-0.04967772945754234,1.2691796749828335,-0.09480693859944311,0.03326506530256215,0.038313422096446836,0.2714994263854096,0.032019392383772494,-0.04774904134215979,1.2746912098000007
326179.076810304,RECENTER,8.190081268025097,8.126802276819944e-05,-0.09647837033646134,0.03394964522774124,0.03893659876401934,0.2756250858319991,0.03251998222319194,-0.048910505836575524,1.2710977340352478,-0.09412965180576449,0.03302742457970881,0.038039716656846106,0.2695598745055723,0.03179065056462391,-0.04740792922959075,1.2755863973251764
326179.08682673,RECENTER,8.200088968034834,8.896802319213748e-05,-0.09571114671549452,0.03356603341725872,0.03816937514305252,0.2733234149691004,0.03213637041270764,-0.048910505836575524,1.2718649576562147,-0.09345564584827892,0.03279093500920596,0.03776733707022359,0.267629717983898,0.03156301679076154,-0.047068469493792175,1.2764772484840452
326179.096872972,RECENTER,8.210061563004274,6.156298331916332e-05,-0.09456031128404696,0.033182421606774426,0.03778576333257,0.271405355916686,0.03213637041270764,-0.048526894026093004,1.2726321812771797,-0.09278630530122944,0.03255608239887828,0.0374968428713367,0.265712921837276,0.03133695867802258,-0.046731359468669575,1.277361933248912
326179.106763874,RECENTER,8.220057600992732,5.760102067142725e-05,-0.09379308766308014,0.033182421606774426,0.03816937514305252,0.26987090867475416,0.03175275860222512,-0.04814328221561048,1.2733994048981465,-0.09211770212442161,0.032321488510850926,0.037226646658839097,0.26379823730400864,0.031111149599240967,-0.04639462081638823,1.2782456434124014
326179.116891769,RECENTER,8.230059018998872,5.901901749894023e-05,-0.0930258640421151,0.032415197985809385,0.03778576333257,0.2679528496223398,0.03175275860222512,-0.04775967040512619,1.2741666285191116,-0.09145106008033232,0.03208758272866177,0.03695724298016592,0.26188916888297964,0.030886002858880546,-0.04605886987881053,1.2791267614959017
326179.126753736,RECENTER,8.240055517992005,5.5518001317977905e-05,-0.0926422522316308,0.032415197985809385,0.03740215152208748,0.26680201419089045,0.0313691467917426,-0.04775967040512619,1.275317463950561,-0.09078707134602382,0.03185460791760644,0.03668891155821874,0.25998769876745587,0.03066175222768938,-0.045724455267458275,1.2800043726310335
326179.13685971,RECENTER,8.250058679026552,5.8679026551544666e-05,-0.09187502861066577,0.032031586175326865,0.03663492790112066,0.2652675669489586,0.030985534981260082,-0.047376058594643666,1.2764682993820085,-0.09012497278398235,0.03162229631437985,0.03642134399352684,0.25809164155412945,0.0304381399692627,-0.04539099263193247,1.2808794854764458
326179.146802539,RECENTER,8.260057773033623,5.7773024309426546e-05,-0.09149141680018325,0.03164797436484257,0.03663492790112066,0.2629658960860617,0.030601923170775785,-0.046992446784161146,1.2776191348134578,-0.0894654808875861,0.031390899316183135,0.03615482983571219,0.2562030490711056,0.030215408066760874,-0.04505884283054623,1.2817511530242534
326179.156830016,RECENTER,8.27005748800002,5.7487981393933296e-05,-0.09072419317921643,0.03164797436484257,0.03625131609063814,0.2610478370336473,0.030218311360293265,-0.046608834973678626,1.2783863584344246,-0.08880829064094586,0.03116030990159338,0.035889245821618315,0.25432104784182075,0.02999345350637933,-0.044727852243569566,1.2826197784218696
326179.166786149,RECENTER,8.28006187203573,6.187200779095292e-05,-0.08995696955825139,0.03126436255436005,0.03586770428015562,0.2579789425497836,0.030218311360293265,-0.04584161135271181,1.2787699702449071,-0.0881531432004744,0.030930437249738568,0.03562448734725979,0.2524448966137194,0.029772188868204374,-0.044397890505722015,1.2834857037895788
326179.176846157,RECENTER,8.290065364039037,6.536405999213457e-05,-0.08880613412680205,0.03126436255436005,0.0354840924696731,0.2549100480659199,0.029834699549810745,-0.04545799954222929,1.2799208056763565,-0.08750040936413894,0.03070141146310676,0.03536070425967572,0.25057565724405495,0.029551739382791792,-0.04406914436754861,1.2843484390340885
326179.186884605,RECENTER,8.300061071990058,6.107200169935822e-05,-0.08765529869535271,0.03126436255436005,0.0354840924696731,0.2522247653925387,0.029834699549810745,-0.04545799954222929,1.2806880292973215,-0.08685054101157064,0.030473391093441743,0.035098079172663194,0.24871462378432296,0.029332257664617167,-0.04374184141596982,1.2852073868943674
326179.196877647,RECENTER,8.310063140990678,6.314099300652742e-05,-0.08727168688487019,0.03126436255436005,0.0354840924696731,0.25145754177157364,0.029834699549810745,-0.04507438773174677,1.2814552529182883,-0.08620262318458005,0.030246055107870096,0.03483624233291266,0.24685917606107122,0.0291134347024867,-0.04341552083686112,1.2860637566943907
326179.20681762,RECENTER,8.320058176992461,5.817698547616601e-05,-0.08688807507438767,0.03126436255436005,0.0354840924696731,0.2499230945296418,0.029451087739328224,-0.04469077592126247,1.2829897001602202,-0.0855575284181973,0.030019709654182047,0.03457554634966761,0.24501181276019368,0.02889556517991096,-0.04309062207813458,1.2869163951819733
326179.218262836,RECENTER,8.330062480992638,6.248097633942962e-05,-0.08650446326390515,0.030880750743877527,0.035100480659188804,0.24877225909819245,0.029067475928845704,-0.04469077592126247,1.2841405355916677,-0.08491421049894121,0.029793987645745784,0.03431556842667191,0.24316953783135742,0.028678295756507266,-0.042766618219593266,1.2877666851646141
326179.226822992,RECENTER,8.340058850008063,5.884998245164752e-05,-0.08650446326390515,0.030880750743877527,0.035100480659188804,0.2476214236667431,0.029067475928845704,-0.04392355230029743,1.285291371023117,-0.08427378115064132,0.029569279154915973,0.03405675783425277,0.2413355349274302,0.028462001897637507,-0.042444069175394006,1.288613157248088
326179.236819541,RECENTER,8.35005882603582,5.8826059103012085e-05,-0.08612085145342085,0.030880750743877527,0.034716868848706284,0.24647058823529377,0.028683864118361407,-0.04353994048981491,1.2864422064545664,-0.08363550435271894,0.029345325932950833,0.03379881713144736,0.2395076963000995,0.02824643502516966,-0.042122604252446794,1.2894567842498867
326179.246787416,RECENTER,8.360059842991177,5.9843005146831274e-05,-0.08573723964293833,0.030880750743877527,0.03433325703822376,0.2445525291828794,0.028683864118361407,-0.04353994048981491,1.2872094300755315,-0.08299955047921881,0.029122187759269474,0.03354181516989027,0.23768650985094775,0.028031652679970098,-0.04180230925878853,1.2902973409822163
326179.25682932,RECENTER,8.370059047010727,5.904701538383961e-05,-0.0849700160219733,0.030497138933395007,0.03394964522774124,0.24263447013046502,0.028300252307878887,-0.04277271686884809,1.2879766536964983,-0.08236610559863389,0.028899929920027795,0.03328582714366338,0.23587250842588126,0.027817717703431777,-0.04148327790688694,1.2911345815135222
326179.266861155,RECENTER,8.3800575400237,5.7540019042789936e-05,-0.08420279240100648,0.030497138933395007,0.03394964522774124,0.24033279926756812,0.028300252307878887,-0.04277271686884809,1.2887438773174633,-0.08173510381491866,0.028678529294172722,0.03303082642282759,0.23406550331784093,0.02760460784031299,-0.041165477008527684,1.2919685929403173
326179.276891147,RECENTER,8.390059860015754,5.9860001783818007e-05,-0.08305195696955714,0.03011352712291071,0.03356603341725872,0.2372639047837044,0.028300252307878887,-0.04200549324788305,1.2898947127489127,-0.08110626462489601,0.028457887461096648,0.03277669965031449,0.23226469124752258,0.02739222835555083,-0.040848765289685895,1.2927997460109275
326179.286824217,RECENTER,8.400057701044716,5.770102143287659e-05,-0.0822847333485921,0.02972991531242819,0.033182421606774426,0.23534584573129003,0.027533028686913846,-0.04200549324788305,1.291045548180362,-0.08048011469325922,0.028238189212500125,0.032523659662093585,0.23047158042903182,0.027180757120973176,-0.04053340800240507,1.2936273446189652
326179.296716141,RECENTER,8.410057767003309,5.776702892035246e-05,-0.08151750972762706,0.02934630350194567,0.033182421606774426,0.23381139848935817,0.027533028686913846,-0.04162188143740053,1.291812771801327,-0.07985623800883379,0.028019288581863394,0.03227153833954452,0.2286849795276742,0.02697005363605101,-0.04021919562473408,1.2944519386171918
326179.306887837,RECENTER,8.420058103045449,5.8103061746805906e-05,-0.08075028610666024,0.02896269169146315,0.032415197985809385,0.2322769512474263,0.027533028686913846,-0.04162188143740053,1.2929636072327764,-0.0792347620365631,0.027801230293019147,0.032020387193856664,0.22690525356587843,0.026760160949849066,-0.03990619235375531,1.2952733595318848
326179.316769462,RECENTER,8.430057797988411,5.7797995395958424e-05,-0.08036667429617772,0.028579079880978853,0.032031586175326865,0.23112611581597697,0.02714941687642955,-0.041238269626916235,1.2941144426642257,-0.07861574781825331,0.027584035763805526,0.031770230893271884,0.2251325773495776,0.02655109967817426,-0.03959442893286963,1.2960915266825057
326179.326807178,RECENTER,8.440058965992648,5.896599031984806e-05,-0.0795994506752109,0.028195468070496332,0.032031586175326865,0.22959166857404512,0.02714941687642955,-0.040854657816433715,1.2948816662851907,-0.07799906927988298,0.027367660758424867,0.03152101848870065,0.2233665898395376,0.02634282724172149,-0.03928384186552558,1.2969066067043593
326179.336811471,RECENTER,8.450057839043438,5.783903179690242e-05,-0.07883222705424586,0.028195468070496332,0.03164797436484257,0.22805722133211326,0.02676580506594703,-0.040471046005951195,1.2956488899061558,-0.07738496290197205,0.027152188251183207,0.03127284554675566,0.22160796824700957,0.026135423507667954,-0.038974550253956464,1.2977182870350075
326179.346900964,RECENTER,8.460058655997273,5.865597631782293e-05,-0.07806500343327905,0.027811856260013812,0.030880750743877527,0.22613916227969888,0.02638219325546451,-0.040087434195468674,1.2964161135271226,-0.07677317260404559,0.026937528390706317,0.031025608580081743,0.21985597923218703,0.025928801989293093,-0.038666425124509574,1.2985269061426568
326179.356956463,RECENTER,8.470063301036134,6.330106407403946e-05,-0.077297779812314,0.02742824444953129,0.030880750743877527,0.2242211032272845,0.02638219325546451,-0.040087434195468674,1.2971833371480876,-0.07616358956822389,0.026723642995887115,0.03077926361314906,0.21811031117239366,0.025722925935253105,-0.03835941167160284,1.2993326078547223
326179.366728693,RECENTER,8.480057045002468,5.704502109438181e-05,-0.07614694438086467,0.027044632639046995,0.03011352712291071,0.22191943236438583,0.02638219325546451,-0.03932021057450186,1.298334172579537,-0.07555711292819778,0.026510847547231348,0.03053417400426367,0.2163735389243313,0.02551809901229299,-0.03805396273943118,1.3001342037628796
326179.376733178,RECENTER,8.490057522023562,5.7522032875567675e-05,-0.07499610894941533,0.027044632639046995,0.03011352712291071,0.21923414969100463,0.02599858144498199,-0.03893659876401934,1.2991013962005038,-0.0749526752390629,0.02629876750860305,0.030289908377117286,0.2146426056370625,0.025313960709486744,-0.03774954071469738,1.30093310473675
326179.387142119,RECENTER,8.500146655016579,0.00014665501657873392,-0.07422888532845029,0.026661020828564475,0.03011352712291071,0.21693247882810773,0.025614969634497692,-0.038552986953536816,1.2998686198214688,-0.0743453643677573,0.026085679351856544,0.030044481638317105,0.21290344439387843,0.025108852039440743,-0.0374436716261064,1.3017358032700308
326179.396979341,RECENTER,8.510046364041045,4.636403173208237e-05,-0.07307804989700095,0.026661020828564475,0.02972991531242819,0.21463080796521083,0.02523135782401517,-0.03816937514305252,1.3002522316319514,-0.07375188622460616,0.02587744470701711,0.029804644987756784,0.21120389605049605,0.024908415132422368,-0.037144769321996285,1.3025202187276652
326179.406877607,RECENTER,8.52006338199135,6.338197272270918e-05,-0.07269443808651843,0.026277409018081954,0.02934630350194567,0.21309636072327898,0.02523135782401517,-0.03778576333257,1.3006358434424357,-0.0731538299332356,0.025667603719838922,0.029562958213906587,0.2094912372256046,0.02470643203557457,-0.036843561256390045,1.3033106852425664
326179.416830416,RECENTER,8.530060273013078,6.027298513799906e-05,-0.07231082627603591,0.025893797207599434,0.02934630350194567,0.21194552529182964,0.02523135782401517,-0.03778576333257,1.3014030670634007,-0.07255944072049259,0.025459049406524686,0.029322753381498562,0.20778907984457984,0.0245056874306685,-0.03654420009662823,1.3040963048845151
326179.426756624,RECENTER,8.540068394038826,6.839405978098512e-05,-0.07192721446555339,0.025893797207599434,0.02934630350194567,0.21117830167086282,0.02484774601353265,-0.03740215152208748,1.3021702906843675,-0.07196685484324616,0.02525112783247971,0.02908327731383159,0.20609208669056356,0.02430555187092004,-0.036245747177786836,1.3048795410111564
326179.436711406,RECENTER,8.550055296043865,5.5296055506914854e-05,-0.0715436026550691,0.025893797207599434,0.02934630350194567,0.21041107804989778,0.02484774601353265,-0.03701853971160496,1.30255390249485,-0.0713779938064305,0.02504451319927689,0.028845306530332404,0.2044057603933751,0.02410667431115643,-0.03594917025623373,1.305657853919572
326179.446703988,RECENTER,8.560058088041842,5.808804417029023e-05,-0.07115999084458657,0.025893797207599434,0.02934630350194567,0.20887663080796592,0.02484774601353265,-0.03663492790112066,1.303321126115815,-0.07079067139146178,0.024838438424833048,0.02860795753537676,0.20272384026049317,0.023908316394125495,-0.035653368253892925,1.3064341331915776
326179.456760691,RECENTER,8.57005833502626,5.8335019275546074e-05,-0.07077637903410405,0.025510185397115137,0.02896269169146315,0.20734218356603407,0.02484774601353265,-0.03625131609063814,1.3037047379262994,-0.07020597875269274,0.024633286364257018,0.02837167128674581,0.20104945103980265,0.02371084663820658,-0.03535889072520698,1.3072069366201595
326179.466829776,RECENTER,8.580059322994202,5.9322977904230356e-05,-0.07000915541313724,0.025893797207599434,0.02896269169146315,0.2058077363241022,0.02446413420305013,-0.03625131609063814,1.3044719615472644,-0.06962372681087015,0.02442899067500262,0.028136371373647967,0.19938205126345832,0.023514201185174943,-0.03506564244135402,1.3079765141162714
326179.478265786,RECENTER,8.590058498026337,5.849800072610378e-05,-0.06962554360265472,0.025510185397115137,0.028195468070496332,0.20388967727168783,0.024080522392565834,-0.0354840924696731,1.3052391851682295,-0.06904406751277414,0.02422560467088461,0.027902119200883313,0.19772207606272985,0.02331843135240924,-0.034773699929571245,1.3087426648479124
326179.486850858,RECENTER,8.600059256015811,5.925603909417987e-05,-0.0692419317921722,0.025893797207599434,0.027811856260013812,0.20158800640878916,0.024080522392565834,-0.0354840924696731,1.3060064087891963,-0.06846680751171497,0.0240230605120344,0.02766883663310188,0.1960689717490789,0.02312347184043237,-0.03448296581176369,1.3095056443664177
326179.496939801,RECENTER,8.61006015399471,6.015400867909193e-05,-0.06809109636072286,0.025893797207599434,0.027811856260013812,0.2000535591668573,0.023696910582083314,-0.035100480659188804,1.3067736324101613,-0.0678920342859961,0.023821388892107026,0.027436559022074453,0.19442298883485698,0.02292935219351777,-0.03419348414594203,1.3102653370494446
326179.506819132,RECENTER,8.620058517029975,5.8517034631222486e-05,-0.06770748455024034,0.025510185397115137,0.02742824444953129,0.19851911192492544,0.023696910582083314,-0.034716868848706284,1.3071572442206456,-0.06731990415845102,0.023620644660350326,0.02720534954105383,0.19278457498307566,0.022736125206979957,-0.03390533366332105,1.3110215362810487
326179.516774335,RECENTER,8.630057842005044,5.7842000387609005e-05,-0.06732387273975782,0.025510185397115137,0.02742824444953129,0.19698466468299536,0.023313298771600793,-0.03433325703822376,1.3083080796520932,-0.06675021986627327,0.023420758602841346,0.0269751284721072,0.19115316529057913,0.02254372425874157,-0.03361841501347307,1.311774502788599
326179.526762469,RECENTER,8.640057798998896,5.779898492619395e-05,-0.06694026092927352,0.025126573586632617,0.02742824444953129,0.1950666056305792,0.023313298771600793,-0.03394964522774124,1.30907530327306,-0.0661830041724154,0.02322173870645447,0.026745905014209037,0.18952882494382628,0.022352157036593406,-0.03333273966084549,1.3125242064857097
326179.536879594,RECENTER,8.650056072045118,5.607202183455229e-05,-0.06617303730830848,0.024742961776150096,0.027044632639046995,0.19353215838864735,0.023313298771600793,-0.03356603341725872,1.3094589150835425,-0.065618391356834,0.02302363208621719,0.026517733432634916,0.18791193848145604,0.022161468891252173,-0.03304837523486798,1.31327046989108
326179.546775536,RECENTER,8.660057822009549,5.7822035159915686e-05,-0.06578942549782596,0.024359349965667576,0.026661020828564475,0.1919977111467155,0.022929686961118273,-0.033182421606774426,1.309842526894025,-0.06505609390690359,0.022826337862105306,0.02629049753765511,0.1863016825511481,0.021971562720335874,-0.0327651769312422,1.3140136730176044
326179.5566882,RECENTER,8.670055333001073,5.5333017371594906e-05,-0.06540581368734166,0.024359349965667576,0.026661020828564475,0.19046326390478363,0.022929686961118273,-0.033182421606774426,1.3102261387045093,-0.06449654851385267,0.022630009256683042,0.026064373805122693,0.1846993077092418,0.02178258600870167,-0.03248336468732527,1.3147532386791583
326179.566862642,RECENTER,8.680062572995666,6.257300265133381e-05,-0.06502220187685914,0.023975738155185056,0.026277409018081954,0.18854520485236748,0.022929686961118273,-0.032798809796291906,1.3109933623254744,-0.06393897861984366,0.022434373797834223,0.02583904841213963,0.18310259012053454,0.021594276487464176,-0.03220254739363898,1.3154901932723804
326179.576822894,RECENTER,8.690058192005381,5.8192003052681684e-05,-0.06463859006637662,0.02359212634470076,0.026277409018081954,0.18624353398947058,0.022929686961118273,-0.032415197985809385,1.3121441977569237,-0.06338457613354698,0.022239849692499702,0.025615003033366807,0.18151494306389737,0.02140703670301894,-0.031923325349035025,1.3162229614206615
326179.586770503,RECENTER,8.700057487003505,5.748699186369777e-05,-0.0642549782558941,0.02320851453421824,0.025893797207599434,0.18394186312657368,0.022546075150633976,-0.032031586175326865,1.3125278095674062,-0.06283249262491897,0.022046139250645108,0.025391894800878473,0.17993393688308768,0.02122058011289471,-0.031645271245957396,1.3169526645159997
326179.596982856,RECENTER,8.71006498701172,6.498699076473713e-05,-0.0638713664454098,0.02320851453421824,0.025126573586632617,0.18125658045319248,0.022162463340151456,-0.032031586175326865,1.313295033188373,-0.06228248549276183,0.0218531573503922,0.025169625674570928,0.17835887683901808,0.021034824782762,-0.031368262899523935,1.3176796232106915
326179.606890169,RECENTER,8.72005787002854,5.7870056480169296e-05,-0.06348775463492728,0.02282490272373572,0.025126573586632617,0.1793385214007781,0.022162463340151456,-0.03164797436484257,1.314062256809338,-0.06173580948545576,0.021661344247353248,0.024948702723916277,0.17679335616516356,0.020850194482033846,-0.03109293225749238,1.3184021790712528
326179.616788576,RECENTER,8.730058157001622,5.815702024847269e-05,-0.06310414282444476,0.02282490272373572,0.025126573586632617,0.1785712977798113,0.022162463340151456,-0.03164797436484257,1.3144458686198206,-0.061191260010186266,0.021470277284081185,0.024728639148331955,0.17523392525896386,0.020666282380466056,-0.030818672632705324,1.3191219242392553
326179.626813669,RECENTER,8.740068954008166,6.895401747897267e-05,-0.06310414282444476,0.022441290913253198,0.025126573586632617,0.17703685053787943,0.021778851529668936,-0.030880750743877527,1.3152130922407874,-0.060648677515306115,0.021279900478429092,0.024509370469735364,0.17368012721102666,0.020483034592268468,-0.03054540366777203,1.3198390695982505
326179.63687518,RECENTER,8.750135515001602,0.00013551500160247087,-0.06310414282444476,0.022441290913253198,0.024742961776150096,0.17588601510643187,0.021395239719186415,-0.030880750743877527,1.3159803158617525,-0.06010563726535634,0.021089363059508537,0.024289916802956946,0.17212501828605165,0.02029963220526823,-0.030271904156783047,1.320556819983996
326179.646853747,RECENTER,8.760061312001199,6.131199188530445e-05,-0.06272053101396224,0.0220576791027689,0.024359349965667576,0.17473517967498253,0.021395239719186415,-0.030497138933395007,1.3171311512932018,-0.059572711225895136,0.02090237443013182,0.02407455049540924,0.17059887351060588,0.02011964571671454,-0.030003498617415747,1.3212612021553591
326179.656801966,RECENTER,8.770063433039468,6.343302084133029e-05,-0.062336919203479724,0.0220576791027689,0.024359349965667576,0.1735843442435332,0.02101162790870212,-0.03011352712291071,1.3175147631036843,-0.05903822175207274,0.02071483723598877,0.023858552372073738,0.1690682515150479,0.01993913120543367,-0.02973430566213725,1.3219676507584754
326179.666887262,RECENTER,8.780082194018178,8.219399023801088e-05,-0.06195330739299543,0.02167406729228638,0.024359349965667576,0.17243350881208386,0.02101162790870212,-0.03011352712291071,1.3178983749141668,-0.05850539615252104,0.020527883848127038,0.02364322665434679,0.16754239437021434,0.019759178638710184,-0.02946595070882896,1.3226719001758047
326179.676980313,RECENTER,8.790063526015729,6.352603668347001e-05,-0.061186083772030386,0.02167406729228638,0.023975738155185056,0.170899061570152,0.020628016098219598,-0.02972991531242819,1.3186655985351337,-0.05797710448889515,0.020342521289764465,0.023429733192818103,0.16602952109577385,0.01958075732988404,-0.029199879249715954,1.3233701569724026
326179.686696769,RECENTER,8.800060236011632,6.0236023273319006e-05,-0.06003524834058105,0.02129045548180386,0.023975738155185056,0.16936461432822014,0.020628016098219598,-0.02934630350194567,1.3194328221560987,-0.05745054577126363,0.02015776677299172,0.023216940050193646,0.16452161047333314,0.019402921293387027,-0.028934680580201988,1.3240661232893243
326179.696812863,RECENTER,8.810059762035962,5.976203829050064e-05,-0.05926802471961601,0.02090684367132134,0.023975738155185056,0.1685973907072551,0.020628016098219598,-0.02934630350194567,1.3202000457770655,-0.0569263909774832,0.019973855724904538,0.023005118382342593,0.16302058398781583,0.019225897140304732,-0.028670692634935047,1.32475891227773
326179.70739167,RECENTER,8.820062373008113,6.237300112843513e-05,-0.05850080109864919,0.02090684367132134,0.02359212634470076,0.16744655527580576,0.020244404287737078,-0.02896269169146315,1.3213508812085148,-0.05640463055521838,0.01979078479385951,0.022794264328970942,0.1615264142841195,0.019049681644502214,-0.02840791060292913,1.3254485365631894
326179.716733136,RECENTER,8.830057190032676,5.7190016377717257e-05,-0.05773357747768415,0.020523231860837043,0.02359212634470076,0.1659121080338739,0.019860792477254557,-0.028579079880978853,1.32211810482948,-0.05588583238901168,0.019608753234432924,0.022584607383831917,0.1600407276179776,0.018874466599093587,-0.028146620496399044,1.326134245557971
326179.726780111,RECENTER,8.840059260022826,5.9259997215121984e-05,-0.05658274204623481,0.020523231860837043,0.02320851453421824,0.16476127260242635,0.019860792477254557,-0.028579079880978853,1.3232689402609292,-0.055369217394339976,0.01942748768796651,0.02237583270294241,0.15856129291849785,0.018699988881849483,-0.027886429933313972,1.3268170689982997
326179.737386059,RECENTER,8.850602962018456,0.0006029620417393744,-0.055431906614785476,0.020139620050354523,0.02320851453421824,0.1628432135500102,0.019860792477254557,-0.028195468070496332,1.3244197756923768,-0.0548274013019624,0.01923737979121154,0.022156873743265276,0.15700968962384443,0.01851699993274969,-0.027613546963175195,1.3275332013832253
326179.746818485,RECENTER,8.860059463011567,5.946302553638816e-05,-0.05428107118333614,0.020139620050354523,0.02320851453421824,0.1609251544975958,0.019860792477254557,-0.027811856260013812,1.3251869993133436,-0.054343878288819814,0.01906772528232123,0.021961472208635535,0.1556250207098211,0.018353698455947365,-0.027370023011389577,1.3281722862931047
326179.75676923,RECENTER,8.870058227039408,5.822704406455159e-05,-0.0535138475623711,0.020139620050354523,0.02282490272373572,0.15939070725566395,0.019477180666772037,-0.02742824444953129,1.3255706111238261,-0.05383512413604086,0.018889217882281206,0.021755874254659885,0.1541680971692958,0.018181875601150532,-0.027113791522081876,1.32884471985478
326179.766817937,RECENTER,8.880060358031187,6.0358026530593634e-05,-0.0535138475623711,0.020139620050354523,0.022441290913253198,0.15747264820324958,0.019477180666772037,-0.02742824444953129,1.3267214465552755,-0.053328766852665854,0.018711551475721455,0.021551244924611385,0.15271803756381463,0.01801086224725179,-0.0268587672040842,1.329513985411985
326179.776886151,RECENTER,8.890058460994624,5.846098065376282e-05,-0.0535138475623711,0.019756008239872003,0.022441290913253198,0.15593820096131772,0.01909356885628774,-0.027044632639046995,1.3274886701762405,-0.05282518239811196,0.01853485797613627,0.021347736151376417,0.15127591853151845,0.01784078536799663,-0.026605139407479994,1.3301795860494057
326179.786758349,RECENTER,8.900057444989216,5.7444965932518244e-05,-0.05274662394140606,0.019756008239872003,0.0220576791027689,0.15440375371938586,0.01909356885628774,-0.026661020828564475,1.3278722819867248,-0.052324124079179635,0.018359050825880158,0.021145248241189823,0.14984103361501977,0.017671561647053247,-0.026352783886470943,1.330841847827843
326179.796816854,RECENTER,8.910060997994151,6.099801976233721e-05,-0.05236301213092176,0.019372396429389482,0.0220576791027689,0.152869306477454,0.01870995704580522,-0.026661020828564475,1.3294067292286567,-0.051825410906373603,0.0181840665208734,0.02094370805249643,0.1484128645131806,0.017503129958371694,-0.02610160948660134,1.3315010099658078
326179.806867165,RECENTER,8.920059362018947,5.936203524470329e-05,-0.05197940032043924,0.018988784618905186,0.02167406729228638,0.15133485923552215,0.01870995704580522,-0.026661020828564475,1.3297903410391392,-0.05132953076293323,0.01801007624550463,0.02074331274888741,0.14699280838133166,0.017335655076019252,-0.025851861927829012,1.3321564276153666
326179.816768196,RECENTER,8.930058005033061,5.800504004582763e-05,-0.05159578850995672,0.018988784618905186,0.02167406729228638,0.1498004119935903,0.01870995704580522,-0.026277409018081954,1.331324788281071,-0.05083621214940104,0.017836984738315992,0.020543952611881522,0.14558008772419573,0.01716904530578245,-0.0256034044708075,1.3328084596243954
326179.826738307,RECENTER,8.940057670988608,5.767098627984524e-05,-0.0508285648889899,0.018988784618905186,0.02129045548180386,0.14903318837262525,0.01870995704580522,-0.025893797207599434,1.3317084000915536,-0.05034542038563017,0.017664779831027766,0.020345613626522457,0.1441746032279454,0.017003288935045713,-0.025356219649054157,1.3334571518305438
326179.836830776,RECENTER,8.9500605930225,6.05930108577013e-05,-0.05044495307850738,0.018605172808422665,0.02129045548180386,0.14711512932021087,0.0183263452353227,-0.025893797207599434,1.3324756237125204,-0.04985704898058163,0.017493424158955273,0.020148252757604262,0.14277604993329773,0.016838349998315266,-0.02511025382888865,1.3341026449857807
326179.846927884,RECENTER,8.960059617995284,5.961797432973981e-05,-0.05044495307850738,0.018605172808422665,0.02090684367132134,0.14519707026779471,0.0183263452353227,-0.025510185397115137,1.3332428473334854,-0.04937144831615736,0.017323040661168382,0.019952011601616665,0.14138543123184832,0.016674346830976294,-0.02486568347840684,1.3347444759812568
326179.856816582,RECENTER,8.970058171020355,5.8171048294752836e-05,-0.05044495307850738,0.018221560997940145,0.02090684367132134,0.14366262302586286,0.0183263452353227,-0.025126573586632617,1.3340100709544505,-0.04888845168874523,0.017153570846098587,0.019756822790221895,0.1400022697330625,0.016511223131787045,-0.024622424638166607,1.335382865153461
326179.866854019,RECENTER,8.98005649499828,5.6495016906410456e-05,-0.05044495307850738,0.018221560997940145,0.020523231860837043,0.14174456397344848,0.01794273342484018,-0.025126573586632617,1.3347772945754173,-0.04840804835505941,0.016985010944231604,0.019562681981838553,0.13862653467130293,0.01634897527238985,-0.024380471897365752,1.3360178267020724
326179.877426495,RECENTER,8.990063294011634,6.329402094706893e-05,-0.05006134126802486,0.017837949187457625,0.020139620050354523,0.14059372854199914,0.017559121614355883,-0.024742961776150096,1.3351609063858998,-0.04792982449148864,0.016817215756601583,0.019369421941885234,0.13725704097641822,0.01618746349106709,-0.02413961683580823,1.3366499075884937
326179.88678912,RECENTER,9.000057358993217,5.735899321734905e-05,-0.05006134126802486,0.017837949187457625,0.020139620050354523,0.13944289311055158,0.017559121614355883,-0.024359349965667576,1.3355445181963823,-0.04745479315661838,0.01665054073672792,0.019177452068047024,0.135896689752788,0.01602702993071281,-0.023900369675393385,1.3372777688269117
326179.896820776,RECENTER,9.010098853032105,9.885302279144526e-05,-0.04967772945754234,0.017454337376973328,0.019756008239872003,0.13790844586861972,0.017175509803873362,-0.024359349965667576,1.3363117418173491,-0.04698010926489149,0.01648398762479711,0.01898562260308606,0.13453733350500596,0.01586671371322923,-0.023661297502983236,1.3379051708407141
326179.906711979,RECENTER,9.02005516801728,5.5167998652905226e-05,-0.049294117647058044,0.017454337376973328,0.019756008239872003,0.13675761043717038,0.017175509803873362,-0.023975738155185056,1.3370789654383142,-0.046512027850651005,0.016319751134919375,0.018796461334256692,0.13319688482745806,0.01570862736752998,-0.02342555063539903,1.3385238461887432
326179.916794149,RECENTER,9.030058000003919,5.7999975979328156e-05,-0.048526894026093004,0.017070725566490808,0.019372396429389482,0.13560677500572105,0.017175509803873362,-0.02359212634470076,1.3374625772487985,-0.04604434334377194,0.016155653908575457,0.018607460463806375,0.1318575727768554,0.015550675070379688,-0.023190003668226045,1.3391419969340161
326179.926762316,RECENTER,9.040057676029392,5.767605034634471e-05,-0.04775967040512619,0.017070725566490808,0.019372396429389482,0.1344559395742735,0.016791897993390842,-0.02359212634470076,1.3382298008697635,-0.045579395890921526,0.015992517036846315,0.01841956569284464,0.13052609885086386,0.015393647165559854,-0.022955835204651,1.3397565300439758
326179.936778843,RECENTER,9.05005857400829,5.857401993125677e-05,-0.047376058594643666,0.016687113756008287,0.019372396429389482,0.13330510414282415,0.01640828618290832,-0.02320851453421824,1.3389970244907303,-0.04511698198348224,0.01583026911433119,0.018232694779378694,0.12920188026014623,0.015237474921579203,-0.022722942748574615,1.340367714501241
326179.946944479,RECENTER,9.060088525991887,8.852599421516061e-05,-0.04622522316319433,0.016687113756008287,0.019372396429389482,0.1321542687113748,0.01640828618290832,-0.02320851453421824,1.3393806363012128,-0.04465582725471484,0.015668463001892036,0.01804633272575637,0.12788126758996765,0.015081727943265483,-0.022490684471550393,1.3409772346693902
326179.956800797,RECENTER,9.070058035023976,5.803501699119806e-05,-0.04545799954222929,0.016303501945525767,0.019372396429389482,0.1317706569008923,0.016024674372424025,-0.02282490272373572,1.3401478599221779,-0.044200035038453156,0.01550853844296915,0.017862137773067388,0.12657601159189324,0.014927792060158734,-0.02226112699717958,1.341579667065648
326179.966823867,RECENTER,9.080060706997756,6.070698145776987e-05,-0.04469077592126247,0.016303501945525767,0.018988784618905186,0.13061982146944295,0.016024674372424025,-0.02282490272373572,1.3405314717326622,-0.043745315793903394,0.015348990359382253,0.017678376430182774,0.12527382827192257,0.014774218554561125,-0.022032109919655152,1.3421806812873593
326179.976824404,RECENTER,9.090059089998249,5.9089972637593746e-05,-0.04353994048981491,0.01591989013504147,0.018605172808422665,0.1294689860379954,0.015641062561941504,-0.022441290913253198,1.3412986953536272,-0.04329338382123915,0.01519042025043163,0.017495741480849397,0.12397962688586217,0.014621586401500658,-0.02180449663770162,1.3427780114995131
326179.986810655,RECENTER,9.100057814037427,5.781406071037054e-05,-0.04238910505836557,0.01591989013504147,0.018605172808422665,0.12831815060654606,0.015641062561941504,-0.0220576791027689,1.3416823071641097,-0.04284402876797766,0.015032754309398155,0.017314147917328465,0.12269280504553937,0.014469824558089567,-0.02157818120834104,1.3433719357304428
326179.998214545,RECENTER,9.110062930034474,6.293004844337702e-05,-0.04162188143740053,0.01591989013504147,0.018221560997940145,0.12640009155413168,0.015641062561941504,-0.0220576791027689,1.342065918974594,-0.0423969817113945,0.014875898178926678,0.017133487062449382,0.12141259263469029,0.014318842200361254,-0.021353028189985856,1.343962809422289
326180.006906206,RECENTER,9.120061414025258,6.141402991488576e-05,-0.040471046005951195,0.01553627832455895,0.017837949187457625,0.12486564431219982,0.015641062561941504,-0.0220576791027689,1.342833142595559,-0.04195282481837215,0.014720056124861464,0.016953994181750975,0.12014065680950603,0.014168835945041425,-0.02112933078808016,1.3445498631099815
326180.017048198,RECENTER,9.130059727001935,5.9726997278630733e-05,-0.040087434195468674,0.01553627832455895,0.017837949187457625,0.12333119707026796,0.015257450751458984,-0.02167406729228638,1.3432167544060416,-0.04151126868592414,0.0145651266039043,0.016775552321569964,0.11887616880422325,0.014019708051311558,-0.020906943246254528,1.3451334793049543
326180.026772429,RECENTER,9.14005891198758,5.891197361052036e-05,-0.040087434195468674,0.01553627832455895,0.017837949187457625,0.12218036163881862,0.015257450751458984,-0.02167406729228638,1.3439839780270084,-0.04107226771191952,0.014411093615560977,0.016598143053152853,0.11761899802763609,0.013871443117846077,-0.020685842597223336,1.3457137182807277
326180.036807321,RECENTER,9.150058358034585,5.8358011301606894e-05,-0.040087434195468674,0.01515266651407643,0.017837949187457625,0.12026230258640425,0.015257450751458984,-0.02129045548180386,1.344367589837491,-0.04063584927946473,0.014257966767786817,0.016421777442572866,0.11636922289697704,0.013724050392812298,-0.020466042632351522,1.346290543844339
326180.046793181,RECENTER,9.160058023000602,5.802302621304989e-05,-0.03970382238498438,0.01515266651407643,0.017454337376973328,0.11872785534447239,0.014873838940976464,-0.02129045548180386,1.3447512016479735,-0.04020201546492386,0.014105746789119106,0.01624645632893118,0.1151268493583475,0.01357753057746608,-0.020247544397389405,1.346863953251404
326180.057095121,RECENTER,9.170065012993291,6.501300958916545e-05,-0.03932021057450186,0.014769054703593909,0.017454337376973328,0.11719340810254053,0.014873838940976464,-0.02090684367132134,1.3455184252689403,-0.03977046088834524,0.013954326530395605,0.016072056301946136,0.11389100289261433,0.013431780535047066,-0.020030194089248887,1.3474343501305273
326180.066816367,RECENTER,9.180060471000616,6.0471007600426674e-05,-0.038552986953536816,0.014769054703593909,0.017070725566490808,0.11642618448157371,0.014490227130492167,-0.020523231860837043,1.3455184252689403,-0.03934199703852814,0.013803990720016063,0.01589890530083149,0.11266400736706861,0.013287074331764653,-0.01981440041021265,1.3480006619159108
326180.076992943,RECENTER,9.190058693988249,5.869398592039943e-05,-0.03816937514305252,0.014769054703593909,0.017070725566490808,0.11489173723964186,0.014490227130492167,-0.020523231860837043,1.3462856488899053,-0.038916007493995375,0.0136545230731705,0.015726754217066263,0.1114440975303479,0.01314320378200029,-0.019599852902680903,1.3485637033478126
326180.086831318,RECENTER,9.20006296801148,6.29679998382926e-05,-0.03816937514305252,0.014385442893111389,0.017070725566490808,0.11335728999771,0.014490227130492167,-0.020139620050354523,1.3466692607003878,-0.03849235544929763,0.013505875588707611,0.01555554776477161,0.11023088161153827,0.013000122682096021,-0.019386482665272153,1.3491236552455437
326180.096821586,RECENTER,9.210059398028534,5.9398007579147816e-05,-0.03778576333257,0.014001831082627092,0.016687113756008287,0.11259006637674496,0.014106615320009647,-0.020139620050354523,1.3470528725108721,-0.03807162832345923,0.013358254375299305,0.015385523331984258,0.10902604180743358,0.012858029422596978,-0.019174585548645373,1.349679741202141
326180.106789923,RECENTER,9.220057521015406,5.7521043345332146e-05,-0.03816937514305252,0.014001831082627092,0.016303501945525767,0.11182284275577814,0.014106615320009647,-0.019756008239872003,1.3474364843213547,-0.037653421965403444,0.013211517627797653,0.015216517592991835,0.10782842074720089,0.012716787508515653,-0.01896395800412859,1.3502324953945672
326180.116833982,RECENTER,9.230058770044707,5.877006333321333e-05,-0.03778576333257,0.014001831082627092,0.016303501945525767,0.11067200732433058,0.014106615320009647,-0.019372396429389482,1.3482037079423197,-0.03723767786696408,0.013065644817346816,0.015048506903448194,0.10663785088051325,0.012576377179737835,-0.01875457056437574,1.3507819951545827
326180.126775479,RECENTER,9.240057413990144,5.741399945691228e-05,-0.03778576333257,0.013618219272144572,0.016303501945525767,0.10913756008239872,0.014106615320009647,-0.019372396429389482,1.348587319752804,-0.03682463395935709,0.012920719427260946,0.01488158741622192,0.10545501357299214,0.012436878793387951,-0.018546543062256116,1.351327926002328
326180.136731483,RECENTER,9.250060405989643,6.040598964318633e-05,-0.03778576333257,0.013618219272144572,0.01591989013504147,0.10760311284046686,0.013723003509527126,-0.019372396429389482,1.349354543373769,-0.03641400310514431,0.012776640709158404,0.014715643093204112,0.10427908654674445,0.012298195373796977,-0.018339730882432348,1.3518706674548033
326180.146761215,RECENTER,9.260097051039338,9.705103002488613e-05,-0.03701853971160496,0.013234607461662051,0.01591989013504147,0.10568505378805249,0.013339391699044606,-0.018988784618905186,1.3497381551842516,-0.03600459644593079,0.012632991526353499,0.014550193492412544,0.10310666525799794,0.01215992540474678,-0.018133535262308598,1.3524117908569904
326180.156729252,RECENTER,9.2700568420114,5.6841992773115635e-05,-0.03663492790112066,0.012850995651179531,0.01553627832455895,0.10453421835660315,0.01295577988856031,-0.018988784618905186,1.3505053788052184,-0.03560090418815931,0.012491347364910393,0.014387053198067518,0.10195060834865877,0.012023585375263407,-0.017930217671944415,1.35294536138655
326180.166834555,RECENTER,9.28005761001259,5.7609984651207924e-05,-0.03625131609063814,0.012850995651179531,0.01553627832455895,0.10338338292515381,0.013339391699044606,-0.018605172808422665,1.350888990615701,-0.035198135645536754,0.012350027308909384,0.014224286195898328,0.10079719669015019,0.01188755731448446,-0.017727365306103804,1.3534777110178349
326180.176768799,RECENTER,9.290058056998532,5.8057019487023354e-05,-0.03586770428015562,0.012850995651179531,0.01515266651407643,0.10261615930418877,0.013339391699044606,-0.018221560997940145,1.3512726024261834,-0.034797968951165825,0.012209620167651536,0.014062570653799178,0.09965123596633374,0.011752407982639546,-0.017525823348146508,1.354006621718789
326180.186833486,RECENTER,9.30005765199894,5.765201058238745e-05,-0.0354840924696731,0.012467383840695234,0.01553627832455895,0.10184893568322195,0.01295577988856031,-0.018221560997940145,1.3520398260471502,-0.034400423957488324,0.0120701329067954,0.013901914594547538,0.09851278302881328,0.011618144084545035,-0.017325601796655654,1.3545320672499255
326180.196756749,RECENTER,9.310060504009016,6.050401134416461e-05,-0.035100480659188804,0.012467383840695234,0.01553627832455895,0.10069810025177439,0.01295577988856031,-0.017837949187457625,1.3520398260471502,-0.03400533722893462,0.011931508181436012,0.013742251970488617,0.09738136984577617,0.011484710422683758,-0.017126618338122568,1.355054263628276
326180.20744954,RECENTER,9.32072059402708,0.0007205940200947225,-0.03433325703822376,0.012083772030212714,0.01515266651407643,0.09993087663080757,0.012572168078077789,-0.017837949187457625,1.3528070496681153,-0.03358713892494258,0.011784774259876868,0.013573249486308003,0.09618377185003357,0.011343471228722202,-0.016915994849994787,1.3556070071754371
326180.216775857,RECENTER,9.330057671992108,5.767197581008077e-05,-0.03394964522774124,0.012083772030212714,0.014769054703593909,0.09916365300984253,0.012572168078077789,-0.017454337376973328,1.353574273289082,-0.033223255514416516,0.011657097893647883,0.013426196760976533,0.0951417158709198,0.01122057594409745,-0.01673272678681692,1.3560879613188837
326180.226788598,RECENTER,9.340057878987864,5.787896225228906e-05,-0.033182421606774426,0.012083772030212714,0.014769054703593909,0.0980128175783932,0.012188556267595269,-0.017837949187457625,1.3539578850995646,-0.03283602638040539,0.011521230175311842,0.013269709551510883,0.09403280454737328,0.01108979604794752,-0.01653770076654959,1.3565997721106877
326180.236817428,RECENTER,9.350057655014098,5.765503738075495e-05,-0.032798809796291906,0.012083772030212714,0.014385442893111389,0.09686198214694386,0.011804944457112748,-0.017454337376973328,1.3543414969100471,-0.03245139580116918,0.011386274216131309,0.013114272471153932,0.09293133472696136,0.010959893768417162,-0.016343983495422376,1.3571081483252352
326180.24685787,RECENTER,9.3600641930243,6.419303826987743e-05,-0.032415197985809385,0.012083772030212714,0.014385442893111389,0.09571114671549452,0.011804944457112748,-0.017070725566490808,1.3543414969100471,-0.032069088183211636,0.01125213331816649,0.01295977414693969,0.09183651719027464,0.010830776028602662,-0.016151436172146705,1.3576134542215992
326180.256820026,RECENTER,9.370059170993045,5.917099770158529e-05,-0.032415197985809385,0.011700160219730193,0.014001831082627092,0.09456031128404696,0.011804944457112748,-0.016687113756008287,1.355108720531014,-0.03168980022848633,0.011119051934369073,0.012806496130370854,0.09075034708854934,0.0107026781274554,-0.015960409687183652,1.3581147689507336
326180.266871609,RECENTER,9.380063976044767,6.397604010999203e-05,-0.032031586175326865,0.011700160219730193,0.014001831082627092,0.09417669947356266,0.011804944457112748,-0.016687113756008287,1.3554923323414965,-0.031312718147677,0.010986744529153242,0.012654109552547754,0.08967049396648541,0.01057532522180643,-0.015770494179606465,1.3586131681190894
326180.276760137,RECENTER,9.390058181015775,5.818100180476904e-05,-0.03164797436484257,0.011700160219730193,0.014001831082627092,0.09340947585259762,0.011421332646628451,-0.016687113756008287,1.355875944151979,-0.030938609948968798,0.010855480574804566,0.012502924781278957,0.08859915717557287,0.010448976693044898,-0.01558207645290366,1.3591076366303245
326180.286787975,RECENTER,9.400058649014682,5.864899139851332e-05,-0.03164797436484257,0.011316548409247673,0.014001831082627092,0.09225864042114829,0.011421332646628451,-0.016303501945525767,1.3562595559624615,-0.030566841058255467,0.010725037417270628,0.012352685372195138,0.0875345194806143,0.01032341822481797,-0.015394836906994502,1.359599013217497
326180.29761637,RECENTER,9.410684475034941,0.0006844750605523586,-0.030880750743877527,0.011316548409247673,0.013618219272144572,0.09110780498970072,0.011421332646628451,-0.01591989013504147,1.3570267795834283,-0.030174643517494437,0.010587426425948121,0.012194190327989018,0.08641138008892613,0.010190960335816457,-0.01519730857347018,1.360117390881392
326180.306800151,RECENTER,9.420059523021337,5.9523037634789944e-05,-0.030497138933395007,0.010932936598763376,0.013618219272144572,0.08995696955825139,0.011421332646628451,-0.01591989013504147,1.3577940032043934,-0.029831022154455322,0.010466859437395282,0.01205532591027908,0.08542734870538937,0.010074908204852934,-0.015024245389359536,1.3605715641510425
326180.316771814,RECENTER,9.430056915036403,5.6915043387562037e-05,-0.03011352712291071,0.010932936598763376,0.013234607461662051,0.08842252231631953,0.011037720836145931,-0.01591989013504147,1.3585612268253602,-0.029467077730697122,0.01033916166335394,0.011908248528253174,0.08438511800217041,0.009951992314071595,-0.014840946597171889,1.3610525989372608
326180.326682905,RECENTER,9.440055407991167,5.540798883885145e-05,-0.02934630350194567,0.010549324788280856,0.012850995651179531,0.08727168688487019,0.011037720836145931,-0.01553627832455895,1.3589448386358427,-0.02910565920261654,0.010212350154452127,0.011762191912309344,0.08335012072761949,0.009829929500565188,-0.014658919959732897,1.3615302951816357
326180.336824726,RECENTER,9.450057389040012,5.73890283703804e-05,-0.02896269169146315,0.010549324788280856,0.012467383840695234,0.08573723964293833,0.011037720836145931,-0.01553627832455895,1.3593284504463252,-0.028746680003909564,0.010086394537029447,0.011617121079234433,0.08232210898108483,0.009708690528072106,-0.014478121878355621,1.3620047673010973
326180.346735857,RECENTER,9.460058748023584,5.8748002629727125e-05,-0.02896269169146315,0.010165712977798336,0.012083772030212714,0.084586404211489,0.011037720836145931,-0.01515266651407643,1.360095674067292,-0.02839028663453791,0.009961346213766542,0.01147309523265791,0.08130150229573663,0.009588324874403031,-0.01429862613701438,1.3624758216628456
326180.356883729,RECENTER,9.470058412989601,5.841301754117012e-05,-0.028579079880978853,0.010165712977798336,0.012083772030212714,0.08343556878004144,0.01065410902566341,-0.01515266651407643,1.3604792858777746,-0.028036514207867236,0.009837217504947399,0.01133012856260876,0.08028840122601588,0.009468844398485693,-0.01412045042038057,1.3629434118566341
326180.36683796,RECENTER,9.48006102500949,6.102502811700106e-05,-0.028195468070496332,0.009782101167315815,0.012083772030212714,0.08190112153810958,0.01065410902566341,-0.014769054703593909,1.360862897688257,-0.02768519674010672,0.009713950171568342,0.011188153991643746,0.07928233044274613,0.009350193042185456,-0.013943511131546515,1.3634077572675454
326180.376793784,RECENTER,9.490059709001798,5.970901111140847e-05,-0.02742824444953129,0.009782101167315815,0.012083772030212714,0.08036667429617772,0.01027049721518089,-0.014769054703593909,1.3612465094987414,-0.027336572979323903,0.009591627983553591,0.011047268002737864,0.07828397365077389,0.00923245143850418,-0.013767928514784644,1.363868542336065
326180.38685748,RECENTER,9.50006084801862,6.08480186201632e-05,-0.02742824444953129,0.009398489356831519,0.011700160219730193,0.07921583886472838,0.00988688540469837,-0.014385442893111389,1.361630121309224,-0.026990417380383547,0.009470171803513339,0.010907379448490961,0.07729268495460073,0.009115543413500432,-0.013593588975413351,1.364326065171049
326180.396968265,RECENTER,9.510062999033835,6.299902452155948e-05,-0.02742824444953129,0.009398489356831519,0.011700160219730193,0.07806500343327905,0.00988688540469837,-0.014001831082627092,1.361630121309224,-0.026646778717071773,0.009349598744785553,0.010768508039387142,0.07630860402812778,0.008999485439671079,-0.013420517078106764,1.364780261306919
326180.406798705,RECENTER,9.520058308029547,5.8308010920882225e-05,-0.02742824444953129,0.009014877546348998,0.011316548409247673,0.077297779812314,0.00988688540469837,-0.014385442893111389,1.3620137331197064,-0.026305922021518158,0.009230001799626159,0.010630760880328216,0.07533248984609053,0.008884367027002155,-0.013248846304973694,1.3652307804438344
326180.416812528,RECENTER,9.530060118006077,6.0117978136986494e-05,-0.02742824444953129,0.009014877546348998,0.011316548409247673,0.07614694438086467,0.00988688540469837,-0.014001831082627092,1.362397344930189,-0.02596738949285704,0.009111220338698156,0.010493952964625242,0.0743630314003052,0.008770033561224216,-0.013078346086893677,1.3656782276690749
326180.426913494,RECENTER,9.540059254039079,5.925406003370881e-05,-0.02742824444953129,0.008631265735866478,0.011316548409247673,0.07537972075989963,0.00988688540469837,-0.014001831082627092,1.3631645685511558,-0.025631490408712154,0.00899336287874622,0.01035820927768874,0.07340111437170016,0.00865658949546838,-0.012909172189997875,1.3661221942023822
326180.43683801,RECENTER,9.550058118999004,5.8119010645896196e-05,-0.02742824444953129,0.008631265735866478,0.011316548409247673,0.07461249713893281,0.009503273594214073,-0.013618219272144572,1.3631645685511558,-0.025298140121093438,0.00887639971919188,0.01022349561153535,0.07244649635311506,0.00854400624135021,-0.012741281981748676,1.366562791925201
326180.446815045,RECENTER,9.560059078037739,5.9078040067106485e-05,-0.02742824444953129,0.008631265735866478,0.010932936598763376,0.07422888532845029,0.00988688540469837,-0.013618219272144572,1.3635481803616383,-0.024967257589671332,0.008760302425282473,0.010089779216111233,0.07149894526867828,0.008432256428909768,-0.012574634646588756,1.3670001279506367
326180.456717279,RECENTER,9.570056601020042,5.660101305693388e-05,-0.02742824444953129,0.008631265735866478,0.010932936598763376,0.07307804989700095,0.009503273594214073,-0.013618219272144572,1.3639317921721208,-0.02463902230890813,0.008645133976532882,0.009957132628798021,0.07055897513818832,0.00832140067927567,-0.012409320586007855,1.3674339650362026
326180.468385885,RECENTER,9.580055917031132,5.5917014833539724e-05,-0.027044632639046995,0.008247653925383958,0.010549324788280856,0.07231082627603591,0.009503273594214073,-0.013234607461662051,1.3646990157930876,-0.024313258936802473,0.008530832850408981,0.009825484990308414,0.06962608383328361,0.008211379773740674,-0.01224525148988237,1.3678645349359702
326180.476744444,RECENTER,9.590057848021388,5.784799577668309e-05,-0.027044632639046995,0.008247653925383958,0.010549324788280856,0.0715436026550691,0.009119661783731553,-0.013234607461662051,1.3654662394140527,-0.023989939251585768,0.0084173891446927,0.009694824895648768,0.06870019053504817,0.008102184180893923,-0.012082413144459458,1.368291874951383
326180.486937843,RECENTER,9.600066642044112,6.664206739515066e-05,-0.026277409018081954,0.008247653925383958,0.010549324788280856,0.07077637903410405,0.008736049973249033,-0.012850995651179531,1.3658498512245352,-0.02366892632682771,0.00830475481578391,0.009565097010049206,0.0677809031261134,0.007993767656218259,-0.011920736587425984,1.3687161660616567
326180.496866657,RECENTER,9.610055959026795,5.595904076471925e-05,-0.025893797207599434,0.007864042114899661,0.010165712977798336,0.07000915541313724,0.008736049973249033,-0.012850995651179531,1.3662334630350195,-0.023351056922705227,0.00819322345909182,0.009436639485403825,0.06687061784362625,0.007886412800890669,-0.011760643248867941,1.3691363022991578
326180.506787497,RECENTER,9.620057439024094,5.743902875110507e-05,-0.025126573586632617,0.007864042114899661,0.009782101167315815,0.0692419317921722,0.008736049973249033,-0.012467383840695234,1.3670006866559845,-0.02303531810553494,0.008082439664921476,0.009309042974503023,0.06596643394089008,0.0077797775142005865,-0.011601622969792336,1.3695536224846134
326180.51680108,RECENTER,9.630058158014435,5.815800977870822e-05,-0.024742961776150096,0.007864042114899661,0.009782101167315815,0.06847470817120538,0.008736049973249033,-0.012467383840695234,1.367384298466467,-0.022722118751935305,0.00797254689647936,0.009182472712747192,0.06506952232131047,0.007673999887104932,-0.01144388167886684,1.3699675861951897
326180.526823749,RECENTER,9.64005798404105,5.7984027080237865e-05,-0.024359349965667576,0.007864042114899661,0.009782101167315815,0.06770748455024034,0.008352438162766512,-0.012083772030212714,1.3677679102769513,-0.02241145886030471,0.007863545153203588,0.009056928699489208,0.06417988298030197,0.00756907991906286,-0.011287419375284935,1.3703781934330033
326180.536813497,RECENTER,9.650057972001377,5.797197809442878e-05,-0.02359212634470076,0.007864042114899661,0.009782101167315815,0.06694026092927352,0.008352438162766512,-0.012083772030212714,1.3685351338979164,-0.022103301794053953,0.007755421580354277,0.008932396129134323,0.06329741100135577,0.007465005236704403,-0.011132217607211281,1.370785492621585
326180.546769623,RECENTER,9.660057959030382,5.795905599370599e-05,-0.02282490272373572,0.0074804303044171405,0.009782101167315815,0.06617303730830848,0.008352438162766512,-0.011700160219730193,1.3689187457083989,-0.02179764896397529,0.007648176672938406,0.008808875571812508,0.062422110424569466,0.0073617763165000905,-0.01097827708518434,1.3711894818962538
326180.556841013,RECENTER,9.670080759038683,8.075905498117208e-05,-0.0220576791027689,0.0074804303044171405,0.009398489356831519,0.06540581368734166,0.008352438162766512,-0.011700160219730193,1.3693023575188832,-0.021493807866972525,0.007541567451264192,0.008686087172865259,0.06155199812300993,0.007259159277589522,-0.010825249033476703,1.3715910765563168
326180.56694249,RECENTER,9.680059075995814,5.9076002798974514e-05,-0.02167406729228638,0.0074804303044171405,0.009398489356831519,0.06463859006637662,0.007968826352282216,-0.011700160219730193,1.3696859693293657,-0.0211938066333196,0.007436305528711495,0.008564850541198876,0.06069288207037782,0.007157839085651541,-0.010674154909776412,1.3719875959693777
326180.576800342,RECENTER,9.69005793100223,5.79309999011457e-05,-0.02090684367132134,0.00709681849393462,0.009014877546348998,0.06348775463492728,0.008352438162766512,-0.011316548409247673,1.3704531929503307,-0.020895677512583255,0.007331700477473724,0.008444370468635026,0.05983912720322948,0.007057151167246978,-0.010524003666400772,1.3723816409622311
326180.586764192,RECENTER,9.700057226989884,5.722697824239731e-05,-0.020523231860837043,0.00709681849393462,0.009014877546348998,0.062336919203479724,0.007968826352282216,-0.011316548409247673,1.370836804760815,-0.02060002357883295,0.007227963899134104,0.00832489066973438,0.058992460549843306,0.006957299200139905,-0.010375099038594404,1.372772414436234
326180.59694165,RECENTER,9.710062905040104,6.290501914918423e-05,-0.020139620050354523,0.00709681849393462,0.008631265735866478,0.061186083772030386,0.007968826352282216,-0.010932936598763376,1.37160402838178,-0.020306667643911203,0.007125033623394533,0.008206339539140017,0.058152374695003894,0.0068582233421159156,-0.010227351786426198,1.373160150585572
326180.606955323,RECENTER,9.720058403036091,5.840306403115392e-05,-0.020139620050354523,0.00709681849393462,0.008631265735866478,0.06041886015106357,0.007585214541799695,-0.010932936598763376,1.3719876401922626,-0.02001608972797142,0.007023078075709788,0.008088911062809345,0.05732024427645688,0.006760085711621955,-0.010081003669650201,1.3735442149551544
326180.616786285,RECENTER,9.730058681045193,5.868106381967664e-05,-0.019756008239872003,0.0067132066834521,0.008247653925383958,0.05926802471961601,0.007585214541799695,-0.010549324788280856,1.3723712520027451,-0.019727848689359395,0.006921942471987602,0.007972426966381368,0.05649480599314183,0.006662737320747125,-0.009935832509474496,1.3739251906133503
326180.626726961,RECENTER,9.740058138035238,5.81380445510149e-05,-0.019756008239872003,0.0067132066834521,0.007864042114899661,0.05850080109864919,0.007585214541799695,-0.010549324788280856,1.3727548638132294,-0.019442103127918275,0.006821682460413814,0.007856951343295032,0.05567651402876117,0.006566231733826311,-0.009791918183918225,1.3743028679346327
326180.636936911,RECENTER,9.750062623003032,6.262300303205848e-05,-0.019372396429389482,0.0067132066834521,0.007864042114899661,0.05811718928816667,0.007201602731317175,-0.010549324788280856,1.373138475623712,-0.01915868306577362,0.006722238400574121,0.007742415502016264,0.05486488161624847,0.00647051154379269,-0.009649175084473549,1.3746774715831673
326180.646867078,RECENTER,9.760058613028377,5.8613019064068794e-05,-0.019372396429389482,0.0067132066834521,0.007864042114899661,0.05773357747768415,0.007201602731317175,-0.010165712977798336,1.3735220874341945,-0.01887796584172108,0.006623742689947754,0.007628971932866657,0.05406098934388237,0.006375704190252907,-0.0095077932559412,1.3750485028204795
326180.656742692,RECENTER,9.770057168032508,5.7168013881891966e-05,-0.019372396429389482,0.006329594872967803,0.007864042114899661,0.05696635385671733,0.007201602731317175,-0.010165712977798336,1.3742893110551613,-0.018599634115120223,0.00652608398270621,0.007516492392005775,0.05326392844060557,0.0062817024969323565,-0.009367612871291842,1.3754163810839257
326180.66688197,RECENTER,9.780059979995713,5.997996777296066e-05,-0.019372396429389482,0.0067132066834521,0.007864042114899661,0.05619913023575229,0.007201602731317175,-0.010165712977798336,1.375056534676128,-0.01832363866217923,0.00642924500761724,0.0074049569870930365,0.052473557943831795,0.006188489839352607,-0.009228609139208421,1.375781171433869
326180.676782281,RECENTER,9.790062262036372,6.226205732673407e-05,-0.019372396429389482,0.0067132066834521,0.007864042114899661,0.055431906614785476,0.0068179909208346545,-0.009782101167315815,1.3754401464866106,-0.018050108210372673,0.006333270931500018,0.007294417739532516,0.05169024649151077,0.006096109692976304,-0.009090846892640891,1.3761427037278666
326180.68679374,RECENTER,9.800059052999131,5.9053010772913694e-05,-0.019372396429389482,0.006329594872967803,0.0074804303044171405,0.05428107118333614,0.0068179909208346545,-0.009782101167315815,1.3762073701075774,-0.017779171418099482,0.006238206896936965,0.0071849266428135605,0.0509143625237809,0.006004605509937061,-0.00895439092974959,1.376500807914775
326180.696944409,RECENTER,9.810066764999647,6.67650019749999e-05,-0.019372396429389482,0.006329594872967803,0.0074804303044171405,0.0535138475623711,0.0068179909208346545,-0.009782101167315815,1.3769745937285425,-0.017510380578185547,0.006143895816181105,0.007076302769314258,0.050144623937846466,0.005913826084933876,-0.00881901576505123,1.3768560757407804
326180.707285703,RECENTER,9.820064797997475,6.47979904897511e-05,-0.018988784618905186,0.005945983062485283,0.0074804303044171405,0.05236301213092176,0.006434379110350358,-0.009398489356831519,1.3769745937285425,-0.017244284459786985,0.006050530236762025,0.006968767887869515,0.049382602248549956,0.0058239567551920945,-0.008684997783391879,1.3772077818834534
326180.716762353,RECENTER,9.830057432001922,5.743198562413454e-05,-0.018988784618905186,0.005945983062485283,0.00709681849393462,0.0512121766994742,0.006434379110350358,-0.009398489356831519,1.377358205539025,-0.016980758600572132,0.005958066488378239,0.006862271700706635,0.048627941032066246,0.005734955485726778,-0.008552274299939433,1.3775560908478863
326180.728671608,RECENTER,9.840058892033994,5.8892008382827044e-05,-0.018988784618905186,0.005945983062485283,0.00709681849393462,0.05044495307850738,0.006434379110350358,-0.009014877546348998,1.3777418173495093,-0.016719423974631775,0.005866371581590313,0.006756661035706962,0.047879554868715646,0.005646694267138097,-0.008420654420186913,1.3779015036024558
326180.736908641,RECENTER,9.850056715018582,5.671504186466336e-05,-0.018221560997940145,0.005945983062485283,0.00709681849393462,0.048526894026093004,0.0060507672998678375,-0.008631265735866478,1.3781254291599918,-0.016460602909403765,0.005775558611952475,0.006652066151977748,0.04713836681028938,0.0055592819599045995,-0.008290300482739321,1.3782435941186262
326180.746799454,RECENTER,9.860057754034642,5.7754048611968756e-05,-0.017837949187457625,0.005945983062485283,0.00709681849393462,0.047376058594643666,0.0060507672998678375,-0.008631265735866478,1.3785090409704743,-0.016204112539958238,0.005685563417348272,0.006548413150062354,0.04640385318495177,0.00547265680458095,-0.008161120388587462,1.3785826040937184
326180.756793179,RECENTER,9.870058573025744,5.857303040102124e-05,-0.017454337376973328,0.005945983062485283,0.00709681849393462,0.046608834973678626,0.0060507672998678375,-0.008631265735866478,1.3788926527809569,-0.01595003668765116,0.005596415408313737,0.006445735903884364,0.04567625403262365,0.005386847110370352,-0.008033156353938975,1.378918422738872
326180.766866023,RECENTER,9.880056707013864,5.6707009207457304e-05,-0.017070725566490808,0.005562371252002762,0.0067132066834521,0.04545799954222929,0.0060507672998678375,-0.008247653925383958,1.3792762645914411,-0.015698431459398976,0.00550813427117422,0.006344057087395744,0.04495573002715347,0.005301871826406651,-0.007906436636762215,1.3792509758961202
326180.776817109,RECENTER,9.890058938006405,5.893799243494868e-05,-0.016687113756008287,0.005562371252002762,0.0067132066834521,0.04469077592126247,0.005667155489385317,-0.008247653925383958,1.3796598764019237,-0.015449121138786936,0.005420658352024432,0.006243305690001033,0.04424177796796824,0.0052176716075310325,-0.007780872738362032,1.3795804958144067
326180.786713513,RECENTER,9.900039258995093,3.925897181034088e-05,-0.016303501945525767,0.005562371252002762,0.006329594872967803,0.04430716411077995,0.005667155489385317,-0.007864042114899661,1.3804271000228887,-0.015202741943173392,0.005334210881487472,0.006143738820141381,0.043536219796060704,0.005134461325076112,-0.00765678508643497,1.379906141588744
326180.796893396,RECENTER,9.910060105030425,6.0105056036263704e-05,-0.01591989013504147,0.005562371252002762,0.005945983062485283,0.04392355230029743,0.0060507672998678375,-0.0074804303044171405,1.3804271000228887,-0.014957753513891281,0.0052482513914033635,0.006044733987388667,0.042834644373377806,0.005051720749728428,-0.007533397887027893,1.3802299491511425
326180.806861523,RECENTER,9.920057928015012,5.792803131043911e-05,-0.01553627832455895,0.005562371252002762,0.005562371252002762,0.04315632867933239,0.005667155489385317,-0.0074804303044171405,1.380810711833373,-0.014715709920136377,0.005163325160567639,0.005946919222876018,0.04214150210092926,0.004969974741293737,-0.007411493839333261,1.3805498644480305
326180.8167541,RECENTER,9.930057985999156,5.798600614070892e-05,-0.014769054703593909,0.005562371252002762,0.005945983062485283,0.04277271686884809,0.005667155489385317,-0.0074804303044171405,1.3811943236438555,-0.01447598635195857,0.005079212960893226,0.005850042028129027,0.04145500370521238,0.004889012281092869,-0.007290758260938834,1.380866713306928
326180.826826222,RECENTER,9.940058494044933,5.849404260516167e-05,-0.014001831082627092,0.005178759441520242,0.005945983062485283,0.04238910505836557,0.005667155489385317,-0.0074804303044171405,1.381577935454338,-0.014238620577074812,0.004995928044000564,0.005754117665854291,0.04077525734195575,0.0048088461245144876,-0.007171210173366638,1.3811804458092634
326180.837147099,RECENTER,9.950068931037094,6.893102545291185e-05,-0.013234607461662051,0.005178759441520242,0.005945983062485283,0.041238269626916235,0.005283543678902797,-0.0074804303044171405,1.381577935454338,-0.01400338522456901,0.004913390631885228,0.005659054250816309,0.04010161188715711,0.004729399480991464,-0.007052735062389848,1.381491362477075
326180.846754473,RECENTER,9.960057557036635,5.755701567977667e-05,-0.013234607461662051,0.005178759441520242,0.005945983062485283,0.041238269626916235,0.005283543678902797,-0.0074804303044171405,1.3819615472648206,-0.01377101580016138,0.004831858792639837,0.005565149015913068,0.03943617361472507,0.004650920754771498,-0.006935703361792778,1.3817984911733725
326180.856878612,RECENTER,9.970065659028478,6.565905641764402e-05,-0.012467383840695234,0.005178759441520242,0.005562371252002762,0.040471046005951195,0.005283543678902797,-0.0074804303044171405,1.3823451590753049,-0.013540544762822737,0.004750993043564106,0.00547201095803454,0.038776171769287826,0.004573083175722359,-0.006819627774366177,1.3821031107222332
326180.866746883,RECENTER,9.980057050008327,5.705002695322037e-05,-0.012083772030212714,0.004795147631037722,0.005945983062485283,0.040471046005951195,0.005283543678902797,-0.00709681849393462,1.3827287708857874,-0.013312800104985811,0.004671083903714512,0.005379974685850025,0.03812397747972951,0.004496166383868155,-0.006704925314365229,1.38240412674458
326180.876830817,RECENTER,9.99005856004078,5.856005009263754e-05,-0.011700160219730193,0.004795147631037722,0.005562371252002762,0.040471046005951195,0.005283543678902797,-0.0067132066834521,1.3827287708857874,-0.01308716153675571,0.004591913730963099,0.005288789527532006,0.03747781441666809,0.004419960887099644,-0.006591283575881068,1.3827023590936576
326180.886754352,RECENTER,10.000056293036323,5.6293036323040724e-05,-0.011316548409247673,0.004795147631037722,0.005562371252002762,0.03970382238498438,0.005283543678902797,-0.0067132066834521,1.38311238269627,-0.012863938293478205,0.004513591027220376,0.005198580451405588,0.03683856813996034,0.004344571124269309,-0.006478858303751722,1.3829973990450877
326180.89719378,RECENTER,10.010106394009199,0.0001063939998857677,-0.010932936598763376,0.004411535820553425,0.005178759441520242,0.03893659876401934,0.0048999318684185,-0.0067132066834521,1.3834959945067524,-0.012641887179933753,0.00443567959055044,0.00510884505686704,0.03620267850101477,0.004269577227842908,-0.006367023368911151,1.3832908897622427
326180.906892234,RECENTER,10.020081375027075,8.13750084489584e-05,-0.010165712977798336,0.004411535820553425,0.004795147631037722,0.03778576333257,0.0048999318684185,-0.0067132066834521,1.383879606317235,-0.01242381036609752,0.004359162622906476,0.0050207157580901,0.03557817009752462,0.004195925581927745,-0.006257190070278529,1.3835791275443734
326180.916805048,RECENTER,10.030058069038205,5.806901026517153e-05,-0.010165712977798336,0.004027924010070905,0.004795147631037722,0.03740215152208748,0.00451632005793598,-0.006329594872967803,1.383879606317235,-0.012207995859337517,0.004283439434639186,0.004933500703852706,0.03496014028181116,0.004123037990827971,-0.006148496171311302,1.383864375176553
326180.926790889,RECENTER,10.040058677026536,5.867704749107361e-05,-0.010165712977798336,0.004027924010070905,0.004795147631037722,0.03663492790112066,0.00451632005793598,-0.006329594872967803,1.3842632181277192,-0.011993965456197131,0.004208342237721152,0.004847006642361762,0.03434721961861831,0.004050752949654318,-0.006040700827225742,1.384147264712696
326180.936928143,RECENTER,10.0500634330092,6.343302084133029e-05,-0.010165712977798336,0.004027924010070905,0.004795147631037722,0.03625131609063814,0.00451632005793598,-0.005945983062485283,1.3846468299382018,-0.011782144945250872,0.004134020429284541,0.004761405643484901,0.03374062744226358,0.003979214261082414,-0.005934018484311743,1.3844272333769978
326180.946814728,RECENTER,10.060058892006055,5.8892008382827044e-05,-0.010165712977798336,0.004027924010070905,0.004795147631037722,0.03625131609063814,0.00451632005793598,-0.005945983062485283,1.3846468299382018,-0.011572810195757066,0.004060570804026359,0.004676809191629244,0.03314115376185911,0.0039085150951498615,-0.005828588082744168,1.3847039165459027
326180.956749183,RECENTER,10.07005752704572,5.752703873440623e-05,-0.010165712977798336,0.004027924010070905,0.004795147631037722,0.03586770428015562,0.004132708247453459,-0.005945983062485283,1.3846468299382018,-0.011365690781818372,0.003987898477170487,0.004593108002161117,0.03254802415649083,0.0038385641202194065,-0.0057242734238697746,1.3849776716483353
326180.966725265,RECENTER,10.080058104998898,5.810498259961605e-05,-0.010165712977798336,0.004027924010070905,0.004795147631037722,0.034716868848706284,0.004132708247453459,-0.005945983062485283,1.3850304417486843,-0.011160806808602541,0.003916010503050071,0.004510310199989931,0.031961296201497236,0.003769368126461392,-0.005621084633556039,1.3852484721107732
326180.976933923,RECENTER,10.090062080009375,6.207998376339674e-05,-0.010549324788280856,0.004027924010070905,0.004795147631037722,0.03433325703822376,0.004132708247453459,-0.005945983062485283,1.3854140535591668,-0.010958123021538202,0.003844894511836061,0.004428401538022569,0.03138086893806569,0.003700915207258293,-0.005519003956013957,1.385516364530098
326180.987946201,RECENTER,10.100057719042525,5.771906580775976e-05,-0.010165712977798336,0.0036443121995883843,0.004795147631037722,0.033182421606774426,0.004132708247453459,-0.005562371252002762,1.3854140535591668,-0.010757868089103728,0.003774630736810697,0.0043474744258659714,0.030807397206038534,0.0036332825914062172,-0.005418146558981207,1.38578104666925
326180.99677479,RECENTER,10.110060181003064,6.018101703375578e-05,-0.010549324788280856,0.0036443121995883843,0.004411535820553425,0.032415197985809385,0.003749096436970939,-0.005562371252002762,1.3854140535591668,-0.010559730341284435,0.0037051098218072454,0.004267402911295598,0.030239988473377055,0.003566365017785733,-0.005318355471410741,1.3860429304705726
326181.007136633,RECENTER,10.120064626040403,6.462604505941272e-05,-0.010549324788280856,0.0036443121995883843,0.004411535820553425,0.032031586175326865,0.004132708247453459,-0.005562371252002762,1.385797665369651,-0.01036380107335022,0.003636363799746023,0.004188223888596382,0.029678904183112254,0.0035001933197842394,-0.0052196766737094835,1.3863018952667394
326181.016745449,RECENTER,10.130059032991994,5.903298733755946e-05,-0.010549324788280856,0.0036443121995883843,0.004411535820553425,0.03126436255436005,0.003749096436970939,-0.005178759441520242,1.3861812771801336,-0.010170305364586518,0.003568471644563309,0.004110028316908959,0.02912478889668413,0.0034348435140104105,-0.005122223525935887,1.38655764356462
326181.026814586,RECENTER,10.140058409015182,5.840900121256709e-05,-0.010549324788280856,0.0036443121995883843,0.004411535820553425,0.030880750743877527,0.003749096436970939,-0.005178759441520242,1.3865648889906161,-0.009978943246186645,0.003501328105714324,0.004032694972706169,0.02857678359090232,0.003370214291224083,-0.0050258449502981195,1.3868105718407677
326181.036926452,RECENTER,10.150061641994398,6.16419711150229e-05,-0.010165712977798336,0.003260700389105864,0.004027924010070905,0.03011352712291071,0.003749096436970939,-0.005178759441520242,1.3865648889906161,-0.009789731135882773,0.0034349389437154376,0.003956230490729157,0.028034935281363138,0.003306311196228262,-0.004930549215504787,1.38706065839544
326181.047064948,RECENTER,10.160060257010628,6.025703623890877e-05,-0.010165712977798336,0.0036443121995883843,0.004027924010070905,0.02972991531242819,0.003749096436970939,-0.005178759441520242,1.3869485008010987,-0.009602821178729792,0.0033693575419505017,0.0038806963559050445,0.027499679667138954,0.00324318561336559,-0.00483641294865339,1.3873077021345712
326181.056787287,RECENTER,10.17005772003904,5.772005533799529e-05,-0.009782101167315815,0.003260700389105864,0.0036443121995883843,0.02896269169146315,0.003749096436970939,-0.004795147631037722,1.3869485008010987,-0.009418138674917365,0.0033045576903751317,0.003806062380513342,0.02697080282975528,0.003180812314076048,-0.0047433985275573964,1.387551801790838
326181.066846605,RECENTER,10.180062476021703,6.247602868825197e-05,-0.009782101167315815,0.003260700389105864,0.0036443121995883843,0.028579079880978853,0.003749096436970939,-0.004795147631037722,1.387332112611583,-0.009235521564161298,0.0032404825266328374,0.00373226307268007,0.026447840675815293,0.0031191365653210623,-0.004651424331363618,1.3877931715635223
326181.076897357,RECENTER,10.190059137006756,5.913700442761183e-05,-0.009398489356831519,0.002877088578621567,0.0036443121995883843,0.028195468070496332,0.0033654846264866423,-0.004795147631037722,1.387332112611583,-0.009055242285348597,0.0031772276418005896,0.0036594085305291513,0.025931573390847618,0.003058250378590005,-0.004560627572557485,1.38803145136308
326181.086822394,RECENTER,10.200058071990497,5.8071978855878115e-05,-0.009014877546348998,0.002877088578621567,0.0036443121995883843,0.027811856260013812,0.003749096436970939,-0.004795147631037722,1.3877157244220655,-0.008877103667921826,0.003114723854323126,0.0035874190734073996,0.025421436335871128,0.002998087162960933,-0.004470908947172003,1.3882669017949514
326181.096795942,RECENTER,10.21012249001069,0.0001224899897351861,-0.008631265735866478,0.002877088578621567,0.0036443121995883843,0.027044632639046995,0.0033654846264866423,-0.004795147631037722,1.388099336232548,-0.008699993365270497,0.0030525808733294357,0.003515845179308974,0.024914244074554226,0.0029382712427384328,-0.004381708227389758,1.3885009930765082
326181.106721891,RECENTER,10.220055241021328,5.524104926735163e-05,-0.008247653925383958,0.003260700389105864,0.0036443121995883843,0.026661020828564475,0.0033654846264866423,-0.004411535820553425,1.388099336232548,-0.008527350789532595,0.0029920054909707283,0.0034460767849933682,0.024419846080325547,0.002879964219472453,-0.004294757655964265,1.3887291792475027
326181.116784996,RECENTER,10.230057703040075,5.770305870100856e-05,-0.007864042114899661,0.002877088578621567,0.0036443121995883843,0.026277409018081954,0.0033654846264866423,-0.004411535820553425,1.3884829480430305,-0.008355647121189747,0.0029317595445822464,0.0033766878223508157,0.02392813684308992,0.0028219742958273675,-0.004208279960561112,1.3889561244402364
326181.126760017,RECENTER,10.240057320042979,5.732005229219794e-05,-0.0074804303044171405,0.002877088578621567,0.003260700389105864,0.025893797207599434,0.0033654846264866423,-0.004411535820553425,1.3884829480430305,-0.008186140841906941,0.002872284599680197,0.003308186869550339,0.023442720287362606,0.0027647265020683265,-0.004122908969188599,1.3891801652868454
326181.136842448,RECENTER,10.250047067995183,4.706799518316984e-05,-0.00709681849393462,0.002877088578621567,0.003260700389105864,0.025126573586632617,0.0033654846264866423,-0.004411535820553425,1.3884829480430305,-0.0080189382152267,0.0028136179411270834,0.0032406168698617954,0.02296390072094212,0.00270825672685604,-0.00403869820094932,1.389401161336049
326181.146945448,RECENTER,10.260062985005789,6.298499647527933e-05,-0.00709681849393462,0.003260700389105864,0.003260700389105864,0.024359349965667576,0.002981872816004122,-0.004411535820553425,1.3888665598535148,-0.007853432455970366,0.0027555466652168514,0.0031737326089895934,0.022489940488016336,0.0026523600390641056,-0.003955342051517208,1.3896199145915589
326181.156915158,RECENTER,10.27006034704391,6.034702528268099e-05,-0.006329594872967803,0.002877088578621567,0.003260700389105864,0.02359212634470076,0.002981872816004122,-0.004411535820553425,1.3888665598535148,-0.007690356119159469,0.002698327804725703,0.003107830127394101,0.022022937412553345,0.0025972838463930725,-0.003873209468571892,1.389835456816399
326181.166937287,RECENTER,10.280061106022913,6.110599497333169e-05,-0.006329594872967803,0.002877088578621567,0.003260700389105864,0.02320851453421824,0.002981872816004122,-0.004027924010070905,1.3888665598535148,-0.007529337296643179,0.0026418308676336155,0.0030427591293883116,0.021561826458057487,0.002542902543341996,-0.003792113142429776,1.3900482795712206
326181.176770553,RECENTER,10.290057376027107,5.73760480619967e-05,-0.006329594872967803,0.002877088578621567,0.003260700389105864,0.02282490272373572,0.002981872816004122,-0.004027924010070905,1.3892501716639973,-0.0073704935258389614,0.002586097094486123,0.002978567114245545,0.021106944217418322,0.002489255826126635,-0.0037121122702244436,1.39025822750377
326181.186694648,RECENTER,10.300055560015608,5.556002724915743e-05,-0.006329594872967803,0.002877088578621567,0.002877088578621567,0.022441290913253198,0.002981872816004122,-0.004411535820553425,1.3892501716639973,-0.007213713070868599,0.0025310872803332995,0.002915208927213142,0.02065797071166342,0.0024363059579000923,-0.0036331505767385752,1.3904654482982557
326181.197197896,RECENTER,10.310104739037342,0.00010473903967067599,-0.006329594872967803,0.002877088578621567,0.003260700389105864,0.0220576791027689,0.0025982610055216016,-0.004027924010070905,1.3896337834744799,-0.007058233587019513,0.002476533940041409,0.002852376489207553,0.02021272280783548,0.0023837954700124397,-0.0035548441108633755,1.3906709495654612
326181.206763171,RECENTER,10.320057589036878,5.7589029893279076e-05,-0.006329594872967803,0.002493476768139047,0.002877088578621567,0.0220576791027689,0.0025982610055216016,-0.004027924010070905,1.3896337834744799,-0.006906310943270211,0.0024232285940412324,0.0027909814430014113,0.019777660656876694,0.002332486242923676,-0.003478329029748428,1.3908717496648362
326181.217132929,RECENTER,10.33006754500093,6.754498463124037e-05,-0.006329594872967803,0.002493476768139047,0.002877088578621567,0.02167406729228638,0.0025982610055216016,-0.004027924010070905,1.3896337834744799,-0.006755581393621424,0.002370341870915671,0.0027300685505126376,0.019346015179515064,0.00228157996258882,-0.0034024148445211955,1.3910709728207877
326181.22672276,RECENTER,10.340057954017539,5.7953991927206516e-05,-0.006329594872967803,0.002493476768139047,0.002877088578621567,0.02090684367132134,0.0025982610055216016,-0.004027924010070905,1.3900173952849624,-0.0066072012661432256,0.0023182794933820916,0.0026701051075538884,0.018921097762156558,0.0022314671586752544,-0.0033276839340416475,1.3912670906845084
326181.237193236,RECENTER,10.35010537999915,0.0001053800224326551,-0.006329594872967803,0.002493476768139047,0.002493476768139047,0.020523231860837043,0.0025982610055216016,-0.0036443121995883843,1.3900173952849624,-0.006460035263364694,0.0022666431177637836,0.002610632317207623,0.01849965724389868,0.0021817644042342044,-0.0032535645114061817,1.391461603808117
326181.246999221,RECENTER,10.360107200045604,0.0001072000595740974,-0.006329594872967803,0.0021098649576565265,0.002493476768139047,0.020139620050354523,0.002214649195039081,-0.0036443121995883843,1.3904010070954467,-0.006315580242147623,0.0022159579486711323,0.00255225508993287,0.018085980186308692,0.002132977236601913,-0.003180810461100636,1.3916525337570684
326181.256789747,RECENTER,10.37005838600453,5.838600918650627e-05,-0.006329594872967803,0.0021098649576565265,0.002493476768139047,0.019372396429389482,0.002214649195039081,-0.003260700389105864,1.3907846189059292,-0.006173869640150431,0.002166235718429943,0.002494986938571059,0.017680162345089956,0.0020851169487651477,-0.003109438623834837,1.3918398363359419
326181.266724983,RECENTER,10.380058664013632,5.866400897502899e-05,-0.006329594872967803,0.0021098649576565265,0.002493476768139047,0.018988784618905186,0.002214649195039081,-0.003260700389105864,1.3911682307164117,-0.006033472937486795,0.0021169744981926752,0.002438249760791017,0.01727810712842892,0.0020377004075458893,-0.0030387285254093177,1.3920254022999816
326181.277113637,RECENTER,10.39008099300554,8.099299157038331e-05,-0.005945983062485283,0.0021098649576565265,0.002493476768139047,0.018605172808422665,0.0018310373845547845,-0.003260700389105864,1.3907846189059292,-0.005894781232881119,0.0020683115134071117,0.002382201607582707,0.01688093452902728,0.0019908596997269545,-0.0029688771407442305,1.3922087147238573
326181.287165922,RECENTER,10.400075901008677,7.590098539367318e-05,-0.005945983062485283,0.0021098649576565265,0.002493476768139047,0.018221560997940145,0.0018310373845547845,-0.003260700389105864,1.3911682307164117,-0.005758467382570909,0.002020482850239619,0.002327114393907398,0.01649057141094379,0.0019448220707843356,-0.002900223350524589,1.3923888842760253
326181.297810554,RECENTER,10.411113606998697,0.001113607024308294,-0.005945983062485283,0.0021098649576565265,0.002493476768139047,0.017837949187457625,0.0018310373845547845,-0.003260700389105864,1.3915518425268942,-0.005610238067939921,0.001968473388655967,0.0022672118975034794,0.016066085877602942,0.0018947602012834297,-0.002825568396182754,1.3925848028064933
326181.306928252,RECENTER,10.420085944002494,8.594401879236102e-05,-0.005945983062485283,0.0017262531471740061,0.002493476768139047,0.017070725566490808,0.0018310373845547845,-0.003260700389105864,1.3915518425268942,-0.0054915198724109215,0.0019268185416034256,0.0022192354476462395,0.015726111583908686,0.0018546651983026852,-0.0027657765696547654,1.392741715725276
326181.316775774,RECENTER,10.430056266020983,5.6266027968376875e-05,-0.005562371252002762,0.0017262531471740061,0.002493476768139047,0.016687113756008287,0.0018310373845547845,-0.003260700389105864,1.3919354543373785,-0.0053614536648629585,0.0018811819990501577,0.0021666730341363682,0.015353639892880189,0.0018107376018960397,-0.0027002693735236893,1.3929136276059304
326181.326783907,RECENTER,10.440057696017902,5.769601557403803e-05,-0.005562371252002762,0.0017262531471740061,0.002493476768139047,0.016303501945525767,0.0014474255740722641,-0.003260700389105864,1.3919354543373785,-0.005232935414400397,0.0018360885907262037,0.0021147361817307198,0.014985601099558599,0.0017673328010362477,-0.0026355417982510954,1.3930834935115488
326181.3371671,RECENTER,10.450104040035512,0.00010404002387076616,-0.005178759441520242,0.0017262531471740061,0.002493476768139047,0.01591989013504147,0.0018310373845547845,-0.002877088578621567,1.392319066147861,-0.005105799354145346,0.001791480153736591,0.002063357900645102,0.014621520495944118,0.0017243948108472407,-0.002571510356176532,1.3932515325405133
326181.346929403,RECENTER,10.460058953030966,5.895301001146436e-05,-0.005178759441520242,0.0017262531471740061,0.0021098649576565265,0.01553627832455895,0.0018310373845547845,-0.003260700389105864,1.392319066147861,-0.004981746698820011,0.0017479535960677473,0.0020132256865278975,0.014266269864925185,0.0016824981869736078,-0.002509031855602195,1.3934154961531935
326181.356702777,RECENTER,10.470018425025046,1.8425052985548973e-05,-0.004795147631037722,0.0017262531471740061,0.0021098649576565265,0.014769054703593909,0.0014474255740722641,-0.002877088578621567,1.392319066147861,-0.0048595454046058695,0.0017050766284940344,0.0019638416452844587,0.013916320992270581,0.0016412268280725506,-0.0024474857838094333,1.3935770127738656
326181.366820594,RECENTER,10.48008786101127,8.786102989688516e-05,-0.004411535820553425,0.0017262531471740061,0.0021098649576565265,0.014385442893111389,0.0014474255740722641,-0.002877088578621567,1.3927026779583436,-0.004737924230112878,0.0016624032084738283,0.0019146920422801472,0.013568033413334346,0.0016001513945041457,-0.0023862318864181775,1.393737762635253
326181.376784745,RECENTER,10.490081586991437,8.158700075000525e-05,-0.004411535820553425,0.0017262531471740061,0.0021098649576565265,0.014385442893111389,0.0018310373845547845,-0.002877088578621567,1.3927026779583436,-0.004619124609713698,0.0016207197917442184,0.0018666826869682684,0.01322782594255556,0.0015600288916915728,-0.0023263990506608434,1.3938947831753987
326181.386953248,RECENTER,10.500064443040174,6.444304017350078e-05,-0.004027924010070905,0.0017262531471740061,0.0021098649576565265,0.014001831082627092,0.0014474255740722641,-0.002493476768139047,1.3927026779583436,-0.004502339952515366,0.0015797433684419937,0.001819487619479282,0.012893388738819844,0.0015205869076081735,-0.00226758104106084,1.39404914048641
326181.396867516,RECENTER,10.510109135007951,0.00010913499863818288,-0.004411535820553425,0.0017262531471740061,0.0021098649576565265,0.014001831082627092,0.0014474255740722641,-0.002493476768139047,1.393086289768826,-0.004386722923535702,0.001539176632758793,0.0017727644144240884,0.012562295281820957,0.001481539269620552,-0.0022093511015842116,1.3942019545129147
326181.406928338,RECENTER,10.520068617013749,6.86169951222837e-05,-0.004027924010070905,0.0017262531471740061,0.0017262531471740061,0.013618219272144572,0.0014474255740722641,-0.002493476768139047,1.393086289768826,-0.004273948242689896,0.0014996071964049895,0.0017271898603580527,0.012239341481047106,0.0014434515852136953,-0.0021525526965560093,1.3943510117341555
326181.417240699,RECENTER,10.530064187012613,6.418698467314243e-05,-0.0036443121995883843,0.0017262531471740061,0.0017262531471740061,0.013234607461662051,0.0018310373845547845,-0.002493476768139047,1.3934699015793086,-0.00416261729883638,0.001460544326406299,0.0016821987499259505,0.011920522122024213,0.001405851497832289,-0.0020964814224567196,1.3944981607307607
326181.426746113,RECENTER,10.540057723002974,5.772302392870188e-05,-0.0036443121995883843,0.0017262531471740061,0.0017262531471740061,0.012467383840695234,0.0014474255740722641,-0.0021098649576565265,1.3934699015793086,-0.004053152729387111,0.0014221363142413734,0.0016379618795462902,0.011607047515059365,0.0013688817459017455,-0.0020413501385090904,1.3946428428918987
326181.436869802,RECENTER,10.550057571032085,5.7571043726056814e-05,-0.0036443121995883843,0.0017262531471740061,0.0017262531471740061,0.012083772030212714,0.0018310373845547845,-0.0021098649576565265,1.393853513389793,-0.003945452739014477,0.0013843474428174296,0.0015944381116460848,0.011298626148017465,0.0013325079498229253,-0.001987107576004399,1.394785192763095
326181.446809628,RECENTER,10.560058150033,5.8150035329163074e-05,-0.003260700389105864,0.0017262531471740061,0.0017262531471740061,0.011316548409247673,0.0018310373845547845,-0.0021098649576565265,1.393853513389793,-0.0038395677086595636,0.0013471953893775535,0.0015516478061936567,0.0109954022972234,0.0012967471248813978,-0.001933779109052347,1.3949251437545527
326181.456750346,RECENTER,10.570056385011412,5.6385004427284e-05,-0.003260700389105864,0.0017262531471740061,0.0017262531471740061,0.011316548409247673,0.0014474255740722641,-0.0021098649576565265,1.393853513389793,-0.0037355179930582683,0.0013106872958210947,0.0015095991889538252,0.010697434252704197,0.001261606145534555,-0.0018813749892138132,1.3950626689628893
326181.466805026,RECENTER,10.580060010019224,6.001000292599201e-05,-0.003260700389105864,0.0017262531471740061,0.0017262531471740061,0.010932936598763376,0.0014474255740722641,-0.0017262531471740061,1.3942371252002754,-0.0036332120627511344,0.0012747910470571888,0.0014682552710008345,0.010404459900778429,0.0012270540993016,-0.0018298491181336085,1.3951978893649661
326181.476848726,RECENTER,10.590059547044802,5.954701919108629e-05,-0.003260700389105864,0.0017262531471740061,0.0017262531471740061,0.010932936598763376,0.0014474255740722641,-0.0017262531471740061,1.3942371252002754,-0.003532735235288964,0.0012395365785942691,0.00142765053090127,0.01011672356603377,0.0011931198006994992,-0.0017792444655702622,1.3953306921943625
326181.486832874,RECENTER,10.600058373005595,5.837302887812257e-05,-0.003260700389105864,0.0013426413366897094,0.0013426413366897094,0.010549324788280856,0.0014474255740722641,-0.0017262531471740061,1.394620737010758,-0.00343404023257321,0.0012049073018885748,0.001387765862608803,0.009834089857780892,0.001159787282373731,-0.0017295372201454051,1.395461139939768
326181.496863349,RECENTER,10.610062158026267,6.21580402366817e-05,-0.003260700389105864,0.0013426413366897094,0.0013426413366897094,0.010165712977798336,0.0014474255740722641,-0.0017262531471740061,1.394620737010758,-0.0033370600502808934,0.0011708797070240917,0.0013485741883068614,0.009556366895178359,0.0011270339147812503,-0.001680693635466357,1.3955893211625345
326181.506865752,RECENTER,10.62005903100362,5.9031008277088404e-05,-0.003260700389105864,0.0013426413366897094,0.0013426413366897094,0.009782101167315815,0.0014474255740722641,-0.0017262531471740061,1.3950043488212405,-0.003241896998393834,0.001137489691670962,0.0013101168535505636,0.00928384766417989,0.00109489425133652,-0.0016327652394446113,1.395715100636905
326181.516916765,RECENTER,10.630058848008048,5.884800339117646e-05,-0.003260700389105864,0.0013426413366897094,0.0013426413366897094,0.009014877546348998,0.0010638137635897438,-0.0013426413366897094,1.3950043488212405,-0.003148443854911198,0.0011046996346709137,0.001272350527737498,0.009016225112241871,0.0010633320796762102,-0.001585698030254823,1.3958386200809794
326181.526773345,RECENTER,10.640057042997796,5.704298382624984e-05,-0.003260700389105864,0.0013426413366897094,0.0013426413366897094,0.008631265735866478,0.0014474255740722641,-0.0009590295262071891,1.3950043488212405,-0.0030567311828381127,0.0010725202597152983,0.0012352875620027237,0.008753586762897614,0.0010323577219229219,-0.0015395074008018317,1.395959839098841
326181.536806004,RECENTER,10.650058594008442,5.859398515895009e-05,-0.003260700389105864,0.0013426413366897094,0.0013426413366897094,0.008247653925383958,0.0010638137635897438,-0.0009590295262071891,1.3950043488212405,-0.00296670120725262,0.0010409312952230354,0.0011989046083192012,0.008495767165618728,0.0010019516656029903,-0.0014941642530346688,1.3960788340531027
326181.54684214,RECENTER,10.660059193032794,5.91930584050715e-05,-0.003260700389105864,0.0009590295262071891,0.0013426413366897094,0.007864042114899661,0.0010638137635897438,-0.0009590295262071891,1.3950043488212405,-0.0028783806634492537,0.0010099421218504878,0.001163212470966013,0.008242842882492551,0.0009721229400965758,-0.0014496820520509823,1.3961955696070327
326181.558150724,RECENTER,10.670057528011966,5.752802826464176e-05,-0.002877088578621567,0.0009590295262071891,0.0013426413366897094,0.0074804303044171405,0.0010638137635897438,-0.0009590295262071891,1.3953879606317248,-0.0027917675615630744,0.000979552041410564,0.0011282103457980752,0.007994808215125992,0.0009428708733613678,-0.00140605979566516,1.3963100483906867
326181.566724687,RECENTER,10.680056905024685,5.690503166988492e-05,-0.003260700389105864,0.0009590295262071891,0.0013426413366897094,0.00709681849393462,0.0010638137635897438,-0.0009590295262071891,1.3953879606317248,-0.002706820095345952,0.0009497463852767007,0.0010938813380557966,0.007751543442614972,0.0009141813460652182,-0.0013632764283691423,1.3964223256604675
326181.576785589,RECENTER,10.69006085098954,6.085098721086979e-05,-0.003260700389105864,0.0009590295262071891,0.0013426413366897094,0.00709681849393462,0.0010638137635897438,-0.0009590295262071891,1.3953879606317248,-0.0026234967435547762,0.0009205105848225648,0.0010602086681560652,0.00751292966022743,0.0008860403351313717,-0.0013213110381960491,1.3965324562960792
326181.586845369,RECENTER,10.700061099021696,6.109901005402207e-05,-0.003260700389105864,0.0009590295262071891,0.0013426413366897094,0.00709681849393462,0.0010638137635897438,-0.0009590295262071891,1.3953879606317248,-0.002541853512124881,0.0008918642909420682,0.0010272149692422405,0.007279127252630246,0.0008584667555890935,-0.0012801918322555839,1.3966403662730245
326181.59688421,RECENTER,10.710062490019482,6.24899985268712e-05,-0.002877088578621567,0.0009590295262071891,0.0013426413366897094,0.00709681849393462,0.0010638137635897438,-0.0009590295262071891,1.3957715724422073,-0.0024618370788475064,0.0008637887943848399,0.000994878692719664,0.007049983520566405,0.0008314425987909768,-0.0012398919550835608,1.3967461260686493
326181.606751399,RECENTER,10.720057960017584,5.796004552394152e-05,-0.002877088578621567,0.0009590295262071891,0.0013426413366897094,0.00709681849393462,0.0010638137635897438,-0.0009590295262071891,1.3957715724422073,-0.0023834895318061156,0.0008362988626653967,0.0009632168472433478,0.006825618992034377,0.0008049820792543072,-0.001200432604133106,1.3968496800540424
326181.616834463,RECENTER,10.730057797045447,5.779706407338381e-05,-0.002877088578621567,0.0009590295262071891,0.0013426413366897094,0.0067132066834521,0.0006802019531072234,-0.0009590295262071891,1.3957715724422073,-0.0023067164908526783,0.0008093613804671662,0.0009321912918659747,0.0066057633898111145,0.0007790533217277018,-0.0011617662453137778,1.3969511529738936
326181.62673227,RECENTER,10.740056854032446,5.685404175892472e-05,-0.002493476768139047,0.0009590295262071891,0.0013426413366897094,0.0067132066834521,0.0006802019531072234,-0.0009590295262071891,1.3961551842526898,-0.0022315448745379163,0.0007829857927459383,0.000901812904924193,0.006390493800776609,0.0007536654174829238,-0.0011239064360192286,1.3970505092492567
326181.636852603,RECENTER,10.750058714998886,5.871499888598919e-05,-0.0021098649576565265,0.0009590295262071891,0.0009590295262071891,0.006329594872967803,0.0006802019531072234,-0.0009590295262071891,1.3961551842526898,-0.002157934649710591,0.0007571580530046362,0.0008720655082031792,0.006179695581659317,0.0007288048460203089,-0.0010868330137528415,1.3971478017929853
326181.646850086,RECENTER,10.760058884043247,5.88840339332819e-05,-0.0021098649576565265,0.0009590295262071891,0.0009590295262071891,0.006329594872967803,0.0006802019531072234,-0.0009590295262071891,1.3961551842526898,-0.002085905494316753,0.0007318850656762854,0.0008429570539632003,0.00597342508435883,0.0007044782532234228,-0.0010505558892137667,1.3972430045962279
326181.656774072,RECENTER,10.770058450987563,5.84509689360857e-05,-0.0017262531471740061,0.0009590295262071891,0.0009590295262071891,0.006329594872967803,0.0010638137635897438,-0.0009590295262071891,1.3965387960631723,-0.002015435244343,0.0007071590540372874,0.0008144785852733094,0.005771618837603354,0.0006806781535827477,-0.0010150638996072603,1.3973361469537362
326181.666837649,RECENTER,10.7800568669918,5.686696385964751e-05,-0.0017262531471740061,0.0009590295262071891,0.0009590295262071891,0.006329594872967803,0.0010638137635897438,-0.0009590295262071891,1.3965387960631723,-0.0019465134861139655,0.000682976364224458,0.0007866258937544446,0.005574247019663803,0.0006574010300608168,-0.0009803518001378908,1.397427242629535
326181.676848197,RECENTER,10.790061102015898,6.110203685238957e-05,-0.0013426413366897094,0.0009590295262071891,0.0009590295262071891,0.005945983062485283,0.0006802019531072234,-0.0009590295262071891,1.3969224078736566,-0.0018790792639201692,0.0006593156086084628,0.0007593743459582414,0.005381135071163001,0.0006346262959283644,-0.0009463888907667584,1.397516372190367
326181.686841763,RECENTER,10.800059908011463,5.990802310407162e-05,-0.0017262531471740061,0.0009590295262071891,0.0009590295262071891,0.005945983062485283,0.0010638137635897438,-0.0009590295262071891,1.3969224078736566,-0.0018131944010608692,0.0006361984792311592,0.0007327489259437436,0.005192460036001378,0.0006123748309279087,-0.0009132063084899,1.3976034539227735
326181.69690009,RECENTER,10.810063974000514,6.397400284186006e-05,-0.0013426413366897094,0.0009590295262071891,0.0009590295262071891,0.005945983062485283,0.0010638137635897438,-0.0009590295262071891,1.3969224078736566,-0.0017487742287374264,0.0006135952682130852,0.000706715417318593,0.005007979447430255,0.0005906180396473837,-0.0008807614102895878,1.397688599735702
326181.706772931,RECENTER,10.820056597993243,5.659798625856638e-05,-0.0013426413366897094,0.0009590295262071891,0.0009590295262071891,0.005562371252002762,0.0006802019531072234,-0.0009590295262071891,1.3973060196841391,-0.001685910633548282,0.0005915382159549787,0.0006813109533356787,0.004827956441872727,0.000569386955185075,-0.0008491004743924613,1.397771688180252
326181.717070355,RECENTER,10.830106049019378,0.00010604900307953358,-0.0013426413366897094,0.0009590295262071891,0.0009590295262071891,0.005562371252002762,0.0006802019531072234,-0.0009590295262071891,1.3973060196841391,-0.0016241697373712283,0.0005698750869318203,0.000656360194975697,0.004651148518906023,0.000548535042761561,-0.0008180049802481437,1.3978532927243932
326181.726811769,RECENTER,10.840057816996705,5.7816971093416214e-05,-0.0013426413366897094,0.0009590295262071891,0.0009590295262071891,0.005178759441520242,0.0006802019531072234,-0.0005754177157246687,1.3976896314946217,-0.0015644773737742979,0.0005489307298789659,0.0006322372905110119,0.004480206995895797,0.0005283749865403753,-0.0007879412193113611,1.3979321896698804
326181.736807379,RECENTER,10.850058245996479,5.824601976200938e-05,-0.0013426413366897094,0.0009590295262071891,0.0009590295262071891,0.004795147631037722,0.0006802019531072234,-0.0005754177157246687,1.3976896314946217,-0.0015059304764517556,0.0005283882844475951,0.0006085772923854482,0.004312545754276309,0.0005086017916042518,-0.0007584543667454313,1.3980095726228776
326181.746755911,RECENTER,10.860061699990183,6.170000415295362e-05,-0.0013426413366897094,0.0005754177157246687,0.0009590295262071891,0.004411535820553425,0.0006802019531072234,-0.0005754177157246687,1.3976896314946217,-0.0014487926799430229,0.0005083402525188352,0.0005854867407059927,0.004148919766493009,0.000489304495927545,-0.0007296772007700514,1.3980850931307747
326181.757284567,RECENTER,10.870104779023677,0.00010477902833372355,-0.0013426413366897094,0.0005754177157246687,0.0005754177157246687,0.004027924010070905,0.0006802019531072234,-0.0005754177157246687,1.3976896314946217,-0.0013928491371022478,0.0004887112503239865,0.0005628788113487548,0.003988713772969499,0.0004704105386283963,-0.0007015015146926706,1.398159035162618
326181.76688561,RECENTER,10.880085090000648,8.508999599143863e-05,-0.0013426413366897094,0.0005754177157246687,0.0005754177157246687,0.004027924010070905,0.0006802019531072234,-0.0005754177157246687,1.3976896314946217,-0.0013386503942331984,0.0004696944489433197,0.000540975991330378,0.0038335043777804056,0.0004521058571328729,-0.0006742045884109427,1.3982306710470755
326181.777072597,RECENTER,10.890064280014485,6.428000051528215e-05,-0.0013426413366897094,0.0005754177157246687,0.0005754177157246687,0.004027924010070905,0.0006802019531072234,-0.0005754177157246687,1.3976896314946217,-0.00128583333072807,0.00045116243965639957,0.0005196315361896409,0.003682251709390849,0.00043426781377958745,-0.0006476035380433842,1.3983004807300747
326181.787030116,RECENTER,10.900060329993721,6.032997043803334e-05,-0.0013426413366897094,0.0005754177157246687,0.0005754177157246687,0.0036443121995883843,0.0006802019531072234,-0.0005754177157246687,1.3976896314946217,-0.0012342909565127291,0.00043307768268133207,0.0004988022090502975,0.003534649379427046,0.00041686027453433083,-0.0006216444785732689,1.398368605623172
326181.796750011,RECENTER,10.910059577028733,5.957705434411764e-05,-0.0013426413366897094,0.0005754177157246687,0.0005754177157246687,0.0036443121995883843,0.0006802019531072234,-0.0005754177157246687,1.3976896314946217,-0.0011840826151916506,0.00041546100000544595,0.0004785119918761793,0.003390867330667735,0.0003999032816660031,-0.0005963572981107501,1.3984349672903857
326181.806834587,RECENTER,10.920059495023452,5.9495039749890566e-05,-0.0017262531471740061,0.0005754177157246687,0.0005754177157246687,0.0036443121995883843,0.0006802019531072234,-0.0005754177157246687,1.3980732433051042,-0.0011352064418301833,0.00039831173727605806,0.0004587601310090117,0.0032509002224836436,0.0003833962053254314,-0.0005717410573908288,1.3984995681966486
326181.818687688,RECENTER,10.93185924703721,0.0018592470441944897,-0.0017262531471740061,0.0005754177157246687,0.0005754177157246687,0.0036443121995883843,0.00029659014262470307,-0.0005754177157246687,1.3980732433051042,-0.0010792300300466184,0.000378671202301617,0.00043613891864008325,0.00309060010189266,0.0003644911471133161,-0.0005435488170345559,1.3985735536722261
326181.826853348,RECENTER,10.940060783992521,6.078399019315839e-05,-0.0013426413366897094,0.0005754177157246687,0.00019180590524214836,0.003260700389105864,0.0006802019531072234,-0.0005754177157246687,1.3980732433051042,-0.001041392344323322,0.0003653950317483168,0.00042084793629548756,0.0029822440034743547,0.0003517121277296642,-0.0005244920555086408,1.3986235647230205
326181.836796,RECENTER,10.950057576003019,5.757599137723446e-05,-0.0013426413366897094,0.0005754177157246687,0.0005754177157246687,0.003260700389105864,0.00029659014262470307,-0.00019180590524214836,1.3980732433051042,-0.0009964438875291748,0.0003496238933422269,0.00040268334599039,0.002853524730214163,0.0003365315692557824,-0.0005018539896303742,1.3986829742644047
326181.846784616,RECENTER,10.960058966011275,5.896599031984806e-05,-0.0013426413366897094,0.0005754177157246687,0.0005754177157246687,0.003260700389105864,0.0006802019531072234,-0.00019180590524214836,1.3980732433051042,-0.000952748019771299,0.000334292252895968,0.0003850249525224614,0.0027283925066983183,0.0003217740509142142,-0.00047984678396723046,1.3987407282263653
326181.856766641,RECENTER,10.97006009699544,6.0097023379057646e-05,-0.0009590295262071891,0.0005754177157246687,0.0005754177157246687,0.003260700389105864,0.0006802019531072234,-0.00019180590524214836,1.3984568551155885,-0.0009103109198129733,0.00031940227836224633,0.00036787525285625344,0.0026068650271029448,0.0003074416594746332,-0.00045847355042244464,1.3987968184422708
326181.866995526,RECENTER,10.98006453301059,6.4533029217273e-05,-0.0009590295262071891,0.0005754177157246687,0.0005754177157246687,0.002877088578621567,0.00029659014262470307,-0.00019180590524214836,1.3984568551155885,-0.0008691020504567604,0.00030494325510480036,0.0003512219062860311,0.0024888548417993928,0.0002935240815304663,-0.00043771890908900213,1.3988512852739268
326181.876783669,RECENTER,10.990057707997039,5.77080063521862e-05,-0.0009590295262071891,0.0005754177157246687,0.00019180590524214836,0.002877088578621567,0.00029659014262470307,-0.00019180590524214836,1.3984568551155885,-0.0008291638619200015,0.0002909300777006185,0.0003350820678123534,0.0023744835158310273,0.0002800356539032489,-0.0004176042398069124,1.3989040726137805
326181.887178014,RECENTER,11.000103853002656,0.00010385300265625119,-0.0005754177157246687,0.0005754177157246687,0.0005754177157246687,0.002877088578621567,0.0006802019531072234,-0.00019180590524214836,1.3984568551155885,-0.0007902310105833976,0.0002772696446008971,0.00031934850665416015,0.002262991182447216,0.00026688676140676493,-0.00039799590358702286,1.3989555311733763
326181.896857363,RECENTER,11.01005083200289,5.083199357613921e-05,-0.0005754177157246687,0.0005754177157246687,0.0005754177157246687,0.002877088578621567,0.00029659014262470307,-0.00019180590524214836,1.3984568551155885,-0.0007528685146688252,0.000264160204671432,0.00030424955822591637,0.002155995889075335,0.0002542682291052367,-0.0003791784690360678,1.3990049141534735
326181.906757554,RECENTER,11.020057832996827,5.783297820016742e-05,-0.0005754177157246687,0.0005754177157246687,0.0005754177157246687,0.002877088578621567,0.00029659014262470307,-0.00019180590524214836,1.3984568551155885,-0.00071645505769935,0.00025138375558581005,0.00028953413583732157,0.0020517183665020866,0.00024197021817926045,-0.0003608390132121553,1.399053042764177
326181.917250353,RECENTER,11.030158940004185,0.00015893997624516487,-0.0005754177157246687,0.0005754177157246687,0.0005754177157246687,0.002493476768139047,0.00029659014262470307,-0.00019180590524214836,1.3984568551155885,-0.0006808770629418426,0.00023890044649022002,0.0002751563408085189,0.0019498333640823873,0.00022995437006520514,-0.00034292033376059905,1.3991000671228013
326181.926719299,RECENTER,11.040056487021502,5.648704245686531e-05,-0.0009590295262071891,0.0005754177157246687,0.00019180590524214836,0.002493476768139047,0.00029659014262470307,-0.00019180590524214836,1.398840466926071,-0.0006471474696171375,0.00022706568902255975,0.0002615255225869584,0.001853241644371062,0.00021856278734389,-0.0003259325924632739,1.3991446484013017
326181.936807472,RECENTER,11.050062376016285,6.237602792680264e-05,-0.0005754177157246687,0.0005754177157246687,0.0005754177157246687,0.002493476768139047,0.00029659014262470307,-0.00019180590524214836,1.398840466926071,-0.0006141703659318098,0.00021549495882297598,0.0002481988008123659,0.0017588048355605679,0.00020742534489318065,-0.0003093238388163777,1.3991882350947247
326181.946758719,RECENTER,11.060057445021812,5.744502414017916e-05,-0.0005754177157246687,0.0005754177157246687,0.00019180590524214836,0.0021098649576565265,0.00029659014262470307,-0.00019180590524214836,1.398840466926071,-0.0005823381340834821,0.0002043259316736601,0.00023533474515258224,0.0016676466058460626,0.0001966745629666533,-0.00029329169415487355,1.399230308581341
326181.956788743,RECENTER,11.070058365003206,5.836499622091651e-05,-0.0005754177157246687,0.0005754177157246687,0.00019180590524214836,0.0021098649576565265,0.00029659014262470307,-0.00019180590524214836,1.398840466926071,-0.0005515799103247288,0.0001935337434958717,0.00022290471811853285,0.0015795640221183405,0.0001862865085678067,-0.00027780046830616634,1.3992709625236035
326181.967032757,RECENTER,11.080084612010978,8.461199468001723e-05,-0.0005754177157246687,0.0005754177157246687,0.0005754177157246687,0.0021098649576565265,0.00029659014262470307,-0.00019180590524214836,1.398840466926071,-0.0005218237762337763,0.00018309316015555077,0.00021087965600571912,0.001494351130989502,0.00017623689250217955,-0.0002628139399161733,1.399310291977956
326181.976898895,RECENTER,11.09007538302103,7.538299541920424e-05,-0.0005754177157246687,0.00019180590524214836,0.0005754177157246687,0.0021098649576565265,0.00029659014262470307,-0.00019180590524214836,1.3992240787365535,-0.0004932313751103701,0.00017306089770116606,0.00019932488217613842,0.001412470831734458,0.00016658030697913606,-0.0002484135198257964,1.3993480832962564
326181.986887422,RECENTER,11.10009938600706,9.938603034242988e-05,-0.0005754177157246687,0.00019180590524214836,0.0005754177157246687,0.0021098649576565265,0.00029659014262470307,-0.00019180590524214836,1.3992240787365535,-0.00046558836700072437,0.00016336175032324873,0.00018815377747255502,0.0013333093172271937,0.00015724436241215667,-0.00023449125678737248,1.3993846197771815
326181.99673757,RECENTER,11.1100589580019,5.8958015870302916e-05,-0.0005754177157246687,0.0005754177157246687,0.00019180590524214836,0.0021098649576565265,0.00029659014262470307,-0.00019180590524214836,1.3992240787365535,-0.000439141925275055,0.00015408244414563677,0.00017746622970701842,0.0012575744199239125,0.00014831253730229754,-0.00022117163843488052,1.399419574725276
326182.006830382,RECENTER,11.120057563995942,5.7564000599086285e-05,-0.0005754177157246687,0.0005754177157246687,0.00019180590524214836,0.0017262531471740061,0.00029659014262470307,0.00019180590524214836,1.3992240787365535,-0.00041359597212653476,0.00014511909386499822,0.00016714258778488533,0.0011844182593228059,0.00013968483652676555,-0.00020830554665896006,1.3994533394742579
326182.017165987,RECENTER,11.130085062992293,8.506298763677478e-05,-0.0005754177157246687,0.0005754177157246687,0.00019180590524214836,0.0017262531471740061,0.00029659014262470307,0.00019180590524214836,1.3992240787365535,-0.00038896900335849693,0.00013647818913400944,0.00015719032623837115,0.001113893802010768,0.00013136750672099184,-0.00019590229677862725,1.399485889577744
326182.027200059,RECENTER,11.140469279023819,0.0004692790098488331,-0.0005754177157246687,0.00019180590524214836,0.00019180590524214836,0.0017262531471740061,0.00029659014262470307,-0.00019180590524214836,1.3992240787365535,-0.000364494850080721,0.0001278909030235642,0.00014729982055558533,0.0010438069637017655,0.00012310178768568103,-0.00018357601165713833,1.3995182377010322
326182.036808545,RECENTER,11.150057759019546,5.77589962631464e-05,-0.00019180590524214836,0.00019180590524214836,0.00019180590524214836,0.0017262531471740061,0.00029659014262470307,0.00019180590524214836,1.3992240787365535,-0.00034280868613012494,0.0001202818432792796,0.00013853599835689234,0.000981704113846682,0.0001157776634908847,-0.0001726538834423974,1.3995469008665018
326182.046799066,RECENTER,11.160059479996562,5.948002217337489e-05,-0.00019180590524214836,0.00019180590524214836,0.00019180590524214836,0.0017262531471740061,0.00029659014262470307,-0.00019180590524214836,1.3992240787365535,-0.0003211039963049167,0.00011266628333109208,0.00012976468947348274,0.000919548211288479,0.00010844728250455904,-0.0001617224247634219,1.3995755885181003
326182.056916403,RECENTER,11.170070298016071,7.029803236946464e-05,-0.00019180590524214836,0.00019180590524214836,0.00019180590524214836,0.0013426413366897094,0.00029659014262470307,0.00019180590524214836,1.3992240787365535,-0.00030029842969292453,0.00010536620021237009,0.00012135673466195929,0.0008599671354279081,0.00010142056472461913,-0.00015124380500219914,1.399603087775223
326182.066859254,RECENTER,11.18006076803431,6.07680412940681e-05,-0.0005754177157246687,0.00019180590524214836,0.00019180590524214836,0.0013426413366897094,0.00029659014262470307,0.00019180590524214836,1.3992240787365535,-0.00028043349573247944,9.839615840756544e-05,0.00011332890873499979,0.0008030797571927373,9.471152924100945e-05,-0.00014123893018030964,1.3996293437737688
326182.076773653,RECENTER,11.190058052015956,5.8052013628184795e-05,-0.00019180590524214836,0.00019180590524214836,0.00019180590524214836,0.0013426413366897094,-8.702166785959364e-05,0.00019180590524214836,1.3992240787365535,-0.0002614351139731408,9.1730165188042e-05,0.00010565127426806487,0.0007486739317741353,8.829515667169163e-05,-0.00013167049004858544,1.3996544544277905
326182.086878857,RECENTER,11.200058130023535,5.813001189380884e-05,-0.00019180590524214836,0.00019180590524214836,0.00019180590524214836,0.0013426413366897094,0.00029659014262470307,-0.00019180590524214836,1.399607690547036,-0.00024329382747334538,8.536490238128525e-05,9.832000951773279e-05,0.0006967225772491759,8.216825309939613e-05,-0.0001225337216656519,1.399678432236773
326182.097070804,RECENTER,11.210101748991292,0.00010174897033721209,-0.00019180590524214836,0.00019180590524214836,0.00019180590524214836,0.0009590295262071891,0.00029659014262470307,-0.00019180590524214836,1.399607690547036,-0.00022592308625035695,7.927000205362744e-05,9.130013786665114e-05,0.00064697783970602,7.63015877748019e-05,-0.00011378503456477285,1.399701391596074
326182.10684495,RECENTER,11.220058406994212,5.840702215209603e-05,-0.0005754177157246687,0.00019180590524214836,-0.00019180590524214836,0.0009590295262071891,-8.702166785959364e-05,0.00019180590524214836,1.399607690547036,-0.0002095245820491476,7.351623211676594e-05,8.467316707214123e-05,0.0006000173054878655,7.076327857205578e-05,-0.00010552600978641635,1.3997230659244817
326182.116804883,RECENTER,11.230058365035802,5.836505442857742e-05,-0.00019180590524214836,0.00019180590524214836,0.00019180590524214836,0.0009590295262071891,0.00029659014262470307,0.00019180590524214836,1.399607690547036,-0.00019385970095087135,6.801986971555207e-05,7.834266837156156e-05,0.0005551576539115644,6.547273779580753e-05,-9.763647062149827e-05,1.399743770604203
326182.126881845,RECENTER,11.240058984025382,5.8984034694731236e-05,-0.0005754177157246687,0.00019180590524214836,0.00019180590524214836,0.0009590295262071891,0.00029659014262470307,0.00019180590524214836,1.399607690547036,-0.00017898175137143202,6.279961926089483e-05,7.233018478558506e-05,0.0005125515447355067,6.0447969435106774e-05,-9.014326558770547e-05,1.3997634351761215
326182.136827732,RECENTER,11.250058792007621,5.8792007621377707e-05,-0.0005754177157246687,0.00019180590524214836,0.00019180590524214836,0.0005754177157246687,0.00029659014262470307,0.00019180590524214836,1.399607690547036,-0.0001648739704024349,5.7849599123777073e-05,6.66289420802324e-05,0.00047215097387831584,5.568331210958899e-05,-8.303795212982745e-05,1.399782081796208
326182.146756297,RECENTER,11.260057837993372,5.7837984059005976e-05,-0.00019180590524214836,0.00019180590524214836,0.00019180590524214836,0.0009590295262071891,0.00029659014262470307,0.00019180590524214836,1.399607690547036,-0.00015151706340876814,5.3163039364007014e-05,6.123114289893761e-05,0.0004339006871307838,5.117224939218956e-05,-7.631081260112138e-05,1.3997997359666825
326182.15690885,RECENTER,11.270068155019544,6.81550009176135e-05,-0.00019180590524214836,0.00019180590524214836,0.00019180590524214836,0.0009590295262071891,0.00029659014262470307,0.00019180590524214836,1.399607690547036,-0.00013887694421432784,4.8727980109436464e-05,5.6123012321163124e-05,0.0003977030716248997,4.690326927067612e-05,-6.994467966925377e-05,1.399816442740128
326182.166798873,RECENTER,11.280062703008298,6.270298035815358e-05,-0.00019180590524214836,0.00019180590524214836,0.00019180590524214836,0.0009590295262071891,0.00029659014262470307,0.00019180590524214836,1.399607690547036,-0.00012696799367573064,4.454946719464892e-05,5.1310361945056115e-05,0.00036359930994001033,4.288122862886046e-05,-6.39467961809359e-05,1.3998321831089933
326182.176839186,RECENTER,11.290058534010313,5.853403126820922e-05,-0.00019180590524214836,0.00019180590524214836,0.00019180590524214836,0.0005754177157246687,0.00029659014262470307,0.00019180590524214836,1.399607690547036,-0.00011574897816857277,4.06130329104748e-05,4.677652841991731e-05,0.0003314713209991993,3.909220152817361e-05,-5.8296395026857795e-05,1.3998470115728292
326182.186774864,RECENTER,11.300057670043316,5.767005495727062e-05,-0.00019180590524214836,0.00019180590524214836,0.00019180590524214836,0.0009590295262071891,-8.702166785959364e-05,0.00019180590524214836,1.399607690547036,-0.00010519861807067876,3.6911210841289455e-05,4.2512912215575405e-05,0.0003012581661707703,3.552900114695001e-05,-5.298275883180992e-05,1.3998609562574649
326182.196827942,RECENTER,11.310061094991397,6.109499372541904e-05,0.00019180590524214836,0.00019180590524214836,0.00019180590524214836,0.0005754177157246687,0.00029659014262470307,0.00019180590524214836,1.399607690547036,-9.529701989063888e-05,3.343702092517553e-05,3.851147396530252e-05,0.0002729028762953334,3.2184908804772094e-05,-4.799586833792446e-05,1.3998740434566437
326182.206839962,RECENTER,11.320057817036286,5.781702930107713e-05,0.00019180590524214836,0.00019180590524214836,0.00019180590524214836,0.0009590295262071891,0.00029659014262470307,0.00019180590524214836,1.3999913023575203,-8.603510680960103e-05,3.0187278363930092e-05,3.4768545541130624e-05,0.00024637945801098127,2.9056858964260357e-05,-4.3331152050851696e-05,1.3998862851674327
326182.216808301,RECENTER,11.33006062998902,6.062997272238135e-05,0.00019180590524214836,0.00019180590524214836,0.00019180590524214836,0.0005754177157246687,0.00029659014262470307,0.00019180590524214836,1.3999913023575203,-7.738111907784617e-05,2.715083956233988e-05,3.127129217886382e-05,0.0002215969606556012,2.6134125323012958e-05,-3.89726143311675e-05,1.399897723367517
326182.22713524,RECENTER,11.340106945019215,0.00010694499360397458,0.00019180590524214836,0.00019180590524214836,0.00019180590524214836,0.0005754177157246687,0.00029659014262470307,0.00019180590524214836,1.3999913023575203,-6.928713243303797e-05,2.4310889256223822e-05,2.8000346704304402e-05,0.00019841814311649664,2.3400522296074255e-05,-3.489611836327011e-05,1.3999084213996373
326182.236893657,RECENTER,11.350055115995929,5.51160192117095e-05,0.00019180590524214836,0.00019180590524214836,0.00019180590524214836,0.0005754177157246687,0.00029659014262470307,0.00019180590524214836,1.3999913023575203,-6.184244447327014e-05,2.1698759439608972e-05,2.4991796102519226e-05,0.0001770987276754621,2.088620859205803e-05,-3.1146638436785334e-05,1.3999182612368415
326182.246817212,RECENTER,11.360057679004967,5.7679018937051296e-05,0.00019180590524214836,0.00019180590524214836,-0.00019180590524214836,0.0005754177157246687,0.00029659014262470307,0.00019180590524214836,1.3999913023575203,-5.49090047297085e-05,1.9266012119101283e-05,2.2189851356685386e-05,0.00015724337804523536,1.8544560069305716e-05,-2.7654646122199367e-05,1.3999274253440157
326182.257258465,RECENTER,11.370104134024587,0.00010413402924314141,0.00019180590524214836,0.00019180590524214836,0.00019180590524214836,0.0005754177157246687,0.00029659014262470307,0.00019180590524214836,1.3999913023575203,-4.8481804001632156e-05,1.7010889708318766e-05,1.9592488146452647e-05,0.0001388377493358739,1.6373884957510132e-05,-2.4417618560534926e-05,1.3999359203419506
326182.266951339,RECENTER,11.380059940041974,5.9940037317574024e-05,0.00019180590524214836,0.00019180590524214836,0.00019180590524214836,0.00019180590524214836,-8.702166785959364e-05,0.00019180590524214836,1.3999913023575203,-4.262284687650553e-05,1.4955147858097817e-05,1.7224763793205478e-05,0.00012205940460519038,1.4395124226296296e-05,-2.1466784052903698e-05,1.3999436642775742
326182.276790397,RECENTER,11.390057793993037,5.7793979067355394e-05,0.00019180590524214836,0.00019180590524214836,0.00019180590524214836,0.0005754177157246687,0.00029659014262470307,0.00019180590524214836,1.3999913023575203,-3.722982788889606e-05,1.3062890482723466e-05,1.5045334566837765e-05,0.00010661537083245243,1.2573725986370077e-05,-1.875061696210434e-05,1.399950792370674
326182.287170785,RECENTER,11.400367360038217,0.00036736001493409276,0.00019180590524214836,0.00019180590524214836,0.00019180590524214836,0.00019180590524214836,0.00029659014262470307,0.00019180590524214836,1.3999913023575203,-3.216181609411173e-05,1.1284668911648588e-05,1.2997247391455247e-05,9.210206288767786e-05,1.0862093265617823e-05,-1.6198138121592542e-05,1.399957490893336
326182.29677272,RECENTER,11.41005673800828,5.673803389072418e-05,-0.00019180590524214836,0.00019180590524214836,0.00019180590524214836,0.00019180590524214836,0.00029659014262470307,0.00019180590524214836,1.3999913023575203,-2.7835008445720177e-05,9.766514849268715e-06,1.1248695964583e-05,7.971134748241404e-05,9.4007893366721e-06,-1.4018963049200472e-05,1.3999632097472499
326182.306836657,RECENTER,11.420057818002533,5.7818018831312656e-05,-0.00019180590524214836,0.00019180590524214836,0.00019180590524214836,0.00019180590524214836,0.00029659014262470307,0.00019180590524214836,1.3999913023575203,-2.3791872591161223e-05,8.347893172250265e-06,9.614782108952058e-06,6.813298537600154e-05,8.035290615826529e-06,-1.1982657859732626e-05,1.3999685536647946
326182.316773548,RECENTER,11.430058036989067,5.803699605166912e-05,0.00019180590524214836,0.00019180590524214836,0.00019180590524214836,0.00019180590524214836,0.00029659014262470307,0.00019180590524214836,1.3999913023575203,-2.0157807176124365e-05,7.072802708091297e-06,8.146181980861478e-06,5.772608172316396e-05,6.807948311621237e-06,-1.0152378954964014e-05,1.3999733569033275
326182.327304287,RECENTER,11.440271564002614,0.0002715640002861619,0.00019180590524214836,0.00019180590524214836,0.00019180590524214836,0.00019180590524214836,0.00029659014262470307,0.00019180590524214836,1.3999913023575203,-1.6846153496063998e-05,5.910837375638911e-06,6.807875026132448e-06,4.824247126355985e-05,5.689494955912755e-06,-8.484481111015185e-06,1.3999777340019064
326182.33692118,RECENTER,11.450065215991344,6.521597970277071e-05,0.00019180590524214836,0.00019180590524214836,0.00019180590524214836,0.00019180590524214836,0.00029659014262470307,0.00019180590524214836,1.4003749141680029,-1.402940787620377e-05,4.92252124215109e-06,5.669570536354085e-06,4.017613317319757e-05,4.73818817836591e-06,-7.065841240994075e-06,1.3999814569676632
326182.346773812,RECENTER,11.460057991032954,5.799101199954748e-05,0.00019180590524214836,0.00019180590524214836,-0.00019180590524214836,0.00019180590524214836,-8.702166785959364e-05,0.00019180590524214836,1.3999913023575203,-1.1496315270753676e-05,4.033730904851041e-06,4.645896028609986e-06,3.292209460270534e-05,3.882680266464877e-06,-5.790061795629686e-06,1.3999848050218726
326182.356783508,RECENTER,11.470058059028815,5.8059056755155325e-05,0.00019180590524214836,0.00019180590524214836,0.00019180590524214836,0.0005754177157246687,0.00029659014262470307,0.00019180590524214836,1.3999913023575203,-9.284804962650384e-06,3.2577746731099477e-06,3.7521795015482695e-06,2.658897395790838e-05,3.13578117486224e-06,-4.676245668966406e-06,1.3999877280324171
326182.366783707,RECENTER,11.480057767010294,5.776702892035246e-05,0.00019180590524214836,0.00019180590524214836,-0.00019180590524214836,0.00019180590524214836,0.00029659014262470307,0.00019180590524214836,1.3999913023575203,-7.375335666748306e-06,2.5877960643794218e-06,2.9805239223912317e-06,2.112081069705063e-05,2.4908911749055296e-06,-3.71455099035245e-06,1.3999902518275205
326182.376821636,RECENTER,11.490058596013114,5.859602242708206e-05,0.00019180590524214836,0.00019180590524214836,-0.00019180590524214836,0.00019180590524214836,0.00029659014262470307,0.00019180590524214836,1.3999913023575203,-5.7459625600886355e-06,2.0160952627912287e-06,2.322060939530246e-06,1.6454761246009753e-05,1.940598784777592e-06,-2.89392535912647e-06,1.3999924054122241
326182.386789224,RECENTER,11.50005707301898,5.707301897928119e-05,0.00019180590524214836,0.00019180590524214836,0.00019180590524214836,0.00019180590524214836,0.00029659014262470307,0.00019180590524214836,1.4003749141680029,-4.375393320210641e-06,1.5352013963410016e-06,1.7681858900941982e-06,1.2529850601739057e-05,1.4777128934106987e-06,-2.2036450034179644e-06,1.3999942169291435
326182.396806886,RECENTER,11.510080815991387,8.081598207354546e-05,0.00019180590524214836,0.00019180590524214836,0.00019180590524214836,0.00019180590524214836,0.00029659014262470307,0.00019180590524214836,1.3999913023575203,-3.2387087798291248e-06,1.1363710362144452e-06,1.3088284292472885e-06,9.274717535756594e-06,1.0938174860308791e-06,-1.6311595090745534e-06,1.399995719314588
326182.406681822,RECENTER,11.520069754042197,6.975402357056737e-05,0.00019180590524214836,0.00019180590524214836,0.00019180590524214836,0.00019180590524214836,0.00029659014262470307,0.00019180590524214836,1.3999913023575203,-2.3203375839608853e-06,8.141406356299008e-07,9.3769585404746e-07,6.644770228492192e-06,7.836536086991419e-07,-1.168626440839482e-06,1.3999969331496218
326182.416769735,RECENTER,11.530058432021178,5.843199323862791e-05,0.00019180590524214836,0.00019180590524214836,0.00019180590524214836,-0.00019180590524214836,0.00029659014262470307,0.00019180590524214836,1.4003749141680029,-1.5938593127540202e-06,5.592400187659496e-07,6.441111327359916e-07,4.564348301316912e-06,5.382982247448265e-07,-8.027392862097749e-07,1.3999978933547987
326182.426754616,RECENTER,11.540067046997137,6.704701809212565e-05,-0.00019180590524214836,0.00019180590524214836,0.00019180590524214836,0.00019180590524214836,0.00029659014262470307,0.00019180590524214836,1.3999913023575203,-1.03608282486789e-06,3.6353207200079396e-07,4.187022509538618e-07,2.967039087975465e-06,3.499189299982497e-07,-5.218179425225955e-07,1.3999986305824526
326182.43692329,RECENTER,11.55005928198807,5.9281999710947275e-05,0.00019180590524214836,0.00019180590524214836,0.00019180590524214836,0.00019180590524214836,0.00029659014262470307,0.00019180590524214836,1.3999913023575203,-6.267448944274889e-07,2.1990700416196773e-07,2.532804248556175e-07,1.794814618483187e-06,2.1167217290063434e-07,-3.156569373663487e-07,1.399999171615014
326182.44684347,RECENTER,11.560138599015772,0.00013859901810064912,0.00019180590524214836,0.00019180590524214836,-0.00019180590524214836,0.00019180590524214836,-8.702166785959364e-05,0.00019180590524214836,1.3999913023575203,-3.403352192288267e-07,1.1941397390358155e-07,1.3753641983638154e-07,9.746208260441591e-07,1.149422931279176e-07,-1.7140813418636824e-07,1.399999550170112
326182.456933817,RECENTER,11.570058007026091,5.8007019106298685e-05,0.00019180590524214836,0.00019180590524214836,0.00019180590524214836,0.00019180590524214836,0.00029659014262470307,0.0005754177157246687,1.4003749141680029,-1.6005709524424816e-07,5.615949424941924e-08,6.46823443417599e-08,4.583568478100375e-07,5.4056496390231246e-08,-8.061195699848867e-08,1.399999788448385
326182.466980544,RECENTER,11.580060130043421,6.013002712279558e-05,0.00019180590524214836,0.00019180590524214836,0.00019180590524214836,0.00019180590524214836,0.00029659014262470307,0.00019180590524214836,1.3999913023575203,-5.763962007687695e-08,2.0224107583066697e-08,2.329334883310885e-08,1.650630641059081e-07,1.9466777828602844e-08,-2.9029906922772852e-08,1.3999999238162188
326182.476753989,RECENTER,11.590057714027353,5.771400174126029e-05,0.00019180590524214836,0.00019180590524214836,0.00019180590524214836,0.00019180590524214836,0.00029659014262470307,0.0005754177157246687,1.3999913023575203,-1.2096704304909167e-08,4.244390394703146e-09,4.888525528823351e-09,3.464143394360519e-08,4.0854512273202914e-09,-6.092444770899874e-09,1.399999984011472
326182.486811506,RECENTER,11.60005785402609,5.785404937341809e-05,0.00019180590524214836,0.00019180590524214836,0.00019180590524214836,0.00019180590524214836,0.00029659014262470307,0.00019180590524214836,1.3999913023575203,-3.834913497868797e-10,1.345562272714318e-10,1.5497667038566476e-10,1.0982073028742434e-09,1.2951750782974614e-10,-1.9314350119259416e-10,1.3999999994931294
326182.496859054,RECENTER,11.604685405290518,5.7642057072371244e-05,0.00019180590524214836,0.00019180590524214836,0.00019180590524214836,0.00019180590524214836,0.00029659014262470307,0.00019180590524214836,1.3999913023575203,0.0,0.0,0.0,0.0,0.0,0.0,1.4
326182.497163653,RECENTER SETTLED,0,0,0.00019180590524214836,0.00019180590524214836,0.00019180590524214836,0.00019180590524214836,0.00029659014262470307,0.00019180590524214836,1.3999913023575203,0.0,0.0,0.0,0.0,0.0,0.0,1.4
326182.519072468,RECENTER SETTLED,0,0,0.00019180590524214836,0.00019180590524214836,0.00019180590524214836,0.00019180590524214836,0.00029659014262470307,0.00019180590524214836,1.4003749141680029,0.0,0.0,0.0,0.0,0.0,0.0,1.4
326182.539549437,RECENTER SETTLED,0,0,0.00019180590524214836,0.00019180590524214836,-0.00019180590524214836,0.00019180590524214836,0.00029659014262470307,0.00019180590524214836,1.4003749141680029,0.0,0.0,0.0,0.0,0.0,0.0,1.4
326182.560539636,RECENTER SETTLED,0,0,0.00019180590524214836,0.00019180590524214836,0.00019180590524214836,0.00019180590524214836,0.00029659014262470307,0.00019180590524214836,1.3999913023575203,0.0,0.0,0.0,0.0,0.0,0.0,1.4
326182.582635811,RECENTER SETTLED,0,0,0.00019180590524214836,0.00019180590524214836,0.00019180590524214836,0.00019180590524214836,-8.702166785959364e-05,0.00019180590524214836,1.3999913023575203,0.0,0.0,0.0,0.0,0.0,0.0,1.4
326182.603846001,RECENTER SETTLED,0,0,0.00019180590524214836,0.00019180590524214836,0.00019180590524214836,0.00019180590524214836,-8.702166785959364e-05,0.00019180590524214836,1.3999913023575203,0.0,0.0,0.0,0.0,0.0,0.0,1.4
326182.62562828,RECENTER SETTLED,0,0,0.00019180590524214836,0.00019180590524214836,0.00019180590524214836,0.00019180590524214836,-8.702166785959364e-05,0.00019180590524214836,1.3999913023575203,0.0,0.0,0.0,0.0,0.0,0.0,1.4
326182.646959215,RECENTER SETTLED,0,0,0.00019180590524214836,0.00019180590524214836,0.00019180590524214836,0.00019180590524214836,0.00029659014262470307,0.00019180590524214836,1.4003749141680029,0.0,0.0,0.0,0.0,0.0,0.0,1.4
326182.669131242,RECENTER SETTLED,0,0,0.00019180590524214836,0.00019180590524214836,0.00019180590524214836,0.00019180590524214836,0.00029659014262470307,0.00019180590524214836,1.4003749141680029,0.0,0.0,0.0,0.0,0.0,0.0,1.4
326182.690973252,RECENTER SETTLED,0,0,0.00019180590524214836,0.00019180590524214836,0.00019180590524214836,0.00019180590524214836,0.00029659014262470307,0.00019180590524214836,1.4003749141680029,0.0,0.0,0.0,0.0,0.0,0.0,1.4
326182.713115725,RECENTER SETTLED,0,0,0.00019180590524214836,0.00019180590524214836,0.00019180590524214836,0.00019180590524214836,0.00029659014262470307,0.00019180590524214836,1.3999913023575203,0.0,0.0,0.0,0.0,0.0,0.0,1.4
326182.734953126,RECENTER SETTLED,0,0,0.00019180590524214836,0.00019180590524214836,0.00019180590524214836,0.00019180590524214836,0.00029659014262470307,0.00019180590524214836,1.4003749141680029,0.0,0.0,0.0,0.0,0.0,0.0,1.4
326182.756402844,RECENTER SETTLED,0,0,0.00019180590524214836,0.00019180590524214836,0.00019180590524214836,0.00019180590524214836,0.00029659014262470307,0.00019180590524214836,1.4003749141680029,0.0,0.0,0.0,0.0,0.0,0.0,1.4
326182.778319944,RECENTER SETTLED,0,0,0.00019180590524214836,0.00019180590524214836,0.00019180590524214836,0.00019180590524214836,0.00029659014262470307,0.00019180590524214836,1.4003749141680029,0.0,0.0,0.0,0.0,0.0,0.0,1.4
326182.800280506,RECENTER SETTLED,0,0,0.00019180590524214836,0.00019180590524214836,-0.00019180590524214836,0.00019180590524214836,-8.702166785959364e-05,0.00019180590524214836,1.4003749141680029,0.0,0.0,0.0,0.0,0.0,0.0,1.4
326182.821424893,RECENTER SETTLED,0,0,0.00019180590524214836,0.00019180590524214836,0.00019180590524214836,0.00019180590524214836,-8.702166785959364e-05,0.00019180590524214836,1.4003749141680029,0.0,0.0,0.0,0.0,0.0,0.0,1.4
326182.843434166,RECENTER SETTLED,0,0,0.00019180590524214836,0.00019180590524214836,0.00019180590524214836,0.00019180590524214836,-8.702166785959364e-05,0.00019180590524214836,1.4003749141680029,0.0,0.0,0.0,0.0,0.0,0.0,1.4
326182.864733953,RECENTER SETTLED,0,0,0.00019180590524214836,0.00019180590524214836,0.00019180590524214836,0.00019180590524214836,0.00029659014262470307,0.00019180590524214836,1.4003749141680029,0.0,0.0,0.0,0.0,0.0,0.0,1.4
326182.8867136,RECENTER SETTLED,0,0,0.00019180590524214836,0.00019180590524214836,0.00019180590524214836,0.00019180590524214836,-8.702166785959364e-05,0.00019180590524214836,1.4003749141680029,0.0,0.0,0.0,0.0,0.0,0.0,1.4
326182.908746127,RECENTER SETTLED,0,0,0.00019180590524214836,0.00019180590524214836,0.00019180590524214836,0.00019180590524214836,0.00029659014262470307,0.00019180590524214836,1.4003749141680029,0.0,0.0,0.0,0.0,0.0,0.0,1.4
326182.929632251,RECENTER SETTLED,0,0,0.00019180590524214836,0.00019180590524214836,0.00019180590524214836,0.00019180590524214836,0.00029659014262470307,0.00019180590524214836,1.4003749141680029,0.0,0.0,0.0,0.0,0.0,0.0,1.4
326182.951615956,RECENTER SETTLED,0,0,0.00019180590524214836,0.00019180590524214836,0.00019180590524214836,0.00019180590524214836,0.00029659014262470307,0.00019180590524214836,1.3999913023575203,0.0,0.0,0.0,0.0,0.0,0.0,1.4
326182.972803954,RECENTER SETTLED,0,0,0.00019180590524214836,0.00019180590524214836,0.00019180590524214836,0.00019180590524214836,0.00029659014262470307,0.00019180590524214836,1.4003749141680029,0.0,0.0,0.0,0.0,0.0,0.0,1.4
326182.992847704,RECENTER SETTLED,0,0,0.00019180590524214836,0.00019180590524214836,0.00019180590524214836,0.00019180590524214836,0.00029659014262470307,0.00019180590524214836,1.4003749141680029,0.0,0.0,0.0,0.0,0.0,0.0,1.4
326183.016453461,RECENTER SETTLED,0,0,0.00019180590524214836,0.00019180590524214836,0.00019180590524214836,0.00019180590524214836,0.00029659014262470307,0.00019180590524214836,1.4003749141680029,0.0,0.0,0.0,0.0,0.0,0.0,1.4
326183.038135833,RECENTER SETTLED,0,0,0.00019180590524214836,0.00019180590524214836,0.00019180590524214836,0.00019180590524214836,0.00029659014262470307,0.00019180590524214836,1.4003749141680029,0.0,0.0,0.0,0.0,0.0,0.0,1.4
326183.058773162,RECENTER SETTLED,0,0,0.00019180590524214836,0.00019180590524214836,0.00019180590524214836,0.00019180590524214836,0.00029659014262470307,0.00019180590524214836,1.4003749141680029,0.0,0.0,0.0,0.0,0.0,0.0,1.4
326183.080091884,RECENTER SETTLED,0,0,0.00019180590524214836,0.00019180590524214836,0.00019180590524214836,0.00019180590524214836,0.00029659014262470307,0.00019180590524214836,1.4003749141680029,0.0,0.0,0.0,0.0,0.0,0.0,1.4
