monotonic_s,phase,trajectory_time_s,lateness_s,q1,q2,q3,q4,q5,q6,q7,target1,target2,target3,target4,target5,target6,target7
772500.007451052,START HOLD,0,0,0.020139620050354523,0.010549324788280856,-0.2809956511787579,0.07307804989700095,-0.4724179446097523,0.07115999084458657,-0.06885831998168968,0.020523231860837043,0.010549324788280856,-0.2809956511787579,0.07269443808651843,-0.4728015564202348,0.07039276722362153,-0.0692419317921722
772500.029691973,START HOLD,0,0,0.020523231860837043,0.010549324788280856,-0.2806120393682754,0.07307804989700095,-0.4728015564202348,0.07115999084458657,-0.0692419317921722,0.020523231860837043,0.010549324788280856,-0.2809956511787579,0.07269443808651843,-0.4728015564202348,0.07039276722362153,-0.0692419317921722
772500.050050366,START HOLD,0,0,0.02090684367132134,0.010549324788280856,-0.2806120393682754,0.07269443808651843,-0.4724179446097523,0.07115999084458657,-0.0692419317921722,0.020523231860837043,0.010549324788280856,-0.2809956511787579,0.07269443808651843,-0.4728015564202348,0.07039276722362153,-0.0692419317921722
772500.070588535,START HOLD,0,0,0.020523231860837043,0.010932936598763376,-0.2806120393682754,0.07269443808651843,-0.4724179446097523,0.07115999084458657,-0.0692419317921722,0.020523231860837043,0.010549324788280856,-0.2809956511787579,0.07269443808651843,-0.4728015564202348,0.07039276722362153,-0.0692419317921722
772500.091614487,START HOLD,0,0,0.020523231860837043,0.010932936598763376,-0.2806120393682754,0.07269443808651843,-0.4724179446097523,0.07115999084458657,-0.0692419317921722,0.020523231860837043,0.010549324788280856,-0.2809956511787579,0.07269443808651843,-0.4728015564202348,0.07039276722362153,-0.0692419317921722
772500.112144009,START HOLD,0,0,0.02090684367132134,0.010549324788280856,-0.2806120393682754,0.07269443808651843,-0.4724179446097523,0.07115999084458657,-0.06885831998168968,0.020523231860837043,0.010549324788280856,-0.2809956511787579,0.07269443808651843,-0.4728015564202348,0.07039276722362153,-0.0692419317921722
772500.132990508,START HOLD,0,0,0.02129045548180386,0.010549324788280856,-0.2809956511787579,0.07269443808651843,-0.4724179446097523,0.07115999084458657,-0.06885831998168968,0.020523231860837043,0.010549324788280856,-0.2809956511787579,0.07269443808651843,-0.4728015564202348,0.07039276722362153,-0.0692419317921722
772500.156376864,START HOLD,0,0,0.02129045548180386,0.010549324788280856,-0.2806120393682754,0.07269443808651843,-0.4724179446097523,0.07115999084458657,-0.06885831998168968,0.020523231860837043,0.010549324788280856,-0.2809956511787579,0.07269443808651843,-0.4728015564202348,0.07039276722362153,-0.0692419317921722
772500.177883188,START HOLD,0,0,0.02129045548180386,0.010932936598763376,-0.2806120393682754,0.07269443808651843,-0.4724179446097523,0.07115999084458657,-0.0692419317921722,0.020523231860837043,0.010549324788280856,-0.2809956511787579,0.07269443808651843,-0.4728015564202348,0.07039276722362153,-0.0692419317921722
772500.199390293,START HOLD,0,0,0.02090684367132134,0.010932936598763376,-0.2809956511787579,0.07269443808651843,-0.4724179446097523,0.07115999084458657,-0.06885831998168968,0.020523231860837043,0.010549324788280856,-0.2809956511787579,0.07269443808651843,-0.4728015564202348,0.07039276722362153,-0.0692419317921722
772500.220464047,START HOLD,0,0,0.02090684367132134,0.010549324788280856,-0.2806120393682754,0.07269443808651843,-0.4724179446097523,0.07115999084458657,-0.0692419317921722,0.020523231860837043,0.010549324788280856,-0.2809956511787579,0.07269443808651843,-0.4728015564202348,0.07039276722362153,-0.0692419317921722
772500.242814969,START HOLD,0,0,0.020523231860837043,0.010549324788280856,-0.2806120393682754,0.07269443808651843,-0.4728015564202348,0.07115999084458657,-0.0692419317921722,0.020523231860837043,0.010549324788280856,-0.2809956511787579,0.07269443808651843,-0.4728015564202348,0.07039276722362153,-0.0692419317921722
772500.265050289,START HOLD,0,0,0.020523231860837043,0.010932936598763376,-0.2809956511787579,0.07307804989700095,-0.4724179446097523,0.07115999084458657,-0.06885831998168968,0.020523231860837043,0.010549324788280856,-0.2809956511787579,0.07269443808651843,-0.4728015564202348,0.07039276722362153,-0.0692419317921722
772500.287143007,START HOLD,0,0,0.020523231860837043,0.010932936598763376,-0.2806120393682754,0.07307804989700095,-0.4724179446097523,0.07115999084458657,-0.06885831998168968,0.020523231860837043,0.010549324788280856,-0.2809956511787579,0.07269443808651843,-0.4728015564202348,0.07039276722362153,-0.0692419317921722
772500.307209601,START HOLD,0,0,0.020523231860837043,0.010932936598763376,-0.2806120393682754,0.07307804989700095,-0.4724179446097523,0.07115999084458657,-0.06885831998168968,0.020523231860837043,0.010549324788280856,-0.2809956511787579,0.07269443808651843,-0.4728015564202348,0.07039276722362153,-0.0692419317921722
772500.328382666,START HOLD,0,0,0.020523231860837043,0.010932936598763376,-0.2806120393682754,0.07307804989700095,-0.4724179446097523,0.07115999084458657,-0.06885831998168968,0.020523231860837043,0.010549324788280856,-0.2809956511787579,0.07269443808651843,-0.4728015564202348,0.07039276722362153,-0.0692419317921722
772500.349582682,START HOLD,0,0,0.020523231860837043,0.010932936598763376,-0.2806120393682754,0.07307804989700095,-0.4728015564202348,0.07115999084458657,-0.0692419317921722,0.020523231860837043,0.010549324788280856,-0.2809956511787579,0.07269443808651843,-0.4728015564202348,0.07039276722362153,-0.0692419317921722
772500.3719888,START HOLD,0,0,0.020523231860837043,0.010932936598763376,-0.2806120393682754,0.07307804989700095,-0.4724179446097523,0.07115999084458657,-0.06885831998168968,0.020523231860837043,0.010549324788280856,-0.2809956511787579,0.07269443808651843,-0.4728015564202348,0.07039276722362153,-0.0692419317921722
772500.392210892,START HOLD,0,0,0.020523231860837043,0.010932936598763376,-0.2806120393682754,0.07307804989700095,-0.4724179446097523,0.07115999084458657,-0.06885831998168968,0.020523231860837043,0.010549324788280856,-0.2809956511787579,0.07269443808651843,-0.4728015564202348,0.07039276722362153,-0.0692419317921722
772500.413506702,START HOLD,0,0,0.02090684367132134,0.010932936598763376,-0.2806120393682754,0.07307804989700095,-0.4724179446097523,0.07077637903410405,-0.0692419317921722,0.020523231860837043,0.010549324788280856,-0.2809956511787579,0.07269443808651843,-0.4728015564202348,0.07039276722362153,-0.0692419317921722
772500.433677226,START HOLD,0,0,0.02090684367132134,0.010932936598763376,-0.2806120393682754,0.07269443808651843,-0.4724179446097523,0.07115999084458657,-0.0692419317921722,0.020523231860837043,0.010549324788280856,-0.2809956511787579,0.07269443808651843,-0.4728015564202348,0.07039276722362153,-0.0692419317921722
772500.454735922,START HOLD,0,0,0.02129045548180386,0.010932936598763376,-0.2806120393682754,0.07269443808651843,-0.4724179446097523,0.07115999084458657,-0.0692419317921722,0.020523231860837043,0.010549324788280856,-0.2809956511787579,0.07269443808651843,-0.4728015564202348,0.07039276722362153,-0.0692419317921722
772500.47578589,START HOLD,0,0,0.02129045548180386,0.010549324788280856,-0.2806120393682754,0.07269443808651843,-0.4724179446097523,0.07115999084458657,-0.06885831998168968,0.020523231860837043,0.010549324788280856,-0.2809956511787579,0.07269443808651843,-0.4728015564202348,0.07039276722362153,-0.0692419317921722
772500.496671925,START HOLD,0,0,0.02129045548180386,0.010549324788280856,-0.2809956511787579,0.07269443808651843,-0.4724179446097523,0.07115999084458657,-0.0692419317921722,0.020523231860837043,0.010549324788280856,-0.2809956511787579,0.07269443808651843,-0.4728015564202348,0.07039276722362153,-0.0692419317921722
772500.518260376,START HOLD,0,0,0.02090684367132134,0.010932936598763376,-0.2809956511787579,0.07269443808651843,-0.4724179446097523,0.07115999084458657,-0.0692419317921722,0.020523231860837043,0.010549324788280856,-0.2809956511787579,0.07269443808651843,-0.4728015564202348,0.07039276722362153,-0.0692419317921722
772500.538351297,START HOLD,0,0,0.02090684367132134,0.010932936598763376,-0.2809956511787579,0.07307804989700095,-0.4724179446097523,0.07115999084458657,-0.06885831998168968,0.020523231860837043,0.010549324788280856,-0.2809956511787579,0.07269443808651843,-0.4728015564202348,0.07039276722362153,-0.0692419317921722
772500.558584691,START HOLD,0,0,0.020523231860837043,0.010932936598763376,-0.2809956511787579,0.07307804989700095,-0.4728015564202348,0.07115999084458657,-0.0692419317921722,0.020523231860837043,0.010549324788280856,-0.2809956511787579,0.07269443808651843,-0.4728015564202348,0.07039276722362153,-0.0692419317921722
772500.582188234,START HOLD,0,0,0.020523231860837043,0.010549324788280856,-0.2809956511787579,0.07269443808651843,-0.4724179446097523,0.07115999084458657,-0.0692419317921722,0.020523231860837043,0.010549324788280856,-0.2809956511787579,0.07269443808651843,-0.4728015564202348,0.07039276722362153,-0.0692419317921722
772500.603782396,START HOLD,0,0,0.020139620050354523,0.010932936598763376,-0.2806120393682754,0.07307804989700095,-0.4724179446097523,0.07077637903410405,-0.0692419317921722,0.020523231860837043,0.010549324788280856,-0.2809956511787579,0.07269443808651843,-0.4728015564202348,0.07039276722362153,-0.0692419317921722
772500.672482168,PLAYBACK,1.6740523278713226e-06,1.6740523278713226e-06,0.020523231860837043,0.010549324788280856,-0.2806120393682754,0.07269443808651843,-0.4728015564202348,0.07077637903410405,-0.06885831998168968,0.02052323186083704,0.010549324788280856,-0.2809956511787579,0.07269443808651843,-0.4728015564202347,0.07039276722362157,-0.06924193179217221
772500.678039708,PLAYBACK,0.0050607690354809165,6.076903082430363e-05,0.020523231860837043,0.010932936598763376,-0.2806120393682754,0.07269443808651843,-0.4728015564202348,0.07115999084458657,-0.0692419317921722,0.020523227080611616,0.010549307330983275,-0.28099565157040324,0.07269444510934102,-0.4728015566398191,0.0703927679697265,-0.06924225699516269
772500.683236236,PLAYBACK,0.01006148208398372,6.14820746704936e-05,0.020523231860837043,0.010932936598763376,-0.2809956511787579,0.07269443808651843,-0.4728015564202348,0.07077637903410405,-0.06885831998168968,0.020523195269445516,0.010549191180618261,-0.28099565417389777,0.07269449182251148,-0.4728015580955374,0.0703927728421988,-0.0692444216438551
772500.693735366,PLAYBACK,0.018132979050278664,0.003132979036308825,0.020523231860837043,0.010932936598763376,-0.2806120393682754,0.07269443808651843,-0.4724179446097523,0.07077637903410405,-0.0692419317921722,0.02052302666014839,0.01054857575350778,-0.2809956679485423,0.07269473922422436,-0.47280156576239973,0.07039279785278943,-0.06925589944501068
772500.704324218,PLAYBACK,0.029285872005857527,0.004285871982574463,0.02090684367132134,0.010932936598763376,-0.2809956511787579,0.07269443808651843,-0.4724179446097523,0.07115999084458657,-0.06885831998168968,0.020522417933712143,0.01054635506235916,-0.2809957175390275,0.07269563132143024,-0.47280159316573495,0.07039288354695307,-0.0692973629020221
772500.715449167,PLAYBACK,0.040011967066675425,0.0050119670340791345,0.02090684367132134,0.010932936598763376,-0.2806120393682754,0.07269443808651843,-0.4728015564202348,0.07115999084458657,-0.06885831998168968,0.020521275017253558,0.010542188281268992,-0.2809958103279703,0.07269730378457771,-0.47280164398686547,0.07039303394874127,-0.06937527110026298
772500.719556708,PLAYBACK,0.04506183404009789,6.183399818837643e-05,0.020523231860837043,0.010932936598763376,-0.2809956511787579,0.07269443808651843,-0.4728015564202348,0.07115999084458657,-0.06885831998168968,0.020520514212141402,0.010539415962770884,-0.28099587193037523,0.0726984158097046,-0.4728016774938442,0.07039312868724266,-0.06942716232993969
772500.731563958,PLAYBACK,0.057778684073127806,0.0077786840265616775,0.02129045548180386,0.010932936598763376,-0.2809956511787579,0.07269443808651843,-0.4728015564202348,0.07115999084458657,-0.06885831998168968,0.020517900134230462,0.010529896935055915,-0.2809960828226937,0.07270223065100001,-0.47280179111307263,0.07039342909584563,-0.06960559865122805
772500.742134856,PLAYBACK,0.06752096407581121,0.0025209641316905618,0.02129045548180386,0.010932936598763376,-0.2806120393682754,0.07269443808651843,-0.4728015564202348,0.07077637903410405,-0.06885831998168968,0.02051518591887577,0.010520022168089569,-0.28099630073801535,0.07270618339068043,-0.4728019070209119,0.0703937066786342,-0.06979106494355787
772500.752642712,PLAYBACK,0.0769321380648762,0.0019321381114423275,0.02129045548180386,0.010932936598763376,-0.2806120393682754,0.07269443808651843,-0.4728015564202348,0.07115999084458657,-0.06885831998168968,0.020511965170164452,0.010508314839466543,-0.2809965581037327,0.07271086430290712,-0.47280204218677213,0.07039399660440965,-0.07001136879066248
772500.763281019,PLAYBACK,0.08827420405577868,0.003274204093031585,0.02129045548180386,0.010549324788280856,-0.2806120393682754,0.07269443808651843,-0.4724179446097523,0.07115999084458657,-0.06885831998168968,0.020507312175824906,0.010491419522960569,-0.28099692777115426,0.0727176100407448,-0.47280223328784204,0.07039434610963156,-0.07033003946691044
772500.774138426,PLAYBACK,0.09880621707998216,0.0038062171079218388,0.02129045548180386,0.010932936598763376,-0.2809956511787579,0.07269443808651843,-0.4724179446097523,0.07115999084458657,-0.06885831998168968,0.02050226659033473,0.01047312186606419,-0.2809973258969339,0.0727249036422195,-0.47280243522158566,0.07039463719428483,-0.07067610775502436
772500.785760197,PLAYBACK,0.11173705605324358,0.006737056071870029,0.02129045548180386,0.010932936598763376,-0.2806120393682754,0.07269443808651843,-0.4728015564202348,0.07115999084458657,-0.06885831998168968,0.02049518385199969,0.010447476471059475,-0.280997880071106,0.07273510543856983,-0.47280270962749665,0.07039489538668221,-0.07116278209887644
772500.797488622,PLAYBACK,0.12259057606570423,0.0025905760703608394,0.02129045548180386,0.010932936598763376,-0.2809956511787579,0.07269443808651843,-0.4724179446097523,0.07077637903410405,-0.06885831998168968,0.020488551536072916,0.010423504495411741,-0.28099839401656895,0.0727446196031217,-0.4728029569994462,0.07039497811758598,-0.07161944751916964
772500.806941638,PLAYBACK,0.1319888459984213,0.0019888459937646985,0.02129045548180386,0.010932936598763376,-0.2806120393682754,0.07269443808651843,-0.4728015564202348,0.07115999084458657,-0.06885831998168968,0.020482353418495847,0.010401139814912539,-0.2809988698792233,0.0727534763450529,-0.47280317968499624,0.07039491458857008,-0.07204705794526092
772500.817816969,PLAYBACK,0.14281248801853508,0.002812488004565239,0.02129045548180386,0.010549324788280856,-0.2806120393682754,0.07269443808651843,-0.4728015564202348,0.07077637903410405,-0.0692419317921722,0.02047474574296272,0.010373740437041845,-0.280999447961426,0.0727643005392404,-0.47280344157641774,0.0703946470371137,-0.07257305867572206
772500.829366902,PLAYBACK,0.15370877902023494,0.003708778996951878,0.02090684367132134,0.010932936598763376,-0.2809956511787579,0.07269443808651843,-0.4728015564202348,0.07077637903410405,-0.0692419317921722,0.02046662984935655,0.010344574843878351,-0.28100005719567794,0.07277578970728538,-0.47280370679754424,0.07039412696075735,-0.07313563058396103
772500.838793026,PLAYBACK,0.1653416610788554,0.005341661046259105,0.02090684367132134,0.010932936598763376,-0.2809956511787579,0.07269443808651843,-0.4728015564202348,0.07115999084458657,-0.0692419317921722,0.020457503090457553,0.0103118573286659,-0.28100073294526523,0.07278863700598026,-0.47280398737929047,0.07039324958255791,-0.07377008336422154
772500.849532637,PLAYBACK,0.17477450799196959,0.0047745079500600696,0.02090684367132134,0.010932936598763376,-0.2809956511787579,0.07269443808651843,-0.4724179446097523,0.07077637903410405,-0.06962554360265472,0.020449767702071277,0.010284194753120179,-0.2810012979156058,0.07279946537272744,-0.47280421063368955,0.070392265313226,-0.07430932614043599
772500.859762581,PLAYBACK,0.18009336001705378,9.335996583104134e-05,0.02090684367132134,0.010932936598763376,-0.2806120393682754,0.07269443808651843,-0.4724179446097523,0.07115999084458657,-0.06962554360265472,0.020445273675688793,0.0102681515641491,-0.28100162293032316,0.07280573132449981,-0.47280433434421126,0.07039159446144538,-0.07462324112357814
772500.870521098,PLAYBACK,0.1903220220701769,0.0003220221260562539,0.02090684367132134,0.010932936598763376,-0.2809956511787579,0.07269443808651843,-0.4728015564202348,0.07077637903410405,-0.06962554360265472,0.020436354088405665,0.010236368811312383,-0.28100226121701255,0.07281811499768029,-0.47280456730867354,0.07039005548218848,-0.07524763281606393
772500.874909798,PLAYBACK,0.20035001903306693,0.0003500190796330571,0.02090684367132134,0.010932936598763376,-0.2806120393682754,0.07307804989700095,-0.4724179446097523,0.07077637903410405,-0.07000915541313724,0.020427235767911795,0.010203956337268906,-0.28100290477176987,0.07283070505607672,-0.4728047890197436,0.07038821113218681,-0.0758877254108238
772500.885723581,PLAYBACK,0.21063641109503806,0.005636411136947572,0.02090684367132134,0.010932936598763376,-0.2806120393682754,0.07346166170748347,-0.4724179446097523,0.07115999084458657,-0.07000915541313724,0.0204174673420001,0.01016931651111323,-0.2810035847273545,0.07284411916085577,-0.4728050093053155,0.07038595165804544,-0.0765753732285591
772500.895598725,PLAYBACK,0.22160413907840848,0.001604139106348157,0.02090684367132134,0.010932936598763376,-0.2806120393682754,0.07307804989700095,-0.4724179446097523,0.07077637903410405,-0.07039276722362153,0.020406549946731967,0.010130699298573229,-0.2810043337253345,0.07285902626501858,-0.4728052358627283,0.0703831037901405,-0.07734614577289517
772500.906660373,PLAYBACK,0.22528597502969205,0.00028597505297511816,0.02090684367132134,0.010932936598763376,-0.2806120393682754,0.07307804989700095,-0.4724179446097523,0.07077637903410405,-0.07039276722362153,0.020402761857219422,0.010117323056455109,-0.2810045910243917,0.07286417865484539,-0.4728053098724284,0.07038204017545947,-0.07761412279485475
772500.917049682,PLAYBACK,0.24233438505325466,0.0023343850625678897,0.02090684367132134,0.010932936598763376,-0.2806120393682754,0.07307804989700095,-0.4724179446097523,0.07077637903410405,-0.07115999084458657,0.02038436593249023,0.010052528793984463,-0.28100582223322573,0.07288905829109027,-0.47280563709911605,0.07037634800940042,-0.07891933098434466
772500.927915395,PLAYBACK,0.252434250083752,0.0024342500837519765,0.02090684367132134,0.010932936598763376,-0.2806120393682754,0.07307804989700095,-0.4728015564202348,0.07077637903410405,-0.0715436026550691,0.020372779056638188,0.010011856579696717,-0.28100658228770437,0.0729046095842311,-0.4728058163177863,0.07037232311693094,-0.07974470630766657
772500.938666598,PLAYBACK,0.26406362606212497,0.004063626052811742,0.020523231860837043,0.010932936598763376,-0.2809956511787579,0.07307804989700095,-0.4724179446097523,0.07077637903410405,-0.07231082627603591,0.0203587859335242,0.009962884021278207,-0.28100748406875253,0.07292326583886337,-0.47280600497150543,0.07036700888218747,-0.08074494425902573
772500.950158961,PLAYBACK,0.27577602106612176,0.0057760210474953055,0.020523231860837043,0.010932936598763376,-0.2806120393682754,0.07307804989700095,-0.4728015564202348,0.07077637903410405,-0.07307804989700095,0.020343980280684574,0.009911246923987387,-0.28100841853884606,0.07294285338518015,-0.472806170949964,0.07036083792418564,-0.08180752114968791
772500.961211321,PLAYBACK,0.2862640500534326,0.006264050025492907,0.020523231860837043,0.010549324788280856,-0.2806120393682754,0.07307804989700095,-0.4728015564202348,0.07077637903410405,-0.07384527351796777,0.02033010989827967,0.00986304415663975,-0.28100927513143326,0.07296105806449293,-0.4728062945337436,0.07035453749266476,-0.08280709506488736
772500.97347914,PLAYBACK,0.29799766500946134,0.0029976649675518274,0.02090684367132134,0.010932936598763376,-0.2806120393682754,0.07307804989700095,-0.4724179446097523,0.07077637903410405,-0.07461249713893281,0.02031389674304967,0.009806917005022332,-0.28101025278792696,0.07298215537150528,-0.47280639945011604,0.0703465306131791,-0.0839807229420396
772500.98424974,PLAYBACK,0.30862510099541396,0.0036251009441912174,0.02090684367132134,0.010549324788280856,-0.2806120393682754,0.07307804989700095,-0.4724179446097523,0.07077637903410405,-0.07499610894941533,0.020298565435688906,0.009754062757172888,-0.28101115349389666,0.07300192189933749,-0.4728064593612252,0.07033832227725352,-0.08509583785095237
772500.99430009,PLAYBACK,0.31863039499148726,0.003630395047366619,0.02090684367132134,0.010549324788280856,-0.2806120393682754,0.07307804989700095,-0.4724179446097523,0.07077637903410405,-0.07576333257038215,0.020283557777603396,0.009702535740700246,-0.2810120124977845,0.07302109641337161,-0.47280648102991746,0.07032968933703306,-0.08619255918519413
772501.00576978,PLAYBACK,0.3314509530318901,0.006450953078456223,0.02090684367132134,0.010932936598763376,-0.2806120393682754,0.07307804989700095,-0.4728015564202348,0.07077637903410405,-0.07691416800183148,0.02026349887791906,0.009634000843986051,-0.2810131249498942,0.0730464501759461,-0.47280645275901423,0.07031722791079506,-0.08766662387886011
772501.015287459,PLAYBACK,0.34005875908769667,5.87591202929616e-05,0.02090684367132134,0.010549324788280856,-0.2806120393682754,0.07307804989700095,-0.4724179446097523,0.07077637903410405,-0.077297779812314,0.020249504076252017,0.009586418906618231,-0.2810138763590884,0.07306394902553058,-0.47280639395517615,0.07030790534253922,-0.08870082881434403
772501.020459891,PLAYBACK,0.34505968203302473,5.968206096440554e-05,0.02090684367132134,0.010932936598763376,-0.2806120393682754,0.07307804989700095,-0.4724179446097523,0.07077637903410405,-0.07768139162279653,0.020241178649408213,0.009558206672846417,-0.28101431348658273,0.07307428310089953,-0.47280634356196716,0.07030211217200322,-0.08931840377232965
772501.032301223,PLAYBACK,0.3567780579905957,0.006778058013878763,0.020523231860837043,0.010932936598763376,-0.2806120393682754,0.07307804989700095,-0.4728015564202348,0.07077637903410405,-0.07844861524376334,0.020221111424400928,0.00949050321229523,-0.2810153359722218,0.07309895287880867,-0.47280617416949866,0.07028738163243377,-0.09081441444179378
772501.043912204,PLAYBACK,0.36813094408717006,0.00313094409648329,0.02090684367132134,0.010549324788280856,-0.2806120393682754,0.07307804989700095,-0.4724179446097523,0.07077637903410405,-0.0795994506752109,0.020200928882963834,0.00942285310495272,-0.28101631841647695,0.07312341242848579,-0.47280593428031603,0.07027145727148675,-0.09233013310733446
772501.054299379,PLAYBACK,0.37885516602545977,0.0038551660254597664,0.02090684367132134,0.010932936598763376,-0.2809956511787579,0.07307804989700095,-0.4724179446097523,0.07115999084458657,-0.0799830624856952,0.020181202168648524,0.009357182055099708,-0.28101723226107467,0.07314696423071503,-0.4728056310082084,0.07025479936138433,-0.093823041792545
772501.071655099,PLAYBACK,0.39376328501384705,0.008763285004533827,0.02090684367132134,0.010932936598763376,-0.2806120393682754,0.07307804989700095,-0.4728015564202348,0.07077637903410405,-0.08113389791714276,0.020152730799791522,0.009263234883051592,-0.28101846620557613,0.07318030657960496,-0.47280507057676374,0.07022881732296404,-0.09599909106975778
772501.083399916,PLAYBACK,0.40716794307809323,0.0021679430501535535,0.02090684367132134,0.010549324788280856,-0.2809956511787579,0.07307804989700095,-0.4724179446097523,0.07115999084458657,-0.0822847333485921,0.020126118795106458,0.009176379713175566,-0.2810195234017859,0.07321073771527299,-0.47280441221980857,0.0702024193635115,-0.09805774811299343
772501.088195656,PLAYBACK,0.41507860203273594,7.860199548304081e-05,0.02090684367132134,0.010932936598763376,-0.2806120393682754,0.07307804989700095,-0.4724179446097523,0.07077637903410405,-0.08343556878004144,0.020109980945213355,0.009124192614578154,-0.28102011653898706,0.07322882626094103,-0.47280394804274584,0.07018539846159863,-0.09931875179395928
772501.099198131,PLAYBACK,0.42417242901865393,0.004172428976744413,0.02129045548180386,0.010549324788280856,-0.2809956511787579,0.07307804989700095,-0.4724179446097523,0.07077637903410405,-0.084586404211489,0.02009104857137844,0.00906346395123007,-0.2810207637335359,0.07324967719446451,-0.4728033396334109,0.07016444110798731,-0.1008111742769767
772501.110838107,PLAYBACK,0.4354197430657223,0.005419743014499545,0.02090684367132134,0.010549324788280856,-0.2806120393682754,0.07307804989700095,-0.4728015564202348,0.07077637903410405,-0.08573723964293833,0.020067095933947895,0.008987448829218087,-0.2810215032435611,0.07327545525278001,-0.47280246924902664,0.07013637959771031,-0.10272106789559474
772501.120819895,PLAYBACK,0.4469500590348616,0.0019500590860843658,0.02090684367132134,0.010549324788280856,-0.2806120393682754,0.07307804989700095,-0.4728015564202348,0.07077637903410405,-0.08688807507438767,0.020041964153035285,0.008908749351661149,-0.28102217792144984,0.07330173563840772,-0.4728014330173415,0.07010506589793285,-0.10475343806738364
772501.131897434,PLAYBACK,0.4561110440408811,0.0011110440827906132,0.02090684367132134,0.010549324788280856,-0.2806120393682754,0.07307804989700095,-0.4724179446097523,0.07077637903410405,-0.08765529869535271,0.020021614184780975,0.008845882579098517,-0.28102264333159566,0.07332240454842191,-0.4728005005805994,0.07007830870869845,-0.10642249175473474
772501.142837899,PLAYBACK,0.4670345470076427,0.0020345470402389765,0.02090684367132134,0.010549324788280856,-0.2806120393682754,0.07269443808651843,-0.4728015564202348,0.07077637903410405,-0.08880613412680205,0.019996951272661607,0.008770809293219054,-0.281023103908186,0.07334667453959627,-0.4727992581761872,0.07004422208301733,-0.10847611553051091
772501.152042358,PLAYBACK,0.4777277890825644,0.002727789105847478,0.02090684367132134,0.010932936598763376,-0.2809956511787579,0.07307804989700095,-0.4728015564202348,0.07077637903410405,-0.09034058136873391,0.019972442483026,0.008697522754052504,-0.281023441840226,0.07336989347676019,-0.47279790251312714,0.07000859847633177,-0.11055378761568639
772501.162345703,PLAYBACK,0.4872497060569003,0.002249706070870161,0.020523231860837043,0.010549324788280856,-0.2809956511787579,0.07307804989700095,-0.4728015564202348,0.07077637903410405,-0.09187502861066577,0.019950365095591276,0.008632732422809326,-0.28102363705745687,0.07338999192611374,-0.47279658024974874,0.0699750857084756,-0.11246021008235382
772501.172860292,PLAYBACK,0.4996461720438674,0.004646172048524022,0.02090684367132134,0.010549324788280856,-0.2806120393682754,0.07307804989700095,-0.4724179446097523,0.07077637903410405,-0.09456031128404696,0.01992135288636726,0.008549530109503057,-0.2810237247323945,0.07341514543354541,-0.47279470318924827,0.06992915449512294,-0.115021706594971
772501.183052885,PLAYBACK,0.5082819710951298,0.0032819710904732347,0.020523231860837043,0.010549324788280856,-0.2809956511787579,0.07307804989700095,-0.4728015564202348,0.07077637903410405,-0.095327534905012,0.01990102434972794,0.008492666763613401,-0.2810236639870185,0.07343186404943715,-0.47279329975956813,0.0698958308773544,-0.11685900078438705
772501.194536001,PLAYBACK,0.5192842760588974,0.0042842760449275374,0.02090684367132134,0.010549324788280856,-0.2809956511787579,0.07307804989700095,-0.4724179446097523,0.07077637903410405,-0.09762920576791068,0.019875074531246806,0.008421970991960228,-0.28102342946477177,0.07345204780266008,-0.4727914140298855,0.06985216311549698,-0.11926170068277185
772501.20601588,PLAYBACK,0.5306619490729645,0.005661949049681425,0.02090684367132134,0.010549324788280856,-0.2809956511787579,0.07307804989700095,-0.4724179446097523,0.07077637903410405,-0.09916365300984253,0.01984829581192677,0.008351460430070267,-0.2810229898552429,0.07347142774255101,-0.47278937580656116,0.06980612850154766,-0.12181730018999506
772501.223584397,PLAYBACK,0.5409643220482394,0.0009643220109865069,0.02090684367132134,0.010549324788280856,-0.2809956511787579,0.07307804989700095,-0.4724179446097523,0.07077637903410405,-0.1003144884412901,0.019824216538919658,0.00829039708385955,-0.2810224107010074,0.07348751637569718,-0.4727874861461639,0.06976430847783495,-0.12419064768055346
772501.234796223,PLAYBACK,0.5604734780499712,0.005473477998748422,0.02090684367132134,0.010549324788280856,-0.2809956511787579,0.07307804989700095,-0.4724179446097523,0.07077637903410405,-0.10453421835660315,0.01977948609489574,0.008183608687916524,-0.2810208323072623,0.07351378960350975,-0.4727839380444082,0.06968731129917703,-0.128824743110494
772501.246714943,PLAYBACK,0.5713416259968653,0.006341626052744687,0.020523231860837043,0.010549324788280856,-0.2806120393682754,0.07307804989700095,-0.4724179446097523,0.07077637903410405,-0.106068665598535,0.019755306856437164,0.008129916341233901,-0.2810196860441594,0.07352591465952552,-0.4727820780195318,0.06964728080178285,-0.13147492184966508
772501.257220916,PLAYBACK,0.5828355310950428,0.0028355311369523406,0.020523231860837043,0.010165712977798336,-0.2809956511787579,0.07307804989700095,-0.4724179446097523,0.07077637903410405,-0.10798672465094938,0.01973049715712684,0.00807809647535129,-0.28101828211552254,0.07353677176333748,-0.4727802914778155,0.06960851244439788,-0.13432112660668244
772501.268402945,PLAYBACK,0.5939842460211366,0.003984246053732932,0.02090684367132134,0.010549324788280856,-0.2806120393682754,0.07307804989700095,-0.4724179446097523,0.07077637903410405,-0.11067200732433058,0.019707303199011615,0.008032872858971052,-0.28101675345104715,0.0735454481761959,-0.47277880940897443,0.06957538521981986,-0.137116447658169
772501.280206664,PLAYBACK,0.6038135830312967,0.0038135830545797944,0.020523231860837043,0.010549324788280856,-0.2809956511787579,0.07307804989700095,-0.4724179446097523,0.07077637903410405,-0.11182284275577814,0.019687639289555425,0.00799710769668362,-0.28101529089875327,0.07355169679620387,-0.4727777635940623,0.06955048005815305,-0.13960333295935087
772501.291612221,PLAYBACK,0.6176263830857351,0.007626383099704981,0.020523231860837043,0.010165712977798336,-0.2806120393682754,0.07307804989700095,-0.4728015564202348,0.07039276722362153,-0.11565896086060867,0.019661328609659776,0.00795308447114724,-0.2810130962535179,0.07355853366227852,-0.47277679202151646,0.06952305890220406,-0.14312517812095632
772501.303185911,PLAYBACK,0.6276893870672211,0.002689387067221105,0.02090684367132134,0.010549324788280856,-0.2809956511787579,0.07307804989700095,-0.4724179446097523,0.07039276722362153,-0.11796063172350557,0.019643158473336444,0.007925259721807531,-0.28101142721252736,0.07356231991589869,-0.47277650095352175,0.06950892658867606,-0.14570635718526936
772501.311617949,PLAYBACK,0.6369378400268033,0.001937840017490089,0.02090684367132134,0.010165712977798336,-0.2806120393682754,0.07307804989700095,-0.4728015564202348,0.07077637903410405,-0.11911146715495491,0.019627200970509684,0.007902513502716995,-0.28100986500185804,0.07356509950536057,-0.4727765713693275,0.06950027251161658,-0.14808768042709478
772501.323257445,PLAYBACK,0.6486852820962667,0.003685282077640295,0.02090684367132134,0.010165712977798336,-0.2806120393682754,0.07307804989700095,-0.4724179446097523,0.07077637903410405,-0.12256397344930114,0.01960793785875734,0.007877019407030204,-0.2810078715175514,0.0735679113780076,-0.4727771511851721,0.06949496826535935,-0.15112292571456673
772501.334968958,PLAYBACK,0.6594834449933842,0.004483444965444505,0.02090684367132134,0.010549324788280856,-0.2806120393682754,0.07307804989700095,-0.4724179446097523,0.07039276722362153,-0.12486564431219982,0.01959119516543372,0.00785639032672184,-0.2810060582304066,0.0735700286527401,-0.4727781798589414,0.06949514977735222,-0.15392182877455382
772501.352922423,PLAYBACK,0.6729117080103606,0.007911707973107696,0.02090684367132134,0.010165712977798336,-0.2806120393682754,0.07307804989700095,-0.4724179446097523,0.07039276722362153,-0.12716731517509672,0.019571609314472573,0.007833634731842013,-0.28100386680025824,0.07357237231423265,-0.4727801197603611,0.06950090455991244,-0.15741294758778882
772501.364300187,PLAYBACK,0.6883651519892737,0.0033651519333943725,0.02090684367132134,0.010165712977798336,-0.2806120393682754,0.07307804989700095,-0.4724179446097523,0.07039276722362153,-0.13100343327992547,0.01955068200391013,0.007810170556175329,-0.2810014801480544,0.07357510492113455,-0.4727832252115069,0.06951267082406436,-0.16144342807336348
772501.375697417,PLAYBACK,0.6950579980621114,5.7998113334178925e-05,0.02090684367132134,0.010165712977798336,-0.2806120393682754,0.07307804989700095,-0.4724179446097523,0.07039276722362153,-0.1321542687113748,0.01954213178488543,0.007800561525888498,-0.28100050304840274,0.07357640539686394,-0.4727848428033043,0.06951861452075177,-0.16319291415651946
772501.384982992,PLAYBACK,0.7105721380794421,0.0005721381166949868,0.02090684367132134,0.010165712977798336,-0.2806120393682754,0.07307804989700095,-0.4724179446097523,0.07039276722362153,-0.13599038681620534,0.019523462407314965,0.007778792704611474,-0.2809983907964659,0.07357988287024636,-0.47278916687259537,0.06953194962372813,-0.16725651132228775
772501.390810108,PLAYBACK,0.7150881229899824,8.812302257865667e-05,0.02090684367132134,0.010165712977798336,-0.2806120393682754,0.07307804989700095,-0.4724179446097523,0.07039276722362153,-0.13599038681620534,0.019518324223323724,0.0077724579514782495,-0.28099781889388614,0.07358104179692641,-0.4727905632211578,0.06953522789818446,-0.1684414061920939
772501.402853207,PLAYBACK,0.728267929982394,0.0032679300056770444,0.02090684367132134,0.010165712977798336,-0.2809956511787579,0.07307804989700095,-0.4728015564202348,0.07039276722362153,-0.1398265049210341,0.01950408204763983,0.0077536031821799,-0.28099626663844446,0.07358485227290575,-0.47279494597063393,0.0695415825964825,-0.1719043069660233
772501.412609684,PLAYBACK,0.7388725720811635,0.003872572095133364,0.02090684367132134,0.010165712977798336,-0.2806120393682754,0.07346166170748347,-0.4724179446097523,0.07039276722362153,-0.142128175783931,0.019493436904739928,0.00773773933238658,-0.2809951468406242,0.07358839875971607,-0.47279875712836184,0.06954161093721921,-0.17469543253185002
772501.423613421,PLAYBACK,0.7488074200227857,0.0038074200274422765,0.02090684367132134,0.010165712977798336,-0.2809956511787579,0.07307804989700095,-0.4728015564202348,0.07039276722362153,-0.14519707026779471,0.019484130568630416,0.007722066155827619,-0.28099420302369255,0.07359210617533368,-0.47280250951610325,0.06953591644653753,-0.1773138337330254
772501.435133227,PLAYBACK,0.7603906079893932,0.005390607984736562,0.02090684367132134,0.010165712977798336,-0.2806120393682754,0.07307804989700095,-0.4724179446097523,0.07039276722362153,-0.14826596475165843,0.019474115449332866,0.0077025494787847665,-0.2809932299453292,0.07359687173712356,-0.4728070489627109,0.06952036427368395,-0.18037063734146402
772501.445980875,PLAYBACK,0.7711842020507902,0.006184202036820352,0.020523231860837043,0.010165712977798336,-0.2806120393682754,0.07307804989700095,-0.4728015564202348,0.07039276722362153,-0.1505676356145571,0.01946562523861086,0.00768294078403339,-0.28099244395720785,0.07360169946144156,-0.4728113821054742,0.06949532318349709,-0.18322255564641055
772501.457707376,PLAYBACK,0.7828772900393233,0.002877290011383593,0.020523231860837043,0.010165712977798336,-0.2809956511787579,0.07307804989700095,-0.4728015564202348,0.07039276722362153,-0.15363653009842082,0.019457396943798548,0.007659923728483681,-0.2809917196898537,0.07360728813215647,-0.47281612511725196,0.06945447936294946,-0.18631554375120118
772501.467435659,PLAYBACK,0.7921071170130745,0.0021071169758215547,0.020523231860837043,0.010165712977798336,-0.2806120393682754,0.07307804989700095,-0.4724179446097523,0.07039276722362153,-0.15478736552986838,0.019451660464646525,0.007640309318900245,-0.28099123794909564,0.07361191283015893,-0.47281986249609054,0.06941061564404655,-0.18875920407207364
772501.479513895,PLAYBACK,0.8044209349900484,0.00442093494348228,0.02090684367132134,0.009782101167315815,-0.2806120393682754,0.07307804989700095,-0.4728015564202348,0.07039276722362153,-0.15939070725566395,0.019445132053820435,0.007611958416987371,-0.28099071321822783,0.07361829598797745,-0.4728247809621878,0.0693338538172484,-0.19202209245597093
772501.490364178,PLAYBACK,0.8150259280810133,0.005025928025133908,0.020523231860837043,0.009782101167315815,-0.2806120393682754,0.07307804989700095,-0.4724179446097523,0.07039276722362153,-0.1609251544975958,0.01944062862447318,0.007585371726647424,-0.2809903641080829,0.07362391271127713,-0.4728289047350172,0.06924897071519236,-0.19483437100565
772501.50119336,PLAYBACK,0.8263383960584179,0.006338396109640598,0.02090684367132134,0.010165712977798336,-0.2806120393682754,0.07307804989700095,-0.4728015564202348,0.07039276722362153,-0.16552849622339139,0.019437079526137872,0.0075546111998716975,-0.2809900906249704,0.07362993917908522,-0.47283313697881274,0.06913697368130224,-0.19783618307294173
772501.512697426,PLAYBACK,0.8382817440433428,0.003281744080595672,0.020523231860837043,0.010165712977798336,-0.2806120393682754,0.07307804989700095,-0.4724179446097523,0.07000915541313724,-0.16821377889677258,0.01943488539455951,0.007519232554222969,-0.2809899059810559,0.07363624100502549,-0.47283736328472126,0.06899205997648769,-0.2010072298288488
772501.523143775,PLAYBACK,0.8480155470315367,0.0030155470594763756,0.02090684367132134,0.010165712977798336,-0.2806120393682754,0.07307804989700095,-0.4724179446097523,0.07000915541313724,-0.170899061570152,0.019434402444667015,0.007488026883704514,-0.2809898295745418,0.07364125462389359,-0.472840584727663,0.06885166121681942,-0.20359278784724896
772501.533050429,PLAYBACK,0.858303903019987,0.003303903038613498,0.02090684367132134,0.009782101167315815,-0.2806120393682754,0.07346166170748347,-0.4728015564202348,0.07000915541313724,-0.17243350881208386,0.01943530214099991,0.0074525579721665906,-0.28098981642359533,0.07364636047157566,-0.4728437365197647,0.06867948519123954,-0.2063265721553261
772501.544358279,PLAYBACK,0.8690327430376783,0.004032743046991527,0.02090684367132134,0.010165712977798336,-0.2806120393682754,0.07346166170748347,-0.4724179446097523,0.07000915541313724,-0.17511879148546505,0.01943794668530562,0.007412655961848142,-0.28098987179593793,0.07365139352210655,-0.47284671031369685,0.06847167776233856,-0.2091781900206149
772501.555973117,PLAYBACK,0.880541717982851,0.005541717982850969,0.02090684367132134,0.010165712977798336,-0.2809956511787579,0.07307804989700095,-0.4728015564202348,0.07000915541313724,-0.1785712977798113,0.01944294165474693,0.007366288826338227,-0.28099000376746003,0.07365636398065188,-0.4728495040010001,0.06821384857258231,-0.21223780746912763
772501.566819232,PLAYBACK,0.8922591430600733,0.002259143046103418,0.02090684367132134,0.010165712977798336,-0.2809956511787579,0.07307804989700095,-0.4724179446097523,0.06962554360265472,-0.18125658045319248,0.019450601945442285,0.007314976781921737,-0.2809902089035657,0.07366085742880454,-0.47285188319415733,0.06791086366274919,-0.21535324818523735
772501.577203953,PLAYBACK,0.9017496390733868,0.001749639050103724,0.020523231860837043,0.009782101167315815,-0.2806120393682754,0.07307804989700095,-0.4728015564202348,0.06962554360265472,-0.1843254749370562,0.019458936755674065,0.007270131580119096,-0.28099042288535736,0.07366399599445443,-0.4728534365463087,0.0676329629661536,-0.21787657582815145
772501.587798215,PLAYBACK,0.9133336890954524,0.0033336890628561378,0.02090684367132134,0.009782101167315815,-0.2806120393682754,0.07346166170748347,-0.4728015564202348,0.0692419317921722,-0.1870107576104374,0.019472004812694118,0.0072110768831995485,-0.280990736618164,0.07366711709939995,-0.47285484501156005,0.06725104386148298,-0.22095569855834685
772501.59965714,PLAYBACK,0.9240358070237562,0.00403580698184669,0.02090684367132134,0.009782101167315815,-0.2806120393682754,0.07346166170748347,-0.4728015564202348,0.06885831998168968,-0.19007965209429933,0.019487234075533884,0.007151963786890982,-0.2809910725560281,0.07366920740947995,-0.47285563953394943,0.06685322388629074,-0.22379803636282966
772501.610057441,PLAYBACK,0.9341539770830423,0.004153977031819522,0.02090684367132134,0.009782101167315815,-0.2809956511787579,0.07346166170748347,-0.4728015564202348,0.06847470817120538,-0.19314854657816305,0.019504743291897365,0.007091738574518533,-0.28099142599618215,0.07367039157987543,-0.47285591844112,0.06643443272568551,-0.22648081269426268
772501.622161547,PLAYBACK,0.9467631709994748,0.006763171055354178,0.02090684367132134,0.009782101167315815,-0.2806120393682754,0.07307804989700095,-0.4728015564202348,0.06770748455024034,-0.19621744106202677,0.019531283066431787,0.0070103445361728665,-0.280991907983898,0.0736706615907083,-0.4728555950202437,0.06585048288200443,-0.22981268688864276
772501.631011216,PLAYBACK,0.9558448439929634,0.0008448440348729491,0.020523231860837043,0.009782101167315815,-0.2809956511787579,0.07307804989700095,-0.4724179446097523,0.06732387273975782,-0.19775188830395862,0.01955397536054546,0.006947086142726518,-0.2809922786820524,0.07366994643781659,-0.47285488770904666,0.06538485140628143,-0.23219981766831524
772501.642072593,PLAYBACK,0.9670289070345461,0.002028907067142427,0.020523231860837043,0.009398489356831519,-0.2809956511787579,0.07346166170748347,-0.4724179446097523,0.06694026092927352,-0.20158800640878916,0.019586438237391385,0.006863550239418399,-0.28099275602334134,0.07366793098394217,-0.47285346419908525,0.06475717539394607,-0.23511787763493466
772501.653286522,PLAYBACK,0.9787214340176433,0.003721434040926397,0.020523231860837043,0.009398489356831519,-0.2809956511787579,0.07346166170748347,-0.4724179446097523,0.066556649118791,-0.20465690089265287,0.019626164187452663,0.006769261260132161,-0.280993272215545,0.07366439856090723,-0.4728513294144393,0.06403476186424141,-0.23813368352285938
772501.663587493,PLAYBACK,0.9888406560057774,0.0038406560197472572,0.020523231860837043,0.009398489356831519,-0.2809956511787579,0.07346166170748347,-0.4728015564202348,0.06617303730830848,-0.2077257953765148,0.01966570072580836,0.00668168179378428,-0.2809937267965292,0.07366010716469806,-0.47284896450109287,0.06335354107657223,-0.24070679028678996
772501.674392188,PLAYBACK,0.9999968149932101,0.00499681499786675,0.02090684367132134,0.009398489356831519,-0.2809956511787579,0.07346166170748347,-0.4724179446097523,0.06578942549782596,-0.21117830167086282,0.019715235277762932,0.006578452221229015,-0.28099422992741063,0.0736540049495849,-0.4728458311388343,0.06254120102005226,-0.24349587137143597
772501.685358864,PLAYBACK,1.0050578330410644,5.783303640782833e-05,0.02090684367132134,0.009398489356831519,-0.2809956511787579,0.07346166170748347,-0.4724179446097523,0.06540581368734166,-0.21232913710231038,0.01973987420391846,0.006529242261562753,-0.2809944571976992,0.073650754809864,-0.4728442389695684,0.06215123943944152,-0.24474274862907974
772501.690188299,PLAYBACK,1.0150607720715925,6.077205762267113e-05,0.020523231860837043,0.009014877546348998,-0.2809956511787579,0.07346166170748347,-0.4724179446097523,0.06463859006637662,-0.21347997253375972,0.019792758560039814,0.006427469049515508,-0.28099490186363274,0.07364343909619721,-0.47284080362965203,0.061340726929224494,-0.24717057934307818
772501.701628743,PLAYBACK,1.0262437330093235,0.006243732990697026,0.020523231860837043,0.009014877546348998,-0.2806120393682754,0.07346166170748347,-0.4724179446097523,0.0638713664454098,-0.21654886701762344,0.019858801958776387,0.006306343462423475,-0.2809953880998582,0.07363385626308554,-0.4728365550660843,0.06037142178335297,-0.24982397889073577
772501.712109006,PLAYBACK,1.0359591310843825,0.0009591310517862439,0.020523231860837043,0.009014877546348998,-0.2806120393682754,0.07346166170748347,-0.4728015564202348,0.06310414282444476,-0.21923414969100463,0.019922466294157917,0.006194530513760574,-0.2809957979247818,0.0736243344062296,-0.47283256615586755,0.05947446050877726,-0.25207461977183804
772501.72374238,PLAYBACK,1.0482941890368238,0.0032941889949142933,0.020523231860837043,0.009014877546348998,-0.2806120393682754,0.07346166170748347,-0.4728015564202348,0.06272053101396224,-0.22268665598535087,0.020012266163928847,0.006043282175603802,-0.2809962975404765,0.07361066506320812,-0.4728271864682451,0.05826101348647338,-0.25485683759929395
772501.734214328,PLAYBACK,1.06029314303305,0.005293142981827259,0.020523231860837043,0.008631265735866478,-0.2809956511787579,0.07346166170748347,-0.4724179446097523,0.06195330739299543,-0.22575555046921458,0.02010987929878136,0.005885621422217444,-0.2809967579985886,0.07359571141852626,-0.47282171688039687,0.056999206324834205,-0.2574809645492932
772501.745834596,PLAYBACK,1.0701829250901937,0.005182925146073103,0.02090684367132134,0.009014877546348998,-0.2806120393682754,0.07346166170748347,-0.4728015564202348,0.061186083772030386,-0.22805722133211148,0.020198428792583756,0.005747417873812279,-0.28099711668173183,0.07358219671973996,-0.47281711522221603,0.055897872685987594,-0.2595821453141291
772501.75729054,PLAYBACK,1.0810396199813113,0.0010396200232207775,0.02090684367132134,0.008631265735866478,-0.2806120393682754,0.07346166170748347,-0.4728015564202348,0.05965163653009853,-0.22959166857404334,0.020304553391252228,0.005586652647121607,-0.2809974873595222,0.07356617034689154,-0.47281205252080805,0.05462417962855032,-0.26182413625641304
772501.767873931,PLAYBACK,1.092676951084286,0.0026769511168822646,0.02090684367132134,0.008631265735866478,-0.2806120393682754,0.07307804989700095,-0.4724179446097523,0.05888441290913171,-0.2341950102998389,0.02042924394174609,0.005403278253329889,-0.28099785676411154,0.07354767209600746,-0.47280671577538874,0.05318287526431852,-0.2641518564243132
772501.778608412,PLAYBACK,1.1038052970543504,0.0038052970776334405,0.02090684367132134,0.008631265735866478,-0.2809956511787579,0.07346166170748347,-0.4724179446097523,0.05773357747768415,-0.23726390478370263,0.020559632160808396,0.005216700180747491,-0.2809981823087149,0.07352877876618737,-0.47280180548259226,0.05173035961618877,-0.2663044287005074
772501.790176911,PLAYBACK,1.1159872920252383,0.005987292039208114,0.02090684367132134,0.008631265735866478,-0.2809956511787579,0.07346166170748347,-0.4728015564202348,0.05658274204623481,-0.23994918745708382,0.020715512086331336,0.004999271840845764,-0.28099850733566084,0.07350684144319203,-0.47279677137925125,0.05005656621267934,-0.268578380636507
772501.80092073,PLAYBACK,1.1263384080957621,0.0063384081004187465,0.020523231860837043,0.008247653925383958,-0.2809956511787579,0.07346166170748347,-0.4724179446097523,0.055431906614785476,-0.24263447013046324,0.020859258508161088,0.004803228466169874,-0.2809987579049051,0.07348725148195569,-0.4727928723070269,0.04856532307952925,-0.270442804550538
772501.811713362,PLAYBACK,1.1374220179859549,0.002422017976641655,0.02090684367132134,0.008247653925383958,-0.2809956511787579,0.07307804989700095,-0.4724179446097523,0.05428107118333614,-0.24531975280384444,0.02102516747882684,0.0045813538846292525,-0.2809990005985287,0.07346539582739098,-0.47278918091521893,0.04689821883181878,-0.2723702275758038
772501.823666659,PLAYBACK,1.1478330889949575,0.002833088976331055,0.020523231860837043,0.007864042114899661,-0.2806120393682754,0.07307804989700095,-0.4728015564202348,0.0535138475623711,-0.24762142366674134,0.02119272084680471,0.004361285924823462,-0.2809992051466611,0.07344411983526328,-0.4727862538834395,0.045266118898019465,-0.27411600217823884
772501.8353299,PLAYBACK,1.1596878570271656,0.0046878569992259145,0.020523231860837043,0.007864042114899661,-0.2809956511787579,0.07307804989700095,-0.4724179446097523,0.05274662394140606,-0.25069031815060505,0.021397818360078084,0.004096482891871998,-0.2809994116111184,0.07341911676649851,-0.4727836585632916,0.04332991386015663,-0.27602806864178875
772501.845621502,PLAYBACK,1.172174966079183,0.00717496604193002,0.02090684367132134,0.007864042114899661,-0.2809956511787579,0.07307804989700095,-0.4728015564202348,0.05159578850995672,-0.2529919890135037,0.02163090688597758,0.0038006341058357557,-0.2809996003908194,0.07339201161977993,-0.47278188738948557,0.04120126129525509,-0.27795575049707577
772501.855730184,PLAYBACK,1.1810125020565465,0.0060125020099803805,0.020523231860837043,0.00709681849393462,-0.2809956511787579,0.07346166170748347,-0.4724179446097523,0.0508285648889899,-0.25414282444495306,0.021806771595015217,0.0035804431932360604,-0.28099971741862784,0.07337242659858108,-0.47278129312272354,0.03963972870146172,-0.2792671740959706
772501.867680354,PLAYBACK,1.1921307389857247,0.0021307390416041017,0.020523231860837043,0.00709681849393462,-0.2806120393682754,0.07346166170748347,-0.4724179446097523,0.05006134126802486,-0.2568281071183325,0.02204122346036417,0.003290340729464212,-0.280999846706764,0.073347399155261,-0.4727813876619293,0.03761076185322283,-0.28085577253188576
772501.879445029,PLAYBACK,1.2031366099836305,0.003136610030196607,0.020523231860837043,0.0067132066834521,-0.2806120393682754,0.07346166170748347,-0.4724179446097523,0.048910505836575524,-0.2595133897917137,0.02228817313336429,0.0029884316632295183,-0.28099995680668527,0.07332228602041463,-0.4727824682098744,0.03553189287978118,-0.28236224935594156
772501.888827329,PLAYBACK,1.2143477640347555,0.004347764072008431,0.020523231860837043,0.0067132066834521,-0.2806120393682754,0.07346166170748347,-0.4728015564202348,0.04775967040512619,-0.26143144884412806,0.022555349115596122,0.0026654008109540067,-0.2810000528031738,0.07329645192119807,-0.47278464039351475,0.03334255229698958,-0.283830665415123
772501.900921245,PLAYBACK,1.226354262093082,0.006354262121021748,0.02090684367132134,0.006329594872967803,-0.2806120393682754,0.07346166170748347,-0.4728015564202348,0.04622522316319433,-0.26334950789654243,0.022859429242665374,0.002301640313923374,-0.28100014013138375,0.07326860701533074,-0.4727882277371875,0.03091798589294207,-0.28533097237973715
772501.91173615,PLAYBACK,1.2357786929933354,0.0007786930073052645,0.020523231860837043,0.006329594872967803,-0.2806120393682754,0.07346166170748347,-0.4728015564202348,0.04507438773174677,-0.2648839551384743,0.023111440790477993,0.0020028734354268045,-0.28100019934984527,0.0732466913047431,-0.4727919936911708,0.028957147074676986,-0.28645753481438874
772501.921270641,PLAYBACK,1.2466387650929391,0.0016387650975957513,0.02090684367132134,0.005945983062485283,-0.2806120393682754,0.07307804989700095,-0.4728015564202348,0.04353994048981491,-0.26680201419088867,0.023416714285245815,0.0016438089447983202,-0.2810002595273511,0.0732214460387692,-0.4727974016922856,0.026634917864645176,-0.2877013859308381
772501.932646531,PLAYBACK,1.2580932250712067,0.003093225066550076,0.02090684367132134,0.005562371252002762,-0.2806120393682754,0.07346166170748347,-0.4728015564202348,0.04238910505836557,-0.26833646143282053,0.02375632005926351,0.0012475540979454982,-0.28100031613304605,0.07319491095522146,-0.47280437312213197,0.024113192999247447,-0.28895187378249254
772501.94450704,PLAYBACK,1.2685780980391428,0.003578098025172949,0.02090684367132134,0.005562371252002762,-0.2806120393682754,0.07307804989700095,-0.4728015564202348,0.041238269626916235,-0.2702545204852367,0.02408334755721572,0.000868738391979673,-0.28100036414326707,0.07317077974600324,-0.47281191215971075,0.021740292355388668,-0.29004262835118505
772501.955134235,PLAYBACK,1.2804116550832987,0.005411655060015619,0.02090684367132134,0.005178759441520242,-0.2809956511787579,0.07346166170748347,-0.4728015564202348,0.040087434195468674,-0.27178896772716854,0.024471281634476802,0.0004224236206086095,-0.28100041683061755,0.07314381536877985,-0.472821757398865,0.018989098696772216,-0.291213326800612
772501.96576613,PLAYBACK,1.2906830380670726,0.00568303803447634,0.02090684367132134,0.004795147631037722,-0.2806120393682754,0.07307804989700095,-0.4728015564202348,0.03893659876401934,-0.2733234149691004,0.024824306263531593,1.8791313019349122e-05,-0.28100046368925247,0.0731207208217948,-0.47283144479762507,0.016539990692999884,-0.29217862700038033
772501.974923358,PLAYBACK,1.3002818730892614,0.0002818730426952243,0.02090684367132134,0.004795147631037722,-0.2806120393682754,0.07346166170748347,-0.4724179446097523,0.03740215152208748,-0.27447425040054796,0.025167844778221392,-0.00037196594859899914,-0.2810005104084928,0.0730994661050821,-0.47284143851045934,0.014202212926457482,-0.2930386469007397
772501.980093947,PLAYBACK,1.305056052049622,5.6051998399198055e-05,0.02090684367132134,0.004411535820553425,-0.2806120393682754,0.07307804989700095,-0.4724179446097523,0.03701853971160496,-0.2752414740215148,0.025343546730258276,-0.0005711161574495014,-0.28100053524961943,0.07308903237216297,-0.47284673859768345,0.013022755675493403,-0.2934513864533856
772501.990017895,PLAYBACK,1.3154988139867783,0.005498813930898905,0.02129045548180386,0.004411535820553425,-0.2806120393682754,0.07307804989700095,-0.4724179446097523,0.03586770428015562,-0.27677592126344663,0.025738775269514624,-0.0010175145159049637,-0.28100059455899756,0.07306657779762078,-0.47285906443828335,0.01040706373755174,-0.29431963194842264
772502.001507933,PLAYBACK,1.3200612870277837,6.128707900643349e-05,0.02090684367132134,0.004027924010070905,-0.2809956511787579,0.07307804989700095,-0.4724179446097523,0.034716868848706284,-0.2775431448844117,0.02591601107340707,-0.0012170405065690193,-0.2810006230333878,0.07305694272903396,-0.4728647519955214,0.009250034013231554,-0.2946841360621263
772502.012867282,PLAYBACK,1.339753604028374,0.00475360406562686,0.02129045548180386,0.0036443121995883843,-0.2809956511787579,0.07307804989700095,-0.4724179446097523,0.03164797436484257,-0.28022842755779287,0.026710470202454796,-0.0021070355655628567,-0.2810007686209029,0.07301678391893844,-0.4728912003052403,0.004174440057707797,-0.29615465862777346
772502.024710107,PLAYBACK,1.3481505060335621,0.003150506061501801,0.02090684367132134,0.0036443121995883843,-0.2806120393682754,0.07346166170748347,-0.4724179446097523,0.03011352712291071,-0.2809956511787579,0.02706249191230364,-0.002499360436654146,-0.28100084393649083,0.07300045037030474,-0.47290329910985396,0.0019787858439347544,-0.29673159431859353
772502.034669182,PLAYBACK,1.3605184870539233,0.00551848707254976,0.02129045548180386,0.003260700389105864,-0.2809956511787579,0.07346166170748347,-0.4728015564202348,0.028195468070496332,-0.28291371023117406,0.027593587971059718,-0.003089227683263034,-0.28100097170353666,0.07297734408142069,-0.472921838050289,-0.001277657881263882,-0.2975283372386305
772502.046287707,PLAYBACK,1.3652856320841238,0.000285632093437016,0.02129045548180386,0.003260700389105864,-0.2809956511787579,0.07307804989700095,-0.4728015564202348,0.027811856260013812,-0.2836809338521391,0.027801954977516957,-0.0033200424891040347,-0.28100102672713106,0.07296875271926975,-0.47292917551452285,-0.0025378994591820805,-0.297819031049289
772502.05752427,PLAYBACK,1.3843794430140406,0.0043794430093839765,0.02129045548180386,0.002493476768139047,-0.2809956511787579,0.07307804989700095,-0.4728015564202348,0.024742961776150096,-0.2855989929045535,0.028654689178236558,-0.004261484796656507,-0.281001282275922,0.07293614197372199,-0.4729593495391713,-0.007601361813030026,-0.29889665554007777
772502.068287426,PLAYBACK,1.3952735390048474,0.005273538990877569,0.02129045548180386,0.002493476768139047,-0.2809956511787579,0.07307804989700095,-0.4728015564202348,0.0220576791027689,-0.2867498283360028,0.029153116455169464,-0.004809674214289693,-0.2810014551020665,0.07291882542849272,-0.4729769430201124,-0.010496042103852398,-0.29945320294423716
772502.080116905,PLAYBACK,1.4042974520707503,0.004297452047467232,0.02167406729228638,0.0021098649576565265,-0.2809956511787579,0.07307804989700095,-0.4728015564202348,0.020139620050354523,-0.28790066376745216,0.02957204215664117,-0.005269380315737646,-0.28100161415397723,0.07290517724868004,-0.4729916154494447,-0.012894823890655667,-0.2998846578189428
772502.090867326,PLAYBACK,1.4152141730301082,0.005214172997511923,0.02167406729228638,0.0017262531471740061,-0.2809956511787579,0.07307804989700095,-0.4724179446097523,0.017454337376973328,-0.289435111009384,0.03008590131404475,-0.005832085128773848,-0.2810018267352407,0.07288948645281965,-0.47300938781412294,-0.015797072964076203,-0.30037322577870473
772502.101600936,PLAYBACK,1.4253400270827115,0.0003400270361453295,0.0220576791027689,0.0017262531471740061,-0.2809956511787579,0.07307804989700095,-0.4724179446097523,0.014385442893111389,-0.28981872281986654,0.030569264817186508,-0.006360324266246954,-0.28100204449314736,0.0728757104407897,-0.4730258048963628,-0.01848896095919579,-0.300795909437833
772502.112627045,PLAYBACK,1.4367111080791801,0.001711108023300767,0.022441290913253198,0.0013426413366897094,-0.2809956511787579,0.07307804989700095,-0.4728015564202348,0.011700160219730193,-0.2913531700617984,0.031119632993811326,-0.006960652337073436,-0.2810023136328516,0.07286110065850132,-0.4730440560853706,-0.021511571888594185,-0.30123812446065384
772502.123752475,PLAYBACK,1.4500520339934155,0.005052034044638276,0.022441290913253198,0.0009590295262071891,-0.2806120393682754,0.07346166170748347,-0.4724179446097523,0.008631265735866478,-0.29250400549324773,0.031775370710411394,-0.007674506842210237,-0.28100266397167833,0.07284507309344597,-0.4730650696018871,-0.025057333419461363,-0.301716546695384
772502.134414948,PLAYBACK,1.4595921360887587,0.004592136130668223,0.02282490272373572,0.0009590295262071891,-0.2809956511787579,0.07307804989700095,-0.4724179446097523,0.005945983062485283,-0.2932712291142128,0.03225083673613924,-0.008191258978444025,-0.28100293827346273,0.0728343184837475,-0.47307973706625706,-0.027592625955082887,-0.30203392219815917
772502.145517735,PLAYBACK,1.470596323022619,0.00559632305521518,0.02282490272373572,0.0005754177157246687,-0.2806120393682754,0.07307804989700095,-0.4724179446097523,0.0036443121995883843,-0.2940384527351778,0.03280597174977263,-0.008793789838020236,-0.28100328017763576,0.07282261505520295,-0.47309618908508727,-0.030516747125814907,-0.3023762530272934
772502.156401642,PLAYBACK,1.481622704071924,0.006622704095207155,0.02320851453421824,0.00019180590524214836,-0.2809956511787579,0.07346166170748347,-0.4724179446097523,0.0013426413366897094,-0.29480567635614463,0.033369356786449145,-0.009404479104220624,-0.28100365105157954,0.0728116125479766,-0.4731120816518406,-0.033446532894547944,-0.3026954733147622
772502.166577373,PLAYBACK,1.4909619810059667,0.0009619810152798891,0.02359212634470076,-0.00019180590524214836,-0.2809956511787579,0.07307804989700095,-0.4724179446097523,-0.0005754177157246687,-0.29518928816662715,0.033852075639265664,-0.009927160995257134,-0.28100398799874476,0.07280283856324567,-0.4731250094448905,-0.0359278882203898,-0.3029484529602995
772502.176629356,PLAYBACK,1.5022830560337752,0.0022830560337752104,0.023975738155185056,-0.00019180590524214836,-0.2809956511787579,0.07346166170748347,-0.4724179446097523,-0.002877088578621567,-0.2963401235980765,0.034443983092872374,-0.010567438229153873,-0.28100442534932935,0.07279284627796982,-0.4731399418112508,-0.03893562614239343,-0.30323514103966964
772502.187259527,PLAYBACK,1.512193989008665,0.002193988999351859,0.024359349965667576,-0.0005754177157246687,-0.2809956511787579,0.07346166170748347,-0.4724179446097523,-0.004411535820553425,-0.29710734721904153,0.03496820274978507,-0.011133983575478104,-0.2810048349629035,0.07278465507283428,-0.4731522797676821,-0.04156859905595238,-0.30346929475698287
772502.199079518,PLAYBACK,1.5234646070748568,0.0034646070562303066,0.024742961776150096,-0.0005754177157246687,-0.2809956511787579,0.07307804989700095,-0.4728015564202348,-0.006329594872967803,-0.29787457084000835,0.0355711539975718,-0.011785102624322741,-0.2810053320058298,0.07277594506197652,-0.47316539565354665,-0.04456267204978774,-0.30371776925094457
772502.209779603,PLAYBACK,1.5340633080340922,0.004063308006152511,0.025126573586632617,-0.0009590295262071891,-0.2809956511787579,0.07307804989700095,-0.4728015564202348,-0.008247653925383958,-0.29787457084000835,0.03614474584494168,-0.012404080382400456,-0.2810058306122617,0.07276831744453258,-0.47317676681949344,-0.047378151008660455,-0.30393527980949037
772502.219092039,PLAYBACK,1.5447696649935097,0.004769664956256747,0.025893797207599434,-0.0013426413366897094,-0.2809956511787579,0.07307804989700095,-0.4728015564202348,-0.010549324788280856,-0.2986417944609734,0.03673062367404568,-0.013035950535543678,-0.28100636588007816,0.07276114282845472,-0.47318723334763185,-0.05022214793941407,-0.3041401739045622
772502.231539753,PLAYBACK,1.5585530790267512,0.008553078980185091,0.026661020828564475,-0.0017262531471740061,-0.2806120393682754,0.07346166170748347,-0.4728015564202348,-0.013234607461662051,-0.2990254062714577,0.03749442194031811,-0.013859268650662846,-0.2810071032180561,0.07275265467649296,-0.47319908716508857,-0.053883425423226834,-0.3043835984208875
772502.241748105,PLAYBACK,1.5671697810757905,0.002169781131669879,0.026661020828564475,-0.0021098649576565265,-0.2809956511787579,0.07346166170748347,-0.4728015564202348,-0.01515266651407643,-0.2997926298924227,0.037977357082916,-0.014379641823759623,-0.2810075925643611,0.07274775717009253,-0.47320551314730025,-0.05617222735219008,-0.30452493392507046
772502.25206714,PLAYBACK,1.5769408460473642,0.001940846093930304,0.02742824444953129,-0.002493476768139047,-0.2809956511787579,0.07346166170748347,-0.4728015564202348,-0.017070725566490808,-0.2997926298924227,0.0385300596086356,-0.014975060478308181,-0.2810081746705775,0.07274256733997322,-0.4732118336360921,-0.05876762066606075,-0.3046757906180399
772502.262889449,PLAYBACK,1.587045849999413,0.0020458500366657972,0.027811856260013812,-0.002877088578621567,-0.2809956511787579,0.07307804989700095,-0.4728015564202348,-0.018988784618905186,-0.30055985351338954,0.03910732319135093,-0.015596844418277377,-0.28100880786889376,0.07273759063137893,-0.47321724242418217,-0.061451682588339517,-0.304821912356337
772502.272492512,PLAYBACK,1.5967791430884972,0.0017791431164368987,0.028579079880978853,-0.002877088578621567,-0.2809956511787579,0.07307804989700095,-0.4728015564202348,-0.02129045548180386,-0.30055985351338954,0.03966881411846868,-0.016201601898080783,-0.281009448583503,0.072733156628567,-0.4732213226326312,-0.06403698666604854,-0.3049537493286608
772502.284480716,PLAYBACK,1.610764523036778,0.005764523055404425,0.02972991531242819,-0.0036443121995883843,-0.2809956511787579,0.07307804989700095,-0.4728015564202348,-0.024742961776150096,-0.30094346532387206,0.04048500917239822,-0.017080733222710507,-0.28101042379553964,0.07272737328175913,-0.47322515996757025,-0.06775167416768321,-0.3051289832410024
772502.295762024,PLAYBACK,1.620752052986063,0.005752052995376289,0.03011352712291071,-0.004027924010070905,-0.2806120393682754,0.07307804989700095,-0.4728015564202348,-0.027811856260013812,-0.3017106889448371,0.04107470781638229,-0.0177160142404641,-0.2810111608954011,0.07272364623780628,-0.47322638081556506,-0.07040446708159723,-0.3052446304897847
772502.307218469,PLAYBACK,1.6319637780543417,0.001963778049685061,0.030880750743877527,-0.004411535820553425,-0.2806120393682754,0.07307804989700095,-0.4728015564202348,-0.03126436255436005,-0.3020943007553214,0.04174349412536271,-0.018436692830505582,-0.28101203007105674,0.07271984116867836,-0.47322618679969325,-0.07338240851013639,-0.3053657651532737
772502.318985298,PLAYBACK,1.643334919004701,0.0033349189907312393,0.03164797436484257,-0.004795147631037722,-0.2809956511787579,0.07307804989700095,-0.4728015564202348,-0.034716868848706284,-0.3024779125658039,0.04242918830917873,-0.019175894150421025,-0.2810129581240354,0.07271637047175476,-0.47322424767373394,-0.0764026864580256,-0.30547993220720004
772502.33115555,PLAYBACK,1.6547290950547904,0.004729095031507313,0.032798809796291906,-0.005562371252002762,-0.2806120393682754,0.07307804989700095,-0.4728015564202348,-0.03740215152208748,-0.30286152437628644,0.04312379988841865,-0.01992511476621555,-0.28101393663732394,0.0727132637357504,-0.4732204940807405,-0.0794290824084288,-0.30558624893717246
772502.340098779,PLAYBACK,1.6687477690866217,0.0037477690493687987,0.03394964522774124,-0.006329594872967803,-0.2806120393682754,0.07307804989700095,-0.4728015564202348,-0.041238269626916235,-0.30286152437628644,0.043988840436826146,-0.02085887873211414,-0.28101520976228117,0.07270991983778291,-0.4732133215871397,-0.08315257585823145,-0.30570693423694767
772502.344693103,PLAYBACK,1.6700985780917108,9.857804980129004e-05,0.03394964522774124,-0.006329594872967803,-0.2806120393682754,0.07307804989700095,-0.4728015564202348,-0.04162188143740053,-0.30286152437628644,0.044072806410667985,-0.020949563939389407,-0.2810153365830737,0.07270962421368804,-0.4732124790058497,-0.08351136431624605,-0.30571801320915104
772502.354503603,PLAYBACK,1.682907063048333,0.007907063001766801,0.035100480659188804,-0.00709681849393462,-0.2809956511787579,0.07346166170748347,-0.4724179446097523,-0.04353994048981491,-0.30286152437628644,0.04487437516557089,-0.021815769141733984,-0.2810165763921327,0.07270704163198675,-0.4732031454269526,-0.08691343554606182,-0.30581861036194513
772502.359741531,PLAYBACK,1.6851778340060264,0.00017783395014703274,0.035100480659188804,-0.00709681849393462,-0.2809956511787579,0.07307804989700095,-0.4724179446097523,-0.04507438773174677,-0.30286152437628644,0.04501750668362171,-0.021970542967604072,-0.2810168033555694,0.0727066241458278,-0.47320123485474874,-0.0875165786603826,-0.30583564107837496
772502.370667188,PLAYBACK,1.695801042020321,0.005801042076200247,0.03586770428015562,-0.0074804303044171405,-0.2809956511787579,0.07307804989700095,-0.4724179446097523,-0.046608834973678626,-0.30324513618676896,0.04569124305349691,-0.022699534050394807,-0.28101789459017656,0.07270482467885027,-0.47319126179182625,-0.09033823559097205,-0.3059123258312806
772502.381854286,PLAYBACK,1.706444418989122,0.0014444190310314298,0.03663492790112066,-0.008247653925383958,-0.2809956511787579,0.07307804989700095,-0.4728015564202348,-0.04967772945754234,-0.3036287479972515,0.046373146761997996,-0.023438192398478483,-0.28101903781635784,0.07270326395065102,-0.47317954550224184,-0.09316526824988285,-0.305984546399887
772502.393865243,PLAYBACK,1.717999201035127,0.002999201067723334,0.03740215152208748,-0.008631265735866478,-0.2809956511787579,0.07307804989700095,-0.4728015564202348,-0.05197940032043924,-0.3036287479972515,0.04712134753706886,-0.024249740788177158,-0.28102033759599293,0.07270182572031823,-0.4731648552392384,-0.09623440820666508,-0.30605822902915186
772502.404410432,PLAYBACK,1.7288599140010774,0.003859914024360478,0.03816937514305252,-0.009398489356831519,-0.2809956511787579,0.07307804989700095,-0.4728015564202348,-0.0535138475623711,-0.3040123598077358,0.04783221146852117,-0.025021948690806987,-0.28102161709353446,0.07270069983006816,-0.47314916804928153,-0.09911921969486508,-0.3061234611299112
772502.416069444,PLAYBACK,1.740471707074903,0.00547170708887279,0.03932021057450186,-0.009782101167315815,-0.2809956511787579,0.07307804989700095,-0.4728015564202348,-0.055815518425267996,-0.3040123598077358,0.048600511535566965,-0.025857952725497308,-0.28102304950817814,0.07269971964231803,-0.47313038077970254,-0.10220356648156731,-0.3061893715257202
772502.427081076,PLAYBACK,1.7511784440139309,0.0011784440139308572,0.03970382238498438,-0.010932936598763376,-0.2809956511787579,0.07307804989700095,-0.4724179446097523,-0.05773357747768415,-0.3040123598077358,0.049316625542185945,-0.026638613415323115,-0.28102443164374724,0.07269900422336853,-0.4731112207376483,-0.1050475459689337,-0.3062470435930286
772502.437552293,PLAYBACK,1.7618886990239844,0.0018886990146711469,0.040471046005951195,-0.011316548409247673,-0.2806120393682754,0.07307804989700095,-0.4728015564202348,-0.06041886015106357,-0.3043959716182183,0.05004048583916059,-0.0274292631381931,-0.28102587554688424,0.07269845401393596,-0.4730903084146711,-0.10789249799737902,-0.3063021294697539
772502.448303215,PLAYBACK,1.7740710449870676,0.004071044968441129,0.041238269626916235,-0.012467383840695234,-0.2809956511787579,0.07307804989700095,-0.4728015564202348,-0.06272053101396224,-0.3040123598077358,0.05087313249043519,-0.028340831333548214,-0.2810275956343494,0.07269801063863059,-0.4730644343810872,-0.11112853118088005,-0.30636205493028956
772502.459454595,PLAYBACK,1.7846152510028332,0.00461525097489357,0.04200549324788305,-0.013234607461662051,-0.2809956511787579,0.07307804989700095,-0.4728015564202348,-0.06502220187685914,-0.3043959716182183,0.05160194857173827,-0.029140726608358522,-0.2810291541122064,0.07269776795912977,-0.47304028935837644,-0.1139294692339361,-0.3064119271602361
772502.471665555,PLAYBACK,1.7955514080822468,0.005551408044993877,0.04277271686884809,-0.014001831082627092,-0.2809956511787579,0.07307804989700095,-0.4724179446097523,-0.06770748455024034,-0.3043959716182183,0.0523659860611147,-0.02998145205025589,-0.2810308419012366,0.07269763935266041,-0.473013588609376,-0.11683457716644095,-0.30646202430993624
772502.482221825,PLAYBACK,1.8076222999952734,0.00262229994405061,0.04353994048981491,-0.01515266651407643,-0.2809956511787579,0.07307804989700095,-0.4728015564202348,-0.07115999084458657,-0.3043959716182183,0.053219106920764606,-0.030923048913700506,-0.281032793075312,0.07269762539957099,-0.4729822453541392,-0.1200411877377703,-0.30651575288040867
772502.49299508,PLAYBACK,1.8184829630190507,0.0034829630749300122,0.04430716411077995,-0.01591989013504147,-0.2806120393682754,0.07307804989700095,-0.4728015564202348,-0.07499610894941533,-0.3043959716182183,0.05399567675510997,-0.03178298024219395,-0.2810346315372545,0.0726977121483285,-0.4729524663793864,-0.12292637112227289,-0.3065629904086674
772502.503871683,PLAYBACK,1.8295972610358149,0.00459726108238101,0.04507438773174677,-0.017454337376973328,-0.2806120393682754,0.07307804989700095,-0.4728015564202348,-0.07844861524376334,-0.3043959716182183,0.054799388279279826,-0.03267603022578961,-0.28103659822946414,0.07269788347434814,-0.4729205671827972,-0.12587900704578017,-0.30661051861739763
772502.515505979,PLAYBACK,1.8397810570895672,0.004781057126820087,0.04584161135271181,-0.018221560997940145,-0.2809956511787579,0.07307804989700095,-0.4728015564202348,-0.08075028610666024,-0.3047795834287008,0.055543984434500704,-0.03350638344296226,-0.28103847960874867,0.0726981017378395,-0.47289019888716183,-0.12858451610352137,-0.30665354953298496
772502.525975231,PLAYBACK,1.8503905680263415,0.005390568054281175,0.04622522316319433,-0.019372396429389482,-0.2809956511787579,0.07307804989700095,-0.4724179446097523,-0.08381918059052396,-0.3047795834287008,0.056328204522989415,-0.03438426326601773,-0.28104052422724357,0.07269837979038338,-0.4728575537929369,-0.13140320353555734,-0.3066980321166958
772502.537433509,PLAYBACK,1.8620581780560315,0.002058178070001304,0.046992446784161146,-0.020523231860837043,-0.2809956511787579,0.07307804989700095,-0.4728015564202348,-0.08688807507438767,-0.30516319523918334,0.057200881398479966,-0.035365492938473936,-0.28104287744685325,0.07269873193061197,-0.47282068314890985,-0.13450310547584124,-0.3067467240950084
772502.547884357,PLAYBACK,1.872873924090527,0.002873924095183611,0.04775967040512619,-0.02167406729228638,-0.2806120393682754,0.07307804989700095,-0.4724179446097523,-0.08957335774776887,-0.30516319523918334,0.05801966350531178,-0.03629058421660976,-0.2810451619577802,0.07269908961963376,-0.4727858404954753,-0.13737678779041293,-0.30679178977513755
772502.560391775,PLAYBACK,1.8860592220444232,0.00605922203976661,0.048526894026093004,-0.02359212634470076,-0.2809956511787579,0.07307804989700095,-0.4728015564202348,-0.09225864042114829,-0.30516319523918334,0.059030955731168296,-0.03743962678733384,-0.281048088984396,0.07269955023674146,-0.4727429016255534,-0.14088020342382304,-0.30684678394728804
772502.569885969,PLAYBACK,1.894795143045485,0.004795143031515181,0.048526894026093004,-0.024359349965667576,-0.2809956511787579,0.07307804989700095,-0.4728015564202348,-0.09417669947356266,-0.30516319523918334,0.059709136851839074,-0.03821446944929766,-0.2810501189367079,0.0726998617789525,-0.47271443050982964,-0.14320149780734273,-0.3068833089800746
772502.580640038,PLAYBACK,1.9000602130545303,6.0213031247258186e-05,0.048910505836575524,-0.025126573586632617,-0.2809956511787579,0.07307804989700095,-0.4724179446097523,-0.09456031128404696,-0.30516319523918334,0.06012107695793993,-0.0386869042417662,-0.2810513788793474,0.07270004939133523,-0.47269735579644506,-0.14460056812036814,-0.30690536645361666
772502.592477382,PLAYBACK,1.9100004720967263,4.7206413000822067e-07,0.049294117647058044,-0.026277409018081954,-0.2809956511787579,0.07307804989700095,-0.4728015564202348,-0.09686198214694386,-0.30516319523918334,0.060905508186507494,-0.03959045023070726,-0.28105383557070995,0.07270039879625115,-0.47266548129267755,-0.14724206115740537,-0.3069471048123037
772502.60371098,PLAYBACK,1.9284628820605576,0.003462882013991475,0.05006134126802486,-0.028195468070496332,-0.2809956511787579,0.07307804989700095,-0.4724179446097523,-0.10146532387273943,-0.30516319523918334,0.062386393091598824,-0.04131127512092488,-0.2810586854223594,0.07270101032676224,-0.4726085824832701,-0.15214859445659737,-0.307024894781083
772502.616084522,PLAYBACK,1.9411028440808877,0.00610284402500838,0.0512121766994742,-0.03011352712291071,-0.2809956511787579,0.07307804989700095,-0.4728015564202348,-0.10376699473563633,-0.30554680704966763,0.06341885539263754,-0.042523751970722924,-0.28106223734906055,0.07270138306990409,-0.47257245488487776,-0.1555081069043379,-0.3070782123018954
772502.626569644,PLAYBACK,1.9511355300201103,0.0011355300666764379,0.05159578850995672,-0.03164797436484257,-0.2809956511787579,0.07307804989700095,-0.4728015564202348,-0.106068665598535,-0.30554680704966763,0.06424952305095119,-0.04350753573145955,-0.28106520112226885,0.07270164271479347,-0.47254615775097536,-0.15817487542172917,-0.30712042691239977
772502.637996512,PLAYBACK,1.9625568670453504,0.0025568670826032758,0.05197940032043924,-0.032798809796291906,-0.2809956511787579,0.07307804989700095,-0.4728015564202348,-0.10798672465094938,-0.30593041886015016,0.06520759993890016,-0.04465208237042969,-0.2810687412314332,0.07270189137037622,-0.4725195564666885,-0.1612110434149594,-0.3071681892286935
772502.648676789,PLAYBACK,1.9735049380687997,0.0035049380967393517,0.05313023575188858,-0.03433325703822376,-0.2806120393682754,0.07307804989700095,-0.4728015564202348,-0.11067200732433058,-0.30593041886015016,0.06613880943782752,-0.045775393528425926,-0.28107231155528845,0.07270207587987872,-0.4724982313686567,-0.164121726803269,-0.3072134532032873
772502.65995403,PLAYBACK,1.9847838620189577,0.004783862037584186,0.0535138475623711,-0.0354840924696731,-0.2806120393682754,0.07346166170748347,-0.4728015564202348,-0.11335728999771,-0.30593041886015016,0.06711175774857328,-0.046961351975449483,-0.2810761835594345,0.0727022041049289,-0.47248155231386596,-0.16712075493087503,-0.30725925853716485
772502.671258914,PLAYBACK,1.9975726089905947,0.00757260899990797,0.055048294804302955,-0.03701853971160496,-0.2806120393682754,0.07346166170748347,-0.4724179446097523,-0.11719340810254053,-0.3063140306706327,0.06823227731548032,-0.04834399439416903,-0.28108082974185283,0.07270226585165063,-0.47247063317119975,-0.17052178639480503,-0.3073097197356232
772502.682311635,PLAYBACK,2.006462405086495,0.0014624050818383694,0.055431906614785476,-0.03816937514305252,-0.2809956511787579,0.07346166170748347,-0.4728015564202348,-0.12026230258640425,-0.3063140306706327,0.06902243310270298,-0.049330615239747674,-0.28108423128653065,0.07270225242687751,-0.4724690569440791,-0.17288632543525256,-0.3073435500145213
772502.692465573,PLAYBACK,2.0168450720375404,0.0018450720235705376,0.05619913023575229,-0.03932021057450186,-0.2809956511787579,0.07346166170748347,-0.4724179446097523,-0.12333119707026796,-0.3066976424811152,0.06995739841747498,-0.05051138282369847,-0.28108839548861,0.07270217483702679,-0.4724746277420767,-0.1756484004321265,-0.3073813857974081
772502.702975635,PLAYBACK,2.026811151066795,0.0018111510435119271,0.057349965667199854,-0.040471046005951195,-0.2809956511787579,0.07346166170748347,-0.4724179446097523,-0.12563286793316486,-0.3066976424811152,0.0708675523896819,-0.05167563973049304,-0.28109259982582424,0.07270203507387173,-0.47248871963106653,-0.17830014098257868,-0.3074155988062532
772502.713162967,PLAYBACK,2.037297034985386,0.002297034952789545,0.05811718928816667,-0.041238269626916235,-0.2809956511787579,0.07346166170748347,-0.4724179446097523,-0.1290853742275111,-0.3066976424811152,0.07183908433992162,-0.052935721490957426,-0.28109725863361285,0.07270181686773512,-0.472514357352703,-0.18109066177705008,-0.3074488553125551
772502.724539698,PLAYBACK,2.0515242790570483,0.006524279015138745,0.05965163653009853,-0.04200549324788305,-0.2809956511787579,0.07346166170748347,-0.4724179446097523,-0.1321542687113748,-0.3066976424811152,0.07318083985288867,-0.05470784875930639,-0.281103997477057,0.07270140200971786,-0.47257020548328005,-0.18487709487666934,-0.30748839305650283
772502.735846877,PLAYBACK,2.0605085260467604,0.005508525995537639,0.06003524834058105,-0.04238910505836557,-0.2809956511787579,0.07346166170748347,-0.4724179446097523,-0.1344559395742735,-0.3066976424811152,0.07404240631311612,-0.0558668673033711,-0.2811085202712203,0.07270106952488713,-0.4726201763376094,-0.18726747063390156,-0.30750933596035807
772502.746386234,PLAYBACK,2.0716687330277637,0.0016687330789864063,0.061186083772030386,-0.04315632867933239,-0.2809956511787579,0.07307804989700095,-0.4724179446097523,-0.13675761043717038,-0.3066976424811152,0.07512794000717832,-0.05735270304666996,-0.28111444812973146,0.07270058212415509,-0.4727008807471257,-0.19023397502666056,-0.307530135648808
772502.756927294,PLAYBACK,2.0818370589986444,0.0018370590405538678,0.062336919203479724,-0.04353994048981491,-0.2809956511787579,0.07307804989700095,-0.4724179446097523,-0.13944289311055158,-0.3066976424811152,0.07613109660687323,-0.05875306257543672,-0.28112016445415655,0.07270006946738465,-0.47279503822820107,-0.1929308217417622,-0.30754324192096255
772502.76830608,PLAYBACK,2.093115141033195,0.0031151410657912493,0.06310414282444476,-0.04392355230029743,-0.2809956511787579,0.07307804989700095,-0.4724179446097523,-0.14136095216296596,-0.3070812542915995,0.07725776437067576,-0.060359765586475725,-0.2811268720873866,0.07269943070317468,-0.4729259329256418,-0.19590913170447907,-0.30755024485798876
772502.779695466,PLAYBACK,2.1049388400278986,0.004938840051181614,0.06502220187685914,-0.04430716411077995,-0.2809956511787579,0.07307804989700095,-0.4724179446097523,-0.14366262302586286,-0.3070812542915995,0.07845158760620724,-0.062104935335044555,-0.28113433005550253,0.07269869254726288,-0.4730972613851545,-0.19900714227363558,-0.30754793769841116
772502.790342298,PLAYBACK,2.115067800041288,0.005067800055257976,0.06540581368734166,-0.04507438773174677,-0.2809956511787579,0.07307804989700095,-0.4724179446097523,-0.14634790569924405,-0.3070812542915995,0.0794811714807034,-0.0636485372105751,-0.2811410681780013,0.07269801586844003,-0.47327531692549507,-0.20163170796656193,-0.307537285897032
772502.801547712,PLAYBACK,2.1265879169804975,0.006587916985154152,0.06617303730830848,-0.04545799954222929,-0.2809956511787579,0.07307804989700095,-0.4724179446097523,-0.14941680018310777,-0.3066976424811152,0.08065552188586313,-0.06545684687872737,-0.281149120043714,0.07269721195682095,-0.4735169340762713,-0.20457263999407294,-0.3075147480101514
772502.813343707,PLAYBACK,2.1372638860484585,0.002263886039145291,0.06732387273975782,-0.04584161135271181,-0.2809956511787579,0.07307804989700095,-0.4728015564202348,-0.15210208285648896,-0.3066976424811152,0.08174309649185031,-0.06718103482388066,-0.2811569446719618,0.0726964497608988,-0.47378171570202576,-0.20724704077673103,-0.3074836296698077
772502.824561073,PLAYBACK,2.149355698027648,0.00435569800902158,0.06847470817120538,-0.046608834973678626,-0.2809956511787579,0.07307804989700095,-0.4724179446097523,-0.15517097734035268,-0.3066976424811152,0.08296980938859307,-0.06918861408140309,-0.28116621966668476,0.07269558543023537,-0.47413374800727,-0.21020808286572537,-0.3074365843773039
772502.835816072,PLAYBACK,2.1622008529957384,0.00720085296779871,0.07039276722362153,-0.047376058594643666,-0.2809956511787579,0.07307804989700095,-0.4728015564202348,-0.15862348363469891,-0.3070812542915995,0.08426276583554522,-0.07138418704610919,-0.2811765414480856,0.0726946866929067,-0.47457414092348904,-0.21326732835917853,-0.30737377626094364
772502.847520281,PLAYBACK,2.1716638680081815,0.001663867966271937,0.07077637903410405,-0.04814328221561048,-0.2809956511787579,0.07269443808651843,-0.4728015564202348,-0.16130876630807833,-0.3070812542915995,0.08520626659738768,-0.0730430442708655,-0.2811844457972512,0.07269404787079,-0.47494607726985133,-0.21546139335021733,-0.3073202296895143
772502.858350014,PLAYBACK,2.183621442061849,0.003621442010626197,0.07192721446555339,-0.049294117647058044,-0.2809956511787579,0.07307804989700095,-0.4728015564202348,-0.16552849622339139,-0.3070812542915995,0.08638494814969638,-0.07518921180985767,-0.28119478234271306,0.07269327624063773,-0.4754780834225582,-0.2181594211737254,-0.30724613221816877
772502.868910342,PLAYBACK,2.1936800380935892,0.0036800381494686007,0.07307804989700095,-0.05044495307850738,-0.2806120393682754,0.07307804989700095,-0.4728015564202348,-0.16821377889677258,-0.3070812542915995,0.08736262777258497,-0.07703707963281546,-0.28120375925152546,0.07269265829699147,-0.47598243586217454,-0.22036367343781715,-0.3071810375335856
772502.87961729,PLAYBACK,2.20465215400327,0.004652154049836099,0.07422888532845029,-0.05197940032043924,-0.2806120393682754,0.07307804989700095,-0.4728015564202348,-0.17166628519111882,-0.3066976424811152,0.08841221623220848,-0.07909529250240584,-0.2812138144015054,0.07269201054690674,-0.47659479429488255,-0.2226994374703043,-0.3071112659691886
772502.891582058,PLAYBACK,2.2181794870411977,0.00817948707845062,0.07576333257038215,-0.05428107118333614,-0.2806120393682754,0.07307804989700095,-0.4728015564202348,-0.17550240329594757,-0.3066976424811152,0.08967786848128885,-0.08168892053403726,-0.2812265237464463,0.07269122906823534,-0.47744226548871394,-0.225480121602509,-0.307035056629677
772502.902815716,PLAYBACK,2.2273102949839085,0.0023102950071915984,0.07653055619134719,-0.055048294804302955,-0.2809956511787579,0.07307804989700095,-0.4731851682307173,-0.17818768596932877,-0.3066976424811152,0.0905117543802066,-0.08347000154318336,-0.28123524604625516,0.07269069309774574,-0.47807293797246136,-0.2272952831872332,-0.30699566533644984
772502.91388074,PLAYBACK,2.238191988086328,0.003191988100297749,0.077297779812314,-0.05696635385671733,-0.2806120393682754,0.07307804989700095,-0.4731851682307173,-0.18125658045319248,-0.3066976424811152,0.09148103972549548,-0.08561786158268651,-0.28124572493576894,0.07269001870818634,-0.4788857830039868,-0.22939385695876577,-0.30696861846325224
772502.923733702,PLAYBACK,2.248257667059079,0.0032576670637354255,0.07844861524376334,-0.05888441290913171,-0.2809956511787579,0.07307804989700095,-0.47356878004119984,-0.18355825131608938,-0.3066976424811152,0.0923512350764841,-0.0876214971323487,-0.28125543063773606,0.07268933258454777,-0.4796950911550101,-0.23127302273015862,-0.30696975887392575
772502.935346105,PLAYBACK,2.2596476750914007,0.00464767508674413,0.0795994506752109,-0.060802471961547866,-0.2809956511787579,0.07307804989700095,-0.47395239185168414,-0.18509269855802124,-0.3066976424811152,0.09330207530331915,-0.08989689859842183,-0.2812663326423206,0.07268844593060984,-0.48067320186288426,-0.23332854592064803,-0.3070102868859391
772502.945112451,PLAYBACK,2.270997324027121,0.005997324013151228,0.08036667429617772,-0.06272053101396224,-0.2809956511787579,0.07307804989700095,-0.47433600366216666,-0.18739436942091992,-0.3066976424811152,0.09421070458198223,-0.09215907834793836,-0.28127700329913974,0.07268740434399323,-0.4817070571313208,-0.23530348689189107,-0.3071014489600973
772502.955538811,PLAYBACK,2.275081590982154,8.159095887094736e-05,0.08075028610666024,-0.0642549782558941,-0.2809956511787579,0.07307804989700095,-0.47433600366216666,-0.18816159304188496,-0.3066976424811152,0.0945276890739443,-0.09296900731040841,-0.2812807748803224,0.07268698295564995,-0.48209194026417357,-0.2359967003920838,-0.3071483884862959
772502.966565532,PLAYBACK,2.291502740001306,0.006502739968709648,0.0822847333485921,-0.06694026092927352,-0.2809956511787579,0.07307804989700095,-0.4751032272831317,-0.19123048752574867,-0.3066976424811152,0.09574676442290707,-0.09618562416883986,-0.28129545055824307,0.07268499605558654,-0.48369627696149303,-0.2386940934035927,-0.30742191234326555
772502.97862878,PLAYBACK,2.303304275032133,0.0033042749855667353,0.08343556878004144,-0.0692419317921722,-0.2809956511787579,0.07307804989700095,-0.475486839093616,-0.19314854657816305,-0.3066976424811152,0.09656756547352463,-0.09844237737914187,-0.28130541234098605,0.07268324406340203,-0.484893396219726,-0.24054877386531168,-0.30770952502022353
772502.988577365,PLAYBACK,2.313960967003368,0.003960966947488487,0.08420279240100648,-0.0715436026550691,-0.2809956511787579,0.07307804989700095,-0.4758704509040985,-0.19545021744106172,-0.3066976424811152,0.09726981699543577,-0.10042998777562281,-0.2813139216930064,0.07268140841996515,-0.4859961325719575,-0.24216848036648303,-0.3080389149908369
772503.000416222,PLAYBACK,2.3251749370247126,0.005174937075935304,0.08535362783245581,-0.07384527351796777,-0.2809956511787579,0.07307804989700095,-0.47663767452506356,-0.19775188830395862,-0.3066976424811152,0.09797082443016888,-0.10246390870065887,-0.28132234485255425,0.07267920752823497,-0.48717126568866004,-0.2438219450475883,-0.3084589304376238
772503.01168698,PLAYBACK,2.336012816056609,0.00601281609851867,0.08612085145342085,-0.07614694438086467,-0.2809956511787579,0.07307804989700095,-0.4774048981460304,-0.199669947356373,-0.3066976424811152,0.09861388599547263,-0.10437039553494865,-0.28132995566812685,0.07267681555876261,-0.4883156440825456,-0.24537592344812514,-0.30893713682422264
772503.021976058,PLAYBACK,2.347800504998304,0.002800505026243627,0.08727168688487019,-0.07844861524376334,-0.2809956511787579,0.07307804989700095,-0.4781721217669954,-0.20273884184023672,-0.3070812542915995,0.09927836340977349,-0.1063770440892909,-0.2813376456279516,0.07267392099167785,-0.4895651370442897,-0.24702355516305527,-0.30953791188417284
772503.032932063,PLAYBACK,2.3578719060169533,0.002871906035579741,0.08803891050583701,-0.08075028610666024,-0.2809956511787579,0.07307804989700095,-0.47893934538796223,-0.2054241245136179,-0.307464866102082,0.09982021624299536,-0.10803722693496753,-0.2813437433385666,0.07267121120955655,-0.49063407123793995,-0.24840129021298374,-0.31011741687426336
772503.044577199,PLAYBACK,2.36882183898706,0.003821838996373117,0.08918974593728457,-0.08305195696955714,-0.2809956511787579,0.07346166170748347,-0.4797065690089273,-0.20887663080796415,-0.3070812542915995,0.10038538854603447,-0.10978756241344846,-0.28134989872853755,0.07266802519905567,-0.4917960091814175,-0.24987281205159242,-0.31081613045531375
772503.055840914,PLAYBACK,2.382557812030427,0.007557812030427158,0.09072419317921643,-0.08650446326390515,-0.2809956511787579,0.07307804989700095,-0.4804737926298941,-0.21271274891279468,-0.307464866102082,0.10106370154549982,-0.11190703366240705,-0.28135695861302523,0.0726636895229959,-0.4932519770084613,-0.2516867180232924,-0.31179286245493065
772503.065749903,PLAYBACK,2.3902516460511833,0.0002516460372135043,0.09110780498970072,-0.08765529869535271,-0.2809956511787579,0.07307804989700095,-0.48162462806134165,-0.2153980315861741,-0.307464866102082,0.10143067457502512,-0.11305928232159439,-0.2813606090564459,0.07266110338254227,-0.4940665545505147,-0.25268983437504644,-0.31238832665777033
772503.076111099,PLAYBACK,2.4012129220645875,0.0012129220413044095,0.09187502861066577,-0.08995696955825139,-0.2806120393682754,0.07307804989700095,-0.482775463492791,-0.2180833142595553,-0.307464866102082,0.10193960299847461,-0.11466024912984638,-0.2813654550193108,0.0726572332181639,-0.4952260595034711,-0.25410571219040035,-0.3132962887977549
772503.087090139,PLAYBACK,2.4115526060340926,0.001552606001496315,0.0926422522316308,-0.09187502861066577,-0.2809956511787579,0.07307804989700095,-0.4831590753032735,-0.2207685969329365,-0.30784847791256453,0.10240660305732784,-0.11612916367602873,-0.28136966507090905,0.07265339260971089,-0.49631911524704103,-0.25542913795121286,-0.31421667985316976
772503.09765254,PLAYBACK,2.4224852269981056,0.0024852269561961293,0.09340947585259762,-0.09379308766308014,-0.2809956511787579,0.07307804989700095,-0.48430991073472285,-0.22268665598535087,-0.30823208972304705,0.10288858143786317,-0.11764148410311129,-0.2813737590764579,0.07264914385537125,-0.4974747514713569,-0.25681752875591196,-0.31525707698070754
772503.108799631,PLAYBACK,2.434833610081114,0.004833610029891133,0.09417669947356266,-0.09609475852597882,-0.2809956511787579,0.07307804989700095,-0.48507713435568967,-0.22537193865873206,-0.30861570153353135,0.10342065815599323,-0.11930240436827261,-0.28137797059832254,0.07264412977150236,-0.49878088983145036,-0.25837395258897766,-0.3165150561540041
772503.119135328,PLAYBACK,2.4445612319977954,0.0045612320536747575,0.09494392309452948,-0.0980128175783932,-0.2809956511787579,0.07307804989700095,-0.4862279697871372,-0.22728999771114644,-0.3097665369649789,0.10383208052547654,-0.12057766437952278,-0.2813810003072418,0.0726400321902672,-0.499811228170884,-0.2595921036518507,-0.3175678094628377
772503.130878923,PLAYBACK,2.455460487981327,0.005460488027893007,0.09571114671549452,-0.09993087663080757,-0.2809956511787579,0.07307804989700095,-0.48699519340810404,-0.22920805676356082,-0.3101501487754632,0.10428632213133232,-0.12197380613186062,-0.2813841133533237,0.07263530042735682,-0.5009679741779391,-0.2609491468795968,-0.31881193014389736
772503.141349889,PLAYBACK,2.46603861998301,0.0010386200156062841,0.09647837033646134,-0.10184893568322195,-0.2809956511787579,0.07307804989700095,-0.4885296406500359,-0.2311261158159752,-0.31053376058594573,0.10472152193981712,-0.12329744672874397,-0.28138686801024304,0.07263057946335029,-0.5020937744868983,-0.26225845831910927,-0.3200845947402178
772503.164763517,PLAYBACK,2.4831248730188236,0.008124873042106628,0.09762920576791068,-0.10530144197756819,-0.2809956511787579,0.07307804989700095,-0.4904476997024503,-0.2338113984893564,-0.31168459601739507,0.10541528115395728,-0.12537400360085396,-0.2813908055367629,0.07262272151039088,-0.5039207709167849,-0.26435688469384916,-0.32227584153799643
772503.176145609,PLAYBACK,2.495099449995905,9.945000056177378e-05,0.09839642938887572,-0.10568505378805249,-0.2809956511787579,0.07269443808651843,-0.4915985351338996,-0.2361130693522533,-0.3124518196383601,0.10589642046896847,-0.12678659469361064,-0.28139321847119886,0.0726170700242712,-0.5052089841943376,-0.26581473895412144,-0.3239113406850613
772503.18775647,PLAYBACK,2.512481961050071,0.0024819610407575965,0.09916365300984253,-0.10798672465094938,-0.2809956511787579,0.07269443808651843,-0.493516594186314,-0.23841474021515197,-0.31398626688029196,0.10658992880439958,-0.12877817830045038,-0.28139626108303667,0.07260870054086019,-0.5070928974618202,-0.2679103447481121,-0.3264318404726974
772503.198246021,PLAYBACK,2.5224392430391163,0.002439243020489812,0.09954726482032505,-0.10952117189288124,-0.2809956511787579,0.07307804989700095,-0.49466742961776333,-0.24033279926756634,-0.3143698786907745,0.10698554607052804,-0.1298890032197606,-0.28139777884935063,0.07260383861016166,-0.5081805724635914,-0.26909867031214024,-0.3279537790772753
772503.209490339,PLAYBACK,2.5339932440547273,0.003993244026787579,0.09993087663080757,-0.11067200732433058,-0.2809956511787579,0.07269443808651843,-0.4962018768596952,-0.24225085831998072,-0.31590432593270634,0.10744387525967976,-0.13115168061947302,-0.28139935167936553,0.07259815401554223,-0.509451373391807,-0.2704653585502303,-0.3297911120564462
772503.220236823,PLAYBACK,2.545855225995183,0.005855225957930088,0.1003144884412901,-0.11182284275577814,-0.2809956511787579,0.07307804989700095,-0.49696910048066023,-0.2445525291828794,-0.31667154955367316,0.10791426278168613,-0.13241960491026086,-0.28140077156265264,0.07259228767467019,-0.5107666568720607,-0.2718536475033343,-0.33175717509895
772503.231036278,PLAYBACK,2.5554463859880343,0.005446385941468179,0.10069810025177439,-0.11259006637674496,-0.2809956511787579,0.07307804989700095,-0.49811993591210957,-0.24723781185625882,-0.3174387731746382,0.10829491426316785,-0.13342438450461824,-0.28140178616090417,0.07258753500251404,-0.5118386286035053,-0.272964249628696,-0.33340596143874757
772503.241475493,PLAYBACK,2.565423605032265,0.0004236050881445408,0.10108171206225691,-0.1137409018081943,-0.2809956511787579,0.07269443808651843,-0.4996543831540414,-0.2495394827191575,-0.31897322041657006,0.10869153517289289,-0.1344507482493809,-0.28140272435298785,0.07258259383861317,-0.5129623461339352,-0.27410737191969137,-0.3351772089679631
772503.252852085,PLAYBACK,2.5778362420387566,0.0028362420853227377,0.10146532387273943,-0.11489173723964186,-0.2809956511787579,0.07307804989700095,-0.5004216067750065,-0.25337560082398625,-0.32089127946898444,0.10918634707035534,-0.13570147101578783,-0.28140373765689447,0.07257646738250302,-0.5143733738797263,-0.2755108823219857,-0.3374606870151319
772503.264829528,PLAYBACK,2.589955987990834,0.004955988028086722,0.10184893568322195,-0.11565896086060867,-0.2809956511787579,0.07307804989700095,-0.5015724422064558,-0.25644449530784996,-0.3224257267109163,0.10967142620113576,-0.1368953837268456,-0.2814045767408302,0.07257052707670994,-0.5157659019953015,-0.27685979924125986,-0.33977575809088356
772503.276563634,PLAYBACK,2.6024742970475927,0.007474297075532377,0.10223254749370447,-0.11757701991302305,-0.2809956511787579,0.07307804989700095,-0.5031068894483877,-0.2598970016021962,-0.32396017395284815,0.11017493689014533,-0.13810095181212376,-0.2814053027141316,0.07256445588924526,-0.5172205199403,-0.2782290841690563,-0.3422556482944515
772503.286363143,PLAYBACK,2.611969774006866,0.0019697740208357573,0.10223254749370447,-0.11796063172350557,-0.2809956511787579,0.07307804989700095,-0.504257724879837,-0.2625822842755774,-0.3251110093842975,0.11055879947922066,-0.13899709985728834,-0.28140576708359816,0.07255990763385942,-0.5183355081315913,-0.27925039465666235,-0.3441968261726594
772503.298184858,PLAYBACK,2.622351458063349,0.0023514580680057406,0.10261615930418877,-0.11911146715495491,-0.2809956511787579,0.07307804989700095,-0.5054085603112846,-0.26411673151750925,-0.32702906843671187,0.11098060899229736,-0.1399591527229521,-0.28140619770163094,0.07255500336939101,-0.5195665533569874,-0.2803489192124311,-0.34637851278453596
772503.308462403,PLAYBACK,2.6327214610064402,0.0027214610017836094,0.10261615930418877,-0.11987869077592173,-0.2809956511787579,0.07307804989700095,-0.5065593957427339,-0.26603479056992363,-0.3281799038681612,0.11140433095308921,-0.14090192806824853,-0.28140655498942907,0.07255018796835837,-0.5208092067747283,-0.28142636093390316,-0.3486195879642296
772503.317724763,PLAYBACK,2.6428032610565424,0.002803261042572558,0.10299977111467129,-0.12141313801785181,-0.2809956511787579,0.07307804989700095,-0.5080938429846658,-0.267952849622338,-0.32971435111009306,0.11181870122339137,-0.1418013114776851,-0.2814068396064958,0.07254559795323531,-0.5220301996285933,-0.2824538877365888,-0.3508575228353934
772503.330057016,PLAYBACK,2.656456175027415,0.006456175004132092,0.10338338292515381,-0.12333119707026796,-0.2809956511787579,0.07307804989700095,-0.5088610666056308,-0.2702545204852367,-0.33163241016250744,0.11238379888505033,-0.14299252776507124,-0.28140713810880924,0.07253954670587966,-0.5237044658880842,-0.28381225343812555,-0.35398056850924253
772503.339734812,PLAYBACK,2.663904077024199,0.0039040769916027784,0.10338338292515381,-0.12371480888075048,-0.2809956511787579,0.07307804989700095,-0.5103955138475627,-0.27140535591668424,-0.3323996337834725,0.11269398423304015,-0.14362940589103196,-0.2814072637222157,0.07253633503907375,-0.5246279712581317,-0.28453635035710134,-0.35572851527132626
772503.34997707,PLAYBACK,2.6700622990028933,6.22989609837532e-05,0.10376699473563633,-0.12448203250171552,-0.2806120393682754,0.07307804989700095,-0.5103955138475627,-0.27217257953765106,-0.3335504692149218,0.11295143660414478,-0.14414903839158383,-0.28140734993934263,0.07253373188039214,-0.5253969110847826,-0.2851255904477726,-0.3571969194826336
772503.355194077,PLAYBACK,2.680061691091396,6.169104017317295e-05,0.10376699473563633,-0.12563286793316486,-0.2809956511787579,0.07307804989700095,-0.5123135728999788,-0.2733234149691004,-0.3350849164568537,0.11337119146909742,-0.1449791061362036,-0.28140745943167805,0.07252961448609518,-0.5266553899834249,-0.28606320324147333,-0.3596244823498099
772503.366366237,PLAYBACK,2.691187783027999,0.006187782972119749,0.10415060654612063,-0.12716731517509672,-0.2809956511787579,0.07307804989700095,-0.5138480201419107,-0.27447425040054796,-0.3385374227511999,0.11384025264627477,-0.14588206086866645,-0.28140754258245326,0.07252520777057615,-0.5280688306083281,-0.2870768008367494,-0.3623849678358081
772503.377955646,PLAYBACK,2.7025974669959396,0.002597467042505741,0.10415060654612063,-0.12831815060654606,-0.2809956511787579,0.07307804989700095,-0.5149988555733582,-0.2760086976424798,-0.34045548180361607,0.11432249915042987,-0.14678403765590434,-0.28140759266070825,0.07252090106078743,-0.5295300497214562,-0.28808108598121657,-0.3652740645540463
772503.389240021,PLAYBACK,2.7151952390559018,0.005195239093154669,0.10453421835660315,-0.1298525978484779,-0.2809956511787579,0.07307804989700095,-0.5161496910048076,-0.2775431448844117,-0.34275715266651297,0.11485473611564517,-0.1477494402861391,-0.281407615133594,0.07251642301120005,-0.5311525204809308,-0.28914489528825593,-0.3685209328537296
772503.399959432,PLAYBACK,2.7248491890495643,0.004849189077503979,0.10491783016708567,-0.13100343327992547,-0.2809956511787579,0.07307804989700095,-0.5176841382467394,-0.278693980315861,-0.34505882352940986,0.11526113463545987,-0.14846599553212067,-0.2814076145035023,0.07251320521865236,-0.5323985418931574,-0.2899257532011798,-0.37104026763628134
772503.410601987,PLAYBACK,2.7353486500214785,0.005348650040104985,0.10530144197756819,-0.13253788052185733,-0.2809956511787579,0.07307804989700095,-0.5192185854886713,-0.2806120393682754,-0.3465932707713417,0.1157004612408905,-0.1492211716975176,-0.28140760101375745,0.07250992914000537,-0.533752760459942,-0.2907394315952731,-0.3738019730813506
772503.422728666,PLAYBACK,2.7475984640186653,0.00759846402797848,0.10568505378805249,-0.13368871595330667,-0.2809956511787579,0.07307804989700095,-0.5199858091096363,-0.28253009842068977,-0.35004577706568973,0.1162082176526704,-0.15006961058664248,-0.2814075738886941,0.0725064119742605,-0.5353276687709486,-0.2916407819572112,-0.37704244117773034
772503.434699526,PLAYBACK,2.759447921998799,0.004447921994142234,0.10645227740901753,-0.134839551384756,-0.2809956511787579,0.07307804989700095,-0.5215202563515682,-0.2836809338521391,-0.3519638361181041,0.11669348819730534,-0.15085690224128723,-0.2814075410580839,0.07250332738311714,-0.5368430642033651,-0.29246355267620616,-0.38018733376816743
772503.446149669,PLAYBACK,2.7714759410591796,0.0064759410452097654,0.10721950102998434,-0.13599038681620534,-0.2809956511787579,0.07307804989700095,-0.5226710917830175,-0.28483176928358844,-0.35464911879148353,0.11717963616160244,-0.15162335958372247,-0.2814075054232395,0.07250051517579634,-0.5383717371566034,-0.2932505249966659,-0.38338429795230017
772503.456766785,PLAYBACK,2.7810961570357904,0.0010961570078507066,0.10721950102998434,-0.1371412222476529,-0.2809956511787579,0.07307804989700095,-0.5242055390249494,-0.285982604715036,-0.3569507896543822,0.1175637064867038,-0.15221367148653614,-0.28140747755096274,0.07249849430240989,-0.5395872518772029,-0.2938463169933857,-0.38594256157445844
772503.467403228,PLAYBACK,2.7920942330965772,0.002094233059324324,0.10798672465094938,-0.13829205767910224,-0.2809956511787579,0.07307804989700095,-0.5253563744563987,-0.28713344014648534,-0.3596360723277634,0.11799765862327251,-0.15286504087397068,-0.2814074482904021,0.07249642839644387,-0.5409693442568686,-0.29449244462265906,-0.3888675449434918
772503.477316585,PLAYBACK,2.8024847850902006,0.0024847850436344743,0.1087539482719162,-0.13905928130006906,-0.2809956511787579,0.07307804989700095,-0.5265072098878463,-0.2882842755779347,-0.36040329594872844,0.11840272953032552,-0.15345859395759948,-0.2814074245910647,0.07249471182072662,-0.5422681848703553,-0.2950701610901638,-0.39163083868152004
772503.489645021,PLAYBACK,2.813624212052673,0.003624211996793747,0.10913756008239872,-0.1398265049210341,-0.2809956511787579,0.07307804989700095,-0.5276580453192956,-0.289435111009384,-0.3642394140535572,0.11883184513174365,-0.15407265865797243,-0.28140740465828046,0.072493120508356,-0.5436537823927144,-0.2956559605567684,-0.39459299783741425
772503.500417504,PLAYBACK,2.8259887270396575,0.005988727090880275,0.10990478370336376,-0.14021011673151662,-0.2809956511787579,0.07307804989700095,-0.5291924925612275,-0.2917367818722809,-0.3669246967269384,0.11930209337382325,-0.15472880208102582,-0.2814073903049428,0.0724916500870938,-0.545184214119826,-0.2962676394228628,-0.3978805336121337
772503.511415631,PLAYBACK,2.835242911009118,0.005242911051027477,0.11067200732433058,-0.14097734035248344,-0.2809956511787579,0.07307804989700095,-0.5303433279926768,-0.2932712291142128,-0.36845914396887025,0.11964998290956384,-0.15520330675870486,-0.2814073854569397,0.07249074965607118,-0.5463249362021768,-0.2967002436131926,-0.4003408189880979
772503.52219111,PLAYBACK,2.846624983008951,0.001624983036890626,0.11143923094529562,-0.14136095216296596,-0.2809956511787579,0.07307804989700095,-0.5318777752346087,-0.29518928816662715,-0.3726788738841833,0.1200731972183694,-0.15576846940839043,-0.281407386844547,0.07248987317534714,-0.5477229210439627,-0.29720420946106124,-0.4033665360513396
772503.532311374,PLAYBACK,2.8574610790237784,0.00246107904240489,0.11182284275577814,-0.142128175783931,-0.2809956511787579,0.07307804989700095,-0.533028610666058,-0.29710734721904153,-0.3749805447470802,0.1204714110138016,-0.15628853112736166,-0.2814073959455508,0.07248927196692131,-0.5490491490889037,-0.29765655151509496,-0.4062468525557308
772503.542444222,PLAYBACK,2.8679769199807197,0.0029769199900329113,0.11259006637674496,-0.1425117875944153,-0.2809956511787579,0.07307804989700095,-0.5345630579079899,-0.2990254062714577,-0.37651499198901206,0.12085353979071992,-0.1567772683999072,-0.2814074121353274,0.0724889028711644,-0.5503322091710706,-0.29807117597943267,-0.4090418208684024
772503.55486282,PLAYBACK,2.8800230050692335,0.005023005069233477,0.1137409018081943,-0.14289539940489782,-0.2809956511787579,0.07307804989700095,-0.5357138933394374,-0.30055985351338954,-0.3803511100938408,0.12128611471128031,-0.15731875288078107,-0.28140743956130004,0.07248873593580557,-0.5517976315079265,-0.2985181202012611,-0.4122432642201117
772503.565935429,PLAYBACK,2.890162906027399,0.005162906018085778,0.11412451361867681,-0.14327901121538034,-0.2809956511787579,0.07307804989700095,-0.5368647287708868,-0.3020943007553214,-0.38342000457770453,0.12164600505609811,-0.15776004896962142,-0.28140746987584203,0.07248880455553464,-0.5530279095551817,-0.2988722675658587,-0.41493792523113704
772503.577478459,PLAYBACK,2.9017385290935636,0.0017385290702804923,0.11489173723964186,-0.14366262302586286,-0.2809956511787579,0.07307804989700095,-0.5383991760128186,-0.3036287479972515,-0.38648889906156825,0.12205215135457224,-0.15824837595828156,-0.28140751231834377,0.07248911379216477,-0.5544291104552228,-0.299253116854124,-0.4180139417226579
772503.587968532,PLAYBACK,2.911960748024285,0.0019607479916885495,0.11565896086060867,-0.14404623483634715,-0.2809956511787579,0.07307804989700095,-0.5399336232547505,-0.3043959716182183,-0.3880233463035001,0.12240665710456285,-0.15866649710611597,-0.2814075564707404,0.07248958942796903,-0.5556638621096199,-0.2995696288356885,-0.42073016537848335
772503.599283175,PLAYBACK,2.9230516320094466,0.003051631967537105,0.11642618448157371,-0.1448134584573122,-0.2809956511787579,0.07307804989700095,-0.5414680704966823,-0.30554680704966763,-0.3910922407873638,0.12278688339366602,-0.15910683711060766,-0.2814076110897127,0.07249031826046308,-0.5570010384973364,-0.2998930318720558,-0.423677063883489
772503.610105324,PLAYBACK,2.9361283220350742,0.006128321983851492,0.11757701991302305,-0.14519707026779471,-0.2809956511787579,0.07307804989700095,-0.5426189059281317,-0.3066976424811152,-0.39492835889219613,0.12322928738279326,-0.15960899659917788,-0.28140768387466214,0.07249145943155601,-0.5585746478247839,-0.300248932134682,-0.4271514240883012
772503.623783846,PLAYBACK,2.9457427160814404,0.005742716137319803,0.11757701991302305,-0.145580682078279,-0.2809956511787579,0.07307804989700095,-0.544536964980546,-0.307464866102082,-0.3976136415655773,0.12355046477555075,-0.15996693971842313,-0.28140774273176994,0.07249249141778985,-0.5597297768332682,-0.3004939272075043,-0.4297057722430625
772503.633266428,PLAYBACK,2.9579732640413567,0.0029732640832662582,0.11834424353398987,-0.14596429388876153,-0.2809956511787579,0.07307804989700095,-0.5456878004119936,-0.30823208972304705,-0.4002989242389585,0.12395399028511823,-0.16040907065946006,-0.2814078235321807,0.07249403874158146,-0.5611972334226718,-0.30078621021602153,-0.43295505547633456
772503.642372158,PLAYBACK,2.968432768015191,0.003432768047787249,0.11872785534447239,-0.14634790569924405,-0.2809956511787579,0.07307804989700095,-0.5476058594644098,-0.30899931334401387,-0.40298420691233794,0.12429456139023383,-0.16077588768727652,-0.2814078973562139,0.07249556904019552,-0.5624506196985672,-0.30101977458420653,-0.4357337254801726
772503.653825697,PLAYBACK,2.9774645160650834,0.0024645160883665085,0.11911146715495491,-0.14711512932021087,-0.2809956511787579,0.07269443808651843,-0.5479894712748923,-0.3093829251544964,-0.4045186541542698,0.124585254694645,-0.1610845620709954,-0.2814079641923934,0.07249704319303504,-0.5635318765161796,-0.3012098671828636,-0.4381330290871484
772503.663312487,PLAYBACK,2.9903163840062916,0.0053163840202614665,0.11987869077592173,-0.1474987411306934,-0.2809956511787579,0.07269443808651843,-0.5499075303273067,-0.31053376058594573,-0.40835477225910033,0.1249934204117208,-0.16151136567513694,-0.281408063527834,0.07249938373435226,-0.565069002884985,-0.30146273802797274,-0.44154705417964385
772503.673980871,PLAYBACK,2.995071297045797,7.129705045372248e-05,0.12026230258640425,-0.1478823529411759,-0.2809956511787579,0.07269443808651843,-0.5506747539482735,-0.31091737239642825,-0.4095056076905479,0.12514278284222033,-0.1616656819467684,-0.28140810136050154,0.0725003217335699,-0.5656373141395489,-0.3015512593919823,-0.4428101412213665
772503.679221754,PLAYBACK,3.005061882082373,6.188207771629095e-05,0.12026230258640425,-0.14864957656214273,-0.2809956511787579,0.07269443808651843,-0.551825589379721,-0.31130098420691077,-0.4125745021744116,0.12545366829278373,-0.161983783784069,-0.2814081824190563,0.07250241896752106,-0.5668307808845585,-0.30172876339960225,-0.44546397656575026
772503.690440623,PLAYBACK,3.0148304019821808,0.0048304019728675485,0.12102952620736929,-0.14941680018310777,-0.2809956511787579,0.07269443808651843,-0.5533600366216529,-0.31130098420691077,-0.41410894941634346,0.1257537418164763,-0.162286985736784,-0.28140826333340957,0.07250463481594668,-0.5679969908779772,-0.30189161760065775,-0.44805876609007106
772503.700967336,PLAYBACK,3.0265599800040945,0.00655997998546809,0.12141313801785181,-0.1498004119935903,-0.2809956511787579,0.07269443808651843,-0.5545108720531022,-0.31168459601739507,-0.41871229114213904,0.12610887049472544,-0.16264115792470527,-0.2814083619787341,0.07250751084405611,-0.5693964892877144,-0.30207386011254306,-0.4511743965888445
772503.712531387,PLAYBACK,3.037270495085977,0.0022704950533807278,0.1217967498283361,-0.1505676356145571,-0.2809956511787579,0.07269443808651843,-0.5556617074845516,-0.31168459601739507,-0.42139757381552023,0.12642810919619613,-0.1629554289783781,-0.28140845279825444,0.07251034186691437,-0.5706737125698614,-0.3022282263504068,-0.45401927930488895
772503.722535368,PLAYBACK,3.04911056405399,0.004110564012080431,0.12218036163881862,-0.15171847104600467,-0.2809956511787579,0.07269443808651843,-0.5568125429159991,-0.3120682078278776,-0.42408285648889965,0.12677529913101485,-0.16329303875013154,-0.2814085532151636,0.07251369872631458,-0.5720849813196761,-0.3023862207555298,-0.4571641247788655
772503.734678799,PLAYBACK,3.059148140018806,0.00414813996758312,0.12218036163881862,-0.15248569466697148,-0.2809956511787579,0.07269443808651843,-0.5579633783474485,-0.3120682078278776,-0.42676813916228085,0.1270648296663705,-0.1635714369892624,-0.2814086377218203,0.07251673133260036,-0.5732809405156267,-0.30251030494985914,-0.45983015951941353
772503.744726834,PLAYBACK,3.069020839058794,0.004020839114673436,0.12256397344930114,-0.15325291828793652,-0.2809956511787579,0.07269443808651843,-0.5594978255893803,-0.3120682078278776,-0.4283025864042127,0.12734520745491296,-0.16383847238248345,-0.2814087197204352,0.07251988128419812,-0.5744568964578001,-0.3026239885374561,-0.46245236004026546
772503.755302922,PLAYBACK,3.0806288940366358,0.005628894083201885,0.12294758525978366,-0.15440375371938586,-0.2809956511787579,0.07269443808651843,-0.5606486610208297,-0.3124518196383601,-0.4329059281300083,0.12766916036207865,-0.16414407661443164,-0.2814088139991543,0.07252379701294215,-0.5758391573714404,-0.302747607872802,-0.46553542281206733
772503.765839323,PLAYBACK,3.0901761300629005,0.005176130100153387,0.12333119707026796,-0.15517097734035268,-0.2809956511787579,0.07269443808651843,-0.561799496452279,-0.3124518196383601,-0.43444037537194014,0.12793086686138005,-0.1643888314915717,-0.2814088892422607,0.0725271894883219,-0.5769757367310071,-0.3028415756282337,-0.4680710999204292
772503.775565371,PLAYBACK,3.101252485997975,0.001252486021257937,0.12333119707026796,-0.1555545891508352,-0.2809956511787579,0.07269443808651843,-0.5633339436942109,-0.3128354314488426,-0.4386601052872532,0.1282289969686493,-0.16466553383840732,-0.28140897326654885,0.07253131997715496,-0.5782940665569914,-0.3029423711216214,-0.47101285871910653
772503.780212577,PLAYBACK,3.105217795004137,0.00021779502276331186,0.12333119707026796,-0.15632181277180024,-0.2809956511787579,0.07269443808651843,-0.5633339436942109,-0.3128354314488426,-0.4386601052872532,0.1283342638263981,-0.16476273762881063,-0.28140900235960964,0.07253284956624304,-0.5787659548967877,-0.30297640396421405,-0.47206599089153917
772503.792107872,PLAYBACK,3.1163941920967773,0.006394192110747099,0.12371480888075048,-0.15708903639276706,-0.2809956511787579,0.07269443808651843,-0.5652520027466252,-0.3124518196383601,-0.4413453879606326,0.12862672006699089,-0.16503155974183661,-0.28140908115460966,0.07253730536184441,-0.5800958009014919,-0.3030667857104915,-0.4750342614018715
772503.802410155,PLAYBACK,3.1272334340028465,0.0022334340028464794,0.124098420691233,-0.1578562600137321,-0.2809956511787579,0.07269443808651843,-0.5667864499885571,-0.3124518196383601,-0.44556511787594566,0.12890423565641584,-0.16528515785482104,-0.2814091524915806,0.07254183095887666,-0.5813852623518504,-0.3031470068688929,-0.47791294984473554
772503.814611547,PLAYBACK,3.1385573250008747,0.0035573249915614724,0.12448203250171552,-0.15862348363469891,-0.2809956511787579,0.07269443808651843,-0.5679372854200047,-0.3128354314488426,-0.44825040054932686,0.12918753370976532,-0.16554280363588492,-0.2814092209210531,0.07254677420715369,-0.5827320900243338,-0.30322349377883084,-0.4809203119086393
772503.825384572,PLAYBACK,3.1504542630864307,0.005454263067804277,0.12448203250171552,-0.15939070725566395,-0.2809956511787579,0.07269443808651843,-0.569088120851454,-0.3128354314488426,-0.4509356832227063,0.12947764684406993,-0.16580566351393872,-0.2814092852631811,0.07255220526179557,-0.5841467313386199,-0.3032963314636669,-0.48407981980217396
772503.835612692,PLAYBACK,3.1626959120621905,0.007695912034250796,0.12486564431219982,-0.1605415426871133,-0.2809956511787579,0.07269443808651843,-0.5702389562829033,-0.3128354314488426,-0.45400457770657,0.1297678523725734,-0.16606798106216508,-0.28140934247203564,0.07255804869331538,-0.5856019476325948,-0.30336381300783066,-0.48733082994058685
772503.846167609,PLAYBACK,3.170853966032155,0.005853965994901955,0.12524925612268234,-0.1609251544975958,-0.2809956511787579,0.07269443808651843,-0.5717734035248352,-0.3128354314488426,-0.45553902494850185,0.12995642329381246,-0.16623830048398483,-0.28140937506466895,0.07256208692761129,-0.5865714626315959,-0.3034048635424449,-0.4894973372377928
772503.85725165,PLAYBACK,3.18248396308627,0.0024839630350470543,0.12524925612268234,-0.16169237811856263,-0.2809956511787579,0.07269443808651843,-0.5729242389562845,-0.3128354314488426,-0.4597587548638149,0.13021836238594847,-0.1664750210501582,-0.2814094132531926,0.07256804363562627,-0.5879531580035152,-0.30345833830298274,-0.49258584435291586
772503.868082867,PLAYBACK,3.193632999085821,0.003632999141700566,0.12563286793316486,-0.16245960173952767,-0.2809956511787579,0.07269443808651843,-0.5744586861982146,-0.3128354314488426,-0.4628276493476786,0.1304616368088715,-0.16669536710791552,-0.2814094400811124,0.07257397526659704,-0.589277157607144,-0.3035044160262591,-0.4955465902942975
772503.879313097,PLAYBACK,3.2040346820140257,0.0040346820605918765,0.12601647974364738,-0.1628432135500102,-0.2809956511787579,0.07269443808651843,-0.5752259098191814,-0.3128354314488426,-0.4651293202105755,0.13068145822762214,-0.16689524487649599,-0.28140945587979715,0.07257970526270681,-0.5905118243310533,-0.3035431753796024,-0.49830883817447746
772503.890839837,PLAYBACK,3.2167382860789075,0.006738286116160452,0.12640009155413168,-0.163610437170977,-0.2809956511787579,0.07269443808651843,-0.5767603570611133,-0.3128354314488426,-0.46819821469443923,0.1309402398026745,-0.16713203813661873,-0.28140946231128244,0.07258696085832768,-0.592018818861328,-0.30358541990700216,-0.5016823406163156
772503.901358153,PLAYBACK,3.2258687830762938,0.0008687830995768309,0.12640009155413168,-0.16399404898145953,-0.2809956511787579,0.07269443808651843,-0.5779111924925626,-0.3128354314488426,-0.4697326619363711,0.13111943410066343,-0.1672973431888162,-0.2814094577213546,0.072592351186662,-0.5931012209683868,-0.3036125942260335,-0.5041069625366218
772503.911655997,PLAYBACK,3.2358603100292385,0.0008603100432083011,0.1267837033646142,-0.16437766079194205,-0.2813792629892422,0.07269443808651843,-0.5790620279240102,-0.3128354314488426,-0.4731851682307173,0.13130879071406093,-0.1674736279274673,-0.2814094434389034,0.07259841855725291,-0.594284886622255,-0.303639518533082,-0.5067602101981997
772503.922629075,PLAYBACK,3.2469161570770666,0.0019161570817232132,0.12716731517509672,-0.16476127260242635,-0.2809956511787579,0.07269443808651843,-0.5802128633554595,-0.3128354314488426,-0.47702128633554786,0.13150984996785664,-0.16766315572915663,-0.2814094158819062,0.07260533831522768,-0.5955935036174954,-0.3036661513076413,-0.5096960622150027
772503.933103438,PLAYBACK,3.257344140089117,0.0023441400844603777,0.12755092698557924,-0.16514488441290887,-0.2813792629892422,0.07269443808651843,-0.5813636987869089,-0.3124518196383601,-0.47855573357747794,0.1316910624607855,-0.1678366636742128,-0.281409378117076,0.07261206406110107,-0.5968265466475708,-0.3036884837390744,-0.512465163787606
772503.945071252,PLAYBACK,3.2696504140039906,0.004650413990020752,0.12755092698557924,-0.16552849622339139,-0.2813792629892422,0.07269443808651843,-0.5828981460288407,-0.3128354314488426,-0.482775463492791,0.13189400362547038,-0.16803494855879536,-0.28140931826366217,0.07262025040669377,-0.5982798748811792,-0.3037116798034338,-0.5157330108356664
772503.956460608,PLAYBACK,3.28118405607529,0.006184056052006781,0.12831815060654606,-0.16552849622339139,-0.2813792629892422,0.07307804989700095,-0.5844325932707726,-0.3128354314488426,-0.4862279697871372,0.13207307845321584,-0.1682145011565649,-0.2814092465909966,0.07262816827349047,-0.5996399176154241,-0.3037306188240291,-0.5187956680898753
772503.966330072,PLAYBACK,3.2909862500382587,0.0009862500010058284,0.12831815060654606,-0.16552849622339139,-0.2813792629892422,0.07307804989700095,-0.5855834287022201,-0.3128354314488426,-0.48737880521858656,0.13221649636063726,-0.16836237469419846,-0.28140917343704513,0.07263508462225718,-0.6007940272301426,-0.30374479901917,-0.5213985393206496
772503.976132166,PLAYBACK,3.3007709110388532,0.0007709109922870994,0.12870176241702858,-0.1659121080338739,-0.2813792629892422,0.07269443808651843,-0.587117875944152,-0.3128354314488426,-0.49006408789196776,0.13235134212280164,-0.16850569647247662,-0.2814090888805942,0.07264216036264054,-0.6019442686473481,-0.30375737038182826,-0.5239967427203689
772503.98765129,PLAYBACK,3.3132250669877976,0.0032250669319182634,0.1290853742275111,-0.1659121080338739,-0.2809956511787579,0.07307804989700095,-0.5886523231860838,-0.3128354314488426,-0.493516594186314,0.1325105336961588,-0.16868198058084907,-0.2814089641426254,0.07265141509069821,-0.6034054170929987,-0.3037713249213112,-0.5273037847925119
772503.999674751,PLAYBACK,3.325878726085648,0.005878726136870682,0.1290853742275111,-0.1659121080338739,-0.2813792629892422,0.07269443808651843,-0.5898031586175332,-0.3128354314488426,-0.4965854886701777,0.13265744788208347,-0.16885410915832003,-0.2814088172533317,0.07266110345549351,-0.6048862399445879,-0.3037834398161593,-0.530663788991894
772504.011234444,PLAYBACK,3.335340869030915,0.005340869072824717,0.1290853742275111,-0.1659121080338739,-0.2809956511787579,0.07307804989700095,-0.591337605859465,-0.3128354314488426,-0.49927077134355713,0.1327571652038002,-0.16897826270904753,-0.2814086938175663,0.07266853626615843,-0.6059908372468767,-0.30379131474305204,-0.53317632394798
772504.022109113,PLAYBACK,3.346936560003087,0.0019365600310266018,0.1294689860379954,-0.1659121080338739,-0.2813792629892422,0.07307804989700095,-0.5928720531013969,-0.3124518196383601,-0.5023396658274208,0.13286708782197704,-0.16912512549857395,-0.2814085263456474,0.07267786443702504,-0.6073409878672559,-0.3037997693888178,-0.5362553874716345
772504.034756961,PLAYBACK,3.3595383900683373,0.004538390086963773,0.1298525978484779,-0.1659121080338739,-0.2813792629892422,0.07269443808651843,-0.5944065003433288,-0.3124518196383601,-0.5057921721217689,0.13297063668936374,-0.16927817034385867,-0.2814083237147865,0.07268827574467893,-0.6088034727511146,-0.3038076806528499,-0.5396016150511206
772504.048138715,PLAYBACK,3.3699417060706764,0.004941706079989672,0.1298525978484779,-0.16552849622339139,-0.2813792629892422,0.07269443808651843,-0.5959409475852606,-0.3128354314488426,-0.5088610666056308,0.13304314856429256,-0.1693993927096113,-0.28140813995265873,0.07269708521377642,-0.6100066731036944,-0.3038133725941977,-0.5423640627368174
772504.057242681,PLAYBACK,3.3839975720038638,0.003997571999207139,0.13023620965896043,-0.16552849622339139,-0.2813792629892422,0.07269443808651843,-0.5974753948271925,-0.3124518196383601,-0.5119299610894945,0.13312170975645313,-0.16955585206585147,-0.28140786758826625,0.07270929499683264,-0.6116257872856379,-0.30382008931296667,-0.5460964012200549
772504.068229295,PLAYBACK,3.393212720984593,0.003212720970623195,0.13023620965896043,-0.16552849622339139,-0.2813792629892422,0.07269443808651843,-0.5986262302586418,-0.3124518196383601,-0.5153824673838425,0.13316065158916987,-0.16965387593427186,-0.28140767379288595,0.07271749093804374,-0.6126828842927211,-0.30382400672238824,-0.5485433648419923
772504.080052272,PLAYBACK,3.40006254799664,6.254797335714102e-05,0.13100343327992547,-0.16552849622339139,-0.2813792629892422,0.07269443808651843,-0.5993934538796069,-0.3124518196383601,-0.5169169146257726,0.13318293400873207,-0.16972440916761652,-0.28140752183869594,0.07272368087397697,-0.6134662256421658,-0.303826720763624,-0.5503622546738509
772504.085296822,PLAYBACK,3.4100637630326673,6.376300007104874e-05,0.13061982146944295,-0.1659121080338739,-0.2813792629892422,0.07269443808651843,-0.6005442893110562,-0.3124518196383601,-0.5199858091096363,0.13320496461762452,-0.16982382991316256,-0.2814072877721983,0.07273286767641131,-0.6146060289470788,-0.3038304436054255,-0.5530179711474409
772504.094827346,PLAYBACK,3.419963014079258,0.004963014042004943,0.13138704509040977,-0.1659121080338739,-0.2813792629892422,0.07269443808651843,-0.6013115129320212,-0.3124518196383601,-0.5219038681620525,0.13321412543056915,-0.16991807799821604,-0.28140704171982983,0.0727421342759905,-0.6157293518901698,-0.30383391838267665,-0.5556466308990751
772504.106535833,PLAYBACK,3.4264540229924023,0.0014540229458361864,0.13100343327992547,-0.1659121080338739,-0.2813792629892422,0.07269443808651843,-0.6024623483634706,-0.3124518196383601,-0.5245891508354319,0.13321310175612927,-0.16997763301909788,-0.2814068725693317,0.07274830364194756,-0.6164631528147082,-0.3038361180767837,-0.557370273713676
772504.118343301,PLAYBACK,3.4429854929912835,0.0029854930471628904,0.13138704509040977,-0.1659121080338739,-0.2813792629892422,0.07269443808651843,-0.604380407415885,-0.3124518196383601,-0.528808880750745,0.13318441155679417,-0.1701212851935926,-0.28140641364034585,0.07276434679383541,-0.6183214448665408,-0.30384157818427066,-0.5617601442880357
772504.128933325,PLAYBACK,3.4500618430320174,6.184307858347893e-05,0.1317706569008923,-0.1659121080338739,-0.2813792629892422,0.07307804989700095,-0.6051476310368518,-0.3124518196383601,-0.5299597161821943,0.1331602947310847,-0.170179253762769,-0.2814062047874563,0.0727713581787777,-0.619111982427494,-0.30384390331042516,-0.5636392697991203
772504.134317392,PLAYBACK,3.4600657240953296,6.572413258254528e-05,0.1317706569008923,-0.1662957198443582,-0.2813792629892422,0.07269443808651843,-0.6059148546578168,-0.3124518196383601,-0.533028610666058,0.13311363714987598,-0.17025759964731688,-0.28140589679211014,0.07278141606190368,-0.6202242345959108,-0.303847228957227,-0.566295834085528
772504.144711501,PLAYBACK,3.468773080036044,0.003773080068640411,0.1317706569008923,-0.1662957198443582,-0.2813792629892422,0.07269443808651843,-0.6066820782787836,-0.3124518196383601,-0.5341794460975056,0.1330606999227118,-0.170322351717909,-0.2814056165457513,0.07279030823886404,-0.621187016594794,-0.3038501927274386,-0.5686081367980879
772504.155610407,PLAYBACK,3.4803469200851396,0.005346920108422637,0.1321542687113748,-0.16667933165484072,-0.2809956511787579,0.07269443808651843,-0.6082165255207155,-0.3124518196383601,-0.5383991760128186,0.13297196952716,-0.17040345722295902,-0.2814052264965899,0.07280232396131754,-0.622458688733694,-0.303854279149124,-0.5716817132011892
772504.166830128,PLAYBACK,3.4937974360072985,0.008797436021268368,0.1321542687113748,-0.16667933165484072,-0.2813792629892422,0.07269443808651843,-0.609367360952163,-0.3124518196383601,-0.5410844586861998,0.13284150830339883,-0.17049058223268024,-0.2814047480620256,0.0728165651772929,-0.6239243667108544,-0.30385930100220965,-0.5752537593560679
772504.176596965,PLAYBACK,3.501270947046578,0.0012709470465779305,0.1321542687113748,-0.16667933165484072,-0.2809956511787579,0.07269443808651843,-0.6105181963836124,-0.3124518196383601,-0.5426189059281317,0.13275584876613142,-0.17053567016017576,-0.2814044705761143,0.07282460470915168,-0.6247327917210247,-0.30386224017256575,-0.5772385459582022
772504.188117391,PLAYBACK,3.5128787819994614,0.002878781990148127,0.13253788052185733,-0.16667933165484072,-0.2813792629892422,0.07269443808651843,-0.6116690318150617,-0.3124518196383601,-0.5472222476539255,0.13260345568382817,-0.17060098256887993,-0.2814040231449985,0.07283726783523761,-0.6259796051059483,-0.30386703904785567,-0.5803213913166928
772504.198338579,PLAYBACK,3.523402970051393,0.0034029700327664614,0.13253788052185733,-0.16667933165484072,-0.2813792629892422,0.07269443808651843,-0.6128198672465093,-0.3120682078278776,-0.5502911421377892,0.1324442556937197,-0.17065522132627242,-0.2814036002832259,0.07284893055942149,-0.6271003549212391,-0.3038716498578207,-0.5831165331233937
772504.209013265,PLAYBACK,3.5344148920848966,0.004414892056956887,0.13253788052185733,-0.16706294346532324,-0.2813792629892422,0.07269443808651843,-0.6143543144884411,-0.3124518196383601,-0.5533600366216529,0.1322554461476204,-0.17070688782314677,-0.2814031404411841,0.07286131450530553,-0.6282627720358726,-0.3038767468478394,-0.5860413220255689
772504.220275948,PLAYBACK,3.5460171760059893,0.00601717596873641,0.13292149233234163,-0.16706294346532324,-0.2813792629892422,0.07269443808651843,-0.6155051499198905,-0.3120682078278776,-0.5556617074845516,0.1320309750636471,-0.1707556739632741,-0.2814026368940106,0.07287455702152526,-0.6294756774525377,-0.30388241741122113,-0.589123047434348
772504.231870197,PLAYBACK,3.556222203071229,0.006222203024663031,0.13292149233234163,-0.16706294346532324,-0.2813792629892422,0.07269443808651843,-0.6166559853513398,-0.3120682078278776,-0.5587306019684153,0.13181104674904917,-0.17079377078467795,-0.28140217800889755,0.07288636498091464,-0.6305321001486509,-0.303887651031094,-0.59183377066992
772504.243686451,PLAYBACK,3.5678779690060765,0.0028779690619558096,0.13292149233234163,-0.16744655527580576,-0.2809956511787579,0.07269443808651843,-0.6174232089723048,-0.3120682078278776,-0.561799496452279,0.13153308997281946,-0.17083174419441804,-0.2814016358387811,0.07290002878288852,-0.631726356010802,-0.30389389100234654,-0.5949300129191999
772504.25530727,PLAYBACK,3.5797961490461603,0.0047961490927264094,0.13292149233234163,-0.16744655527580576,-0.2813792629892422,0.07269443808651843,-0.6189576562142367,-0.3120682078278776,-0.5652520027466252,0.13121817906220887,-0.17086443183140196,-0.28140106187420694,0.07291418803937504,-0.6329334379587562,-0.3039005294314722,-0.5980961663529841
772504.266855561,PLAYBACK,3.5916072020772845,0.006607202114537358,0.13292149233234163,-0.16744655527580576,-0.2813792629892422,0.07269443808651843,-0.620108491645686,-0.3120682078278776,-0.5687045090409715,0.1308741724126838,-0.17089066313226553,-0.28140047390084144,0.07292839871762592,-0.6341152106927891,-0.3039073230089536,-0.6012340890248032
772504.277554413,PLAYBACK,3.604054165072739,0.004054165096022189,0.13292149233234163,-0.16783016708629006,-0.2809956511787579,0.07269443808651843,-0.6212593270771354,-0.3120682078278776,-0.5717734035248352,0.1304757259236718,-0.17091162402682206,-0.28139983408065183,0.07294355652908907,-0.6353446040571458,-0.3039146563528111,-0.6045412357744369
772504.290016555,PLAYBACK,3.614013661048375,0.004013661062344909,0.13253788052185733,-0.16744655527580576,-0.2809956511787579,0.07269443808651843,-0.6227937743190672,-0.3120682078278776,-0.5744586861982146,0.1301292311927952,-0.17092342432508315,-0.281399307558407,0.07295581165280868,-0.6363162181733503,-0.303920606056794,-0.6071876947482913
772504.301309316,PLAYBACK,3.6261355000315234,0.006135500036180019,0.13253788052185733,-0.16783016708629006,-0.2813792629892422,0.07269443808651843,-0.6239446097505148,-0.3120682078278776,-0.5775275806820783,0.12967285710836868,-0.17093178127717762,-0.28139864971869205,0.07297086872128972,-0.6374840221779995,-0.3039278821417023,-0.6104090458109386
772504.311899801,PLAYBACK,3.6372033699881285,0.002203369978815317,0.13253788052185733,-0.16783016708629006,-0.2813792629892422,0.07269443808651843,-0.6250954451819641,-0.31168459601739507,-0.580596475165942,0.12922150895947182,-0.17093361191341944,-0.2813980332427743,0.07298474137723679,-0.6385359576986414,-0.30393449473913675,-0.6133506387041171
772504.323089745,PLAYBACK,3.6473091560183093,0.0023091559996828437,0.13253788052185733,-0.16783016708629006,-0.2813792629892422,0.07269443808651843,-0.6262462806134135,-0.31168459601739507,-0.5817473105973914,0.1287792257140071,-0.17093041151499236,-0.2813974575749935,0.07299750250746348,-0.6394844156502544,-0.303940449679132,-0.616036839894871
772504.334233009,PLAYBACK,3.660804287996143,0.005804287968203425,0.13253788052185733,-0.16783016708629006,-0.2809956511787579,0.07269443808651843,-0.6273971160448628,-0.31168459601739507,-0.5859670405127044,0.12814156656371156,-0.1709188251452533,-0.2813966705128586,0.07301466763873203,-0.6407330316787027,-0.30394818592474,-0.6196244713288336
772504.344907014,PLAYBACK,3.6706417200621217,0.005641720024868846,0.13253788052185733,-0.16783016708629006,-0.2809956511787579,0.07269443808651843,-0.6285479514763104,-0.31168459601739507,-0.5890359349965681,0.1276412362727027,-0.17090506358853605,-0.2813960840861699,0.07302725737598365,-0.6416303631584078,-0.3039536036229751,-0.6222401281752792
772504.355328425,PLAYBACK,3.6807669730624184,0.0057669730158522725,0.13253788052185733,-0.16744655527580576,-0.2809956511787579,0.07269443808651843,-0.6296987869077597,-0.31168459601739507,-0.5921048294804319,0.12709347908027463,-0.17088617470914746,-0.2813954698106591,0.07304027137860436,-0.642542763605921,-0.3039589249313957,-0.6249327141837662
772504.366337061,PLAYBACK,3.6908810450695455,0.005881045013666153,0.13253788052185733,-0.16783016708629006,-0.2809956511787579,0.07269443808651843,-0.630849622339209,-0.31130098420691077,-0.5944065003433288,0.12651161267323074,-0.17086247749633665,-0.28139484585278157,0.07305331583217635,-0.6434430343182623,-0.30396392645816,-0.6276227681205397
772504.378065076,PLAYBACK,3.7025419210549444,0.0025419211015105247,0.13253788052185733,-0.16783016708629006,-0.2813792629892422,0.07269443808651843,-0.6316168459601741,-0.31130098420691077,-0.5974753948271925,0.12579554572301238,-0.17082910056696168,-0.2813941142734484,0.07306839390002474,-0.6444675617418506,-0.30396922798613424,-0.6307248083714754
772504.388958442,PLAYBACK,3.716274306993,0.006274307030253112,0.13253788052185733,-0.16783016708629006,-0.2813792629892422,0.07269443808651843,-0.633151293202106,-0.31130098420691077,-0.6001606775005737,0.12488658533874904,-0.1707813643569859,-0.28139323707864283,0.07308617475278258,-0.6456563755103147,-0.3039747130866563,-0.6343786717099185
772504.401088357,PLAYBACK,3.7251911150524393,0.00519111508037895,0.13253788052185733,-0.16783016708629006,-0.2813792629892422,0.07269443808651843,-0.6343021286335553,-0.31130098420691077,-0.6032295719844356,0.12425615274011953,-0.17074541443323252,-0.2813926591181314,0.07309771603160145,-0.6464185161564256,-0.3039777658118108,-0.6367515030901229
772504.41232505,PLAYBACK,3.7367884190753102,0.0017884190892800689,0.1321542687113748,-0.16783016708629006,-0.2813792629892422,0.07269443808651843,-0.6354529640650046,-0.31130098420691077,-0.6066820782787836,0.12338610553196928,-0.1706927321728528,-0.28139189852367014,0.07311269615909644,-0.6473988204997565,-0.30398105084362137,-0.6398373890005782
772504.423103715,PLAYBACK,3.7482462860643864,0.0032462860690429807,0.1321542687113748,-0.16783016708629006,-0.2813792629892422,0.07269443808651843,-0.6362201876859697,-0.31130098420691077,-0.6097509727626473,0.12246802584159495,-0.17063401317225732,-0.2813911384897813,0.07312742947781911,-0.648355721717828,-0.3039834421013828,-0.6428844965339687
772504.434079309,PLAYBACK,3.7587355070281774,0.0037355070235207677,0.1321542687113748,-0.16783016708629006,-0.2813792629892422,0.07269443808651843,-0.6377546349279015,-0.31130098420691077,-0.6112854200045792,0.1215741107975056,-0.17057437918042448,-0.28139043678125053,0.07314082146868084,-0.6492219125241724,-0.30398479835312436,-0.6456701028108496
772504.444750468,PLAYBACK,3.7705694150645286,0.005569415050558746,0.1321542687113748,-0.16783016708629006,-0.2809956511787579,0.07269443808651843,-0.6389054703593509,-0.31130098420691077,-0.615888761730373,0.12050189702282774,-0.17050032393271267,-0.28138964074568257,0.07315576450729275,-0.6501878713869457,-0.303985268903418,-0.6488034954283634
772504.45554302,PLAYBACK,3.7806941370945424,0.00569413707125932,0.1317706569008923,-0.16783016708629006,-0.2809956511787579,0.07269443808651843,-0.6400563057908002,-0.31130098420691077,-0.6185740444037542,0.1195296732939852,-0.17043129656965902,-0.2813889585624497,0.0731683538872617,-0.6510044623292917,-0.30398469769433667,-0.6514706834752995
772504.465658635,PLAYBACK,3.7896118570351973,0.0046118570026010275,0.1317706569008923,-0.16783016708629006,-0.2809956511787579,0.07269443808651843,-0.6412071412222478,-0.31091737239642825,-0.6197248798352035,0.11863109103266756,-0.17036624529063935,-0.28138835910233295,0.07317924592493852,-0.6517157017099202,-0.30398339532284924,-0.6538040436723527
772504.476427342,PLAYBACK,3.8017590650124475,0.0017590649658814073,0.1317706569008923,-0.16783016708629006,-0.2809956511787579,0.07269443808651843,-0.6419743648432146,-0.31130098420691077,-0.6239446097505148,0.1173437798107489,-0.17027142527152084,-0.2813875485412881,0.07319370790792634,-0.65267157996469,-0.3039803440549235,-0.6569489316741053
772504.488061948,PLAYBACK,3.812339892028831,0.002339891972951591,0.13138704509040977,-0.16821377889677258,-0.2809956511787579,0.07269443808651843,-0.6431252002746621,-0.31091737239642825,-0.626629892423896,0.1161639162417292,-0.17018323876327482,-0.28138685197700036,0.07320587784838392,-0.6534913481989907,-0.3039764301209498,-0.6596474775244374
772504.498385381,PLAYBACK,3.8239083510125056,0.0039083510637283325,0.13100343327992547,-0.16821377889677258,-0.2809956511787579,0.07269443808651843,-0.643892423895629,-0.31091737239642825,-0.6296987869077597,0.11481291028469773,-0.17008116730877562,-0.28138610474733916,0.07321864785420508,-0.6543736208763048,-0.30397076547998714,-0.6625446278079519
772504.509646531,PLAYBACK,3.83392946398817,0.003929464030079544,0.13023620965896043,-0.16821377889677258,-0.2809956511787579,0.07269443808651843,-0.6450432593270783,-0.31091737239642825,-0.6320004577706566,0.11359201768657354,-0.16998820116741423,-0.2813854725858026,0.0732292019527221,-0.6551263626259107,-0.3039646642414613,-0.6650030552503884
772504.520823029,PLAYBACK,3.8456525000510737,0.00565250008367002,0.1298525978484779,-0.16783016708629006,-0.2809956511787579,0.07231082627603591,-0.6458104829480433,-0.31053376058594573,-0.6350693522545203,0.1121047450624833,-0.16987430779860685,-0.2813847539841485,0.07324089430724744,-0.6559944863140452,-0.3039561016524171,-0.6678132617199152
772504.532171817,PLAYBACK,3.8569012560183182,0.0019012560369446874,0.1290853742275111,-0.16783016708629006,-0.2809956511787579,0.07231082627603591,-0.6469613183794927,-0.31091737239642825,-0.6385218585488683,0.11061767835081412,-0.16975995631904436,-0.28138408825864364,0.07325140485572262,-0.6568166353634695,-0.3039464315254137,-0.6704397064058985
772504.544140062,PLAYBACK,3.867998322006315,0.0029983220156282187,0.12870176241702858,-0.16783016708629006,-0.2813792629892422,0.07231082627603591,-0.648112153810942,-0.31053376058594573,-0.6415907530327303,0.10909234900051634,-0.1696423475183619,-0.2813834565436456,0.07326105577523123,-0.6576195195270738,-0.303935494143914,-0.6729615504261862
772504.555370404,PLAYBACK,3.8827759810956195,0.0077759810956195,0.12755092698557924,-0.16783016708629006,-0.2813792629892422,0.07231082627603591,-0.6492629892423896,-0.31091737239642825,-0.6442760357061115,0.10696895984657108,-0.16947829558102387,-0.2813826571693618,0.07327274580485109,-0.6586803946531596,-0.30391878214025986,-0.6762114916558094
772504.56528343,PLAYBACK,3.890225276001729,0.005225275992415845,0.1267837033646142,-0.16783016708629006,-0.2813792629892422,0.07231082627603591,-0.6500302128633564,-0.31091737239642825,-0.6454268711375608,0.10585758293127841,-0.16939231946272512,-0.2813822735372428,0.07327811599383294,-0.6592133549528453,-0.3039094362556354,-0.6778024939755319
772504.576030355,PLAYBACK,3.9010301620000973,0.006030161981470883,0.12601647974364738,-0.16783016708629006,-0.2809956511787579,0.07231082627603591,-0.6507974364843214,-0.31053376058594573,-0.6492629892423896,0.10419530425445703,-0.16926358869617286,-0.28138174150511686,0.07328526090700548,-0.6599863714639947,-0.30389479982023554,-0.6800535727610403
772504.587647908,PLAYBACK,3.9124546860111877,0.002454685978591442,0.12524925612268234,-0.16821377889677258,-0.2813792629892422,0.07231082627603591,-0.6515646601052882,-0.31053376058594573,-0.6519482719157708,0.1023712277508012,-0.16912209412938228,-0.28138121200151556,0.07329196231330394,-0.6608061690485593,-0.3038779633276189,-0.6823605307104021
772504.598917755,PLAYBACK,3.9236010960303247,0.0036010959884151816,0.124098420691233,-0.16821377889677258,-0.2813792629892422,0.07192721446555339,-0.6523318837262533,-0.31053376058594573,-0.6550171663996345,0.1005238021511025,-0.16897843107502253,-0.2813807299174953,0.07329763108662764,-0.6616111371363431,-0.3038602372049346,-0.6845383920914624
772504.610384579,PLAYBACK,3.9364442080259323,0.00644420797470957,0.1217967498283361,-0.16783016708629006,-0.2813792629892422,0.07192721446555339,-0.6534827191577026,-0.3101501487754632,-0.6580860608834982,0.09830988897206333,-0.168805561157091,-0.28138021905816674,0.07330307106442613,-0.6625482727529186,-0.303838310215674,-0.6869578910381162
772504.621530338,PLAYBACK,3.945621424005367,0.005621424061246216,0.1217967498283361,-0.16821377889677258,-0.2809956511787579,0.07192721446555339,-0.6538663309681851,-0.31053376058594573,-0.6603877317463951,0.0966707460736498,-0.16867687092724193,-0.28137988465702424,0.0733062297800966,-0.6632261650509741,-0.30382172960400716,-0.6886275304370266
772504.632972536,PLAYBACK,3.9575818850426003,0.0025818850845098495,0.11987869077592173,-0.16821377889677258,-0.2809956511787579,0.07192721446555339,-0.654633554589152,-0.31053376058594573,-0.6630730144197763,0.09446172272009307,-0.16850214531288335,-0.28137948881397756,0.07330942679084618,-0.6641222083501813,-0.30379910180495134,-0.6907292428274512
772504.643540527,PLAYBACK,3.9683418340282515,0.0033418340608477592,0.11872785534447239,-0.16821377889677258,-0.2809956511787579,0.07192721446555339,-0.655400778210117,-0.3101501487754632,-0.6657582970931575,0.092403267037197,-0.16833758302051796,-0.2813791726527376,0.07331141533743658,-0.6649422354417,-0.30377790166882146,-0.6925483692814861
772504.655318177,PLAYBACK,3.9788884550798684,0.0038884551031515002,0.11719340810254053,-0.16821377889677258,-0.2813792629892422,0.07192721446555339,-0.6561680018310838,-0.3101501487754632,-0.666909132524605,0.09031976657269608,-0.16816882103210012,-0.28137890047129654,0.07331256070937557,-0.6657602467161703,-0.30375651152739114,-0.6942663011180499
772504.666377912,PLAYBACK,3.992525357985869,0.007525357999838889,0.11450812542915934,-0.16821377889677258,-0.2809956511787579,0.07231082627603591,-0.6569352254520489,-0.3101501487754632,-0.6703616388189513,0.08752890320908305,-0.1679383928927864,-0.28137860489257654,0.07331290061682319,-0.6668406608084384,-0.30372826193655744,-0.6963942627155515
772504.6775545,PLAYBACK,4.002483191085048,0.00248319108504802,0.1137409018081943,-0.16783016708629006,-0.2813792629892422,0.07231082627603591,-0.6577024490730157,-0.3101501487754632,-0.6722796978713674,0.08542205368018016,-0.16776038889906153,-0.2813784295175152,0.0733123769868919,-0.6676467934567543,-0.3037074545452427,-0.6978840963597912
772504.68873193,PLAYBACK,4.013036374002695,0.003036373993381858,0.11182284275577814,-0.16821377889677258,-0.2813792629892422,0.07231082627603591,-0.6584696726939807,-0.3101501487754632,-0.6749649805447469,0.08312599940823953,-0.16756164887085084,-0.28137828082734806,0.0733111627474689,-0.66851770115113,-0.3036854878100228,-0.699407233662392
772504.699743902,PLAYBACK,4.024446530034766,0.00444653001613915,0.10952117189288124,-0.16783016708629006,-0.2813792629892422,0.07231082627603591,-0.6588532845044632,-0.3101501487754632,-0.676883039597163,0.08057075112761759,-0.16733368241884788,-0.2813781625271991,0.0733091586838385,-0.6694790952031695,-0.30366213184523566,-0.7009940779557727
772504.709743074,PLAYBACK,4.034600278013386,0.004600277985446155,0.10760311284046686,-0.16821377889677258,-0.2809956511787579,0.07231082627603591,-0.6600041199359126,-0.3101501487754632,-0.6791847104600599,0.07823398355689477,-0.167117991902279,-0.2813780934670834,0.07330684844318901,-0.6703521910556084,-0.30364197203459625,-0.7023587132229266
772504.720602154,PLAYBACK,4.040081441984512,8.144194725900888e-05,0.10645227740901753,-0.16783016708629006,-0.2813792629892422,0.07231082627603591,-0.6600041199359126,-0.3101501487754632,-0.6791847104600599,0.07694828987429171,-0.166996035023786,-0.28137806994928005,0.07330542476859264,-0.6708303988838527,-0.30363143082374733,-0.7030786593248395
772504.731397972,PLAYBACK,4.050490449066274,0.0004904490197077394,0.10453421835660315,-0.16783016708629006,-0.2813792629892422,0.07192721446555339,-0.6611549553673619,-0.3101501487754632,-0.6811027695124743,0.0744608906320593,-0.166752765709939,-0.28137805084764467,0.07330244374711369,-0.6717516997026203,-0.3036122589940323,-0.7044175316151882
772504.743100999,PLAYBACK,4.067983141052537,0.002983141108416021,0.10146532387273943,-0.16783016708629006,-0.2813792629892422,0.07231082627603591,-0.6623057907988095,-0.3101501487754632,-0.6853224994277873,0.0701522729486159,-0.16630551650389258,-0.28137808922551427,0.0732968938470607,-0.6733370971000544,-0.3035832626890432,-0.7066002172338094
772504.754338214,PLAYBACK,4.0785378069849685,0.003537807031534612,0.09954726482032505,-0.16783016708629006,-0.2809956511787579,0.07192721446555339,-0.6634566262302588,-0.3101501487754632,-0.6872405584802017,0.0674819994598981,-0.16600953541148983,-0.28137815076165595,0.07329343946342515,-0.6743140064162629,-0.3035682190710217,-0.7078886100522568
772504.763736113,PLAYBACK,4.0888228070689365,0.0038228071061894298,0.09686198214694386,-0.16783016708629006,-0.2813792629892422,0.07231082627603591,-0.6642238498512256,-0.3101501487754632,-0.688391393911651,0.06483658171423179,-0.16570024916219747,-0.28137823457777916,0.07329017702325277,-0.6752782614457634,-0.3035556621538272,-0.7091328142668297
772504.774032795,PLAYBACK,4.101008919999003,0.006008920026943088,0.09379308766308014,-0.16783016708629006,-0.2809956511787579,0.07192721446555339,-0.6649910734721907,-0.3097665369649789,-0.6903094529640654,0.06165761523412604,-0.16530514519379705,-0.2813783591609366,0.0732866589573401,-0.6764331458244182,-0.3035437511257833,-0.7106036305946357
772504.785074976,PLAYBACK,4.10985484207049,0.004854842089116573,0.0930258640421151,-0.16783016708629006,-0.2809956511787579,0.07192721446555339,-0.6657582970931575,-0.3097665369649789,-0.6910766765850305,0.05932734118472969,-0.16499767529092607,-0.2813784630457947,0.07328448343415198,-0.6772776842999076,-0.3035372352710155,-0.7116765054973416
772504.796555817,PLAYBACK,4.120450957096182,0.005450957105495036,0.09072419317921643,-0.16783016708629006,-0.2813792629892422,0.07231082627603591,-0.666909132524605,-0.3097665369649789,-0.6941455710688942,0.05651937362809829,-0.1646052003669532,-0.2813785979541731,0.07328245377037061,-0.6782939857150978,-0.30353182117744254,-0.7129762484483952
772504.806913366,PLAYBACK,4.132145898998715,0.0021458989940583706,0.08842252231631953,-0.16783016708629006,-0.2809956511787579,0.07192721446555339,-0.6676763561455719,-0.3097665369649789,-0.6960636301213103,0.05340888454896841,-0.16413984935958748,-0.2813787544841432,0.07328113032985563,-0.6794195422821051,-0.30352876429118764,-0.7144406540003605
772504.818044657,PLAYBACK,4.142806268064305,0.0028062680503353477,0.08612085145342085,-0.16783016708629006,-0.2813792629892422,0.07192721446555339,-0.6684435797665369,-0.3093829251544964,-0.6972144655527579,0.0505718576496136,-0.16368476052655961,-0.2813788987954321,0.07328092998395977,-0.6804478389744492,-0.30352838710648955,-0.7158138118032771
772504.829668953,PLAYBACK,4.155124003067613,0.005124003044329584,0.08266834515907462,-0.16783016708629006,-0.2809956511787579,0.07192721446555339,-0.6695944151979862,-0.30899931334401387,-0.6991325246051723,0.04730230665862521,-0.16312059490116781,-0.2813790611139398,0.073282077927171,-0.6816381145236438,-0.30353025198870015,-0.7174586542127763
772504.840367555,PLAYBACK,4.165146198007278,0.005146197974681854,0.08113389791714276,-0.16783016708629006,-0.2809956511787579,0.07192721446555339,-0.6707452506294356,-0.30899931334401387,-0.7010505836575884,0.044657322513941264,-0.1626304155699083,-0.2813791852775914,0.07328421622243293,-0.6826082719899219,-0.30353296829543025,-0.7188509739091749
772504.852047838,PLAYBACK,4.17641396203544,0.006413961993530393,0.07844861524376334,-0.16783016708629006,-0.2813792629892422,0.07192721446555339,-0.6718960860608831,-0.30899931334401387,-0.7025850308995203,0.041710134314708575,-0.162045649368688,-0.2813793122301832,0.07328799618493818,-0.6837013885764461,-0.30353639156478185,-0.7204803415271437
772504.863429359,PLAYBACK,4.188482639030553,0.003482638974674046,0.07461249713893281,-0.16744655527580576,-0.2809956511787579,0.07192721446555339,-0.67266330968185,-0.30861570153353135,-0.7045030899519347,0.03859700436423857,-0.16138030357535113,-0.2813794295721181,0.07329370300419728,-0.6848765509568827,-0.3035391260937085,-0.7223041844306776
772504.875225986,PLAYBACK,4.1994754649931565,0.004475465044379234,0.07346166170748347,-0.16744655527580576,-0.2809956511787579,0.07192721446555339,-0.6738141451132993,-0.30823208972304705,-0.7060375371938665,0.03581150184583803,-0.16074028277398067,-0.28137951730674055,0.07330037895807526,-0.6859533622895085,-0.30353926959255945,-0.724036426780067
772504.886354502,PLAYBACK,4.212674299022183,0.007674299064092338,0.0692419317921722,-0.16744655527580576,-0.2813792629892422,0.07192721446555339,-0.6753485923552311,-0.30823208972304705,-0.7075719844357984,0.032542220280604515,-0.15993109846354983,-0.28137959700528037,0.07331016718958937,-0.6872593626038469,-0.303534215430499,-0.7262026833426283
772504.898071716,PLAYBACK,4.221703842049465,0.0017038420774042606,0.06809109636072286,-0.16744655527580576,-0.2813792629892422,0.07192721446555339,-0.6764994277866787,-0.30823208972304705,-0.7091064316777302,0.030358044484995583,-0.15935323193499423,-0.28137963534038374,0.07331789640958455,-0.688164862290139,-0.3035260678534469,-0.727736125005523
772504.907807683,PLAYBACK,4.233418491086923,0.0034184911055490375,0.06540581368734166,-0.16706294346532324,-0.2813792629892422,0.07192721446555339,-0.677650263218128,-0.30823208972304705,-0.7106408789196621,0.02759184458856094,-0.1585757087712995,-0.2813796662186203,0.07332904720900552,-0.689359855952005,-0.30350800855736393,-0.729783648196837
772504.918789669,PLAYBACK,4.244169033016078,0.0041690330253914,0.062336919203479724,-0.16706294346532324,-0.2809956511787579,0.07192721446555339,-0.6788010986495774,-0.30784847791256453,-0.7117917143511097,0.025122402132916062,-0.15783592601712024,-0.2813796770944503,0.07334026178002138,-0.690482376678576,-0.3034822871092618,-0.7317161235922635
772504.929632497,PLAYBACK,4.254248048062436,0.004248048062436283,0.05965163653009853,-0.16706294346532324,-0.2809956511787579,0.07192721446555339,-0.679951934081025,-0.30784847791256453,-0.7125589379720765,0.02286814787046828,-0.15712075505673684,-0.2813796736337505,0.07335149786282527,-0.691562657276274,-0.30344867765248745,-0.7335703186447492
772504.941154437,PLAYBACK,4.2681793050142005,0.008179305004887283,0.05619913023575229,-0.16667933165484072,-0.2813792629892422,0.07192721446555339,-0.6807191577019918,-0.307464866102082,-0.7148606088349734,0.01984983046029161,-0.1560999364124302,-0.2813796501926595,0.07336794186371265,-0.6931092912834305,-0.30338448768967025,-0.7361935564666336
772504.952530568,PLAYBACK,4.277075724094175,0.002075724070891738,0.055048294804302955,-0.16667933165484072,-0.2813792629892422,0.07192721446555339,-0.6818699931334411,-0.307464866102082,-0.7167786678873895,0.01798154604504633,-0.15542970731435188,-0.2813796258683541,0.07337885618767963,-0.6941343309076831,-0.303331260430863,-0.7379010632907823
772504.963598307,PLAYBACK,4.287259048083797,0.002259048051200807,0.05197940032043924,-0.1662957198443582,-0.2809956511787579,0.07192721446555339,-0.683404440375373,-0.307464866102082,-0.7175458915083546,0.015899533866941946,-0.15464629185994686,-0.2813795910804541,0.07339160622956419,-0.6953476524739821,-0.30325726732729313,-0.7398822528497312
772504.974544544,PLAYBACK,4.299248334020376,0.00424833397846669,0.049294117647058044,-0.1662957198443582,-0.2813792629892422,0.07192721446555339,-0.6845552758068205,-0.307464866102082,-0.7202311741817358,0.013525474576295458,-0.15370355465671676,-0.28137954326688847,0.07340678965021222,-0.6968355483367485,-0.30315062025381007,-0.7422458712410966
772504.985842585,PLAYBACK,4.309740160009824,0.004740159958600998,0.046608834973678626,-0.1659121080338739,-0.2809956511787579,0.07192721446555339,-0.6853224994277873,-0.3070812542915995,-0.7213820096131833,0.011516302520720273,-0.1528622984898809,-0.2813794977936174,0.0734200640645392,-0.6981937981381364,-0.30303853077185133,-0.7443369456428445
772504.996486823,PLAYBACK,4.323033755063079,0.003033755114302039,0.04200549324788305,-0.16552849622339139,-0.2809956511787579,0.07192721446555339,-0.6864733348592367,-0.3070812542915995,-0.724450904097047,0.0090621274335918,-0.1517774414282675,-0.281379438769657,0.07343663106702412,-0.6999935896222426,-0.3028694769659785,-0.7470101615855852
772505.007715831,PLAYBACK,4.332903789007105,0.002903789049014449,0.040854657816433715,-0.16476127260242635,-0.2809956511787579,0.07192721446555339,-0.6876241702906842,-0.3070812542915995,-0.7263689631494632,0.0073061271483167815,-0.15096032352515676,-0.281379396114344,0.07344859723615692,-0.701388017656361,-0.30272331812472125,-0.7490081091619817
772505.017385051,PLAYBACK,4.34275199205149,0.0027519920840859413,0.03816937514305252,-0.16437766079194205,-0.2809956511787579,0.07192721446555339,-0.6891586175326161,-0.3066976424811152,-0.7279034103913933,0.005610175718383731,-0.15013690005969407,-0.2813793561750555,0.07346013555554777,-0.7028286242301981,-0.3025592025486832,-0.7510100834471803
772505.028444444,PLAYBACK,4.353521179058589,0.0035211790818721056,0.03625131609063814,-0.16399404898145953,-0.2809956511787579,0.07192721446555339,-0.6903094529640654,-0.3066976424811152,-0.7294378576333251,0.003819844541088112,-0.14922913516195965,-0.28137931695893553,0.07347218212354717,-0.7044589133946596,-0.3023582490070809,-0.7532067822494602
772505.039524097,PLAYBACK,4.363970463047735,0.003970463061705232,0.03433325703822376,-0.1632268253604945,-0.2809956511787579,0.07192721446555339,-0.6910766765850305,-0.3066976424811152,-0.7321231403067063,0.0021468414933005515,-0.1483430208044022,-0.28137928454994054,0.07348320089147849,-0.706093028510281,-0.30214141385193194,-0.7553443530666211
772505.051066366,PLAYBACK,4.37654430908151,0.006544309086166322,0.03164797436484257,-0.16245960173952767,-0.2809956511787579,0.07192721446555339,-0.6926111238269623,-0.3066976424811152,-0.734424811169605,0.000217469273384482,-0.1472726893522029,-0.28137925409297543,0.07349546742663332,-0.7081219337972523,-0.3018517471639241,-0.7579239834495574
772505.061978968,PLAYBACK,4.386691044084728,0.0016910440754145384,0.02896269169146315,-0.16207598992904515,-0.2809956511787579,0.07192721446555339,-0.6937619592584117,-0.3066976424811152,-0.7367264820325019,-0.001272709413089657,-0.14640800426078754,-0.2813792367889902,0.07350450457425084,-0.7098029897269883,-0.30159522085521134,-0.7600123233678543
772505.072951415,PLAYBACK,4.397628444014117,0.00262844399549067,0.026661020828564475,-0.16130876630807833,-0.2809956511787579,0.07231082627603591,-0.694912794689861,-0.3063140306706327,-0.7386445410849163,-0.0028121644729331065,-0.14547728529438145,-0.28137922544130317,0.07351333376759446,-0.7116512175175247,-0.30129633132923905,-0.7622718569846693
772505.085224955,PLAYBACK,4.408884203992784,0.003884203964844346,0.024359349965667576,-0.1605415426871133,-0.2809956511787579,0.07231082627603591,-0.6964472419317929,-0.30593041886015016,-0.740946211947815,-0.004323974677387677,-0.14452333217767183,-0.2813792212921368,0.07352140127576763,-0.7135831394584828,-0.3009652047658448,-0.764609042532304
772505.095644282,PLAYBACK,4.42021614999976,0.005216149962507188,0.02167406729228638,-0.15977431906614648,-0.2809956511787579,0.07192721446555339,-0.6979816891737247,-0.30593041886015016,-0.7432478828107119,-0.005771748374310724,-0.14356943726267316,-0.2813792240791186,0.07352846737015983,-0.715547779670306,-0.30060871628365754,-0.766977549417205
772505.107127388,PLAYBACK,4.432780737057328,0.0077807370107620955,0.019756008239872003,-0.15900709544518143,-0.2809956511787579,0.07192721446555339,-0.6995161364156566,-0.30554680704966763,-0.7455495536736105,-0.007289894264286695,-0.14252261468809066,-0.28137923407141197,0.07353507208635024,-0.7177345250649482,-0.30018785846107926,-0.7696260130061263
772505.117971188,PLAYBACK,4.442395513062365,0.0023955131182447076,0.017837949187457625,-0.1582398718242164,-0.2809956511787579,0.07192721446555339,-0.701434195468071,-0.30516319523918334,-0.7467003891050581,-0.008389817125722303,-0.1417314358761545,-0.28137924560099,0.07353927253813844,-0.7194034454503118,-0.2998488456291961,-0.771671055178391
772505.12888885,PLAYBACK,4.453770530992188,0.0037705310387536883,0.01591989013504147,-0.15747264820324958,-0.2809956511787579,0.07192721446555339,-0.7025850308995203,-0.30516319523918334,-0.7501528953994043,-0.009622125598982357,-0.1408089146080161,-0.2813792623368796,0.07354332264591033,-0.7213610633072945,-0.2994303126246434,-0.7741132806949182
772505.139927013,PLAYBACK,4.4644285660469905,0.004428566084243357,0.014001831082627092,-0.15670542458228454,-0.2813792629892422,0.07192721446555339,-0.7045030899519347,-0.30516319523918334,-0.7520709544518205,-0.010709355646503157,-0.13996000251080198,-0.28137927986324107,0.07354625838455035,-0.7231679264756414,-0.299022521185928,-0.7764254175118991
772505.150954706,PLAYBACK,4.475797683000565,0.0057976830285042524,0.012083772030212714,-0.15593820096131772,-0.2813792629892422,0.07192721446555339,-0.7060375371938665,-0.3043959716182183,-0.7539890135042349,-0.011798172844067707,-0.13907316000349623,-0.2813792992015404,0.07354853501588002,-0.7250547840704787,-0.29857258730521585,-0.778918306699698
772505.16082975,PLAYBACK,4.488440109998919,0.0034401100128889084,0.009014877546348998,-0.15478736552986838,-0.2809956511787579,0.07192721446555339,-0.7075719844357984,-0.3040123598077358,-0.7559070725566492,-0.01292487689043627,-0.13811192544333925,-0.2813793199275291,0.07355011770376225,-0.7270912857334756,-0.2980562157806033,-0.7817235061798606
772505.171726171,PLAYBACK,4.496969575062394,0.001969575067050755,0.008631265735866478,-0.15402014190890334,-0.2813792629892422,0.0715436026550691,-0.7091064316777302,-0.3036287479972515,-0.7578251316090636,-0.013636566953068184,-0.13747912563522716,-0.28137933266702564,0.07355067314498936,-0.7284228108248366,-0.2976992801139783,-0.7836364468303081
772505.18285653,PLAYBACK,4.507554149022326,0.0025541490176692605,0.00709681849393462,-0.15325291828793652,-0.2813792629892422,0.07192721446555339,-0.7110244907301446,-0.30286152437628644,-0.758975967040513,-0.014467585862450038,-0.1367119801336456,-0.28137934634576617,0.07355084654470306,-0.7300228207540326,-0.29724759308118925,-0.786034172329764
772505.193744265,PLAYBACK,4.518339197034948,0.0033391970209777355,0.005945983062485283,-0.15248569466697148,-0.2809956511787579,0.07192721446555339,-0.712175326161594,-0.3024779125658039,-0.7620448615243767,-0.015257610754661982,-0.13595105598699692,-0.2813793571974707,0.07355049670841646,-0.7315898995627726,-0.2967779764387593,-0.7885061357489428
772505.204776437,PLAYBACK,4.529076773091219,0.004076773067936301,0.004411535820553425,-0.15133485923552215,-0.2809956511787579,0.07192721446555339,-0.7140933852140083,-0.3020943007553214,-0.7635793087663085,-0.01599035062557009,-0.13521404510134347,-0.28137936432828237,0.07354968328277206,-0.7330840923998467,-0.29630136542640917,-0.7909982844626189
772505.214610953,PLAYBACK,4.541091257007793,0.006091256975196302,0.003260700389105864,-0.1501840238040728,-0.2813792629892422,0.07192721446555339,-0.7156278324559402,-0.3017106889448371,-0.7666482032501722,-0.01675042602695848,-0.13441311180562368,-0.2813793674121881,0.07354829525375663,-0.7346760430517006,-0.29575743658356285,-0.7938264623349776
772505.226451353,PLAYBACK,4.5450613350840285,6.133504211902618e-05,0.002493476768139047,-0.1498004119935903,-0.2813792629892422,0.07192721446555339,-0.7167786678873895,-0.3020943007553214,-0.7666482032501722,-0.016988391786867816,-0.1341538257450676,-0.281379367217233,0.07354773812975228,-0.7351833270534254,-0.29557520409460725,-0.7947707364412361
772505.237703937,PLAYBACK,4.5624338070629165,0.002433807007037103,0.0009590295262071891,-0.1478823529411759,-0.2813792629892422,0.07192721446555339,-0.7190803387502864,-0.3013270771343546,-0.7712515449759678,-0.017957258234125355,-0.13304970616761036,-0.2813793588992861,0.07354480867505334,-0.737292715336293,-0.29476279453262877,-0.7989625951617438
772505.248808798,PLAYBACK,4.572966521023773,0.0029665210749953985,-0.00019180590524214836,-0.14673151750972657,-0.2813792629892422,0.07192721446555339,-0.7209983978027008,-0.30094346532387206,-0.7739368276493472,-0.018490434508309363,-0.1324038911875365,-0.28137934779974333,0.07354270154425242,-0.7384837701166768,-0.29425798800224584,-0.8015528022282132
772505.260027437,PLAYBACK,4.583874064031988,0.003874064073897898,-0.0013426413366897094,-0.145580682078279,-0.2813792629892422,0.07192721446555339,-0.7225328450446327,-0.30017624170290524,-0.7750876630807966,-0.019002196895697866,-0.13175352376700689,-0.28137933148753014,0.07354030906949428,-0.73964716507835,-0.29372512024728553,-0.8042739438880638
772505.271344223,PLAYBACK,4.59734129102435,0.00734129105694592,-0.002877088578621567,-0.14366262302586286,-0.2809956511787579,0.07192721446555339,-0.7240672922865645,-0.2994090180819402,-0.7785401693751428,-0.019580422173279374,-0.130976302275873,-0.2813793048024727,0.07353712204125541,-0.7409852838287165,-0.2930527032881825,-0.8076857258224591
772505.282560357,PLAYBACK,4.606696038041264,0.0016960380598902702,-0.002877088578621567,-0.14327901121538034,-0.2813792629892422,0.07192721446555339,-0.7259853513389789,-0.2990254062714577,-0.7808418402380415,-0.019948947027661743,-0.13045327693759382,-0.281379282264753,0.0735347934884837,-0.7418510631471593,-0.2925760733870424,-0.8100867441068915
772505.293581107,PLAYBACK,4.61805642908439,0.0030564290937036276,-0.0036443121995883843,-0.14174456397344848,-0.2809956511787579,0.07192721446555339,-0.7275197985809108,-0.29825818265049087,-0.7835271229114209,-0.020361815982185363,-0.12983692765746654,-0.28137925090423543,0.07353187788163246,-0.7428328154988029,-0.2919866927436834,-0.8130323485917694
772505.304510361,PLAYBACK,4.6291345990030095,0.004134599003009498,-0.004795147631037722,-0.14059372854199914,-0.2813792629892422,0.0715436026550691,-0.7290542458228426,-0.29787457084000835,-0.7850615701533528,-0.02072960290576559,-0.12925601600065442,-0.28137921664474386,0.07352897711329587,-0.7437176986911119,-0.2914008078750311,-0.8159308997225947
772505.315146794,PLAYBACK,4.64011824701447,0.005118247005157173,-0.005178759441520242,-0.13905928130006906,-0.2809956511787579,0.07192721446555339,-0.730972304875257,-0.29710734721904153,-0.7873632410162514,-0.021062180513290372,-0.12869986627897195,-0.2813791797397995,0.07352607776721724,-0.7445261005527263,-0.2908090392885171,-0.8188242752017627
772505.326134901,PLAYBACK,4.653673363034613,0.008673363015986979,-0.005945983062485283,-0.1375248340581372,-0.2813792629892422,0.0715436026550691,-0.7317395284962238,-0.29595651178759397,-0.7915829709315627,-0.021431450512695106,-0.12804070995359815,-0.2813791312029169,0.07352250975547105,-0.7454326640893582,-0.2900635857561743,-0.8224136005327338
772505.337060698,PLAYBACK,4.66181434399914,0.0018143439665436745,-0.006329594872967803,-0.13675761043717038,-0.2813792629892422,0.07192721446555339,-0.7332739757381557,-0.29557289997710967,-0.7942682536049439,-0.021632800818845794,-0.12765912451997066,-0.2813791009870999,0.073520389936499,-0.745930879224595,-0.2896076043839696,-0.8245756585089336
772505.348564363,PLAYBACK,4.673312769038603,0.003312768996693194,-0.00709681849393462,-0.13560677500572105,-0.2813792629892422,0.0715436026550691,-0.734424811169605,-0.29480567635614463,-0.7969535362783251,-0.021892961235081554,-0.12713804255830757,-0.2813790576225931,0.07351744467920668,-0.7465785950750509,-0.2889524654647403,-0.8276340094945535
772505.358824755,PLAYBACK,4.684202357078902,0.004202357027679682,-0.0074804303044171405,-0.1344559395742735,-0.2809956511787579,0.0715436026550691,-0.7359592584115369,-0.2940384527351778,-0.7996388189517045,-0.022115038548215494,-0.12666328438613744,-0.28137901646094177,0.07351472393796737,-0.7471349743662625,-0.28831927527335555,-0.8305330086734785
772505.370817638,PLAYBACK,4.6950875769834965,0.005087577039375901,-0.008247653925383958,-0.13330510414282415,-0.2809956511787579,0.0715436026550691,-0.7367264820325019,-0.2932712291142128,-0.8019404898146032,-0.022315283876474568,-0.12620622453983643,-0.2813789758842733,0.0735120850648869,-0.7476393414969458,-0.28767295151805017,-0.8334317253346548
772505.382025005,PLAYBACK,4.707113923039287,0.0021139230811968446,-0.008631265735866478,-0.13253788052185733,-0.2809956511787579,0.0715436026550691,-0.737493705653467,-0.29288761730373025,-0.8042421606775001,-0.02251334125324708,-0.12572071044811264,-0.28137893245561557,0.0735092774133593,-0.7481406524832465,-0.28694191334575286,-0.8366343149227805
772505.393255747,PLAYBACK,4.717971871024929,0.002971871057525277,-0.009014877546348998,-0.1317706569008923,-0.2809956511787579,0.0715436026550691,-0.7386445410849163,-0.2913531700617984,-0.8065438315403988,-0.022672999060498317,-0.1252991155094336,-0.28137889514717357,0.07350685064866806,-0.7485465261045007,-0.2862652073730885,-0.8395253426227529
772505.404604255,PLAYBACK,4.72959256998729,0.004592570010572672,-0.009398489356831519,-0.13100343327992547,-0.2809956511787579,0.0715436026550691,-0.7394117647058831,-0.29020233463034906,-0.8096127260242625,-0.022825445898859355,-0.12486470207657437,-0.2813788578713199,0.07350437743221672,-0.7489355434151145,-0.28552180456570025,-0.8426188892081757
772505.415227523,PLAYBACK,4.740657233982347,0.005657233996316791,-0.010165712977798336,-0.13023620965896043,-0.2809956511787579,0.0715436026550691,-0.7401789883268481,-0.2890514991988997,-0.8126816205081262,-0.022954347451163752,-0.12446652292734017,-0.281378825516845,0.07350215062451432,-0.749265648829358,-0.28479397390595923,-0.8455638884544813
772505.425998323,PLAYBACK,4.751809345092624,0.006809345097281039,-0.010932936598763376,-0.1298525978484779,-0.2809956511787579,0.0715436026550691,-0.7413298237582975,-0.28751705195696786,-0.8157505149919881,-0.023069546682499206,-0.12407982556048883,-0.2813787965689635,0.0735000410101989,-0.7495616633553542,-0.2840389992230482,-0.848531723499961
772505.436371762,PLAYBACK,4.762645561015233,0.0026455610059201717,-0.011316548409247673,-0.1294689860379954,-0.2809956511787579,0.0715436026550691,-0.7420970473792625,-0.2867498283360028,-0.8184357976653693,-0.023168457730230723,-0.12371763290053443,-0.28137877247629206,0.07349812840011122,-0.7498167137865664,-0.2832832207139167,-0.8514151595722929
772505.447828878,PLAYBACK,4.772606950020418,0.0026069500017911196,-0.012083772030212714,-0.1290853742275111,-0.2809956511787579,0.0715436026550691,-0.7428642710002293,-0.2863662165255203,-0.8211210803387505,-0.02324893279795868,-0.12339607882425908,-0.28137875425533226,0.07349649585706748,-0.7500249996589617,-0.2825677474622874,-0.8540655992952839
772505.459218394,PLAYBACK,4.783924177987501,0.003924177959561348,-0.012467383840695234,-0.1290853742275111,-0.2809956511787579,0.0715436026550691,-0.7436314946211944,-0.2855989929045535,-0.82380636301213,-0.023329155899574676,-0.12304361318284288,-0.28137873859204093,0.07349479458683245,-0.7502335941668764,-0.28172908771124694,-0.8570766297781629
772505.470624853,PLAYBACK,4.795182072091848,0.005182072054594755,-0.012850995651179531,-0.12870176241702858,-0.2809956511787579,0.0715436026550691,-0.7440151064316787,-0.28444815747310415,-0.8268752574959937,-0.02339806599845014,-0.122706195735773,-0.2813787288175825,0.07349327227617164,-0.7504139252895756,-0.2808656511642077,-0.8600717940979745
772505.48125853,PLAYBACK,4.805392899084836,0.005392899038270116,-0.013618219272144572,-0.12870176241702858,-0.2809956511787579,0.0715436026550691,-0.7447823300526437,-0.2840645456626216,-0.8284097047379255,-0.023451927436812077,-0.1224112717980089,-0.2813787253724262,0.07349204543267489,-0.7505560636132337,-0.2800555832042688,-0.8627883896051055
772505.491959167,PLAYBACK,4.8184664230793715,0.003466423135250807,-0.014385442893111389,-0.1290853742275111,-0.2813792629892422,0.0715436026550691,-0.7451659418631262,-0.2832973220416566,-0.8326294346532386,-0.023509921912015196,-0.12204875549868377,-0.28137872906617467,0.0734906993254859,-0.7507111294575802,-0.27897825212272515,-0.8662667127283674
772505.50347742,PLAYBACK,4.828117748023942,0.0031177480705082417,-0.014769054703593909,-0.1290853742275111,-0.2813792629892422,0.0715436026550691,-0.745933165484093,-0.28214648661020725,-0.8360819409475848,-0.023545497200182747,-0.12179181592602183,-0.28137873801156926,0.07348987541761794,-0.7508080775623749,-0.27815200055410827,-0.8688346727308291
772505.514903586,PLAYBACK,4.839514849008992,0.004514849046245217,-0.01515266651407643,-0.12870176241702858,-0.2813792629892422,0.0715436026550691,-0.7463167772945756,-0.2813792629892422,-0.839534447241931,-0.02358029988259491,-0.1214999105713891,-0.2813787557823103,0.07348909776705136,-0.7509054460349287,-0.2771400601558255,-0.8718673640274711
772505.527138963,PLAYBACK,4.851106903050095,0.00610690307803452,-0.01553627832455895,-0.1290853742275111,-0.2809956511787579,0.0715436026550691,-0.7467003891050581,-0.28022842755779287,-0.8422197299153122,-0.023608404270609527,-0.12121566026852827,-0.2813787822628004,0.07348853456208393,-0.750987590627307,-0.27606783924441625,-0.8749522531226479
772505.538996997,PLAYBACK,4.863357219030149,0.0033572190441191196,-0.01591989013504147,-0.1290853742275111,-0.2809956511787579,0.0715436026550691,-0.7467003891050581,-0.27946120393682605,-0.8456722362096585,-0.023630914392196258,-0.12092901827990611,-0.28137881988643065,0.07348820267574797,-0.751058349049284,-0.274884208755722,-0.878212742504126
772505.550347889,PLAYBACK,4.875781237031333,0.005781237035989761,-0.016303501945525767,-0.12870176241702858,-0.2809956511787579,0.0715436026550691,-0.7470840009155406,-0.278693980315861,-0.8483575188830397,-0.023647025614563322,-0.12065267908118403,-0.28137886855484645,0.07348815838383606,-0.751115873552061,-0.2736268184481692,-0.8815199487580981
772505.562733504,PLAYBACK,4.8867956950562075,0.006795695051550865,-0.016687113756008287,-0.1290853742275111,-0.2813792629892422,0.0715436026550691,-0.7474676127260249,-0.2775431448844117,-0.8514264133669034,-0.02365631030006437,-0.12041978622953539,-0.28137892080892013,0.07348837954022898,-0.7511570138175397,-0.27246062850276453,-0.8844523152574544
772505.572472147,PLAYBACK,4.897791907074861,0.002791907056234777,-0.017454337376973328,-0.12870176241702858,-0.2813792629892422,0.07192721446555339,-0.7478512245365074,-0.27639230945296234,-0.8544953078507671,-0.023661468229150027,-0.12019865889900047,-0.2813789816621665,0.073488858371715,-0.751190751090547,-0.27124483090020146,-0.8873800260445505
772505.58451248,PLAYBACK,4.9085001579951495,0.003500157967209816,-0.017454337376973328,-0.12870176241702858,-0.2809956511787579,0.07192721446555339,-0.74823483634699,-0.2756250858319973,-0.8571805905241465,-0.02366305178605214,-0.11999432987038951,-0.28137904929915786,0.07348958597221715,-0.7512182846597351,-0.2700082837936846,-0.8902309172310279
772505.595037329,PLAYBACK,4.919715060037561,0.004715060000307858,-0.017837949187457625,-0.12870176241702858,-0.2809956511787579,0.0715436026550691,-0.7486184481574725,-0.2748578622110305,-0.8602494850080102,-0.023661599030341488,-0.11979210990371153,-0.2813791289033602,0.07349063957280678,-0.7512433070800507,-0.26865430466879564,-0.893215816374072
772505.606589297,PLAYBACK,4.932958058081567,0.007958058035001159,-0.018221560997940145,-0.12870176241702858,-0.2809956511787579,0.0715436026550691,-0.7486184481574725,-0.27409063859006544,-0.863318379491874,-0.023656507365112395,-0.11956908938428969,-0.2813792340575496,0.07349228982782333,-0.7512703413560448,-0.26697341093252314,-0.896737569772798
772505.61705355,PLAYBACK,4.942528628045693,0.0025286281015723944,-0.018221560997940145,-0.12831815060654606,-0.2813792629892422,0.07192721446555339,-0.7490020599679568,-0.2733234149691004,-0.8663872739757377,-0.023651010165030142,-0.11941874664804651,-0.28137931709995667,0.07349377060291686,-0.7512897785041112,-0.26570071441459103,-0.899278969867128
772505.627628165,PLAYBACK,4.952660684008151,0.0026606840547174215,-0.018605172808422665,-0.12793453879606353,-0.2813792629892422,0.07192721446555339,-0.7490020599679568,-0.2725561913481336,-0.8679217212176695,-0.02364392127243499,-0.11926968312537162,-0.2813794108160458,0.07349561401660687,-0.7513116159897932,-0.26429843387703095,-0.9019639524722524
772505.638153465,PLAYBACK,4.962744118063711,0.002744118100963533,-0.018605172808422665,-0.12793453879606353,-0.2813792629892422,0.07192721446555339,-0.7493856717784393,-0.27178896772716854,-0.8706070038910507,-0.023635918841919443,-0.11913182486744706,-0.2813795091870824,0.07349774071746086,-0.7513358121169266,-0.2628454067994665,-0.9046280488741135
772505.649789914,PLAYBACK,4.97458392707631,0.004583927104249597,-0.018605172808422665,-0.12793453879606353,-0.2809956511787579,0.07192721446555339,-0.7493856717784393,-0.2710217441062017,-0.8744431219958795,-0.023625771969307503,-0.11898351920117166,-0.28137962976893943,0.07350062276625222,-0.7513688613214587,-0.2610647208119784,-0.9077424070458985
772505.661076223,PLAYBACK,4.987576315063052,0.007576315081678331,-0.018605172808422665,-0.12755092698557924,-0.2813792629892422,0.0715436026550691,-0.7497692835889218,-0.2698709086747524,-0.8778956282902257,-0.02361428409197652,-0.11883782481426736,-0.2813797660554187,0.07350427860565822,-0.751412738970585,-0.2590168472835239,-0.9111378781628038
772505.672794238,PLAYBACK,4.9976090010022745,0.0026090010069310665,-0.018988784618905186,-0.12716731517509672,-0.2813792629892422,0.0715436026550691,-0.7501528953994043,-0.26910368505378734,-0.881348134584572,-0.023605541871838324,-0.11873757057262614,-0.2813798721943068,0.07350746334627624,-0.7514532390416159,-0.257367853587328,-0.913740804087889
772505.682530927,PLAYBACK,5.007057858048938,0.002057858044281602,-0.018988784618905186,-0.12716731517509672,-0.2813792629892422,0.07192721446555339,-0.7501528953994043,-0.26833646143282053,-0.8828825818265038,-0.02359766611521182,-0.11865286936150252,-0.2813799712671852,0.07351075588745883,-0.7514974023083468,-0.2557607956916931,-0.9161750609221685
772505.693016982,PLAYBACK,5.018579127034172,0.003579127020202577,-0.018988784618905186,-0.12640009155413168,-0.2813792629892422,0.07192721446555339,-0.7501528953994043,-0.26718562600137297,-0.8871023117418169,-0.02358881317130855,-0.11856219580892173,-0.2813800887263642,0.0735151597301082,-0.7515599297731967,-0.2537303416694677,-0.9191187598559183
772505.703648064,PLAYBACK,5.029021939029917,0.004021939006634057,-0.018988784618905186,-0.12640009155413168,-0.2813792629892422,0.0715436026550691,-0.7505365072098886,-0.26603479056992363,-0.8882531471732662,-0.02358173315600956,-0.1184917466298271,-0.2813801898138807,0.0735195235831926,-0.7516254419001653,-0.25182268065410146,-0.9217625069645227
772505.714877634,PLAYBACK,5.04145660798531,0.006456607952713966,-0.018988784618905186,-0.12601647974364738,-0.2809956511787579,0.0715436026550691,-0.7505365072098886,-0.2648839551384743,-0.8928564888990618,-0.023574732468462565,-0.1184219920328795,-0.28138030042090306,0.07352518326500442,-0.7517150104403508,-0.249467861650507,-0.9248795581138819
772505.726889293,PLAYBACK,5.045061326003633,6.132596172392368e-05,-0.018988784618905186,-0.12601647974364738,-0.2809956511787579,0.0715436026550691,-0.7505365072098886,-0.2648839551384743,-0.8936237125200268,-0.02357302633424306,-0.1184045625686334,-0.2813803300101802,0.07352691818124847,-0.7517433903069619,-0.24876831487802187,-0.9257768839810713
772505.737440442,PLAYBACK,5.062031296081841,0.0020312960259616375,-0.018988784618905186,-0.12524925612268234,-0.2809956511787579,0.0715436026550691,-0.7509201190203711,-0.2625822842755774,-0.8978434424353399,-0.023567126769110856,-0.11833865800485127,-0.2813804506813504,0.0735356525432928,-0.751891821517477,-0.2453731981207309,-0.9299642809746921
772505.749082102,PLAYBACK,5.073340428061783,0.0033404281130060554,-0.019372396429389482,-0.12486564431219982,-0.2809956511787579,0.0715436026550691,-0.7509201190203711,-0.26143144884412806,-0.9009123369192036,-0.023565249042584877,-0.11830881516062673,-0.2813805108621855,0.0735419886742725,-0.7520043239635106,-0.24301753319262867,-0.9327226273850033
772505.759113465,PLAYBACK,5.084276566049084,0.004276566090993583,-0.018988784618905186,-0.12486564431219982,-0.2813792629892422,0.0715436026550691,-0.7513037308308537,-0.2602806134126787,-0.9020631723506511,-0.023565038586615156,-0.11828993021531437,-0.28138055083432484,0.07354850236629297,-0.7521232678052632,-0.24066895189342455,-0.9353676007415282
772505.770051967,PLAYBACK,5.095850976067595,0.005850976100191474,-0.018988784618905186,-0.124098420691233,-0.2813792629892422,0.0715436026550691,-0.7513037308308537,-0.25874616617074686,-0.9066665140764467,-0.02356652131948079,-0.1182798826096786,-0.2813805712419447,0.07355580289540596,-0.75225966317547,-0.23810790322042913,-0.9381454301247328
772505.780547981,PLAYBACK,5.100070612039417,7.061206270009279e-05,-0.018988784618905186,-0.124098420691233,-0.2809956511787579,0.0715436026550691,-0.7509201190203711,-0.25874616617074686,-0.9066665140764467,-0.023567487653042132,-0.11827860374607528,-0.28138057264821276,0.07355856657966744,-0.7523119745980377,-0.23715501043032236,-0.9391531828581222
772505.791369739,PLAYBACK,5.110378195066005,0.00037819507997483015,-0.018988784618905186,-0.12371480888075048,-0.2813792629892422,0.0715436026550691,-0.7513037308308537,-0.2575953307392993,-0.9093517967498279,-0.023570766340657356,-0.11828047365240835,-0.2813805617103765,0.0735655420138542,-0.7524452855782173,-0.2347843666642211,-0.9416050144609086
772505.800746168,PLAYBACK,5.1259606460807845,0.0009606460807844996,-0.018988784618905186,-0.12333119707026796,-0.2813792629892422,0.0715436026550691,-0.7513037308308537,-0.2552936598764006,-0.9131879148546567,-0.023578025255701938,-0.11829557549888697,-0.2813805045135211,0.07357667032313354,-0.7526605937747577,-0.23108641628336546,-0.9452884188174728
772505.812233271,PLAYBACK,5.136159811983816,0.0011598119745031,-0.018988784618905186,-0.12294758525978366,-0.2809956511787579,0.07192721446555339,-0.7516873426413362,-0.2545264362554356,-0.9158731975280379,-0.02358410541284744,-0.11831249800932689,-0.28138043964616144,0.07358431131352751,-0.7528094281648765,-0.22859410381658693,-0.9476860020585657
772505.82323806,PLAYBACK,5.148911818047054,0.0039118180284276605,-0.018988784618905186,-0.12256397344930114,-0.2813792629892422,0.07192721446555339,-0.7516873426413362,-0.2518411535820544,-0.9193257038223841,-0.02359292936233791,-0.11834027547149295,-0.28138032801121476,0.07359422185615849,-0.7530027044837782,-0.22540396241452904,-0.9506685870353268
772505.834189647,PLAYBACK,5.158265953999944,0.003265953972004354,-0.018988784618905186,-0.12256397344930114,-0.2809956511787579,0.0715436026550691,-0.7516873426413362,-0.25030670634012253,-0.9223945983062478,-0.02360008417002688,-0.11836456299376766,-0.2813802253758194,0.07360170984007017,-0.7531483837198268,-0.22301757413266599,-0.9528436768848687
772505.845677231,PLAYBACK,5.169971705996431,0.004971705959178507,-0.019372396429389482,-0.12218036163881862,-0.2813792629892422,0.07192721446555339,-0.7516873426413362,-0.24800503547722563,-0.9254634927901115,-0.023609599213465355,-0.11839862124045777,-0.2813800743560364,0.07361128626132932,-0.7533336559515833,-0.21998637337668428,-0.9555456660927384
772505.856954973,PLAYBACK,5.181303612072952,0.00130361202172935,-0.019372396429389482,-0.1217967498283361,-0.2813792629892422,0.07192721446555339,-0.7520709544518205,-0.24531975280384444,-0.9281487754634927,-0.02361913848412411,-0.1184344504302881,-0.2813799076229563,0.07362071208097783,-0.7535143486969893,-0.21701663775813929,-0.9581343759642994
772505.868664693,PLAYBACK,5.192656278028153,0.0026562780840322375,-0.019372396429389482,-0.1217967498283361,-0.2813792629892422,0.07192721446555339,-0.7520709544518205,-0.24263447013046324,-0.9308340581368721,-0.023628749190285035,-0.11847214373932738,-0.2813797249235965,0.07363024181499755,-0.7536948853396049,-0.21401903293425426,-0.9606955245771668
772505.87947577,PLAYBACK,5.207099857041612,0.007099857088178396,-0.019756008239872003,-0.12141313801785181,-0.2809956511787579,0.07192721446555339,-0.752454566262303,-0.239181963836117,-0.9335193408102533,-0.023640683951479235,-0.11852129498013449,-0.28137947837737437,0.07364239909037733,-0.753921491029474,-0.21018829519116738,-0.9639015738222867
772505.890803919,PLAYBACK,5.215733241057023,0.005733241094276309,-0.019756008239872003,-0.12141313801785181,-0.2809956511787579,0.07192721446555339,-0.752454566262303,-0.2368802929732201,-0.9362046234836345,-0.02364751058613231,-0.11855073199128303,-0.2813793281463833,0.07364964586869785,-0.7540543808385651,-0.20789456368416917,-0.9657889012499749
772505.901565432,PLAYBACK,5.226467211032286,0.0014672110555693507,-0.019756008239872003,-0.12102952620736929,-0.2813792629892422,0.07192721446555339,-0.752454566262303,-0.23457862211032143,-0.9373554589150839,-0.02365555927985009,-0.11858691702982221,-0.28137914349730236,0.07365860428307917,-0.754216263515215,-0.2050414840648376,-0.9681055218522395
772505.913765421,PLAYBACK,5.237924788030796,0.0029247880447655916,-0.020139620050354523,-0.12102952620736929,-0.2809956511787579,0.07192721446555339,-0.7528381780727855,-0.23189333943694201,-0.9408079652094301,-0.02366351839890708,-0.11862462609217121,-0.281378954995066,0.07366807564287987,-0.7543844619542484,-0.2019959550355825,-0.9705429475839439
772505.925061458,PLAYBACK,5.249768534093164,0.00476853409782052,-0.020139620050354523,-0.12102952620736929,-0.2809956511787579,0.07192721446555339,-0.7528381780727855,-0.22959166857404334,-0.9434932478828095,-0.023670978759576508,-0.11866223287830328,-0.28137877680747636,0.0736777384381745,-0.7545529147562063,-0.19884828408355615,-0.9730257738341308
772505.935284068,PLAYBACK,5.261146088014357,0.006146088009700179,-0.020139620050354523,-0.12064591439688677,-0.2809956511787579,0.07192721446555339,-0.753221789883268,-0.22767360952162896,-0.9461785305561907,-0.023677360043228693,-0.11869676646439857,-0.28137862879645353,0.07368687296933042,-0.7547092796725557,-0.19582510422695593,-0.9753770630697538
772505.946810256,PLAYBACK,5.270590025000274,0.005590024986304343,-0.020523231860837043,-0.12026230258640425,-0.2813792629892422,0.07192721446555339,-0.753221789883268,-0.22537193865873206,-0.9477129777981226,-0.023682051782350146,-0.11872410184629158,-0.28137852818289705,0.0736943283388945,-0.7548348895991036,-0.1933161108445265,-0.9773042967850101
772505.957790207,PLAYBACK,5.282739276997745,0.00273927696980536,-0.020523231860837043,-0.12026230258640425,-0.2813792629892422,0.07231082627603591,-0.7536054016937523,-0.2234538796063159,-0.9515490959029513,-0.023687269974487245,-0.11875735950237172,-0.2813784349925381,0.07370372932187683,-0.754990824084162,-0.19008882072917224,-0.9797515827051815
772505.968304827,PLAYBACK,5.293681547045708,0.0036815470084547997,-0.020523231860837043,-0.11987869077592173,-0.2809956511787579,0.07192721446555339,-0.7536054016937523,-0.22153582055390153,-0.9542343785763325,-0.023691185816037436,-0.11878539309572517,-0.28137839197525105,0.07371199472676157,-0.7551258051226934,-0.18718247270706156,-0.9819251838619021
772505.979604722,PLAYBACK,5.304338910034858,0.004338909988291562,-0.020523231860837043,-0.11987869077592173,-0.2809956511787579,0.07192721446555339,-0.7539890135042349,-0.21961776150148715,-0.9569196612497137,-0.02369429900177156,-0.11881090628543843,-0.28137839274415727,0.07371984496702276,-0.7552523344094965,-0.18435201550215713,-0.9840144146609356
772505.991405115,PLAYBACK,5.317607717006467,0.007607716950587928,-0.02090684367132134,-0.11949507896543743,-0.2813792629892422,0.07231082627603591,-0.7539890135042349,-0.21731609063858848,-0.9596049439230931,-0.023697240808204095,-0.1188401904997154,-0.28137845970400327,0.0737293219140146,-0.7554031821947054,-0.1808281992748701,-0.9865771194012987
772506.002446374,PLAYBACK,5.326811114093289,0.001811114139854908,-0.02090684367132134,-0.11949507896543743,-0.2813792629892422,0.07231082627603591,-0.7539890135042349,-0.2153980315861741,-0.9619066147859918,-0.02369869854951726,-0.11885890235560513,-0.28137855323837074,0.07373568996436036,-0.7555035666114658,-0.17838412530356457,-0.988329382682866
772506.01360122,PLAYBACK,5.338051985017955,0.003051985055208206,-0.02090684367132134,-0.11911146715495491,-0.2809956511787579,0.07231082627603591,-0.7543726253147174,-0.21386358434424224,-0.9638246738384062,-0.023699866122963112,-0.11888001872020292,-0.2813787240138509,0.07374322769195159,-0.7556216147633229,-0.17539902340463448,-0.9904411950621572
772506.025023319,PLAYBACK,5.348936754046008,0.003936754073947668,-0.02090684367132134,-0.11911146715495491,-0.2813792629892422,0.07231082627603591,-0.7543726253147174,-0.21117830167086282,-0.9657427328908206,-0.0237003921369524,-0.11889870115235185,-0.28137895229291254,0.07375026467751121,-0.7557313258478104,-0.17250849908292537,-0.9924560296814277
772506.035765976,PLAYBACK,5.359406769042835,0.004406769061461091,-0.02090684367132134,-0.11872785534447239,-0.2809956511787579,0.07192721446555339,-0.7543726253147174,-0.20887663080796415,-0.9684280155642018,-0.023700375883731317,-0.1189151003286394,-0.2813792334211813,0.07375678155991348,-0.7558327839832635,-0.16972809530980276,-0.9943658155449204
772506.04637701,PLAYBACK,5.371661022072658,0.0016610220773145556,-0.02129045548180386,-0.11872785534447239,-0.2809956511787579,0.07192721446555339,-0.7543726253147174,-0.20695857175554977,-0.971880521858548,-0.023699759058251245,-0.11893243734492523,-0.28137964257897474,0.07376408556479705,-0.7559467350746127,-0.16647381338206843,-0.9965653868222195
772506.057849716,PLAYBACK,5.382657253998332,0.0026572539936751127,-0.02129045548180386,-0.11834424353398987,-0.2809956511787579,0.07231082627603591,-0.7543726253147174,-0.20465690089265287,-0.9741821927214467,-0.023698706475355297,-0.11894639198230496,-0.2813800859631016,0.07377033536185544,-0.7560448553685308,-0.16355353779603865,-0.998506004298508
772506.067838758,PLAYBACK,5.392490047030151,0.0024900470161810517,-0.02129045548180386,-0.11834424353398987,-0.2809956511787579,0.07231082627603591,-0.7543726253147174,-0.20197161821927168,-0.9749494163424117,-0.023697404970333152,-0.11895767231125894,-0.28138054519920985,0.0737756753278981,-0.7561295083556678,-0.16094215925077357,-1.0002144605597139
772506.078869988,PLAYBACK,5.404938503052108,0.004938503028824925,-0.02129045548180386,-0.11796063172350557,-0.2809956511787579,0.07231082627603591,-0.7547562371251999,-0.19851911192492544,-0.9780183108262754,-0.02369532292262011,-0.11897045357906315,-0.28138121334611776,0.07378209414709216,-0.7562328197342254,-0.15763599470997228,-1.002340710222177
772506.090497229,PLAYBACK,5.414597553084604,0.004597553052008152,-0.02167406729228638,-0.11796063172350557,-0.2813792629892422,0.07231082627603591,-0.7547562371251999,-0.1950666056305792,-0.9791691462577248,-0.023693412055885935,-0.11897930899919978,-0.2813817994656031,0.07378680890842049,-0.756310251553549,-0.15507056067157848,-1.0039620755652838
772506.101216882,PLAYBACK,5.4267964800819755,0.006796480040065944,-0.02167406729228638,-0.11757701991302305,-0.2813792629892422,0.07231082627603591,-0.7551398489356842,-0.1919977111467155,-0.982621652552071,-0.023690680895843454,-0.11898929287442496,-0.28138262491817523,0.0737924292170539,-0.756404967287121,-0.1518304003236415,-1.0059740672447304
772506.112493993,PLAYBACK,5.436134465038776,0.0011344649828970432,-0.02167406729228638,-0.11757701991302305,-0.2813792629892422,0.07231082627603591,-0.7551398489356842,-0.18892881666285177,-0.9841560997940029,-0.02368838431371887,-0.11899611640382221,-0.2813833211759493,0.07379647855116181,-0.7564753801237872,-0.14935002784105178,-1.00748717365634
772506.12290854,PLAYBACK,5.448406493058428,0.00340649310965091,-0.0220576791027689,-0.11757701991302305,-0.2813792629892422,0.07231082627603591,-0.7547562371251999,-0.18585992217898806,-0.9860741588464172,-0.023685140754279275,-0.11900412605570712,-0.2813843208108925,0.07380146670667634,-0.7565654947465389,-0.14609016419439128,-1.0094400249506492
772506.133467445,PLAYBACK,5.457871571066789,0.002871571108698845,-0.0220576791027689,-0.11757701991302305,-0.2813792629892422,0.07231082627603591,-0.7551398489356842,-0.18317463950560686,-0.9868413824673823,-0.023682495506833608,-0.11900964588039573,-0.2813851568909653,0.0738050559152038,-0.7566333576678905,-0.1435758073521307,-1.0109185506199099
772506.144727353,PLAYBACK,5.469480226980522,0.004480227013118565,-0.0220576791027689,-0.11719340810254053,-0.2813792629892422,0.07231082627603591,-0.7551398489356842,-0.18048935683222567,-0.9895266651407635,-0.02367911804907102,-0.11901573962917707,-0.2813862585989948,0.0738091529758421,-0.7567149458105756,-0.14049188364232626,-1.0126991484121148
772506.155767249,PLAYBACK,5.481830473989248,0.00683047401253134,-0.022441290913253198,-0.11719340810254053,-0.2813792629892422,0.07231082627603591,-0.7551398489356842,-0.1785712977798113,-0.9914447241931779,-0.023675406134343303,-0.11902152872653245,-0.28138752107584664,0.07381314610262489,-0.7568001293535269,-0.1372107898577862,-1.014554088974251
772506.165593159,PLAYBACK,5.491298899054527,0.0012988990638405085,-0.022441290913253198,-0.11719340810254053,-0.2813792629892422,0.07231082627603591,-0.7551398489356842,-0.17588601510643187,-0.9937463950560765,-0.023672504808299008,-0.11902556553952351,-0.2813885504279942,0.07381595510581235,-0.756864566750605,-0.13469520033590396,-1.0159489129440145
772506.171492935,PLAYBACK,5.495255090063438,0.00025509006809443235,-0.022441290913253198,-0.11719340810254053,-0.2813792629892422,0.07231082627603591,-0.7551398489356842,-0.17550240329594757,-0.9937463950560765,-0.023671283277301777,-0.11902716483601751,-0.2813889959400258,0.07381706460489913,-0.756891318510486,-0.13364408406502915,-1.016524755538142
772506.18194787,PLAYBACK,5.506499579059891,0.0014995790552347898,-0.022441290913253198,-0.11719340810254053,-0.2813792629892422,0.07269443808651843,-0.7551398489356842,-0.17320073243305067,-0.9956644541084909,-0.02366779571035547,-0.11903147564752978,-0.2813903104625469,0.07382001396071423,-0.7569669579127287,-0.13065646019969798,-1.0181392693016018
772506.193664944,PLAYBACK,5.518275525071658,0.0032755250576883554,-0.022441290913253198,-0.11719340810254053,-0.2813792629892422,0.07231082627603591,-0.7551398489356842,-0.17051544975966948,-0.9987333485923546,-0.023664140790285847,-0.11903569454328251,-0.281391761019969,0.07382278375196996,-0.7570458184926857,-0.1275274960575739,-1.0197953510016966
772506.204915814,PLAYBACK,5.529824838042259,0.004824838018976152,-0.02282490272373572,-0.11719340810254053,-0.2813792629892422,0.07231082627603591,-0.7555234607461667,-0.16821377889677258,-1.0014186312657358,-0.02366057906553891,-0.11903963058547731,-0.28139325333644527,0.07382519003107835,-0.7571231585653203,-0.12445862483560136,-1.0213856708716342
772506.215771598,PLAYBACK,5.541595114045776,0.006595114013180137,-0.02282490272373572,-0.11757701991302305,-0.2813792629892422,0.07269443808651843,-0.7555234607461667,-0.1659121080338739,-1.0029530785076677,-0.023656994781303335,-0.11904352459164956,-0.2813948407931072,0.07382733409673435,-0.7572023366806065,-0.1213309238106903,-1.0229726478288539
772506.226865047,PLAYBACK,5.551949246088043,0.0019492460414767265,-0.02282490272373572,-0.11719340810254053,-0.2813792629892422,0.07269443808651843,-0.7555234607461667,-0.16399404898145953,-1.0044875257495995,-0.023653894517002286,-0.11904691694087766,-0.28139628890461943,0.07382896980744583,-0.7572725776982797,-0.1185794502845261,-1.0243411957448718
772506.236987404,PLAYBACK,5.562414449988864,0.0024144499329850078,-0.02282490272373572,-0.11719340810254053,-0.2813792629892422,0.07269443808651843,-0.7559070725566492,-0.16130876630807833,-1.0052547493705646,-0.023650822109245236,-0.11905036887852498,-0.28139779773091506,0.07383039172905005,-0.7573444011035593,-0.11579839754229657,-1.0256989823371105
772506.248424893,PLAYBACK,5.573011298081838,0.003011298133060336,-0.02282490272373572,-0.11719340810254053,-0.2813792629892422,0.07269443808651843,-0.7562906843671318,-0.15862348363469891,-1.007172808422979,-0.023647782140234795,-0.11905393779226169,-0.2813993676438157,0.07383160167006687,-0.757418244176355,-0.11298231157151091,-1.0270485390462063
772506.259467995,PLAYBACK,5.584350307006389,0.0043503070482984185,-0.02320851453421824,-0.11757701991302305,-0.2813792629892422,0.07307804989700095,-0.7562906843671318,-0.15593820096131772,-1.0098580910963602,-0.023644615886837396,-0.11905789155851612,-0.2814010893518535,0.07383264870083674,-0.7574988129069632,-0.10996895859559296,-1.0284653270733428
772506.270912136,PLAYBACK,5.596484350040555,0.00648435007315129,-0.02320851453421824,-0.11757701991302305,-0.2813792629892422,0.07269443808651843,-0.7562906843671318,-0.15248569466697148,-1.0117761501487745,-0.02364133308666842,-0.11906233599413706,-0.2814029732612924,0.07383349616989786,-0.7575871886900952,-0.1067442951496573,-1.029951373200438
772506.282697701,PLAYBACK,5.606728911981918,0.0017289120005443692,-0.02320851453421824,-0.11719340810254053,-0.2813792629892422,0.07307804989700095,-0.7562906843671318,-0.14941680018310777,-1.0133105973907064,-0.02363864945309598,-0.11906630384069117,-0.28140459185183375,0.07383400062609007,-0.7576638465460965,-0.10402175422991211,-1.0311827724269658
772506.29295644,PLAYBACK,5.617138150031678,0.0021381500409916043,-0.02320851453421824,-0.11719340810254053,-0.2813792629892422,0.07307804989700095,-0.7562906843671318,-0.14596429388876153,-1.0140778210116732,-0.023636006448779404,-0.1190705747640469,-0.28140625767910593,0.07383432335139596,-0.7577439387355758,-0.10125544401503951,-1.0324130827183626
772506.303980717,PLAYBACK,5.62859657802619,0.0035965780261904,-0.02320851453421824,-0.11719340810254053,-0.2813792629892422,0.07307804989700095,-0.7562906843671318,-0.14327901121538034,-1.0171467154955351,-0.02363319449904122,-0.11907559499482893,-0.2814081101375818,0.07383446671423392,-0.7578350044792898,-0.09821030448021059,-1.033744137030507
772506.314021608,PLAYBACK,5.6400479330914095,0.005047933082096279,-0.02320851453421824,-0.11757701991302305,-0.2813792629892422,0.07307804989700095,-0.7566742961776143,-0.14021011673151662,-1.018681162737467,-0.02363048454239896,-0.1190809870011284,-0.2814099743130002,0.07383439844555946,-0.7579294247795779,-0.09516704603531967,-1.0350512108520307
772506.325457213,PLAYBACK,5.650986104039475,0.00598610402084887,-0.02320851453421824,-0.11719340810254053,-0.2813792629892422,0.07307804989700095,-0.7566742961776143,-0.1371412222476529,-1.0194483863584338,-0.023627986521691766,-0.11908652440351893,-0.2814117603394076,0.07383414565307961,-0.7580231640966417,-0.09226017088466065,-1.0362792554476317
772506.337032756,PLAYBACK,5.661982988007367,0.00698298797942698,-0.02320851453421824,-0.11757701991302305,-0.2813792629892422,0.07307804989700095,-0.7570579079880986,-0.134839551384756,-1.0213664454108482,-0.023625559916322016,-0.11909250731628213,-0.28141355462149104,0.07383371645661338,-0.758121273603161,-0.08933769290213835,-1.0374949048852091
772506.348897743,PLAYBACK,5.674337923992425,0.0043379239505156875,-0.02320851453421824,-0.11719340810254053,-0.2813792629892422,0.07307804989700095,-0.7570579079880986,-0.1321542687113748,-1.02290089265278,-0.023622928276349476,-0.11909976747396495,-0.2814155604470752,0.07383303695632142,-0.7582365994118586,-0.08605430164998178,-1.0388394295656465
772506.359618056,PLAYBACK,5.684492893982679,0.00449289393145591,-0.02320851453421824,-0.11757701991302305,-0.2813792629892422,0.07346166170748347,-0.7570579079880986,-0.1294689860379954,-1.024435339894712,-0.023620833843914522,-0.11910619250777589,-0.281417194381537,0.0738323315760781,-0.758335816756685,-0.08335555460626286,-1.0399288639554878
772506.370044708,PLAYBACK,5.695643451996148,0.005643452052026987,-0.02359212634470076,-0.11757701991302305,-0.2813792629892422,0.07346166170748347,-0.7574415197985811,-0.12755092698557924,-1.0259697871366438,-0.023618597613297064,-0.11911375508583613,-0.2814189658686937,0.07383141438307703,-0.7584497868230887,-0.08039220710020867,-1.041110051250818
772506.379760857,PLAYBACK,5.705957919009961,0.005957919056527317,-0.02320851453421824,-0.11719340810254053,-0.2813792629892422,0.07307804989700095,-0.7574415197985811,-0.12563286793316486,-1.0271206225680931,-0.0236165805385316,-0.11912125161574474,-0.2814205767632458,0.07383044188012357,-0.7585602881248076,-0.07765103321480135,-1.042189757413407
772506.391856877,PLAYBACK,5.710057715070434,5.7715107686817646e-05,-0.02359212634470076,-0.11719340810254053,-0.2813792629892422,0.07307804989700095,-0.7574415197985811,-0.12524925612268234,-1.0271206225680931,-0.02361579069915986,-0.1191243711152038,-0.28142120816578897,0.07383002414753653,-0.7586056545090069,-0.07656146249369217,-1.0426157193267236
772506.403407662,PLAYBACK,5.728067658026703,0.0030676580499857664,-0.02359212634470076,-0.11719340810254053,-0.2813792629892422,0.07307804989700095,-0.7574415197985811,-0.1217967498283361,-1.02942229343099,-0.02361238388708803,-0.11913906901708737,-0.28142390866176165,0.07382799585216744,-0.758815488920247,-0.07177502926293135,-1.0444675394971297
772506.413807221,PLAYBACK,5.738647202029824,0.0036472020437940955,-0.02359212634470076,-0.11757701991302305,-0.2813792629892422,0.07346166170748347,-0.7578251316090636,-0.11911146715495491,-1.0298059052414725,-0.02361041576499556,-0.11914849931766373,-0.28142542881709764,0.07382667078320465,-0.75894742733854,-0.06896329308565582,-1.0455423511198976
772506.425157132,PLAYBACK,5.750160295050591,0.005160295055247843,-0.02359212634470076,-0.11719340810254053,-0.2813792629892422,0.07346166170748347,-0.7578251316090636,-0.11642618448157371,-1.0317239642938887,-0.023608285346913532,-0.11915947511793804,-0.2814270159523749,0.07382513042368126,-0.7590990418933999,-0.06590345706451396,-1.046702906423013
772506.437034453,PLAYBACK,5.762762586004101,0.007762585999444127,-0.02359212634470076,-0.11757701991302305,-0.2813792629892422,0.07346166170748347,-0.7578251316090636,-0.11297367818722748,-1.0328747997253362,-0.023605948176725938,-0.11917238846443243,-0.2814286602961198,0.07382334185790741,-0.759275427239523,-0.06255439168265314,-1.047964319319359
772506.44733907,PLAYBACK,5.772983823087998,0.002983823069371283,-0.02359212634470076,-0.11719340810254053,-0.2813792629892422,0.07346166170748347,-0.7582087434195461,-0.11067200732433058,-1.034409246967268,-0.023604033239305468,-0.11918358845469852,-0.2814299123237203,0.07382182455096468,-0.7594271586846812,-0.05983875156795349,-1.0489819861066079
772506.456949687,PLAYBACK,5.782234340091236,0.0022343400632962584,-0.02359212634470076,-0.11719340810254053,-0.2813792629892422,0.07346166170748347,-0.7582087434195461,-0.10760311284046686,-1.035176470588235,-0.023602273498730706,-0.11919431148140032,-0.28143097445144477,0.07382040908149712,-0.7595716753346383,-0.057382262196934236,-1.0498997811508475
772506.468083253,PLAYBACK,5.79315131099429,0.0031513109570369124,-0.02359212634470076,-0.11757701991302305,-0.2809956511787579,0.07346166170748347,-0.7578251316090636,-0.10415060654612063,-1.0363273060196825,-0.023600150051439683,-0.11920771101487179,-0.28143213123146044,0.07381869853961609,-0.7597515976401107,-0.05448639342014096,-1.050979882852991
772506.48005765,PLAYBACK,5.8046822680626065,0.004682268016040325,-0.02359212634470076,-0.11719340810254053,-0.2813792629892422,0.07346166170748347,-0.7582087434195461,-0.10108171206225691,-1.0386289768825812,-0.023597834801778166,-0.1192227677411899,-0.28143322643095203,0.0738168603008096,-0.7599533203207588,-0.051434738305289995,-1.0521178787634
772506.490883135,PLAYBACK,5.81760083406698,0.007600834011100233,-0.02359212634470076,-0.11719340810254053,-0.2813792629892422,0.07384527351796777,-0.7582087434195461,-0.09762920576791068,-1.0393962005035462,-0.023595129370890706,-0.11924076274884914,-0.2814342803883957,0.07381478611530792,-0.7601943387381254,-0.04803162377196622,-1.053389523689587
772506.501865761,PLAYBACK,5.826532100094482,0.0015321001410484314,-0.02359212634470076,-0.11719340810254053,-0.2813792629892422,0.07346166170748347,-0.7582087434195461,-0.09494392309452948,-1.0405470359349955,-0.023593177270993054,-0.1192539024362387,-0.2814348912592468,0.0738133582040809,-0.7603705783757241,-0.04569430987745305,-1.0542662541706418
772506.514277527,PLAYBACK,5.8378432060126215,0.002843206049874425,-0.02359212634470076,-0.11719340810254053,-0.2813792629892422,0.07346166170748347,-0.7585923552300304,-0.09225864042114829,-1.0420814831769274,-0.023590595668469796,-0.1192713523860087,-0.28143551467119393,0.0738115758036443,-0.7606052820451548,-0.04276038328708831,-1.0553728144079346
772506.524484307,PLAYBACK,5.849225718993694,0.004225719021633267,-0.02359212634470076,-0.11719340810254053,-0.2813792629892422,0.07346166170748347,-0.7585923552300304,-0.08918974593728457,-1.0428487067978942,-0.023587861611252342,-0.11928980003751313,-0.28143596114194436,0.07380983211246411,-0.7608545318218426,-0.03984690487175874,-1.056480800017464
772506.536140434,PLAYBACK,5.860563836060464,0.005563836079090834,-0.02359212634470076,-0.11757701991302305,-0.2813792629892422,0.07346166170748347,-0.758975967040513,-0.08650446326390515,-1.0443831540398243,-0.023584990380571796,-0.11930902489321958,-0.28143621561538557,0.07380816638774852,-0.7611158261252441,-0.03699340907975144,-1.057577597738579
772506.546742611,PLAYBACK,5.872621834045276,0.0026218340499326587,-0.02359212634470076,-0.11719340810254053,-0.2813792629892422,0.07346166170748347,-0.758975967040513,-0.08381918059052396,-1.0459176012817561,-0.023581763157041812,-0.11933035679513146,-0.28143627007234967,0.0738064945646199,-0.7614079126022415,-0.03402135717996583,-1.058735471367837
772506.55725675,PLAYBACK,5.882777986000292,0.0027779859956353903,-0.02359212634470076,-0.11757701991302305,-0.2813792629892422,0.07346166170748347,-0.7593595788509955,-0.08190112153810958,-1.0470684367132055,-0.023578897998731578,-0.11934900208131242,-0.28143613943805285,0.0738051806798946,-0.7616652784775281,-0.031573726794895,-1.0597035562131423
772506.568469056,PLAYBACK,5.893451620009728,0.0034516199957579374,-0.02359212634470076,-0.11719340810254053,-0.2813792629892422,0.07346166170748347,-0.7593595788509955,-0.0795994506752109,-1.0482192721446548,-0.023575735235019296,-0.11936924099138622,-0.28143582678171397,0.0738039044837497,-0.7619469980255092,-0.02905998829296391,-1.0607140821081318
772506.579461542,PLAYBACK,5.903933005989529,0.003933005966246128,-0.02359212634470076,-0.11719340810254053,-0.2813792629892422,0.07346166170748347,-0.7593595788509955,-0.077297779812314,-1.0486028839551373,-0.02357247267820933,-0.11938973969556405,-0.28143534512332524,0.07380276477662355,-0.7622349776484064,-0.02665224972396841,-1.0617000772632925
772506.589111474,PLAYBACK,5.914262982085347,0.0042629820527508855,-0.02359212634470076,-0.11719340810254053,-0.2813792629892422,0.07346166170748347,-0.759743190661478,-0.07499610894941533,-1.0497537193865867,-0.023569100745066757,-0.11941053529555465,-0.2814347025937936,0.07380175888142695,-0.7625299684608738,-0.024339485216846327,-1.0626664641402896
772506.600733546,PLAYBACK,5.9262634890619665,0.006263489020057023,-0.02359212634470076,-0.11757701991302305,-0.2813792629892422,0.07346166170748347,-0.7601268024719623,-0.07269443808651843,-1.050904554818036,-0.023564983789109428,-0.11943542209168045,-0.2814337502427241,0.07380074429113741,-0.7628868928803373,-0.021728643894020187,-1.0637836525045745
772506.611952415,PLAYBACK,5.936732721980661,0.0017327219247817993,-0.02359212634470076,-0.11719340810254053,-0.2813792629892422,0.07346166170748347,-0.7601268024719623,-0.07039276722362153,-1.0524390020599679,-0.023561213890538252,-0.11945776591560354,-0.28143274255318906,0.07379999980711927,-0.7632110745393642,-0.019517977341599827,-1.0647546267923378
772506.623355477,PLAYBACK,5.948036023066379,0.0030360231176018715,-0.02359212634470076,-0.11719340810254053,-0.2813792629892422,0.07346166170748347,-0.7605104142824448,-0.06732387273975782,-1.0535898374914154,-0.023556955272707406,-0.11948254661683626,-0.28143147477920566,0.07379934786338019,-0.7635748461799223,-0.017201456804092848,-1.0658004004365922
772506.634869252,PLAYBACK,5.959454984986223,0.004454985028132796,-0.02359212634470076,-0.11719340810254053,-0.2813792629892422,0.07346166170748347,-0.7608940260929273,-0.0642549782558941,-1.0547406729228648,-0.023552453912351275,-0.11950826954170535,-0.2814300109043217,0.0737988531302896,-0.7639572658541427,-0.014935322035927604,-1.0668554958290053
772506.646029158,PLAYBACK,5.970701256999746,0.005701257032342255,-0.023975738155185056,-0.11719340810254053,-0.2813792629892422,0.07346166170748347,-0.7612776379034099,-0.060802471961547866,-1.0558915083543141,-0.023547825746128754,-0.11953427711888877,-0.2814283967213066,0.0737985297013339,-0.764349011621258,-0.01277618447825869,-1.0678945866461418
772506.656530281,PLAYBACK,5.983557244064286,0.0035572440829128027,-0.023975738155185056,-0.11757701991302305,-0.2813792629892422,0.07346166170748347,-0.7612776379034099,-0.05619913023575229,-1.0570423437857617,-0.02354230097174288,-0.119564823470801,-0.2814263526540496,0.07379836149759904,-0.7648158045318363,-0.010396286105041931,-1.0690839847950537
772506.667922433,PLAYBACK,5.992044728016481,0.0020447280257940292,-0.023975738155185056,-0.11757701991302305,-0.2813792629892422,0.07346166170748347,-0.7616612497138942,-0.05389745937285362,-1.0578095674067285,-0.02353851894403465,-0.11958546626643687,-0.2814248933589675,0.0737983689610885,-0.7651354226582887,-0.008876617866789525,-1.0698710154356315
772506.67701622,PLAYBACK,6.002144403057173,0.0021444030571728945,-0.023975738155185056,-0.11757701991302305,-0.2813792629892422,0.07346166170748347,-0.7620448615243767,-0.0512121766994742,-1.0589604028381778,-0.02353388214824517,-0.119610523014696,-0.28142305015632885,0.07379850081845762,-0.7655279851472551,-0.007121605256170188,-1.0708102690120092
772506.687804994,PLAYBACK,6.012427669018507,0.002427669009193778,-0.023975738155185056,-0.11757701991302305,-0.2813792629892422,0.07346166170748347,-0.7620448615243767,-0.048910505836575524,-1.0604948500801097,-0.023529012725125656,-0.11963658538647967,-0.2814210621942398,0.07379877204118086,-0.765941757564934,-0.005394124166526794,-1.0717705369666797
772506.698756532,PLAYBACK,6.023108788067475,0.00310878804884851,-0.023975738155185056,-0.11757701991302305,-0.2813792629892422,0.07346166170748347,-0.7624284733348592,-0.046608834973678626,-1.0612620737010747,-0.023523801737222322,-0.11966424416758098,-0.28141888825953254,0.07379919915543687,-0.7663870903462303,-0.0036631878176351575,-1.0727732122526945
772506.709662731,PLAYBACK,6.033067321986891,0.003067321958951652,-0.023975738155185056,-0.11757701991302305,-0.2813792629892422,0.07346166170748347,-0.7624284733348592,-0.04430716411077995,-1.0620292973220415,-0.023518808254264924,-0.1196905724391085,-0.2814167709332959,0.07379972949471365,-0.7668170854063239,-0.0021074217683090244,-1.0737138570357472
772506.720048995,PLAYBACK,6.046147949062288,0.0061479490250349045,-0.023975738155185056,-0.11757701991302305,-0.2813792629892422,0.07346166170748347,-0.7628120851453417,-0.041238269626916235,-1.0635637445639716,-0.02351206144352997,-0.11972594964205904,-0.2814138738482383,0.07380061683996862,-0.7674044772824,-0.00014889828615090387,-1.0749595211927583
772506.730825136,PLAYBACK,6.055426119011827,0.0054261189652606845,-0.023975738155185056,-0.11757701991302305,-0.2813792629892422,0.07346166170748347,-0.763195696955826,-0.03932021057450186,-1.063947356374456,-0.02350715409714938,-0.11975159174131951,-0.28141175096627136,0.07380137504197466,-0.7678373241841285,0.0011818731153407475,-1.075851146311554
772506.741751945,PLAYBACK,6.067301717004739,0.0023017170606181026,-0.023975738155185056,-0.11757701991302305,-0.2813792629892422,0.07346166170748347,-0.7635793087663085,-0.03701853971160496,-1.0650981918059035,-0.023500736177333042,-0.11978507933140406,-0.28140896792523484,0.07380249756023072,-0.7684119010779391,0.002814509267415826,-1.0770036252132542
772506.753544835,PLAYBACK,6.078087275032885,0.0030872750794515014,-0.023975738155185056,-0.11757701991302305,-0.2813792629892422,0.07346166170748347,-0.7643465323872736,-0.035100480659188804,-1.0662490272373528,-0.023494785095485617,-0.11981614393359881,-0.2814063924220122,0.07380366074158345,-0.7689546683457966,0.004228515446321992,-1.07806265725981
772506.763429276,PLAYBACK,6.088609379017726,0.00360937905497849,-0.023975738155185056,-0.11757701991302305,-0.2813792629892422,0.07346166170748347,-0.7647301441977579,-0.033182421606774426,-1.0673998626688022,-0.023488878525528945,-0.11984704774991453,-0.28140385248506694,0.07380492263523558,-0.7695043531783786,0.005544830539215347,-1.0791085343880793
772506.774250724,PLAYBACK,6.099700834020041,0.0047008340479806066,-0.023975738155185056,-0.11757701991302305,-0.2813792629892422,0.07346166170748347,-0.7651137560082404,-0.030880750743877527,-1.0681670862897672,-0.023482557413128418,-0.11988026287281178,-0.28140116462106135,0.07380638310334878,-0.7701064788573234,0.00686469318269432,-1.080226133685032
772506.784349947,PLAYBACK,6.1096279280027375,0.004627928021363914,-0.023975738155185056,-0.11757701991302305,-0.2813792629892422,0.07346166170748347,-0.7654973678187229,-0.02934630350194567,-1.068934309910734,-0.02347682915240719,-0.11991054497097313,-0.2813987669311474,0.07380779822682294,-0.7706661915682246,0.007986874873513052,-1.0812409405748329
772506.795390896,PLAYBACK,6.115068163024262,6.816303357481956e-05,-0.023975738155185056,-0.11757701991302305,-0.2813792629892422,0.07346166170748347,-0.7654973678187229,-0.027811856260013812,-1.069701533531699,-0.023473665938199294,-0.11992736022133614,-0.2813974623243539,0.07380861496069777,-0.77098163342843,0.008578056259936245,-1.0818033694667586
772506.800351783,PLAYBACK,6.125067736022174,6.773602217435837e-05,-0.023975738155185056,-0.11757701991302305,-0.2813792629892422,0.07346166170748347,-0.766264591439688,-0.025893797207599434,-1.0700851453421834,-0.023467815602077866,-0.11995866863364459,-0.2813950933365024,0.07381018826695251,-0.7715782307244299,0.009620493014031324,-1.082849641052543
772506.811805021,PLAYBACK,6.136501988046803,0.0065019880421459675,-0.023975738155185056,-0.11757701991302305,-0.2813792629892422,0.07346166170748347,-0.7666482032501722,-0.02282490272373572,-1.071235980773631,-0.02346108353428012,-0.11999508872120015,-0.28139245138220476,0.07381209415472986,-0.7722883223832641,0.010741758250940902,-1.084067286673695
772506.823543927,PLAYBACK,6.147930869017728,0.0029308689991012216,-0.023975738155185056,-0.11757701991302305,-0.2813792629892422,0.07346166170748347,-0.7674154268711373,-0.020139620050354523,-1.0723868162050803,-0.023454330426597066,-0.12003211836116473,-0.28138991098020577,0.07381410201562144,-0.7730294856937108,0.011786115572573981,-1.0853088597912657
772506.834947901,PLAYBACK,6.160344077041373,0.00534407701343298,-0.023975738155185056,-0.11757701991302305,-0.2813792629892422,0.07346166170748347,-0.7677990386816198,-0.016303501945525767,-1.0731540398260453,-0.023446995770980694,-0.12007298018645678,-0.2813873027463781,0.07381638401859397,-0.7738720527331849,0.012832385424618759,-1.0866871559327884
772506.846056869,PLAYBACK,6.170342748053372,0.005342748016119003,-0.023975738155185056,-0.11757701991302305,-0.2813792629892422,0.07346166170748347,-0.7685662623025866,-0.013234607461662051,-1.0746884870679771,-0.023441108922714678,-0.12010630623724766,-0.2813853442549797,0.073818286188026,-0.7745805187719189,0.013607137426016984,-1.0878211307640884
772506.856643657,PLAYBACK,6.181350352009758,0.0013503519585356116,-0.023975738155185056,-0.11757701991302305,-0.2813792629892422,0.07346166170748347,-0.7689498741130691,-0.010549324788280856,-1.075455710688944,-0.023434671920398102,-0.12014331008347166,-0.28138336391820273,0.07382043193394637,-0.7753923524190945,0.014388315068940912,-1.0890948832791758
772506.86737939,PLAYBACK,6.192555385059677,0.002555385115556419,-0.023975738155185056,-0.11757701991302305,-0.2817628747997247,0.07346166170748347,-0.769717097734036,-0.007864042114899661,-1.076222934309909,-0.023428189625473862,-0.12018115739825203,-0.28138156641135237,0.07382265485778772,-0.7762538619625308,0.015104534213189524,-1.090418995899744
772506.878098311,PLAYBACK,6.202834994066507,0.002834994113072753,-0.023975738155185056,-0.11757701991302305,-0.2813792629892422,0.07346166170748347,-0.7701007095445185,-0.005178759441520242,-1.0769901579308758,-0.023422324930944455,-0.12021585087503878,-0.2813801355319114,0.07382471154284306,-0.7770756258153871,0.015690073871644353,-1.091657656999031
772506.889397084,PLAYBACK,6.215760003076866,0.005760003114119172,-0.023975738155185056,-0.11796063172350557,-0.2813792629892422,0.07346166170748347,-0.7708679331654835,-0.002877088578621567,-1.0785246051728077,-0.023415089114487,-0.12025908654827372,-0.28137866336071865,0.07382729354935318,-0.7781509405734365,0.016327568011007546,-1.0932454716814086
772506.900437361,PLAYBACK,6.224864110001363,0.0048641100293025374,-0.023975738155185056,-0.11757701991302305,-0.2813792629892422,0.07346166170748347,-0.7716351567864503,-0.0009590295262071891,-1.0800590524147395,-0.023410098194936547,-0.12028901576571055,-0.28137785982266733,0.07382909070899928,-0.7789355049705724,0.01671015560507822,-1.0943820173177454
772506.910934096,PLAYBACK,6.23530942609068,0.005309426109306514,-0.023975738155185056,-0.11757701991302305,-0.2813792629892422,0.07346166170748347,-0.7724023804074154,0.0013426413366897094,-1.080442664225222,-0.023404488097360596,-0.12032249845229183,-0.28137718416252766,0.07383111015658242,-0.7798615653329802,0.01708190231716628,-1.0957012463697615
772506.922460825,PLAYBACK,6.247217597090639,0.002217597095295787,-0.023975738155185056,-0.11757701991302305,-0.2813792629892422,0.07346166170748347,-0.7727859922178997,0.002877088578621567,-1.0823607232776364,-0.02339824384068429,-0.12035909446940703,-0.2813767346603828,0.07383333049346931,-0.780948063271579,0.017420210550483223,-1.0972198587042714
772506.932977689,PLAYBACK,6.258415726013482,0.003415726008825004,-0.023975738155185056,-0.11757701991302305,-0.2813792629892422,0.07346166170748347,-0.7739368276493472,0.004027924010070905,-1.0838951705195683,-0.023392506018588295,-0.12039146265240802,-0.2813766106708524,0.07383531193015444,-0.7819958325174926,0.017659190811765264,-1.0986557104967394
772506.943926931,PLAYBACK,6.269850488984957,0.004850488970987499,-0.023975738155185056,-0.11796063172350557,-0.2813792629892422,0.07346166170748347,-0.774704051270314,0.005945983062485283,-1.0854296177615002,-0.02338674972203672,-0.12042192228822887,-0.28137675386767297,0.07383720327414234,-0.7830874037007315,0.017830235747658248,-1.100122294713982
772506.955158505,PLAYBACK,6.279335656086914,0.004335656063631177,-0.023975738155185056,-0.11757701991302305,-0.2813792629892422,0.07346166170748347,-0.7754712748912791,0.00709681849393462,-1.0858132295719827,-0.023382016838564994,-0.12044481623852264,-0.28137704788788553,0.07383865535299546,-0.7840063272133674,0.01792203158984193,-1.101333554642378
772506.964909561,PLAYBACK,6.290249060024507,0.005249059991911054,-0.023975738155185056,-0.11757701991302305,-0.2813792629892422,0.07384527351796777,-0.7762384985122459,0.008631265735866478,-1.0873476768139145,-0.023376559776253567,-0.1204680929503069,-0.28137753626775236,0.0738401813643595,-0.7850756455590405,0.01797943666359239,-1.1027150545803814
772506.976506916,PLAYBACK,6.29506052006036,6.0520018450915813e-05,-0.023975738155185056,-0.11796063172350557,-0.2813792629892422,0.07384527351796777,-0.7762384985122459,0.009398489356831519,-1.0881149004348813,-0.023374129998424586,-0.12047721518248065,-0.28137778779869027,0.07384080226136987,-0.7855505214876228,0.017990791773755333,-1.1033183591632825
772506.986883471,PLAYBACK,6.311863701092079,0.0018637010361999273,-0.023975738155185056,-0.11757701991302305,-0.2813792629892422,0.07384527351796777,-0.7781565575646603,0.011700160219730193,-1.0904165712977782,-0.023365380315411827,-0.12050310707826935,-0.28137873902968974,0.07384271177435395,-0.787223245462378,0.01797982458120875,-1.1053877781613342
772506.9986452,PLAYBACK,6.323264789069071,0.0032647891202941537,-0.023975738155185056,-0.11757701991302305,-0.2813792629892422,0.07346166170748347,-0.7789237811856253,0.012850995651179531,-1.09195101853971,-0.023359056750881513,-0.12051510424475391,-0.28137935692241917,0.07384377554143827,-0.7883710461935619,0.017942697755892478,-1.106750002882456
772507.009589964,PLAYBACK,6.334192881011404,0.004192881053313613,-0.023975738155185056,-0.11796063172350557,-0.2813792629892422,0.07346166170748347,-0.7800746166170747,0.014001831082627092,-1.092718242160677,-0.023352552910037707,-0.12052231192974626,-0.28137985227194917,0.07384462178848254,-0.7894834310972595,0.017897934360071387,-1.108015796151513
772507.020643977,PLAYBACK,6.345657030004077,0.00565703003667295,-0.023975738155185056,-0.11757701991302305,-0.2813792629892422,0.07384527351796777,-0.7808418402380415,0.01553627832455895,-1.0946363012130913,-0.02334512308327186,-0.1205255770844594,-0.28138021689184506,0.07384533375972689,-0.7906681047539373,0.017852562238130018,-1.109293075029125
772507.031101578,PLAYBACK,6.3552999190287665,0.00029991904739290476,-0.023975738155185056,-0.11796063172350557,-0.2813792629892422,0.07384527351796777,-0.7816090638590065,0.016303501945525767,-1.0950199130235738,-0.023338287466292743,-0.12052531533487067,-0.281380377670649,0.07384579949616517,-0.7916837846063105,0.01782302568072637,-1.1103196021751707
772507.042376204,PLAYBACK,6.367074412992224,0.002074413001537323,-0.024359349965667576,-0.11757701991302305,-0.2813792629892422,0.07384527351796777,-0.7823762874799733,0.017837949187457625,-1.0973215838864725,-0.023329091646232546,-0.12052214295420341,-0.2813803940791601,0.07384620789209023,-0.7929545369577125,0.017804716450406384,-1.1115026921918725
772507.053827809,PLAYBACK,6.37975672702305,0.004756727023050189,-0.023975738155185056,-0.11796063172350557,-0.2813792629892422,0.07384527351796777,-0.7831435111009384,0.019372396429389482,-1.0988560311284044,-0.02331801180131407,-0.1205168972433376,-0.28138024211878504,0.0738464438497812,-0.7943666733687096,0.017811450383759548,-1.11267566103543
772507.065106453,PLAYBACK,6.390165163087659,0.005165163078345358,-0.023975738155185056,-0.11796063172350557,-0.2813792629892422,0.07384527351796777,-0.7842943465323877,0.020139620050354523,-1.100006866559852,-0.02330792507164838,-0.120512852161639,-0.2813800640336203,0.07384645844300937,-0.795560112457684,0.017837334645084663,-1.1135494744145362
772507.076918118,PLAYBACK,6.401180763030425,0.006180763011798263,-0.023975738155185056,-0.11796063172350557,-0.2813792629892422,0.07384527351796777,-0.7850615701533528,0.02167406729228638,-1.1015413138017838,-0.02329620275743268,-0.1205104894889785,-0.2813799194678304,0.0738462573917565,-0.7968535437464064,0.017881301477412653,-1.1143818667843393
772507.088633929,PLAYBACK,6.412336932029575,0.0023369319969788194,-0.023975738155185056,-0.11757701991302305,-0.2813792629892422,0.07384527351796777,-0.7858287937743196,0.02282490272373572,-1.102692149233233,-0.023283153562318176,-0.12051150965516468,-0.28137991855180433,0.07384576185414829,-0.7981873876244179,0.017937297429530086,-1.1151308370169122
772507.099684015,PLAYBACK,6.4236210560193285,0.0036210559774190187,-0.023975738155185056,-0.11796063172350557,-0.2813792629892422,0.07384527351796777,-0.7869796292057671,0.023975738155185056,-1.1038429846646824,-0.023268636810192703,-0.12051707206673166,-0.281380159528052,0.07384486919504088,-0.799549372776268,0.017998281201662393,-1.1158033352663648
772507.110999219,PLAYBACK,6.436906716087833,0.006906716036610305,-0.023975738155185056,-0.11796063172350557,-0.2813792629892422,0.07384527351796777,-0.787746852826734,0.025510185397115137,-1.10499382009613,-0.02324961220117613,-0.12053018496497865,-0.2813808488236766,0.07384315717521646,-0.8011522052292033,0.018066452471290642,-1.1165093233626469
772507.121482649,PLAYBACK,6.446401872090064,0.0014018721412867308,-0.023975738155185056,-0.11796063172350557,-0.2813792629892422,0.07384527351796777,-0.788514076447699,0.026277409018081954,-1.1061446555275793,-0.02323451943763759,-0.12054393230677114,-0.28138164113887415,0.07384138265823105,-0.8022874545011308,0.018108888100831517,-1.1169749467013175
772507.132661962,PLAYBACK,6.457502454053611,0.002502454095520079,-0.023975738155185056,-0.11796063172350557,-0.2813792629892422,0.07384527351796777,-0.7896649118791483,0.02742824444953129,-1.1072954909590287,-0.02321499161001628,-0.12056431199150142,-0.28138289115525333,0.07383859286590441,-0.8035952107703355,0.018149970042101587,-1.1174982447878838
772507.143262957,PLAYBACK,6.467701058019884,0.002701058052480221,-0.023975738155185056,-0.11796063172350557,-0.2813792629892422,0.07384527351796777,-0.7908157473105977,0.028195468070496332,-1.1076791027695112,-0.023194940669416218,-0.1205867158917092,-0.28138434189791944,0.07383522210532241,-0.804771904499472,0.01817922533292503,-1.117976457167613
772507.153713454,PLAYBACK,6.478816198068671,0.003816198091953993,-0.023975738155185056,-0.11796063172350557,-0.2813792629892422,0.07384527351796777,-0.791966582742047,0.02896269169146315,-1.109213550011443,-0.023170363285061002,-0.12061467135744268,-0.28138624457780503,0.07383050601111858,-0.8060206581261926,0.018202090903493257,-1.1185139364912229
772507.164193758,PLAYBACK,6.491129645030014,0.0061296450439840555,-0.023975738155185056,-0.11796063172350557,-0.2813792629892422,0.07384527351796777,-0.7935010299839789,0.02934630350194567,-1.1099807736324099,-0.023139257948619554,-0.12064938971792241,-0.2813887333371241,0.07382380115131248,-0.8073544200486688,0.018217223670896555,-1.119151031602239
772507.175572353,PLAYBACK,6.500401373021305,0.00540137302596122,-0.023975738155185056,-0.11796063172350557,-0.2813792629892422,0.07384527351796777,-0.7942682536049439,0.02972991531242819,-1.1103643854428924,-0.023112800582619684,-0.12067773255983856,-0.2813908601981595,0.07381759337043313,-0.8083175119628201,0.01822233111308712,-1.1196724018934987
772507.186934617,PLAYBACK,6.51142560900189,0.006425608997233212,-0.023975738155185056,-0.11834424353398987,-0.2813792629892422,0.07384527351796777,-0.7958027008468758,0.03011352712291071,-1.1118988326848243,-0.023077658488005127,-0.12071335865303726,-0.28139364922256194,0.0738087975505565,-0.8094070212283918,0.018222511743831025,-1.1203502786414739
772507.198540127,PLAYBACK,6.523094150004908,0.003094149986281991,-0.023975738155185056,-0.11796063172350557,-0.2813792629892422,0.07384527351796777,-0.7965699244678408,0.030497138933395007,-1.1122824444953068,-0.023035936906439153,-0.12075260204580342,-0.28139686851760876,0.07379773012002752,-0.8104812712064624,0.018217276359131764,-1.1211454901941829
772507.209939482,PLAYBACK,6.533966465038247,0.003966465010307729,-0.023975738155185056,-0.11834424353398987,-0.2813792629892422,0.07384527351796777,-0.7977207598992901,0.030497138933395007,-1.1130496681162718,-0.02299291043037335,-0.12078981101805758,-0.2814000646825434,0.07378578017084057,-0.8113969410088178,0.01820896953721565,-1.1219625212545268
772507.219692843,PLAYBACK,6.546274251071736,0.0062742510344833136,-0.023975738155185056,-0.11796063172350557,-0.2813792629892422,0.07384527351796777,-0.7988715953307395,0.030497138933395007,-1.1142005035477212,-0.02293971420336856,-0.12083177699707245,-0.28140383983160683,0.07377044711897245,-0.8123238683194942,0.018197443656021692,-1.1229737561053774
772507.23114547,PLAYBACK,6.550099260988645,9.926094207912683e-05,-0.023975738155185056,-0.11834424353398987,-0.2813792629892422,0.07384527351796777,-0.7996388189517045,0.030497138933395007,-1.1145841153582037,-0.022922314214845346,-0.12084465144981471,-0.2814050341199827,0.07376532668943317,-0.8125875285685571,0.01819368690821131,-1.1233052045623948
772507.240698226,PLAYBACK,6.5657712740357965,0.0007712740916758776,-0.023975738155185056,-0.11834424353398987,-0.2813792629892422,0.07384527351796777,-0.8011732661936364,0.030497138933395007,-1.114967727168688,-0.02284754326409669,-0.1208959608145127,-0.28140995684495823,0.0737428865362454,-0.81355014624619,0.018178810254472825,-1.1247338839882115
772507.252239974,PLAYBACK,6.57590647705365,0.0009064771002158523,-0.023975738155185056,-0.11834424353398987,-0.2813792629892422,0.07422888532845029,-0.8023241016250857,0.030497138933395007,-1.115734950789653,-0.02279691780574665,-0.12092758597461678,-0.28141311199931085,0.07372739439418909,-0.8140793354640617,0.01817047671729697,-1.1257047234797024
772507.262910923,PLAYBACK,6.587754411040805,0.002754411078058183,-0.023975738155185056,-0.11834424353398987,-0.2813792629892422,0.07384527351796777,-0.803474937056535,0.030497138933395007,-1.1165021744106198,-0.02273629193235784,-0.12096283160377501,-0.28141671904608406,0.07370863727988484,-0.8146191297497102,0.018162723048910676,-1.1268696350303646
772507.273962713,PLAYBACK,6.6004594480618834,0.005459448089823127,-0.023975738155185056,-0.11834424353398987,-0.2809956511787579,0.07384527351796777,-0.8046257724879826,0.03011352712291071,-1.1168857862211024,-0.0226701988624152,-0.12099869983317627,-0.28142045683138384,0.07368804071875092,-0.8151238232195349,0.01815706989227503,-1.128140076836194
772507.285522295,PLAYBACK,6.609327192069031,0.00432719208765775,-0.023975738155185056,-0.11834424353398987,-0.2813792629892422,0.07384527351796777,-0.805776607919432,0.030497138933395007,-1.1172693980315849,-0.022623656456669885,-0.12102276561809254,-0.28142297747434525,0.07367350219408877,-0.8154439042038253,0.01815472526272932,-1.129033305067595
772507.295893609,PLAYBACK,6.620339896064252,0.005339896073564887,-0.023975738155185056,-0.11834424353398987,-0.2813792629892422,0.07384527351796777,-0.8065438315403988,0.03011352712291071,-1.1180366216525517,-0.02256555201271244,-0.12105186882009988,-0.2814260050743493,0.07365537431466028,-0.8158197636941336,0.018153483031820076,-1.1301446183536992
772507.306811312,PLAYBACK,6.631289098993875,0.0012890989892184734,-0.023975738155185056,-0.11834424353398987,-0.2813792629892422,0.07384527351796777,-0.8076946669718463,0.03011352712291071,-1.1188038452735167,-0.022507543746941822,-0.12108030922833767,-0.2814289030628757,0.0736373642151057,-0.8161846709747309,0.018153878639066975,-1.1312474573627231
772507.317433347,PLAYBACK,6.64176851103548,0.0017685110215097666,-0.023975738155185056,-0.11834424353398987,-0.2813792629892422,0.07384527351796777,-0.8080782787823306,0.03011352712291071,-1.1195710688944835,-0.022451857541543916,-0.1211074188815694,-0.2814315714229453,0.0736202195238326,-0.8165392119201996,0.018155599501004233,-1.1322974151179321
772507.328646235,PLAYBACK,6.654822897049598,0.0048228970263153315,-0.02359212634470076,-0.11834424353398987,-0.2813792629892422,0.07422888532845029,-0.8092291142137782,0.03011352712291071,-1.1211055161364136,-0.022382338866429954,-0.12114154549102897,-0.2814347456963536,0.07359911204790691,-0.8170064166604792,0.018159329303268017,-1.1335920872925431
772507.339639532,PLAYBACK,6.664037235081196,0.004037235048599541,-0.023975738155185056,-0.11834424353398987,-0.2813792629892422,0.07461249713893281,-0.809996337834745,0.03011352712291071,-1.121489127946898,-0.022333253207896815,-0.1211662023206569,-0.2814368781887113,0.07358447818816803,-0.8173646614443755,0.018162846104275324,-1.1344923736585206
772507.350963422,PLAYBACK,6.675705225090496,0.005705225048586726,-0.023975738155185056,-0.11834424353398987,-0.2813792629892422,0.07422888532845029,-0.81076356145571,0.03011352712291071,-1.1234071869993123,-0.02227126183688273,-0.12119853319895849,-0.28143943331404253,0.07356642425978752,-0.817866502283641,0.01816808536493709,-1.1356082381156978
772507.361778237,PLAYBACK,6.6864009510027245,0.0014009509468451142,-0.023975738155185056,-0.11834424353398987,-0.2813792629892422,0.07461249713893281,-0.8111471732661943,0.03011352712291071,-1.1245580224307616,-0.022214850357758453,-0.1212296628729801,-0.28144161146669056,0.07355052973256498,-0.8183867496662661,0.01817337170904672,-1.1365979281412473
772507.372205199,PLAYBACK,6.69696432503406,0.0019643250852823257,-0.023975738155185056,-0.11834424353398987,-0.2813792629892422,0.07461249713893281,-0.8119143968871594,0.03011352712291071,-1.1249416342412442,-0.022159828128685617,-0.12126217540193361,-0.28144358428874894,0.073535649009856,-0.8189678418441442,0.018178742474569628,-1.1375338992309783
772507.382789572,PLAYBACK,6.708858869038522,0.0038588690804317594,-0.02359212634470076,-0.11834424353398987,-0.2813792629892422,0.07461249713893281,-0.8126816205081262,0.03011352712291071,-1.126476081483176,-0.022099093519251062,-0.12130123591621844,-0.2814455633803114,0.07352010741463688,-0.8197103408333483,0.01818460626111045,-1.1385261535300362
772507.393101443,PLAYBACK,6.717968135024421,0.002968135057017207,-0.023975738155185056,-0.11834424353398987,-0.2813792629892422,0.07461249713893281,-0.8130652323186087,0.03011352712291071,-1.1280105287251079,-0.022053728485293005,-0.12133305470194813,-0.2814468862764103,0.07350922514881217,-0.8203433766650321,0.01818873910570745,-1.1392343284005644
772507.402410612,PLAYBACK,6.728124908986501,0.00312490900978446,-0.023975738155185056,-0.11872785534447239,-0.2813792629892422,0.07461249713893281,-0.8138324559395738,0.03011352712291071,-1.128777752346073,-0.022004562512730304,-0.12137054749585625,-0.2814481478348648,0.07349825827931826,-0.8211120628997202,0.01819278802670985,-1.139964993622868
772507.414829712,PLAYBACK,6.739342706045136,0.004342706059105694,-0.023975738155185056,-0.11872785534447239,-0.2813792629892422,0.07461249713893281,-0.8138324559395738,0.03011352712291071,-1.1299285877775223,-0.021952189257173408,-0.12141444376993515,-0.2814492655296104,0.07348767488567641,-0.8220307124863162,0.01819639946126141,-1.1406952986062842
772507.425240472,PLAYBACK,6.749754628981464,0.004754628986120224,-0.023975738155185056,-0.11872785534447239,-0.2813792629892422,0.07461249713893281,-0.8145996795605406,0.02972991531242819,-1.1310794232089716,-0.02190543586779063,-0.12145752229147241,-0.2814500370100438,0.07347932599813665,-0.8229395941072403,0.018198836954158193,-1.1413001489220564
772507.436602576,PLAYBACK,6.7625890240306035,0.0075890240259468555,-0.023975738155185056,-0.11872785534447239,-0.2813792629892422,0.07461249713893281,-0.8153669031815056,0.02972991531242819,-1.1322302586404192,-0.021850035800148673,-0.12151375157379489,-0.28145063813998705,0.07347093330036535,-0.824120369712902,0.01820059404531916,-1.1419539260244382
772507.447611693,PLAYBACK,6.7718944060616195,0.0018944060429930687,-0.02359212634470076,-0.11872785534447239,-0.2813792629892422,0.07461249713893281,-0.8161341268024724,0.02972991531242819,-1.1326138704509034,-0.021811081693810092,-0.1215567423432528,-0.2814508408964664,0.07346606289209831,-0.8250094044118828,0.018201049635557617,-1.1423712912827333
772507.458962956,PLAYBACK,6.7837195170577615,0.0037195170298218727,-0.023975738155185056,-0.11872785534447239,-0.2813792629892422,0.07461249713893281,-0.8169013504234375,0.02972991531242819,-1.1345319295033178,-0.021762486989614645,-0.1216142034338265,-0.28145083124930204,0.07346117992855189,-0.8261689950556013,0.018200744820557852,-1.142844184816923
772507.470619965,PLAYBACK,6.795228832983412,0.0052288329461589456,-0.023975738155185056,-0.11911146715495491,-0.2813792629892422,0.07461249713893281,-0.8176685740444043,0.02972991531242819,-1.1356827649347672,-0.021715518996408098,-0.12167336517483486,-0.2814505505365551,0.07345765017024046,-0.8273207705384988,0.018199632346543905,-1.1432549334528266
772507.482447981,PLAYBACK,6.80592937907204,0.005929379025474191,-0.023975738155185056,-0.11911146715495491,-0.2813792629892422,0.07422888532845029,-0.8188194094758519,0.02972991531242819,-1.1360663767452497,-0.021671558525120975,-0.12173145914842279,-0.28145006074549195,0.07345530341409505,-0.828405531148153,0.01819799281649568,-1.1436033553823466
772507.492441282,PLAYBACK,6.81937243998982,0.004372440045699477,-0.02359212634470076,-0.11872785534447239,-0.2813792629892422,0.07461249713893281,-0.8195866330968187,0.02934630350194567,-1.137217212176699,-0.021615141677783598,-0.1218090488381202,-0.28144914267879023,0.07345345894083913,-0.8297800829283685,0.0181952542740514,-1.1440082156741782
772507.502967564,PLAYBACK,6.827461381093599,0.002461381140165031,-0.023975738155185056,-0.11872785534447239,-0.2813792629892422,0.07461249713893281,-0.8203538567177837,0.02934630350194567,-1.1376008239871815,-0.02158018666174192,-0.12185841685905432,-0.2814484302529878,0.07345286786645339,-0.8306105529794205,0.01819330940383297,-1.1442398097802742
772507.512383768,PLAYBACK,6.838124806061387,0.003124806098639965,-0.02359212634470076,-0.11911146715495491,-0.2813792629892422,0.07461249713893281,-0.821504692149233,0.02934630350194567,-1.1383680476081466,-0.02153253061592897,-0.12192683085083518,-0.2814473083995532,0.07345260418359785,-0.8317060467754999,0.018190481746949913,-1.1445374033020257
772507.523856915,PLAYBACK,6.848490771022625,0.0034907710505649447,-0.02359212634470076,-0.11911146715495491,-0.2813792629892422,0.07461249713893281,-0.8222719157701999,0.02934630350194567,-1.1391352712291134,-0.021484070420367856,-0.12199723274584306,-0.2814460185700389,0.07345283014618305,-0.8327684979818717,0.018187524972144962,-1.1448241917977342
772507.534941517,PLAYBACK,6.859431748045608,0.004431748064234853,-0.02359212634470076,-0.11911146715495491,-0.2813792629892422,0.07461249713893281,-0.8234227512016474,0.02934630350194567,-1.139518883039596,-0.021430143402081415,-0.12207602519284219,-0.2814444431327068,0.07345349103493617,-0.8338831441212797,0.01818427813626458,-1.1451311017183132
772507.545817439,PLAYBACK,6.872043005074374,0.0070430050836876035,-0.02359212634470076,-0.11911146715495491,-0.2813792629892422,0.07461249713893281,-0.8241899748226142,0.02896269169146315,-1.1406697184710453,-0.02136375091174608,-0.12217300902109217,-0.2814423524122143,0.07345466996790136,-0.8351534113049086,0.018180506196969655,-1.1454994845467072
772507.555901904,PLAYBACK,6.88109706598334,0.0010970659786835313,-0.02359212634470076,-0.11911146715495491,-0.2813792629892422,0.07461249713893281,-0.8253408102540618,0.02896269169146315,-1.1410533302815278,-0.02131283434575867,-0.12224700218239232,-0.28144066852308597,0.07345572108594134,-0.8360517052816948,0.01817786037995939,-1.1457794414468152
772507.568270717,PLAYBACK,6.892612954019569,0.002612954005599022,-0.02359212634470076,-0.11911146715495491,-0.2813792629892422,0.07461249713893281,-0.8261080338750286,0.02896269169146315,-1.1418205539024928,-0.02124357975173502,-0.12234674522078547,-0.2814383046774515,0.07345722558058561,-0.8371723393135618,0.018174667314382064,-1.1461612037736861
772507.579875926,PLAYBACK,6.904160884092562,0.004160884069278836,-0.02359212634470076,-0.11949507896543743,-0.2817628747997247,0.07461249713893281,-0.827258869306478,0.02896269169146315,-1.1422041657129771,-0.02116850417887657,-0.1224534301283961,-0.28143568504698324,0.07345883509285785,-0.838265122927097,0.018171763097602055,-1.1465799693695957
772507.590367913,PLAYBACK,6.915815939079039,0.005815939046442509,-0.02359212634470076,-0.11949507896543743,-0.2817628747997247,0.07461249713893281,-0.8284097047379255,0.02896269169146315,-1.1425877775234596,-0.021086497073819762,-0.12256810340597507,-0.28143279226488677,0.0734604522884,-0.8393291161557058,0.018169250428593343,-1.1470458276153463
772507.602170701,PLAYBACK,6.927784204017371,0.007784203975461423,-0.02359212634470076,-0.11949507896543743,-0.2817628747997247,0.07461249713893281,-0.8295605401693749,0.028579079880978853,-1.1425877775234596,-0.020995415698826958,-0.12269319149111395,-0.2814295719612649,0.07346196153880669,-0.8403724803336626,0.01816723567833229,-1.1475748071220346
772507.613583993,PLAYBACK,6.937896352028474,0.002896351972594857,-0.02320851453421824,-0.11949507896543743,-0.2813792629892422,0.07461249713893281,-0.8299441519798574,0.028579079880978853,-1.1429713893339422,-0.020912957160326723,-0.1228044667816357,-0.2814266678458555,0.0734629901253643,-0.8412085218741092,0.018166074790088502,-1.1480641978398511
772507.62425902,PLAYBACK,6.949531319085509,0.004531319136731327,-0.02359212634470076,-0.11987869077592173,-0.2817628747997247,0.07461249713893281,-0.8310949874113067,0.028579079880978853,-1.1433550011444247,-0.020812003785368086,-0.12293831517464955,-0.2814231442886837,0.07346375146803646,-0.8421118840955444,0.018165438633966476,-1.1486759070961698
772507.635277054,PLAYBACK,6.960448019090109,0.005448019132018089,-0.02359212634470076,-0.11987869077592173,-0.2813792629892422,0.07461249713893281,-0.8318622110322735,0.028579079880978853,-1.143738612954909,-0.020711771100512467,-0.12306877982675493,-0.28141969669971434,0.07346394535877446,-0.8428970916557811,0.018165563624175155,-1.1492950911625743
772507.646075287,PLAYBACK,6.970535119064152,0.005535119096748531,-0.02359212634470076,-0.11987869077592173,-0.2813792629892422,0.07461249713893281,-0.8330130464637211,0.028579079880978853,-1.1441222247653915,-0.02061498175881683,-0.12319259548427446,-0.28141643131378863,0.07346362084304746,-0.8435658913728806,0.01816628768363493,-1.149901959446861
772507.657121275,PLAYBACK,6.9839192680083215,0.003919268026947975,-0.02359212634470076,-0.12026230258640425,-0.2817628747997247,0.07461249713893281,-0.8337802700846879,0.028195468070496332,-1.1448894483863565,-0.02048158618086295,-0.12335989466487417,-0.28141206263617785,0.07346242703139141,-0.8443677408411329,0.018168046722308227,-1.1507483384908306
772507.66797789,PLAYBACK,6.993314934079535,0.0033149340888485312,-0.02359212634470076,-0.12026230258640425,-0.2817628747997247,0.07461249713893281,-0.8349311055161355,0.028195468070496332,-1.1452730601968408,-0.02038544758266527,-0.1234781248380676,-0.2814090280371871,0.07346108020255561,-0.8448735533978297,0.01816972657246987,-1.1513623751878086
772507.679682971,PLAYBACK,7.003428203985095,0.003428203985095024,-0.02320851453421824,-0.12064591439688677,-0.2813792629892422,0.07461249713893281,-0.8353147173266198,0.028195468070496332,-1.1456566720073234,-0.02028046504525808,-0.12360503257423215,-0.28140583878344494,0.07345916641569039,-0.8453683954396799,0.018171849438315197,-1.1520338457662256
772507.690261002,PLAYBACK,7.014850152074359,0.004850152065046132,-0.02320851453421824,-0.12064591439688677,-0.2813792629892422,0.07461249713893281,-0.8364655527580673,0.027811856260013812,-1.1464238956282884,-0.020160797247025665,-0.12374696731830596,-0.28140237320901085,0.07345639459264398,-0.8458712524194637,0.018174551579652164,-1.152797138177476
772507.699757009,PLAYBACK,7.0256067760055885,0.00560677598696202,-0.02320851453421824,-0.12102952620736929,-0.2813792629892422,0.07422888532845029,-0.8372327763790341,0.027811856260013812,-1.1468075074387727,-0.020047541240237485,-0.12387876529615557,-0.28139926037072094,0.07345309924618239,-0.8462984727301853,0.018177349610390133,-1.1535143665856455
772507.710515096,PLAYBACK,7.030102942022495,0.00010294199455529451,-0.02320851453421824,-0.12102952620736929,-0.2813792629892422,0.07422888532845029,-0.8372327763790341,0.027811856260013812,-1.1468075074387727,-0.02000010024182834,-0.12393328848534892,-0.2813980026503167,0.07345149056593053,-0.846465991680407,0.0181785914197983,-1.153812604782006
772507.715692758,PLAYBACK,7.040236822096631,0.00023682205937802792,-0.02320851453421824,-0.12141313801785181,-0.2813792629892422,0.07422888532845029,-0.8379999999999992,0.02742824444953129,-1.1475747310597377,-0.019892979108995516,-0.12405501122060957,-0.2813952569278077,0.07344728059908731,-0.8468248332801502,0.01818155410005436,-1.154479724302553
772507.726468548,PLAYBACK,7.051819839049131,0.0018198390025645494,-0.02320851453421824,-0.1217967498283361,-0.2813792629892422,0.07422888532845029,-0.8391508354314485,0.02742824444953129,-1.1483419546807045,-0.019770140888452307,-0.12419232956638714,-0.2813922610171976,0.07344133049069883,-0.8472126597570864,0.01818522437721485,-1.155230882935308
772507.736385081,PLAYBACK,7.061507534002885,0.001507533947005868,-0.02320851453421824,-0.12218036163881862,-0.2813792629892422,0.07422888532845029,-0.839534447241931,0.02742824444953129,-1.148725566491187,-0.019666956894988437,-0.12430578786772846,-0.2813898711213561,0.07343530043891267,-0.8475279120722312,0.01818850513335343,-1.155846738523102
772507.746978842,PLAYBACK,7.071681941044517,0.001681941095739603,-0.02320851453421824,-0.12218036163881862,-0.2813792629892422,0.07422888532845029,-0.8403016708628979,0.027044632639046995,-1.1491091783016696,-0.01955803991285911,-0.12442343815004618,-0.28138749116991596,0.07342786657795682,-0.8478584502895201,0.01819208204527267,-1.1564771851275868
772507.758010433,PLAYBACK,7.082441159989685,0.002441160031594336,-0.02320851453421824,-0.12256397344930114,-0.2817628747997247,0.07422888532845029,-0.8410688944838629,0.027044632639046995,-1.1498764019226346,-0.019442208705834563,-0.12454558473801254,-0.28138516552820936,0.07341878932836435,-0.8482151772007822,0.018195844410004672,-1.157119024207964
772507.768693345,PLAYBACK,7.094737854087725,0.004737854120321572,-0.02320851453421824,-0.12294758525978366,-0.2817628747997247,0.07422888532845029,-0.8414525062943472,0.027044632639046995,-1.151027237354084,-0.019309113331270528,-0.12468091844355071,-0.2813828458999361,0.07340701332732306,-0.848640389202229,0.01819978940348882,-1.157809534425325
772507.780031843,PLAYBACK,7.1048004580661654,0.004800458089448512,-0.02282490272373572,-0.12333119707026796,-0.2817628747997247,0.07461249713893281,-0.8418361181048297,0.027044632639046995,-1.1514108491645665,-0.019199863934085133,-0.12478681917778921,-0.28138130409837087,0.07339642402145574,-0.8490072163249253,0.018202442902600462,-1.1583300057018378
772507.790547355,PLAYBACK,7.115292544011027,0.0052925440249964595,-0.02282490272373572,-0.12371480888075048,-0.2813792629892422,0.07422888532845029,-0.8426033417257948,0.027044632639046995,-1.1517944609750508,-0.019085988761352764,-0.12489105163576242,-0.2813801134517444,0.07338463924839864,-0.8494109528713166,0.018204401691188338,-1.1588201284200135
772507.802065447,PLAYBACK,7.127078420016915,0.007078420021571219,-0.02282490272373572,-0.124098420691233,-0.2813792629892422,0.07422888532845029,-0.8433705653467616,0.026661020828564475,-1.1525616845960158,-0.018958721495744884,-0.12499877242477495,-0.281379340725386,0.07337067516969821,-0.8498923347905123,0.018205403078473403,-1.15929647493563
772507.811968024,PLAYBACK,7.136349106091075,0.0013491060817614198,-0.02282490272373572,-0.12448203250171552,-0.2813792629892422,0.07422888532845029,-0.8437541771572441,0.026661020828564475,-1.1529452964064983,-0.018859657162134027,-0.1250753681212468,-0.2813791564967455,0.0733592340342061,-0.8502919843616593,0.018205249695252553,-1.159610588923327
772507.822456534,PLAYBACK,7.149817174999043,0.004817174980416894,-0.02282490272373572,-0.12486564431219982,-0.2817628747997247,0.07461249713893281,-0.8441377889677266,0.026277409018081954,-1.1537125200274652,-0.018718565029655198,-0.12517240373495583,-0.2813794623455162,0.0733418945907212,-0.850904000310959,0.018203741654396935,-1.1599680914195674
772507.833079281,PLAYBACK,7.158554188092239,0.003554188064299524,-0.02282490272373572,-0.12524925612268234,-0.2813792629892422,0.07422888532845029,-0.8445214007782091,0.026277409018081954,-1.1544797436484302,-0.018629609893458837,-0.12522586294025162,-0.2813799124030842,0.07333009815034308,-0.8513190415576902,0.018202227756266003,-1.1601387001379477
772507.8448305,PLAYBACK,7.169046084047295,0.00404608401004225,-0.02282490272373572,-0.12524925612268234,-0.2813792629892422,0.07422888532845029,-0.8449050125886934,0.025893797207599434,-1.1548633554589145,-0.018526335518832215,-0.1252800607057393,-0.2813805457415512,0.07331518492182668,-0.8518332351943787,0.018200291908662278,-1.160284400399062
772507.856528567,PLAYBACK,7.180899880011566,0.0058998799649998546,-0.022441290913253198,-0.12563286793316486,-0.2813792629892422,0.07422888532845029,-0.8456722362096585,0.025893797207599434,-1.155246967269397,-0.0184153042606818,-0.1253284261796408,-0.28138113418705996,0.07329706968591862,-0.8524302706950599,0.01819861001932456,-1.1603802498418698
772507.867312473,PLAYBACK,7.192390831070952,0.002390831126831472,-0.022441290913253198,-0.12601647974364738,-0.2813792629892422,0.07422888532845029,-0.8464394598306253,0.025893797207599434,-1.156014190890362,-0.018314242318309637,-0.12536293062453574,-0.2813812890077568,0.0732778887018761,-0.8530194741948262,0.01819825843062084,-1.1604156555671774
772507.877972471,PLAYBACK,7.2045209960779175,0.004520996124483645,-0.022441290913253198,-0.12640009155413168,-0.2813792629892422,0.07422888532845029,-0.8468230716411078,0.025510185397115137,-1.1563978027008464,-0.018215071250079394,-0.12538720047062427,-0.2813807055134718,0.07325555341521613,-0.8536454439918015,0.018200067523692163,-1.1604066445182653
772507.889993658,PLAYBACK,7.214474220061675,0.004474220098927617,-0.0220576791027689,-0.12601647974364738,-0.2813792629892422,0.07422888532845029,-0.8475902952620729,0.025510185397115137,-1.1567814145113289,-0.018139370596783357,-0.12539874106731322,-0.281379471204775,0.07323541908395839,-0.854156724060836,0.018203715630722803,-1.160374679067132
772507.900130453,PLAYBACK,7.225442369002849,0.005442369030788541,-0.0220576791027689,-0.12640009155413168,-0.2813792629892422,0.07422888532845029,-0.8479739070725572,0.025510185397115137,-1.1571650263218114,-0.018061204056232797,-0.1254037941134651,-0.28137719709544073,0.07321122358238222,-0.8547121405742735,0.01821032962804694,-1.1603242420660531
772507.911529798,PLAYBACK,7.236258757067844,0.006258757086470723,-0.0220576791027689,-0.12640009155413168,-0.2813792629892422,0.07422888532845029,-0.8483575188830397,0.025510185397115137,-1.157548638132294,-0.017988194214093582,-0.1254020020046751,-0.2813739743971993,0.0731853020703677,-0.8552464127006498,0.018219621900524795,-1.160267470537333
772507.923313891,PLAYBACK,7.247325765085407,0.0023257650900632143,-0.02167406729228638,-0.12640009155413168,-0.2813792629892422,0.07422888532845029,-0.8491247425040047,0.025126573586632617,-1.157548638132294,-0.01791561835569474,-0.12539436087372693,-0.28136971461636007,0.0731567955176898,-0.855774012677241,0.018231844712744107,-1.1602091718198528
772507.934786025,PLAYBACK,7.260994198033586,0.005994198028929532,-0.02167406729228638,-0.12640009155413168,-0.2813792629892422,0.07422888532845029,-0.8498919661249715,0.024742961776150096,-1.1579322499427782,-0.017825012708926273,-0.12537852167817803,-0.28136330108646035,0.07311920453431042,-0.8563918397304341,0.018250193985512305,-1.1601443062563268
772507.946370976,PLAYBACK,7.270077224005945,0.005077223991975188,-0.02129045548180386,-0.12640009155413168,-0.2813792629892422,0.07422888532845029,-0.850275577935454,0.025126573586632617,-1.1583158617532607,-0.01776162128543913,-0.12536503985293893,-0.2813584998963157,0.07309307428882673,-0.8567779889815162,0.01826391541263704,-1.160108352256817
772507.956089991,PLAYBACK,7.281326972995885,0.0013269729679450393,-0.02129045548180386,-0.1267837033646142,-0.2813792629892422,0.07422888532845029,-0.8506591897459366,0.024742961776150096,-1.1583158617532607,-0.017676548277334538,-0.12534608194607813,-0.281352184436153,0.07305984777915206,-0.8572255711974336,0.01828196755115443,-1.1600733821538531
772507.968272707,PLAYBACK,7.292547575081699,0.0025475750444456935,-0.02129045548180386,-0.1267837033646142,-0.2813792629892422,0.07422888532845029,-0.8514264133669034,0.025126573586632617,-1.1586994735637433,-0.01758138124705947,-0.1253256496262785,-0.28134573982805305,0.07302622127814318,-0.8576350158543492,0.018300413484390064,-1.1600495015080412
772507.979304137,PLAYBACK,7.303532937075943,0.003532937029376626,-0.02090684367132134,-0.12640009155413168,-0.2813792629892422,0.07422888532845029,-0.8518100251773859,0.024742961776150096,-1.1590830853742258,-0.017475268105403015,-0.1253050855878329,-0.2813395679886631,0.07299332720427217,-0.8579974696951302,0.018318126392543557,-1.1600363193390553
772507.990053196,PLAYBACK,7.316743783070706,0.006743783014826477,-0.020523231860837043,-0.1267837033646142,-0.2813792629892422,0.07422888532845029,-0.852577248798351,0.024742961776150096,-1.1590830853742258,-0.017327167561312168,-0.12528074961832594,-0.2813327034205591,0.07295449126082416,-0.8583803742190752,0.01833792722330143,-1.1600322177397735
772508.00091445,PLAYBACK,7.325756565085612,0.005756565136834979,-0.020523231860837043,-0.1267837033646142,-0.2813792629892422,0.07422888532845029,-0.852577248798351,0.024742961776150096,-1.1590830853742258,-0.017211687527277766,-0.12526496719222405,-0.28132857223917596,0.07292882950251445,-0.8586074453008018,0.01834993305353259,-1.1600355008761565
772508.012335717,PLAYBACK,7.336238211020827,0.0012382110580801964,-0.020139620050354523,-0.1267837033646142,-0.2813792629892422,0.07422888532845029,-0.8537280842298003,0.024742961776150096,-1.1594666971847083,-0.017061657662763654,-0.12524792600255244,-0.281324502056221,0.07290017640012436,-0.8588363415537378,0.01836188632387839,-1.1600441206334742
772508.021921747,PLAYBACK,7.3476659210864455,0.002665921114385128,-0.020139620050354523,-0.12640009155413168,-0.2813792629892422,0.07422888532845029,-0.8541116960402828,0.024359349965667576,-1.1594666971847083,-0.016878526628646393,-0.125231381084367,-0.2813211103080748,0.07287072225009734,-0.8590431665711022,0.01837204847402127,-1.1600578764078133
772508.033242201,PLAYBACK,7.358132458059117,0.0031324580777436495,-0.019756008239872003,-0.1267837033646142,-0.2813792629892422,0.07422888532845029,-0.8548789196612496,0.024359349965667576,-1.1594666971847083,-0.01669341713619421,-0.12521838341791125,-0.2813190504991574,0.07284562344343505,-0.8591945134574082,0.018378476901883947,-1.1600731856239155
772508.043857664,PLAYBACK,7.369066481012851,0.004066481022164226,-0.019756008239872003,-0.12640009155413168,-0.2813792629892422,0.07422888532845029,-0.8552625314717321,0.024359349965667576,-1.1594666971847083,-0.01648360111585584,-0.12520719707730765,-0.2813180097529486,0.0728215044807623,-0.859315445049451,0.018382130043458476,-1.1600908187165315
772508.055363483,PLAYBACK,7.379470709012821,0.004470709012821317,-0.019372396429389482,-0.12640009155413168,-0.2813792629892422,0.07422888532845029,-0.8556461432822147,0.023975738155185056,-1.1594666971847083,-0.016270170794897624,-0.1251989033848017,-0.2813180711558656,0.07280065728078197,-0.8593973375936073,0.018382701623867476,-1.1601082849560325
772508.065964848,PLAYBACK,7.390434539993294,0.005434539983980358,-0.019372396429389482,-0.1267837033646142,-0.2813792629892422,0.07422888532845029,-0.8564133669031815,0.023975738155185056,-1.1598503089951926,-0.016033212197165164,-0.1251926423323715,-0.2813192044995789,0.07278096923690246,-0.8594513334656554,0.01838034626461069,-1.1601266505421755
772508.076759455,PLAYBACK,7.402020553010516,0.0020205529872328043,-0.018988784618905186,-0.1267837033646142,-0.2813792629892422,0.07422888532845029,-0.856796978713664,0.02359212634470076,-1.1598503089951926,-0.01577272668112799,-0.12518869697159973,-0.28132150806790546,0.07276271699045765,-0.8594759112865041,0.018374788422971428,-1.1601453205570809
772508.087513473,PLAYBACK,7.412312085041776,0.0023120850091800094,-0.018988784618905186,-0.1267837033646142,-0.2813792629892422,0.07422888532845029,-0.8571805905241465,0.02359212634470076,-1.1598503089951926,-0.015535880483564985,-0.1251873475745626,-0.2813244057898301,0.07274866776960773,-0.8594730966914484,0.018367480847483676,-1.160160811546948
772508.099784659,PLAYBACK,7.425601452006958,0.005601451965048909,-0.018605172808422665,-0.1267837033646142,-0.2813792629892422,0.07422888532845029,-0.8575642023346308,0.02320851453421824,-1.1598503089951926,-0.015227613944627471,-0.12518829785995064,-0.28132914575881424,0.07273342086740121,-0.8594405018680326,0.018355252101405185,-1.1601788105887358
772508.110300731,PLAYBACK,7.434888038085774,0.004888038034550846,-0.018221560997940145,-0.1267837033646142,-0.2813792629892422,0.07422888532845029,-0.8579478141451133,0.02282490272373572,-1.1598503089951926,-0.015013935807449233,-0.12519052876741626,-0.28133299243582416,0.07272459764685453,-0.8594018275669816,0.01834520117134588,-1.1601898525925158
772508.122482155,PLAYBACK,7.446914625004865,0.006914625060744584,-0.018221560997940145,-0.12640009155413168,-0.2813792629892422,0.07422888532845029,-0.8583314259555959,0.02282490272373572,-1.1602339208056751,-0.014743699932645545,-0.12519498969528092,-0.281338441015104,0.07271523960510307,-0.8593368585227551,0.018330852100086146,-1.160202147329727
772508.132365104,PLAYBACK,7.45848857506644,0.0034885751083493233,-0.017837949187457625,-0.1267837033646142,-0.2813792629892422,0.07422888532845029,-0.8583314259555959,0.022441290913253198,-1.1598503089951926,-0.014494867295140459,-0.12520058021671188,-0.28134398495275587,0.07270823636618907,-0.8592630559163145,0.018316161284344764,-1.1602118243461592
772508.143147377,PLAYBACK,7.468687077984214,0.003687078016810119,-0.017454337376973328,-0.1267837033646142,-0.2813792629892422,0.07422888532845029,-0.8587150377660784,0.022441290913253198,-1.1602339208056751,-0.014288161351589529,-0.12520623410886345,-0.2813489484301453,0.07270350800357467,-0.8591925785831532,0.01830295295041581,-1.1602186577310631
772508.155415687,PLAYBACK,7.482250611064956,0.0072506110882386565,-0.017454337376973328,-0.1267837033646142,-0.2817628747997247,0.07384527351796777,-0.8587150377660784,0.0220576791027689,-1.1602339208056751,-0.014036189221722789,-0.12521431297969118,-0.2813554189711647,0.07269901374564225,-0.8590962783548312,0.018285673629076626,-1.1602254759901114
772508.16621928,PLAYBACK,7.491416416014545,0.006416416028514504,-0.017070725566490808,-0.12640009155413168,-0.2813792629892422,0.07422888532845029,-0.8587150377660784,0.0220576791027689,-1.1602339208056751,-0.013883206283749299,-0.12521984497522498,-0.281359569097897,0.07269695093101639,-0.8590324983354611,0.01827456105766611,-1.1602287739555768
772508.177738415,PLAYBACK,7.501500940998085,0.0015009409980848432,-0.017070725566490808,-0.12640009155413168,-0.2813792629892422,0.07384527351796777,-0.8590986495765627,0.0220576791027689,-1.1606175326161576,-0.013732869614850995,-0.12522574893944496,-0.28136381247875913,0.07269541711531322,-0.8589659809562515,0.018263177778735908,-1.160231357235611
772508.187623838,PLAYBACK,7.513142480049282,0.0031424800399690866,-0.016687113756008287,-0.1267837033646142,-0.2813792629892422,0.07422888532845029,-0.8590986495765627,0.0220576791027689,-1.1606175326161576,-0.013584392558319362,-0.1252320547070601,-0.28136817073448267,0.07269440025007713,-0.8588964928704189,0.018251465882486443,-1.160233214854377
772508.198763346,PLAYBACK,7.523951604031026,0.003951604012399912,-0.016303501945525767,-0.12640009155413168,-0.2817628747997247,0.07384527351796777,-0.8590986495765627,0.0220576791027689,-1.1602339208056751,-0.013471532633833876,-0.12523718987915078,-0.281371603931851,0.07269398397191455,-0.8588410164603427,0.018242225748131325,-1.1602341086765853
772508.210248345,PLAYBACK,7.536695625982247,0.006695625954307616,-0.01591989013504147,-0.1267837033646142,-0.2817628747997247,0.07384527351796777,-0.8590986495765627,0.02167406729228638,-1.1606175326161576,-0.013369466249746477,-0.12524212562362497,-0.2813748113443213,0.07269390987678066,-0.858788644068273,0.018233581685503195,-1.1602344593354585
772508.220435487,PLAYBACK,7.545627773040906,0.005627773003652692,-0.01591989013504147,-0.12640009155413168,-0.2817628747997247,0.07384527351796777,-0.8590986495765627,0.02167406729228638,-1.1606175326161576,-0.013317187045408754,-0.12524478316532117,-0.28137649965851524,0.07269400539851933,-0.8587608666489033,0.01822902665786451,-1.160234429772518
772508.231312882,PLAYBACK,7.556521399063058,0.006521399016492069,-0.01591989013504147,-0.12640009155413168,-0.2817628747997247,0.07384527351796777,-0.8590986495765627,0.02167406729228638,-1.1602339208056751,-0.013273133077196301,-0.12524711155718682,-0.2813779535608081,0.07269417721081706,-0.8587368212064258,0.01822510074512737,-1.1602342571249824
772508.242761321,PLAYBACK,7.566449034027755,0.001449034083634615,-0.01591989013504147,-0.12640009155413168,-0.2813792629892422,0.07384527351796777,-0.8590986495765627,0.02167406729228638,-1.1606175326161576,-0.01324939466227636,-0.1252484137488905,-0.2813787536596881,0.07269431838930179,-0.8587235305424145,0.018222938536535525,-1.1602340833660532
772508.254634584,PLAYBACK,7.578705010004342,0.003705010050907731,-0.01591989013504147,-0.1267837033646142,-0.2817628747997247,0.07384527351796777,-0.8594822613870452,0.02167406729228638,-1.1606175326161576,-0.013236670576196525,-0.1252491354517363,-0.2813791908275974,0.07269441819947571,-0.8587162438099656,0.018221756276665203,-1.1602339490524005
772508.265172128,PLAYBACK,7.591056991019286,0.006056991056539118,-0.01553627832455895,-0.12640009155413168,-0.2813792629892422,0.07384527351796777,-0.8590986495765627,0.02129045548180386,-1.1602339208056751,-0.013234607507150033,-0.12524925611995577,-0.28137926298762816,0.07269443808601328,-0.858715037793104,0.01822156100231036,-1.1602339208064154
772508.27523979,PLAYBACK,7.591406588629155,0.004971184069290757,-0.01515266651407643,-0.12640009155413168,-0.2813792629892422,0.07384527351796777,-0.8590986495765627,0.02167406729228638,-1.1602339208056751,-0.013234607461662051,-0.12524925612268234,-0.2813792629892422,0.07269443808651843,-0.8587150377660784,0.018221560997940145,-1.1602339208056751
772508.282211901,ENDPOINT SOFT HOLD,0,0,-0.01515266651407643,-0.12640009155413168,-0.2817628747997247,0.07384527351796777,-0.8590986495765627,0.02129045548180386,-1.1602339208056751,-0.013234607461662051,-0.12524925612268234,-0.2813792629892422,0.07269443808651843,-0.8587150377660784,0.018221560997940145,-1.1602339208056751
772508.304391225,ENDPOINT SOFT HOLD,0,0,-0.01515266651407643,-0.12640009155413168,-0.2813792629892422,0.07384527351796777,-0.8590986495765627,0.02090684367132134,-1.1606175326161576,-0.013234607461662051,-0.12524925612268234,-0.2813792629892422,0.07269443808651843,-0.8587150377660784,0.018221560997940145,-1.1602339208056751
772508.325178901,ENDPOINT SOFT HOLD,0,0,-0.01515266651407643,-0.12640009155413168,-0.2813792629892422,0.07384527351796777,-0.8590986495765627,0.020523231860837043,-1.1602339208056751,-0.013234607461662051,-0.12524925612268234,-0.2813792629892422,0.07269443808651843,-0.8587150377660784,0.018221560997940145,-1.1602339208056751
772508.347217374,ENDPOINT SOFT HOLD,0,0,-0.014769054703593909,-0.12640009155413168,-0.2813792629892422,0.07346166170748347,-0.8590986495765627,0.020139620050354523,-1.1602339208056751,-0.013234607461662051,-0.12524925612268234,-0.2813792629892422,0.07269443808651843,-0.8587150377660784,0.018221560997940145,-1.1602339208056751
772508.3680831,ENDPOINT SOFT HOLD,0,0,-0.014769054703593909,-0.1267837033646142,-0.2813792629892422,0.07346166170748347,-0.8590986495765627,0.019756008239872003,-1.1602339208056751,-0.013234607461662051,-0.12524925612268234,-0.2813792629892422,0.07269443808651843,-0.8587150377660784,0.018221560997940145,-1.1602339208056751
772508.389062504,ENDPOINT SOFT HOLD,0,0,-0.014769054703593909,-0.12640009155413168,-0.2813792629892422,0.07346166170748347,-0.8590986495765627,0.019372396429389482,-1.1602339208056751,-0.013234607461662051,-0.12524925612268234,-0.2813792629892422,0.07269443808651843,-0.8587150377660784,0.018221560997940145,-1.1602339208056751
772508.410659922,ENDPOINT SOFT HOLD,0,0,-0.014769054703593909,-0.12640009155413168,-0.2813792629892422,0.07346166170748347,-0.8590986495765627,0.019372396429389482,-1.1602339208056751,-0.013234607461662051,-0.12524925612268234,-0.2813792629892422,0.07269443808651843,-0.8587150377660784,0.018221560997940145,-1.1602339208056751
772508.431437268,ENDPOINT SOFT HOLD,0,0,-0.014769054703593909,-0.12640009155413168,-0.2813792629892422,0.07384527351796777,-0.8590986495765627,0.018988784618905186,-1.1606175326161576,-0.013234607461662051,-0.12524925612268234,-0.2813792629892422,0.07269443808651843,-0.8587150377660784,0.018221560997940145,-1.1602339208056751
772508.451665713,ENDPOINT SOFT HOLD,0,0,-0.014769054703593909,-0.12640009155413168,-0.2813792629892422,0.07384527351796777,-0.8590986495765627,0.018988784618905186,-1.1606175326161576,-0.013234607461662051,-0.12524925612268234,-0.2813792629892422,0.07269443808651843,-0.8587150377660784,0.018221560997940145,-1.1602339208056751
772508.472099371,ENDPOINT SOFT HOLD,0,0,-0.014769054703593909,-0.12640009155413168,-0.2813792629892422,0.07346166170748347,-0.8590986495765627,0.018988784618905186,-1.1606175326161576,-0.013234607461662051,-0.12524925612268234,-0.2813792629892422,0.07269443808651843,-0.8587150377660784,0.018221560997940145,-1.1602339208056751
772508.492615006,ENDPOINT SOFT HOLD,0,0,-0.01515266651407643,-0.12640009155413168,-0.2813792629892422,0.07384527351796777,-0.8594822613870452,0.018988784618905186,-1.1602339208056751,-0.013234607461662051,-0.12524925612268234,-0.2813792629892422,0.07269443808651843,-0.8587150377660784,0.018221560997940145,-1.1602339208056751
772508.513517963,ENDPOINT SOFT HOLD,0,0,-0.014769054703593909,-0.12601647974364738,-0.2813792629892422,0.07346166170748347,-0.8590986495765627,0.018605172808422665,-1.1602339208056751,-0.013234607461662051,-0.12524925612268234,-0.2813792629892422,0.07269443808651843,-0.8587150377660784,0.018221560997940145,-1.1602339208056751
772508.533602101,ENDPOINT SOFT HOLD,0,0,-0.014769054703593909,-0.12640009155413168,-0.2813792629892422,0.07384527351796777,-0.8590986495765627,0.018605172808422665,-1.1602339208056751,-0.013234607461662051,-0.12524925612268234,-0.2813792629892422,0.07269443808651843,-0.8587150377660784,0.018221560997940145,-1.1602339208056751
772508.554579441,ENDPOINT SOFT HOLD,0,0,-0.014769054703593909,-0.12640009155413168,-0.2813792629892422,0.07384527351796777,-0.8590986495765627,0.018605172808422665,-1.1602339208056751,-0.013234607461662051,-0.12524925612268234,-0.2813792629892422,0.07269443808651843,-0.8587150377660784,0.018221560997940145,-1.1602339208056751
772508.577728091,ENDPOINT SOFT HOLD,0,0,-0.014769054703593909,-0.12640009155413168,-0.2813792629892422,0.07346166170748347,-0.8590986495765627,0.018605172808422665,-1.1602339208056751,-0.013234607461662051,-0.12524925612268234,-0.2813792629892422,0.07269443808651843,-0.8587150377660784,0.018221560997940145,-1.1602339208056751
772508.59847525,ENDPOINT SOFT HOLD,0,0,-0.014769054703593909,-0.12640009155413168,-0.2813792629892422,0.07346166170748347,-0.8590986495765627,0.018605172808422665,-1.1606175326161576,-0.013234607461662051,-0.12524925612268234,-0.2813792629892422,0.07269443808651843,-0.8587150377660784,0.018221560997940145,-1.1602339208056751
772508.619356035,ENDPOINT SOFT HOLD,0,0,-0.014769054703593909,-0.12640009155413168,-0.2813792629892422,0.07346166170748347,-0.8590986495765627,0.018605172808422665,-1.1602339208056751,-0.013234607461662051,-0.12524925612268234,-0.2813792629892422,0.07269443808651843,-0.8587150377660784,0.018221560997940145,-1.1602339208056751
772508.639536457,ENDPOINT SOFT HOLD,0,0,-0.014385442893111389,-0.12640009155413168,-0.2813792629892422,0.07346166170748347,-0.8590986495765627,0.018605172808422665,-1.1602339208056751,-0.013234607461662051,-0.12524925612268234,-0.2813792629892422,0.07269443808651843,-0.8587150377660784,0.018221560997940145,-1.1602339208056751
772508.661646197,ENDPOINT SOFT HOLD,0,0,-0.014385442893111389,-0.12640009155413168,-0.2813792629892422,0.07346166170748347,-0.8590986495765627,0.018221560997940145,-1.1602339208056751,-0.013234607461662051,-0.12524925612268234,-0.2813792629892422,0.07269443808651843,-0.8587150377660784,0.018221560997940145,-1.1602339208056751
772508.684561621,ENDPOINT SOFT HOLD,0,0,-0.014385442893111389,-0.12640009155413168,-0.2813792629892422,0.07346166170748347,-0.8590986495765627,0.018605172808422665,-1.1602339208056751,-0.013234607461662051,-0.12524925612268234,-0.2813792629892422,0.07269443808651843,-0.8587150377660784,0.018221560997940145,-1.1602339208056751
772508.706468933,ENDPOINT SOFT HOLD,0,0,-0.014385442893111389,-0.12640009155413168,-0.2813792629892422,0.07346166170748347,-0.8590986495765627,0.018221560997940145,-1.1602339208056751,-0.013234607461662051,-0.12524925612268234,-0.2813792629892422,0.07269443808651843,-0.8587150377660784,0.018221560997940145,-1.1602339208056751
772508.727827904,ENDPOINT SOFT HOLD,0,0,-0.014001831082627092,-0.12640009155413168,-0.2813792629892422,0.07346166170748347,-0.8590986495765627,0.018221560997940145,-1.1602339208056751,-0.013234607461662051,-0.12524925612268234,-0.2813792629892422,0.07269443808651843,-0.8587150377660784,0.018221560997940145,-1.1602339208056751
772508.747946297,ENDPOINT SOFT HOLD,0,0,-0.014385442893111389,-0.12640009155413168,-0.2809956511787579,0.07346166170748347,-0.8590986495765627,0.018221560997940145,-1.1602339208056751,-0.013234607461662051,-0.12524925612268234,-0.2813792629892422,0.07269443808651843,-0.8587150377660784,0.018221560997940145,-1.1602339208056751
772508.769987596,ENDPOINT SOFT HOLD,0,0,-0.014001831082627092,-0.12640009155413168,-0.2813792629892422,0.07346166170748347,-0.8590986495765627,0.018221560997940145,-1.1602339208056751,-0.013234607461662051,-0.12524925612268234,-0.2813792629892422,0.07269443808651843,-0.8587150377660784,0.018221560997940145,-1.1602339208056751
772508.790327935,ENDPOINT SOFT HOLD,0,0,-0.014001831082627092,-0.12640009155413168,-0.2813792629892422,0.07346166170748347,-0.8590986495765627,0.018221560997940145,-1.1602339208056751,-0.013234607461662051,-0.12524925612268234,-0.2813792629892422,0.07269443808651843,-0.8587150377660784,0.018221560997940145,-1.1602339208056751
772508.811749446,ENDPOINT SOFT HOLD,0,0,-0.014001831082627092,-0.12640009155413168,-0.2813792629892422,0.07346166170748347,-0.8590986495765627,0.018221560997940145,-1.1602339208056751,-0.013234607461662051,-0.12524925612268234,-0.2813792629892422,0.07269443808651843,-0.8587150377660784,0.018221560997940145,-1.1602339208056751
772508.833192158,ENDPOINT SOFT HOLD,0,0,-0.013618219272144572,-0.12640009155413168,-0.2813792629892422,0.07346166170748347,-0.8590986495765627,0.018221560997940145,-1.1602339208056751,-0.013234607461662051,-0.12524925612268234,-0.2813792629892422,0.07269443808651843,-0.8587150377660784,0.018221560997940145,-1.1602339208056751
772508.854986453,ENDPOINT SOFT HOLD,0,0,-0.013618219272144572,-0.12640009155413168,-0.2813792629892422,0.07346166170748347,-0.8590986495765627,0.018221560997940145,-1.1602339208056751,-0.013234607461662051,-0.12524925612268234,-0.2813792629892422,0.07269443808651843,-0.8587150377660784,0.018221560997940145,-1.1602339208056751
772508.875766835,ENDPOINT SOFT HOLD,0,0,-0.013618219272144572,-0.12640009155413168,-0.2817628747997247,0.07346166170748347,-0.8590986495765627,0.018605172808422665,-1.1602339208056751,-0.013234607461662051,-0.12524925612268234,-0.2813792629892422,0.07269443808651843,-0.8587150377660784,0.018221560997940145,-1.1602339208056751
772508.897684767,ENDPOINT SOFT HOLD,0,0,-0.013234607461662051,-0.12640009155413168,-0.2813792629892422,0.07346166170748347,-0.8590986495765627,0.018221560997940145,-1.1602339208056751,-0.013234607461662051,-0.12524925612268234,-0.2813792629892422,0.07269443808651843,-0.8587150377660784,0.018221560997940145,-1.1602339208056751
772508.919818373,ENDPOINT SOFT HOLD,0,0,-0.013618219272144572,-0.12640009155413168,-0.2813792629892422,0.07346166170748347,-0.8590986495765627,0.018221560997940145,-1.1602339208056751,-0.013234607461662051,-0.12524925612268234,-0.2813792629892422,0.07269443808651843,-0.8587150377660784,0.018221560997940145,-1.1602339208056751
772508.940678929,ENDPOINT SOFT HOLD,0,0,-0.013234607461662051,-0.12640009155413168,-0.2813792629892422,0.07346166170748347,-0.8590986495765627,0.018221560997940145,-1.1602339208056751,-0.013234607461662051,-0.12524925612268234,-0.2813792629892422,0.07269443808651843,-0.8587150377660784,0.018221560997940145,-1.1602339208056751
772508.961454372,ENDPOINT SOFT HOLD,0,0,-0.013234607461662051,-0.12601647974364738,-0.2813792629892422,0.07346166170748347,-0.8590986495765627,0.018221560997940145,-1.1602339208056751,-0.013234607461662051,-0.12524925612268234,-0.2813792629892422,0.07269443808651843,-0.8587150377660784,0.018221560997940145,-1.1602339208056751
772508.983390619,ENDPOINT SOFT HOLD,0,0,-0.013234607461662051,-0.12640009155413168,-0.2813792629892422,0.07307804989700095,-0.8590986495765627,0.018221560997940145,-1.1602339208056751,-0.013234607461662051,-0.12524925612268234,-0.2813792629892422,0.07269443808651843,-0.8587150377660784,0.018221560997940145,-1.1602339208056751
772509.004851866,ENDPOINT SOFT HOLD,0,0,-0.013234607461662051,-0.12601647974364738,-0.2813792629892422,0.07346166170748347,-0.8590986495765627,0.018221560997940145,-1.1602339208056751,-0.013234607461662051,-0.12524925612268234,-0.2813792629892422,0.07269443808651843,-0.8587150377660784,0.018221560997940145,-1.1602339208056751
772509.027074482,ENDPOINT SOFT HOLD,0,0,-0.013234607461662051,-0.12640009155413168,-0.2813792629892422,0.07346166170748347,-0.8587150377660784,0.018221560997940145,-1.1602339208056751,-0.013234607461662051,-0.12524925612268234,-0.2813792629892422,0.07269443808651843,-0.8587150377660784,0.018221560997940145,-1.1602339208056751
772509.047627118,ENDPOINT SOFT HOLD,0,0,-0.013234607461662051,-0.12601647974364738,-0.2813792629892422,0.07346166170748347,-0.8590986495765627,0.018221560997940145,-1.1602339208056751,-0.013234607461662051,-0.12524925612268234,-0.2813792629892422,0.07269443808651843,-0.8587150377660784,0.018221560997940145,-1.1602339208056751
772509.069764,ENDPOINT SOFT HOLD,0,0,-0.013234607461662051,-0.12601647974364738,-0.2817628747997247,0.07346166170748347,-0.8587150377660784,0.018221560997940145,-1.1602339208056751,-0.013234607461662051,-0.12524925612268234,-0.2813792629892422,0.07269443808651843,-0.8587150377660784,0.018221560997940145,-1.1602339208056751
772509.091966698,ENDPOINT SOFT HOLD,0,0,-0.013234607461662051,-0.12601647974364738,-0.2813792629892422,0.07307804989700095,-0.8587150377660784,0.018221560997940145,-1.1602339208056751,-0.013234607461662051,-0.12524925612268234,-0.2813792629892422,0.07269443808651843,-0.8587150377660784,0.018221560997940145,-1.1602339208056751
772509.112036819,ENDPOINT SOFT HOLD,0,0,-0.013234607461662051,-0.12601647974364738,-0.2813792629892422,0.07346166170748347,-0.8587150377660784,0.018221560997940145,-1.1602339208056751,-0.013234607461662051,-0.12524925612268234,-0.2813792629892422,0.07269443808651843,-0.8587150377660784,0.018221560997940145,-1.1602339208056751
772509.132111018,ENDPOINT SOFT HOLD,0,0,-0.012850995651179531,-0.12601647974364738,-0.2813792629892422,0.07307804989700095,-0.8587150377660784,0.018221560997940145,-1.1602339208056751,-0.013234607461662051,-0.12524925612268234,-0.2813792629892422,0.07269443808651843,-0.8587150377660784,0.018221560997940145,-1.1602339208056751
772509.712417553,ENDPOINT HOLD,0,0,-0.012850995651179531,-0.12524925612268234,-0.2813792629892422,0.07307804989700095,-0.8587150377660784,0.018221560997940145,-1.1598503089951926,-0.013234607461662051,-0.12524925612268234,-0.2813792629892422,0.07269443808651843,-0.8587150377660784,0.018221560997940145,-1.1602339208056751
772509.732980619,ENDPOINT HOLD,0,0,-0.012850995651179531,-0.12524925612268234,-0.2809956511787579,0.07269443808651843,-0.8587150377660784,0.018221560997940145,-1.1602339208056751,-0.013234607461662051,-0.12524925612268234,-0.2813792629892422,0.07269443808651843,-0.8587150377660784,0.018221560997940145,-1.1602339208056751
772509.753534096,ENDPOINT HOLD,0,0,-0.013234607461662051,-0.12524925612268234,-0.2809956511787579,0.07307804989700095,-0.8583314259555959,0.018221560997940145,-1.1598503089951926,-0.013234607461662051,-0.12524925612268234,-0.2813792629892422,0.07269443808651843,-0.8587150377660784,0.018221560997940145,-1.1602339208056751
772509.774782105,ENDPOINT HOLD,0,0,-0.012850995651179531,-0.12524925612268234,-0.2809956511787579,0.07307804989700095,-0.8587150377660784,0.018221560997940145,-1.1598503089951926,-0.013234607461662051,-0.12524925612268234,-0.2813792629892422,0.07269443808651843,-0.8587150377660784,0.018221560997940145,-1.1602339208056751
772509.795674912,ENDPOINT HOLD,0,0,-0.012850995651179531,-0.12524925612268234,-0.2809956511787579,0.07307804989700095,-0.8587150377660784,0.018221560997940145,-1.1598503089951926,-0.013234607461662051,-0.12524925612268234,-0.2813792629892422,0.07269443808651843,-0.8587150377660784,0.018221560997940145,-1.1602339208056751
772509.816449253,ENDPOINT HOLD,0,0,-0.012850995651179531,-0.12486564431219982,-0.2813792629892422,0.07307804989700095,-0.8587150377660784,0.018221560997940145,-1.1602339208056751,-0.013234607461662051,-0.12524925612268234,-0.2813792629892422,0.07269443808651843,-0.8587150377660784,0.018221560997940145,-1.1602339208056751
772509.83870865,ENDPOINT HOLD,0,0,-0.012850995651179531,-0.12524925612268234,-0.2809956511787579,0.07307804989700095,-0.8587150377660784,0.018221560997940145,-1.1598503089951926,-0.013234607461662051,-0.12524925612268234,-0.2813792629892422,0.07269443808651843,-0.8587150377660784,0.018221560997940145,-1.1602339208056751
772509.859347902,ENDPOINT HOLD,0,0,-0.013234607461662051,-0.12524925612268234,-0.2813792629892422,0.07307804989700095,-0.8587150377660784,0.018221560997940145,-1.1598503089951926,-0.013234607461662051,-0.12524925612268234,-0.2813792629892422,0.07269443808651843,-0.8587150377660784,0.018221560997940145,-1.1602339208056751
772509.880752901,ENDPOINT HOLD,0,0,-0.013234607461662051,-0.12524925612268234,-0.2809956511787579,0.07307804989700095,-0.8583314259555959,0.018221560997940145,-1.1598503089951926,-0.013234607461662051,-0.12524925612268234,-0.2813792629892422,0.07269443808651843,-0.8587150377660784,0.018221560997940145,-1.1602339208056751
772509.902368374,ENDPOINT HOLD,0,0,-0.012850995651179531,-0.12524925612268234,-0.2813792629892422,0.07307804989700095,-0.8587150377660784,0.018221560997940145,-1.1598503089951926,-0.013234607461662051,-0.12524925612268234,-0.2813792629892422,0.07269443808651843,-0.8587150377660784,0.018221560997940145,-1.1602339208056751
772509.923437189,ENDPOINT HOLD,0,0,-0.012850995651179531,-0.12524925612268234,-0.2809956511787579,0.07307804989700095,-0.8587150377660784,0.018221560997940145,-1.1602339208056751,-0.013234607461662051,-0.12524925612268234,-0.2813792629892422,0.07269443808651843,-0.8587150377660784,0.018221560997940145,-1.1602339208056751
772509.945091155,ENDPOINT HOLD,0,0,-0.012850995651179531,-0.12486564431219982,-0.2813792629892422,0.07307804989700095,-0.8583314259555959,0.018221560997940145,-1.1602339208056751,-0.013234607461662051,-0.12524925612268234,-0.2813792629892422,0.07269443808651843,-0.8587150377660784,0.018221560997940145,-1.1602339208056751
772509.967285186,ENDPOINT HOLD,0,0,-0.013234607461662051,-0.12524925612268234,-0.2813792629892422,0.07307804989700095,-0.8583314259555959,0.018221560997940145,-1.1602339208056751,-0.013234607461662051,-0.12524925612268234,-0.2813792629892422,0.07269443808651843,-0.8587150377660784,0.018221560997940145,-1.1602339208056751
772509.989199592,ENDPOINT HOLD,0,0,-0.012850995651179531,-0.12524925612268234,-0.2813792629892422,0.07307804989700095,-0.8583314259555959,0.018221560997940145,-1.1602339208056751,-0.013234607461662051,-0.12524925612268234,-0.2813792629892422,0.07269443808651843,-0.8587150377660784,0.018221560997940145,-1.1602339208056751
772510.010449394,ENDPOINT HOLD,0,0,-0.013234607461662051,-0.12524925612268234,-0.2809956511787579,0.07269443808651843,-0.8587150377660784,0.018221560997940145,-1.1602339208056751,-0.013234607461662051,-0.12524925612268234,-0.2813792629892422,0.07269443808651843,-0.8587150377660784,0.018221560997940145,-1.1602339208056751
772510.031468524,ENDPOINT HOLD,0,0,-0.012850995651179531,-0.12524925612268234,-0.2813792629892422,0.07269443808651843,-0.8583314259555959,0.018221560997940145,-1.1602339208056751,-0.013234607461662051,-0.12524925612268234,-0.2813792629892422,0.07269443808651843,-0.8587150377660784,0.018221560997940145,-1.1602339208056751
772510.053410171,ENDPOINT HOLD,0,0,-0.013234607461662051,-0.12486564431219982,-0.2809956511787579,0.07269443808651843,-0.8587150377660784,0.018221560997940145,-1.1598503089951926,-0.013234607461662051,-0.12524925612268234,-0.2813792629892422,0.07269443808651843,-0.8587150377660784,0.018221560997940145,-1.1602339208056751
772510.073941707,ENDPOINT HOLD,0,0,-0.012850995651179531,-0.12486564431219982,-0.2813792629892422,0.07269443808651843,-0.8587150377660784,0.018221560997940145,-1.1598503089951926,-0.013234607461662051,-0.12524925612268234,-0.2813792629892422,0.07269443808651843,-0.8587150377660784,0.018221560997940145,-1.1602339208056751
772510.094895952,ENDPOINT HOLD,0,0,-0.012850995651179531,-0.12524925612268234,-0.2809956511787579,0.07269443808651843,-0.8587150377660784,0.018221560997940145,-1.1602339208056751,-0.013234607461662051,-0.12524925612268234,-0.2813792629892422,0.07269443808651843,-0.8587150377660784,0.018221560997940145,-1.1602339208056751
772510.116432022,ENDPOINT HOLD,0,0,-0.012850995651179531,-0.12524925612268234,-0.2809956511787579,0.07269443808651843,-0.8583314259555959,0.018221560997940145,-1.1602339208056751,-0.013234607461662051,-0.12524925612268234,-0.2813792629892422,0.07269443808651843,-0.8587150377660784,0.018221560997940145,-1.1602339208056751
772510.138413937,ENDPOINT HOLD,0,0,-0.013234607461662051,-0.12524925612268234,-0.2809956511787579,0.07269443808651843,-0.8583314259555959,0.018221560997940145,-1.1602339208056751,-0.013234607461662051,-0.12524925612268234,-0.2813792629892422,0.07269443808651843,-0.8587150377660784,0.018221560997940145,-1.1602339208056751
772510.160890119,ENDPOINT HOLD,0,0,-0.012850995651179531,-0.12524925612268234,-0.2813792629892422,0.07269443808651843,-0.8583314259555959,0.018221560997940145,-1.1602339208056751,-0.013234607461662051,-0.12524925612268234,-0.2813792629892422,0.07269443808651843,-0.8587150377660784,0.018221560997940145,-1.1602339208056751
772510.181957171,ENDPOINT HOLD,0,0,-0.012850995651179531,-0.12486564431219982,-0.2813792629892422,0.07269443808651843,-0.8587150377660784,0.018221560997940145,-1.1602339208056751,-0.013234607461662051,-0.12524925612268234,-0.2813792629892422,0.07269443808651843,-0.8587150377660784,0.018221560997940145,-1.1602339208056751
772510.202231864,ENDPOINT HOLD,0,0,-0.013234607461662051,-0.12524925612268234,-0.2813792629892422,0.07269443808651843,-0.8587150377660784,0.018221560997940145,-1.1598503089951926,-0.013234607461662051,-0.12524925612268234,-0.2813792629892422,0.07269443808651843,-0.8587150377660784,0.018221560997940145,-1.1602339208056751
772510.224103317,ENDPOINT HOLD,0,0,-0.012850995651179531,-0.12486564431219982,-0.2813792629892422,0.07269443808651843,-0.8587150377660784,0.018221560997940145,-1.1602339208056751,-0.013234607461662051,-0.12524925612268234,-0.2813792629892422,0.07269443808651843,-0.8587150377660784,0.018221560997940145,-1.1602339208056751
772510.247164681,ENDPOINT HOLD,0,0,-0.012850995651179531,-0.12486564431219982,-0.2813792629892422,0.07269443808651843,-0.8587150377660784,0.018221560997940145,-1.1598503089951926,-0.013234607461662051,-0.12524925612268234,-0.2813792629892422,0.07269443808651843,-0.8587150377660784,0.018221560997940145,-1.1602339208056751
772510.268972292,ENDPOINT HOLD,0,0,-0.012850995651179531,-0.12486564431219982,-0.2813792629892422,0.07269443808651843,-0.8587150377660784,0.018221560997940145,-1.1602339208056751,-0.013234607461662051,-0.12524925612268234,-0.2813792629892422,0.07269443808651843,-0.8587150377660784,0.018221560997940145,-1.1602339208056751
772510.289788723,ENDPOINT HOLD,0,0,-0.012850995651179531,-0.12524925612268234,-0.2809956511787579,0.07269443808651843,-0.8583314259555959,0.018221560997940145,-1.1602339208056751,-0.013234607461662051,-0.12524925612268234,-0.2813792629892422,0.07269443808651843,-0.8587150377660784,0.018221560997940145,-1.1602339208056751
772510.309952874,ENDPOINT HOLD,0,0,-0.012850995651179531,-0.12524925612268234,-0.2809956511787579,0.07269443808651843,-0.8583314259555959,0.018221560997940145,-1.1602339208056751,-0.013234607461662051,-0.12524925612268234,-0.2813792629892422,0.07269443808651843,-0.8587150377660784,0.018221560997940145,-1.1602339208056751
